session_key,file_name,subject_id,session_id,unit_id,n_trials,mean_delta_hz,permutation_p,median_delta_hz,ci95_lower_hz,ci95_upper_hz,trials_above,trials_tie,common_language_prob,fdr_q,significant_q05
sub-1_ses-2,sub-1_ses-2_ecephys+image.nwb,1,2,0,135,0.0648148148148148,0.3193680631936806,0.0,-0.1666666666666666,0.287037037037037,22,100,0.5333333333333333,1.0,False
sub-1_ses-2,sub-1_ses-2_ecephys+image.nwb,1,2,1,135,-0.324074074074074,0.962103789621038,0.0,-0.7037037037037037,0.0462962962962962,33,61,0.4703703703703704,1.0,False
sub-1_ses-2,sub-1_ses-2_ecephys+image.nwb,1,2,2,135,-0.1481481481481481,0.7656234376562344,0.0,-0.5740740740740741,0.2777777777777778,38,46,0.4518518518518518,1.0,False
sub-1_ses-2,sub-1_ses-2_ecephys+image.nwb,1,2,3,135,-1.037037037037037,0.9975002499750024,0.0,-1.7780092592592591,-0.287037037037037,51,21,0.4555555555555555,1.0,False
sub-1_ses-2,sub-1_ses-2_ecephys+image.nwb,1,2,4,135,-0.3333333333333333,0.9757024297570244,0.0,-0.6668981481481481,0.0185185185185185,31,53,0.4259259259259259,1.0,False
sub-1_ses-2,sub-1_ses-2_ecephys+image.nwb,1,2,5,135,-0.1574074074074074,0.7436256374362564,0.0,-0.6388888888888888,0.324074074074074,46,32,0.4592592592592592,1.0,False
sub-1_ses-2,sub-1_ses-2_ecephys+image.nwb,1,2,6,135,-0.0555555555555555,0.6522347765223477,0.0,-0.3888888888888889,0.2685185185185185,44,50,0.5111111111111111,1.0,False
sub-1_ses-2,sub-1_ses-2_ecephys+image.nwb,1,2,7,135,0.0185185185185185,0.4676532346765323,0.0,-0.2222222222222222,0.25,37,60,0.4962962962962963,1.0,False
sub-1_ses-2,sub-1_ses-2_ecephys+image.nwb,1,2,8,135,0.0833333333333333,0.4203579642035796,0.0,-0.6388888888888888,0.7870370370370371,63,21,0.5444444444444444,1.0,False
sub-1_ses-2,sub-1_ses-2_ecephys+image.nwb,1,2,9,135,-0.0648148148148148,0.6147385261473852,0.0,-0.5555555555555556,0.4074074074074074,48,42,0.5111111111111111,1.0,False
sub-1_ses-2,sub-1_ses-2_ecephys+image.nwb,1,2,10,135,-0.037037037037037,0.5683431656834317,0.0,-0.5925925925925926,0.5277777777777778,47,30,0.4592592592592592,1.0,False
sub-1_ses-2,sub-1_ses-2_ecephys+image.nwb,1,2,11,135,-0.1481481481481481,0.8248175182481752,0.0,-0.4907407407407407,0.1666666666666666,48,39,0.5,1.0,False
sub-1_ses-2,sub-1_ses-2_ecephys+image.nwb,1,2,12,135,-1.0,0.966103389661034,0.0,-2.0462962962962963,0.0833333333333333,56,13,0.4629629629629629,1.0,False
sub-1_ses-2,sub-1_ses-2_ecephys+image.nwb,1,2,13,135,0.0462962962962962,0.3554644535546445,0.0,-0.1481481481481481,0.2407407407407407,28,81,0.5074074074074074,1.0,False
sub-1_ses-2,sub-1_ses-2_ecephys+image.nwb,1,2,14,135,-0.1388888888888889,0.7454254574542546,0.0,-0.5833333333333334,0.3148148148148148,38,52,0.4740740740740741,1.0,False
sub-1_ses-2,sub-1_ses-2_ecephys+image.nwb,1,2,15,135,-0.2592592592592592,0.9866013398660134,0.0,-0.5,-0.0092592592592592,19,80,0.437037037037037,1.0,False
sub-1_ses-2,sub-1_ses-2_ecephys+image.nwb,1,2,16,135,-0.1203703703703703,0.6639336066393361,0.0,-0.7037037037037037,0.4814814814814814,52,26,0.4814814814814814,1.0,False
sub-1_ses-2,sub-1_ses-2_ecephys+image.nwb,1,2,17,135,-0.1203703703703703,0.7808219178082192,0.0,-0.4351851851851852,0.2129629629629629,35,58,0.4740740740740741,1.0,False
sub-1_ses-2,sub-1_ses-2_ecephys+image.nwb,1,2,18,135,0.0277777777777777,0.4717528247175283,0.0,-0.4074074074074074,0.4629629629629629,48,46,0.5259259259259259,1.0,False
sub-1_ses-2,sub-1_ses-2_ecephys+image.nwb,1,2,19,135,0.0833333333333333,0.1242875712428757,0.0,-0.0277777777777777,0.2129629629629629,17,107,0.5222222222222223,0.7125001785535733,False
sub-1_ses-2,sub-1_ses-2_ecephys+image.nwb,1,2,20,135,0.5833333333333334,0.0052994700529947,1.25,0.1481481481481481,1.0185185185185186,70,33,0.6407407407407407,0.211978802119788,False
sub-1_ses-2,sub-1_ses-2_ecephys+image.nwb,1,2,21,135,-0.037037037037037,0.6165383461653835,0.0,-0.3518518518518518,0.287037037037037,41,47,0.4777777777777778,1.0,False
sub-1_ses-2,sub-1_ses-2_ecephys+image.nwb,1,2,22,135,0.2685185185185185,0.1246875312468753,0.0,-0.1759259259259259,0.7129629629629629,47,50,0.5333333333333333,0.7125001785535733,False
sub-1_ses-2,sub-1_ses-2_ecephys+image.nwb,1,2,23,135,-0.1388888888888889,0.9747025297470252,0.0,-0.2962962962962963,0.0,6,118,0.4814814814814814,1.0,False
sub-1_ses-2,sub-1_ses-2_ecephys+image.nwb,1,2,24,135,0.3333333333333333,0.1051894810518948,0.0,-0.1851851851851851,0.8428240740740707,54,31,0.5148148148148148,0.7125001785535733,False
sub-1_ses-2,sub-1_ses-2_ecephys+image.nwb,1,2,25,135,-0.0555555555555555,0.6367363263673632,0.0,-0.4259259259259259,0.3148148148148148,45,36,0.4666666666666667,1.0,False
sub-1_ses-2,sub-1_ses-2_ecephys+image.nwb,1,2,26,135,-0.0185185185185185,0.6117388261173883,0.0,-0.2129629629629629,0.1666666666666666,21,93,0.5,1.0,False
sub-1_ses-2,sub-1_ses-2_ecephys+image.nwb,1,2,27,135,-1.9259259259259256,0.9968003199680032,-1.25,-3.2314814814814814,-0.6574074074074074,46,13,0.3888888888888889,1.0,False
sub-1_ses-2,sub-1_ses-2_ecephys+image.nwb,1,2,28,135,0.1851851851851851,0.0954904509549045,0.0,-0.074074074074074,0.4629629629629629,32,79,0.5296296296296297,0.7125001785535733,False
sub-1_ses-2,sub-1_ses-2_ecephys+image.nwb,1,2,29,135,-0.0462962962962962,0.6343365663433657,0.0,-0.3425925925925926,0.25,40,56,0.5037037037037037,1.0,False
sub-1_ses-2,sub-1_ses-2_ecephys+image.nwb,1,2,30,135,-0.4259259259259259,0.9963003699630038,0.0,-0.7314814814814815,-0.1203703703703703,28,51,0.3962962962962963,1.0,False
sub-1_ses-2,sub-1_ses-2_ecephys+image.nwb,1,2,31,135,-1.8611111111111112,0.999900009999,-1.25,-2.842824074074074,-0.9074074074074074,44,17,0.3888888888888889,1.0,False
sub-1_ses-2,sub-1_ses-2_ecephys+image.nwb,1,2,32,135,-0.3796296296296296,0.8227177282271773,0.0,-1.1851851851851851,0.4444444444444444,57,16,0.4814814814814814,1.0,False
sub-1_ses-2,sub-1_ses-2_ecephys+image.nwb,1,2,33,135,0.2685185185185185,0.2127787221277872,0.0,-0.324074074074074,0.8983796296296263,55,23,0.4925925925925926,0.9456832094568322,False
sub-1_ses-2,sub-1_ses-2_ecephys+image.nwb,1,2,34,135,0.2777777777777778,0.0650934906509349,0.0,-0.0833333333333333,0.6203703703703703,56,35,0.5444444444444444,0.7125001785535733,False
sub-1_ses-2,sub-1_ses-2_ecephys+image.nwb,1,2,35,135,-1.4537037037037035,1.0,-1.25,-2.0557870370370366,-0.8518518518518519,40,15,0.3518518518518518,1.0,False
sub-1_ses-2,sub-1_ses-2_ecephys+image.nwb,1,2,36,135,0.1296296296296296,0.1814818518148185,0.0,-0.1203703703703703,0.3796296296296296,35,69,0.5148148148148148,0.9074092590740924,False
sub-1_ses-2,sub-1_ses-2_ecephys+image.nwb,1,2,37,135,0.1018518518518518,0.2967703229677032,0.0,-0.2314814814814814,0.4444444444444444,49,38,0.5037037037037037,1.0,False
sub-1_ses-2,sub-1_ses-2_ecephys+image.nwb,1,2,38,135,-0.1666666666666666,0.8267173282671733,0.0,-0.5185185185185185,0.1944444444444444,46,35,0.4703703703703704,1.0,False
sub-1_ses-2,sub-1_ses-2_ecephys+image.nwb,1,2,39,135,0.1481481481481481,0.0606939306069393,0.0,-0.0277777777777777,0.3148148148148148,41,68,0.5555555555555556,0.7125001785535733,False
sub-2_ses-2,sub-2_ses-2_ecephys+image.nwb,2,2,0,135,0.5648148148148148,0.0005999400059994,0.0,0.2407407407407407,0.9166666666666666,47,60,0.5703703703703704,0.0185981401859814,True
sub-2_ses-2,sub-2_ses-2_ecephys+image.nwb,2,2,1,135,0.2592592592592592,0.0012998700129987,0.0,0.1018518518518518,0.4259259259259259,24,101,0.5518518518518518,0.0201479852014798,True
sub-2_ses-2,sub-2_ses-2_ecephys+image.nwb,2,2,2,135,0.0185185185185185,0.4433556644335566,0.0,-0.1018518518518518,0.1388888888888889,11,113,0.5,0.9263940272639404,False
sub-2_ses-2,sub-2_ses-2_ecephys+image.nwb,2,2,3,135,-5.148148148148148,1.0,-6.25,-6.305555555555555,-4.009027777777781,28,7,0.2333333333333333,1.0,False
sub-2_ses-2,sub-2_ses-2_ecephys+image.nwb,2,2,4,135,-0.4814814814814814,1.0,0.0,-0.7314814814814815,-0.2407407407407407,29,50,0.4,1.0,False
sub-2_ses-2,sub-2_ses-2_ecephys+image.nwb,2,2,5,135,-0.0462962962962962,0.581941805819418,0.0,-0.5740740740740741,0.4444444444444444,52,27,0.4851851851851851,1.0,False
sub-2_ses-2,sub-2_ses-2_ecephys+image.nwb,2,2,6,135,-0.2222222222222222,0.712028797120288,0.0,-1.0277777777777777,0.5740740740740741,62,14,0.5111111111111111,1.0,False
sub-2_ses-2,sub-2_ses-2_ecephys+image.nwb,2,2,7,135,-1.4351851851851851,0.9996000399960004,-1.25,-2.2685185185185186,-0.5925925925925926,47,11,0.3888888888888889,1.0,False
sub-2_ses-2,sub-2_ses-2_ecephys+image.nwb,2,2,8,135,0.6018518518518519,0.0050994900509949,0.0,0.1574074074074074,1.0648148148148149,65,30,0.5925925925925926,0.0526947305269473,False
sub-2_ses-2,sub-2_ses-2_ecephys+image.nwb,2,2,9,135,0.1018518518518518,0.2416758324167583,0.0,-0.1481481481481481,0.3518518518518518,39,61,0.5148148148148148,0.6810864368108643,False
sub-2_ses-2,sub-2_ses-2_ecephys+image.nwb,2,2,10,135,-0.1574074074074074,0.8901109889011098,0.0,-0.4166666666666667,0.1018518518518518,36,51,0.4555555555555555,1.0,False
sub-2_ses-2,sub-2_ses-2_ecephys+image.nwb,2,2,11,135,0.9444444444444444,0.0258974102589741,1.25,0.0185185185185185,1.8611111111111112,70,13,0.5666666666666667,0.2007049295070493,False
sub-2_ses-2,sub-2_ses-2_ecephys+image.nwb,2,2,12,135,0.3796296296296296,0.1987801219878012,0.0,-0.4444444444444444,1.2131944444444411,60,16,0.5037037037037037,0.6162183781621837,False
sub-2_ses-2,sub-2_ses-2_ecephys+image.nwb,2,2,13,135,0.1944444444444444,0.0754924507549245,0.0,-0.0555555555555555,0.4444444444444444,37,74,0.5481481481481482,0.3072567743225677,False
sub-2_ses-2,sub-2_ses-2_ecephys+image.nwb,2,2,14,135,-0.0555555555555555,0.7319268073192681,0.0,-0.2685185185185185,0.1574074074074074,33,67,0.4925925925925926,1.0,False
sub-2_ses-2,sub-2_ses-2_ecephys+image.nwb,2,2,15,135,-0.2129629629629629,0.942005799420058,0.0,-0.5,0.0648148148148148,43,42,0.4740740740740741,1.0,False
sub-2_ses-2,sub-2_ses-2_ecephys+image.nwb,2,2,16,135,-0.3703703703703703,0.9207079292070792,0.0,-0.8981481481481481,0.1574074074074074,53,19,0.4629629629629629,1.0,False
sub-2_ses-2,sub-2_ses-2_ecephys+image.nwb,2,2,17,135,-1.0,0.9809019098090191,-1.25,-1.953703703703704,-0.0092592592592592,53,11,0.4333333333333333,1.0,False
sub-2_ses-2,sub-2_ses-2_ecephys+image.nwb,2,2,18,135,0.3888888888888889,0.0556944305569443,0.0,-0.0833333333333333,0.8703703703703703,62,22,0.5407407407407407,0.2877545578775456,False
sub-2_ses-2,sub-2_ses-2_ecephys+image.nwb,2,2,19,135,0.25,0.0792920707929207,0.0,-0.0833333333333333,0.5833333333333334,42,54,0.5111111111111111,0.3072567743225677,False
sub-2_ses-2,sub-2_ses-2_ecephys+image.nwb,2,2,20,135,0.1111111111111111,0.2692730726927307,0.0,-0.1944444444444444,0.4351851851851852,34,63,0.4851851851851851,0.695622104456221,False
sub-2_ses-2,sub-2_ses-2_ecephys+image.nwb,2,2,21,135,0.1759259259259259,0.0397960203979602,0.0,0.0,0.3796296296296296,20,102,0.5259259259259259,0.2467353264673532,False
sub-2_ses-2,sub-2_ses-2_ecephys+image.nwb,2,2,23,135,-0.3888888888888889,0.9592040795920408,0.0,-0.8333333333333334,0.037037037037037,48,29,0.4629629629629629,1.0,False
sub-2_ses-2,sub-2_ses-2_ecephys+image.nwb,2,2,24,135,-0.1666666666666666,0.9888011198880112,0.0,-0.3333333333333333,-0.0185185185185185,15,94,0.4592592592592592,1.0,False
sub-2_ses-2,sub-2_ses-2_ecephys+image.nwb,2,2,25,135,0.0277777777777777,0.4482551744825517,0.0,-0.25,0.3148148148148148,30,77,0.5074074074074074,0.9263940272639404,False
sub-2_ses-2,sub-2_ses-2_ecephys+image.nwb,2,2,26,135,-0.1203703703703703,0.9517048295170484,0.0,-0.2685185185185185,0.037037037037037,29,64,0.4518518518518518,1.0,False
sub-2_ses-2,sub-2_ses-2_ecephys+image.nwb,2,2,27,135,-0.1018518518518518,0.7345265473452655,0.0,-0.4537037037037037,0.2592592592592592,47,44,0.5111111111111111,1.0,False
sub-2_ses-2,sub-2_ses-2_ecephys+image.nwb,2,2,28,135,0.1111111111111111,0.3722627737226277,0.0,-0.4722222222222222,0.7407407407407407,62,20,0.5333333333333333,0.8877035373385738,False
sub-2_ses-2,sub-2_ses-2_ecephys+image.nwb,2,2,29,135,-0.3425925925925926,0.946905309469053,0.0,-0.7685185185185185,0.0833333333333333,45,34,0.4592592592592592,1.0,False
sub-2_ses-2,sub-2_ses-2_ecephys+image.nwb,2,2,30,135,0.1481481481481481,0.1674832516748325,0.0,-0.1296296296296296,0.4168981481481448,40,64,0.5333333333333333,0.5768867557688675,False
sub-2_ses-2,sub-2_ses-2_ecephys+image.nwb,2,2,31,135,-0.1666666666666666,0.7385261473852615,0.0,-0.7037037037037037,0.3703703703703703,52,29,0.4925925925925926,1.0,False
sub-3_ses-2,sub-3_ses-2_ecephys+image.nwb,3,2,0,135,-1.1203703703703705,1.0,-1.25,-1.6113425925925926,-0.6203703703703703,37,23,0.3592592592592593,1.0,False
sub-3_ses-2,sub-3_ses-2_ecephys+image.nwb,3,2,1,135,0.1203703703703703,0.1117888211178882,0.0,-0.0648148148148148,0.2962962962962963,30,86,0.5407407407407407,0.313008699130087,False
sub-3_ses-2,sub-3_ses-2_ecephys+image.nwb,3,2,2,135,-0.2592592592592592,0.9993000699930008,0.0,-0.4351851851851852,-0.1018518518518518,10,98,0.437037037037037,1.0,False
sub-3_ses-2,sub-3_ses-2_ecephys+image.nwb,3,2,3,135,0.5185185185185185,9.999000099990002e-05,0.0,0.2685185185185185,0.7777777777777778,53,64,0.6296296296296297,0.0027997200279972,True
sub-3_ses-2,sub-3_ses-2_ecephys+image.nwb,3,2,4,135,0.0462962962962962,0.3106689331066893,0.0,-0.0925925925925925,0.1944444444444444,18,98,0.4962962962962963,0.6691330866913308,False
sub-3_ses-2,sub-3_ses-2_ecephys+image.nwb,3,2,5,135,0.4351851851851852,0.0007999200079992,0.0,0.1851851851851851,0.6851851851851852,52,61,0.6111111111111112,0.0074659200746592,True
sub-3_ses-2,sub-3_ses-2_ecephys+image.nwb,3,2,6,135,0.4351851851851852,0.0032996700329967,0.0,0.1388888888888889,0.75,49,62,0.5925925925925926,0.0230976902309769,True
sub-3_ses-2,sub-3_ses-2_ecephys+image.nwb,3,2,7,135,0.0925925925925925,0.3517648235176482,0.0,-0.3425925925925926,0.5185185185185185,57,33,0.5444444444444444,0.7035296470352965,False
sub-3_ses-2,sub-3_ses-2_ecephys+image.nwb,3,2,8,135,0.3148148148148148,0.0181981801819818,0.0,0.037037037037037,0.5925925925925926,50,54,0.5703703703703704,0.0636936306369363,False
sub-3_ses-2,sub-3_ses-2_ecephys+image.nwb,3,2,9,135,-0.6388888888888888,0.9967003299670032,-1.25,-1.1111111111111112,-0.1944444444444444,40,24,0.3851851851851852,1.0,False
sub-3_ses-2,sub-3_ses-2_ecephys+image.nwb,3,2,10,135,-2.4722222222222223,1.0,-2.5,-3.7222222222222223,-1.3145833333333368,46,10,0.3777777777777777,1.0,False
sub-3_ses-2,sub-3_ses-2_ecephys+image.nwb,3,2,11,135,-0.1296296296296296,0.8114188581141886,0.0,-0.4537037037037037,0.1759259259259259,42,50,0.4962962962962963,1.0,False
sub-3_ses-2,sub-3_ses-2_ecephys+image.nwb,3,2,12,135,-1.5277777777777777,1.0,-1.25,-2.333333333333333,-0.7685185185185185,35,19,0.3296296296296296,1.0,False
sub-3_ses-2,sub-3_ses-2_ecephys+image.nwb,3,2,13,135,-0.8240740740740741,1.0,0.0,-1.3148148148148149,-0.4166666666666667,22,53,0.3592592592592593,1.0,False
sub-3_ses-2,sub-3_ses-2_ecephys+image.nwb,3,2,14,135,0.3981481481481481,0.2063793620637936,0.0,-0.5092592592592593,1.2962962962962965,62,14,0.5111111111111111,0.4815518448155185,False
sub-3_ses-2,sub-3_ses-2_ecephys+image.nwb,3,2,15,135,-0.4074074074074074,0.8780121987801219,0.0,-1.1020833333333333,0.287037037037037,57,16,0.4814814814814814,1.0,False
sub-3_ses-2,sub-3_ses-2_ecephys+image.nwb,3,2,16,135,-0.0277777777777777,0.5711428857114289,0.0,-0.4444444444444444,0.3888888888888889,46,38,0.4814814814814814,1.0,False
sub-3_ses-2,sub-3_ses-2_ecephys+image.nwb,3,2,17,135,1.287037037037037,0.0002999700029997,1.25,0.5462962962962963,2.000231481481478,78,13,0.6259259259259259,0.0041995800419958,True
sub-3_ses-2,sub-3_ses-2_ecephys+image.nwb,3,2,18,135,-1.25,1.0,-1.25,-1.9166666666666667,-0.6388888888888888,42,18,0.3777777777777777,1.0,False
sub-3_ses-2,sub-3_ses-2_ecephys+image.nwb,3,2,19,135,-1.4814814814814814,1.0,-1.25,-2.3703703703703702,-0.6849537037037071,41,22,0.3851851851851852,1.0,False
sub-3_ses-2,sub-3_ses-2_ecephys+image.nwb,3,2,20,135,-0.3148148148148148,0.96000399960004,0.0,-0.6851851851851852,0.0462962962962962,45,37,0.4703703703703704,1.0,False
sub-3_ses-2,sub-3_ses-2_ecephys+image.nwb,3,2,21,135,-0.5555555555555556,1.0,0.0,-0.7962962962962963,-0.324074074074074,19,64,0.3777777777777777,1.0,False
sub-3_ses-2,sub-3_ses-2_ecephys+image.nwb,3,2,22,135,2.055555555555556,0.0052994700529947,2.5,0.5277777777777778,3.5462962962962963,82,9,0.6407407407407407,0.0295970402959704,True
sub-3_ses-2,sub-3_ses-2_ecephys+image.nwb,3,2,23,135,0.2962962962962963,0.006999300069993,0.0,0.074074074074074,0.5370370370370371,35,75,0.5370370370370371,0.0295970402959704,True
sub-3_ses-2,sub-3_ses-2_ecephys+image.nwb,3,2,24,135,-0.3518518518518518,0.91990800919908,0.0,-0.8703703703703703,0.1388888888888889,53,26,0.4888888888888889,1.0,False
sub-3_ses-2,sub-3_ses-2_ecephys+image.nwb,3,2,25,135,0.3148148148148148,0.1403859614038596,0.0,-0.1759259259259259,0.8613425925925893,38,67,0.5296296296296297,0.3573460835734608,False
sub-3_ses-2,sub-3_ses-2_ecephys+image.nwb,3,2,26,135,0.6388888888888888,0.0717928207179282,0.0,-0.2222222222222222,1.5,60,19,0.5148148148148148,0.2233554422335544,False
sub-3_ses-2,sub-3_ses-2_ecephys+image.nwb,3,2,27,135,1.1296296296296295,0.0073992600739926,1.25,0.25,1.9907407407407407,75,15,0.6111111111111112,0.0295970402959704,True
sub-4_ses-2,sub-4_ses-2_ecephys+image.nwb,4,2,0,135,-0.2222222222222222,0.9856014398560144,0.0,-0.4351851851851852,-0.0092592592592592,32,62,0.4666666666666667,1.0,False
sub-4_ses-2,sub-4_ses-2_ecephys+image.nwb,4,2,1,135,1.3796296296296295,0.0014998500149985,1.25,0.5092592592592593,2.287037037037037,74,12,0.5925925925925926,0.0227977202279772,True
sub-4_ses-2,sub-4_ses-2_ecephys+image.nwb,4,2,2,135,0.1481481481481481,0.3711628837116288,0.0,-0.6666666666666666,0.9907407407407408,66,14,0.5407407407407407,0.9175469549819212,False
sub-4_ses-2,sub-4_ses-2_ecephys+image.nwb,4,2,3,135,0.8148148148148148,0.0094990500949905,1.25,0.1574074074074074,1.4722222222222223,73,14,0.5925925925925926,0.1092390760923907,False
sub-4_ses-2,sub-4_ses-2_ecephys+image.nwb,4,2,4,135,-0.1111111111111111,0.6137386261373863,0.0,-0.9537037037037036,0.7129629629629629,63,19,0.5370370370370371,1.0,False
sub-4_ses-2,sub-4_ses-2_ecephys+image.nwb,4,2,5,135,0.6018518518518519,0.0808919108089191,0.0,-0.2314814814814814,1.4351851851851851,64,19,0.5444444444444444,0.4729065554982963,False
sub-4_ses-2,sub-4_ses-2_ecephys+image.nwb,4,2,6,135,-0.4259259259259259,0.8289171082891711,0.0,-1.3425925925925926,0.4814814814814814,58,13,0.4777777777777778,1.0,False
sub-4_ses-2,sub-4_ses-2_ecephys+image.nwb,4,2,7,135,0.4629629629629629,0.1570842915708429,0.0,-0.4166666666666667,1.351851851851852,64,15,0.5296296296296297,0.5668342256683422,False
sub-4_ses-2,sub-4_ses-2_ecephys+image.nwb,4,2,8,135,-0.5740740740740741,1.0,0.0,-0.8703703703703703,-0.2777777777777778,26,50,0.3777777777777777,1.0,False
sub-4_ses-2,sub-4_ses-2_ecephys+image.nwb,4,2,9,135,-0.3055555555555556,0.995000499950005,0.0,-0.5462962962962963,-0.074074074074074,23,63,0.4037037037037037,1.0,False
sub-4_ses-2,sub-4_ses-2_ecephys+image.nwb,4,2,10,135,-0.0462962962962962,0.7197280271972802,0.0,-0.2314814814814814,0.1388888888888889,24,86,0.4962962962962963,1.0,False
sub-4_ses-2,sub-4_ses-2_ecephys+image.nwb,4,2,11,135,-0.2129629629629629,0.8337166283371663,0.0,-0.6759259259259259,0.2407407407407407,50,27,0.4703703703703704,1.0,False
sub-4_ses-2,sub-4_ses-2_ecephys+image.nwb,4,2,12,135,-0.2037037037037037,0.7176282371762823,0.0,-0.9444444444444444,0.5462962962962963,56,19,0.4851851851851851,1.0,False
sub-4_ses-2,sub-4_ses-2_ecephys+image.nwb,4,2,13,135,-0.4722222222222222,0.9976002399760024,0.0,-0.7962962962962963,-0.1756944444444478,37,47,0.4481481481481481,1.0,False
sub-4_ses-2,sub-4_ses-2_ecephys+image.nwb,4,2,14,135,0.0925925925925925,0.2658734126587341,0.0,-0.1759259259259259,0.3425925925925926,48,48,0.5333333333333333,0.8082551744825518,False
sub-4_ses-2,sub-4_ses-2_ecephys+image.nwb,4,2,15,135,-0.2222222222222222,0.9963003699630038,0.0,-0.3981481481481481,-0.0462962962962962,15,87,0.4333333333333333,1.0,False
sub-4_ses-2,sub-4_ses-2_ecephys+image.nwb,4,2,16,135,-0.5,0.9103089691030896,0.0,-1.2314814814814814,0.25,54,18,0.4666666666666667,1.0,False
sub-4_ses-2,sub-4_ses-2_ecephys+image.nwb,4,2,17,135,-0.1203703703703703,0.8152184781521847,0.0,-0.4166666666666667,0.1574074074074074,34,63,0.4851851851851851,1.0,False
sub-4_ses-2,sub-4_ses-2_ecephys+image.nwb,4,2,18,135,-0.2314814814814814,0.9703029697030296,0.0,-0.4814814814814814,0.0092592592592592,35,60,0.4814814814814814,1.0,False
sub-4_ses-2,sub-4_ses-2_ecephys+image.nwb,4,2,19,135,-0.0185185185185185,0.6248375162483751,0.0,-0.1944444444444444,0.1574074074074074,23,87,0.4925925925925926,1.0,False
sub-4_ses-2,sub-4_ses-2_ecephys+image.nwb,4,2,20,135,-0.324074074074074,0.9987001299870012,0.0,-0.5462962962962963,-0.1203703703703703,12,88,0.4148148148148148,1.0,False
sub-4_ses-2,sub-4_ses-2_ecephys+image.nwb,4,2,21,135,-0.5,1.0,0.0,-0.75,-0.2682870370370404,25,58,0.4,1.0,False
sub-4_ses-2,sub-4_ses-2_ecephys+image.nwb,4,2,22,135,-0.1759259259259259,0.926107389261074,0.0,-0.4261574074074073,0.0555555555555555,24,77,0.4629629629629629,1.0,False
sub-4_ses-2,sub-4_ses-2_ecephys+image.nwb,4,2,23,135,0.0462962962962962,0.3742625737426257,0.0,-0.1851851851851851,0.2777777777777778,34,75,0.5296296296296297,0.9175469549819212,False
sub-4_ses-2,sub-4_ses-2_ecephys+image.nwb,4,2,24,135,-0.0555555555555555,0.7505249475052495,0.0,-0.25,0.1203703703703703,18,100,0.5037037037037037,1.0,False
sub-4_ses-2,sub-4_ses-2_ecephys+image.nwb,4,2,25,135,0.0462962962962962,0.3310668933106689,0.0,-0.1203703703703703,0.2129629629629629,26,88,0.5185185185185185,0.8909453882197987,False
sub-4_ses-2,sub-4_ses-2_ecephys+image.nwb,4,2,26,135,0.1666666666666666,0.1426857314268573,0.0,-0.1111111111111111,0.4539351851851818,44,53,0.5222222222222223,0.5668342256683422,False
sub-4_ses-2,sub-4_ses-2_ecephys+image.nwb,4,2,27,135,-0.1759259259259259,0.8799120087991201,0.0,-0.4907407407407407,0.1111111111111111,33,60,0.4666666666666667,1.0,False
sub-4_ses-2,sub-4_ses-2_ecephys+image.nwb,4,2,28,135,-0.3425925925925926,0.984001599840016,0.0,-0.6574074074074074,-0.0185185185185185,32,42,0.3925925925925926,1.0,False
sub-4_ses-2,sub-4_ses-2_ecephys+image.nwb,4,2,29,135,0.1759259259259259,0.1322867713228677,0.0,-0.1111111111111111,0.4629629629629629,52,40,0.5333333333333333,0.5668342256683422,False
sub-4_ses-2,sub-4_ses-2_ecephys+image.nwb,4,2,30,135,-0.2129629629629629,0.9198080191980802,0.0,-0.5277777777777778,0.0833333333333333,41,42,0.4592592592592592,1.0,False
sub-4_ses-2,sub-4_ses-2_ecephys+image.nwb,4,2,31,135,0.0833333333333333,0.1928807119288071,0.0,-0.0833333333333333,0.2592592592592592,29,83,0.5222222222222223,0.6107889211078893,False
sub-4_ses-2,sub-4_ses-2_ecephys+image.nwb,4,2,32,135,-3.5185185185185186,0.9978002199780022,-2.5,-5.842824074074074,-1.1851851851851851,54,10,0.437037037037037,1.0,False
sub-4_ses-2,sub-4_ses-2_ecephys+image.nwb,4,2,33,135,-0.2222222222222222,0.9954004599540046,0.0,-0.3981481481481481,-0.0462962962962962,15,89,0.4407407407407407,1.0,False
sub-4_ses-2,sub-4_ses-2_ecephys+image.nwb,4,2,34,135,0.074074074074074,0.2897710228977102,0.0,-0.1574074074074074,0.3148148148148148,38,65,0.5222222222222223,0.8470229900086914,False
sub-4_ses-2,sub-4_ses-2_ecephys+image.nwb,4,2,35,135,-0.0648148148148148,0.8234176582341766,0.0,-0.2222222222222222,0.0925925925925925,17,93,0.4703703703703704,1.0,False
sub-4_ses-2,sub-4_ses-2_ecephys+image.nwb,4,2,36,135,-0.0092592592592592,0.5617438256174383,0.0,-0.2592592592592592,0.2314814814814814,38,60,0.5037037037037037,1.0,False
sub-4_ses-2,sub-4_ses-2_ecephys+image.nwb,4,2,37,135,0.4814814814814814,0.0426957304269573,0.0,-0.0555555555555555,1.0185185185185186,63,20,0.5407407407407407,0.3244875512448755,False
sub-4_ses-2,sub-4_ses-2_ecephys+image.nwb,4,2,38,135,0.2037037037037037,0.3243675632436756,0.0,-0.6574074074074074,1.037037037037037,63,10,0.5037037037037037,0.8909453882197987,False
sub-4_ses-2,sub-4_ses-2_ecephys+image.nwb,4,2,39,135,-0.7222222222222222,1.0,0.0,-1.0092592592592593,-0.4351851851851852,19,49,0.3222222222222222,1.0,False
sub-4_ses-2,sub-4_ses-2_ecephys+image.nwb,4,2,40,135,0.0185185185185185,0.4788521147885211,0.0,-0.2777777777777778,0.3148148148148148,51,37,0.5148148148148148,1.0,False
sub-4_ses-2,sub-4_ses-2_ecephys+image.nwb,4,2,41,135,-0.3611111111111111,0.8464153584641536,0.0,-1.0740740740740742,0.3518518518518518,57,11,0.4629629629629629,1.0,False
sub-4_ses-2,sub-4_ses-2_ecephys+image.nwb,4,2,42,135,0.1851851851851851,0.1405859414058594,0.0,-0.1203703703703703,0.5092592592592593,52,43,0.5444444444444444,0.5668342256683422,False
sub-4_ses-2,sub-4_ses-2_ecephys+image.nwb,4,2,43,135,-0.3425925925925926,0.9058094190580942,0.0,-0.8518518518518519,0.1666666666666666,47,22,0.4296296296296296,1.0,False
sub-4_ses-2,sub-4_ses-2_ecephys+image.nwb,4,2,44,135,0.2037037037037037,0.0803919608039196,0.0,-0.074074074074074,0.4814814814814814,48,55,0.5592592592592592,0.4729065554982963,False
sub-4_ses-2,sub-4_ses-2_ecephys+image.nwb,4,2,45,135,0.1296296296296296,0.33996600339966,0.0,-0.4722222222222222,0.7314814814814815,64,11,0.5148148148148148,0.8909453882197987,False
sub-4_ses-2,sub-4_ses-2_ecephys+image.nwb,4,2,46,135,-0.5462962962962963,0.9846015398460154,0.0,-1.037037037037037,-0.0462962962962962,43,25,0.4111111111111111,1.0,False
sub-4_ses-2,sub-4_ses-2_ecephys+image.nwb,4,2,47,135,-0.2777777777777778,0.9598040195980402,0.0,-0.6018518518518519,0.037037037037037,43,37,0.4555555555555555,1.0,False
sub-4_ses-2,sub-4_ses-2_ecephys+image.nwb,4,2,48,135,-1.2037037037037035,0.9996000399960004,-1.25,-1.898148148148148,-0.4722222222222222,38,16,0.3407407407407407,1.0,False
sub-4_ses-2,sub-4_ses-2_ecephys+image.nwb,4,2,49,135,-0.5370370370370371,0.9934006599340066,0.0,-0.9629629629629628,-0.1111111111111111,44,27,0.4259259259259259,1.0,False
sub-4_ses-2,sub-4_ses-2_ecephys+image.nwb,4,2,50,135,0.1851851851851851,0.1640835916408359,0.0,-0.1574074074074074,0.5277777777777778,50,38,0.5111111111111111,0.5668342256683422,False
sub-4_ses-2,sub-4_ses-2_ecephys+image.nwb,4,2,51,135,-0.2777777777777778,0.9274072592740726,0.0,-0.6574074074074074,0.1018518518518518,42,33,0.4333333333333333,1.0,False
sub-4_ses-2,sub-4_ses-2_ecephys+image.nwb,4,2,52,135,2.435185185185185,9.999000099990002e-05,1.25,1.5,3.361111111111111,79,17,0.6481481481481481,0.0037996200379962,True
sub-4_ses-2,sub-4_ses-2_ecephys+image.nwb,4,2,53,135,0.4537037037037037,0.0004999500049995,0.0,0.2037037037037037,0.7037037037037037,51,57,0.5888888888888889,0.0094990500949905,True
sub-4_ses-2,sub-4_ses-2_ecephys+image.nwb,4,2,54,135,0.3981481481481481,0.0274972502749725,0.0,0.0,0.7962962962962963,61,34,0.5777777777777777,0.23219900232199,False
sub-4_ses-2,sub-4_ses-2_ecephys+image.nwb,4,2,55,135,0.4351851851851852,0.0107989201079892,0.0,0.074074074074074,0.7962962962962963,60,32,0.562962962962963,0.1092390760923907,False
sub-4_ses-2,sub-4_ses-2_ecephys+image.nwb,4,2,56,135,-0.2685185185185185,0.999000099990001,0.0,-0.4444444444444444,-0.0925925925925925,15,81,0.4111111111111111,1.0,False
sub-4_ses-2,sub-4_ses-2_ecephys+image.nwb,4,2,57,135,5.472222222222222,9.999000099990002e-05,5.0,4.175925925925926,6.768749999999996,98,8,0.7555555555555555,0.0037996200379962,True
sub-4_ses-2,sub-4_ses-2_ecephys+image.nwb,4,2,58,135,0.1203703703703703,0.05999400059994,0.0,-0.0185185185185185,0.2592592592592592,18,108,0.5333333333333333,0.41450400414504,False
sub-4_ses-2,sub-4_ses-2_ecephys+image.nwb,4,2,59,135,0.1111111111111111,0.190980901909809,0.0,-0.1203703703703703,0.3425925925925926,41,63,0.5370370370370371,0.6107889211078893,False
sub-4_ses-2,sub-4_ses-2_ecephys+image.nwb,4,2,60,135,-0.0555555555555555,0.7047295270472953,0.0,-0.2962962962962963,0.1851851851851851,22,86,0.4814814814814814,1.0,False
sub-4_ses-2,sub-4_ses-2_ecephys+image.nwb,4,2,61,135,-0.2592592592592592,0.8809119088091191,0.0,-0.7129629629629629,0.1759259259259259,51,25,0.4703703703703704,1.0,False
sub-4_ses-2,sub-4_ses-2_ecephys+image.nwb,4,2,62,135,0.3055555555555556,0.1560843915608439,0.0,-0.25,0.8798611111111078,64,20,0.5481481481481482,0.5668342256683422,False
sub-4_ses-2,sub-4_ses-2_ecephys+image.nwb,4,2,63,135,1.0462962962962965,0.0114988501149885,1.25,0.1851851851851851,1.962962962962963,70,13,0.5666666666666667,0.1092390760923907,False
sub-4_ses-2,sub-4_ses-2_ecephys+image.nwb,4,2,64,135,0.5555555555555556,0.0003999600039996,0.0,0.25,0.8518518518518519,66,34,0.6148148148148148,0.0094990500949905,True
sub-4_ses-2,sub-4_ses-2_ecephys+image.nwb,4,2,65,135,-0.4351851851851852,0.9665033496650336,0.0,-0.8888888888888888,0.037037037037037,43,26,0.4148148148148148,1.0,False
sub-4_ses-2,sub-4_ses-2_ecephys+image.nwb,4,2,66,135,-0.4814814814814814,0.964003599640036,0.0,-1.0,0.0462962962962962,44,26,0.4222222222222222,1.0,False
sub-4_ses-2,sub-4_ses-2_ecephys+image.nwb,4,2,67,135,-0.2777777777777778,0.9812018798120188,0.0,-0.5648148148148148,-0.0092592592592592,24,72,0.4444444444444444,1.0,False
sub-4_ses-2,sub-4_ses-2_ecephys+image.nwb,4,2,68,135,-0.2685185185185185,0.9432056794320568,0.0,-0.6018518518518519,0.0743055555555521,31,56,0.437037037037037,1.0,False
sub-4_ses-2,sub-4_ses-2_ecephys+image.nwb,4,2,69,135,0.1944444444444444,0.1215878412158784,0.0,-0.1111111111111111,0.5092592592592593,31,79,0.5222222222222223,0.5668342256683422,False
sub-4_ses-2,sub-4_ses-2_ecephys+image.nwb,4,2,70,135,0.25,0.1193880611938806,0.0,-0.1388888888888889,0.6296296296296297,48,48,0.5333333333333333,0.5668342256683422,False
sub-4_ses-2,sub-4_ses-2_ecephys+image.nwb,4,2,71,135,0.1018518518518518,0.4193580641935806,0.0,-0.7129629629629629,0.9444444444444444,51,30,0.4888888888888889,0.995975402459754,False
sub-4_ses-2,sub-4_ses-2_ecephys+image.nwb,4,2,72,135,0.1018518518518518,0.160983901609839,0.0,-0.0833333333333333,0.287037037037037,19,105,0.5296296296296297,0.5668342256683422,False
sub-4_ses-2,sub-4_ses-2_ecephys+image.nwb,4,2,73,135,0.037037037037037,0.444955504449555,0.0,-0.3333333333333333,0.4074074074074074,47,47,0.5222222222222223,1.0,False
sub-4_ses-2,sub-4_ses-2_ecephys+image.nwb,4,2,74,135,-0.1018518518518518,0.6383361663833617,0.0,-0.7222222222222222,0.5185185185185185,55,23,0.4925925925925926,1.0,False
sub-4_ses-2,sub-4_ses-2_ecephys+image.nwb,4,2,75,135,-0.0462962962962962,0.6456354364563544,0.0,-0.324074074074074,0.2222222222222222,41,61,0.5296296296296297,1.0,False
sub-5_ses-2,sub-5_ses-2_ecephys+image.nwb,5,2,0,135,0.1388888888888889,0.3505649435056494,0.0,-0.5185185185185185,0.7962962962962963,59,18,0.5037037037037037,0.7303436323034364,False
sub-5_ses-2,sub-5_ses-2_ecephys+image.nwb,5,2,1,135,-1.1851851851851851,1.0,-1.25,-1.7407407407407407,-0.6481481481481481,43,20,0.3925925925925926,1.0,False
sub-5_ses-2,sub-5_ses-2_ecephys+image.nwb,5,2,2,135,0.5555555555555556,0.0004999500049995,0.0,0.2592592592592592,0.85208333333333,53,53,0.5888888888888889,0.024997500249975,True
sub-5_ses-2,sub-5_ses-2_ecephys+image.nwb,5,2,3,135,-0.8333333333333334,0.9868013198680132,0.0,-1.592824074074074,-0.0925925925925925,45,27,0.4333333333333333,1.0,False
sub-5_ses-2,sub-5_ses-2_ecephys+image.nwb,5,2,4,135,-2.2222222222222223,1.0,-2.5,-3.074074074074074,-1.3611111111111112,42,12,0.3555555555555555,1.0,False
sub-5_ses-2,sub-5_ses-2_ecephys+image.nwb,5,2,5,135,0.1111111111111111,0.2711728827117288,0.0,-0.2037037037037037,0.426157407407404,44,51,0.5148148148148148,0.7004061498612044,False
sub-5_ses-2,sub-5_ses-2_ecephys+image.nwb,5,2,6,135,-0.0555555555555555,0.683031696830317,0.0,-0.324074074074074,0.2129629629629629,36,55,0.4703703703703704,1.0,False
sub-5_ses-2,sub-5_ses-2_ecephys+image.nwb,5,2,7,135,0.1388888888888889,0.2931706829317068,0.0,-0.3425925925925926,0.6111111111111112,53,35,0.5222222222222223,0.7004061498612044,False
sub-5_ses-2,sub-5_ses-2_ecephys+image.nwb,5,2,8,135,-0.6388888888888888,0.9823017698230176,0.0,-1.2314814814814814,-0.0555555555555555,48,25,0.4481481481481481,1.0,False
sub-5_ses-2,sub-5_ses-2_ecephys+image.nwb,5,2,9,135,-1.4537037037037035,0.999900009999,-1.25,-2.203703703703704,-0.7127314814814848,43,14,0.3703703703703703,1.0,False
sub-5_ses-2,sub-5_ses-2_ecephys+image.nwb,5,2,10,135,0.0185185185185185,0.4942505749425057,0.0,-0.4166666666666667,0.4444444444444444,54,25,0.4925925925925926,0.950481874889434,False
sub-5_ses-2,sub-5_ses-2_ecephys+image.nwb,5,2,11,135,-1.1203703703703705,0.9996000399960004,-1.25,-1.7037037037037035,-0.5277777777777778,42,19,0.3814814814814815,1.0,False
sub-5_ses-2,sub-5_ses-2_ecephys+image.nwb,5,2,12,135,0.0462962962962962,0.4058594140585941,0.0,-0.25,0.3333333333333333,52,37,0.5222222222222223,0.8117188281171883,False
sub-5_ses-2,sub-5_ses-2_ecephys+image.nwb,5,2,13,135,-1.351851851851852,0.9998000199980002,-1.25,-2.0277777777777777,-0.6574074074074074,43,14,0.3703703703703703,1.0,False
sub-5_ses-2,sub-5_ses-2_ecephys+image.nwb,5,2,14,135,-0.0648148148148148,0.7608239176082392,0.0,-0.2777777777777778,0.1481481481481481,26,79,0.4851851851851851,1.0,False
sub-5_ses-2,sub-5_ses-2_ecephys+image.nwb,5,2,15,135,-1.0277777777777777,1.0,0.0,-1.4814814814814814,-0.5833333333333334,38,31,0.3962962962962963,1.0,False
sub-5_ses-2,sub-5_ses-2_ecephys+image.nwb,5,2,16,135,-0.1388888888888889,0.8388161183881612,0.0,-0.4444444444444444,0.1481481481481481,38,52,0.4740740740740741,1.0,False
sub-5_ses-2,sub-5_ses-2_ecephys+image.nwb,5,2,17,135,-0.4722222222222222,0.9748025197480252,0.0,-0.9537037037037036,0.0092592592592592,52,20,0.4592592592592592,1.0,False
sub-5_ses-2,sub-5_ses-2_ecephys+image.nwb,5,2,18,135,0.1203703703703703,0.3273672632736726,0.0,-0.3796296296296296,0.6206018518518485,56,21,0.4925925925925926,0.7303436323034364,False
sub-5_ses-2,sub-5_ses-2_ecephys+image.nwb,5,2,19,135,-0.7129629629629629,0.9975002499750024,0.0,-1.2037037037037035,-0.25,43,26,0.4148148148148148,1.0,False
sub-5_ses-2,sub-5_ses-2_ecephys+image.nwb,5,2,20,135,0.7037037037037037,0.0375962403759624,0.0,-0.0462962962962962,1.462962962962963,64,17,0.5370370370370371,0.31330200313302,False
sub-5_ses-2,sub-5_ses-2_ecephys+image.nwb,5,2,21,135,0.1111111111111111,0.0502949705029497,0.0,-0.0092592592592592,0.2407407407407407,18,107,0.5296296296296297,0.3592497893067836,False
sub-5_ses-2,sub-5_ses-2_ecephys+image.nwb,5,2,22,135,0.1018518518518518,0.2181781821817818,0.0,-0.1296296296296296,0.3333333333333333,38,68,0.5333333333333333,0.7004061498612044,False
sub-5_ses-2,sub-5_ses-2_ecephys+image.nwb,5,2,23,135,-0.0648148148148148,0.851014898510149,0.0,-0.2037037037037037,0.0648148148148148,17,98,0.4888888888888889,1.0,False
sub-5_ses-2,sub-5_ses-2_ecephys+image.nwb,5,2,24,135,-0.2592592592592592,0.6835316468353164,0.0,-1.4166666666666667,0.9446759259259224,59,9,0.4703703703703704,1.0,False
sub-5_ses-2,sub-5_ses-2_ecephys+image.nwb,5,2,25,135,0.324074074074074,0.0010998900109989,0.0,0.1296296296296296,0.5185185185185185,45,69,0.5888888888888889,0.0274972502749725,True
sub-5_ses-2,sub-5_ses-2_ecephys+image.nwb,5,2,26,135,-0.1944444444444444,0.7777222277772223,0.0,-0.7037037037037037,0.3148148148148148,51,20,0.4518518518518518,1.0,False
sub-5_ses-2,sub-5_ses-2_ecephys+image.nwb,5,2,27,135,-1.0648148148148149,0.9984001599840016,-1.25,-1.75,-0.3425925925925926,34,24,0.3407407407407407,1.0,False
sub-5_ses-2,sub-5_ses-2_ecephys+image.nwb,5,2,28,135,0.0925925925925925,0.3431656834316568,0.0,-0.324074074074074,0.5,58,31,0.5444444444444444,0.7303436323034364,False
sub-5_ses-2,sub-5_ses-2_ecephys+image.nwb,5,2,29,135,0.2222222222222222,0.0055994400559944,0.0,0.0555555555555555,0.3796296296296296,39,80,0.5851851851851851,0.09332400093324,False
sub-5_ses-2,sub-5_ses-2_ecephys+image.nwb,5,2,30,135,-0.1018518518518518,0.7399260073992601,0.0,-0.4351851851851852,0.25,38,42,0.437037037037037,1.0,False
sub-5_ses-2,sub-5_ses-2_ecephys+image.nwb,5,2,31,135,0.2685185185185185,0.0166983301669833,0.0,0.0277777777777777,0.5,47,54,0.5481481481481482,0.166983301669833,False
sub-5_ses-2,sub-5_ses-2_ecephys+image.nwb,5,2,32,135,0.2685185185185185,0.0704929507049295,0.0,-0.074074074074074,0.6203703703703703,58,35,0.5592592592592592,0.391627503916275,False
sub-5_ses-2,sub-5_ses-2_ecephys+image.nwb,5,2,33,135,0.1944444444444444,0.1173882611738826,0.0,-0.1018518518518518,0.5,54,38,0.5407407407407407,0.4891177548911775,False
sub-5_ses-2,sub-5_ses-2_ecephys+image.nwb,5,2,34,135,0.1203703703703703,0.2941705829417058,0.0,-0.2777777777777778,0.5185185185185185,57,33,0.5444444444444444,0.7004061498612044,False
sub-5_ses-2,sub-5_ses-2_ecephys+image.nwb,5,2,35,135,0.7407407407407407,0.0100989901009899,1.25,0.1296296296296296,1.3888888888888888,72,20,0.6074074074074074,0.1262373762623737,False
sub-5_ses-2,sub-5_ses-2_ecephys+image.nwb,5,2,36,135,-0.0185185185185185,0.5718428157184282,0.0,-0.324074074074074,0.287037037037037,47,35,0.4777777777777778,1.0,False
sub-5_ses-2,sub-5_ses-2_ecephys+image.nwb,5,2,37,135,0.0925925925925925,0.2533746625337466,0.0,-0.1481481481481481,0.324074074074074,26,90,0.5259259259259259,0.7004061498612044,False
sub-5_ses-2,sub-5_ses-2_ecephys+image.nwb,5,2,38,135,-0.8703703703703703,0.9951004899510048,-1.25,-1.5,-0.2314814814814814,41,21,0.3814814814814815,1.0,False
sub-5_ses-2,sub-5_ses-2_ecephys+image.nwb,5,2,39,135,-0.0925925925925925,0.6587341265873413,0.0,-0.5555555555555556,0.3706018518518484,56,33,0.5370370370370371,1.0,False
sub-5_ses-2,sub-5_ses-2_ecephys+image.nwb,5,2,40,135,-0.0277777777777777,0.678032196780322,0.0,-0.1851851851851851,0.1296296296296296,17,100,0.4962962962962963,1.0,False
sub-5_ses-2,sub-5_ses-2_ecephys+image.nwb,5,2,41,135,0.2685185185185185,0.1007899210078992,0.0,-0.1111111111111111,0.6481481481481481,61,35,0.5814814814814815,0.4891177548911775,False
sub-5_ses-2,sub-5_ses-2_ecephys+image.nwb,5,2,42,135,0.2962962962962963,0.0580941905809419,0.0,-0.0462962962962962,0.6388888888888888,55,40,0.5555555555555556,0.3630886911308869,False
sub-5_ses-2,sub-5_ses-2_ecephys+image.nwb,5,2,43,135,0.1018518518518518,0.2850714928507149,0.0,-0.2129629629629629,0.4166666666666667,53,36,0.5259259259259259,0.7004061498612044,False
sub-5_ses-2,sub-5_ses-2_ecephys+image.nwb,5,2,44,135,0.074074074074074,0.2842715728427157,0.0,-0.1574074074074074,0.2962962962962963,44,55,0.5296296296296297,0.7004061498612044,False
sub-5_ses-2,sub-5_ses-2_ecephys+image.nwb,5,2,45,135,0.1481481481481481,0.1107889211078892,0.0,-0.074074074074074,0.3703703703703703,41,62,0.5333333333333333,0.4891177548911775,False
sub-5_ses-2,sub-5_ses-2_ecephys+image.nwb,5,2,46,135,0.1574074074074074,0.1492850714928507,0.0,-0.1111111111111111,0.4351851851851852,49,42,0.5185185185185185,0.5741733518955797,False
sub-5_ses-2,sub-5_ses-2_ecephys+image.nwb,5,2,47,135,0.2222222222222222,0.2404759524047595,0.0,-0.342824074074074,0.8240740740740741,51,37,0.5148148148148148,0.7004061498612044,False
sub-5_ses-2,sub-5_ses-2_ecephys+image.nwb,5,2,48,135,-0.1851851851851851,0.636936306369363,0.0,-1.25,0.8796296296296297,54,20,0.4740740740740741,1.0,False
sub-5_ses-2,sub-5_ses-2_ecephys+image.nwb,5,2,49,135,-0.0833333333333333,0.6173382661733826,0.0,-0.6481481481481481,0.4814814814814814,53,30,0.5037037037037037,1.0,False
sub-6_ses-2,sub-6_ses-2_ecephys+image.nwb,6,2,0,108,-0.7060185185185185,0.9909009099090093,-1.25,-1.2847222222222223,-0.1041666666666666,35,13,0.3842592592592592,1.0,False
sub-6_ses-2,sub-6_ses-2_ecephys+image.nwb,6,2,1,108,-0.3472222222222222,0.9437056294370564,0.0,-0.7986111111111112,0.0810185185185185,35,31,0.4675925925925926,1.0,False
sub-6_ses-2,sub-6_ses-2_ecephys+image.nwb,6,2,2,108,-0.0231481481481481,0.5766423357664233,0.0,-0.3587962962962963,0.3125,32,38,0.4722222222222222,1.0,False
sub-6_ses-2,sub-6_ses-2_ecephys+image.nwb,6,2,3,108,0.474537037037037,0.1692830716928307,1.25,-0.4513888888888889,1.4351851851851851,55,18,0.5925925925925926,0.5500813555008135,False
sub-6_ses-2,sub-6_ses-2_ecephys+image.nwb,6,2,4,108,0.3587962962962963,0.0022997700229977,0.0,0.1273148148148148,0.5902777777777778,35,59,0.5972222222222222,0.0201229877012298,True
sub-6_ses-2,sub-6_ses-2_ecephys+image.nwb,6,2,5,108,-0.1967592592592592,0.771022897710229,0.0,-0.7523148148148148,0.3587962962962963,37,32,0.4907407407407407,1.0,False
sub-6_ses-2,sub-6_ses-2_ecephys+image.nwb,6,2,6,108,-0.1388888888888889,0.8595140485951405,0.0,-0.4166666666666667,0.1273148148148148,22,53,0.449074074074074,1.0,False
sub-6_ses-2,sub-6_ses-2_ecephys+image.nwb,6,2,7,108,-0.0694444444444444,0.6574342565743425,0.0,-0.4513888888888889,0.3009259259259259,34,35,0.4768518518518518,1.0,False
sub-6_ses-2,sub-6_ses-2_ecephys+image.nwb,6,2,8,108,-0.5555555555555556,0.9757024297570244,0.0,-1.1111111111111112,-0.0112847222222264,37,23,0.449074074074074,1.0,False
sub-6_ses-2,sub-6_ses-2_ecephys+image.nwb,6,2,9,108,-1.6087962962962965,1.0,-1.875,-2.4421296296296298,-0.7638888888888888,33,9,0.3472222222222222,1.0,False
sub-6_ses-2,sub-6_ses-2_ecephys+image.nwb,6,2,10,108,-0.1041666666666666,0.7194280571942806,0.0,-0.4976851851851852,0.2664930555555513,37,31,0.4861111111111111,1.0,False
sub-6_ses-2,sub-6_ses-2_ecephys+image.nwb,6,2,11,108,0.1273148148148148,0.2601739826017398,0.0,-0.2430555555555555,0.4861111111111111,42,32,0.5370370370370371,0.7004684146969918,False
sub-6_ses-2,sub-6_ses-2_ecephys+image.nwb,6,2,12,108,-0.2777777777777778,0.9264073592640736,0.0,-0.6828703703703703,0.0925925925925925,34,32,0.4629629629629629,1.0,False
sub-6_ses-2,sub-6_ses-2_ecephys+image.nwb,6,2,13,108,0.5902777777777778,0.0002999700029997,0.0,0.2893518518518518,0.925925925925926,45,41,0.6064814814814815,0.0052494750524947,True
sub-6_ses-2,sub-6_ses-2_ecephys+image.nwb,6,2,14,108,0.1273148148148148,0.3964603539646035,0.625,-0.6712962962962963,0.8564814814814815,54,17,0.5787037037037037,0.9250741592507415,False
sub-6_ses-2,sub-6_ses-2_ecephys+image.nwb,6,2,15,108,2.2569444444444446,9.999000099990002e-05,1.25,1.6666666666666667,2.8587962962962963,73,20,0.7685185185185185,0.0034996500349965,True
sub-6_ses-2,sub-6_ses-2_ecephys+image.nwb,6,2,16,108,-0.4166666666666667,0.8895110488951105,0.0,-1.0532407407407407,0.2199074074074074,35,25,0.4398148148148148,1.0,False
sub-6_ses-2,sub-6_ses-2_ecephys+image.nwb,6,2,17,108,-0.2662037037037037,0.983001699830017,0.0,-0.5208333333333334,-0.011574074074074,27,36,0.4166666666666667,1.0,False
sub-6_ses-2,sub-6_ses-2_ecephys+image.nwb,6,2,18,108,-0.0694444444444444,0.8539146085391461,0.0,-0.2199074074074074,0.0810185185185185,14,73,0.4675925925925926,1.0,False
sub-6_ses-2,sub-6_ses-2_ecephys+image.nwb,6,2,19,108,0.2430555555555555,0.0012998700129987,0.0,0.1041666666666666,0.4050925925925926,21,81,0.5694444444444444,0.0151651501516515,True
sub-6_ses-2,sub-6_ses-2_ecephys+image.nwb,6,2,20,108,-0.0347222222222222,0.7725227477252274,0.0,-0.1504629629629629,0.0925925925925925,12,82,0.4907407407407407,1.0,False
sub-6_ses-2,sub-6_ses-2_ecephys+image.nwb,6,2,21,108,-0.2314814814814814,0.8773122687731227,0.0,-0.625,0.162037037037037,30,34,0.4351851851851852,1.0,False
sub-6_ses-2,sub-6_ses-2_ecephys+image.nwb,6,2,22,108,0.0462962962962962,0.3254674532546745,0.0,-0.1041666666666666,0.1967592592592592,20,72,0.5185185185185185,0.8136686331366862,False
sub-6_ses-2,sub-6_ses-2_ecephys+image.nwb,6,2,23,108,0.0578703703703703,0.2317768223177682,0.0,-0.0578703703703703,0.1736111111111111,9,92,0.5092592592592593,0.6760157317601573,False
sub-6_ses-2,sub-6_ses-2_ecephys+image.nwb,6,2,24,108,-2.314814814814815,0.999900009999,-2.5,-3.5069444444444446,-1.1226851851851851,32,7,0.3287037037037037,1.0,False
sub-6_ses-2,sub-6_ses-2_ecephys+image.nwb,6,2,25,108,-0.3125,0.9088091190880913,0.0,-0.7754629629629629,0.162037037037037,34,31,0.4583333333333333,1.0,False
sub-6_ses-2,sub-6_ses-2_ecephys+image.nwb,6,2,26,108,0.1504629629629629,0.1728827117288271,0.0,-0.1273148148148148,0.4398148148148148,33,48,0.5277777777777778,0.5500813555008135,False
sub-6_ses-2,sub-6_ses-2_ecephys+image.nwb,6,2,27,108,0.474537037037037,0.0122987701229877,0.0,0.0810185185185185,0.8680555555555556,48,31,0.5879629629629629,0.0860913908609139,False
sub-6_ses-2,sub-6_ses-2_ecephys+image.nwb,6,2,28,108,0.1388888888888889,0.1076892310768923,0.0,-0.0347222222222222,0.3472222222222222,12,89,0.5231481481481481,0.4187914541879146,False
sub-6_ses-2,sub-6_ses-2_ecephys+image.nwb,6,2,29,108,-0.7870370370370371,0.9998000199980002,0.0,-1.226851851851852,-0.3703703703703703,23,38,0.3888888888888889,1.0,False
sub-6_ses-2,sub-6_ses-2_ecephys+image.nwb,6,2,30,108,-0.2662037037037037,0.9831016898310168,0.0,-0.5092592592592593,-0.011574074074074,25,39,0.412037037037037,1.0,False
sub-6_ses-2,sub-6_ses-2_ecephys+image.nwb,6,2,31,108,0.4629629629629629,0.0525947405259474,0.0,-0.0925925925925925,1.0185185185185186,53,18,0.5740740740740741,0.262973702629737,False
sub-6_ses-2,sub-6_ses-2_ecephys+image.nwb,6,2,32,108,0.4282407407407407,0.0431956804319568,0.0,-0.0347222222222222,0.8796296296296297,51,30,0.6111111111111112,0.251974802519748,False
sub-6_ses-2,sub-6_ses-2_ecephys+image.nwb,6,2,33,108,0.1967592592592592,0.0763923607639236,0.0,-0.0462962962962962,0.4513888888888889,35,49,0.5509259259259259,0.3342165783421658,False
sub-6_ses-2,sub-6_ses-2_ecephys+image.nwb,6,2,34,108,0.0,0.5566443355664433,0.0,-0.162037037037037,0.1504629629629629,19,72,0.5092592592592593,1.0,False
sub-7_ses-2,sub-7_ses-2_ecephys+image.nwb,7,2,0,108,-0.1504629629629629,0.7651234876512348,0.0,-0.5902777777777778,0.2896412037036995,36,28,0.4629629629629629,0.8015579394441508,False
sub-7_ses-2,sub-7_ses-2_ecephys+image.nwb,7,2,1,108,-0.0810185185185185,0.668933106689331,0.0,-0.4976851851851852,0.3472222222222222,34,34,0.4722222222222222,0.7358264173582642,False
sub-7_ses-2,sub-7_ses-2_ecephys+image.nwb,7,2,2,108,0.1851851851851851,0.1801819818018198,0.0,-0.1851851851851851,0.5787037037037037,43,32,0.5462962962962963,0.3049233538184643,False
sub-7_ses-2,sub-7_ses-2_ecephys+image.nwb,7,2,3,108,0.3819444444444444,0.0072992700729927,0.0,0.0925925925925925,0.6828703703703703,40,41,0.5601851851851852,0.0802919708029197,False
sub-7_ses-2,sub-7_ses-2_ecephys+image.nwb,7,2,4,108,0.0231481481481481,0.440955904409559,0.0,-0.1388888888888889,0.1851851851851851,20,68,0.5,0.5389461053894611,False
sub-7_ses-2,sub-7_ses-2_ecephys+image.nwb,7,2,5,108,0.1967592592592592,0.1198880111988801,0.0,-0.0925925925925925,0.4976851851851852,45,30,0.5555555555555556,0.2674565876745658,False
sub-7_ses-2,sub-7_ses-2_ecephys+image.nwb,7,2,6,108,0.2199074074074074,0.1001899810018998,0.0,-0.0925925925925925,0.5439814814814815,46,32,0.5740740740740741,0.2674565876745658,False
sub-7_ses-2,sub-7_ses-2_ecephys+image.nwb,7,2,7,108,0.3009259259259259,0.0032996700329967,0.0,0.1041666666666666,0.4976851851851852,33,61,0.5879629629629629,0.0725927407259274,False
sub-7_ses-2,sub-7_ses-2_ecephys+image.nwb,7,2,8,108,1.1111111111111112,0.0214978502149785,0.0,0.0810185185185185,2.175925925925926,30,31,0.4212962962962963,0.1117488251174882,False
sub-7_ses-2,sub-7_ses-2_ecephys+image.nwb,7,2,9,108,0.0462962962962962,0.2140785921407859,0.0,-0.0347222222222222,0.1273148148148148,9,94,0.5185185185185185,0.336409216221235,False
sub-7_ses-2,sub-7_ses-2_ecephys+image.nwb,7,2,10,108,0.2083333333333333,0.0637936206379362,0.0,-0.0347222222222222,0.4629629629629629,31,54,0.5370370370370371,0.2339099423390994,False
sub-7_ses-2,sub-7_ses-2_ecephys+image.nwb,7,2,11,108,0.1157407407407407,0.1440855914408559,0.0,-0.0694444444444444,0.3009259259259259,20,73,0.5231481481481481,0.2674565876745658,False
sub-7_ses-2,sub-7_ses-2_ecephys+image.nwb,7,2,12,108,0.2199074074074074,0.1458854114588541,0.0,-0.1736111111111111,0.6134259259259259,42,25,0.5046296296296297,0.2674565876745658,False
sub-7_ses-2,sub-7_ses-2_ecephys+image.nwb,7,2,13,108,0.1967592592592592,0.0253974602539746,0.0,0.0231481481481481,0.3819444444444444,24,69,0.5416666666666666,0.1117488251174882,False
sub-7_ses-2,sub-7_ses-2_ecephys+image.nwb,7,2,14,108,0.5787037037037037,0.0151984801519848,0.0,0.0578703703703703,1.1111111111111112,28,70,0.5833333333333334,0.1114555211145552,False
sub-7_ses-2,sub-7_ses-2_ecephys+image.nwb,7,2,15,108,-0.6134259259259259,0.938906109389061,-1.25,-1.3888888888888888,0.1388888888888889,47,6,0.4629629629629629,0.938906109389061,False
sub-7_ses-2,sub-7_ses-2_ecephys+image.nwb,7,2,16,108,0.2314814814814814,0.0833916608339166,0.0,-0.0694444444444444,0.5324074074074074,42,42,0.5833333333333334,0.2620880769065951,False
sub-7_ses-2,sub-7_ses-2_ecephys+image.nwb,7,2,17,108,0.0810185185185185,0.3388661133886611,0.0,-0.2662037037037037,0.4282407407407407,39,36,0.5277777777777778,0.4385326173265026,False
sub-7_ses-2,sub-7_ses-2_ecephys+image.nwb,7,2,18,108,0.1851851851851851,0.1248875112488751,0.0,-0.1041666666666666,0.4861111111111111,37,40,0.5277777777777778,0.2674565876745658,False
sub-7_ses-2,sub-7_ses-2_ecephys+image.nwb,7,2,19,108,0.2199074074074074,0.2527747225277472,0.0,-0.3819444444444444,0.8217592592592593,50,13,0.5231481481481481,0.3481151884811519,False
sub-7_ses-2,sub-7_ses-2_ecephys+image.nwb,7,2,20,108,0.1273148148148148,0.2531746825317468,0.0,-0.2199074074074074,0.474537037037037,39,35,0.5231481481481481,0.3481151884811519,False
sub-7_ses-2,sub-7_ses-2_ecephys+image.nwb,7,2,21,108,0.011574074074074,0.5033496650334967,0.0,-0.3587962962962963,0.3935185185185185,38,32,0.5,0.5828259279335224,False
sub-8_ses-2,sub-8_ses-2_ecephys+image.nwb,8,2,0,108,-0.0694444444444444,0.9237076292370764,0.0,-0.1851851851851851,0.0462962962962962,9,85,0.4768518518518518,1.0,False
sub-8_ses-2,sub-8_ses-2_ecephys+image.nwb,8,2,1,108,-10.266203703703704,1.0,-10.625,-12.002314814814817,-8.564814814814815,15,3,0.1527777777777778,1.0,False
sub-8_ses-2,sub-8_ses-2_ecephys+image.nwb,8,2,2,108,2.7777777777777777,9.999000099990002e-05,3.125,1.4351851851851851,4.097222222222222,65,8,0.6388888888888888,0.0014798520147985,True
sub-8_ses-2,sub-8_ses-2_ecephys+image.nwb,8,2,3,108,0.0347222222222222,0.4532546745325467,0.0,-0.324074074074074,0.4166666666666667,40,31,0.5138888888888888,0.7376740586810885,False
sub-8_ses-2,sub-8_ses-2_ecephys+image.nwb,8,2,4,108,0.474537037037037,0.0263973602639736,0.0,0.0228587962962963,0.925925925925926,52,29,0.6157407407407407,0.0887911208879112,False
sub-8_ses-2,sub-8_ses-2_ecephys+image.nwb,8,2,5,108,-0.1851851851851851,0.8087191280871913,0.0,-0.6365740740740741,0.2546296296296296,36,23,0.4398148148148148,1.0,False
sub-8_ses-2,sub-8_ses-2_ecephys+image.nwb,8,2,6,108,0.5092592592592593,0.152984701529847,0.0,-0.4285300925925925,1.4814814814814814,53,11,0.5416666666666666,0.332966703329667,False
sub-8_ses-2,sub-8_ses-2_ecephys+image.nwb,8,2,7,108,0.1273148148148148,0.240975902409759,0.0,-0.1967592592592592,0.4513888888888889,31,46,0.5,0.4525880745258807,False
sub-8_ses-2,sub-8_ses-2_ecephys+image.nwb,8,2,8,108,0.1851851851851851,0.3341665833416658,0.0,-0.6018518518518519,0.949074074074074,53,12,0.5462962962962963,0.575077375983332,False
sub-8_ses-2,sub-8_ses-2_ecephys+image.nwb,8,2,9,108,-1.1574074074074074,0.9945005499450056,-1.25,-2.037037037037037,-0.2893518518518518,38,12,0.4074074074074074,1.0,False
sub-8_ses-2,sub-8_ses-2_ecephys+image.nwb,8,2,10,108,0.6944444444444444,0.0498950104989501,1.25,-0.1160300925925924,1.5046296296296295,59,9,0.5879629629629629,0.1420088760354733,False
sub-8_ses-2,sub-8_ses-2_ecephys+image.nwb,8,2,11,108,-0.1157407407407407,0.9116088391160884,0.0,-0.2893518518518518,0.0694444444444444,17,66,0.4629629629629629,1.0,False
sub-8_ses-2,sub-8_ses-2_ecephys+image.nwb,8,2,12,108,0.0347222222222222,0.438956104389561,0.0,-0.2777777777777778,0.3472222222222222,37,34,0.5,0.7376740586810885,False
sub-8_ses-2,sub-8_ses-2_ecephys+image.nwb,8,2,13,108,0.3587962962962963,0.0022997700229977,0.0,0.1157407407407407,0.5902777777777778,38,55,0.6064814814814815,0.0130909985924484,True
sub-8_ses-2,sub-8_ses-2_ecephys+image.nwb,8,2,14,108,1.5509259259259258,9.999000099990002e-05,1.25,0.960648148148148,2.118344907407403,68,16,0.7037037037037037,0.0014798520147985,True
sub-8_ses-2,sub-8_ses-2_ecephys+image.nwb,8,2,15,108,1.0069444444444444,0.0007999200079992,1.25,0.4282407407407407,1.5972222222222223,56,26,0.6388888888888888,0.005919408059194,True
sub-8_ses-2,sub-8_ses-2_ecephys+image.nwb,8,2,16,108,0.3356481481481481,0.0003999600039996,0.0,0.1504629629629629,0.5324074074074074,29,70,0.5925925925925926,0.0032885600328856,True
sub-8_ses-2,sub-8_ses-2_ecephys+image.nwb,8,2,17,108,0.6712962962962963,0.0318968103189681,0.0,-0.0231481481481481,1.3310185185185186,51,28,0.6018518518518519,0.10262452015668,False
sub-8_ses-2,sub-8_ses-2_ecephys+image.nwb,8,2,18,108,0.1041666666666666,0.186981301869813,0.0,-0.1041666666666666,0.3009259259259259,30,58,0.5462962962962963,0.3843504538435045,False
sub-8_ses-2,sub-8_ses-2_ecephys+image.nwb,8,2,19,108,0.5324074074074074,0.0187981201879812,0.0,0.0462962962962962,1.0532407407407407,43,30,0.5370370370370371,0.0695530446955304,False
sub-8_ses-2,sub-8_ses-2_ecephys+image.nwb,8,2,20,108,0.0462962962962962,0.2523747625237476,0.0,0.0,0.1157407407407407,2,106,0.5092592592592593,0.4525880745258807,False
sub-8_ses-2,sub-8_ses-2_ecephys+image.nwb,8,2,21,108,0.1388888888888889,0.0792920707929207,0.0,-0.0347222222222222,0.3125,25,69,0.5509259259259259,0.2095576156670047,False
sub-8_ses-2,sub-8_ses-2_ecephys+image.nwb,8,2,22,108,0.0462962962962962,0.0610938906109389,0.0,0.011574074074074,0.0925925925925925,4,104,0.5185185185185185,0.1674425150077585,False
sub-8_ses-2,sub-8_ses-2_ecephys+image.nwb,8,2,23,108,0.1041666666666666,0.0856914308569143,0.0,-0.011574074074074,0.2430555555555555,8,96,0.5185185185185185,0.2186608925314365,False
sub-8_ses-2,sub-8_ses-2_ecephys+image.nwb,8,2,24,108,0.1273148148148148,0.1418858114188581,0.0,-0.0694444444444444,0.3472222222222222,21,69,0.5138888888888888,0.3287065232870652,False
sub-8_ses-2,sub-8_ses-2_ecephys+image.nwb,8,2,25,108,-0.2893518518518518,0.6838316168383162,0.0,-1.4930555555555556,0.9377893518518476,48,9,0.4861111111111111,1.0,False
sub-8_ses-2,sub-8_ses-2_ecephys+image.nwb,8,2,26,108,-0.474537037037037,0.9994000599940006,0.0,-0.7754629629629629,-0.1851851851851851,20,43,0.3842592592592592,1.0,False
sub-8_ses-2,sub-8_ses-2_ecephys+image.nwb,8,2,27,108,-0.2199074074074074,0.8113188681131887,0.0,-0.7291666666666666,0.2549189814814773,39,35,0.5231481481481481,1.0,False
sub-8_ses-2,sub-8_ses-2_ecephys+image.nwb,8,2,28,108,0.3587962962962963,0.0130986901309869,0.0,0.0694444444444444,0.6944444444444444,23,73,0.5509259259259259,0.0538501705385017,False
sub-8_ses-2,sub-8_ses-2_ecephys+image.nwb,8,2,29,108,-0.1851851851851851,0.9873012698730128,0.0,-0.3703703703703703,-0.0231481481481481,5,90,0.4629629629629629,1.0,False
sub-8_ses-2,sub-8_ses-2_ecephys+image.nwb,8,2,30,108,0.4398148148148148,0.0362963703629637,0.0,-0.0231481481481481,0.914351851851852,40,36,0.5370370370370371,0.111913808619138,False
sub-8_ses-2,sub-8_ses-2_ecephys+image.nwb,8,2,31,108,-0.9375,0.9946005399460054,-1.25,-1.6435185185185186,-0.1851851851851851,34,16,0.3888888888888889,1.0,False
sub-8_ses-2,sub-8_ses-2_ecephys+image.nwb,8,2,32,108,-1.226851851851852,0.9975002499750024,-1.25,-2.060185185185185,-0.3935185185185185,39,12,0.4166666666666667,1.0,False
sub-8_ses-2,sub-8_ses-2_ecephys+image.nwb,8,2,33,108,0.914351851851852,9.999000099990002e-05,1.25,0.474537037037037,1.3773148148148149,57,21,0.625,0.0014798520147985,True
sub-8_ses-2,sub-8_ses-2_ecephys+image.nwb,8,2,34,108,1.25,9.999000099990002e-05,1.25,0.6710069444444445,1.8174189814814767,67,17,0.6990740740740741,0.0014798520147985,True
sub-8_ses-2,sub-8_ses-2_ecephys+image.nwb,8,2,35,108,-0.3819444444444444,0.8652134786521348,0.0,-1.0416666666666667,0.2893518518518518,31,33,0.4398148148148148,1.0,False
sub-8_ses-2,sub-8_ses-2_ecephys+image.nwb,8,2,36,108,0.2777777777777778,0.2568743125687431,0.0,-0.4976851851851852,1.0651041666666623,38,33,0.5046296296296297,0.4525880745258807,False
sub-8_ses-2,sub-8_ses-2_ecephys+image.nwb,8,2,37,108,0.2314814814814814,0.2192780721927807,0.0,-0.3009259259259259,0.7641782407407365,46,26,0.5462962962962963,0.4270151932175204,False
sub-8_ses-2,sub-8_ses-2_ecephys+image.nwb,8,2,38,108,1.412037037037037,0.0020997900209979,1.25,0.474537037037037,2.3382523148148104,62,10,0.6203703703703703,0.0130909985924484,True
sub-8_ses-2,sub-8_ses-2_ecephys+image.nwb,8,2,39,108,0.6712962962962963,0.0002999700029997,0.0,0.324074074074074,1.0300925925925926,36,58,0.6018518518518519,0.0031711114602825,True
sub-8_ses-2,sub-8_ses-2_ecephys+image.nwb,8,2,40,108,-0.3125,0.944005599440056,0.0,-0.7060185185185185,0.1041666666666666,25,43,0.4305555555555556,1.0,False
sub-8_ses-2,sub-8_ses-2_ecephys+image.nwb,8,2,41,108,-0.5671296296296297,0.9367063293670632,-0.625,-1.3078703703703705,0.1388888888888889,43,11,0.449074074074074,1.0,False
sub-8_ses-2,sub-8_ses-2_ecephys+image.nwb,8,2,42,108,2.476851851851852,0.0003999600039996,2.5,1.1805555555555556,3.738425925925926,68,6,0.6574074074074074,0.0032885600328856,True
sub-8_ses-2,sub-8_ses-2_ecephys+image.nwb,8,2,43,108,-0.0578703703703703,0.6828317168283171,0.0,-0.3587962962962963,0.2314814814814814,33,39,0.4861111111111111,1.0,False
sub-8_ses-2,sub-8_ses-2_ecephys+image.nwb,8,2,44,108,-0.011574074074074,0.6453354664533547,0.0,-0.1273148148148148,0.1041666666666666,6,92,0.4814814814814814,0.9948921774489218,False
sub-8_ses-2,sub-8_ses-2_ecephys+image.nwb,8,2,45,108,0.5208333333333334,0.0150984901509849,0.0,0.0694444444444444,0.9722222222222222,49,30,0.5925925925925926,0.0588046458512043,False
sub-8_ses-2,sub-8_ses-2_ecephys+image.nwb,8,2,46,108,0.0810185185185185,0.20997900209979,0.0,-0.0810185185185185,0.2546296296296296,16,82,0.5277777777777778,0.41995800419958,False
sub-8_ses-2,sub-8_ses-2_ecephys+image.nwb,8,2,47,108,1.9560185185185184,9.999000099990002e-05,2.5,0.914351851851852,2.962962962962963,66,10,0.6574074074074074,0.0014798520147985,True
sub-8_ses-2,sub-8_ses-2_ecephys+image.nwb,8,2,48,108,0.324074074074074,0.1690830916908309,0.0,-0.2893518518518518,0.925925925925926,49,20,0.5462962962962963,0.3574899652891853,False
sub-8_ses-2,sub-8_ses-2_ecephys+image.nwb,8,2,49,108,0.5092592592592593,0.0021997800219978,0.0,0.1964699074074075,0.833622685185181,45,36,0.5833333333333334,0.0130909985924484,True
sub-8_ses-2,sub-8_ses-2_ecephys+image.nwb,8,2,50,108,0.9722222222222222,0.0237976202379762,1.25,0.0578703703703703,1.8637152777777732,60,12,0.6111111111111112,0.0838582808385828,False
sub-8_ses-2,sub-8_ses-2_ecephys+image.nwb,8,2,51,108,-0.0578703703703703,0.5793420657934206,0.0,-0.7175925925925926,0.5787037037037037,44,17,0.4861111111111111,0.9121555929513432,False
sub-8_ses-2,sub-8_ses-2_ecephys+image.nwb,8,2,52,108,0.474537037037037,0.252974702529747,1.25,-0.9375,1.8634259259259256,57,8,0.5648148148148148,0.4525880745258807,False
sub-8_ses-2,sub-8_ses-2_ecephys+image.nwb,8,2,53,108,0.7175925925925926,0.0100989901009899,1.25,0.1273148148148148,1.3310185185185186,57,24,0.6388888888888888,0.0439603098513678,True
sub-8_ses-2,sub-8_ses-2_ecephys+image.nwb,8,2,54,108,1.0069444444444444,0.0031996800319968,1.25,0.324074074074074,1.712962962962963,55,16,0.5833333333333334,0.0169125944548402,True
sub-8_ses-2,sub-8_ses-2_ecephys+image.nwb,8,2,55,108,0.3819444444444444,0.0384961503849615,0.0,-0.0231481481481481,0.7870370370370371,51,29,0.6064814814814815,0.113948605139486,False
sub-8_ses-2,sub-8_ses-2_ecephys+image.nwb,8,2,56,108,1.1342592592592593,0.0078992100789921,1.25,0.2777777777777778,2.013888888888889,63,7,0.6157407407407407,0.0365338466153384,True
sub-8_ses-2,sub-8_ses-2_ecephys+image.nwb,8,2,57,108,0.9722222222222222,0.0071992800719928,1.25,0.2199074074074074,1.7361111111111112,59,13,0.6064814814814815,0.0355164483551644,True
sub-8_ses-2,sub-8_ses-2_ecephys+image.nwb,8,2,58,108,0.0347222222222222,0.4585541445855414,0.0,-0.4629629629629629,0.5324074074074074,41,26,0.5,0.7376740586810885,False
sub-8_ses-2,sub-8_ses-2_ecephys+image.nwb,8,2,59,108,0.1851851851851851,0.1465853414658534,0.0,-0.1273148148148148,0.5092592592592593,40,36,0.5370370370370371,0.3287065232870652,False
sub-8_ses-2,sub-8_ses-2_ecephys+image.nwb,8,2,60,108,-0.3935185185185185,0.7999200079992,-0.625,-1.3657407407407407,0.5442708333333292,47,7,0.4675925925925926,1.0,False
sub-8_ses-2,sub-8_ses-2_ecephys+image.nwb,8,2,61,108,0.5092592592592593,0.1177882211778822,0.0,-0.2662037037037037,1.3194444444444444,50,11,0.5138888888888888,0.2905442789054427,False
sub-8_ses-2,sub-8_ses-2_ecephys+image.nwb,8,2,62,108,-0.625,0.983001699830017,0.0,-1.1921296296296295,-0.0462962962962962,32,24,0.4074074074074074,1.0,False
sub-8_ses-2,sub-8_ses-2_ecephys+image.nwb,8,2,63,108,-4.953703703703703,1.0,-3.75,-6.018518518518518,-3.935185185185185,15,10,0.1851851851851851,1.0,False
sub-8_ses-2,sub-8_ses-2_ecephys+image.nwb,8,2,64,108,-0.4282407407407407,0.9713028697130288,0.0,-0.8564814814814815,0.0,32,29,0.4305555555555556,1.0,False
sub-8_ses-2,sub-8_ses-2_ecephys+image.nwb,8,2,65,108,-3.275462962962963,1.0,-2.5,-4.491030092592593,-2.083333333333333,31,5,0.3101851851851852,1.0,False
sub-8_ses-2,sub-8_ses-2_ecephys+image.nwb,8,2,66,108,0.2314814814814814,0.1465853414658534,0.0,-0.1851851851851851,0.6365740740740741,28,71,0.5879629629629629,0.3287065232870652,False
sub-8_ses-2,sub-8_ses-2_ecephys+image.nwb,8,2,67,108,-0.7523148148148148,0.9776022397760225,0.0,-1.4930555555555556,0.0347222222222222,34,24,0.4259259259259259,1.0,False
sub-8_ses-2,sub-8_ses-2_ecephys+image.nwb,8,2,68,108,-1.585648148148148,0.9902009799020098,0.0,-2.905092592592593,-0.3006365740740783,41,15,0.449074074074074,1.0,False
sub-8_ses-2,sub-8_ses-2_ecephys+image.nwb,8,2,69,108,-1.9560185185185184,1.0,-1.25,-2.638888888888889,-1.2962962962962965,22,15,0.2731481481481481,1.0,False
sub-8_ses-2,sub-8_ses-2_ecephys+image.nwb,8,2,70,108,-0.7407407407407407,0.9988001199880012,0.0,-1.226851851851852,-0.2430555555555555,28,36,0.4259259259259259,1.0,False
sub-8_ses-2,sub-8_ses-2_ecephys+image.nwb,8,2,71,108,2.1064814814814814,0.0002999700029997,2.5,0.960648148148148,3.287037037037037,64,9,0.6342592592592593,0.0031711114602825,True
sub-8_ses-2,sub-8_ses-2_ecephys+image.nwb,8,2,72,108,-2.488425925925926,1.0,-1.25,-3.1712962962962963,-1.817129629629629,9,31,0.2268518518518518,1.0,False
sub-8_ses-2,sub-8_ses-2_ecephys+image.nwb,8,2,73,108,-1.0185185185185186,0.9997000299970004,-1.25,-1.585648148148148,-0.4166666666666667,28,24,0.3703703703703703,1.0,False
sub-9_ses-2,sub-9_ses-2_ecephys+image.nwb,9,2,0,107,0.3504672897196261,0.0042995700429957,0.0,0.116822429906542,0.6074766355140186,27,67,0.5654205607476636,0.0462203779622037,True
sub-9_ses-2,sub-9_ses-2_ecephys+image.nwb,9,2,1,107,0.0116822429906542,0.4984501549845015,0.0,-0.0934579439252336,0.116822429906542,12,84,0.5046728971962616,0.7512386692365246,False
sub-9_ses-2,sub-9_ses-2_ecephys+image.nwb,9,2,2,107,0.5257009345794392,0.0172982701729827,0.0,0.0700934579439252,0.9929906542056076,43,37,0.5747663551401869,0.1361530513615305,False
sub-9_ses-2,sub-9_ses-2_ecephys+image.nwb,9,2,3,107,-0.0116822429906542,0.5272472752724727,0.0,-0.5490654205607477,0.5607476635514018,46,17,0.5093457943925234,0.7557210945572109,False
sub-9_ses-2,sub-9_ses-2_ecephys+image.nwb,9,2,4,107,0.0700934579439252,0.2064793520647935,0.0,-0.058411214953271,0.2102803738317757,17,77,0.5186915887850467,0.4906035712218252,False
sub-9_ses-2,sub-9_ses-2_ecephys+image.nwb,9,2,5,107,-0.0233644859813084,0.6318368163183682,0.0,-0.2336448598130841,0.1985981308411215,22,58,0.4766355140186916,0.8715098187150981,False
sub-9_ses-2,sub-9_ses-2_ecephys+image.nwb,9,2,6,107,0.911214953271028,0.0003999600039996,0.0,0.4088785046728972,1.5073014018691546,23,76,0.5700934579439252,0.0171982801719828,True
sub-9_ses-2,sub-9_ses-2_ecephys+image.nwb,9,2,7,107,0.3154205607476635,0.0261973802619738,0.0,0.0350467289719626,0.6191588785046729,31,55,0.5467289719626168,0.1609267644664105,False
sub-9_ses-2,sub-9_ses-2_ecephys+image.nwb,9,2,8,107,0.1518691588785046,0.2167783221677832,0.0,-0.1869158878504672,0.514018691588785,37,37,0.5186915887850467,0.4906035712218252,False
sub-9_ses-2,sub-9_ses-2_ecephys+image.nwb,9,2,9,107,1.0864485981308412,0.1033896610338966,1.25,-0.5957943925233645,2.7570093457943927,54,4,0.5233644859813084,0.2963836949638369,False
sub-9_ses-2,sub-9_ses-2_ecephys+image.nwb,9,2,10,107,0.0116822429906542,0.5066493350664933,0.0,-0.2219626168224299,0.2336448598130841,25,63,0.5280373831775701,0.7512386692365246,False
sub-9_ses-2,sub-9_ses-2_ecephys+image.nwb,9,2,11,107,0.116822429906542,0.0391960803919608,0.0,0.0,0.2336448598130841,14,87,0.5373831775700935,0.1921907809219078,False
sub-9_ses-2,sub-9_ses-2_ecephys+image.nwb,9,2,12,107,-0.1985981308411215,0.945905409459054,0.0,-0.4439252336448598,0.058411214953271,30,37,0.4532710280373832,0.945905409459054,False
sub-9_ses-2,sub-9_ses-2_ecephys+image.nwb,9,2,13,107,0.0116822429906542,0.5008499150084992,0.0,-0.1051401869158878,0.116822429906542,11,87,0.5093457943925234,0.7512386692365246,False
sub-9_ses-2,sub-9_ses-2_ecephys+image.nwb,9,2,14,107,-0.1051401869158878,0.9367063293670632,0.0,-0.2570093457943925,0.0350467289719626,6,90,0.4766355140186916,0.945905409459054,False
sub-9_ses-2,sub-9_ses-2_ecephys+image.nwb,9,2,15,107,0.0700934579439252,0.1228877112288771,0.0,-0.0233644859813084,0.1635514018691588,12,89,0.5280373831775701,0.3302607239276072,False
sub-9_ses-2,sub-9_ses-2_ecephys+image.nwb,9,2,16,107,-0.0467289719626168,0.6688331166883311,0.0,-0.3154205607476635,0.2102803738317757,29,48,0.4953271028037383,0.8715098187150981,False
sub-9_ses-2,sub-9_ses-2_ecephys+image.nwb,9,2,17,107,-0.0467289719626168,0.6579342065793421,0.0,-0.3621495327102804,0.2570093457943925,36,34,0.4953271028037383,0.8715098187150981,False
sub-9_ses-2,sub-9_ses-2_ecephys+image.nwb,9,2,18,107,-0.175233644859813,0.7285271472852715,0.0,-0.7827102803738317,0.4205607476635514,44,19,0.5,0.8928773789287738,False
sub-9_ses-2,sub-9_ses-2_ecephys+image.nwb,9,2,19,107,0.0700934579439252,0.3046695330466953,0.0,-0.1635514018691588,0.2920560747663551,25,64,0.5327102803738317,0.5920321011377124,False
sub-9_ses-2,sub-9_ses-2_ecephys+image.nwb,9,2,20,107,0.0700934579439252,0.2125787421257874,0.0,-0.0700934579439252,0.2102803738317757,15,81,0.5186915887850467,0.4906035712218252,False
sub-9_ses-2,sub-9_ses-2_ecephys+image.nwb,9,2,21,107,0.2453271028037383,0.0411958804119588,0.0,-0.0233644859813084,0.5023364485981309,40,43,0.5747663551401869,0.1921907809219078,False
sub-9_ses-2,sub-9_ses-2_ecephys+image.nwb,9,2,22,107,0.6892523364485982,0.0025997400259974,1.25,0.2102803738317757,1.1565420560747663,54,25,0.6214953271028038,0.0372629403726294,True
sub-9_ses-2,sub-9_ses-2_ecephys+image.nwb,9,2,23,107,0.2803738317757009,0.0588941105889411,0.0,-0.0467289719626168,0.6074766355140186,39,36,0.5327102803738317,0.2110372296103723,False
sub-9_ses-2,sub-9_ses-2_ecephys+image.nwb,9,2,24,107,0.0233644859813084,0.45995400459954,0.0,-0.1985981308411215,0.2570093457943925,18,67,0.4813084112149532,0.7512386692365246,False
sub-9_ses-2,sub-9_ses-2_ecephys+image.nwb,9,2,25,107,-0.0350467289719626,0.7941205879412059,0.0,-0.1401869158878504,0.0700934579439252,6,93,0.4906542056074766,0.8979486666717944,False
sub-9_ses-2,sub-9_ses-2_ecephys+image.nwb,9,2,26,107,0.6191588785046729,0.0007999200079992,0.0,0.2570093457943925,1.0046728971962615,39,55,0.6214953271028038,0.0171982801719828,True
sub-9_ses-2,sub-9_ses-2_ecephys+image.nwb,9,2,27,107,0.1285046728971962,0.0446955304469553,0.0,0.0,0.2686915887850467,17,81,0.5373831775700935,0.1921907809219078,False
sub-9_ses-2,sub-9_ses-2_ecephys+image.nwb,9,2,28,107,0.0467289719626168,0.3166683331666833,0.0,-0.0817757009345794,0.1869158878504672,16,78,0.514018691588785,0.5920321011377124,False
sub-9_ses-2,sub-9_ses-2_ecephys+image.nwb,9,2,29,107,0.0817757009345794,0.0743925607439256,0.0,-0.0116822429906542,0.175233644859813,10,93,0.5280373831775701,0.2460677009222155,False
sub-9_ses-2,sub-9_ses-2_ecephys+image.nwb,9,2,30,107,0.2219626168224299,0.018998100189981,0.0,0.0233644859813084,0.4205607476635514,29,62,0.5607476635514018,0.1361530513615305,False
sub-9_ses-2,sub-9_ses-2_ecephys+image.nwb,9,2,31,107,0.175233644859813,0.0815918408159184,0.0,-0.0353387850467288,0.397196261682243,28,60,0.5420560747663551,0.2506035110774637,False
sub-9_ses-2,sub-9_ses-2_ecephys+image.nwb,9,2,32,107,-0.0934579439252336,0.9387061293870612,0.0,-0.2336448598130841,0.0350467289719626,12,76,0.4672897196261682,0.945905409459054,False
sub-9_ses-2,sub-9_ses-2_ecephys+image.nwb,9,2,33,107,0.116822429906542,0.0500949905009499,0.0,-0.0116822429906542,0.2453271028037383,17,81,0.5373831775700935,0.1958258719582587,False
sub-9_ses-2,sub-9_ses-2_ecephys+image.nwb,9,2,34,107,-0.0934579439252336,0.8144185581441856,0.0,-0.3154205607476635,0.0934579439252336,4,94,0.4766355140186916,0.8979486666717944,False
sub-9_ses-2,sub-9_ses-2_ecephys+image.nwb,9,2,35,107,0.0467289719626168,0.3765623437656234,0.0,-0.175233644859813,0.2686915887850467,20,73,0.5280373831775701,0.674674199246742,False
sub-9_ses-2,sub-9_ses-2_ecephys+image.nwb,9,2,36,107,-0.058411214953271,0.775922407759224,0.0,-0.2453271028037383,0.116822429906542,8,87,0.4813084112149532,0.8979486666717944,False
sub-9_ses-2,sub-9_ses-2_ecephys+image.nwb,9,2,37,107,-0.0700934579439252,0.8480151984801519,0.0,-0.2219626168224299,0.0700934579439252,7,90,0.4859813084112149,0.9116163383661634,False
sub-9_ses-2,sub-9_ses-2_ecephys+image.nwb,9,2,38,107,-0.0467289719626168,0.7170282971702829,0.0,-0.2336448598130841,0.1401869158878504,16,71,0.4813084112149532,0.8928773789287738,False
sub-9_ses-2,sub-9_ses-2_ecephys+image.nwb,9,2,39,107,-0.0700934579439252,0.7475252474752525,0.0,-0.3037383177570093,0.1518691588785046,2,100,0.4859813084112149,0.8928773789287738,False
sub-9_ses-2,sub-9_ses-2_ecephys+image.nwb,9,2,40,107,0.0233644859813084,0.4695530446955304,0.0,-0.2686915887850467,0.3037383177570093,27,55,0.5093457943925234,0.7512386692365246,False
sub-9_ses-2,sub-9_ses-2_ecephys+image.nwb,9,2,41,107,0.0817757009345794,0.3060693930606939,0.0,-0.1869158878504672,0.3504672897196261,24,63,0.5186915887850467,0.5920321011377124,False
sub-9_ses-2,sub-9_ses-2_ecephys+image.nwb,9,2,42,107,0.1051401869158878,0.2354764523547645,0.0,-0.116822429906542,0.3504672897196261,13,87,0.5280373831775701,0.5062743725627438,False
sub-10_ses-2,sub-10_ses-2_ecephys+image.nwb,10,2,0,135,-0.0277777777777777,0.7824217578242175,0.0,-0.1296296296296296,0.0648148148148148,12,108,0.4888888888888889,1.0,False
sub-10_ses-2,sub-10_ses-2_ecephys+image.nwb,10,2,1,135,0.0185185185185185,0.4671532846715328,0.0,-0.1944444444444444,0.2314814814814814,23,87,0.4925925925925926,0.8720194647201946,False
sub-10_ses-2,sub-10_ses-2_ecephys+image.nwb,10,2,2,135,-0.2037037037037037,0.8613138686131386,0.0,-0.5925925925925926,0.1851851851851851,50,27,0.4703703703703704,1.0,False
sub-10_ses-2,sub-10_ses-2_ecephys+image.nwb,10,2,3,135,0.1851851851851851,0.1632836716328367,0.0,-0.1574074074074074,0.5462962962962963,49,38,0.5037037037037037,0.4571942805719428,False
sub-10_ses-2,sub-10_ses-2_ecephys+image.nwb,10,2,4,135,0.1111111111111111,0.3710628937106289,0.0,-0.5092592592592593,0.7314814814814815,58,22,0.5111111111111111,0.7773222677732227,False
sub-10_ses-2,sub-10_ses-2_ecephys+image.nwb,10,2,5,135,0.074074074074074,0.3037696230376962,0.0,-0.1388888888888889,0.287037037037037,41,61,0.5296296296296297,0.7176615671766158,False
sub-10_ses-2,sub-10_ses-2_ecephys+image.nwb,10,2,6,135,-0.0462962962962962,0.7501249875012499,0.0,-0.2037037037037037,0.1111111111111111,23,85,0.4851851851851851,1.0,False
sub-10_ses-2,sub-10_ses-2_ecephys+image.nwb,10,2,7,135,0.1666666666666666,0.0626937306269373,0.0,-0.037037037037037,0.3703703703703703,42,63,0.5444444444444444,0.2507749225077492,False
sub-10_ses-2,sub-10_ses-2_ecephys+image.nwb,10,2,8,135,0.3703703703703703,0.0084991500849915,0.0,0.0833333333333333,0.6574074074074074,57,43,0.5814814814814815,0.039662700396627,True
sub-10_ses-2,sub-10_ses-2_ecephys+image.nwb,10,2,9,135,0.4814814814814814,0.1128887111288871,0.0,-0.2685185185185185,1.212962962962963,61,21,0.5296296296296297,0.3512093235120932,False
sub-10_ses-2,sub-10_ses-2_ecephys+image.nwb,10,2,10,135,0.0,0.5333466653334666,0.0,-0.1851851851851851,0.1851851851851851,29,78,0.5037037037037037,0.8805856256479615,False
sub-10_ses-2,sub-10_ses-2_ecephys+image.nwb,10,2,11,135,2.2314814814814814,9.999000099990002e-05,1.25,1.4351851851851851,3.009259259259259,87,15,0.7,0.0009332400093324,True
sub-10_ses-2,sub-10_ses-2_ecephys+image.nwb,10,2,12,135,-0.9351851851851852,0.9994000599940006,-1.25,-1.4907407407407407,-0.3703703703703703,37,20,0.3481481481481481,1.0,False
sub-10_ses-2,sub-10_ses-2_ecephys+image.nwb,10,2,13,135,-0.0648148148148148,0.5975402459754025,0.0,-0.5925925925925926,0.4629629629629629,54,26,0.4962962962962963,0.8805856256479615,False
sub-10_ses-2,sub-10_ses-2_ecephys+image.nwb,10,2,14,135,-0.5648148148148148,1.0,0.0,-0.8055555555555556,-0.3425925925925926,3,99,0.3888888888888889,1.0,False
sub-10_ses-2,sub-10_ses-2_ecephys+image.nwb,10,2,15,135,-0.0092592592592592,0.5427457254274572,0.0,-0.3055555555555556,0.287037037037037,40,55,0.5,0.8805856256479615,False
sub-10_ses-2,sub-10_ses-2_ecephys+image.nwb,10,2,16,135,-0.2592592592592592,0.8086191380861913,0.0,-0.8611111111111112,0.3611111111111111,52,19,0.4555555555555555,1.0,False
sub-10_ses-2,sub-10_ses-2_ecephys+image.nwb,10,2,17,135,1.2777777777777777,0.0033996600339966,1.25,0.3796296296296296,2.1576388888888856,70,17,0.5814814814814815,0.0190380961903809,True
sub-10_ses-2,sub-10_ses-2_ecephys+image.nwb,10,2,18,135,0.9444444444444444,9.999000099990002e-05,0.0,0.5462962962962963,1.3703703703703705,55,55,0.6111111111111112,0.0009332400093324,True
sub-10_ses-2,sub-10_ses-2_ecephys+image.nwb,10,2,19,135,0.037037037037037,0.3075692430756924,0.0,-0.074074074074074,0.1481481481481481,17,106,0.5185185185185185,0.7176615671766158,False
sub-10_ses-2,sub-10_ses-2_ecephys+image.nwb,10,2,20,135,0.9444444444444444,9.999000099990002e-05,0.0,0.5370370370370371,1.3888888888888888,66,37,0.6259259259259259,0.0009332400093324,True
sub-10_ses-2,sub-10_ses-2_ecephys+image.nwb,10,2,21,135,-0.5185185185185185,0.9995000499950004,0.0,-0.8333333333333334,-0.2129629629629629,30,44,0.3851851851851852,1.0,False
sub-10_ses-2,sub-10_ses-2_ecephys+image.nwb,10,2,22,135,0.1111111111111111,0.3886611338866113,0.0,-0.5833333333333334,0.7870370370370371,56,26,0.5111111111111111,0.7773222677732227,False
sub-10_ses-2,sub-10_ses-2_ecephys+image.nwb,10,2,23,135,-3.462962962962963,1.0,-3.75,-4.398148148148148,-2.574074074074074,35,9,0.2925925925925925,1.0,False
sub-10_ses-2,sub-10_ses-2_ecephys+image.nwb,10,2,24,135,-0.0555555555555555,0.5712428757124287,0.0,-0.7407407407407407,0.6481481481481481,55,14,0.4592592592592592,0.8805856256479615,False
sub-10_ses-2,sub-10_ses-2_ecephys+image.nwb,10,2,25,135,-1.4814814814814814,1.0,-1.25,-2.0185185185185186,-0.9444444444444444,27,33,0.3222222222222222,1.0,False
sub-10_ses-2,sub-10_ses-2_ecephys+image.nwb,10,2,26,135,0.1296296296296296,0.0911908809119088,0.0,-0.0185185185185185,0.324074074074074,12,116,0.5185185185185185,0.3191680831916809,False
sub-10_ses-2,sub-10_ses-2_ecephys+image.nwb,10,2,27,135,0.7685185185185185,0.0002999700029997,0.0,0.3518518518518518,1.1944444444444444,43,73,0.5888888888888889,0.0020997900209979,True
sub-11_ses-2,sub-11_ses-2_ecephys+image.nwb,11,2,0,135,-0.0185185185185185,0.6373362663733627,0.0,-0.1666666666666666,0.1388888888888889,18,99,0.5,0.8575069765750699,False
sub-11_ses-2,sub-11_ses-2_ecephys+image.nwb,11,2,1,135,0.4814814814814814,0.0032996700329967,0.0,0.1388888888888889,0.8148148148148148,61,52,0.6444444444444445,0.0271306202713062,True
sub-11_ses-2,sub-11_ses-2_ecephys+image.nwb,11,2,2,135,0.8055555555555556,9.999000099990002e-05,0.0,0.4629629629629629,1.1851851851851851,59,54,0.6370370370370371,0.0018498150184981,True
sub-11_ses-2,sub-11_ses-2_ecephys+image.nwb,11,2,3,135,-0.2407407407407407,0.93000699930007,0.0,-0.5740740740740741,0.0833333333333333,38,42,0.437037037037037,1.0,False
sub-11_ses-2,sub-11_ses-2_ecephys+image.nwb,11,2,4,135,-0.2407407407407407,0.8614138586141386,0.0,-0.6944444444444444,0.2037037037037037,51,31,0.4925925925925926,1.0,False
sub-11_ses-2,sub-11_ses-2_ecephys+image.nwb,11,2,5,135,-0.5833333333333334,0.9984001599840016,0.0,-0.981712962962963,-0.1851851851851851,39,31,0.4037037037037037,1.0,False
sub-11_ses-2,sub-11_ses-2_ecephys+image.nwb,11,2,6,135,0.4629629629629629,0.1602839716028397,1.25,-0.4259259259259259,1.3333333333333333,71,6,0.5481481481481482,0.3121319447002668,False
sub-11_ses-2,sub-11_ses-2_ecephys+image.nwb,11,2,7,135,1.6203703703703705,9.999000099990002e-05,1.25,1.0925925925925926,2.1481481481481484,78,28,0.6814814814814815,0.0018498150184981,True
sub-11_ses-2,sub-11_ses-2_ecephys+image.nwb,11,2,8,135,0.0833333333333333,0.1961803819618038,0.0,-0.0833333333333333,0.25,35,73,0.5296296296296297,0.3456511491707972,False
sub-11_ses-2,sub-11_ses-2_ecephys+image.nwb,11,2,9,135,-0.3425925925925926,0.9883011698830118,0.0,-0.6574074074074074,-0.037037037037037,36,42,0.4222222222222222,1.0,False
sub-11_ses-2,sub-11_ses-2_ecephys+image.nwb,11,2,10,135,-0.7222222222222222,0.9374062593740626,0.0,-1.6851851851851851,0.2129629629629629,59,12,0.4814814814814814,1.0,False
sub-11_ses-2,sub-11_ses-2_ecephys+image.nwb,11,2,11,135,0.1574074074074074,0.1672832716728327,0.0,-0.1391203703703703,0.4537037037037037,52,41,0.5370370370370371,0.3174092847125544,False
sub-11_ses-2,sub-11_ses-2_ecephys+image.nwb,11,2,12,135,-2.611111111111111,1.0,-2.5,-3.388888888888889,-1.8423611111111144,22,16,0.2222222222222222,1.0,False
sub-11_ses-2,sub-11_ses-2_ecephys+image.nwb,11,2,13,135,-0.3055555555555556,0.9883011698830118,0.0,-0.5740740740740741,-0.037037037037037,31,50,0.4148148148148148,1.0,False
sub-11_ses-2,sub-11_ses-2_ecephys+image.nwb,11,2,14,135,-0.2222222222222222,0.9924007599240076,0.0,-0.4074074074074074,-0.0182870370370404,5,106,0.4296296296296296,1.0,False
sub-11_ses-2,sub-11_ses-2_ecephys+image.nwb,11,2,15,135,-0.2777777777777778,0.7118288171182882,0.0,-1.2592592592592593,0.6666666666666666,58,10,0.4666666666666667,0.9241286397676022,False
sub-11_ses-2,sub-11_ses-2_ecephys+image.nwb,11,2,16,135,1.1296296296296295,9.999000099990002e-05,1.25,0.6851851851851852,1.5925925925925926,78,19,0.6481481481481481,0.0018498150184981,True
sub-11_ses-2,sub-11_ses-2_ecephys+image.nwb,11,2,17,135,-1.4537037037037035,1.0,-1.25,-2.074074074074074,-0.8240740740740741,31,21,0.3074074074074074,1.0,False
sub-11_ses-2,sub-11_ses-2_ecephys+image.nwb,11,2,18,135,-0.8981481481481481,1.0,-1.25,-1.305787037037037,-0.4722222222222222,35,28,0.362962962962963,1.0,False
sub-11_ses-2,sub-11_ses-2_ecephys+image.nwb,11,2,19,135,-1.2222222222222223,0.999900009999,-1.25,-1.787037037037037,-0.6574074074074074,33,25,0.337037037037037,1.0,False
sub-11_ses-2,sub-11_ses-2_ecephys+image.nwb,11,2,20,135,0.2407407407407407,0.1893810618938106,0.0,-0.2777777777777778,0.7407407407407407,63,24,0.5555555555555556,0.3418097214668777,False
sub-11_ses-2,sub-11_ses-2_ecephys+image.nwb,11,2,21,135,0.3703703703703703,0.0504949505049495,0.0,-0.0462962962962962,0.7962962962962963,59,28,0.5407407407407407,0.1494650534946505,False
sub-11_ses-2,sub-11_ses-2_ecephys+image.nwb,11,2,22,135,0.3333333333333333,0.0077992200779922,0.0,0.0648148148148148,0.5925925925925926,45,61,0.5592592592592592,0.041224448983673,True
sub-11_ses-2,sub-11_ses-2_ecephys+image.nwb,11,2,23,135,0.2037037037037037,0.0367963203679632,0.0,-0.0092592592592592,0.4166666666666667,41,64,0.5407407407407407,0.1257874212578742,False
sub-11_ses-2,sub-11_ses-2_ecephys+image.nwb,11,2,24,135,-0.0277777777777777,0.5687431256874312,0.0,-0.4537037037037037,0.3888888888888889,52,28,0.4888888888888889,0.8093652173244213,False
sub-11_ses-2,sub-11_ses-2_ecephys+image.nwb,11,2,25,135,-0.1203703703703703,0.9874012598740126,0.0,-0.2407407407407407,-0.0092592592592592,11,103,0.4629629629629629,1.0,False
sub-11_ses-2,sub-11_ses-2_ecephys+image.nwb,11,2,26,135,0.6203703703703703,0.0373962603739626,0.0,-0.0462962962962962,1.287268518518515,63,27,0.5666666666666667,0.1257874212578742,False
sub-11_ses-2,sub-11_ses-2_ecephys+image.nwb,11,2,27,135,0.1666666666666666,0.0457954204579542,0.0,-0.0092592592592592,0.3518518518518518,30,89,0.5518518518518518,0.1412025464120254,False
sub-11_ses-2,sub-11_ses-2_ecephys+image.nwb,11,2,28,135,-0.1018518518518518,0.8005199480051994,0.0,-0.3611111111111111,0.1574074074074074,22,80,0.4592592592592592,1.0,False
sub-11_ses-2,sub-11_ses-2_ecephys+image.nwb,11,2,29,135,1.101851851851852,0.0021997800219978,1.25,0.3981481481481481,1.851851851851852,72,23,0.6185185185185185,0.0203479652034796,True
sub-11_ses-2,sub-11_ses-2_ecephys+image.nwb,11,2,30,135,0.2407407407407407,0.2381761823817618,0.0,-0.3703703703703703,0.85208333333333,65,20,0.5555555555555556,0.4098845929360553,False
sub-11_ses-2,sub-11_ses-2_ecephys+image.nwb,11,2,31,135,0.2037037037037037,0.0046995300469953,0.0,0.0648148148148148,0.3703703703703703,23,102,0.5481481481481482,0.0347765223477652,True
sub-11_ses-2,sub-11_ses-2_ecephys+image.nwb,11,2,32,135,0.074074074074074,0.2811718828117188,0.0,-0.1388888888888889,0.287037037037037,16,105,0.5074074074074074,0.4728799847287998,False
sub-11_ses-2,sub-11_ses-2_ecephys+image.nwb,11,2,33,135,0.0185185185185185,0.4523547645235476,0.0,-0.1481481481481481,0.1944444444444444,19,94,0.4888888888888889,0.6694850514948506,False
sub-11_ses-2,sub-11_ses-2_ecephys+image.nwb,11,2,34,135,0.0462962962962962,0.3656634336566343,0.0,-0.1574074074074074,0.2685185185185185,23,88,0.4962962962962963,0.55222641001206,False
sub-11_ses-2,sub-11_ses-2_ecephys+image.nwb,11,2,35,135,0.0092592592592592,0.4971502849715029,0.0,-0.1203703703703703,0.1388888888888889,10,115,0.5,0.7213553154488473,False
sub-11_ses-2,sub-11_ses-2_ecephys+image.nwb,11,2,36,135,0.5370370370370371,0.0002999700029997,0.0,0.2407407407407407,0.8518518518518519,37,76,0.5555555555555556,0.0044395560443955,True
sub-11_ses-2,sub-11_ses-2_ecephys+image.nwb,11,2,37,135,-0.0833333333333333,0.8306169383061693,0.0,-0.2685185185185185,0.0925925925925925,19,89,0.4703703703703704,1.0,False
sub-11_ses-2,sub-11_ses-2_ecephys+image.nwb,11,2,38,135,0.4166666666666667,0.0403959604039596,0.0,-0.0277777777777777,0.8796296296296297,48,49,0.5370370370370371,0.1299696117344787,False
sub-11_ses-2,sub-11_ses-2_ecephys+image.nwb,11,2,39,135,0.3703703703703703,0.081991800819918,0.0,-0.1388888888888889,0.8518518518518519,54,39,0.5444444444444444,0.1957223632475462,False
sub-11_ses-2,sub-11_ses-2_ecephys+image.nwb,11,2,40,135,0.4166666666666667,0.0167983201679832,0.0,0.0555555555555555,0.7872685185185152,41,65,0.5444444444444444,0.0731220995547504,False
sub-11_ses-2,sub-11_ses-2_ecephys+image.nwb,11,2,41,135,0.1203703703703703,0.0684931506849315,0.0,-0.0185185185185185,0.2685185185185185,13,113,0.5148148148148148,0.1820746496778893,False
sub-11_ses-2,sub-11_ses-2_ecephys+image.nwb,11,2,42,135,0.0925925925925925,0.0912908709129087,0.0,-0.0277777777777777,0.2129629629629629,23,98,0.5333333333333333,0.1993447714052124,False
sub-11_ses-2,sub-11_ses-2_ecephys+image.nwb,11,2,43,135,0.7129629629629629,0.0061993800619938,0.0,0.1759259259259259,1.25,65,38,0.6222222222222222,0.0382295103822951,True
sub-11_ses-2,sub-11_ses-2_ecephys+image.nwb,11,2,44,135,0.287037037037037,0.0915908409159084,0.0,-0.1203703703703703,0.7037037037037037,47,47,0.5222222222222223,0.1993447714052124,False
sub-11_ses-2,sub-11_ses-2_ecephys+image.nwb,11,2,45,135,0.1759259259259259,0.0763923607639236,0.0,-0.0462962962962962,0.4074074074074074,45,60,0.5555555555555556,0.1949322309148395,False
sub-11_ses-2,sub-11_ses-2_ecephys+image.nwb,11,2,46,135,0.1851851851851851,0.0688931106889311,0.0,-0.0555555555555555,0.4166666666666667,50,49,0.5518518518518518,0.1820746496778893,False
sub-11_ses-2,sub-11_ses-2_ecephys+image.nwb,11,2,47,135,0.1296296296296296,0.0325967403259674,0.0,0.0092592592592592,0.2592592592592592,25,97,0.5444444444444444,0.1206079392060793,False
sub-11_ses-2,sub-11_ses-2_ecephys+image.nwb,11,2,48,135,0.4537037037037037,0.0053994600539946,0.0,0.1111111111111111,0.7870370370370371,62,34,0.5851851851851851,0.0363236403632364,True
sub-11_ses-2,sub-11_ses-2_ecephys+image.nwb,11,2,49,135,0.4629629629629629,0.0007999200079992,0.0,0.2037037037037037,0.7129629629629629,56,56,0.6222222222222222,0.0098656800986568,True
sub-11_ses-2,sub-11_ses-2_ecephys+image.nwb,11,2,50,135,0.4444444444444444,0.0104989501049895,0.0,0.0648148148148148,0.7962962962962963,62,40,0.6074074074074074,0.0517948205179482,False
sub-11_ses-2,sub-11_ses-2_ecephys+image.nwb,11,2,51,135,0.5555555555555556,0.0208979102089791,0.0,0.037037037037037,1.0648148148148149,61,31,0.5666666666666667,0.0859136308591363,False
sub-11_ses-2,sub-11_ses-2_ecephys+image.nwb,11,2,52,135,0.2037037037037037,0.0803919608039196,0.0,-0.0833333333333333,0.4631944444444411,52,51,0.5740740740740741,0.1957223632475462,False
sub-11_ses-2,sub-11_ses-2_ecephys+image.nwb,11,2,53,135,0.3796296296296296,0.0070992900709929,0.0,0.0833333333333333,0.6851851851851852,54,47,0.5740740740740741,0.0404113434810365,True
sub-11_ses-2,sub-11_ses-2_ecephys+image.nwb,11,2,54,135,0.5462962962962963,0.0136986301369863,0.0,0.0648148148148148,1.0277777777777777,64,25,0.5666666666666667,0.0633561643835616,False
sub-11_ses-2,sub-11_ses-2_ecephys+image.nwb,11,2,55,135,-0.037037037037037,0.613038696130387,0.0,-0.3425925925925926,0.2502314814814781,26,86,0.5111111111111111,0.8481744418150777,False
sub-11_ses-2,sub-11_ses-2_ecephys+image.nwb,11,2,56,135,1.1388888888888888,9.999000099990002e-05,1.25,0.5740740740740741,1.7222222222222223,77,18,0.6370370370370371,0.0018498150184981,True
sub-11_ses-2,sub-11_ses-2_ecephys+image.nwb,11,2,57,135,0.3333333333333333,0.1453854614538546,0.0,-0.25,0.9074074074074074,61,27,0.5518518518518518,0.2988478929884789,False
sub-11_ses-2,sub-11_ses-2_ecephys+image.nwb,11,2,58,135,-0.5740740740740741,0.999900009999,0.0,-0.8981481481481481,-0.2592592592592592,20,70,0.4074074074074074,1.0,False
sub-11_ses-2,sub-11_ses-2_ecephys+image.nwb,11,2,59,135,0.3611111111111111,0.0018998100189981,0.0,0.1296296296296296,0.6018518518518519,37,75,0.5518518518518518,0.0200837059151227,True
sub-11_ses-2,sub-11_ses-2_ecephys+image.nwb,11,2,60,135,-0.1574074074074074,0.6593340665933407,0.0,-0.9074074074074074,0.5925925925925926,49,25,0.4555555555555555,0.8712628737126288,False
sub-11_ses-2,sub-11_ses-2_ecephys+image.nwb,11,2,61,135,0.2592592592592592,0.060993900609939,0.0,-0.0462962962962962,0.5740740740740741,46,53,0.5370370370370371,0.1735980248129033,False
sub-11_ses-2,sub-11_ses-2_ecephys+image.nwb,11,2,62,135,0.1574074074074074,0.363963603639636,0.0,-0.7037037037037037,0.9907407407407408,67,11,0.5370370370370371,0.55222641001206,False
sub-11_ses-2,sub-11_ses-2_ecephys+image.nwb,11,2,63,135,0.4351851851851852,0.1796820317968203,0.0,-0.4444444444444444,1.3333333333333333,59,13,0.4851851851851851,0.3324117588241175,False
sub-11_ses-2,sub-11_ses-2_ecephys+image.nwb,11,2,64,135,0.2314814814814814,0.0902909709029097,0.0,-0.0833333333333333,0.5555555555555556,49,49,0.5444444444444444,0.1993447714052124,False
sub-11_ses-2,sub-11_ses-2_ecephys+image.nwb,11,2,65,135,0.074074074074074,0.2942705729427057,0.0,-0.1481481481481481,0.287037037037037,34,70,0.5111111111111111,0.4839116088391161,False
sub-11_ses-2,sub-11_ses-2_ecephys+image.nwb,11,2,66,135,0.0833333333333333,0.3288671132886711,0.0,-0.2409722222222221,0.3981481481481481,47,50,0.5333333333333333,0.529047095290471,False
sub-11_ses-2,sub-11_ses-2_ecephys+image.nwb,11,2,67,135,0.1851851851851851,0.1537846215378462,0.0,-0.1574074074074074,0.5277777777777778,50,45,0.5370370370370371,0.3075692430756924,False
sub-11_ses-2,sub-11_ses-2_ecephys+image.nwb,11,2,68,135,0.4074074074074074,0.0267973202679732,0.0,0.0092592592592592,0.8148148148148148,57,33,0.5444444444444444,0.1043685105173693,False
sub-11_ses-2,sub-11_ses-2_ecephys+image.nwb,11,2,69,135,-0.2407407407407407,0.7376262373762624,0.0,-0.9907407407407408,0.5370370370370371,63,14,0.5185185185185185,0.941109337342128,False
sub-11_ses-2,sub-11_ses-2_ecephys+image.nwb,11,2,70,135,0.1111111111111111,0.3615638436156384,0.0,-0.4444444444444444,0.6759259259259259,59,23,0.5222222222222223,0.55222641001206,False
sub-11_ses-2,sub-11_ses-2_ecephys+image.nwb,11,2,71,135,-0.4074074074074074,0.8989101089891011,0.0,-1.037037037037037,0.2407407407407407,55,16,0.4666666666666667,1.0,False
sub-11_ses-2,sub-11_ses-2_ecephys+image.nwb,11,2,72,135,0.4537037037037037,0.1175882411758824,0.0,-0.287037037037037,1.1851851851851851,65,20,0.5555555555555556,0.2486151384861513,False
sub-11_ses-2,sub-11_ses-2_ecephys+image.nwb,11,2,73,135,-0.0277777777777777,0.618938106189381,0.0,-0.2592592592592592,0.1944444444444444,40,54,0.4962962962962963,0.8481744418150777,False
sub-12_ses-2,sub-12_ses-2_ecephys+image.nwb,12,2,0,135,-0.0925925925925925,0.671032896710329,0.0,-0.5833333333333334,0.3333333333333333,49,37,0.5,0.9693697296936972,False
sub-12_ses-2,sub-12_ses-2_ecephys+image.nwb,12,2,1,135,-0.037037037037037,0.575942405759424,0.0,-0.5092592592592593,0.4444444444444444,56,25,0.5074074074074074,0.9693697296936972,False
sub-12_ses-2,sub-12_ses-2_ecephys+image.nwb,12,2,2,135,-0.037037037037037,0.633036696330367,0.0,-0.287037037037037,0.2129629629629629,39,50,0.4740740740740741,0.9693697296936972,False
sub-12_ses-2,sub-12_ses-2_ecephys+image.nwb,12,2,3,135,-0.0092592592592592,0.53004699530047,0.0,-0.4444444444444444,0.4074074074074074,52,27,0.4851851851851851,0.9693697296936972,False
sub-12_ses-2,sub-12_ses-2_ecephys+image.nwb,12,2,4,135,-0.1111111111111111,0.8919108089191081,0.0,-0.3055555555555556,0.074074074074074,31,69,0.4851851851851851,0.9693697296936972,False
sub-12_ses-2,sub-12_ses-2_ecephys+image.nwb,12,2,5,135,-0.7222222222222222,0.9926007399260074,0.0,-1.287037037037037,-0.1574074074074074,44,26,0.4222222222222222,0.9926007399260074,False
sub-12_ses-2,sub-12_ses-2_ecephys+image.nwb,12,2,6,135,-0.0648148148148148,0.7607239276072393,0.0,-0.2592592592592592,0.1203703703703703,29,74,0.4888888888888889,0.9693697296936972,False
sub-12_ses-2,sub-12_ses-2_ecephys+image.nwb,12,2,7,135,-0.2129629629629629,0.89001099890011,0.0,-0.5648148148148148,0.1388888888888889,38,38,0.4222222222222222,0.9693697296936972,False
sub-12_ses-2,sub-12_ses-2_ecephys+image.nwb,12,2,8,135,-0.1296296296296296,0.9047095290470952,0.0,-0.3425925925925926,0.074074074074074,29,72,0.4814814814814814,0.9693697296936972,False
sub-12_ses-2,sub-12_ses-2_ecephys+image.nwb,12,2,9,135,-0.3703703703703703,0.9253074692530748,-1.25,-0.8888888888888888,0.1574074074074074,42,24,0.4,0.9693697296936972,False
sub-12_ses-2,sub-12_ses-2_ecephys+image.nwb,12,2,10,135,0.0925925925925925,0.3285671432856714,0.0,-0.2777777777777778,0.4629629629629629,51,44,0.5407407407407407,0.8031641280316413,False
sub-12_ses-2,sub-12_ses-2_ecephys+image.nwb,12,2,11,135,-0.1388888888888889,0.8092190780921907,0.0,-0.4629629629629629,0.1944444444444444,42,34,0.437037037037037,0.9693697296936972,False
sub-12_ses-2,sub-12_ses-2_ecephys+image.nwb,12,2,12,135,0.5092592592592593,0.0253974602539746,0.0,0.0185185185185185,1.0187499999999967,52,42,0.5407407407407407,0.1396860313968603,False
sub-12_ses-2,sub-12_ses-2_ecephys+image.nwb,12,2,13,135,0.8055555555555556,9.999000099990002e-05,0.0,0.4537037037037037,1.1574074074074074,64,48,0.6518518518518519,0.0021997800219978,True
sub-12_ses-2,sub-12_ses-2_ecephys+image.nwb,12,2,14,135,0.3888888888888889,0.0115988401159884,0.0,0.074074074074074,0.7129629629629629,60,37,0.5814814814814815,0.0850581608505816,False
sub-12_ses-2,sub-12_ses-2_ecephys+image.nwb,12,2,15,135,0.1388888888888889,0.2106789321067893,0.0,-0.1666666666666666,0.4629629629629629,36,61,0.4925925925925926,0.6621337866213378,False
sub-12_ses-2,sub-12_ses-2_ecephys+image.nwb,12,2,16,135,-0.1388888888888889,0.7408259174082592,0.0,-0.5740740740740741,0.2592592592592592,31,74,0.5037037037037037,0.9693697296936972,False
sub-12_ses-2,sub-12_ses-2_ecephys+image.nwb,12,2,17,135,0.0277777777777777,0.4233576642335766,0.0,-0.1666666666666666,0.213194444444441,13,111,0.5074074074074074,0.9313868613138686,False
sub-12_ses-2,sub-12_ses-2_ecephys+image.nwb,12,2,18,135,0.074074074074074,0.3086691330866913,0.0,-0.1759259259259259,0.3333333333333333,31,73,0.5,0.8031641280316413,False
sub-12_ses-2,sub-12_ses-2_ecephys+image.nwb,12,2,19,135,1.7777777777777777,0.0007999200079992,1.25,0.6666666666666666,2.8706018518518484,80,9,0.6259259259259259,0.0087991200879912,True
sub-12_ses-2,sub-12_ses-2_ecephys+image.nwb,12,2,20,135,0.3055555555555556,0.0800919908009199,0.0,-0.1111111111111111,0.7037037037037037,58,36,0.562962962962963,0.3524047595240476,False
sub-12_ses-2,sub-12_ses-2_ecephys+image.nwb,12,2,21,135,0.1851851851851851,0.1981801819818018,0.0,-0.2222222222222222,0.6111111111111112,52,39,0.5296296296296297,0.6621337866213378,False
sub-13_ses-2,sub-13_ses-2_ecephys+image.nwb,13,2,0,135,0.1944444444444444,0.2507749225077492,0.0,-0.1666666666666666,0.7129629629629629,30,74,0.4962962962962963,0.4040262640402626,False
sub-13_ses-2,sub-13_ses-2_ecephys+image.nwb,13,2,1,135,0.3888888888888889,0.0603939606039396,0.0,-0.0277777777777777,1.0185185185185186,37,69,0.5296296296296297,0.1843605113172893,False
sub-13_ses-2,sub-13_ses-2_ecephys+image.nwb,13,2,2,135,0.1666666666666666,0.1357864213578642,0.0,-0.1111111111111111,0.4444444444444444,39,70,0.5481481481481482,0.2625204146252041,False
sub-13_ses-2,sub-13_ses-2_ecephys+image.nwb,13,2,3,135,-0.3796296296296296,0.90990900909909,0.0,-0.9074074074074074,0.2037037037037037,40,37,0.4333333333333333,1.0,False
sub-13_ses-2,sub-13_ses-2_ecephys+image.nwb,13,2,4,135,-0.074074074074074,0.7479252074792521,0.0,-0.3055555555555556,0.1666666666666666,27,79,0.4925925925925926,0.9639924896399248,False
sub-13_ses-2,sub-13_ses-2_ecephys+image.nwb,13,2,5,135,-0.0185185185185185,0.5974402559744025,0.0,-0.2314814814814814,0.1944444444444444,23,89,0.5,0.8250365439646511,False
sub-13_ses-2,sub-13_ses-2_ecephys+image.nwb,13,2,6,135,1.1388888888888888,0.0270972902709729,0.0,-0.0094907407407406,2.305555555555556,65,12,0.5259259259259259,0.0924495785715546,False
sub-13_ses-2,sub-13_ses-2_ecephys+image.nwb,13,2,7,135,0.4444444444444444,0.0942905709429057,0.0,-0.2037037037037037,1.0833333333333333,58,20,0.5037037037037037,0.2377762223777622,False
sub-13_ses-2,sub-13_ses-2_ecephys+image.nwb,13,2,8,135,0.2222222222222222,0.1344865513448655,0.0,-0.1483796296296295,0.5925925925925926,61,29,0.5592592592592592,0.2625204146252041,False
sub-13_ses-2,sub-13_ses-2_ecephys+image.nwb,13,2,9,135,0.1296296296296296,0.1612838716128387,0.0,-0.1111111111111111,0.3703703703703703,48,52,0.5481481481481482,0.3017569210820853,False
sub-13_ses-2,sub-13_ses-2_ecephys+image.nwb,13,2,10,135,0.1111111111111111,0.1932806719328067,0.0,-0.1203703703703703,0.3333333333333333,40,61,0.5222222222222223,0.3297140874147879,False
sub-13_ses-2,sub-13_ses-2_ecephys+image.nwb,13,2,11,135,0.2129629629629629,0.0544945505449455,0.0,-0.0277777777777777,0.4537037037037037,44,64,0.562962962962963,0.1755935517559355,False
sub-13_ses-2,sub-13_ses-2_ecephys+image.nwb,13,2,12,135,0.1574074074074074,0.0154984501549845,0.0,0.0277777777777777,0.3055555555555556,10,121,0.5222222222222223,0.0599273405992734,False
sub-13_ses-2,sub-13_ses-2_ecephys+image.nwb,13,2,13,135,1.1203703703703705,9.999000099990002e-05,1.25,0.6111111111111112,1.6388888888888888,68,35,0.6333333333333333,0.0014498550144985,True
sub-13_ses-2,sub-13_ses-2_ecephys+image.nwb,13,2,14,135,0.3981481481481481,9.999000099990002e-05,0.0,0.1851851851851851,0.6203703703703703,32,97,0.5962962962962963,0.0014498550144985,True
sub-13_ses-2,sub-13_ses-2_ecephys+image.nwb,13,2,15,135,0.0648148148148148,0.347965203479652,0.0,-0.2224537037037036,0.3518518518518518,43,54,0.5185185185185185,0.5258140852581409,False
sub-13_ses-2,sub-13_ses-2_ecephys+image.nwb,13,2,16,135,0.5462962962962963,0.1232876712328767,1.25,-0.3613425925925925,1.4444444444444444,72,12,0.5777777777777777,0.2625204146252041,False
sub-13_ses-2,sub-13_ses-2_ecephys+image.nwb,13,2,17,135,0.5555555555555556,0.0052994700529947,0.0,0.1481481481481481,0.9722222222222222,59,34,0.562962962962963,0.0279426602794266,True
sub-13_ses-2,sub-13_ses-2_ecephys+image.nwb,13,2,18,135,0.0833333333333333,0.1044895510448955,0.0,-0.0277777777777777,0.2037037037037037,14,112,0.5185185185185185,0.2424157584241575,False
sub-13_ses-2,sub-13_ses-2_ecephys+image.nwb,13,2,19,135,-0.0185185185185185,0.6382361763823617,0.0,-0.1759259259259259,0.1296296296296296,19,99,0.5074074074074074,0.8608767030273716,False
sub-13_ses-2,sub-13_ses-2_ecephys+image.nwb,13,2,20,135,0.1388888888888889,0.0245975402459754,0.0,0.0185185185185185,0.2685185185185185,15,115,0.5370370370370371,0.0891660833916608,False
sub-13_ses-2,sub-13_ses-2_ecephys+image.nwb,13,2,21,135,4.194444444444445,9.999000099990002e-05,3.75,2.814814814814815,5.574074074074074,90,10,0.7037037037037037,0.0014498550144985,True
sub-13_ses-2,sub-13_ses-2_ecephys+image.nwb,13,2,22,135,0.7685185185185185,0.0013998600139986,0.0,0.2962962962962963,1.2685185185185186,52,54,0.5851851851851851,0.0101489851014898,True
sub-13_ses-2,sub-13_ses-2_ecephys+image.nwb,13,2,23,135,-0.0648148148148148,0.8056194380561944,0.0,-0.2314814814814814,0.1018518518518518,18,93,0.4777777777777778,0.9734568209845682,False
sub-13_ses-2,sub-13_ses-2_ecephys+image.nwb,13,2,24,135,0.4629629629629629,0.0005999400059994,0.0,0.2037037037037037,0.75,31,89,0.5592592592592592,0.0049709314782807,True
sub-13_ses-2,sub-13_ses-2_ecephys+image.nwb,13,2,25,135,0.2314814814814814,0.108989101089891,0.0,-0.1203703703703703,0.5740740740740741,53,36,0.5259259259259259,0.2431295332005261,False
sub-13_ses-2,sub-13_ses-2_ecephys+image.nwb,13,2,26,135,0.0277777777777777,0.4007599240075992,0.0,-0.1203703703703703,0.1574074074074074,14,114,0.5259259259259259,0.5811018898110188,False
sub-13_ses-2,sub-13_ses-2_ecephys+image.nwb,13,2,27,135,-0.0833333333333333,0.7318268173182682,0.0,-0.3796296296296296,0.2037037037037037,45,47,0.5074074074074074,0.9639924896399248,False
sub-13_ses-2,sub-13_ses-2_ecephys+image.nwb,13,2,28,135,0.1759259259259259,0.0061993800619938,0.0,0.0462962962962962,0.3148148148148148,19,111,0.5518518518518518,0.0299636702996367,True
sub-13_ses-2,sub-13_ses-2_ecephys+image.nwb,13,2,29,135,0.1944444444444444,0.190980901909809,0.0,-0.2037037037037037,0.6296296296296297,58,27,0.5296296296296297,0.3297140874147879,False
sub-13_ses-2,sub-13_ses-2_ecephys+image.nwb,13,2,30,135,0.3703703703703703,0.0103989601039896,0.0,0.0648148148148148,0.6759259259259259,57,40,0.5703703703703704,0.0463953604639536,True
sub-13_ses-2,sub-13_ses-2_ecephys+image.nwb,13,2,31,135,-0.4166666666666667,0.9957004299570044,0.0,-0.731712962962963,-0.1111111111111111,22,68,0.4148148148148148,1.0,False
sub-13_ses-2,sub-13_ses-2_ecephys+image.nwb,13,2,32,135,-0.6759259259259259,0.999900009999,-1.25,-1.0555555555555556,-0.3055555555555556,38,28,0.3851851851851852,1.0,False
sub-13_ses-2,sub-13_ses-2_ecephys+image.nwb,13,2,33,135,0.5185185185185185,0.0138986101389861,0.0,0.0648148148148148,0.9537037037037036,57,34,0.5481481481481482,0.0575799562900852,False
sub-13_ses-2,sub-13_ses-2_ecephys+image.nwb,13,2,34,135,-1.1851851851851851,0.9989001099890013,-1.25,-1.9076388888888889,-0.4537037037037037,39,18,0.3555555555555555,1.0,False
sub-13_ses-2,sub-13_ses-2_ecephys+image.nwb,13,2,35,135,-1.351851851851852,0.9997000299970004,-1.25,-2.1944444444444446,-0.5,47,12,0.3925925925925926,1.0,False
sub-13_ses-2,sub-13_ses-2_ecephys+image.nwb,13,2,36,135,1.4444444444444444,9.999000099990002e-05,1.25,0.7870370370370371,2.101851851851852,73,26,0.6370370370370371,0.0014498550144985,True
sub-13_ses-2,sub-13_ses-2_ecephys+image.nwb,13,2,37,135,0.7592592592592593,0.0040995900409959,1.25,0.2129629629629629,1.3148148148148149,73,19,0.6111111111111112,0.0237776222377762,True
sub-13_ses-2,sub-13_ses-2_ecephys+image.nwb,13,2,38,135,-0.1759259259259259,0.8561143885611439,0.0,-0.5092592592592593,0.1481481481481481,40,44,0.4592592592592592,1.0,False
sub-13_ses-2,sub-13_ses-2_ecephys+image.nwb,13,2,39,135,0.1574074074074074,0.1796820317968203,0.0,-0.1574074074074074,0.4722222222222222,46,58,0.5555555555555556,0.3256736826317368,False
sub-13_ses-2,sub-13_ses-2_ecephys+image.nwb,13,2,40,135,-1.3611111111111112,0.999900009999,-1.25,-1.9722222222222223,-0.7407407407407407,31,26,0.3259259259259259,1.0,False
sub-13_ses-2,sub-13_ses-2_ecephys+image.nwb,13,2,41,135,0.6481481481481481,0.0003999600039996,1.25,0.2777777777777778,1.0092592592592593,75,30,0.6666666666666666,0.0038662800386628,True
sub-13_ses-2,sub-13_ses-2_ecephys+image.nwb,13,2,42,135,-0.3518518518518518,0.7772222777722227,0.0,-1.0925925925925926,0.5092592592592593,16,96,0.4740740740740741,0.9708475960914548,False
sub-13_ses-2,sub-13_ses-2_ecephys+image.nwb,13,2,43,135,0.0185185185185185,0.463953604639536,0.0,-0.1388888888888889,0.1944444444444444,16,101,0.4925925925925926,0.656324611441295,False
sub-13_ses-2,sub-13_ses-2_ecephys+image.nwb,13,2,44,135,0.0648148148148148,0.2621737826217378,0.0,-0.1111111111111111,0.2407407407407407,22,98,0.5259259259259259,0.4109751187043458,False
sub-13_ses-2,sub-13_ses-2_ecephys+image.nwb,13,2,45,135,-0.3333333333333333,0.9993000699930008,0.0,-0.5462962962962963,-0.1203703703703703,25,60,0.4074074074074074,1.0,False
sub-13_ses-2,sub-13_ses-2_ecephys+image.nwb,13,2,46,135,0.0648148148148148,0.3535646435356464,0.0,-0.1944444444444444,0.3333333333333333,21,98,0.5185185185185185,0.5258140852581409,False
sub-13_ses-2,sub-13_ses-2_ecephys+image.nwb,13,2,47,135,0.7777777777777778,0.0023997600239976,0.0,0.2592592592592592,1.3240740740740742,58,42,0.5851851851851851,0.0154651201546512,True
sub-13_ses-2,sub-13_ses-2_ecephys+image.nwb,13,2,48,135,1.4166666666666667,0.0002999700029997,1.25,0.6296296296296297,2.2222222222222223,73,16,0.6,0.0034796520347965,True
sub-13_ses-2,sub-13_ses-2_ecephys+image.nwb,13,2,49,135,-2.074074074074074,1.0,-1.25,-2.8981481481481484,-1.2314814814814814,41,16,0.362962962962963,1.0,False
sub-13_ses-2,sub-13_ses-2_ecephys+image.nwb,13,2,50,135,0.0925925925925925,0.0900909909009099,0.0,-0.0185185185185185,0.2129629629629629,15,111,0.5222222222222223,0.2377762223777622,False
sub-13_ses-2,sub-13_ses-2_ecephys+image.nwb,13,2,51,135,0.1018518518518518,0.0907909209079092,0.0,-0.0185185185185185,0.2407407407407407,12,117,0.5222222222222223,0.2377762223777622,False
sub-13_ses-2,sub-13_ses-2_ecephys+image.nwb,13,2,52,135,0.1018518518518518,0.2221777822217778,0.0,-0.1296296296296296,0.324074074074074,37,73,0.5444444444444444,0.3681803248246604,False
sub-13_ses-2,sub-13_ses-2_ecephys+image.nwb,13,2,53,135,-0.1296296296296296,0.8971102889711029,0.0,-0.3518518518518518,0.0833333333333333,29,65,0.4555555555555555,1.0,False
sub-13_ses-2,sub-13_ses-2_ecephys+image.nwb,13,2,54,135,0.2222222222222222,0.102989701029897,0.0,-0.1111111111111111,0.5555555555555556,56,37,0.5518518518518518,0.2424157584241575,False
sub-13_ses-2,sub-13_ses-2_ecephys+image.nwb,13,2,55,135,0.2037037037037037,0.0873912608739126,0.0,-0.074074074074074,0.4814814814814814,38,72,0.5481481481481482,0.2377762223777622,False
sub-13_ses-2,sub-13_ses-2_ecephys+image.nwb,13,2,56,135,-0.1018518518518518,0.7867213278672133,0.0,-0.3796296296296296,0.1666666666666666,38,53,0.4777777777777778,0.9708475960914548,False
sub-13_ses-2,sub-13_ses-2_ecephys+image.nwb,13,2,57,135,0.1666666666666666,0.1307869213078692,0.0,-0.0925925925925925,0.4351851851851852,40,61,0.5222222222222223,0.2625204146252041,False
sub-14_ses-2,sub-14_ses-2_ecephys+image.nwb,14,2,0,135,0.0,0.5333466653334666,0.0,-0.25,0.25,22,89,0.4925925925925926,0.8152905639668592,False
sub-14_ses-2,sub-14_ses-2_ecephys+image.nwb,14,2,1,135,0.0,0.5331466853314668,0.0,-0.2314814814814814,0.25,12,109,0.4925925925925926,0.8152905639668592,False
sub-14_ses-2,sub-14_ses-2_ecephys+image.nwb,14,2,2,135,0.0833333333333333,0.2253774622537746,0.0,-0.1018518518518518,0.287037037037037,24,89,0.5074074074074074,0.4883178348831783,False
sub-14_ses-2,sub-14_ses-2_ecephys+image.nwb,14,2,3,135,0.0462962962962962,0.3025697430256974,0.0,-0.0833333333333333,0.1851851851851851,11,115,0.5074074074074074,0.5743568500292828,False
sub-14_ses-2,sub-14_ses-2_ecephys+image.nwb,14,2,4,135,0.0185185185185185,0.4781521847815218,0.0,-0.2037037037037037,0.2407407407407407,26,87,0.5148148148148148,0.7969203079692031,False
sub-14_ses-2,sub-14_ses-2_ecephys+image.nwb,14,2,5,135,-0.037037037037037,0.6638336166383362,0.0,-0.2685185185185185,0.1759259259259259,30,74,0.4962962962962963,0.9380257626411272,False
sub-14_ses-2,sub-14_ses-2_ecephys+image.nwb,14,2,6,135,0.0462962962962962,0.3884611538846115,0.0,-0.2037037037037037,0.3055555555555556,31,65,0.4703703703703704,0.6824317568243177,False
sub-14_ses-2,sub-14_ses-2_ecephys+image.nwb,14,2,7,135,-0.037037037037037,0.6213378662133786,0.0,-0.3425925925925926,0.2592592592592592,44,37,0.4629629629629629,0.9178854841788548,False
sub-14_ses-2,sub-14_ses-2_ecephys+image.nwb,14,2,8,135,-0.3981481481481481,0.985901409859014,0.0,-0.75,-0.0462962962962962,35,37,0.3962962962962963,1.0,False
sub-14_ses-2,sub-14_ses-2_ecephys+image.nwb,14,2,9,135,0.3425925925925926,0.1863813618638136,0.0,-0.3703703703703703,1.0462962962962965,67,15,0.5518518518518518,0.4177513283154443,False
sub-14_ses-2,sub-14_ses-2_ecephys+image.nwb,14,2,10,135,-0.1111111111111111,0.9854014598540146,0.0,-0.2222222222222222,-0.0092592592592592,8,110,0.4666666666666667,1.0,False
sub-14_ses-2,sub-14_ses-2_ecephys+image.nwb,14,2,11,135,0.5648148148148148,0.0003999600039996,0.0,0.2592592592592592,0.8796296296296297,49,60,0.5851851851851851,0.004332900043329,True
sub-14_ses-2,sub-14_ses-2_ecephys+image.nwb,14,2,12,135,1.2962962962962965,0.0006999300069993,1.25,0.5277777777777778,2.064814814814815,72,22,0.6148148148148148,0.0064993500649935,True
sub-14_ses-2,sub-14_ses-2_ecephys+image.nwb,14,2,13,135,0.9629629629629628,0.0140985901409859,0.0,0.1574074074074074,1.8335648148148116,50,42,0.5259259259259259,0.0654577399402916,False
sub-14_ses-2,sub-14_ses-2_ecephys+image.nwb,14,2,14,135,0.4074074074074074,0.0525947405259474,0.0,-0.0648148148148148,0.8796296296296297,58,37,0.5666666666666667,0.170932906709329,False
sub-14_ses-2,sub-14_ses-2_ecephys+image.nwb,14,2,15,135,0.7777777777777778,0.0007999200079992,0.0,0.324074074074074,1.2592592592592593,61,44,0.6148148148148148,0.0064993500649935,True
sub-14_ses-2,sub-14_ses-2_ecephys+image.nwb,14,2,16,135,0.7685185185185185,0.0342965703429657,0.0,-0.0092592592592592,1.565046296296293,58,26,0.5259259259259259,0.1238487262384872,False
sub-14_ses-2,sub-14_ses-2_ecephys+image.nwb,14,2,17,135,3.638888888888889,9.999000099990002e-05,2.5,2.2962962962962963,5.046296296296297,92,7,0.7074074074074074,0.0021664500216645,True
sub-14_ses-2,sub-14_ses-2_ecephys+image.nwb,14,2,18,135,0.8888888888888888,0.0001999800019998,1.25,0.5,1.2777777777777777,75,28,0.6592592592592592,0.0032496750324967,True
sub-14_ses-2,sub-14_ses-2_ecephys+image.nwb,14,2,19,135,0.1111111111111111,0.1080891910808919,0.0,-0.0462962962962962,0.2685185185185185,22,96,0.5185185185185185,0.2864913508649135,False
sub-14_ses-2,sub-14_ses-2_ecephys+image.nwb,14,2,20,135,0.3333333333333333,0.0281971802819718,0.0,0.0090277777777778,0.6574074074074074,55,39,0.5518518518518518,0.1104889511048895,False
sub-14_ses-2,sub-14_ses-2_ecephys+image.nwb,14,2,21,135,-0.1851851851851851,0.9675032496750324,0.0,-0.3796296296296296,0.0092592592592592,25,70,0.4444444444444444,1.0,False
sub-14_ses-2,sub-14_ses-2_ecephys+image.nwb,14,2,22,135,-0.7592592592592593,1.0,0.0,-1.0277777777777777,-0.4814814814814814,20,49,0.3296296296296296,1.0,False
sub-14_ses-2,sub-14_ses-2_ecephys+image.nwb,14,2,23,135,-0.0648148148148148,0.6475352464753524,0.0,-0.4814814814814814,0.3333333333333333,59,22,0.5185185185185185,0.9353286893532868,False
sub-14_ses-2,sub-14_ses-2_ecephys+image.nwb,14,2,24,135,0.1481481481481481,0.1522847715228477,0.0,-0.1203703703703703,0.3981481481481481,41,60,0.5259259259259259,0.3702222370355557,False
sub-14_ses-2,sub-14_ses-2_ecephys+image.nwb,14,2,25,135,0.9907407407407408,9.999000099990002e-05,0.0,0.5370370370370371,1.4537037037037035,67,31,0.6111111111111112,0.0021664500216645,True
sub-14_ses-2,sub-14_ses-2_ecephys+image.nwb,14,2,26,135,0.2685185185185185,0.0087991200879912,0.0,0.0648148148148148,0.4722222222222222,46,64,0.5777777777777777,0.0571942805719428,False
sub-14_ses-2,sub-14_ses-2_ecephys+image.nwb,14,2,27,135,0.5370370370370371,0.001999800019998,0.0,0.1851851851851851,0.8796296296296297,60,36,0.5777777777777777,0.01444300014443,True
sub-14_ses-2,sub-14_ses-2_ecephys+image.nwb,14,2,28,135,0.6018518518518519,0.0002999700029997,0.0,0.2777777777777778,0.9351851851851852,61,46,0.6222222222222222,0.0038996100389961,True
sub-14_ses-2,sub-14_ses-2_ecephys+image.nwb,14,2,29,135,0.0,0.5393460653934606,0.0,-0.2037037037037037,0.1946759259259225,30,77,0.5074074074074074,0.8152905639668592,False
sub-14_ses-2,sub-14_ses-2_ecephys+image.nwb,14,2,30,135,-0.1111111111111111,0.8391160883911609,0.0,-0.3425925925925926,0.1203703703703703,29,71,0.4777777777777778,1.0,False
sub-14_ses-2,sub-14_ses-2_ecephys+image.nwb,14,2,31,135,-0.0925925925925925,0.8533146685331466,0.0,-0.287037037037037,0.0925925925925925,29,69,0.4703703703703704,1.0,False
sub-14_ses-2,sub-14_ses-2_ecephys+image.nwb,14,2,32,135,0.0092592592592592,0.4937506249375062,0.0,-0.2777777777777778,0.2962962962962963,42,48,0.4888888888888889,0.8023447655234477,False
sub-14_ses-2,sub-14_ses-2_ecephys+image.nwb,14,2,33,135,-0.1018518518518518,0.799020097990201,0.0,-0.3703703703703703,0.1481481481481481,35,60,0.4814814814814814,1.0,False
sub-14_ses-2,sub-14_ses-2_ecephys+image.nwb,14,2,34,135,0.5092592592592593,0.0113988601139886,0.0,0.1201388888888889,0.9446759259259224,26,90,0.5259259259259259,0.0654577399402916,False
sub-14_ses-2,sub-14_ses-2_ecephys+image.nwb,14,2,35,135,0.1481481481481481,0.070992900709929,0.0,-0.037037037037037,0.3425925925925926,36,76,0.5481481481481482,0.2097517520975175,False
sub-14_ses-2,sub-14_ses-2_ecephys+image.nwb,14,2,36,135,0.3703703703703703,0.1101889811018898,0.0,-0.2129629629629629,0.9166666666666666,51,52,0.5703703703703704,0.2864913508649135,False
sub-14_ses-2,sub-14_ses-2_ecephys+image.nwb,14,2,37,135,0.4351851851851852,0.0375962403759624,0.0,-0.0277777777777777,0.8981481481481481,67,24,0.5851851851851851,0.1286187170756608,False
sub-14_ses-2,sub-14_ses-2_ecephys+image.nwb,14,2,38,135,0.6759259259259259,0.0130986901309869,0.0,0.1111111111111111,1.2962962962962965,56,36,0.5481481481481482,0.0654577399402916,False
sub-14_ses-2,sub-14_ses-2_ecephys+image.nwb,14,2,39,135,0.037037037037037,0.4762523747625237,0.0,-0.6020833333333333,0.6759259259259259,23,82,0.4740740740740741,0.7969203079692031,False
sub-14_ses-2,sub-14_ses-2_ecephys+image.nwb,14,2,40,135,0.25,0.3092690730926907,0.0,-0.5092592592592593,1.1296296296296295,60,18,0.5111111111111111,0.5743568500292828,False
sub-14_ses-2,sub-14_ses-2_ecephys+image.nwb,14,2,41,135,0.1111111111111111,0.2916708329167083,0.0,-0.25,0.4814814814814814,54,36,0.5333333333333333,0.5743568500292828,False
sub-14_ses-2,sub-14_ses-2_ecephys+image.nwb,14,2,42,135,0.2037037037037037,0.2803719628037196,0.0,-0.4351851851851852,0.8333333333333334,37,65,0.5148148148148148,0.5695055494450555,False
sub-14_ses-2,sub-14_ses-2_ecephys+image.nwb,14,2,43,135,0.3425925925925926,0.1714828517148285,0.0,-0.324074074074074,1.0280092592592558,60,20,0.5185185185185185,0.3980851914808519,False
sub-14_ses-2,sub-14_ses-2_ecephys+image.nwb,14,2,44,135,0.2685185185185185,0.0134986501349865,0.0,0.0462962962962962,0.5,48,52,0.5481481481481482,0.0654577399402916,False
sub-14_ses-2,sub-14_ses-2_ecephys+image.nwb,14,2,45,135,-0.1851851851851851,0.8207179282071793,0.0,-0.5833333333333334,0.2222222222222222,47,28,0.4518518518518518,1.0,False
sub-14_ses-2,sub-14_ses-2_ecephys+image.nwb,14,2,46,135,-0.3888888888888889,0.7253274672532747,-1.25,-1.6944444444444444,0.8518518518518519,53,13,0.4407407407407407,1.0,False
sub-14_ses-2,sub-14_ses-2_ecephys+image.nwb,14,2,47,135,-0.7129629629629629,0.9605039496050396,-1.25,-1.5185185185185186,0.1018518518518518,50,16,0.4296296296296296,1.0,False
sub-14_ses-2,sub-14_ses-2_ecephys+image.nwb,14,2,48,135,-0.287037037037037,0.8001199880011999,0.0,-0.9629629629629628,0.3888888888888889,57,14,0.4740740740740741,1.0,False
sub-14_ses-2,sub-14_ses-2_ecephys+image.nwb,14,2,49,135,2.805555555555556,9.999000099990002e-05,2.5,1.9444444444444444,3.638888888888889,88,12,0.6962962962962963,0.0021664500216645,True
sub-14_ses-2,sub-14_ses-2_ecephys+image.nwb,14,2,50,135,0.2314814814814814,0.1537846215378462,0.0,-0.1759259259259259,0.6481481481481481,48,50,0.5407407407407407,0.3702222370355557,False
sub-14_ses-2,sub-14_ses-2_ecephys+image.nwb,14,2,51,135,-1.3333333333333333,0.9712028797120288,-1.25,-2.740740740740741,0.0555555555555555,55,7,0.4333333333333333,1.0,False
sub-14_ses-2,sub-14_ses-2_ecephys+image.nwb,14,2,52,135,-0.1574074074074074,0.956904309569043,0.0,-0.3425925925925926,0.0277777777777777,25,72,0.4518518518518518,1.0,False
sub-14_ses-2,sub-14_ses-2_ecephys+image.nwb,14,2,53,135,0.1759259259259259,0.0698930106989301,0.0,-0.0462962962962962,0.4074074074074074,33,76,0.5259259259259259,0.2097517520975175,False
sub-14_ses-2,sub-14_ses-2_ecephys+image.nwb,14,2,54,135,-0.1296296296296296,0.9936006399360064,0.0,-0.2407407407407407,-0.0277777777777777,8,108,0.4592592592592592,1.0,False
sub-14_ses-2,sub-14_ses-2_ecephys+image.nwb,14,2,55,135,0.037037037037037,0.3632636736326367,0.0,-0.1203703703703703,0.1944444444444444,24,87,0.5,0.6558927440589274,False
sub-14_ses-2,sub-14_ses-2_ecephys+image.nwb,14,2,56,135,0.3148148148148148,0.0885911408859114,0.0,-0.1203703703703703,0.7592592592592593,59,33,0.5592592592592592,0.2503662677210539,False
sub-14_ses-2,sub-14_ses-2_ecephys+image.nwb,14,2,57,135,0.6944444444444444,0.0165983401659834,1.25,0.0738425925925926,1.3148148148148149,69,32,0.6296296296296297,0.0719261407192614,False
sub-14_ses-2,sub-14_ses-2_ecephys+image.nwb,14,2,58,135,0.3333333333333333,0.0288971102889711,0.0,0.0,0.6666666666666666,49,48,0.5407407407407407,0.1104889511048895,False
sub-14_ses-2,sub-14_ses-2_ecephys+image.nwb,14,2,59,135,0.1481481481481481,0.2545745425457454,0.0,-0.2777777777777778,0.5555555555555556,51,43,0.5370370370370371,0.5337853311443048,False
sub-14_ses-2,sub-14_ses-2_ecephys+image.nwb,14,2,60,135,-0.3055555555555556,0.7953204679532047,0.0,-1.0280092592592591,0.4351851851851852,58,10,0.4666666666666667,1.0,False
sub-14_ses-2,sub-14_ses-2_ecephys+image.nwb,14,2,61,135,-2.037037037037037,1.0,-2.5,-2.6574074074074074,-1.4537037037037035,30,15,0.2777777777777778,1.0,False
sub-14_ses-2,sub-14_ses-2_ecephys+image.nwb,14,2,62,135,-0.4907407407407407,0.9786021397860214,0.0,-0.9444444444444444,-0.0462962962962962,40,44,0.4592592592592592,1.0,False
sub-14_ses-2,sub-14_ses-2_ecephys+image.nwb,14,2,63,135,-0.3148148148148148,0.986001399860014,0.0,-0.592824074074074,-0.0277777777777777,23,65,0.4111111111111111,1.0,False
sub-14_ses-2,sub-14_ses-2_ecephys+image.nwb,14,2,64,135,-0.2037037037037037,0.999900009999,0.0,-0.3333333333333333,-0.0925925925925925,1,117,0.4407407407407407,1.0,False
sub-15_ses-2,sub-15_ses-2_ecephys+image.nwb,15,2,0,135,0.0462962962962962,0.4100589941005899,0.0,-0.2777777777777778,0.3888888888888889,49,41,0.5148148148148148,0.9954004599540046,False
sub-15_ses-2,sub-15_ses-2_ecephys+image.nwb,15,2,1,135,0.0648148148148148,0.2076792320767923,0.0,-0.0555555555555555,0.1944444444444444,21,96,0.5111111111111111,0.8331666833316669,False
sub-15_ses-2,sub-15_ses-2_ecephys+image.nwb,15,2,2,135,1.25,0.0081991800819918,1.25,0.324074074074074,2.212962962962963,72,20,0.6074074074074074,0.2254774522547745,False
sub-15_ses-2,sub-15_ses-2_ecephys+image.nwb,15,2,3,135,-0.0092592592592592,0.6258374162583742,0.0,-0.1111111111111111,0.0925925925925925,12,111,0.5,0.9954004599540046,False
sub-15_ses-2,sub-15_ses-2_ecephys+image.nwb,15,2,4,135,-1.4814814814814814,0.9973002699730028,-1.25,-2.490740740740741,-0.4629629629629629,56,8,0.4444444444444444,1.0,False
sub-15_ses-2,sub-15_ses-2_ecephys+image.nwb,15,2,5,135,-0.0833333333333333,0.6525347465253475,0.0,-0.5370370370370371,0.3611111111111111,50,28,0.4740740740740741,0.9954004599540046,False
sub-15_ses-2,sub-15_ses-2_ecephys+image.nwb,15,2,6,135,-0.9814814814814816,0.999900009999,-1.25,-1.4724537037037038,-0.4814814814814814,34,30,0.362962962962963,1.0,False
sub-15_ses-2,sub-15_ses-2_ecephys+image.nwb,15,2,7,135,-0.0925925925925925,0.6194380561943805,0.0,-0.8240740740740741,0.6296296296296297,63,14,0.5185185185185185,0.9954004599540046,False
sub-15_ses-2,sub-15_ses-2_ecephys+image.nwb,15,2,8,135,-0.037037037037037,0.5566443355664433,0.0,-0.6388888888888888,0.5555555555555556,60,19,0.5148148148148148,0.9954004599540046,False
sub-15_ses-2,sub-15_ses-2_ecephys+image.nwb,15,2,9,135,0.0833333333333333,0.2711728827117288,0.0,-0.1388888888888889,0.3055555555555556,39,64,0.5259259259259259,0.8331666833316669,False
sub-15_ses-2,sub-15_ses-2_ecephys+image.nwb,15,2,10,135,-0.0833333333333333,0.6608339166083391,0.0,-0.5185185185185185,0.3611111111111111,53,29,0.5,0.9954004599540046,False
sub-15_ses-2,sub-15_ses-2_ecephys+image.nwb,15,2,11,135,0.1388888888888889,0.2538746125387461,0.0,-0.2685185185185185,0.5277777777777778,51,37,0.5148148148148148,0.8331666833316669,False
sub-15_ses-2,sub-15_ses-2_ecephys+image.nwb,15,2,12,135,-0.2129629629629629,0.8526147385261473,0.0,-0.6296296296296297,0.2037037037037037,47,22,0.4296296296296296,1.0,False
sub-15_ses-2,sub-15_ses-2_ecephys+image.nwb,15,2,13,135,-0.5185185185185185,0.9777022297770224,0.0,-1.037037037037037,0.0002314814814781,56,14,0.4666666666666667,1.0,False
sub-15_ses-2,sub-15_ses-2_ecephys+image.nwb,15,2,14,135,0.074074074074074,0.273972602739726,0.0,-0.1296296296296296,0.287037037037037,38,68,0.5333333333333333,0.8331666833316669,False
sub-15_ses-2,sub-15_ses-2_ecephys+image.nwb,15,2,15,135,0.1388888888888889,0.2931706829317068,0.0,-0.3148148148148148,0.6018518518518519,57,26,0.5185185185185185,0.8331666833316669,False
sub-15_ses-2,sub-15_ses-2_ecephys+image.nwb,15,2,16,135,0.3333333333333333,0.2906709329067093,0.0,-0.7592592592592593,1.4722222222222223,62,11,0.5,0.8331666833316669,False
sub-15_ses-2,sub-15_ses-2_ecephys+image.nwb,15,2,17,135,-0.1481481481481481,0.7975202479752025,0.0,-0.5185185185185185,0.2129629629629629,49,31,0.4777777777777778,1.0,False
sub-15_ses-2,sub-15_ses-2_ecephys+image.nwb,15,2,18,135,0.5370370370370371,0.0515948405159484,1.25,-0.0833333333333333,1.148148148148148,69,20,0.5851851851851851,0.472952704729527,False
sub-15_ses-2,sub-15_ses-2_ecephys+image.nwb,15,2,19,135,0.3148148148148148,0.1230876912308769,0.0,-0.1946759259259258,0.8335648148148115,61,26,0.5481481481481482,0.8331666833316669,False
sub-15_ses-2,sub-15_ses-2_ecephys+image.nwb,15,2,20,135,-0.8425925925925926,0.999900009999,-1.25,-1.2685185185185186,-0.4259259259259259,34,24,0.3407407407407407,1.0,False
sub-15_ses-2,sub-15_ses-2_ecephys+image.nwb,15,2,21,135,-0.0648148148148148,0.682031796820318,0.0,-0.3611111111111111,0.2314814814814814,42,51,0.5,0.9954004599540046,False
sub-15_ses-2,sub-15_ses-2_ecephys+image.nwb,15,2,22,135,0.0092592592592592,0.5037496250374962,0.0,-0.3425925925925926,0.3425925925925926,49,35,0.4925925925925926,0.9954004599540046,False
sub-15_ses-2,sub-15_ses-2_ecephys+image.nwb,15,2,23,135,0.2407407407407407,0.2132786721327867,0.0,-0.324074074074074,0.8425925925925926,61,20,0.5259259259259259,0.8331666833316669,False
sub-15_ses-2,sub-15_ses-2_ecephys+image.nwb,15,2,24,135,-0.0833333333333333,0.5882411758824118,0.0,-0.925925925925926,0.7594907407407374,58,16,0.4888888888888889,0.9954004599540046,False
sub-15_ses-2,sub-15_ses-2_ecephys+image.nwb,15,2,25,135,-0.3333333333333333,0.9892010798920108,0.0,-0.6296296296296297,-0.0462962962962962,39,39,0.4333333333333333,1.0,False
sub-15_ses-2,sub-15_ses-2_ecephys+image.nwb,15,2,26,135,-0.0185185185185185,0.5454454554544546,0.0,-0.4444444444444444,0.3981481481481481,54,26,0.4962962962962963,0.9954004599540046,False
sub-15_ses-2,sub-15_ses-2_ecephys+image.nwb,15,2,27,135,-0.1388888888888889,0.7293270672932707,0.0,-0.6111111111111112,0.3425925925925926,54,23,0.4851851851851851,1.0,False
sub-15_ses-2,sub-15_ses-2_ecephys+image.nwb,15,2,28,135,0.0185185185185185,0.4592540745925407,0.0,-0.1759259259259259,0.2129629629629629,29,76,0.4962962962962963,0.9954004599540046,False
sub-15_ses-2,sub-15_ses-2_ecephys+image.nwb,15,2,29,135,0.0,0.541045895410459,0.0,-0.1851851851851851,0.1759259259259259,24,84,0.4888888888888889,0.9954004599540046,False
sub-15_ses-2,sub-15_ses-2_ecephys+image.nwb,15,2,30,135,0.4166666666666667,0.0237976202379762,0.0,0.0092592592592592,0.8333333333333334,58,42,0.5851851851851851,0.2617738226177382,False
sub-15_ses-2,sub-15_ses-2_ecephys+image.nwb,15,2,31,135,0.1203703703703703,0.336966303369663,0.0,-0.4259259259259259,0.6851851851851852,59,22,0.5185185185185185,0.8825307945395936,False
sub-15_ses-2,sub-15_ses-2_ecephys+image.nwb,15,2,32,135,0.2314814814814814,0.2794720527947205,0.0,-0.4814814814814814,0.9722222222222222,60,13,0.4925925925925926,0.8331666833316669,False
sub-15_ses-2,sub-15_ses-2_ecephys+image.nwb,15,2,33,135,-0.0462962962962962,0.5889411058894111,0.0,-0.5185185185185185,0.4166666666666667,55,31,0.5222222222222223,0.9954004599540046,False
sub-15_ses-2,sub-15_ses-2_ecephys+image.nwb,15,2,34,135,-0.0462962962962962,0.6107389261073892,0.0,-0.4444444444444444,0.3333333333333333,48,36,0.4888888888888889,0.9954004599540046,False
sub-15_ses-2,sub-15_ses-2_ecephys+image.nwb,15,2,35,135,0.5740740740740741,0.0130986901309869,0.0,0.0923611111111111,1.0555555555555556,65,26,0.5777777777777777,0.2364763523647635,False
sub-15_ses-2,sub-15_ses-2_ecephys+image.nwb,15,2,36,135,-0.0092592592592592,0.5818418158184182,0.0,-0.1759259259259259,0.1574074074074074,20,93,0.4925925925925926,0.9954004599540046,False
sub-15_ses-2,sub-15_ses-2_ecephys+image.nwb,15,2,37,135,0.5092592592592593,0.1125887411258874,0.0,-0.2962962962962963,1.2962962962962965,66,13,0.5370370370370371,0.8331666833316669,False
sub-15_ses-2,sub-15_ses-2_ecephys+image.nwb,15,2,38,135,0.1851851851851851,0.302969703029697,0.0,-0.5370370370370371,0.8888888888888888,62,19,0.5296296296296297,0.8331666833316669,False
sub-15_ses-2,sub-15_ses-2_ecephys+image.nwb,15,2,39,135,-0.0462962962962962,0.6877312268773123,0.0,-0.2777777777777778,0.1759259259259259,36,62,0.4962962962962963,0.9954004599540046,False
sub-15_ses-2,sub-15_ses-2_ecephys+image.nwb,15,2,40,135,0.1296296296296296,0.2644735526447355,0.0,-0.2685185185185185,0.5,43,55,0.5222222222222223,0.8331666833316669,False
sub-15_ses-2,sub-15_ses-2_ecephys+image.nwb,15,2,41,135,0.2592592592592592,0.0171982801719828,0.0,0.0277777777777777,0.4907407407407407,46,62,0.5703703703703704,0.2364763523647635,False
sub-15_ses-2,sub-15_ses-2_ecephys+image.nwb,15,2,42,135,0.1481481481481481,0.2466753324667533,0.0,-0.25,0.5555555555555556,61,26,0.5481481481481482,0.8331666833316669,False
sub-15_ses-2,sub-15_ses-2_ecephys+image.nwb,15,2,43,135,-0.3888888888888889,0.9927007299270072,0.0,-0.7037037037037037,-0.074074074074074,36,47,0.4407407407407407,1.0,False
sub-15_ses-2,sub-15_ses-2_ecephys+image.nwb,15,2,44,135,-0.3518518518518518,1.0,0.0,-0.5462962962962963,-0.1574074074074074,15,79,0.4037037037037037,1.0,False
sub-15_ses-2,sub-15_ses-2_ecephys+image.nwb,15,2,45,135,-0.324074074074074,0.995900409959004,0.0,-0.5648148148148148,-0.0833333333333333,35,48,0.437037037037037,1.0,False
sub-15_ses-2,sub-15_ses-2_ecephys+image.nwb,15,2,46,135,-1.0,1.0,-1.25,-1.3983796296296296,-0.6018518518518519,39,27,0.3888888888888889,1.0,False
sub-15_ses-2,sub-15_ses-2_ecephys+image.nwb,15,2,47,135,-0.5092592592592593,0.9984001599840016,0.0,-0.8333333333333334,-0.1851851851851851,29,46,0.3851851851851852,1.0,False
sub-15_ses-2,sub-15_ses-2_ecephys+image.nwb,15,2,48,135,-0.3425925925925926,0.9682031796820318,0.0,-0.7129629629629629,0.0185185185185185,42,33,0.4333333333333333,1.0,False
sub-15_ses-2,sub-15_ses-2_ecephys+image.nwb,15,2,49,135,1.2962962962962965,9.999000099990002e-05,1.25,0.6574074074074074,1.9907407407407407,78,11,0.6185185185185185,0.0054994500549945,True
sub-15_ses-2,sub-15_ses-2_ecephys+image.nwb,15,2,50,135,-0.324074074074074,0.8468153184681532,0.0,-0.9351851851851852,0.324074074074074,51,26,0.4740740740740741,1.0,False
sub-15_ses-2,sub-15_ses-2_ecephys+image.nwb,15,2,51,135,-0.287037037037037,0.9892010798920108,0.0,-0.5462962962962963,-0.0462962962962962,15,90,0.4444444444444444,1.0,False
sub-15_ses-2,sub-15_ses-2_ecephys+image.nwb,15,2,52,135,-0.6018518518518519,0.9727027297270272,0.0,-1.25,-0.0092592592592592,54,32,0.5185185185185185,1.0,False
sub-15_ses-2,sub-15_ses-2_ecephys+image.nwb,15,2,53,135,-0.037037037037037,0.5594440555944405,0.0,-0.6388888888888888,0.5555555555555556,58,29,0.5370370370370371,0.9954004599540046,False
sub-15_ses-2,sub-15_ses-2_ecephys+image.nwb,15,2,54,135,0.1851851851851851,0.1522847715228477,0.0,-0.1574074074074074,0.5185185185185185,51,41,0.5296296296296297,0.8331666833316669,False
sub-16_ses-2,sub-16_ses-2_ecephys+image.nwb,16,2,0,108,0.4166666666666667,0.004999500049995,0.0,0.1157407407407407,0.7407407407407407,27,68,0.5648148148148148,0.0412458754124587,True
sub-16_ses-2,sub-16_ses-2_ecephys+image.nwb,16,2,1,108,0.3819444444444444,9.999000099990002e-05,0.0,0.1967592592592592,0.5787037037037037,28,74,0.6018518518518519,0.0032996700329967,True
sub-16_ses-2,sub-16_ses-2_ecephys+image.nwb,16,2,2,108,-0.1157407407407407,0.8515148485151485,0.0,-0.3587962962962963,0.1273148148148148,21,62,0.4814814814814814,1.0,False
sub-16_ses-2,sub-16_ses-2_ecephys+image.nwb,16,2,3,108,0.0462962962962962,0.3557644235576442,0.0,-0.1504629629629629,0.2430555555555555,24,63,0.5138888888888888,0.690601528082486,False
sub-16_ses-2,sub-16_ses-2_ecephys+image.nwb,16,2,4,108,-0.6481481481481481,0.998100189981002,0.0,-1.0763888888888888,-0.2083333333333333,26,33,0.3935185185185185,1.0,False
sub-16_ses-2,sub-16_ses-2_ecephys+image.nwb,16,2,5,108,-0.0810185185185185,0.5947405259474052,0.0,-0.7754629629629629,0.6134259259259259,47,17,0.5138888888888888,0.8533233633158422,False
sub-16_ses-2,sub-16_ses-2_ecephys+image.nwb,16,2,6,108,-0.2430555555555555,0.9942005799420058,0.0,-0.4513888888888889,-0.0578703703703703,15,67,0.449074074074074,1.0,False
sub-16_ses-2,sub-16_ses-2_ecephys+image.nwb,16,2,7,108,0.0347222222222222,0.4273572642735726,0.0,-0.1967592592592592,0.2662037037037037,27,57,0.5138888888888888,0.7834883178348832,False
sub-16_ses-2,sub-16_ses-2_ecephys+image.nwb,16,2,8,108,0.162037037037037,0.1151884811518848,0.0,-0.0810185185185185,0.4050925925925926,26,66,0.5462962962962963,0.3453654634536546,False
sub-16_ses-2,sub-16_ses-2_ecephys+image.nwb,16,2,9,108,0.2430555555555555,0.1693830616938306,0.0,-0.2314814814814814,0.7175925925925926,47,21,0.5324074074074074,0.3992600739926007,False
sub-16_ses-2,sub-16_ses-2_ecephys+image.nwb,16,2,10,108,0.1736111111111111,0.0308969103089691,0.0,0.0112847222222223,0.3356481481481481,26,71,0.5694444444444444,0.1274497550244975,False
sub-16_ses-2,sub-16_ses-2_ecephys+image.nwb,16,2,11,108,0.3009259259259259,0.0680931906809319,0.0,-0.0810185185185185,0.6715856481481439,41,38,0.5555555555555556,0.2247075292470753,False
sub-16_ses-2,sub-16_ses-2_ecephys+image.nwb,16,2,12,108,0.1157407407407407,0.0385961403859614,0.0,0.0,0.2314814814814814,16,85,0.5416666666666666,0.1415191814151918,False
sub-16_ses-2,sub-16_ses-2_ecephys+image.nwb,16,2,13,108,0.0,0.589041095890411,0.0,-0.0925925925925925,0.1041666666666666,8,93,0.5046296296296297,0.8533233633158422,False
sub-16_ses-2,sub-16_ses-2_ecephys+image.nwb,16,2,14,108,-0.0694444444444444,0.8318168183181682,0.0,-0.2199074074074074,0.0925925925925925,11,80,0.4722222222222222,1.0,False
sub-16_ses-2,sub-16_ses-2_ecephys+image.nwb,16,2,15,108,0.925925925925926,0.0200979902009799,0.0,0.0694444444444444,1.7939814814814814,51,13,0.5324074074074074,0.1105389461053894,False
sub-16_ses-2,sub-16_ses-2_ecephys+image.nwb,16,2,16,108,-0.1388888888888889,0.98990100989901,0.0,-0.2777777777777778,-0.0228587962963005,5,90,0.4629629629629629,1.0,False
sub-16_ses-2,sub-16_ses-2_ecephys+image.nwb,16,2,17,108,0.1157407407407407,0.3003699630036996,0.0,-0.2662037037037037,0.4861111111111111,41,33,0.5324074074074074,0.6195130486951305,False
sub-16_ses-2,sub-16_ses-2_ecephys+image.nwb,16,2,18,108,0.9722222222222222,0.004999500049995,1.25,0.2662037037037037,1.6553819444444402,59,14,0.6111111111111112,0.0412458754124587,True
sub-16_ses-2,sub-16_ses-2_ecephys+image.nwb,16,2,19,108,0.011574074074074,0.501949805019498,0.0,-0.0347222222222222,0.0694444444444444,3,103,0.5046296296296297,0.8282171782821718,False
sub-16_ses-2,sub-16_ses-2_ecephys+image.nwb,16,2,20,108,0.1851851851851851,0.0292970702929707,0.0,0.011574074074074,0.3587962962962963,22,73,0.5416666666666666,0.1274497550244975,False
sub-16_ses-2,sub-16_ses-2_ecephys+image.nwb,16,2,21,108,0.2546296296296296,0.1897810218978102,0.0,-0.2777777777777778,0.7989004629629588,43,21,0.4953703703703703,0.4175182481751824,False
sub-16_ses-2,sub-16_ses-2_ecephys+image.nwb,16,2,22,108,0.0925925925925925,0.1575842415758424,0.0,-0.0581597222222221,0.2430555555555555,21,75,0.5416666666666666,0.3992600739926007,False
sub-16_ses-2,sub-16_ses-2_ecephys+image.nwb,16,2,23,108,-0.0925925925925925,0.921907809219078,0.0,-0.2314814814814814,0.0462962962962962,8,83,0.4583333333333333,1.0,False
sub-16_ses-2,sub-16_ses-2_ecephys+image.nwb,16,2,24,108,-0.9837962962962964,0.991000899910009,-0.625,-1.828703703703704,-0.1967592592592592,41,13,0.4398148148148148,1.0,False
sub-16_ses-2,sub-16_ses-2_ecephys+image.nwb,16,2,25,108,0.2893518518518518,0.1255874412558744,0.0,-0.162037037037037,0.7641782407407365,51,16,0.5462962962962963,0.3453654634536546,False
sub-16_ses-2,sub-16_ses-2_ecephys+image.nwb,16,2,26,108,0.3009259259259259,0.0155984401559844,0.0,0.0347222222222222,0.5555555555555556,26,73,0.5787037037037037,0.102949705029497,False
sub-16_ses-2,sub-16_ses-2_ecephys+image.nwb,16,2,27,108,-0.8680555555555556,0.942905709429057,-1.25,-1.9097222222222223,0.1967592592592592,41,10,0.4259259259259259,1.0,False
sub-16_ses-2,sub-16_ses-2_ecephys+image.nwb,16,2,28,108,0.0578703703703703,0.4526547345265473,0.0,-0.6134259259259259,0.7407407407407407,49,17,0.5324074074074074,0.7861898020724243,False
sub-16_ses-2,sub-16_ses-2_ecephys+image.nwb,16,2,29,108,-1.3541666666666667,0.9991000899910008,-1.25,-2.2222222222222223,-0.5092592592592593,36,14,0.3981481481481481,1.0,False
sub-16_ses-2,sub-16_ses-2_ecephys+image.nwb,16,2,30,108,-3.275462962962963,1.0,-3.125,-4.641203703703703,-1.9097222222222223,31,9,0.3287037037037037,1.0,False
sub-16_ses-2,sub-16_ses-2_ecephys+image.nwb,16,2,31,108,-0.0578703703703703,0.583941605839416,0.0,-0.7175925925925926,0.6134259259259259,42,16,0.4629629629629629,0.8533233633158422,False
sub-16_ses-2,sub-16_ses-2_ecephys+image.nwb,16,2,32,108,1.2847222222222223,0.0036996300369963,1.25,0.3469328703703704,2.175925925925926,64,9,0.6342592592592593,0.0412458754124587,True
sub-17_ses-2,sub-17_ses-2_ecephys+image.nwb,17,2,0,135,0.2314814814814814,0.1195880411958804,0.0,-0.1481481481481481,0.5925925925925926,57,33,0.5444444444444444,0.3886611338866113,False
sub-17_ses-2,sub-17_ses-2_ecephys+image.nwb,17,2,1,135,0.0277777777777777,0.4458554144585541,0.0,-0.2592592592592592,0.324074074074074,44,46,0.4962962962962963,1.0,False
sub-17_ses-2,sub-17_ses-2_ecephys+image.nwb,17,2,2,135,0.5185185185185185,0.0275972402759724,0.0,0.0090277777777778,1.0462962962962965,67,21,0.5740740740740741,0.1793820617938206,False
sub-17_ses-2,sub-17_ses-2_ecephys+image.nwb,17,2,3,135,-0.1388888888888889,0.9824017598240176,0.0,-0.2777777777777778,-0.0092592592592592,9,106,0.4592592592592592,1.0,False
sub-17_ses-2,sub-17_ses-2_ecephys+image.nwb,17,2,4,135,0.5740740740740741,0.0122987701229877,0.0,0.1111111111111111,1.0555555555555556,61,35,0.5814814814814815,0.1598840115988401,False
sub-17_ses-2,sub-17_ses-2_ecephys+image.nwb,17,2,5,135,0.2777777777777778,0.0655934406559344,0.0,-0.0648148148148148,0.6203703703703703,46,58,0.5555555555555556,0.2842382428423824,False
sub-17_ses-2,sub-17_ses-2_ecephys+image.nwb,17,2,6,135,-0.0185185185185185,0.5486451354864513,0.0,-0.4537037037037037,0.3981481481481481,45,48,0.5111111111111111,1.0,False
sub-17_ses-2,sub-17_ses-2_ecephys+image.nwb,17,2,7,135,-5.185185185185185,0.9982001799820018,-2.5,-8.630092592592593,-1.648148148148148,50,10,0.4074074074074074,1.0,False
sub-17_ses-2,sub-17_ses-2_ecephys+image.nwb,17,2,8,135,-0.0092592592592592,0.621037896210379,0.0,-0.1296296296296296,0.1018518518518518,11,111,0.4925925925925926,1.0,False
sub-17_ses-2,sub-17_ses-2_ecephys+image.nwb,17,2,9,135,-0.3055555555555556,0.9868013198680132,0.0,-0.5833333333333334,-0.037037037037037,29,70,0.4740740740740741,1.0,False
sub-17_ses-2,sub-17_ses-2_ecephys+image.nwb,17,2,10,135,-1.5277777777777777,1.0,-1.25,-2.240972222222222,-0.8148148148148148,31,32,0.3481481481481481,1.0,False
sub-17_ses-2,sub-17_ses-2_ecephys+image.nwb,17,2,11,135,-0.0462962962962962,0.575942405759424,0.0,-0.5462962962962963,0.4629629629629629,34,74,0.5259259259259259,1.0,False
sub-17_ses-2,sub-17_ses-2_ecephys+image.nwb,17,2,12,135,-0.1388888888888889,0.8814118588141185,0.0,-0.3796296296296296,0.1018518518518518,28,75,0.4851851851851851,1.0,False
sub-18_ses-2,sub-18_ses-2_ecephys+image.nwb,18,2,0,135,0.0833333333333333,0.347965203479652,0.0,-0.2685185185185185,0.4444444444444444,47,45,0.5148148148148148,0.6731130165671958,False
sub-18_ses-2,sub-18_ses-2_ecephys+image.nwb,18,2,1,135,0.6203703703703703,0.0107989201079892,0.0,0.0925925925925925,1.1574074074074074,59,33,0.5592592592592592,0.0910194694816232,False
sub-18_ses-2,sub-18_ses-2_ecephys+image.nwb,18,2,2,135,0.2685185185185185,0.0916908309169083,0.0,-0.1296296296296296,0.6296296296296297,56,48,0.5925925925925926,0.3005421680054216,False
sub-18_ses-2,sub-18_ses-2_ecephys+image.nwb,18,2,3,135,0.1481481481481481,0.2024797520247975,0.0,-0.1759259259259259,0.4629629629629629,57,30,0.5333333333333333,0.4498846411655131,False
sub-18_ses-2,sub-18_ses-2_ecephys+image.nwb,18,2,4,135,0.2592592592592592,0.0702929707029297,0.0,-0.074074074074074,0.5833333333333334,49,53,0.5592592592592592,0.2713728627137286,False
sub-18_ses-2,sub-18_ses-2_ecephys+image.nwb,18,2,5,135,0.0462962962962962,0.3364663533646635,0.0,-0.1111111111111111,0.2129629629629629,20,95,0.5,0.6617171616171716,False
sub-18_ses-2,sub-18_ses-2_ecephys+image.nwb,18,2,6,135,1.3148148148148149,9.999000099990002e-05,1.25,0.7870370370370371,1.879629629629629,70,37,0.6555555555555556,0.0058994100589941,True
sub-18_ses-2,sub-18_ses-2_ecephys+image.nwb,18,2,7,135,0.3888888888888889,0.0034996500349965,0.0,0.1203703703703703,0.6481481481481481,51,61,0.6037037037037037,0.0448355164483551,True
sub-18_ses-2,sub-18_ses-2_ecephys+image.nwb,18,2,8,135,-0.0277777777777777,0.5346465353464653,0.0,-0.7039351851851852,0.7129629629629629,49,30,0.4740740740740741,0.8762262662622625,False
sub-18_ses-2,sub-18_ses-2_ecephys+image.nwb,18,2,9,135,1.1851851851851851,0.0006999300069993,0.0,0.4814814814814814,1.898148148148148,66,39,0.6333333333333333,0.0165183481651834,True
sub-18_ses-2,sub-18_ses-2_ecephys+image.nwb,18,2,10,135,1.5277777777777777,0.0003999600039996,1.25,0.6944444444444444,2.3796296296296298,83,13,0.662962962962963,0.0117988201179882,True
sub-18_ses-2,sub-18_ses-2_ecephys+image.nwb,18,2,11,135,0.037037037037037,0.3737626237376262,0.0,-0.1296296296296296,0.2129629629629629,19,100,0.5111111111111111,0.7043708327579941,False
sub-18_ses-2,sub-18_ses-2_ecephys+image.nwb,18,2,12,135,-0.6574074074074074,0.9967003299670032,-1.25,-1.129861111111111,-0.1944444444444444,41,25,0.3962962962962963,1.0,False
sub-18_ses-2,sub-18_ses-2_ecephys+image.nwb,18,2,13,135,-0.4814814814814814,0.9974002599740026,0.0,-0.8333333333333334,-0.1203703703703703,17,77,0.4111111111111111,1.0,False
sub-18_ses-2,sub-18_ses-2_ecephys+image.nwb,18,2,14,135,-0.7592592592592593,1.0,-1.25,-1.1111111111111112,-0.4259259259259259,27,38,0.3407407407407407,1.0,False
sub-18_ses-2,sub-18_ses-2_ecephys+image.nwb,18,2,15,135,-0.5555555555555556,0.9998000199980002,0.0,-0.8333333333333334,-0.2682870370370404,29,45,0.3814814814814815,1.0,False
sub-18_ses-2,sub-18_ses-2_ecephys+image.nwb,18,2,16,135,-0.1574074074074074,0.9763023697630236,0.0,-0.324074074074074,0.0,22,80,0.4592592592592592,1.0,False
sub-18_ses-2,sub-18_ses-2_ecephys+image.nwb,18,2,17,135,0.0092592592592592,0.5023497650234976,0.0,-0.1851851851851851,0.1944444444444444,23,90,0.5037037037037037,0.8387133117674148,False
sub-18_ses-2,sub-18_ses-2_ecephys+image.nwb,18,2,18,135,0.1203703703703703,0.1030896910308969,0.0,-0.0462962962962962,0.287037037037037,18,106,0.5259259259259259,0.3147335266473353,False
sub-18_ses-2,sub-18_ses-2_ecephys+image.nwb,18,2,19,135,-0.2222222222222222,0.9088091190880913,0.0,-0.5555555555555556,0.1020833333333299,46,33,0.4629629629629629,1.0,False
sub-18_ses-2,sub-18_ses-2_ecephys+image.nwb,18,2,20,135,-0.1388888888888889,0.918108189181082,0.0,-0.3518518518518518,0.074074074074074,28,68,0.4592592592592592,1.0,False
sub-18_ses-2,sub-18_ses-2_ecephys+image.nwb,18,2,21,135,0.0925925925925925,0.0720927907209279,0.0,-0.0092592592592592,0.2037037037037037,19,108,0.5407407407407407,0.2713728627137286,False
sub-18_ses-2,sub-18_ses-2_ecephys+image.nwb,18,2,22,135,0.0277777777777777,0.4448555144485551,0.0,-0.2685185185185185,0.3333333333333333,38,53,0.4777777777777778,0.7790691519083386,False
sub-18_ses-2,sub-18_ses-2_ecephys+image.nwb,18,2,23,135,0.1481481481481481,0.0545945405459454,0.0,-0.0185185185185185,0.3148148148148148,27,90,0.5333333333333333,0.2385983623859836,False
sub-18_ses-2,sub-18_ses-2_ecephys+image.nwb,18,2,24,135,0.2222222222222222,0.0235976402359764,0.0,0.0185185185185185,0.4351851851851852,36,77,0.5518518518518518,0.1210661542541397,False
sub-18_ses-2,sub-18_ses-2_ecephys+image.nwb,18,2,25,135,0.1481481481481481,0.1755824417558244,0.0,-0.1481481481481481,0.4444444444444444,49,40,0.5111111111111111,0.4310181226775281,False
sub-18_ses-2,sub-18_ses-2_ecephys+image.nwb,18,2,26,135,-0.037037037037037,0.7671232876712328,0.0,-0.1574074074074074,0.0833333333333333,9,111,0.4777777777777778,1.0,False
sub-18_ses-2,sub-18_ses-2_ecephys+image.nwb,18,2,27,135,0.1111111111111111,0.0781921807819218,0.0,-0.0277777777777777,0.25,19,107,0.5370370370370371,0.2713728627137286,False
sub-18_ses-2,sub-18_ses-2_ecephys+image.nwb,18,2,28,135,-0.2777777777777778,0.6967303269673033,0.0,-1.3425925925925926,0.7594907407407374,60,14,0.4962962962962963,1.0,False
sub-18_ses-2,sub-18_ses-2_ecephys+image.nwb,18,2,29,135,0.037037037037037,0.222977702229777,0.0,-0.037037037037037,0.1111111111111111,9,122,0.5185185185185185,0.4783885247838852,False
sub-18_ses-2,sub-18_ses-2_ecephys+image.nwb,18,2,30,135,0.2962962962962963,0.0206979302069793,0.0,0.0368055555555556,0.5648148148148148,51,48,0.5555555555555556,0.1210661542541397,False
sub-18_ses-2,sub-18_ses-2_ecephys+image.nwb,18,2,31,135,0.074074074074074,0.138986101389861,0.0,-0.0462962962962962,0.1944444444444444,19,103,0.5222222222222223,0.3691719716917198,False
sub-18_ses-2,sub-18_ses-2_ecephys+image.nwb,18,2,32,135,-0.0555555555555555,0.679032096790321,0.0,-0.324074074074074,0.2129629629629629,37,53,0.4703703703703704,1.0,False
sub-18_ses-2,sub-18_ses-2_ecephys+image.nwb,18,2,33,135,0.0833333333333333,0.1066893310668933,0.0,-0.037037037037037,0.2037037037037037,14,112,0.5185185185185185,0.3147335266473353,False
sub-18_ses-2,sub-18_ses-2_ecephys+image.nwb,18,2,34,135,0.1203703703703703,0.0080991900809919,0.0,0.037037037037037,0.2129629629629629,17,113,0.5444444444444444,0.0735157253505418,False
sub-18_ses-2,sub-18_ses-2_ecephys+image.nwb,18,2,35,135,0.1111111111111111,0.0762923707629237,0.0,-0.0092592592592592,0.2592592592592592,9,121,0.5148148148148148,0.2713728627137286,False
sub-18_ses-2,sub-18_ses-2_ecephys+image.nwb,18,2,36,135,0.2592592592592592,0.0117988201179882,0.0,0.0462962962962962,0.4907407407407407,26,92,0.5333333333333333,0.0928173849281738,False
sub-18_ses-2,sub-18_ses-2_ecephys+image.nwb,18,2,37,135,0.0925925925925925,0.1122887711228877,0.0,-0.0462962962962962,0.2314814814814814,23,97,0.5296296296296297,0.3154779760119226,False
sub-18_ses-2,sub-18_ses-2_ecephys+image.nwb,18,2,38,135,0.0277777777777777,0.2674732526747325,0.0,-0.0277777777777777,0.0833333333333333,4,129,0.5074074074074074,0.5537165581687445,False
sub-18_ses-2,sub-18_ses-2_ecephys+image.nwb,18,2,39,135,0.0277777777777777,0.3760623937606239,0.0,-0.0833333333333333,0.1203703703703703,9,122,0.5185185185185185,0.7043708327579941,False
sub-18_ses-2,sub-18_ses-2_ecephys+image.nwb,18,2,40,135,-0.0185185185185185,0.5705429457054294,0.0,-0.324074074074074,0.2962962962962963,46,43,0.5,0.909784697205955,False
sub-18_ses-2,sub-18_ses-2_ecephys+image.nwb,18,2,41,135,0.1111111111111111,0.0227977202279772,0.0,0.0185185185185185,0.2129629629629629,13,117,0.5296296296296297,0.1210661542541397,False
sub-18_ses-2,sub-18_ses-2_ecephys+image.nwb,18,2,42,135,0.0185185185185185,0.4347565243475652,0.0,-0.0833333333333333,0.1296296296296296,13,110,0.5037037037037037,0.7790691519083386,False
sub-18_ses-2,sub-18_ses-2_ecephys+image.nwb,18,2,43,135,0.2685185185185185,0.0037996200379962,0.0,0.0833333333333333,0.4537037037037037,39,73,0.5592592592592592,0.0448355164483551,True
sub-18_ses-2,sub-18_ses-2_ecephys+image.nwb,18,2,44,135,-0.0185185185185185,0.6743325667433256,0.0,-0.1388888888888889,0.1018518518518518,11,109,0.4851851851851851,1.0,False
sub-18_ses-2,sub-18_ses-2_ecephys+image.nwb,18,2,45,135,0.2037037037037037,0.1685831416858314,0.0,-0.1666666666666666,0.5833333333333334,56,32,0.5333333333333333,0.4232512918920874,False
sub-18_ses-2,sub-18_ses-2_ecephys+image.nwb,18,2,46,135,0.3981481481481481,0.15998400159984,0.0,-0.3611111111111111,1.1666666666666667,60,21,0.5222222222222223,0.4103937432343722,False
sub-18_ses-2,sub-18_ses-2_ecephys+image.nwb,18,2,47,135,0.0092592592592592,0.5046495350464953,0.0,-0.1203703703703703,0.1388888888888889,11,117,0.5148148148148148,0.8387133117674148,False
sub-18_ses-2,sub-18_ses-2_ecephys+image.nwb,18,2,48,135,0.4722222222222222,0.0001999800019998,0.0,0.2222222222222222,0.7407407407407407,42,75,0.5888888888888889,0.0078658800786588,True
sub-18_ses-2,sub-18_ses-2_ecephys+image.nwb,18,2,49,135,0.074074074074074,0.0776922307769223,0.0,-0.0185185185185185,0.1574074074074074,13,117,0.5296296296296297,0.2713728627137286,False
sub-18_ses-2,sub-18_ses-2_ecephys+image.nwb,18,2,50,135,0.3333333333333333,0.0137986201379862,0.0,0.0645833333333334,0.6296296296296297,40,67,0.5444444444444444,0.097166753912844,False
sub-18_ses-2,sub-18_ses-2_ecephys+image.nwb,18,2,51,135,0.4351851851851852,0.0052994700529947,0.0,0.1203703703703703,0.7685185185185185,48,59,0.5740740740740741,0.0521114555211145,False
sub-18_ses-2,sub-18_ses-2_ecephys+image.nwb,18,2,52,135,0.1018518518518518,0.128987101289871,0.0,-0.0462962962962962,0.2592592592592592,16,108,0.5185185185185185,0.353964603539646,False
sub-18_ses-2,sub-18_ses-2_ecephys+image.nwb,18,2,53,135,0.25,0.2772722727727227,0.0,-0.5370370370370371,1.037037037037037,60,13,0.4925925925925926,0.5641056583996772,False
sub-18_ses-2,sub-18_ses-2_ecephys+image.nwb,18,2,54,135,0.4166666666666667,0.1407859214078592,0.0,-0.3148148148148148,1.1298611111111077,44,49,0.5074074074074074,0.3691719716917198,False
sub-18_ses-2,sub-18_ses-2_ecephys+image.nwb,18,2,55,135,0.1481481481481481,0.030996900309969,0.0,0.0092592592592592,0.287037037037037,22,100,0.5333333333333333,0.1524014265240142,False
sub-18_ses-2,sub-18_ses-2_ecephys+image.nwb,18,2,56,135,0.7222222222222222,0.0027997200279972,0.0,0.2314814814814814,1.3055555555555556,37,74,0.5481481481481482,0.0442455754424557,True
sub-18_ses-2,sub-18_ses-2_ecephys+image.nwb,18,2,57,135,0.1388888888888889,0.1902809719028097,0.0,-0.1391203703703703,0.4074074074074074,36,66,0.5111111111111111,0.440720633818971,False
sub-18_ses-2,sub-18_ses-2_ecephys+image.nwb,18,2,58,135,-0.2314814814814814,0.992100789921008,0.0,-0.4166666666666667,-0.037037037037037,17,82,0.4296296296296296,1.0,False
sub-18_ses-2,sub-18_ses-2_ecephys+image.nwb,18,2,59,135,0.4074074074074074,0.0161983801619838,0.0,0.0555555555555555,0.7777777777777778,52,47,0.5592592592592592,0.1006004662691625,False
sub-18_ses-2,sub-18_ses-2_ecephys+image.nwb,18,2,60,135,0.074074074074074,0.178982101789821,0.0,-0.0648148148148148,0.2129629629629629,19,104,0.5259259259259259,0.4310181226775281,False
sub-18_ses-2,sub-18_ses-2_ecephys+image.nwb,18,2,61,135,-0.0462962962962962,0.8424157584241576,0.0,-0.1481481481481481,0.0555555555555555,7,117,0.4851851851851851,1.0,False
sub-18_ses-2,sub-18_ses-2_ecephys+image.nwb,18,2,62,135,-0.1018518518518518,0.6096390360963904,0.0,-0.8333333333333334,0.6203703703703703,53,23,0.4777777777777778,0.9591654167916542,False
sub-18_ses-2,sub-18_ses-2_ecephys+image.nwb,18,2,63,135,-0.25,0.9013098690130988,0.0,-0.6296296296296297,0.1296296296296296,41,39,0.4481481481481481,1.0,False
sub-18_ses-2,sub-18_ses-2_ecephys+image.nwb,18,2,64,135,0.0833333333333333,0.1904809519048095,0.0,-0.0743055555555554,0.25,28,85,0.5222222222222223,0.440720633818971,False
sub-18_ses-2,sub-18_ses-2_ecephys+image.nwb,18,2,65,135,0.287037037037037,0.0217978202179782,0.0,0.0277777777777777,0.5648148148148148,46,56,0.5481481481481482,0.1210661542541397,False
sub-18_ses-2,sub-18_ses-2_ecephys+image.nwb,18,2,66,135,0.0185185185185185,0.448955104489551,0.0,-0.1111111111111111,0.1481481481481481,11,113,0.5,0.7790691519083386,False
sub-18_ses-2,sub-18_ses-2_ecephys+image.nwb,18,2,67,135,0.3333333333333333,0.013998600139986,0.0,0.0462962962962962,0.6111111111111112,48,55,0.5592592592592592,0.097166753912844,False
sub-18_ses-2,sub-18_ses-2_ecephys+image.nwb,18,2,68,135,0.0277777777777777,0.3937606239376062,0.0,-0.1111111111111111,0.1574074074074074,17,104,0.5111111111111111,0.7259961503849616,False
sub-18_ses-2,sub-18_ses-2_ecephys+image.nwb,18,2,69,135,-0.8055555555555556,1.0,0.0,-1.2037037037037035,-0.4166666666666667,30,40,0.3703703703703703,1.0,False
sub-18_ses-2,sub-18_ses-2_ecephys+image.nwb,18,2,70,135,0.6574074074074074,9.999000099990002e-05,0.0,0.3703703703703703,0.9629629629629628,57,48,0.6,0.0058994100589941,True
sub-18_ses-2,sub-18_ses-2_ecephys+image.nwb,18,2,71,135,-0.0462962962962962,0.6851314868513149,0.0,-0.2777777777777778,0.1851851851851851,22,91,0.5,1.0,False
sub-18_ses-2,sub-18_ses-2_ecephys+image.nwb,18,2,72,135,0.6759259259259259,0.0011998800119988,1.25,0.2407407407407407,1.1203703703703705,68,25,0.5962962962962963,0.0235976402359764,True
sub-18_ses-2,sub-18_ses-2_ecephys+image.nwb,18,2,73,135,0.1574074074074074,0.1981801819818018,0.0,-0.1851851851851851,0.4907407407407407,49,43,0.5222222222222223,0.449716566804858,False
sub-18_ses-2,sub-18_ses-2_ecephys+image.nwb,18,2,74,135,0.6203703703703703,0.0051994800519948,0.0,0.1574074074074074,1.0743055555555523,61,35,0.5814814814814815,0.0521114555211145,False
sub-18_ses-2,sub-18_ses-2_ecephys+image.nwb,18,2,75,135,-0.1111111111111111,0.9972002799720028,0.0,-0.1944444444444444,-0.0277777777777777,6,111,0.4555555555555555,1.0,False
sub-18_ses-2,sub-18_ses-2_ecephys+image.nwb,18,2,76,135,-1.0,0.999900009999,-1.25,-1.4907407407407407,-0.4907407407407407,37,24,0.362962962962963,1.0,False
sub-18_ses-2,sub-18_ses-2_ecephys+image.nwb,18,2,77,135,0.2314814814814814,0.0865913408659134,0.0,-0.0833333333333333,0.5462962962962963,49,44,0.5259259259259259,0.2919365206336509,False
sub-18_ses-2,sub-18_ses-2_ecephys+image.nwb,18,2,78,135,-1.8240740740740744,1.0,-1.25,-2.462962962962963,-1.1666666666666667,35,17,0.3222222222222222,1.0,False
sub-18_ses-2,sub-18_ses-2_ecephys+image.nwb,18,2,79,135,0.1388888888888889,0.266973302669733,0.0,-0.2685185185185185,0.5462962962962963,53,33,0.5148148148148148,0.5537165581687445,False
sub-18_ses-2,sub-18_ses-2_ecephys+image.nwb,18,2,80,135,0.1388888888888889,0.101989801019898,0.0,-0.0648148148148148,0.3425925925925926,32,83,0.5444444444444444,0.3147335266473353,False
sub-18_ses-2,sub-18_ses-2_ecephys+image.nwb,18,2,81,135,0.6481481481481481,0.002999700029997,0.0,0.2129629629629629,1.101851851851852,64,30,0.5851851851851851,0.0442455754424557,True
sub-18_ses-2,sub-18_ses-2_ecephys+image.nwb,18,2,82,135,0.0092592592592592,0.5028497150284972,0.0,-0.1666666666666666,0.1944444444444444,25,87,0.5074074074074074,0.8387133117674148,False
sub-18_ses-2,sub-18_ses-2_ecephys+image.nwb,18,2,83,135,0.6111111111111112,0.0152984701529847,0.0,0.0831018518518519,1.1666666666666667,66,29,0.5962962962962963,0.1002899710028997,False
sub-18_ses-2,sub-18_ses-2_ecephys+image.nwb,18,2,84,135,-1.805555555555556,0.999900009999,-1.25,-2.712962962962963,-0.9074074074074074,40,20,0.3703703703703703,1.0,False
sub-18_ses-2,sub-18_ses-2_ecephys+image.nwb,18,2,85,135,-2.287037037037037,1.0,-1.25,-3.111111111111111,-1.5182870370370405,42,15,0.3666666666666666,1.0,False
sub-18_ses-2,sub-18_ses-2_ecephys+image.nwb,18,2,86,135,-0.5740740740740741,0.993900609939006,0.0,-1.0185185185185186,-0.1203703703703703,28,49,0.3888888888888889,1.0,False
sub-18_ses-2,sub-18_ses-2_ecephys+image.nwb,18,2,87,135,0.074074074074074,0.2941705829417058,0.0,-0.1574074074074074,0.3055555555555556,24,89,0.5074074074074074,0.5883411658834117,False
sub-18_ses-2,sub-18_ses-2_ecephys+image.nwb,18,2,88,135,-0.8611111111111112,1.0,0.0,-1.2407407407407407,-0.5092592592592593,22,58,0.3777777777777777,1.0,False
sub-18_ses-2,sub-18_ses-2_ecephys+image.nwb,18,2,89,135,-1.898148148148148,1.0,-1.25,-2.555555555555556,-1.2592592592592593,29,23,0.3,1.0,False
sub-18_ses-2,sub-18_ses-2_ecephys+image.nwb,18,2,90,135,-5.407407407407407,1.0,-5.0,-6.75,-4.055555555555555,29,11,0.2555555555555555,1.0,False
sub-18_ses-2,sub-18_ses-2_ecephys+image.nwb,18,2,91,135,-0.5370370370370371,0.9886011398860114,0.0,-0.9907407407407408,-0.0555555555555555,47,23,0.4333333333333333,1.0,False
sub-18_ses-2,sub-18_ses-2_ecephys+image.nwb,18,2,92,135,-1.787037037037037,1.0,-1.25,-2.6296296296296298,-0.9722222222222222,32,24,0.3259259259259259,1.0,False
sub-18_ses-2,sub-18_ses-2_ecephys+image.nwb,18,2,93,135,-0.3055555555555556,0.9948005199480052,0.0,-0.5462962962962963,-0.074074074074074,19,74,0.4148148148148148,1.0,False
sub-18_ses-2,sub-18_ses-2_ecephys+image.nwb,18,2,94,135,-0.037037037037037,0.6655334466553344,0.0,-0.25,0.1666666666666666,23,90,0.5037037037037037,1.0,False
sub-18_ses-2,sub-18_ses-2_ecephys+image.nwb,18,2,95,135,0.0185185185185185,0.4401559844015598,0.0,-0.1018518518518518,0.1296296296296296,13,110,0.5037037037037037,0.7790691519083386,False
sub-18_ses-2,sub-18_ses-2_ecephys+image.nwb,18,2,96,135,-0.0648148148148148,0.7697230276972302,0.0,-0.2594907407407406,0.1296296296296296,25,78,0.4740740740740741,1.0,False
sub-18_ses-2,sub-18_ses-2_ecephys+image.nwb,18,2,97,135,-0.1851851851851851,0.9587041295870412,0.0,-0.4074074074074074,0.0185185185185185,22,83,0.4703703703703704,1.0,False
sub-18_ses-2,sub-18_ses-2_ecephys+image.nwb,18,2,98,135,-0.0185185185185185,0.6237376262373763,0.0,-0.1851851851851851,0.1388888888888889,21,90,0.4888888888888889,0.9684347354738212,False
sub-18_ses-2,sub-18_ses-2_ecephys+image.nwb,18,2,99,135,-0.75,0.9934006599340066,-1.25,-1.351851851851852,-0.1296296296296296,44,22,0.4074074074074074,1.0,False
sub-18_ses-2,sub-18_ses-2_ecephys+image.nwb,18,2,100,135,-0.0462962962962962,0.7679232076792321,0.0,-0.2037037037037037,0.0833333333333333,13,111,0.5074074074074074,1.0,False
sub-18_ses-2,sub-18_ses-2_ecephys+image.nwb,18,2,101,135,-0.3333333333333333,0.9978002199780022,0.0,-0.5740740740740741,-0.1018518518518518,24,64,0.4148148148148148,1.0,False
sub-18_ses-2,sub-18_ses-2_ecephys+image.nwb,18,2,102,135,-1.5092592592592593,1.0,-1.25,-2.185185185185185,-0.8425925925925926,37,14,0.3259259259259259,1.0,False
sub-18_ses-2,sub-18_ses-2_ecephys+image.nwb,18,2,103,135,-0.75,0.9991000899910008,0.0,-1.2039351851851852,-0.3055555555555556,41,28,0.4074074074074074,1.0,False
sub-18_ses-2,sub-18_ses-2_ecephys+image.nwb,18,2,104,135,-0.25,0.9908009199080092,0.0,-0.4722222222222222,-0.037037037037037,25,76,0.4666666666666667,1.0,False
sub-18_ses-2,sub-18_ses-2_ecephys+image.nwb,18,2,105,135,-0.7129629629629629,0.9988001199880012,0.0,-1.1574074074074074,-0.2868055555555589,35,37,0.3962962962962963,1.0,False
sub-18_ses-2,sub-18_ses-2_ecephys+image.nwb,18,2,106,135,-0.2222222222222222,0.9095090490950904,0.0,-0.5740740740740741,0.1111111111111111,47,36,0.4814814814814814,1.0,False
sub-18_ses-2,sub-18_ses-2_ecephys+image.nwb,18,2,107,135,-0.1759259259259259,0.9312068793120688,0.0,-0.4259259259259259,0.074074074074074,40,48,0.4740740740740741,1.0,False
sub-18_ses-2,sub-18_ses-2_ecephys+image.nwb,18,2,108,135,0.2314814814814814,0.0663933606639336,0.0,-0.0555555555555555,0.5185185185185185,49,51,0.5518518518518518,0.2713728627137286,False
sub-18_ses-2,sub-18_ses-2_ecephys+image.nwb,18,2,109,135,-0.1574074074074074,0.9038096190380962,0.0,-0.4074074074074074,0.0925925925925925,31,63,0.4629629629629629,1.0,False
sub-18_ses-2,sub-18_ses-2_ecephys+image.nwb,18,2,110,135,0.0833333333333333,0.2058794120587941,0.0,-0.0925925925925925,0.2592592592592592,25,92,0.5259259259259259,0.4498846411655131,False
sub-18_ses-2,sub-18_ses-2_ecephys+image.nwb,18,2,111,135,0.4722222222222222,0.0473952604739526,0.0,-0.0833333333333333,0.9907407407407408,66,29,0.5962962962962963,0.2151015667664003,False
sub-18_ses-2,sub-18_ses-2_ecephys+image.nwb,18,2,112,135,0.3518518518518518,0.1066893310668933,0.0,-0.1851851851851851,0.8796296296296297,60,33,0.5666666666666667,0.3147335266473353,False
sub-18_ses-2,sub-18_ses-2_ecephys+image.nwb,18,2,113,135,0.1018518518518518,0.1117888211178882,0.0,-0.0462962962962962,0.25,19,105,0.5296296296296297,0.3154779760119226,False
sub-18_ses-2,sub-18_ses-2_ecephys+image.nwb,18,2,114,135,-0.324074074074074,0.9916008399160084,0.0,-0.5833333333333334,-0.0555555555555555,33,56,0.4518518518518518,1.0,False
sub-18_ses-2,sub-18_ses-2_ecephys+image.nwb,18,2,115,135,0.4166666666666667,0.072992700729927,0.0,-0.1388888888888889,0.9444444444444444,60,31,0.5592592592592592,0.2713728627137286,False
sub-18_ses-2,sub-18_ses-2_ecephys+image.nwb,18,2,116,135,0.1574074074074074,0.0404959504049595,0.0,-0.0092592592592592,0.324074074074074,28,88,0.5333333333333333,0.1911408859114088,False
sub-18_ses-2,sub-18_ses-2_ecephys+image.nwb,18,2,117,135,0.0,0.5596440355964404,0.0,-0.1388888888888889,0.1388888888888889,19,97,0.5,0.9046300849367118,False
sub-19_ses-2,sub-19_ses-2_ecephys+image.nwb,19,2,0,108,0.5555555555555556,0.0443955604439556,0.0,-0.0581597222222221,1.1574074074074074,53,20,0.5833333333333334,0.2188781121887811,False
sub-19_ses-2,sub-19_ses-2_ecephys+image.nwb,19,2,1,108,0.2546296296296296,0.0918908109189081,0.0,-0.0925925925925925,0.6137152777777736,33,50,0.5370370370370371,0.2526997300269973,False
sub-19_ses-2,sub-19_ses-2_ecephys+image.nwb,19,2,2,108,0.1041666666666666,0.1178882111788821,0.0,-0.0462962962962962,0.2546296296296296,15,83,0.5231481481481481,0.2593540645935406,False
sub-19_ses-2,sub-19_ses-2_ecephys+image.nwb,19,2,3,108,0.1273148148148148,0.3273672632736726,0.0,-0.3703703703703703,0.6018518518518519,42,30,0.5277777777777778,0.5144342708586285,False
sub-19_ses-2,sub-19_ses-2_ecephys+image.nwb,19,2,4,108,0.5439814814814815,0.0596940305969403,0.0,-0.1044560185185184,1.1921296296296295,51,17,0.5509259259259259,0.2188781121887811,False
sub-19_ses-2,sub-19_ses-2_ecephys+image.nwb,19,2,5,108,-0.0578703703703703,0.7917208279172083,0.0,-0.2199074074074074,0.1041666666666666,11,82,0.4814814814814814,0.8708929107089292,False
sub-19_ses-2,sub-19_ses-2_ecephys+image.nwb,19,2,6,108,1.7939814814814814,9.999000099990002e-05,1.25,1.3657407407407407,2.280092592592593,61,46,0.7777777777777778,0.0010998900109989,True
sub-19_ses-2,sub-19_ses-2_ecephys+image.nwb,19,2,7,108,-0.3819444444444444,0.98990100989901,0.0,-0.7060185185185185,-0.0578703703703703,25,44,0.4351851851851852,0.98990100989901,False
sub-19_ses-2,sub-19_ses-2_ecephys+image.nwb,19,2,8,108,0.0578703703703703,0.3807619238076192,0.0,-0.2314814814814814,0.3587962962962963,34,44,0.5185185185185185,0.5235476452354765,False
sub-19_ses-2,sub-19_ses-2_ecephys+image.nwb,19,2,9,108,0.0694444444444444,0.2822717728227177,0.0,-0.1157407407407407,0.2662037037037037,18,76,0.5185185185185185,0.5144342708586285,False
sub-19_ses-2,sub-19_ses-2_ecephys+image.nwb,19,2,10,108,0.0231481481481481,0.475952404759524,0.0,-0.3706597222222221,0.4050925925925926,38,37,0.5231481481481481,0.5817196058171961,False
sub-20_ses-2,sub-20_ses-2_ecephys+image.nwb,20,2,0,135,0.2129629629629629,0.1951804819518048,0.0,-0.2314814814814814,0.6854166666666633,61,25,0.5444444444444444,0.487951204879512,False
sub-20_ses-2,sub-20_ses-2_ecephys+image.nwb,20,2,1,135,0.2407407407407407,0.1168883111688831,0.0,-0.1388888888888889,0.6113425925925893,46,51,0.5296296296296297,0.487951204879512,False
sub-20_ses-2,sub-20_ses-2_ecephys+image.nwb,20,2,2,135,0.0277777777777777,0.4634536546345365,0.0,-0.3611111111111111,0.4354166666666633,36,55,0.4703703703703704,0.5793170682931706,False
sub-20_ses-2,sub-20_ses-2_ecephys+image.nwb,20,2,3,135,-0.2592592592592592,0.8924107589241076,0.0,-0.6851851851851852,0.1666666666666666,45,27,0.4333333333333333,0.8924107589241076,False
sub-20_ses-2,sub-20_ses-2_ecephys+image.nwb,20,2,4,135,0.1018518518518518,0.292970702929707,0.0,-0.2222222222222222,0.4074074074074074,30,82,0.5259259259259259,0.488284504882845,False
sub-21_ses-2,sub-21_ses-2_ecephys+image.nwb,21,2,0,135,0.1388888888888889,0.1933806619338066,0.0,-0.1666666666666666,0.4259259259259259,53,44,0.5555555555555556,0.5014498550144986,False
sub-21_ses-2,sub-21_ses-2_ecephys+image.nwb,21,2,1,135,0.4814814814814814,0.0113988601139886,0.0,0.0925925925925925,0.8981481481481481,48,52,0.5481481481481482,0.206979302069793,False
sub-21_ses-2,sub-21_ses-2_ecephys+image.nwb,21,2,2,135,0.1296296296296296,0.2005799420057994,0.0,-0.1481481481481481,0.4166666666666667,36,63,0.5,0.5014498550144986,False
sub-21_ses-2,sub-21_ses-2_ecephys+image.nwb,21,2,3,135,-0.0925925925925925,0.8349165083491651,0.0,-0.2962962962962963,0.1018518518518518,33,64,0.4814814814814814,1.0,False
sub-21_ses-2,sub-21_ses-2_ecephys+image.nwb,21,2,4,135,0.0648148148148148,0.4101589841015898,0.0,-0.4166666666666667,0.5648148148148148,51,33,0.5,0.8203179682031797,False
sub-21_ses-2,sub-21_ses-2_ecephys+image.nwb,21,2,5,135,0.0,0.541045895410459,0.0,-0.2407407407407407,0.2314814814814814,35,63,0.4925925925925926,0.8323783006314753,False
sub-21_ses-2,sub-21_ses-2_ecephys+image.nwb,21,2,6,135,0.2407407407407407,0.1717828217178282,0.0,-0.2314814814814814,0.7129629629629629,58,25,0.5222222222222223,0.5014498550144986,False
sub-21_ses-2,sub-21_ses-2_ecephys+image.nwb,21,2,7,135,-2.25,1.0,-1.25,-3.1574074074074074,-1.3333333333333333,27,36,0.3333333333333333,1.0,False
sub-21_ses-2,sub-21_ses-2_ecephys+image.nwb,21,2,8,135,-0.8703703703703703,0.9707029297070292,0.0,-1.7872685185185184,0.0277777777777777,54,18,0.4666666666666667,1.0,False
sub-21_ses-2,sub-21_ses-2_ecephys+image.nwb,21,2,9,135,-0.0092592592592592,0.5363463653634637,0.0,-0.5740740740740741,0.5555555555555556,61,17,0.5148148148148148,0.8323783006314753,False
sub-21_ses-2,sub-21_ses-2_ecephys+image.nwb,21,2,10,135,0.324074074074074,0.1623837616238376,0.0,-0.2777777777777778,0.9629629629629628,53,29,0.5,0.5014498550144986,False
sub-21_ses-2,sub-21_ses-2_ecephys+image.nwb,21,2,11,135,-0.5648148148148148,0.925907409259074,-1.25,-1.3148148148148149,0.1944444444444444,46,21,0.4185185185185185,1.0,False
sub-21_ses-2,sub-21_ses-2_ecephys+image.nwb,21,2,12,135,0.6944444444444444,0.0206979302069793,0.0,0.0738425925925926,1.3240740740740742,67,23,0.5814814814814815,0.206979302069793,False
sub-21_ses-2,sub-21_ses-2_ecephys+image.nwb,21,2,13,135,-0.1018518518518518,0.8484151584841516,0.0,-0.3148148148148148,0.0925925925925925,27,72,0.4666666666666667,1.0,False
sub-21_ses-2,sub-21_ses-2_ecephys+image.nwb,21,2,14,135,-0.6203703703703703,0.9738026197380262,0.0,-1.287037037037037,0.0092592592592592,44,32,0.4444444444444444,1.0,False
sub-21_ses-2,sub-21_ses-2_ecephys+image.nwb,21,2,15,135,-0.25,0.958004199580042,0.0,-0.5462962962962963,0.037037037037037,35,53,0.4555555555555555,1.0,False
sub-21_ses-2,sub-21_ses-2_ecephys+image.nwb,21,2,16,135,0.5462962962962963,0.1255874412558744,0.0,-0.3981481481481481,1.4537037037037035,67,20,0.5703703703703704,0.5014498550144986,False
sub-21_ses-2,sub-21_ses-2_ecephys+image.nwb,21,2,17,135,0.0648148148148148,0.3634636536346365,0.0,-0.2409722222222221,0.3796296296296296,40,56,0.5037037037037037,0.8076970080769701,False
sub-21_ses-2,sub-21_ses-2_ecephys+image.nwb,21,2,18,135,0.0185185185185185,0.4851514848515148,0.0,-0.3518518518518518,0.3888888888888889,46,40,0.4888888888888889,0.8323783006314753,False
sub-21_ses-2,sub-21_ses-2_ecephys+image.nwb,21,2,19,135,0.3611111111111111,0.1203879612038796,0.0,-0.1946759259259258,0.9537037037037036,48,55,0.5592592592592592,0.5014498550144986,False
