unit_id,trial_id,baseline_count,response_count,baseline_rate_hz,response_rate_hz,rate_difference_hz
0,0,0,1,0.0,1.25,1.25
0,1,0,0,0.0,0.0,0.0
0,2,0,2,0.0,2.5,2.5
0,3,0,0,0.0,0.0,0.0
0,4,2,0,2.5,0.0,-2.5
0,5,0,0,0.0,0.0,0.0
0,6,2,0,2.5,0.0,-2.5
0,7,0,0,0.0,0.0,0.0
0,8,0,0,0.0,0.0,0.0
0,9,0,1,0.0,1.25,1.25
0,10,0,3,0.0,3.75,3.75
0,11,0,1,0.0,1.25,1.25
0,12,0,0,0.0,0.0,0.0
0,13,3,0,3.75,0.0,-3.75
0,14,0,1,0.0,1.25,1.25
0,15,0,0,0.0,0.0,0.0
0,16,0,1,0.0,1.25,1.25
0,17,1,0,1.25,0.0,-1.25
0,18,2,2,2.5,2.5,0.0
0,19,2,0,2.5,0.0,-2.5
0,20,1,1,1.25,1.25,0.0
0,21,0,0,0.0,0.0,0.0
0,22,0,0,0.0,0.0,0.0
0,23,1,2,1.25,2.5,1.25
0,24,1,0,1.25,0.0,-1.25
0,25,0,0,0.0,0.0,0.0
0,26,0,0,0.0,0.0,0.0
0,27,0,2,0.0,2.5,2.5
0,28,0,2,0.0,2.5,2.5
0,29,2,0,2.5,0.0,-2.5
0,30,2,1,2.5,1.25,-1.25
0,31,0,0,0.0,0.0,0.0
0,32,4,0,5.0,0.0,-5.0
0,33,0,0,0.0,0.0,0.0
0,34,2,1,2.5,1.25,-1.25
0,35,0,1,0.0,1.25,1.25
0,36,0,0,0.0,0.0,0.0
0,37,3,0,3.75,0.0,-3.75
0,38,0,1,0.0,1.25,1.25
0,39,0,1,0.0,1.25,1.25
0,40,0,0,0.0,0.0,0.0
0,41,1,1,1.25,1.25,0.0
0,42,2,0,2.5,0.0,-2.5
0,43,1,3,1.25,3.75,2.5
0,44,1,0,1.25,0.0,-1.25
0,45,1,0,1.25,0.0,-1.25
0,46,0,1,0.0,1.25,1.25
0,47,1,4,1.25,5.0,3.75
0,48,1,0,1.25,0.0,-1.25
0,49,1,0,1.25,0.0,-1.25
0,50,2,0,2.5,0.0,-2.5
0,51,0,0,0.0,0.0,0.0
0,52,1,5,1.25,6.25,5.0
0,53,2,0,2.5,0.0,-2.5
0,54,0,2,0.0,2.5,2.5
0,55,2,3,2.5,3.75,1.25
0,56,0,0,0.0,0.0,0.0
0,57,3,0,3.75,0.0,-3.75
0,58,2,0,2.5,0.0,-2.5
0,59,0,4,0.0,5.0,5.0
0,60,1,0,1.25,0.0,-1.25
0,61,3,0,3.75,0.0,-3.75
0,62,1,1,1.25,1.25,0.0
0,63,3,1,3.75,1.25,-2.5
0,64,0,1,0.0,1.25,1.25
0,65,1,1,1.25,1.25,0.0
0,66,0,0,0.0,0.0,0.0
0,67,2,1,2.5,1.25,-1.25
0,68,2,4,2.5,5.0,2.5
0,69,0,1,0.0,1.25,1.25
0,70,2,1,2.5,1.25,-1.25
0,71,0,3,0.0,3.75,3.75
0,72,1,1,1.25,1.25,0.0
0,73,0,1,0.0,1.25,1.25
0,74,0,1,0.0,1.25,1.25
0,75,2,0,2.5,0.0,-2.5
0,76,1,1,1.25,1.25,0.0
0,77,1,2,1.25,2.5,1.25
0,78,0,2,0.0,2.5,2.5
0,79,0,1,0.0,1.25,1.25
0,80,2,3,2.5,3.75,1.25
0,81,3,2,3.75,2.5,-1.25
0,82,1,2,1.25,2.5,1.25
0,83,0,0,0.0,0.0,0.0
0,84,1,2,1.25,2.5,1.25
0,85,0,4,0.0,5.0,5.0
0,86,1,1,1.25,1.25,0.0
0,87,0,0,0.0,0.0,0.0
0,88,2,4,2.5,5.0,2.5
0,89,0,0,0.0,0.0,0.0
0,90,0,0,0.0,0.0,0.0
0,91,3,1,3.75,1.25,-2.5
0,92,1,0,1.25,0.0,-1.25
0,93,1,4,1.25,5.0,3.75
0,94,1,1,1.25,1.25,0.0
0,95,0,0,0.0,0.0,0.0
0,96,0,1,0.0,1.25,1.25
0,97,0,1,0.0,1.25,1.25
0,98,0,2,0.0,2.5,2.5
0,99,2,1,2.5,1.25,-1.25
0,100,4,1,5.0,1.25,-3.75
0,101,4,2,5.0,2.5,-2.5
0,102,1,0,1.25,0.0,-1.25
0,103,0,2,0.0,2.5,2.5
0,104,0,1,0.0,1.25,1.25
0,105,0,1,0.0,1.25,1.25
0,106,0,2,0.0,2.5,2.5
0,107,3,1,3.75,1.25,-2.5
0,108,0,2,0.0,2.5,2.5
0,109,1,1,1.25,1.25,0.0
0,110,0,0,0.0,0.0,0.0
0,111,1,0,1.25,0.0,-1.25
0,112,2,1,2.5,1.25,-1.25
0,113,1,0,1.25,0.0,-1.25
0,114,1,0,1.25,0.0,-1.25
0,115,0,0,0.0,0.0,0.0
0,116,2,0,2.5,0.0,-2.5
0,117,1,0,1.25,0.0,-1.25
0,118,0,1,0.0,1.25,1.25
0,119,1,0,1.25,0.0,-1.25
0,120,0,0,0.0,0.0,0.0
0,121,0,0,0.0,0.0,0.0
0,122,0,0,0.0,0.0,0.0
0,123,0,1,0.0,1.25,1.25
0,124,1,5,1.25,6.25,5.0
0,125,0,1,0.0,1.25,1.25
0,126,0,0,0.0,0.0,0.0
0,127,1,2,1.25,2.5,1.25
0,128,2,0,2.5,0.0,-2.5
0,129,2,0,2.5,0.0,-2.5
0,130,2,0,2.5,0.0,-2.5
0,131,0,0,0.0,0.0,0.0
0,132,2,0,2.5,0.0,-2.5
0,133,0,1,0.0,1.25,1.25
0,134,0,0,0.0,0.0,0.0
1,0,0,0,0.0,0.0,0.0
1,1,0,0,0.0,0.0,0.0
1,2,0,0,0.0,0.0,0.0
1,3,0,2,0.0,2.5,2.5
1,4,0,0,0.0,0.0,0.0
1,5,1,0,1.25,0.0,-1.25
1,6,1,0,1.25,0.0,-1.25
1,7,0,0,0.0,0.0,0.0
1,8,0,0,0.0,0.0,0.0
1,9,0,0,0.0,0.0,0.0
1,10,1,0,1.25,0.0,-1.25
1,11,0,0,0.0,0.0,0.0
1,12,0,1,0.0,1.25,1.25
1,13,0,0,0.0,0.0,0.0
1,14,0,0,0.0,0.0,0.0
1,15,0,1,0.0,1.25,1.25
1,16,0,0,0.0,0.0,0.0
1,17,0,0,0.0,0.0,0.0
1,18,0,0,0.0,0.0,0.0
1,19,0,1,0.0,1.25,1.25
1,20,0,0,0.0,0.0,0.0
1,21,0,0,0.0,0.0,0.0
1,22,0,0,0.0,0.0,0.0
1,23,0,1,0.0,1.25,1.25
1,24,1,0,1.25,0.0,-1.25
1,25,0,0,0.0,0.0,0.0
1,26,0,0,0.0,0.0,0.0
1,27,0,1,0.0,1.25,1.25
1,28,0,0,0.0,0.0,0.0
1,29,0,0,0.0,0.0,0.0
1,30,0,0,0.0,0.0,0.0
1,31,0,0,0.0,0.0,0.0
1,32,0,2,0.0,2.5,2.5
1,33,0,0,0.0,0.0,0.0
1,34,0,0,0.0,0.0,0.0
1,35,0,0,0.0,0.0,0.0
1,36,0,0,0.0,0.0,0.0
1,37,0,1,0.0,1.25,1.25
1,38,0,0,0.0,0.0,0.0
1,39,0,0,0.0,0.0,0.0
1,40,0,0,0.0,0.0,0.0
1,41,0,0,0.0,0.0,0.0
1,42,0,0,0.0,0.0,0.0
1,43,0,1,0.0,1.25,1.25
1,44,0,0,0.0,0.0,0.0
1,45,0,0,0.0,0.0,0.0
1,46,0,0,0.0,0.0,0.0
1,47,1,0,1.25,0.0,-1.25
1,48,0,0,0.0,0.0,0.0
1,49,0,0,0.0,0.0,0.0
1,50,1,0,1.25,0.0,-1.25
1,51,0,1,0.0,1.25,1.25
1,52,1,0,1.25,0.0,-1.25
1,53,0,0,0.0,0.0,0.0
1,54,0,0,0.0,0.0,0.0
1,55,0,0,0.0,0.0,0.0
1,56,0,0,0.0,0.0,0.0
1,57,0,0,0.0,0.0,0.0
1,58,0,1,0.0,1.25,1.25
1,59,0,0,0.0,0.0,0.0
1,60,0,0,0.0,0.0,0.0
1,61,1,0,1.25,0.0,-1.25
1,62,0,1,0.0,1.25,1.25
1,63,0,0,0.0,0.0,0.0
1,64,0,0,0.0,0.0,0.0
1,65,0,0,0.0,0.0,0.0
1,66,0,0,0.0,0.0,0.0
1,67,0,0,0.0,0.0,0.0
1,68,1,0,1.25,0.0,-1.25
1,69,0,0,0.0,0.0,0.0
1,70,0,0,0.0,0.0,0.0
1,71,1,0,1.25,0.0,-1.25
1,72,0,0,0.0,0.0,0.0
1,73,0,0,0.0,0.0,0.0
1,74,1,1,1.25,1.25,0.0
1,75,0,0,0.0,0.0,0.0
1,76,0,0,0.0,0.0,0.0
1,77,0,2,0.0,2.5,2.5
1,78,0,0,0.0,0.0,0.0
1,79,0,0,0.0,0.0,0.0
1,80,0,1,0.0,1.25,1.25
1,81,0,0,0.0,0.0,0.0
1,82,1,0,1.25,0.0,-1.25
1,83,0,0,0.0,0.0,0.0
1,84,0,0,0.0,0.0,0.0
1,85,0,0,0.0,0.0,0.0
1,86,0,0,0.0,0.0,0.0
1,87,0,1,0.0,1.25,1.25
1,88,1,0,1.25,0.0,-1.25
1,89,0,0,0.0,0.0,0.0
1,90,0,0,0.0,0.0,0.0
1,91,0,1,0.0,1.25,1.25
1,92,1,0,1.25,0.0,-1.25
1,93,0,0,0.0,0.0,0.0
1,94,1,0,1.25,0.0,-1.25
1,95,0,1,0.0,1.25,1.25
1,96,0,0,0.0,0.0,0.0
1,97,0,0,0.0,0.0,0.0
1,98,1,0,1.25,0.0,-1.25
1,99,1,1,1.25,1.25,0.0
1,100,0,2,0.0,2.5,2.5
1,101,0,0,0.0,0.0,0.0
1,102,0,0,0.0,0.0,0.0
1,103,0,0,0.0,0.0,0.0
1,104,0,0,0.0,0.0,0.0
1,105,0,1,0.0,1.25,1.25
1,106,0,0,0.0,0.0,0.0
1,107,0,0,0.0,0.0,0.0
1,108,0,1,0.0,1.25,1.25
1,109,0,0,0.0,0.0,0.0
1,110,0,0,0.0,0.0,0.0
1,111,1,0,1.25,0.0,-1.25
1,112,0,0,0.0,0.0,0.0
1,113,0,0,0.0,0.0,0.0
1,114,1,0,1.25,0.0,-1.25
1,115,0,0,0.0,0.0,0.0
1,116,0,0,0.0,0.0,0.0
1,117,0,0,0.0,0.0,0.0
1,118,0,0,0.0,0.0,0.0
1,119,0,0,0.0,0.0,0.0
1,120,0,0,0.0,0.0,0.0
1,121,0,0,0.0,0.0,0.0
1,122,1,0,1.25,0.0,-1.25
1,123,0,0,0.0,0.0,0.0
1,124,0,0,0.0,0.0,0.0
1,125,0,0,0.0,0.0,0.0
1,126,0,0,0.0,0.0,0.0
1,127,0,0,0.0,0.0,0.0
1,128,0,1,0.0,1.25,1.25
1,129,0,0,0.0,0.0,0.0
1,130,0,0,0.0,0.0,0.0
1,131,0,0,0.0,0.0,0.0
1,132,0,0,0.0,0.0,0.0
1,133,0,0,0.0,0.0,0.0
1,134,0,0,0.0,0.0,0.0
2,0,0,2,0.0,2.5,2.5
2,1,2,6,2.5,7.5,5.0
2,2,8,8,10.0,10.0,0.0
2,3,5,8,6.25,10.0,3.75
2,4,2,2,2.5,2.5,0.0
2,5,8,0,10.0,0.0,-10.0
2,6,3,2,3.75,2.5,-1.25
2,7,2,0,2.5,0.0,-2.5
2,8,1,1,1.25,1.25,0.0
2,9,0,1,0.0,1.25,1.25
2,10,8,2,10.0,2.5,-7.5
2,11,0,8,0.0,10.0,10.0
2,12,1,0,1.25,0.0,-1.25
2,13,4,8,5.0,10.0,5.0
2,14,8,0,10.0,0.0,-10.0
2,15,8,0,10.0,0.0,-10.0
2,16,4,7,5.0,8.75,3.75
2,17,4,4,5.0,5.0,0.0
2,18,9,7,11.25,8.75,-2.5
2,19,2,4,2.5,5.0,2.5
2,20,28,15,35.0,18.75,-16.25
2,21,1,2,1.25,2.5,1.25
2,22,2,4,2.5,5.0,2.5
2,23,6,7,7.5,8.75,1.25
2,24,6,4,7.5,5.0,-2.5
2,25,11,6,13.75,7.5,-6.25
2,26,2,1,2.5,1.25,-1.25
2,27,11,7,13.75,8.75,-5.0
2,28,5,8,6.25,10.0,3.75
2,29,3,12,3.75,15.0,11.25
2,30,14,5,17.5,6.25,-11.25
2,31,2,2,2.5,2.5,0.0
2,32,2,2,2.5,2.5,0.0
2,33,5,0,6.25,0.0,-6.25
2,34,2,2,2.5,2.5,0.0
2,35,4,1,5.0,1.25,-3.75
2,36,6,2,7.5,2.5,-5.0
2,37,4,3,5.0,3.75,-1.25
2,38,0,0,0.0,0.0,0.0
2,39,5,6,6.25,7.5,1.25
2,40,0,6,0.0,7.5,7.5
2,41,3,1,3.75,1.25,-2.5
2,42,6,5,7.5,6.25,-1.25
2,43,0,2,0.0,2.5,2.5
2,44,3,13,3.75,16.25,12.5
2,45,2,9,2.5,11.25,8.75
2,46,4,6,5.0,7.5,2.5
2,47,8,2,10.0,2.5,-7.5
2,48,9,10,11.25,12.5,1.25
2,49,2,7,2.5,8.75,6.25
2,50,1,4,1.25,5.0,3.75
2,51,2,6,2.5,7.5,5.0
2,52,6,5,7.5,6.25,-1.25
2,53,6,7,7.5,8.75,1.25
2,54,7,5,8.75,6.25,-2.5
2,55,1,0,1.25,0.0,-1.25
2,56,1,0,1.25,0.0,-1.25
2,57,0,1,0.0,1.25,1.25
2,58,5,12,6.25,15.0,8.75
2,59,6,13,7.5,16.25,8.75
2,60,3,8,3.75,10.0,6.25
2,61,17,18,21.25,22.5,1.25
2,62,2,5,2.5,6.25,3.75
2,63,0,4,0.0,5.0,5.0
2,64,1,3,1.25,3.75,2.5
2,65,1,3,1.25,3.75,2.5
2,66,5,2,6.25,2.5,-3.75
2,67,0,2,0.0,2.5,2.5
2,68,0,1,0.0,1.25,1.25
2,69,0,0,0.0,0.0,0.0
2,70,9,4,11.25,5.0,-6.25
2,71,1,4,1.25,5.0,3.75
2,72,7,2,8.75,2.5,-6.25
2,73,8,10,10.0,12.5,2.5
2,74,4,14,5.0,17.5,12.5
2,75,2,5,2.5,6.25,3.75
2,76,3,8,3.75,10.0,6.25
2,77,3,6,3.75,7.5,3.75
2,78,7,2,8.75,2.5,-6.25
2,79,6,10,7.5,12.5,5.0
2,80,3,6,3.75,7.5,3.75
2,81,11,8,13.75,10.0,-3.75
2,82,8,8,10.0,10.0,0.0
2,83,4,8,5.0,10.0,5.0
2,84,5,6,6.25,7.5,1.25
2,85,6,8,7.5,10.0,2.5
2,86,7,7,8.75,8.75,0.0
2,87,7,21,8.75,26.25,17.5
2,88,2,10,2.5,12.5,10.0
2,89,3,6,3.75,7.5,3.75
2,90,1,7,1.25,8.75,7.5
2,91,10,15,12.5,18.75,6.25
2,92,7,6,8.75,7.5,-1.25
2,93,7,4,8.75,5.0,-3.75
2,94,7,13,8.75,16.25,7.5
2,95,5,6,6.25,7.5,1.25
2,96,7,7,8.75,8.75,0.0
2,97,3,16,3.75,20.0,16.25
2,98,9,8,11.25,10.0,-1.25
2,99,6,13,7.5,16.25,8.75
2,100,12,12,15.0,15.0,0.0
2,101,3,25,3.75,31.25,27.5
2,102,1,8,1.25,10.0,8.75
2,103,11,5,13.75,6.25,-7.5
2,104,5,4,6.25,5.0,-1.25
2,105,6,14,7.5,17.5,10.0
2,106,9,3,11.25,3.75,-7.5
2,107,7,10,8.75,12.5,3.75
2,108,12,8,15.0,10.0,-5.0
2,109,6,8,7.5,10.0,2.5
2,110,4,6,5.0,7.5,2.5
2,111,3,7,3.75,8.75,5.0
2,112,7,8,8.75,10.0,1.25
2,113,3,5,3.75,6.25,2.5
2,114,3,4,3.75,5.0,1.25
2,115,5,4,6.25,5.0,-1.25
2,116,1,3,1.25,3.75,2.5
2,117,3,0,3.75,0.0,-3.75
2,118,0,2,0.0,2.5,2.5
2,119,1,4,1.25,5.0,3.75
2,120,4,7,5.0,8.75,3.75
2,121,0,3,0.0,3.75,3.75
2,122,1,3,1.25,3.75,2.5
2,123,26,18,32.5,22.5,-10.0
2,124,3,1,3.75,1.25,-2.5
2,125,0,1,0.0,1.25,1.25
2,126,0,0,0.0,0.0,0.0
2,127,0,0,0.0,0.0,0.0
2,128,0,0,0.0,0.0,0.0
2,129,0,0,0.0,0.0,0.0
2,130,0,0,0.0,0.0,0.0
2,131,0,0,0.0,0.0,0.0
2,132,1,0,1.25,0.0,-1.25
2,133,1,0,1.25,0.0,-1.25
2,134,0,0,0.0,0.0,0.0
3,0,0,1,0.0,1.25,1.25
3,1,0,0,0.0,0.0,0.0
3,2,0,0,0.0,0.0,0.0
3,3,0,0,0.0,0.0,0.0
3,4,0,0,0.0,0.0,0.0
3,5,0,0,0.0,0.0,0.0
3,6,0,0,0.0,0.0,0.0
3,7,0,0,0.0,0.0,0.0
3,8,0,0,0.0,0.0,0.0
3,9,0,0,0.0,0.0,0.0
3,10,0,0,0.0,0.0,0.0
3,11,0,0,0.0,0.0,0.0
3,12,0,0,0.0,0.0,0.0
3,13,0,1,0.0,1.25,1.25
3,14,0,0,0.0,0.0,0.0
3,15,0,0,0.0,0.0,0.0
3,16,0,0,0.0,0.0,0.0
3,17,0,0,0.0,0.0,0.0
3,18,0,0,0.0,0.0,0.0
3,19,0,0,0.0,0.0,0.0
3,20,0,0,0.0,0.0,0.0
3,21,1,0,1.25,0.0,-1.25
3,22,1,0,1.25,0.0,-1.25
3,23,0,0,0.0,0.0,0.0
3,24,0,0,0.0,0.0,0.0
3,25,0,0,0.0,0.0,0.0
3,26,0,0,0.0,0.0,0.0
3,27,0,1,0.0,1.25,1.25
3,28,0,0,0.0,0.0,0.0
3,29,0,0,0.0,0.0,0.0
3,30,0,0,0.0,0.0,0.0
3,31,0,0,0.0,0.0,0.0
3,32,0,0,0.0,0.0,0.0
3,33,0,0,0.0,0.0,0.0
3,34,0,0,0.0,0.0,0.0
3,35,2,1,2.5,1.25,-1.25
3,36,0,0,0.0,0.0,0.0
3,37,0,0,0.0,0.0,0.0
3,38,0,0,0.0,0.0,0.0
3,39,1,0,1.25,0.0,-1.25
3,40,0,0,0.0,0.0,0.0
3,41,0,0,0.0,0.0,0.0
3,42,0,0,0.0,0.0,0.0
3,43,0,0,0.0,0.0,0.0
3,44,0,0,0.0,0.0,0.0
3,45,0,0,0.0,0.0,0.0
3,46,0,1,0.0,1.25,1.25
3,47,0,0,0.0,0.0,0.0
3,48,0,0,0.0,0.0,0.0
3,49,0,0,0.0,0.0,0.0
3,50,0,1,0.0,1.25,1.25
3,51,1,0,1.25,0.0,-1.25
3,52,0,0,0.0,0.0,0.0
3,53,0,0,0.0,0.0,0.0
3,54,0,0,0.0,0.0,0.0
3,55,1,0,1.25,0.0,-1.25
3,56,0,1,0.0,1.25,1.25
3,57,0,0,0.0,0.0,0.0
3,58,0,0,0.0,0.0,0.0
3,59,0,0,0.0,0.0,0.0
3,60,0,0,0.0,0.0,0.0
3,61,1,0,1.25,0.0,-1.25
3,62,1,0,1.25,0.0,-1.25
3,63,0,0,0.0,0.0,0.0
3,64,2,0,2.5,0.0,-2.5
3,65,0,0,0.0,0.0,0.0
3,66,0,0,0.0,0.0,0.0
3,67,0,0,0.0,0.0,0.0
3,68,0,0,0.0,0.0,0.0
3,69,0,0,0.0,0.0,0.0
3,70,0,1,0.0,1.25,1.25
3,71,0,0,0.0,0.0,0.0
3,72,0,0,0.0,0.0,0.0
3,73,0,0,0.0,0.0,0.0
3,74,0,0,0.0,0.0,0.0
3,75,0,0,0.0,0.0,0.0
3,76,0,0,0.0,0.0,0.0
3,77,0,0,0.0,0.0,0.0
3,78,0,0,0.0,0.0,0.0
3,79,0,1,0.0,1.25,1.25
3,80,0,1,0.0,1.25,1.25
3,81,0,0,0.0,0.0,0.0
3,82,0,0,0.0,0.0,0.0
3,83,0,0,0.0,0.0,0.0
3,84,0,0,0.0,0.0,0.0
3,85,0,0,0.0,0.0,0.0
3,86,0,0,0.0,0.0,0.0
3,87,0,0,0.0,0.0,0.0
3,88,0,0,0.0,0.0,0.0
3,89,0,0,0.0,0.0,0.0
3,90,0,0,0.0,0.0,0.0
3,91,0,0,0.0,0.0,0.0
3,92,0,0,0.0,0.0,0.0
3,93,0,0,0.0,0.0,0.0
3,94,0,0,0.0,0.0,0.0
3,95,0,0,0.0,0.0,0.0
3,96,0,1,0.0,1.25,1.25
3,97,0,0,0.0,0.0,0.0
3,98,0,0,0.0,0.0,0.0
3,99,1,0,1.25,0.0,-1.25
3,100,0,0,0.0,0.0,0.0
3,101,0,0,0.0,0.0,0.0
3,102,0,0,0.0,0.0,0.0
3,103,0,0,0.0,0.0,0.0
3,104,0,2,0.0,2.5,2.5
3,105,0,0,0.0,0.0,0.0
3,106,0,0,0.0,0.0,0.0
3,107,0,0,0.0,0.0,0.0
3,108,0,0,0.0,0.0,0.0
3,109,0,0,0.0,0.0,0.0
3,110,0,0,0.0,0.0,0.0
3,111,0,0,0.0,0.0,0.0
3,112,0,0,0.0,0.0,0.0
3,113,0,0,0.0,0.0,0.0
3,114,0,0,0.0,0.0,0.0
3,115,0,0,0.0,0.0,0.0
3,116,0,0,0.0,0.0,0.0
3,117,0,0,0.0,0.0,0.0
3,118,0,0,0.0,0.0,0.0
3,119,0,0,0.0,0.0,0.0
3,120,0,0,0.0,0.0,0.0
3,121,0,0,0.0,0.0,0.0
3,122,1,0,1.25,0.0,-1.25
3,123,0,0,0.0,0.0,0.0
3,124,0,0,0.0,0.0,0.0
3,125,0,0,0.0,0.0,0.0
3,126,0,0,0.0,0.0,0.0
3,127,0,0,0.0,0.0,0.0
3,128,0,0,0.0,0.0,0.0
3,129,0,1,0.0,1.25,1.25
3,130,0,0,0.0,0.0,0.0
3,131,0,0,0.0,0.0,0.0
3,132,0,0,0.0,0.0,0.0
3,133,3,1,3.75,1.25,-2.5
3,134,0,0,0.0,0.0,0.0
4,0,6,5,7.5,6.25,-1.25
4,1,5,1,6.25,1.25,-5.0
4,2,2,2,2.5,2.5,0.0
4,3,10,4,12.5,5.0,-7.5
4,4,9,3,11.25,3.75,-7.5
4,5,3,8,3.75,10.0,6.25
4,6,9,2,11.25,2.5,-8.75
4,7,12,3,15.0,3.75,-11.25
4,8,3,4,3.75,5.0,1.25
4,9,2,5,2.5,6.25,3.75
4,10,10,4,12.5,5.0,-7.5
4,11,7,3,8.75,3.75,-5.0
4,12,5,3,6.25,3.75,-2.5
4,13,10,7,12.5,8.75,-3.75
4,14,2,7,2.5,8.75,6.25
4,15,10,3,12.5,3.75,-8.75
4,16,5,2,6.25,2.5,-3.75
4,17,8,1,10.0,1.25,-8.75
4,18,11,1,13.75,1.25,-12.5
4,19,7,1,8.75,1.25,-7.5
4,20,10,2,12.5,2.5,-10.0
4,21,5,8,6.25,10.0,3.75
4,22,4,6,5.0,7.5,2.5
4,23,4,7,5.0,8.75,3.75
4,24,12,4,15.0,5.0,-10.0
4,25,1,4,1.25,5.0,3.75
4,26,10,6,12.5,7.5,-5.0
4,27,1,7,1.25,8.75,7.5
4,28,9,8,11.25,10.0,-1.25
4,29,7,10,8.75,12.5,3.75
4,30,4,7,5.0,8.75,3.75
4,31,7,5,8.75,6.25,-2.5
4,32,2,5,2.5,6.25,3.75
4,33,1,7,1.25,8.75,7.5
4,34,6,2,7.5,2.5,-5.0
4,35,9,8,11.25,10.0,-1.25
4,36,7,7,8.75,8.75,0.0
4,37,11,5,13.75,6.25,-7.5
4,38,6,7,7.5,8.75,1.25
4,39,7,6,8.75,7.5,-1.25
4,40,9,3,11.25,3.75,-7.5
4,41,6,2,7.5,2.5,-5.0
4,42,8,7,10.0,8.75,-1.25
4,43,10,2,12.5,2.5,-10.0
4,44,4,6,5.0,7.5,2.5
4,45,7,8,8.75,10.0,1.25
4,46,10,5,12.5,6.25,-6.25
4,47,6,5,7.5,6.25,-1.25
4,48,4,5,5.0,6.25,1.25
4,49,0,6,0.0,7.5,7.5
4,50,8,4,10.0,5.0,-5.0
4,51,2,9,2.5,11.25,8.75
4,52,8,3,10.0,3.75,-6.25
4,53,7,5,8.75,6.25,-2.5
4,54,6,5,7.5,6.25,-1.25
4,55,10,7,12.5,8.75,-3.75
4,56,4,2,5.0,2.5,-2.5
4,57,11,3,13.75,3.75,-10.0
4,58,14,3,17.5,3.75,-13.75
4,59,11,4,13.75,5.0,-8.75
4,60,6,4,7.5,5.0,-2.5
4,61,16,4,20.0,5.0,-15.0
4,62,2,10,2.5,12.5,10.0
4,63,3,3,3.75,3.75,0.0
4,64,4,6,5.0,7.5,2.5
4,65,8,5,10.0,6.25,-3.75
4,66,2,3,2.5,3.75,1.25
4,67,4,9,5.0,11.25,6.25
4,68,6,5,7.5,6.25,-1.25
4,69,7,7,8.75,8.75,0.0
4,70,2,6,2.5,7.5,5.0
4,71,5,10,6.25,12.5,6.25
4,72,6,8,7.5,10.0,2.5
4,73,10,2,12.5,2.5,-10.0
4,74,6,3,7.5,3.75,-3.75
4,75,10,2,12.5,2.5,-10.0
4,76,5,4,6.25,5.0,-1.25
4,77,6,3,7.5,3.75,-3.75
4,78,6,10,7.5,12.5,5.0
4,79,11,4,13.75,5.0,-8.75
4,80,5,9,6.25,11.25,5.0
4,81,3,5,3.75,6.25,2.5
4,82,10,5,12.5,6.25,-6.25
4,83,6,10,7.5,12.5,5.0
4,84,13,4,16.25,5.0,-11.25
4,85,7,8,8.75,10.0,1.25
4,86,4,8,5.0,10.0,5.0
4,87,7,6,8.75,7.5,-1.25
4,88,10,7,12.5,8.75,-3.75
4,89,6,7,7.5,8.75,1.25
4,90,3,11,3.75,13.75,10.0
4,91,5,9,6.25,11.25,5.0
4,92,6,3,7.5,3.75,-3.75
4,93,8,4,10.0,5.0,-5.0
4,94,8,6,10.0,7.5,-2.5
4,95,8,12,10.0,15.0,5.0
4,96,7,11,8.75,13.75,5.0
4,97,10,11,12.5,13.75,1.25
4,98,8,2,10.0,2.5,-7.5
4,99,13,8,16.25,10.0,-6.25
4,100,4,7,5.0,8.75,3.75
4,101,3,5,3.75,6.25,2.5
4,102,9,3,11.25,3.75,-7.5
4,103,4,4,5.0,5.0,0.0
4,104,4,5,5.0,6.25,1.25
4,105,2,7,2.5,8.75,6.25
4,106,8,13,10.0,16.25,6.25
4,107,3,3,3.75,3.75,0.0
4,108,10,10,12.5,12.5,0.0
4,109,8,9,10.0,11.25,1.25
4,110,8,2,10.0,2.5,-7.5
4,111,6,7,7.5,8.75,1.25
4,112,10,6,12.5,7.5,-5.0
4,113,8,4,10.0,5.0,-5.0
4,114,4,6,5.0,7.5,2.5
4,115,3,5,3.75,6.25,2.5
4,116,12,2,15.0,2.5,-12.5
4,117,11,3,13.75,3.75,-10.0
4,118,11,3,13.75,3.75,-10.0
4,119,8,1,10.0,1.25,-8.75
4,120,10,2,12.5,2.5,-10.0
4,121,8,6,10.0,7.5,-2.5
4,122,13,3,16.25,3.75,-12.5
4,123,5,12,6.25,15.0,8.75
4,124,2,7,2.5,8.75,6.25
4,125,4,8,5.0,10.0,5.0
4,126,5,10,6.25,12.5,6.25
4,127,6,7,7.5,8.75,1.25
4,128,7,9,8.75,11.25,2.5
4,129,6,12,7.5,15.0,7.5
4,130,8,6,10.0,7.5,-2.5
4,131,10,2,12.5,2.5,-10.0
4,132,3,3,3.75,3.75,0.0
4,133,5,7,6.25,8.75,2.5
4,134,5,12,6.25,15.0,8.75
5,0,0,3,0.0,3.75,3.75
5,1,4,3,5.0,3.75,-1.25
5,2,1,4,1.25,5.0,3.75
5,3,2,2,2.5,2.5,0.0
5,4,2,2,2.5,2.5,0.0
5,5,0,3,0.0,3.75,3.75
5,6,1,4,1.25,5.0,3.75
5,7,1,0,1.25,0.0,-1.25
5,8,0,3,0.0,3.75,3.75
5,9,1,0,1.25,0.0,-1.25
5,10,1,1,1.25,1.25,0.0
5,11,4,0,5.0,0.0,-5.0
5,12,2,1,2.5,1.25,-1.25
5,13,3,3,3.75,3.75,0.0
5,14,1,0,1.25,0.0,-1.25
5,15,4,2,5.0,2.5,-2.5
5,16,2,1,2.5,1.25,-1.25
5,17,3,2,3.75,2.5,-1.25
5,18,0,0,0.0,0.0,0.0
5,19,0,4,0.0,5.0,5.0
5,20,2,0,2.5,0.0,-2.5
5,21,4,3,5.0,3.75,-1.25
5,22,2,1,2.5,1.25,-1.25
5,23,1,1,1.25,1.25,0.0
5,24,3,0,3.75,0.0,-3.75
5,25,3,1,3.75,1.25,-2.5
5,26,1,2,1.25,2.5,1.25
5,27,5,0,6.25,0.0,-6.25
5,28,2,1,2.5,1.25,-1.25
5,29,0,1,0.0,1.25,1.25
5,30,1,2,1.25,2.5,1.25
5,31,0,3,0.0,3.75,3.75
5,32,1,4,1.25,5.0,3.75
5,33,2,2,2.5,2.5,0.0
5,34,2,0,2.5,0.0,-2.5
5,35,2,2,2.5,2.5,0.0
5,36,3,2,3.75,2.5,-1.25
5,37,1,1,1.25,1.25,0.0
5,38,0,1,0.0,1.25,1.25
5,39,4,1,5.0,1.25,-3.75
5,40,4,0,5.0,0.0,-5.0
5,41,0,0,0.0,0.0,0.0
5,42,2,2,2.5,2.5,0.0
5,43,0,2,0.0,2.5,2.5
5,44,0,1,0.0,1.25,1.25
5,45,2,0,2.5,0.0,-2.5
5,46,2,3,2.5,3.75,1.25
5,47,2,5,2.5,6.25,3.75
5,48,4,1,5.0,1.25,-3.75
5,49,0,0,0.0,0.0,0.0
5,50,1,1,1.25,1.25,0.0
5,51,3,1,3.75,1.25,-2.5
5,52,5,1,6.25,1.25,-5.0
5,53,1,1,1.25,1.25,0.0
5,54,4,0,5.0,0.0,-5.0
5,55,3,0,3.75,0.0,-3.75
5,56,1,2,1.25,2.5,1.25
5,57,0,2,0.0,2.5,2.5
5,58,1,1,1.25,1.25,0.0
5,59,2,1,2.5,1.25,-1.25
5,60,1,0,1.25,0.0,-1.25
5,61,1,2,1.25,2.5,1.25
5,62,1,1,1.25,1.25,0.0
5,63,2,4,2.5,5.0,2.5
5,64,3,1,3.75,1.25,-2.5
5,65,3,1,3.75,1.25,-2.5
5,66,2,4,2.5,5.0,2.5
5,67,2,1,2.5,1.25,-1.25
5,68,1,1,1.25,1.25,0.0
5,69,3,1,3.75,1.25,-2.5
5,70,0,2,0.0,2.5,2.5
5,71,2,3,2.5,3.75,1.25
5,72,2,0,2.5,0.0,-2.5
5,73,4,0,5.0,0.0,-5.0
5,74,1,2,1.25,2.5,1.25
5,75,1,1,1.25,1.25,0.0
5,76,1,0,1.25,0.0,-1.25
5,77,0,3,0.0,3.75,3.75
5,78,2,0,2.5,0.0,-2.5
5,79,1,2,1.25,2.5,1.25
5,80,1,0,1.25,0.0,-1.25
5,81,2,4,2.5,5.0,2.5
5,82,0,1,0.0,1.25,1.25
5,83,1,3,1.25,3.75,2.5
5,84,1,0,1.25,0.0,-1.25
5,85,0,0,0.0,0.0,0.0
5,86,2,1,2.5,1.25,-1.25
5,87,1,3,1.25,3.75,2.5
5,88,1,7,1.25,8.75,7.5
5,89,0,1,0.0,1.25,1.25
5,90,0,0,0.0,0.0,0.0
5,91,1,1,1.25,1.25,0.0
5,92,5,1,6.25,1.25,-5.0
5,93,0,3,0.0,3.75,3.75
5,94,1,1,1.25,1.25,0.0
5,95,2,0,2.5,0.0,-2.5
5,96,0,2,0.0,2.5,2.5
5,97,0,0,0.0,0.0,0.0
5,98,3,0,3.75,0.0,-3.75
5,99,1,3,1.25,3.75,2.5
5,100,0,1,0.0,1.25,1.25
5,101,1,7,1.25,8.75,7.5
5,102,1,0,1.25,0.0,-1.25
5,103,3,5,3.75,6.25,2.5
5,104,3,0,3.75,0.0,-3.75
5,105,1,0,1.25,0.0,-1.25
5,106,1,3,1.25,3.75,2.5
5,107,2,4,2.5,5.0,2.5
5,108,8,4,10.0,5.0,-5.0
5,109,0,1,0.0,1.25,1.25
5,110,0,6,0.0,7.5,7.5
5,111,1,0,1.25,0.0,-1.25
5,112,0,2,0.0,2.5,2.5
5,113,3,2,3.75,2.5,-1.25
5,114,2,1,2.5,1.25,-1.25
5,115,0,3,0.0,3.75,3.75
5,116,1,0,1.25,0.0,-1.25
5,117,5,0,6.25,0.0,-6.25
5,118,2,2,2.5,2.5,0.0
5,119,7,4,8.75,5.0,-3.75
5,120,0,1,0.0,1.25,1.25
5,121,0,1,0.0,1.25,1.25
5,122,3,2,3.75,2.5,-1.25
5,123,2,1,2.5,1.25,-1.25
5,124,1,0,1.25,0.0,-1.25
5,125,1,0,1.25,0.0,-1.25
5,126,0,2,0.0,2.5,2.5
5,127,0,2,0.0,2.5,2.5
5,128,0,1,0.0,1.25,1.25
5,129,2,3,2.5,3.75,1.25
5,130,4,0,5.0,0.0,-5.0
5,131,5,5,6.25,6.25,0.0
5,132,1,1,1.25,1.25,0.0
5,133,4,4,5.0,5.0,0.0
5,134,0,0,0.0,0.0,0.0
6,0,0,0,0.0,0.0,0.0
6,1,1,0,1.25,0.0,-1.25
6,2,0,1,0.0,1.25,1.25
6,3,1,0,1.25,0.0,-1.25
6,4,2,0,2.5,0.0,-2.5
6,5,2,0,2.5,0.0,-2.5
6,6,0,0,0.0,0.0,0.0
6,7,4,0,5.0,0.0,-5.0
6,8,2,5,2.5,6.25,3.75
6,9,0,0,0.0,0.0,0.0
6,10,0,0,0.0,0.0,0.0
6,11,2,1,2.5,1.25,-1.25
6,12,2,3,2.5,3.75,1.25
6,13,2,0,2.5,0.0,-2.5
6,14,1,4,1.25,5.0,3.75
6,15,1,5,1.25,6.25,5.0
6,16,4,1,5.0,1.25,-3.75
6,17,2,0,2.5,0.0,-2.5
6,18,1,0,1.25,0.0,-1.25
6,19,1,0,1.25,0.0,-1.25
6,20,4,0,5.0,0.0,-5.0
6,21,0,1,0.0,1.25,1.25
6,22,1,1,1.25,1.25,0.0
6,23,6,3,7.5,3.75,-3.75
6,24,2,0,2.5,0.0,-2.5
6,25,0,0,0.0,0.0,0.0
6,26,2,0,2.5,0.0,-2.5
6,27,3,5,3.75,6.25,2.5
6,28,3,2,3.75,2.5,-1.25
6,29,1,0,1.25,0.0,-1.25
6,30,1,1,1.25,1.25,0.0
6,31,0,0,0.0,0.0,0.0
6,32,1,2,1.25,2.5,1.25
6,33,2,5,2.5,6.25,3.75
6,34,1,1,1.25,1.25,0.0
6,35,3,3,3.75,3.75,0.0
6,36,4,1,5.0,1.25,-3.75
6,37,4,2,5.0,2.5,-2.5
6,38,6,1,7.5,1.25,-6.25
6,39,4,1,5.0,1.25,-3.75
6,40,1,0,1.25,0.0,-1.25
6,41,7,0,8.75,0.0,-8.75
6,42,2,5,2.5,6.25,3.75
6,43,2,0,2.5,0.0,-2.5
6,44,6,8,7.5,10.0,2.5
6,45,2,1,2.5,1.25,-1.25
6,46,5,0,6.25,0.0,-6.25
6,47,3,3,3.75,3.75,0.0
6,48,3,1,3.75,1.25,-2.5
6,49,4,0,5.0,0.0,-5.0
6,50,2,0,2.5,0.0,-2.5
6,51,7,0,8.75,0.0,-8.75
6,52,0,0,0.0,0.0,0.0
6,53,1,0,1.25,0.0,-1.25
6,54,4,3,5.0,3.75,-1.25
6,55,1,0,1.25,0.0,-1.25
6,56,3,0,3.75,0.0,-3.75
6,57,4,0,5.0,0.0,-5.0
6,58,1,1,1.25,1.25,0.0
6,59,0,0,0.0,0.0,0.0
6,60,3,2,3.75,2.5,-1.25
6,61,3,1,3.75,1.25,-2.5
6,62,5,3,6.25,3.75,-2.5
6,63,2,4,2.5,5.0,2.5
6,64,6,1,7.5,1.25,-6.25
6,65,0,0,0.0,0.0,0.0
6,66,3,2,3.75,2.5,-1.25
6,67,0,2,0.0,2.5,2.5
6,68,2,0,2.5,0.0,-2.5
6,69,1,2,1.25,2.5,1.25
6,70,1,1,1.25,1.25,0.0
6,71,1,2,1.25,2.5,1.25
6,72,4,3,5.0,3.75,-1.25
6,73,4,0,5.0,0.0,-5.0
6,74,2,0,2.5,0.0,-2.5
6,75,0,1,0.0,1.25,1.25
6,76,2,0,2.5,0.0,-2.5
6,77,4,0,5.0,0.0,-5.0
6,78,1,1,1.25,1.25,0.0
6,79,2,1,2.5,1.25,-1.25
6,80,1,3,1.25,3.75,2.5
6,81,2,1,2.5,1.25,-1.25
6,82,0,1,0.0,1.25,1.25
6,83,0,0,0.0,0.0,0.0
6,84,3,0,3.75,0.0,-3.75
6,85,0,0,0.0,0.0,0.0
6,86,3,4,3.75,5.0,1.25
6,87,0,1,0.0,1.25,1.25
6,88,0,1,0.0,1.25,1.25
6,89,0,0,0.0,0.0,0.0
6,90,2,7,2.5,8.75,6.25
6,91,0,2,0.0,2.5,2.5
6,92,2,3,2.5,3.75,1.25
6,93,5,2,6.25,2.5,-3.75
6,94,0,0,0.0,0.0,0.0
6,95,2,0,2.5,0.0,-2.5
6,96,6,2,7.5,2.5,-5.0
6,97,6,1,7.5,1.25,-6.25
6,98,1,1,1.25,1.25,0.0
6,99,1,0,1.25,0.0,-1.25
6,100,0,1,0.0,1.25,1.25
6,101,2,3,2.5,3.75,1.25
6,102,1,1,1.25,1.25,0.0
6,103,4,2,5.0,2.5,-2.5
6,104,3,0,3.75,0.0,-3.75
6,105,1,1,1.25,1.25,0.0
6,106,1,0,1.25,0.0,-1.25
6,107,3,1,3.75,1.25,-2.5
6,108,2,6,2.5,7.5,5.0
6,109,1,0,1.25,0.0,-1.25
6,110,1,6,1.25,7.5,6.25
6,111,1,1,1.25,1.25,0.0
6,112,1,0,1.25,0.0,-1.25
6,113,0,3,0.0,3.75,3.75
6,114,1,4,1.25,5.0,3.75
6,115,3,3,3.75,3.75,0.0
6,116,2,1,2.5,1.25,-1.25
6,117,2,0,2.5,0.0,-2.5
6,118,0,5,0.0,6.25,6.25
6,119,6,2,7.5,2.5,-5.0
6,120,6,3,7.5,3.75,-3.75
6,121,3,1,3.75,1.25,-2.5
6,122,8,0,10.0,0.0,-10.0
6,123,0,1,0.0,1.25,1.25
6,124,4,0,5.0,0.0,-5.0
6,125,1,1,1.25,1.25,0.0
6,126,0,4,0.0,5.0,5.0
6,127,1,1,1.25,1.25,0.0
6,128,1,2,1.25,2.5,1.25
6,129,5,3,6.25,3.75,-2.5
6,130,8,1,10.0,1.25,-8.75
6,131,3,3,3.75,3.75,0.0
6,132,4,2,5.0,2.5,-2.5
6,133,3,3,3.75,3.75,0.0
6,134,2,1,2.5,1.25,-1.25
7,0,1,1,1.25,1.25,0.0
7,1,2,5,2.5,6.25,3.75
7,2,5,2,6.25,2.5,-3.75
7,3,2,0,2.5,0.0,-2.5
7,4,1,4,1.25,5.0,3.75
7,5,3,1,3.75,1.25,-2.5
7,6,1,0,1.25,0.0,-1.25
7,7,2,1,2.5,1.25,-1.25
7,8,0,2,0.0,2.5,2.5
7,9,4,1,5.0,1.25,-3.75
7,10,6,3,7.5,3.75,-3.75
7,11,2,2,2.5,2.5,0.0
7,12,8,4,10.0,5.0,-5.0
7,13,3,4,3.75,5.0,1.25
7,14,7,2,8.75,2.5,-6.25
7,15,1,6,1.25,7.5,6.25
7,16,9,5,11.25,6.25,-5.0
7,17,2,3,2.5,3.75,1.25
7,18,1,3,1.25,3.75,2.5
7,19,5,1,6.25,1.25,-5.0
7,20,6,1,7.5,1.25,-6.25
7,21,0,7,0.0,8.75,8.75
7,22,1,2,1.25,2.5,1.25
7,23,7,5,8.75,6.25,-2.5
7,24,6,3,7.5,3.75,-3.75
7,25,2,0,2.5,0.0,-2.5
7,26,5,1,6.25,1.25,-5.0
7,27,2,5,2.5,6.25,3.75
7,28,5,2,6.25,2.5,-3.75
7,29,1,7,1.25,8.75,7.5
7,30,1,3,1.25,3.75,2.5
7,31,2,4,2.5,5.0,2.5
7,32,0,8,0.0,10.0,10.0
7,33,1,3,1.25,3.75,2.5
7,34,6,3,7.5,3.75,-3.75
7,35,7,0,8.75,0.0,-8.75
7,36,4,6,5.0,7.5,2.5
7,37,6,0,7.5,0.0,-7.5
7,38,0,1,0.0,1.25,1.25
7,39,4,0,5.0,0.0,-5.0
7,40,2,0,2.5,0.0,-2.5
7,41,10,6,12.5,7.5,-5.0
7,42,3,5,3.75,6.25,2.5
7,43,3,4,3.75,5.0,1.25
7,44,6,4,7.5,5.0,-2.5
7,45,0,1,0.0,1.25,1.25
7,46,4,15,5.0,18.75,13.75
7,47,2,3,2.5,3.75,1.25
7,48,6,4,7.5,5.0,-2.5
7,49,1,1,1.25,1.25,0.0
7,50,6,2,7.5,2.5,-5.0
7,51,5,0,6.25,0.0,-6.25
7,52,4,5,5.0,6.25,1.25
7,53,0,2,0.0,2.5,2.5
7,54,1,7,1.25,8.75,7.5
7,55,2,1,2.5,1.25,-1.25
7,56,6,3,7.5,3.75,-3.75
7,57,1,2,1.25,2.5,1.25
7,58,3,5,3.75,6.25,2.5
7,59,0,2,0.0,2.5,2.5
7,60,6,4,7.5,5.0,-2.5
7,61,2,2,2.5,2.5,0.0
7,62,5,3,6.25,3.75,-2.5
7,63,4,7,5.0,8.75,3.75
7,64,5,5,6.25,6.25,0.0
7,65,0,4,0.0,5.0,5.0
7,66,1,5,1.25,6.25,5.0
7,67,5,7,6.25,8.75,2.5
7,68,4,0,5.0,0.0,-5.0
7,69,2,3,2.5,3.75,1.25
7,70,0,4,0.0,5.0,5.0
7,71,1,4,1.25,5.0,3.75
7,72,11,2,13.75,2.5,-11.25
7,73,9,1,11.25,1.25,-10.0
7,74,2,1,2.5,1.25,-1.25
7,75,3,0,3.75,0.0,-3.75
7,76,3,1,3.75,1.25,-2.5
7,77,1,3,1.25,3.75,2.5
7,78,1,3,1.25,3.75,2.5
7,79,2,1,2.5,1.25,-1.25
7,80,4,5,5.0,6.25,1.25
7,81,3,3,3.75,3.75,0.0
7,82,2,0,2.5,0.0,-2.5
7,83,2,1,2.5,1.25,-1.25
7,84,1,1,1.25,1.25,0.0
7,85,2,5,2.5,6.25,3.75
7,86,3,2,3.75,2.5,-1.25
7,87,5,0,6.25,0.0,-6.25
7,88,2,1,2.5,1.25,-1.25
7,89,1,1,1.25,1.25,0.0
7,90,2,12,2.5,15.0,12.5
7,91,0,4,0.0,5.0,5.0
7,92,5,7,6.25,8.75,2.5
7,93,4,5,5.0,6.25,1.25
7,94,0,1,0.0,1.25,1.25
7,95,2,4,2.5,5.0,2.5
7,96,11,9,13.75,11.25,-2.5
7,97,5,4,6.25,5.0,-1.25
7,98,1,6,1.25,7.5,6.25
7,99,1,3,1.25,3.75,2.5
7,100,0,0,0.0,0.0,0.0
7,101,3,3,3.75,3.75,0.0
7,102,1,0,1.25,0.0,-1.25
7,103,5,7,6.25,8.75,2.5
7,104,2,4,2.5,5.0,2.5
7,105,0,2,0.0,2.5,2.5
7,106,2,2,2.5,2.5,0.0
7,107,3,6,3.75,7.5,3.75
7,108,8,4,10.0,5.0,-5.0
7,109,0,3,0.0,3.75,3.75
7,110,2,4,2.5,5.0,2.5
7,111,1,2,1.25,2.5,1.25
7,112,2,3,2.5,3.75,1.25
7,113,3,6,3.75,7.5,3.75
7,114,6,7,7.5,8.75,1.25
7,115,1,0,1.25,0.0,-1.25
7,116,1,0,1.25,0.0,-1.25
7,117,0,6,0.0,7.5,7.5
7,118,8,2,10.0,2.5,-7.5
7,119,8,6,10.0,7.5,-2.5
7,120,9,2,11.25,2.5,-8.75
7,121,2,2,2.5,2.5,0.0
7,122,1,2,1.25,2.5,1.25
7,123,5,0,6.25,0.0,-6.25
7,124,4,1,5.0,1.25,-3.75
7,125,0,1,0.0,1.25,1.25
7,126,1,4,1.25,5.0,3.75
7,127,2,0,2.5,0.0,-2.5
7,128,1,4,1.25,5.0,3.75
7,129,5,4,6.25,5.0,-1.25
7,130,8,0,10.0,0.0,-10.0
7,131,4,4,5.0,5.0,0.0
7,132,5,6,6.25,7.5,1.25
7,133,3,1,3.75,1.25,-2.5
7,134,2,2,2.5,2.5,0.0
8,0,2,3,2.5,3.75,1.25
8,1,3,2,3.75,2.5,-1.25
8,2,4,1,5.0,1.25,-3.75
8,3,5,1,6.25,1.25,-5.0
8,4,3,0,3.75,0.0,-3.75
8,5,5,4,6.25,5.0,-1.25
8,6,8,2,10.0,2.5,-7.5
8,7,3,1,3.75,1.25,-2.5
8,8,4,3,5.0,3.75,-1.25
8,9,3,2,3.75,2.5,-1.25
8,10,8,4,10.0,5.0,-5.0
8,11,7,1,8.75,1.25,-7.5
8,12,2,5,2.5,6.25,3.75
8,13,5,5,6.25,6.25,0.0
8,14,7,5,8.75,6.25,-2.5
8,15,8,3,10.0,3.75,-6.25
8,16,2,2,2.5,2.5,0.0
8,17,1,3,1.25,3.75,2.5
8,18,6,4,7.5,5.0,-2.5
8,19,0,1,0.0,1.25,1.25
8,20,5,3,6.25,3.75,-2.5
8,21,3,4,3.75,5.0,1.25
8,22,5,8,6.25,10.0,3.75
8,23,1,1,1.25,1.25,0.0
8,24,0,4,0.0,5.0,5.0
8,25,2,4,2.5,5.0,2.5
8,26,3,2,3.75,2.5,-1.25
8,27,2,3,2.5,3.75,1.25
8,28,8,5,10.0,6.25,-3.75
8,29,3,9,3.75,11.25,7.5
8,30,2,4,2.5,5.0,2.5
8,31,2,12,2.5,15.0,12.5
8,32,2,2,2.5,2.5,0.0
8,33,7,3,8.75,3.75,-5.0
8,34,3,4,3.75,5.0,1.25
8,35,5,6,6.25,7.5,1.25
8,36,4,3,5.0,3.75,-1.25
8,37,7,10,8.75,12.5,3.75
8,38,2,4,2.5,5.0,2.5
8,39,4,1,5.0,1.25,-3.75
8,40,2,0,2.5,0.0,-2.5
8,41,5,2,6.25,2.5,-3.75
8,42,4,12,5.0,15.0,10.0
8,43,3,4,3.75,5.0,1.25
8,44,5,2,6.25,2.5,-3.75
8,45,2,5,2.5,6.25,3.75
8,46,0,3,0.0,3.75,3.75
8,47,4,0,5.0,0.0,-5.0
8,48,5,4,6.25,5.0,-1.25
8,49,3,4,3.75,5.0,1.25
8,50,2,2,2.5,2.5,0.0
8,51,9,5,11.25,6.25,-5.0
8,52,2,2,2.5,2.5,0.0
8,53,2,4,2.5,5.0,2.5
8,54,1,4,1.25,5.0,3.75
8,55,1,2,1.25,2.5,1.25
8,56,2,4,2.5,5.0,2.5
8,57,1,2,1.25,2.5,1.25
8,58,0,0,0.0,0.0,0.0
8,59,0,0,0.0,0.0,0.0
8,60,6,0,7.5,0.0,-7.5
8,61,4,0,5.0,0.0,-5.0
8,62,1,7,1.25,8.75,7.5
8,63,6,3,7.5,3.75,-3.75
8,64,4,4,5.0,5.0,0.0
8,65,2,5,2.5,6.25,3.75
8,66,2,3,2.5,3.75,1.25
8,67,0,4,0.0,5.0,5.0
8,68,3,3,3.75,3.75,0.0
8,69,4,0,5.0,0.0,-5.0
8,70,1,6,1.25,7.5,6.25
8,71,5,1,6.25,1.25,-5.0
8,72,4,1,5.0,1.25,-3.75
8,73,3,2,3.75,2.5,-1.25
8,74,7,3,8.75,3.75,-5.0
8,75,2,3,2.5,3.75,1.25
8,76,4,2,5.0,2.5,-2.5
8,77,1,1,1.25,1.25,0.0
8,78,2,3,2.5,3.75,1.25
8,79,4,3,5.0,3.75,-1.25
8,80,3,2,3.75,2.5,-1.25
8,81,1,3,1.25,3.75,2.5
8,82,6,4,7.5,5.0,-2.5
8,83,2,3,2.5,3.75,1.25
8,84,3,4,3.75,5.0,1.25
8,85,4,1,5.0,1.25,-3.75
8,86,1,2,1.25,2.5,1.25
8,87,2,5,2.5,6.25,3.75
8,88,5,5,6.25,6.25,0.0
8,89,5,0,6.25,0.0,-6.25
8,90,5,7,6.25,8.75,2.5
8,91,3,4,3.75,5.0,1.25
8,92,0,0,0.0,0.0,0.0
8,93,1,2,1.25,2.5,1.25
8,94,7,2,8.75,2.5,-6.25
8,95,6,6,7.5,7.5,0.0
8,96,5,1,6.25,1.25,-5.0
8,97,0,5,0.0,6.25,6.25
8,98,2,4,2.5,5.0,2.5
8,99,3,5,3.75,6.25,2.5
8,100,6,4,7.5,5.0,-2.5
8,101,3,3,3.75,3.75,0.0
8,102,2,5,2.5,6.25,3.75
8,103,3,4,3.75,5.0,1.25
8,104,2,5,2.5,6.25,3.75
8,105,2,4,2.5,5.0,2.5
8,106,1,6,1.25,7.5,6.25
8,107,5,6,6.25,7.5,1.25
8,108,2,2,2.5,2.5,0.0
8,109,2,1,2.5,1.25,-1.25
8,110,4,3,5.0,3.75,-1.25
8,111,2,2,2.5,2.5,0.0
8,112,4,3,5.0,3.75,-1.25
8,113,2,4,2.5,5.0,2.5
8,114,2,0,2.5,0.0,-2.5
8,115,3,2,3.75,2.5,-1.25
8,116,2,4,2.5,5.0,2.5
8,117,0,1,0.0,1.25,1.25
8,118,0,1,0.0,1.25,1.25
8,119,4,4,5.0,5.0,0.0
8,120,2,1,2.5,1.25,-1.25
8,121,0,5,0.0,6.25,6.25
8,122,2,4,2.5,5.0,2.5
8,123,3,6,3.75,7.5,3.75
8,124,3,5,3.75,6.25,2.5
8,125,1,0,1.25,0.0,-1.25
8,126,2,1,2.5,1.25,-1.25
8,127,1,0,1.25,0.0,-1.25
8,128,3,4,3.75,5.0,1.25
8,129,4,2,5.0,2.5,-2.5
8,130,7,3,8.75,3.75,-5.0
8,131,1,3,1.25,3.75,2.5
8,132,3,3,3.75,3.75,0.0
8,133,6,4,7.5,5.0,-2.5
8,134,11,5,13.75,6.25,-7.5
9,0,0,1,0.0,1.25,1.25
9,1,0,0,0.0,0.0,0.0
9,2,1,0,1.25,0.0,-1.25
9,3,0,0,0.0,0.0,0.0
9,4,0,0,0.0,0.0,0.0
9,5,0,3,0.0,3.75,3.75
9,6,1,2,1.25,2.5,1.25
9,7,2,0,2.5,0.0,-2.5
9,8,0,0,0.0,0.0,0.0
9,9,0,1,0.0,1.25,1.25
9,10,0,0,0.0,0.0,0.0
9,11,1,0,1.25,0.0,-1.25
9,12,1,1,1.25,1.25,0.0
9,13,0,0,0.0,0.0,0.0
9,14,0,0,0.0,0.0,0.0
9,15,0,2,0.0,2.5,2.5
9,16,0,1,0.0,1.25,1.25
9,17,2,2,2.5,2.5,0.0
9,18,1,1,1.25,1.25,0.0
9,19,0,2,0.0,2.5,2.5
9,20,0,2,0.0,2.5,2.5
9,21,1,0,1.25,0.0,-1.25
9,22,0,2,0.0,2.5,2.5
9,23,1,1,1.25,1.25,0.0
9,24,1,1,1.25,1.25,0.0
9,25,1,1,1.25,1.25,0.0
9,26,0,0,0.0,0.0,0.0
9,27,0,1,0.0,1.25,1.25
9,28,0,0,0.0,0.0,0.0
9,29,0,0,0.0,0.0,0.0
9,30,0,1,0.0,1.25,1.25
9,31,2,1,2.5,1.25,-1.25
9,32,2,0,2.5,0.0,-2.5
9,33,0,2,0.0,2.5,2.5
9,34,0,0,0.0,0.0,0.0
9,35,1,1,1.25,1.25,0.0
9,36,1,0,1.25,0.0,-1.25
9,37,0,0,0.0,0.0,0.0
9,38,0,1,0.0,1.25,1.25
9,39,0,0,0.0,0.0,0.0
9,40,1,2,1.25,2.5,1.25
9,41,0,0,0.0,0.0,0.0
9,42,0,0,0.0,0.0,0.0
9,43,2,0,2.5,0.0,-2.5
9,44,0,0,0.0,0.0,0.0
9,45,1,0,1.25,0.0,-1.25
9,46,0,1,0.0,1.25,1.25
9,47,0,1,0.0,1.25,1.25
9,48,0,0,0.0,0.0,0.0
9,49,0,3,0.0,3.75,3.75
9,50,0,1,0.0,1.25,1.25
9,51,1,1,1.25,1.25,0.0
9,52,0,0,0.0,0.0,0.0
9,53,0,0,0.0,0.0,0.0
9,54,1,0,1.25,0.0,-1.25
9,55,1,0,1.25,0.0,-1.25
9,56,0,3,0.0,3.75,3.75
9,57,0,1,0.0,1.25,1.25
9,58,0,0,0.0,0.0,0.0
9,59,0,2,0.0,2.5,2.5
9,60,0,1,0.0,1.25,1.25
9,61,1,0,1.25,0.0,-1.25
9,62,0,0,0.0,0.0,0.0
9,63,0,1,0.0,1.25,1.25
9,64,0,1,0.0,1.25,1.25
9,65,0,0,0.0,0.0,0.0
9,66,0,1,0.0,1.25,1.25
9,67,1,0,1.25,0.0,-1.25
9,68,0,0,0.0,0.0,0.0
9,69,0,0,0.0,0.0,0.0
9,70,1,0,1.25,0.0,-1.25
9,71,0,0,0.0,0.0,0.0
9,72,0,0,0.0,0.0,0.0
9,73,0,1,0.0,1.25,1.25
9,74,1,1,1.25,1.25,0.0
9,75,0,0,0.0,0.0,0.0
9,76,0,0,0.0,0.0,0.0
9,77,0,0,0.0,0.0,0.0
9,78,0,0,0.0,0.0,0.0
9,79,2,0,2.5,0.0,-2.5
9,80,1,0,1.25,0.0,-1.25
9,81,0,0,0.0,0.0,0.0
9,82,1,2,1.25,2.5,1.25
9,83,0,0,0.0,0.0,0.0
9,84,0,1,0.0,1.25,1.25
9,85,0,0,0.0,0.0,0.0
9,86,0,0,0.0,0.0,0.0
9,87,0,0,0.0,0.0,0.0
9,88,0,0,0.0,0.0,0.0
9,89,0,0,0.0,0.0,0.0
9,90,1,0,1.25,0.0,-1.25
9,91,1,1,1.25,1.25,0.0
9,92,0,0,0.0,0.0,0.0
9,93,1,0,1.25,0.0,-1.25
9,94,0,0,0.0,0.0,0.0
9,95,0,1,0.0,1.25,1.25
9,96,0,0,0.0,0.0,0.0
9,97,0,0,0.0,0.0,0.0
9,98,0,1,0.0,1.25,1.25
9,99,0,2,0.0,2.5,2.5
9,100,1,0,1.25,0.0,-1.25
9,101,0,1,0.0,1.25,1.25
9,102,0,0,0.0,0.0,0.0
9,103,0,1,0.0,1.25,1.25
9,104,0,2,0.0,2.5,2.5
9,105,0,0,0.0,0.0,0.0
9,106,1,0,1.25,0.0,-1.25
9,107,0,1,0.0,1.25,1.25
9,108,2,0,2.5,0.0,-2.5
9,109,0,1,0.0,1.25,1.25
9,110,1,0,1.25,0.0,-1.25
9,111,0,0,0.0,0.0,0.0
9,112,0,1,0.0,1.25,1.25
9,113,0,0,0.0,0.0,0.0
9,114,1,0,1.25,0.0,-1.25
9,115,0,0,0.0,0.0,0.0
9,116,0,0,0.0,0.0,0.0
9,117,3,0,3.75,0.0,-3.75
9,118,0,0,0.0,0.0,0.0
9,119,2,0,2.5,0.0,-2.5
9,120,1,0,1.25,0.0,-1.25
9,121,0,0,0.0,0.0,0.0
9,122,3,0,3.75,0.0,-3.75
9,123,2,0,2.5,0.0,-2.5
9,124,1,0,1.25,0.0,-1.25
9,125,0,0,0.0,0.0,0.0
9,126,0,0,0.0,0.0,0.0
9,127,1,1,1.25,1.25,0.0
9,128,1,1,1.25,1.25,0.0
9,129,0,0,0.0,0.0,0.0
9,130,0,1,0.0,1.25,1.25
9,131,1,0,1.25,0.0,-1.25
9,132,2,0,2.5,0.0,-2.5
9,133,1,0,1.25,0.0,-1.25
9,134,0,1,0.0,1.25,1.25
10,0,1,2,1.25,2.5,1.25
10,1,2,3,2.5,3.75,1.25
10,2,1,1,1.25,1.25,0.0
10,3,1,7,1.25,8.75,7.5
10,4,1,3,1.25,3.75,2.5
10,5,1,1,1.25,1.25,0.0
10,6,4,2,5.0,2.5,-2.5
10,7,4,2,5.0,2.5,-2.5
10,8,2,2,2.5,2.5,0.0
10,9,1,3,1.25,3.75,2.5
10,10,2,2,2.5,2.5,0.0
10,11,5,1,6.25,1.25,-5.0
10,12,3,1,3.75,1.25,-2.5
10,13,4,2,5.0,2.5,-2.5
10,14,3,4,3.75,5.0,1.25
10,15,3,4,3.75,5.0,1.25
10,16,4,2,5.0,2.5,-2.5
10,17,3,2,3.75,2.5,-1.25
10,18,3,4,3.75,5.0,1.25
10,19,2,2,2.5,2.5,0.0
10,20,3,2,3.75,2.5,-1.25
10,21,3,1,3.75,1.25,-2.5
10,22,3,4,3.75,5.0,1.25
10,23,7,4,8.75,5.0,-3.75
10,24,1,1,1.25,1.25,0.0
10,25,3,4,3.75,5.0,1.25
10,26,0,4,0.0,5.0,5.0
10,27,4,1,5.0,1.25,-3.75
10,28,3,2,3.75,2.5,-1.25
10,29,2,2,2.5,2.5,0.0
10,30,0,3,0.0,3.75,3.75
10,31,0,4,0.0,5.0,5.0
10,32,2,3,2.5,3.75,1.25
10,33,0,2,0.0,2.5,2.5
10,34,2,5,2.5,6.25,3.75
10,35,4,0,5.0,0.0,-5.0
10,36,0,1,0.0,1.25,1.25
10,37,3,2,3.75,2.5,-1.25
10,38,4,4,5.0,5.0,0.0
10,39,2,1,2.5,1.25,-1.25
10,40,0,3,0.0,3.75,3.75
10,41,3,3,3.75,3.75,0.0
10,42,0,2,0.0,2.5,2.5
10,43,3,1,3.75,1.25,-2.5
10,44,1,2,1.25,2.5,1.25
10,45,1,2,1.25,2.5,1.25
10,46,3,1,3.75,1.25,-2.5
10,47,1,1,1.25,1.25,0.0
10,48,5,3,6.25,3.75,-2.5
10,49,2,2,2.5,2.5,0.0
10,50,1,0,1.25,0.0,-1.25
10,51,3,0,3.75,0.0,-3.75
10,52,1,0,1.25,0.0,-1.25
10,53,2,1,2.5,1.25,-1.25
10,54,0,2,0.0,2.5,2.5
10,55,6,1,7.5,1.25,-6.25
10,56,3,6,3.75,7.5,3.75
10,57,3,1,3.75,1.25,-2.5
10,58,0,0,0.0,0.0,0.0
10,59,0,0,0.0,0.0,0.0
10,60,2,1,2.5,1.25,-1.25
10,61,3,3,3.75,3.75,0.0
10,62,4,2,5.0,2.5,-2.5
10,63,1,1,1.25,1.25,0.0
10,64,2,1,2.5,1.25,-1.25
10,65,2,0,2.5,0.0,-2.5
10,66,2,2,2.5,2.5,0.0
10,67,4,5,5.0,6.25,1.25
10,68,1,1,1.25,1.25,0.0
10,69,4,1,5.0,1.25,-3.75
10,70,0,5,0.0,6.25,6.25
10,71,2,1,2.5,1.25,-1.25
10,72,3,1,3.75,1.25,-2.5
10,73,2,3,2.5,3.75,1.25
10,74,1,3,1.25,3.75,2.5
10,75,3,5,3.75,6.25,2.5
10,76,0,3,0.0,3.75,3.75
10,77,1,1,1.25,1.25,0.0
10,78,3,4,3.75,5.0,1.25
10,79,2,5,2.5,6.25,3.75
10,80,4,4,5.0,5.0,0.0
10,81,5,1,6.25,1.25,-5.0
10,82,1,1,1.25,1.25,0.0
10,83,2,5,2.5,6.25,3.75
10,84,2,2,2.5,2.5,0.0
10,85,3,0,3.75,0.0,-3.75
10,86,2,3,2.5,3.75,1.25
10,87,3,1,3.75,1.25,-2.5
10,88,2,4,2.5,5.0,2.5
10,89,3,1,3.75,1.25,-2.5
10,90,1,2,1.25,2.5,1.25
10,91,3,4,3.75,5.0,1.25
10,92,1,1,1.25,1.25,0.0
10,93,4,2,5.0,2.5,-2.5
10,94,1,1,1.25,1.25,0.0
10,95,8,1,10.0,1.25,-8.75
10,96,0,2,0.0,2.5,2.5
10,97,3,4,3.75,5.0,1.25
10,98,0,3,0.0,3.75,3.75
10,99,0,1,0.0,1.25,1.25
10,100,2,3,2.5,3.75,1.25
10,101,2,1,2.5,1.25,-1.25
10,102,2,3,2.5,3.75,1.25
10,103,3,1,3.75,1.25,-2.5
10,104,2,1,2.5,1.25,-1.25
10,105,0,2,0.0,2.5,2.5
10,106,0,4,0.0,5.0,5.0
10,107,1,3,1.25,3.75,2.5
10,108,0,0,0.0,0.0,0.0
10,109,2,1,2.5,1.25,-1.25
10,110,5,0,6.25,0.0,-6.25
10,111,4,2,5.0,2.5,-2.5
10,112,2,0,2.5,0.0,-2.5
10,113,5,2,6.25,2.5,-3.75
10,114,3,2,3.75,2.5,-1.25
10,115,2,4,2.5,5.0,2.5
10,116,3,4,3.75,5.0,1.25
10,117,0,1,0.0,1.25,1.25
10,118,2,0,2.5,0.0,-2.5
10,119,2,4,2.5,5.0,2.5
10,120,3,2,3.75,2.5,-1.25
10,121,4,2,5.0,2.5,-2.5
10,122,0,0,0.0,0.0,0.0
10,123,5,2,6.25,2.5,-3.75
10,124,2,2,2.5,2.5,0.0
10,125,1,0,1.25,0.0,-1.25
10,126,3,1,3.75,1.25,-2.5
10,127,1,1,1.25,1.25,0.0
10,128,3,4,3.75,5.0,1.25
10,129,1,1,1.25,1.25,0.0
10,130,1,5,1.25,6.25,5.0
10,131,0,0,0.0,0.0,0.0
10,132,1,2,1.25,2.5,1.25
10,133,1,2,1.25,2.5,1.25
10,134,3,2,3.75,2.5,-1.25
11,0,5,1,6.25,1.25,-5.0
11,1,0,2,0.0,2.5,2.5
11,2,1,1,1.25,1.25,0.0
11,3,2,2,2.5,2.5,0.0
11,4,3,3,3.75,3.75,0.0
11,5,4,2,5.0,2.5,-2.5
11,6,1,1,1.25,1.25,0.0
11,7,3,3,3.75,3.75,0.0
11,8,1,3,1.25,3.75,2.5
11,9,4,5,5.0,6.25,1.25
11,10,2,2,2.5,2.5,0.0
11,11,1,3,1.25,3.75,2.5
11,12,0,2,0.0,2.5,2.5
11,13,1,2,1.25,2.5,1.25
11,14,1,0,1.25,0.0,-1.25
11,15,1,8,1.25,10.0,8.75
11,16,3,3,3.75,3.75,0.0
11,17,0,6,0.0,7.5,7.5
11,18,1,1,1.25,1.25,0.0
11,19,1,3,1.25,3.75,2.5
11,20,1,2,1.25,2.5,1.25
11,21,2,3,2.5,3.75,1.25
11,22,3,4,3.75,5.0,1.25
11,23,2,0,2.5,0.0,-2.5
11,24,1,2,1.25,2.5,1.25
11,25,3,2,3.75,2.5,-1.25
11,26,3,4,3.75,5.0,1.25
11,27,0,0,0.0,0.0,0.0
11,28,0,3,0.0,3.75,3.75
11,29,0,2,0.0,2.5,2.5
11,30,5,1,6.25,1.25,-5.0
11,31,0,1,0.0,1.25,1.25
11,32,0,3,0.0,3.75,3.75
11,33,1,0,1.25,0.0,-1.25
11,34,1,0,1.25,0.0,-1.25
11,35,2,0,2.5,0.0,-2.5
11,36,0,2,0.0,2.5,2.5
11,37,2,2,2.5,2.5,0.0
11,38,2,1,2.5,1.25,-1.25
11,39,0,0,0.0,0.0,0.0
11,40,1,0,1.25,0.0,-1.25
11,41,4,2,5.0,2.5,-2.5
11,42,1,0,1.25,0.0,-1.25
11,43,1,3,1.25,3.75,2.5
11,44,1,3,1.25,3.75,2.5
11,45,1,3,1.25,3.75,2.5
11,46,2,2,2.5,2.5,0.0
11,47,2,2,2.5,2.5,0.0
11,48,1,2,1.25,2.5,1.25
11,49,1,3,1.25,3.75,2.5
11,50,1,1,1.25,1.25,0.0
11,51,0,2,0.0,2.5,2.5
11,52,2,1,2.5,1.25,-1.25
11,53,1,0,1.25,0.0,-1.25
11,54,2,3,2.5,3.75,1.25
11,55,1,1,1.25,1.25,0.0
11,56,1,1,1.25,1.25,0.0
11,57,1,4,1.25,5.0,3.75
11,58,0,0,0.0,0.0,0.0
11,59,0,0,0.0,0.0,0.0
11,60,2,2,2.5,2.5,0.0
11,61,4,1,5.0,1.25,-3.75
11,62,2,6,2.5,7.5,5.0
11,63,2,0,2.5,0.0,-2.5
11,64,0,0,0.0,0.0,0.0
11,65,1,1,1.25,1.25,0.0
11,66,2,4,2.5,5.0,2.5
11,67,2,1,2.5,1.25,-1.25
11,68,2,0,2.5,0.0,-2.5
11,69,0,1,0.0,1.25,1.25
11,70,3,4,3.75,5.0,1.25
11,71,0,3,0.0,3.75,3.75
11,72,3,5,3.75,6.25,2.5
11,73,0,2,0.0,2.5,2.5
11,74,2,1,2.5,1.25,-1.25
11,75,2,0,2.5,0.0,-2.5
11,76,5,1,6.25,1.25,-5.0
11,77,4,3,5.0,3.75,-1.25
11,78,1,1,1.25,1.25,0.0
11,79,0,1,0.0,1.25,1.25
11,80,1,1,1.25,1.25,0.0
11,81,1,1,1.25,1.25,0.0
11,82,0,2,0.0,2.5,2.5
11,83,5,2,6.25,2.5,-3.75
11,84,1,0,1.25,0.0,-1.25
11,85,5,1,6.25,1.25,-5.0
11,86,4,0,5.0,0.0,-5.0
11,87,2,2,2.5,2.5,0.0
11,88,2,1,2.5,1.25,-1.25
11,89,0,1,0.0,1.25,1.25
11,90,0,0,0.0,0.0,0.0
11,91,0,1,0.0,1.25,1.25
11,92,2,1,2.5,1.25,-1.25
11,93,1,3,1.25,3.75,2.5
11,94,1,1,1.25,1.25,0.0
11,95,3,1,3.75,1.25,-2.5
11,96,1,1,1.25,1.25,0.0
11,97,3,1,3.75,1.25,-2.5
11,98,2,0,2.5,0.0,-2.5
11,99,3,0,3.75,0.0,-3.75
11,100,1,4,1.25,5.0,3.75
11,101,5,1,6.25,1.25,-5.0
11,102,2,3,2.5,3.75,1.25
11,103,1,1,1.25,1.25,0.0
11,104,2,0,2.5,0.0,-2.5
11,105,1,4,1.25,5.0,3.75
11,106,2,2,2.5,2.5,0.0
11,107,2,4,2.5,5.0,2.5
11,108,1,1,1.25,1.25,0.0
11,109,1,4,1.25,5.0,3.75
11,110,1,0,1.25,0.0,-1.25
11,111,2,3,2.5,3.75,1.25
11,112,2,3,2.5,3.75,1.25
11,113,1,3,1.25,3.75,2.5
11,114,3,2,3.75,2.5,-1.25
11,115,3,1,3.75,1.25,-2.5
11,116,2,1,2.5,1.25,-1.25
11,117,1,3,1.25,3.75,2.5
11,118,3,2,3.75,2.5,-1.25
11,119,1,1,1.25,1.25,0.0
11,120,0,2,0.0,2.5,2.5
11,121,3,2,3.75,2.5,-1.25
11,122,5,2,6.25,2.5,-3.75
11,123,2,2,2.5,2.5,0.0
11,124,3,1,3.75,1.25,-2.5
11,125,1,1,1.25,1.25,0.0
11,126,1,0,1.25,0.0,-1.25
11,127,1,0,1.25,0.0,-1.25
11,128,0,0,0.0,0.0,0.0
11,129,1,3,1.25,3.75,2.5
11,130,3,2,3.75,2.5,-1.25
11,131,1,1,1.25,1.25,0.0
11,132,2,1,2.5,1.25,-1.25
11,133,0,1,0.0,1.25,1.25
11,134,0,0,0.0,0.0,0.0
12,0,4,3,5.0,3.75,-1.25
12,1,5,4,6.25,5.0,-1.25
12,2,2,1,2.5,1.25,-1.25
12,3,3,4,3.75,5.0,1.25
12,4,3,3,3.75,3.75,0.0
12,5,4,4,5.0,5.0,0.0
12,6,2,5,2.5,6.25,3.75
12,7,1,4,1.25,5.0,3.75
12,8,4,2,5.0,2.5,-2.5
12,9,7,2,8.75,2.5,-6.25
12,10,6,5,7.5,6.25,-1.25
12,11,6,4,7.5,5.0,-2.5
12,12,5,2,6.25,2.5,-3.75
12,13,5,7,6.25,8.75,2.5
12,14,4,4,5.0,5.0,0.0
12,15,7,5,8.75,6.25,-2.5
12,16,5,5,6.25,6.25,0.0
12,17,6,4,7.5,5.0,-2.5
12,18,3,3,3.75,3.75,0.0
12,19,4,3,5.0,3.75,-1.25
12,20,5,5,6.25,6.25,0.0
12,21,2,5,2.5,6.25,3.75
12,22,7,6,8.75,7.5,-1.25
12,23,3,5,3.75,6.25,2.5
12,24,4,6,5.0,7.5,2.5
12,25,3,5,3.75,6.25,2.5
12,26,2,3,2.5,3.75,1.25
12,27,5,3,6.25,3.75,-2.5
12,28,3,2,3.75,2.5,-1.25
12,29,5,8,6.25,10.0,3.75
12,30,4,5,5.0,6.25,1.25
12,31,3,2,3.75,2.5,-1.25
12,32,4,5,5.0,6.25,1.25
12,33,4,3,5.0,3.75,-1.25
12,34,4,3,5.0,3.75,-1.25
12,35,4,4,5.0,5.0,0.0
12,36,6,3,7.5,3.75,-3.75
12,37,5,4,6.25,5.0,-1.25
12,38,4,7,5.0,8.75,3.75
12,39,2,4,2.5,5.0,2.5
12,40,5,6,6.25,7.5,1.25
12,41,5,5,6.25,6.25,0.0
12,42,5,3,6.25,3.75,-2.5
12,43,5,7,6.25,8.75,2.5
12,44,7,6,8.75,7.5,-1.25
12,45,6,4,7.5,5.0,-2.5
12,46,7,7,8.75,8.75,0.0
12,47,2,1,2.5,1.25,-1.25
12,48,3,5,3.75,6.25,2.5
12,49,3,5,3.75,6.25,2.5
12,50,3,5,3.75,6.25,2.5
12,51,2,5,2.5,6.25,3.75
12,52,2,5,2.5,6.25,3.75
12,53,4,3,5.0,3.75,-1.25
12,54,5,5,6.25,6.25,0.0
12,55,5,6,6.25,7.5,1.25
12,56,4,3,5.0,3.75,-1.25
12,57,5,6,6.25,7.5,1.25
12,58,1,0,1.25,0.0,-1.25
12,59,1,2,1.25,2.5,1.25
12,60,2,0,2.5,0.0,-2.5
12,61,5,4,6.25,5.0,-1.25
12,62,3,5,3.75,6.25,2.5
12,63,6,4,7.5,5.0,-2.5
12,64,3,2,3.75,2.5,-1.25
12,65,2,6,2.5,7.5,5.0
12,66,6,4,7.5,5.0,-2.5
12,67,4,5,5.0,6.25,1.25
12,68,2,5,2.5,6.25,3.75
12,69,3,2,3.75,2.5,-1.25
12,70,5,7,6.25,8.75,2.5
12,71,6,3,7.5,3.75,-3.75
12,72,4,4,5.0,5.0,0.0
12,73,6,6,7.5,7.5,0.0
12,74,3,5,3.75,6.25,2.5
12,75,5,5,6.25,6.25,0.0
12,76,3,5,3.75,6.25,2.5
12,77,4,4,5.0,5.0,0.0
12,78,6,6,7.5,7.5,0.0
12,79,4,3,5.0,3.75,-1.25
12,80,5,5,6.25,6.25,0.0
12,81,3,6,3.75,7.5,3.75
12,82,5,7,6.25,8.75,2.5
12,83,5,5,6.25,6.25,0.0
12,84,5,4,6.25,5.0,-1.25
12,85,6,6,7.5,7.5,0.0
12,86,5,3,6.25,3.75,-2.5
12,87,5,5,6.25,6.25,0.0
12,88,2,5,2.5,6.25,3.75
12,89,6,2,7.5,2.5,-5.0
12,90,4,2,5.0,2.5,-2.5
12,91,5,3,6.25,3.75,-2.5
12,92,4,3,5.0,3.75,-1.25
12,93,7,5,8.75,6.25,-2.5
12,94,2,5,2.5,6.25,3.75
12,95,2,4,2.5,5.0,2.5
12,96,2,3,2.5,3.75,1.25
12,97,2,6,2.5,7.5,5.0
12,98,3,3,3.75,3.75,0.0
12,99,3,5,3.75,6.25,2.5
12,100,5,7,6.25,8.75,2.5
12,101,4,2,5.0,2.5,-2.5
12,102,5,4,6.25,5.0,-1.25
12,103,7,6,8.75,7.5,-1.25
12,104,6,3,7.5,3.75,-3.75
12,105,8,4,10.0,5.0,-5.0
12,106,5,3,6.25,3.75,-2.5
12,107,5,4,6.25,5.0,-1.25
12,108,4,3,5.0,3.75,-1.25
12,109,3,5,3.75,6.25,2.5
12,110,2,4,2.5,5.0,2.5
12,111,5,4,6.25,5.0,-1.25
12,112,3,2,3.75,2.5,-1.25
12,113,6,3,7.5,3.75,-3.75
12,114,5,4,6.25,5.0,-1.25
12,115,6,5,7.5,6.25,-1.25
12,116,5,3,6.25,3.75,-2.5
12,117,5,3,6.25,3.75,-2.5
12,118,5,4,6.25,5.0,-1.25
12,119,6,2,7.5,2.5,-5.0
12,120,3,4,3.75,5.0,1.25
12,121,8,5,10.0,6.25,-3.75
12,122,5,7,6.25,8.75,2.5
12,123,3,4,3.75,5.0,1.25
12,124,6,2,7.5,2.5,-5.0
12,125,4,2,5.0,2.5,-2.5
12,126,5,2,6.25,2.5,-3.75
12,127,8,3,10.0,3.75,-6.25
12,128,7,6,8.75,7.5,-1.25
12,129,4,4,5.0,5.0,0.0
12,130,8,5,10.0,6.25,-3.75
12,131,3,5,3.75,6.25,2.5
12,132,5,8,6.25,10.0,3.75
12,133,7,6,8.75,7.5,-1.25
12,134,5,5,6.25,6.25,0.0
13,0,3,0,3.75,0.0,-3.75
13,1,1,3,1.25,3.75,2.5
13,2,2,0,2.5,0.0,-2.5
13,3,3,4,3.75,5.0,1.25
13,4,2,4,2.5,5.0,2.5
13,5,6,2,7.5,2.5,-5.0
13,6,0,3,0.0,3.75,3.75
13,7,4,0,5.0,0.0,-5.0
13,8,0,1,0.0,1.25,1.25
13,9,0,0,0.0,0.0,0.0
13,10,2,2,2.5,2.5,0.0
13,11,2,0,2.5,0.0,-2.5
13,12,1,2,1.25,2.5,1.25
13,13,0,3,0.0,3.75,3.75
13,14,2,0,2.5,0.0,-2.5
13,15,1,1,1.25,1.25,0.0
13,16,0,1,0.0,1.25,1.25
13,17,1,2,1.25,2.5,1.25
13,18,1,2,1.25,2.5,1.25
13,19,3,0,3.75,0.0,-3.75
13,20,2,0,2.5,0.0,-2.5
13,21,0,1,0.0,1.25,1.25
13,22,1,2,1.25,2.5,1.25
13,23,2,2,2.5,2.5,0.0
13,24,3,2,3.75,2.5,-1.25
13,25,3,7,3.75,8.75,5.0
13,26,2,1,2.5,1.25,-1.25
13,27,6,1,7.5,1.25,-6.25
13,28,3,1,3.75,1.25,-2.5
13,29,3,2,3.75,2.5,-1.25
13,30,1,4,1.25,5.0,3.75
13,31,2,4,2.5,5.0,2.5
13,32,3,3,3.75,3.75,0.0
13,33,4,3,5.0,3.75,-1.25
13,34,1,4,1.25,5.0,3.75
13,35,1,2,1.25,2.5,1.25
13,36,4,0,5.0,0.0,-5.0
13,37,4,0,5.0,0.0,-5.0
13,38,1,0,1.25,0.0,-1.25
13,39,3,0,3.75,0.0,-3.75
13,40,1,4,1.25,5.0,3.75
13,41,2,3,2.5,3.75,1.25
13,42,2,0,2.5,0.0,-2.5
13,43,1,1,1.25,1.25,0.0
13,44,3,1,3.75,1.25,-2.5
13,45,5,3,6.25,3.75,-2.5
13,46,5,2,6.25,2.5,-3.75
13,47,1,3,1.25,3.75,2.5
13,48,4,1,5.0,1.25,-3.75
13,49,3,5,3.75,6.25,2.5
13,50,3,1,3.75,1.25,-2.5
13,51,5,5,6.25,6.25,0.0
13,52,0,0,0.0,0.0,0.0
13,53,0,3,0.0,3.75,3.75
13,54,5,0,6.25,0.0,-6.25
13,55,0,4,0.0,5.0,5.0
13,56,2,3,2.5,3.75,1.25
13,57,5,1,6.25,1.25,-5.0
13,58,0,2,0.0,2.5,2.5
13,59,5,0,6.25,0.0,-6.25
13,60,3,0,3.75,0.0,-3.75
13,61,6,2,7.5,2.5,-5.0
13,62,3,5,3.75,6.25,2.5
13,63,4,5,5.0,6.25,1.25
13,64,1,1,1.25,1.25,0.0
13,65,0,5,0.0,6.25,6.25
13,66,0,2,0.0,2.5,2.5
13,67,1,2,1.25,2.5,1.25
13,68,5,6,6.25,7.5,1.25
13,69,4,1,5.0,1.25,-3.75
13,70,1,3,1.25,3.75,2.5
13,71,4,0,5.0,0.0,-5.0
13,72,2,1,2.5,1.25,-1.25
13,73,2,0,2.5,0.0,-2.5
13,74,3,0,3.75,0.0,-3.75
13,75,4,1,5.0,1.25,-3.75
13,76,2,3,2.5,3.75,1.25
13,77,4,2,5.0,2.5,-2.5
13,78,2,3,2.5,3.75,1.25
13,79,5,0,6.25,0.0,-6.25
13,80,4,4,5.0,5.0,0.0
13,81,1,3,1.25,3.75,2.5
13,82,3,5,3.75,6.25,2.5
13,83,2,0,2.5,0.0,-2.5
13,84,2,3,2.5,3.75,1.25
13,85,5,2,6.25,2.5,-3.75
13,86,2,3,2.5,3.75,1.25
13,87,2,0,2.5,0.0,-2.5
13,88,4,0,5.0,0.0,-5.0
13,89,0,3,0.0,3.75,3.75
13,90,6,2,7.5,2.5,-5.0
13,91,5,2,6.25,2.5,-3.75
13,92,3,1,3.75,1.25,-2.5
13,93,4,0,5.0,0.0,-5.0
13,94,3,1,3.75,1.25,-2.5
13,95,2,4,2.5,5.0,2.5
13,96,2,4,2.5,5.0,2.5
13,97,1,2,1.25,2.5,1.25
13,98,2,1,2.5,1.25,-1.25
13,99,0,4,0.0,5.0,5.0
13,100,2,4,2.5,5.0,2.5
13,101,2,4,2.5,5.0,2.5
13,102,5,4,6.25,5.0,-1.25
13,103,3,1,3.75,1.25,-2.5
13,104,5,4,6.25,5.0,-1.25
13,105,2,4,2.5,5.0,2.5
13,106,5,1,6.25,1.25,-5.0
13,107,2,2,2.5,2.5,0.0
13,108,6,1,7.5,1.25,-6.25
13,109,5,3,6.25,3.75,-2.5
13,110,4,2,5.0,2.5,-2.5
13,111,3,1,3.75,1.25,-2.5
13,112,3,2,3.75,2.5,-1.25
13,113,2,3,2.5,3.75,1.25
13,114,6,4,7.5,5.0,-2.5
13,115,2,1,2.5,1.25,-1.25
13,116,2,1,2.5,1.25,-1.25
13,117,2,0,2.5,0.0,-2.5
13,118,3,3,3.75,3.75,0.0
13,119,3,6,3.75,7.5,3.75
13,120,3,2,3.75,2.5,-1.25
13,121,2,4,2.5,5.0,2.5
13,122,0,5,0.0,6.25,6.25
13,123,2,3,2.5,3.75,1.25
13,124,5,5,6.25,6.25,0.0
13,125,5,1,6.25,1.25,-5.0
13,126,5,2,6.25,2.5,-3.75
13,127,0,5,0.0,6.25,6.25
13,128,1,2,1.25,2.5,1.25
13,129,0,0,0.0,0.0,0.0
13,130,2,0,2.5,0.0,-2.5
13,131,0,2,0.0,2.5,2.5
13,132,0,2,0.0,2.5,2.5
13,133,1,2,1.25,2.5,1.25
13,134,2,0,2.5,0.0,-2.5
14,0,0,0,0.0,0.0,0.0
14,1,0,0,0.0,0.0,0.0
14,2,0,0,0.0,0.0,0.0
14,3,0,0,0.0,0.0,0.0
14,4,1,1,1.25,1.25,0.0
14,5,0,0,0.0,0.0,0.0
14,6,0,1,0.0,1.25,1.25
14,7,0,0,0.0,0.0,0.0
14,8,0,0,0.0,0.0,0.0
14,9,0,0,0.0,0.0,0.0
14,10,0,1,0.0,1.25,1.25
14,11,0,1,0.0,1.25,1.25
14,12,3,0,3.75,0.0,-3.75
14,13,0,1,0.0,1.25,1.25
14,14,0,0,0.0,0.0,0.0
14,15,0,1,0.0,1.25,1.25
14,16,0,1,0.0,1.25,1.25
14,17,0,2,0.0,2.5,2.5
14,18,0,0,0.0,0.0,0.0
14,19,1,0,1.25,0.0,-1.25
14,20,0,0,0.0,0.0,0.0
14,21,0,0,0.0,0.0,0.0
14,22,0,1,0.0,1.25,1.25
14,23,1,2,1.25,2.5,1.25
14,24,0,1,0.0,1.25,1.25
14,25,0,0,0.0,0.0,0.0
14,26,0,0,0.0,0.0,0.0
14,27,0,0,0.0,0.0,0.0
14,28,1,2,1.25,2.5,1.25
14,29,0,1,0.0,1.25,1.25
14,30,0,1,0.0,1.25,1.25
14,31,3,0,3.75,0.0,-3.75
14,32,0,0,0.0,0.0,0.0
14,33,0,1,0.0,1.25,1.25
14,34,0,1,0.0,1.25,1.25
14,35,1,1,1.25,1.25,0.0
14,36,0,0,0.0,0.0,0.0
14,37,0,1,0.0,1.25,1.25
14,38,1,0,1.25,0.0,-1.25
14,39,1,0,1.25,0.0,-1.25
14,40,0,1,0.0,1.25,1.25
14,41,0,1,0.0,1.25,1.25
14,42,1,1,1.25,1.25,0.0
14,43,0,0,0.0,0.0,0.0
14,44,0,1,0.0,1.25,1.25
14,45,0,1,0.0,1.25,1.25
14,46,0,1,0.0,1.25,1.25
14,47,0,0,0.0,0.0,0.0
14,48,1,1,1.25,1.25,0.0
14,49,0,0,0.0,0.0,0.0
14,50,0,0,0.0,0.0,0.0
14,51,0,1,0.0,1.25,1.25
14,52,0,3,0.0,3.75,3.75
14,53,0,0,0.0,0.0,0.0
14,54,1,0,1.25,0.0,-1.25
14,55,0,0,0.0,0.0,0.0
14,56,1,0,1.25,0.0,-1.25
14,57,0,0,0.0,0.0,0.0
14,58,0,1,0.0,1.25,1.25
14,59,1,1,1.25,1.25,0.0
14,60,1,1,1.25,1.25,0.0
14,61,0,0,0.0,0.0,0.0
14,62,1,0,1.25,0.0,-1.25
14,63,0,1,0.0,1.25,1.25
14,64,0,1,0.0,1.25,1.25
14,65,0,0,0.0,0.0,0.0
14,66,0,0,0.0,0.0,0.0
14,67,0,1,0.0,1.25,1.25
14,68,0,1,0.0,1.25,1.25
14,69,1,0,1.25,0.0,-1.25
14,70,0,0,0.0,0.0,0.0
14,71,1,0,1.25,0.0,-1.25
14,72,2,1,2.5,1.25,-1.25
14,73,1,2,1.25,2.5,1.25
14,74,0,0,0.0,0.0,0.0
14,75,0,0,0.0,0.0,0.0
14,76,1,1,1.25,1.25,0.0
14,77,1,1,1.25,1.25,0.0
14,78,1,0,1.25,0.0,-1.25
14,79,0,0,0.0,0.0,0.0
14,80,1,0,1.25,0.0,-1.25
14,81,2,0,2.5,0.0,-2.5
14,82,0,1,0.0,1.25,1.25
14,83,1,0,1.25,0.0,-1.25
14,84,1,1,1.25,1.25,0.0
14,85,0,1,0.0,1.25,1.25
14,86,0,0,0.0,0.0,0.0
14,87,0,0,0.0,0.0,0.0
14,88,1,1,1.25,1.25,0.0
14,89,2,0,2.5,0.0,-2.5
14,90,0,0,0.0,0.0,0.0
14,91,0,0,0.0,0.0,0.0
14,92,1,1,1.25,1.25,0.0
14,93,0,0,0.0,0.0,0.0
14,94,1,0,1.25,0.0,-1.25
14,95,1,0,1.25,0.0,-1.25
14,96,3,1,3.75,1.25,-2.5
14,97,2,1,2.5,1.25,-1.25
14,98,1,0,1.25,0.0,-1.25
14,99,0,0,0.0,0.0,0.0
14,100,2,0,2.5,0.0,-2.5
14,101,0,1,0.0,1.25,1.25
14,102,1,1,1.25,1.25,0.0
14,103,0,0,0.0,0.0,0.0
14,104,0,1,0.0,1.25,1.25
14,105,0,0,0.0,0.0,0.0
14,106,0,0,0.0,0.0,0.0
14,107,1,1,1.25,1.25,0.0
14,108,0,3,0.0,3.75,3.75
14,109,1,1,1.25,1.25,0.0
14,110,0,0,0.0,0.0,0.0
14,111,0,2,0.0,2.5,2.5
14,112,0,0,0.0,0.0,0.0
14,113,1,1,1.25,1.25,0.0
14,114,0,0,0.0,0.0,0.0
14,115,0,0,0.0,0.0,0.0
14,116,1,0,1.25,0.0,-1.25
14,117,0,0,0.0,0.0,0.0
14,118,1,1,1.25,1.25,0.0
14,119,0,0,0.0,0.0,0.0
14,120,0,3,0.0,3.75,3.75
14,121,1,0,1.25,0.0,-1.25
14,122,2,0,2.5,0.0,-2.5
14,123,1,2,1.25,2.5,1.25
14,124,1,0,1.25,0.0,-1.25
14,125,2,1,2.5,1.25,-1.25
14,126,1,0,1.25,0.0,-1.25
14,127,0,0,0.0,0.0,0.0
14,128,1,1,1.25,1.25,0.0
14,129,0,0,0.0,0.0,0.0
14,130,0,1,0.0,1.25,1.25
14,131,1,0,1.25,0.0,-1.25
14,132,0,0,0.0,0.0,0.0
14,133,0,0,0.0,0.0,0.0
14,134,0,0,0.0,0.0,0.0
15,0,5,2,6.25,2.5,-3.75
15,1,1,4,1.25,5.0,3.75
15,2,1,3,1.25,3.75,2.5
15,3,3,1,3.75,1.25,-2.5
15,4,3,3,3.75,3.75,0.0
15,5,4,1,5.0,1.25,-3.75
15,6,1,0,1.25,0.0,-1.25
15,7,5,3,6.25,3.75,-2.5
15,8,2,4,2.5,5.0,2.5
15,9,0,4,0.0,5.0,5.0
15,10,4,2,5.0,2.5,-2.5
15,11,4,2,5.0,2.5,-2.5
15,12,1,3,1.25,3.75,2.5
15,13,4,0,5.0,0.0,-5.0
15,14,3,3,3.75,3.75,0.0
15,15,4,5,5.0,6.25,1.25
15,16,2,4,2.5,5.0,2.5
15,17,2,6,2.5,7.5,5.0
15,18,1,3,1.25,3.75,2.5
15,19,4,2,5.0,2.5,-2.5
15,20,3,3,3.75,3.75,0.0
15,21,3,1,3.75,1.25,-2.5
15,22,5,4,6.25,5.0,-1.25
15,23,3,3,3.75,3.75,0.0
15,24,3,0,3.75,0.0,-3.75
15,25,1,2,1.25,2.5,1.25
15,26,3,3,3.75,3.75,0.0
15,27,4,3,5.0,3.75,-1.25
15,28,3,4,3.75,5.0,1.25
15,29,4,7,5.0,8.75,3.75
15,30,1,2,1.25,2.5,1.25
15,31,2,4,2.5,5.0,2.5
15,32,2,0,2.5,0.0,-2.5
15,33,0,2,0.0,2.5,2.5
15,34,2,4,2.5,5.0,2.5
15,35,4,0,5.0,0.0,-5.0
15,36,4,5,5.0,6.25,1.25
15,37,2,3,2.5,3.75,1.25
15,38,1,0,1.25,0.0,-1.25
15,39,2,1,2.5,1.25,-1.25
15,40,2,4,2.5,5.0,2.5
15,41,3,5,3.75,6.25,2.5
15,42,5,2,6.25,2.5,-3.75
15,43,3,1,3.75,1.25,-2.5
15,44,4,2,5.0,2.5,-2.5
15,45,2,5,2.5,6.25,3.75
15,46,2,1,2.5,1.25,-1.25
15,47,4,1,5.0,1.25,-3.75
15,48,6,4,7.5,5.0,-2.5
15,49,2,4,2.5,5.0,2.5
15,50,5,1,6.25,1.25,-5.0
15,51,1,3,1.25,3.75,2.5
15,52,1,4,1.25,5.0,3.75
15,53,1,3,1.25,3.75,2.5
15,54,2,3,2.5,3.75,1.25
15,55,3,1,3.75,1.25,-2.5
15,56,0,5,0.0,6.25,6.25
15,57,2,1,2.5,1.25,-1.25
15,58,1,1,1.25,1.25,0.0
15,59,0,0,0.0,0.0,0.0
15,60,4,4,5.0,5.0,0.0
15,61,1,1,1.25,1.25,0.0
15,62,4,4,5.0,5.0,0.0
15,63,3,2,3.75,2.5,-1.25
15,64,1,0,1.25,0.0,-1.25
15,65,5,1,6.25,1.25,-5.0
15,66,2,1,2.5,1.25,-1.25
15,67,1,1,1.25,1.25,0.0
15,68,1,1,1.25,1.25,0.0
15,69,4,1,5.0,1.25,-3.75
15,70,1,2,1.25,2.5,1.25
15,71,4,2,5.0,2.5,-2.5
15,72,4,1,5.0,1.25,-3.75
15,73,1,2,1.25,2.5,1.25
15,74,4,2,5.0,2.5,-2.5
15,75,3,5,3.75,6.25,2.5
15,76,1,3,1.25,3.75,2.5
15,77,2,3,2.5,3.75,1.25
15,78,5,2,6.25,2.5,-3.75
15,79,2,2,2.5,2.5,0.0
15,80,3,2,3.75,2.5,-1.25
15,81,6,0,7.5,0.0,-7.5
15,82,2,3,2.5,3.75,1.25
15,83,1,2,1.25,2.5,1.25
15,84,3,1,3.75,1.25,-2.5
15,85,1,2,1.25,2.5,1.25
15,86,2,3,2.5,3.75,1.25
15,87,2,1,2.5,1.25,-1.25
15,88,0,5,0.0,6.25,6.25
15,89,3,3,3.75,3.75,0.0
15,90,3,3,3.75,3.75,0.0
15,91,0,2,0.0,2.5,2.5
15,92,3,0,3.75,0.0,-3.75
15,93,3,2,3.75,2.5,-1.25
15,94,1,5,1.25,6.25,5.0
15,95,1,5,1.25,6.25,5.0
15,96,1,4,1.25,5.0,3.75
15,97,1,5,1.25,6.25,5.0
15,98,0,3,0.0,3.75,3.75
15,99,3,5,3.75,6.25,2.5
15,100,3,2,3.75,2.5,-1.25
15,101,0,2,0.0,2.5,2.5
15,102,1,1,1.25,1.25,0.0
15,103,0,2,0.0,2.5,2.5
15,104,4,1,5.0,1.25,-3.75
15,105,1,1,1.25,1.25,0.0
15,106,2,2,2.5,2.5,0.0
15,107,4,0,5.0,0.0,-5.0
15,108,1,3,1.25,3.75,2.5
15,109,0,4,0.0,5.0,5.0
15,110,3,1,3.75,1.25,-2.5
15,111,3,4,3.75,5.0,1.25
15,112,1,1,1.25,1.25,0.0
15,113,1,4,1.25,5.0,3.75
15,114,0,2,0.0,2.5,2.5
15,115,3,3,3.75,3.75,0.0
15,116,0,2,0.0,2.5,2.5
15,117,2,3,2.5,3.75,1.25
15,118,1,0,1.25,0.0,-1.25
15,119,2,1,2.5,1.25,-1.25
15,120,0,3,0.0,3.75,3.75
15,121,1,2,1.25,2.5,1.25
15,122,0,5,0.0,6.25,6.25
15,123,1,1,1.25,1.25,0.0
15,124,1,0,1.25,0.0,-1.25
15,125,0,0,0.0,0.0,0.0
15,126,1,1,1.25,1.25,0.0
15,127,5,2,6.25,2.5,-3.75
15,128,1,2,1.25,2.5,1.25
15,129,3,3,3.75,3.75,0.0
15,130,4,2,5.0,2.5,-2.5
15,131,3,2,3.75,2.5,-1.25
15,132,3,3,3.75,3.75,0.0
15,133,3,3,3.75,3.75,0.0
15,134,5,4,6.25,5.0,-1.25
16,0,7,10,8.75,12.5,3.75
16,1,5,7,6.25,8.75,2.5
16,2,3,4,3.75,5.0,1.25
16,3,9,18,11.25,22.5,11.25
16,4,10,12,12.5,15.0,2.5
16,5,10,18,12.5,22.5,10.0
16,6,18,14,22.5,17.5,-5.0
16,7,12,14,15.0,17.5,2.5
16,8,13,10,16.25,12.5,-3.75
16,9,26,21,32.5,26.25,-6.25
16,10,18,16,22.5,20.0,-2.5
16,11,23,18,28.75,22.5,-6.25
16,12,12,5,15.0,6.25,-8.75
16,13,12,10,15.0,12.5,-2.5
16,14,20,21,25.0,26.25,1.25
16,15,19,17,23.75,21.25,-2.5
16,16,14,18,17.5,22.5,5.0
16,17,13,25,16.25,31.25,15.0
16,18,17,10,21.25,12.5,-8.75
16,19,10,20,12.5,25.0,12.5
16,20,16,8,20.0,10.0,-10.0
16,21,11,14,13.75,17.5,3.75
16,22,11,5,13.75,6.25,-7.5
16,23,6,5,7.5,6.25,-1.25
16,24,7,18,8.75,22.5,13.75
16,25,19,17,23.75,21.25,-2.5
16,26,10,13,12.5,16.25,3.75
16,27,14,8,17.5,10.0,-7.5
16,28,16,21,20.0,26.25,6.25
16,29,13,17,16.25,21.25,5.0
16,30,4,4,5.0,5.0,0.0
16,31,3,11,3.75,13.75,10.0
16,32,14,4,17.5,5.0,-12.5
16,33,14,7,17.5,8.75,-8.75
16,34,15,23,18.75,28.75,10.0
16,35,7,21,8.75,26.25,17.5
16,36,15,22,18.75,27.5,8.75
16,37,18,18,22.5,22.5,0.0
16,38,16,26,20.0,32.5,12.5
16,39,8,11,10.0,13.75,3.75
16,40,16,11,20.0,13.75,-6.25
16,41,12,9,15.0,11.25,-3.75
16,42,11,11,13.75,13.75,0.0
16,43,11,13,13.75,16.25,2.5
16,44,15,15,18.75,18.75,0.0
16,45,8,17,10.0,21.25,11.25
16,46,15,12,18.75,15.0,-3.75
16,47,20,16,25.0,20.0,-5.0
16,48,7,19,8.75,23.75,15.0
16,49,17,18,21.25,22.5,1.25
16,50,8,15,10.0,18.75,8.75
16,51,16,15,20.0,18.75,-1.25
16,52,19,14,23.75,17.5,-6.25
16,53,18,19,22.5,23.75,1.25
16,54,20,27,25.0,33.75,8.75
16,55,16,14,20.0,17.5,-2.5
16,56,23,15,28.75,18.75,-10.0
16,57,9,16,11.25,20.0,8.75
16,58,4,1,5.0,1.25,-3.75
16,59,2,0,2.5,0.0,-2.5
16,60,15,15,18.75,18.75,0.0
16,61,8,11,10.0,13.75,3.75
16,62,18,18,22.5,22.5,0.0
16,63,13,14,16.25,17.5,1.25
16,64,6,14,7.5,17.5,10.0
16,65,13,20,16.25,25.0,8.75
16,66,12,16,15.0,20.0,5.0
16,67,7,15,8.75,18.75,10.0
16,68,13,6,16.25,7.5,-8.75
16,69,5,4,6.25,5.0,-1.25
16,70,14,19,17.5,23.75,6.25
16,71,13,11,16.25,13.75,-2.5
16,72,12,13,15.0,16.25,1.25
16,73,19,15,23.75,18.75,-5.0
16,74,17,14,21.25,17.5,-3.75
16,75,11,18,13.75,22.5,8.75
16,76,9,21,11.25,26.25,15.0
16,77,18,13,22.5,16.25,-6.25
16,78,20,22,25.0,27.5,2.5
16,79,16,15,20.0,18.75,-1.25
16,80,13,8,16.25,10.0,-6.25
16,81,14,15,17.5,18.75,1.25
16,82,17,9,21.25,11.25,-10.0
16,83,14,15,17.5,18.75,1.25
16,84,16,13,20.0,16.25,-3.75
16,85,24,21,30.0,26.25,-3.75
16,86,9,13,11.25,16.25,5.0
16,87,23,14,28.75,17.5,-11.25
16,88,21,22,26.25,27.5,1.25
16,89,13,11,16.25,13.75,-2.5
16,90,22,20,27.5,25.0,-2.5
16,91,15,16,18.75,20.0,1.25
16,92,15,16,18.75,20.0,1.25
16,93,20,14,25.0,17.5,-7.5
16,94,21,8,26.25,10.0,-16.25
16,95,14,17,17.5,21.25,3.75
16,96,17,24,21.25,30.0,8.75
16,97,16,14,20.0,17.5,-2.5
16,98,18,14,22.5,17.5,-5.0
16,99,16,17,20.0,21.25,1.25
16,100,21,21,26.25,26.25,0.0
16,101,15,16,18.75,20.0,1.25
16,102,13,13,16.25,16.25,0.0
16,103,10,14,12.5,17.5,5.0
16,104,12,21,15.0,26.25,11.25
16,105,14,13,17.5,16.25,-1.25
16,106,21,8,26.25,10.0,-16.25
16,107,14,11,17.5,13.75,-3.75
16,108,13,14,16.25,17.5,1.25
16,109,17,15,21.25,18.75,-2.5
16,110,14,12,17.5,15.0,-2.5
16,111,22,14,27.5,17.5,-10.0
16,112,17,21,21.25,26.25,5.0
16,113,16,15,20.0,18.75,-1.25
16,114,14,14,17.5,17.5,0.0
16,115,22,18,27.5,22.5,-5.0
16,116,17,9,21.25,11.25,-10.0
16,117,0,0,0.0,0.0,0.0
16,118,0,1,0.0,1.25,1.25
16,119,15,12,18.75,15.0,-3.75
16,120,11,6,13.75,7.5,-6.25
16,121,11,15,13.75,18.75,5.0
16,122,15,11,18.75,13.75,-5.0
16,123,15,21,18.75,26.25,7.5
16,124,18,17,22.5,21.25,-1.25
16,125,4,6,5.0,7.5,2.5
16,126,7,3,8.75,3.75,-5.0
16,127,14,10,17.5,12.5,-5.0
16,128,16,13,20.0,16.25,-3.75
16,129,13,20,16.25,25.0,8.75
16,130,18,17,22.5,21.25,-1.25
16,131,11,13,13.75,16.25,2.5
16,132,16,16,20.0,20.0,0.0
16,133,6,12,7.5,15.0,7.5
16,134,20,15,25.0,18.75,-6.25
17,0,4,4,5.0,5.0,0.0
17,1,3,1,3.75,1.25,-2.5
17,2,0,0,0.0,0.0,0.0
17,3,1,2,1.25,2.5,1.25
17,4,2,0,2.5,0.0,-2.5
17,5,1,0,1.25,0.0,-1.25
17,6,2,2,2.5,2.5,0.0
17,7,0,2,0.0,2.5,2.5
17,8,2,2,2.5,2.5,0.0
17,9,2,3,2.5,3.75,1.25
17,10,3,0,3.75,0.0,-3.75
17,11,0,0,0.0,0.0,0.0
17,12,2,0,2.5,0.0,-2.5
17,13,0,0,0.0,0.0,0.0
17,14,3,1,3.75,1.25,-2.5
17,15,1,3,1.25,3.75,2.5
17,16,1,1,1.25,1.25,0.0
17,17,1,4,1.25,5.0,3.75
17,18,3,2,3.75,2.5,-1.25
17,19,1,1,1.25,1.25,0.0
17,20,3,1,3.75,1.25,-2.5
17,21,2,3,2.5,3.75,1.25
17,22,1,2,1.25,2.5,1.25
17,23,3,0,3.75,0.0,-3.75
17,24,1,1,1.25,1.25,0.0
17,25,2,2,2.5,2.5,0.0
17,26,3,0,3.75,0.0,-3.75
17,27,4,0,5.0,0.0,-5.0
17,28,0,4,0.0,5.0,5.0
17,29,2,1,2.5,1.25,-1.25
17,30,4,1,5.0,1.25,-3.75
17,31,2,2,2.5,2.5,0.0
17,32,4,2,5.0,2.5,-2.5
17,33,0,2,0.0,2.5,2.5
17,34,2,2,2.5,2.5,0.0
17,35,0,3,0.0,3.75,3.75
17,36,3,1,3.75,1.25,-2.5
17,37,0,2,0.0,2.5,2.5
17,38,2,1,2.5,1.25,-1.25
17,39,1,4,1.25,5.0,3.75
17,40,3,1,3.75,1.25,-2.5
17,41,0,0,0.0,0.0,0.0
17,42,1,1,1.25,1.25,0.0
17,43,3,2,3.75,2.5,-1.25
17,44,0,3,0.0,3.75,3.75
17,45,1,2,1.25,2.5,1.25
17,46,3,1,3.75,1.25,-2.5
17,47,0,1,0.0,1.25,1.25
17,48,2,1,2.5,1.25,-1.25
17,49,0,1,0.0,1.25,1.25
17,50,0,2,0.0,2.5,2.5
17,51,1,1,1.25,1.25,0.0
17,52,1,0,1.25,0.0,-1.25
17,53,2,3,2.5,3.75,1.25
17,54,1,1,1.25,1.25,0.0
17,55,2,0,2.5,0.0,-2.5
17,56,3,0,3.75,0.0,-3.75
17,57,0,2,0.0,2.5,2.5
17,58,0,1,0.0,1.25,1.25
17,59,0,0,0.0,0.0,0.0
17,60,2,0,2.5,0.0,-2.5
17,61,0,0,0.0,0.0,0.0
17,62,2,2,2.5,2.5,0.0
17,63,0,3,0.0,3.75,3.75
17,64,1,4,1.25,5.0,3.75
17,65,3,1,3.75,1.25,-2.5
17,66,0,2,0.0,2.5,2.5
17,67,0,1,0.0,1.25,1.25
17,68,1,2,1.25,2.5,1.25
17,69,5,0,6.25,0.0,-6.25
17,70,0,2,0.0,2.5,2.5
17,71,2,4,2.5,5.0,2.5
17,72,2,1,2.5,1.25,-1.25
17,73,2,1,2.5,1.25,-1.25
17,74,1,0,1.25,0.0,-1.25
17,75,0,2,0.0,2.5,2.5
17,76,0,1,0.0,1.25,1.25
17,77,2,1,2.5,1.25,-1.25
17,78,2,0,2.5,0.0,-2.5
17,79,0,1,0.0,1.25,1.25
17,80,0,0,0.0,0.0,0.0
17,81,2,0,2.5,0.0,-2.5
17,82,2,0,2.5,0.0,-2.5
17,83,2,1,2.5,1.25,-1.25
17,84,1,1,1.25,1.25,0.0
17,85,1,0,1.25,0.0,-1.25
17,86,0,3,0.0,3.75,3.75
17,87,3,0,3.75,0.0,-3.75
17,88,0,2,0.0,2.5,2.5
17,89,2,0,2.5,0.0,-2.5
17,90,2,3,2.5,3.75,1.25
17,91,0,2,0.0,2.5,2.5
17,92,3,2,3.75,2.5,-1.25
17,93,3,1,3.75,1.25,-2.5
17,94,0,0,0.0,0.0,0.0
17,95,2,0,2.5,0.0,-2.5
17,96,1,2,1.25,2.5,1.25
17,97,1,0,1.25,0.0,-1.25
17,98,0,2,0.0,2.5,2.5
17,99,1,0,1.25,0.0,-1.25
17,100,0,2,0.0,2.5,2.5
17,101,1,2,1.25,2.5,1.25
17,102,0,1,0.0,1.25,1.25
17,103,2,1,2.5,1.25,-1.25
17,104,0,3,0.0,3.75,3.75
17,105,1,1,1.25,1.25,0.0
17,106,0,0,0.0,0.0,0.0
17,107,4,3,5.0,3.75,-1.25
17,108,1,2,1.25,2.5,1.25
17,109,1,1,1.25,1.25,0.0
17,110,0,2,0.0,2.5,2.5
17,111,1,2,1.25,2.5,1.25
17,112,2,2,2.5,2.5,0.0
17,113,1,2,1.25,2.5,1.25
17,114,4,0,5.0,0.0,-5.0
17,115,0,2,0.0,2.5,2.5
17,116,0,2,0.0,2.5,2.5
17,117,0,0,0.0,0.0,0.0
17,118,0,1,0.0,1.25,1.25
17,119,1,0,1.25,0.0,-1.25
17,120,0,0,0.0,0.0,0.0
17,121,2,1,2.5,1.25,-1.25
17,122,1,0,1.25,0.0,-1.25
17,123,0,1,0.0,1.25,1.25
17,124,2,1,2.5,1.25,-1.25
17,125,0,1,0.0,1.25,1.25
17,126,2,0,2.5,0.0,-2.5
17,127,1,0,1.25,0.0,-1.25
17,128,3,1,3.75,1.25,-2.5
17,129,2,0,2.5,0.0,-2.5
17,130,3,1,3.75,1.25,-2.5
17,131,1,1,1.25,1.25,0.0
17,132,1,1,1.25,1.25,0.0
17,133,0,0,0.0,0.0,0.0
17,134,3,0,3.75,0.0,-3.75
18,0,2,1,2.5,1.25,-1.25
18,1,1,6,1.25,7.5,6.25
18,2,2,3,2.5,3.75,1.25
18,3,1,3,1.25,3.75,2.5
18,4,2,5,2.5,6.25,3.75
18,5,3,0,3.75,0.0,-3.75
18,6,1,1,1.25,1.25,0.0
18,7,1,3,1.25,3.75,2.5
18,8,3,4,3.75,5.0,1.25
18,9,2,3,2.5,3.75,1.25
18,10,6,2,7.5,2.5,-5.0
18,11,9,4,11.25,5.0,-6.25
18,12,0,4,0.0,5.0,5.0
18,13,1,2,1.25,2.5,1.25
18,14,7,5,8.75,6.25,-2.5
18,15,6,0,7.5,0.0,-7.5
18,16,1,6,1.25,7.5,6.25
18,17,1,8,1.25,10.0,8.75
18,18,5,1,6.25,1.25,-5.0
18,19,0,3,0.0,3.75,3.75
18,20,2,2,2.5,2.5,0.0
18,21,6,1,7.5,1.25,-6.25
18,22,2,4,2.5,5.0,2.5
18,23,4,2,5.0,2.5,-2.5
18,24,3,3,3.75,3.75,0.0
18,25,0,3,0.0,3.75,3.75
18,26,0,2,0.0,2.5,2.5
18,27,0,1,0.0,1.25,1.25
18,28,5,2,6.25,2.5,-3.75
18,29,5,4,6.25,5.0,-1.25
18,30,1,4,1.25,5.0,3.75
18,31,1,3,1.25,3.75,2.5
18,32,6,4,7.5,5.0,-2.5
18,33,3,3,3.75,3.75,0.0
18,34,1,1,1.25,1.25,0.0
18,35,1,0,1.25,0.0,-1.25
18,36,2,3,2.5,3.75,1.25
18,37,2,4,2.5,5.0,2.5
18,38,2,5,2.5,6.25,3.75
18,39,2,2,2.5,2.5,0.0
18,40,3,3,3.75,3.75,0.0
18,41,3,4,3.75,5.0,1.25
18,42,3,5,3.75,6.25,2.5
18,43,3,2,3.75,2.5,-1.25
18,44,1,3,1.25,3.75,2.5
18,45,0,3,0.0,3.75,3.75
18,46,4,3,5.0,3.75,-1.25
18,47,2,7,2.5,8.75,6.25
18,48,0,5,0.0,6.25,6.25
18,49,2,1,2.5,1.25,-1.25
18,50,4,3,5.0,3.75,-1.25
18,51,2,3,2.5,3.75,1.25
18,52,2,2,2.5,2.5,0.0
18,53,0,3,0.0,3.75,3.75
18,54,7,5,8.75,6.25,-2.5
18,55,5,1,6.25,1.25,-5.0
18,56,4,2,5.0,2.5,-2.5
18,57,1,4,1.25,5.0,3.75
18,58,1,1,1.25,1.25,0.0
18,59,0,1,0.0,1.25,1.25
18,60,2,7,2.5,8.75,6.25
18,61,6,1,7.5,1.25,-6.25
18,62,3,4,3.75,5.0,1.25
18,63,3,8,3.75,10.0,6.25
18,64,2,3,2.5,3.75,1.25
18,65,7,1,8.75,1.25,-7.5
18,66,5,2,6.25,2.5,-3.75
18,67,4,3,5.0,3.75,-1.25
18,68,2,6,2.5,7.5,5.0
18,69,5,2,6.25,2.5,-3.75
18,70,3,6,3.75,7.5,3.75
18,71,7,2,8.75,2.5,-6.25
18,72,2,3,2.5,3.75,1.25
18,73,7,4,8.75,5.0,-3.75
18,74,5,6,6.25,7.5,1.25
18,75,3,4,3.75,5.0,1.25
18,76,6,2,7.5,2.5,-5.0
18,77,6,1,7.5,1.25,-6.25
18,78,1,2,1.25,2.5,1.25
18,79,2,4,2.5,5.0,2.5
18,80,2,2,2.5,2.5,0.0
18,81,2,5,2.5,6.25,3.75
18,82,2,2,2.5,2.5,0.0
18,83,2,5,2.5,6.25,3.75
18,84,1,2,1.25,2.5,1.25
18,85,4,1,5.0,1.25,-3.75
18,86,3,6,3.75,7.5,3.75
18,87,3,1,3.75,1.25,-2.5
18,88,4,3,5.0,3.75,-1.25
18,89,6,4,7.5,5.0,-2.5
18,90,1,5,1.25,6.25,5.0
18,91,1,6,1.25,7.5,6.25
18,92,0,4,0.0,5.0,5.0
18,93,1,5,1.25,6.25,5.0
18,94,4,1,5.0,1.25,-3.75
18,95,5,4,6.25,5.0,-1.25
18,96,4,6,5.0,7.5,2.5
18,97,0,5,0.0,6.25,6.25
18,98,4,2,5.0,2.5,-2.5
18,99,2,3,2.5,3.75,1.25
18,100,0,8,0.0,10.0,10.0
18,101,2,3,2.5,3.75,1.25
18,102,4,2,5.0,2.5,-2.5
18,103,2,4,2.5,5.0,2.5
18,104,2,7,2.5,8.75,6.25
18,105,2,4,2.5,5.0,2.5
18,106,1,3,1.25,3.75,2.5
18,107,8,1,10.0,1.25,-8.75
18,108,1,6,1.25,7.5,6.25
18,109,4,4,5.0,5.0,0.0
18,110,1,3,1.25,3.75,2.5
18,111,3,7,3.75,8.75,5.0
18,112,3,3,3.75,3.75,0.0
18,113,0,1,0.0,1.25,1.25
18,114,4,5,5.0,6.25,1.25
18,115,4,4,5.0,5.0,0.0
18,116,1,1,1.25,1.25,0.0
18,117,5,3,6.25,3.75,-2.5
18,118,1,1,1.25,1.25,0.0
18,119,5,5,6.25,6.25,0.0
18,120,1,4,1.25,5.0,3.75
18,121,5,2,6.25,2.5,-3.75
18,122,2,4,2.5,5.0,2.5
18,123,3,1,3.75,1.25,-2.5
18,124,6,1,7.5,1.25,-6.25
18,125,1,3,1.25,3.75,2.5
18,126,4,4,5.0,5.0,0.0
18,127,2,1,2.5,1.25,-1.25
18,128,3,3,3.75,3.75,0.0
18,129,1,6,1.25,7.5,6.25
18,130,3,4,3.75,5.0,1.25
18,131,2,1,2.5,1.25,-1.25
18,132,3,2,3.75,2.5,-1.25
18,133,1,1,1.25,1.25,0.0
18,134,6,2,7.5,2.5,-5.0
19,0,2,2,2.5,2.5,0.0
19,1,2,2,2.5,2.5,0.0
19,2,0,2,0.0,2.5,2.5
19,3,4,1,5.0,1.25,-3.75
19,4,4,5,5.0,6.25,1.25
19,5,4,0,5.0,0.0,-5.0
19,6,3,5,3.75,6.25,2.5
19,7,1,3,1.25,3.75,2.5
19,8,3,3,3.75,3.75,0.0
19,9,6,4,7.5,5.0,-2.5
19,10,2,3,2.5,3.75,1.25
19,11,3,0,3.75,0.0,-3.75
19,12,6,4,7.5,5.0,-2.5
19,13,3,5,3.75,6.25,2.5
19,14,5,4,6.25,5.0,-1.25
19,15,4,4,5.0,5.0,0.0
19,16,2,4,2.5,5.0,2.5
19,17,2,7,2.5,8.75,6.25
19,18,1,2,1.25,2.5,1.25
19,19,3,7,3.75,8.75,5.0
19,20,5,2,6.25,2.5,-3.75
19,21,4,1,5.0,1.25,-3.75
19,22,5,2,6.25,2.5,-3.75
19,23,2,2,2.5,2.5,0.0
19,24,3,1,3.75,1.25,-2.5
19,25,5,3,6.25,3.75,-2.5
19,26,5,4,6.25,5.0,-1.25
19,27,2,1,2.5,1.25,-1.25
19,28,3,4,3.75,5.0,1.25
19,29,3,4,3.75,5.0,1.25
19,30,6,4,7.5,5.0,-2.5
19,31,3,4,3.75,5.0,1.25
19,32,3,3,3.75,3.75,0.0
19,33,3,1,3.75,1.25,-2.5
19,34,2,6,2.5,7.5,5.0
19,35,3,1,3.75,1.25,-2.5
19,36,0,5,0.0,6.25,6.25
19,37,3,5,3.75,6.25,2.5
19,38,0,3,0.0,3.75,3.75
19,39,1,2,1.25,2.5,1.25
19,40,4,5,5.0,6.25,1.25
19,41,4,5,5.0,6.25,1.25
19,42,5,4,6.25,5.0,-1.25
19,43,2,3,2.5,3.75,1.25
19,44,3,3,3.75,3.75,0.0
19,45,4,4,5.0,5.0,0.0
19,46,4,1,5.0,1.25,-3.75
19,47,4,4,5.0,5.0,0.0
19,48,6,3,7.5,3.75,-3.75
19,49,0,5,0.0,6.25,6.25
19,50,2,2,2.5,2.5,0.0
19,51,4,3,5.0,3.75,-1.25
19,52,5,2,6.25,2.5,-3.75
19,53,2,6,2.5,7.5,5.0
19,54,6,5,7.5,6.25,-1.25
19,55,2,3,2.5,3.75,1.25
19,56,4,3,5.0,3.75,-1.25
19,57,2,4,2.5,5.0,2.5
19,58,2,2,2.5,2.5,0.0
19,59,0,0,0.0,0.0,0.0
19,60,6,2,7.5,2.5,-5.0
19,61,6,6,7.5,7.5,0.0
19,62,3,1,3.75,1.25,-2.5
19,63,0,4,0.0,5.0,5.0
19,64,4,4,5.0,5.0,0.0
19,65,4,5,5.0,6.25,1.25
19,66,4,4,5.0,5.0,0.0
19,67,1,2,1.25,2.5,1.25
19,68,4,2,5.0,2.5,-2.5
19,69,3,4,3.75,5.0,1.25
19,70,4,4,5.0,5.0,0.0
19,71,5,5,6.25,6.25,0.0
19,72,4,4,5.0,5.0,0.0
19,73,2,4,2.5,5.0,2.5
19,74,6,0,7.5,0.0,-7.5
19,75,1,7,1.25,8.75,7.5
19,76,4,3,5.0,3.75,-1.25
19,77,3,5,3.75,6.25,2.5
19,78,3,2,3.75,2.5,-1.25
19,79,4,5,5.0,6.25,1.25
19,80,5,2,6.25,2.5,-3.75
19,81,3,2,3.75,2.5,-1.25
19,82,3,5,3.75,6.25,2.5
19,83,2,3,2.5,3.75,1.25
19,84,4,5,5.0,6.25,1.25
19,85,2,4,2.5,5.0,2.5
19,86,7,3,8.75,3.75,-5.0
19,87,6,1,7.5,1.25,-6.25
19,88,3,5,3.75,6.25,2.5
19,89,4,4,5.0,5.0,0.0
19,90,7,6,8.75,7.5,-1.25
19,91,2,5,2.5,6.25,3.75
19,92,2,2,2.5,2.5,0.0
19,93,2,6,2.5,7.5,5.0
19,94,3,4,3.75,5.0,1.25
19,95,2,3,2.5,3.75,1.25
19,96,3,6,3.75,7.5,3.75
19,97,1,7,1.25,8.75,7.5
19,98,6,4,7.5,5.0,-2.5
19,99,4,8,5.0,10.0,5.0
19,100,6,10,7.5,12.5,5.0
19,101,4,9,5.0,11.25,6.25
19,102,7,3,8.75,3.75,-5.0
19,103,4,3,5.0,3.75,-1.25
19,104,3,2,3.75,2.5,-1.25
19,105,1,3,1.25,3.75,2.5
19,106,3,3,3.75,3.75,0.0
19,107,5,5,6.25,6.25,0.0
19,108,3,3,3.75,3.75,0.0
19,109,6,4,7.5,5.0,-2.5
19,110,3,5,3.75,6.25,2.5
19,111,5,7,6.25,8.75,2.5
19,112,1,4,1.25,5.0,3.75
19,113,2,3,2.5,3.75,1.25
19,114,4,6,5.0,7.5,2.5
19,115,5,5,6.25,6.25,0.0
19,116,3,7,3.75,8.75,5.0
19,117,2,0,2.5,0.0,-2.5
19,118,4,0,5.0,0.0,-5.0
19,119,3,2,3.75,2.5,-1.25
19,120,5,5,6.25,6.25,0.0
19,121,1,3,1.25,3.75,2.5
19,122,4,8,5.0,10.0,5.0
19,123,4,3,5.0,3.75,-1.25
19,124,5,1,6.25,1.25,-5.0
19,125,4,7,5.0,8.75,3.75
19,126,2,5,2.5,6.25,3.75
19,127,4,4,5.0,5.0,0.0
19,128,3,5,3.75,6.25,2.5
19,129,1,4,1.25,5.0,3.75
19,130,5,3,6.25,3.75,-2.5
19,131,2,0,2.5,0.0,-2.5
19,132,3,5,3.75,6.25,2.5
19,133,7,3,8.75,3.75,-5.0
19,134,9,5,11.25,6.25,-5.0
20,0,5,5,6.25,6.25,0.0
20,1,3,2,3.75,2.5,-1.25
20,2,2,1,2.5,1.25,-1.25
20,3,2,4,2.5,5.0,2.5
20,4,3,3,3.75,3.75,0.0
20,5,3,0,3.75,0.0,-3.75
20,6,2,1,2.5,1.25,-1.25
20,7,2,4,2.5,5.0,2.5
20,8,2,1,2.5,1.25,-1.25
20,9,3,1,3.75,1.25,-2.5
20,10,5,0,6.25,0.0,-6.25
20,11,3,2,3.75,2.5,-1.25
20,12,1,3,1.25,3.75,2.5
20,13,2,0,2.5,0.0,-2.5
20,14,4,5,5.0,6.25,1.25
20,15,5,3,6.25,3.75,-2.5
20,16,2,2,2.5,2.5,0.0
20,17,1,7,1.25,8.75,7.5
20,18,3,2,3.75,2.5,-1.25
20,19,3,1,3.75,1.25,-2.5
20,20,2,3,2.5,3.75,1.25
20,21,2,0,2.5,0.0,-2.5
20,22,4,1,5.0,1.25,-3.75
20,23,2,2,2.5,2.5,0.0
20,24,3,0,3.75,0.0,-3.75
20,25,1,1,1.25,1.25,0.0
20,26,2,2,2.5,2.5,0.0
20,27,1,1,1.25,1.25,0.0
20,28,3,5,3.75,6.25,2.5
20,29,1,0,1.25,0.0,-1.25
20,30,0,1,0.0,1.25,1.25
20,31,3,6,3.75,7.5,3.75
20,32,8,1,10.0,1.25,-8.75
20,33,3,2,3.75,2.5,-1.25
20,34,4,2,5.0,2.5,-2.5
20,35,4,2,5.0,2.5,-2.5
20,36,2,1,2.5,1.25,-1.25
20,37,1,3,1.25,3.75,2.5
20,38,3,2,3.75,2.5,-1.25
20,39,1,1,1.25,1.25,0.0
20,40,5,4,6.25,5.0,-1.25
20,41,2,3,2.5,3.75,1.25
20,42,4,2,5.0,2.5,-2.5
20,43,3,2,3.75,2.5,-1.25
20,44,3,3,3.75,3.75,0.0
20,45,3,1,3.75,1.25,-2.5
20,46,0,1,0.0,1.25,1.25
20,47,3,1,3.75,1.25,-2.5
20,48,2,0,2.5,0.0,-2.5
20,49,2,2,2.5,2.5,0.0
20,50,2,1,2.5,1.25,-1.25
20,51,3,2,3.75,2.5,-1.25
20,52,1,0,1.25,0.0,-1.25
20,53,1,2,1.25,2.5,1.25
20,54,3,3,3.75,3.75,0.0
20,55,3,1,3.75,1.25,-2.5
20,56,4,2,5.0,2.5,-2.5
20,57,2,1,2.5,1.25,-1.25
20,58,0,0,0.0,0.0,0.0
20,59,0,0,0.0,0.0,0.0
20,60,6,3,7.5,3.75,-3.75
20,61,5,1,6.25,1.25,-5.0
20,62,4,3,5.0,3.75,-1.25
20,63,4,5,5.0,6.25,1.25
20,64,3,2,3.75,2.5,-1.25
20,65,5,1,6.25,1.25,-5.0
20,66,2,2,2.5,2.5,0.0
20,67,2,1,2.5,1.25,-1.25
20,68,3,2,3.75,2.5,-1.25
20,69,6,2,7.5,2.5,-5.0
20,70,3,2,3.75,2.5,-1.25
20,71,3,1,3.75,1.25,-2.5
20,72,2,2,2.5,2.5,0.0
20,73,5,1,6.25,1.25,-5.0
20,74,5,2,6.25,2.5,-3.75
20,75,2,3,2.5,3.75,1.25
20,76,3,2,3.75,2.5,-1.25
20,77,5,4,6.25,5.0,-1.25
20,78,4,2,5.0,2.5,-2.5
20,79,5,2,6.25,2.5,-3.75
20,80,2,3,2.5,3.75,1.25
20,81,2,1,2.5,1.25,-1.25
20,82,5,2,6.25,2.5,-3.75
20,83,2,2,2.5,2.5,0.0
20,84,3,2,3.75,2.5,-1.25
20,85,4,3,5.0,3.75,-1.25
20,86,2,3,2.5,3.75,1.25
20,87,3,1,3.75,1.25,-2.5
20,88,7,3,8.75,3.75,-5.0
20,89,3,2,3.75,2.5,-1.25
20,90,3,6,3.75,7.5,3.75
20,91,1,2,1.25,2.5,1.25
20,92,3,3,3.75,3.75,0.0
20,93,3,3,3.75,3.75,0.0
20,94,3,2,3.75,2.5,-1.25
20,95,3,3,3.75,3.75,0.0
20,96,0,2,0.0,2.5,2.5
20,97,3,1,3.75,1.25,-2.5
20,98,3,1,3.75,1.25,-2.5
20,99,3,2,3.75,2.5,-1.25
20,100,2,9,2.5,11.25,8.75
20,101,1,4,1.25,5.0,3.75
20,102,1,2,1.25,2.5,1.25
20,103,2,4,2.5,5.0,2.5
20,104,2,1,2.5,1.25,-1.25
20,105,2,2,2.5,2.5,0.0
20,106,3,0,3.75,0.0,-3.75
20,107,4,2,5.0,2.5,-2.5
20,108,1,4,1.25,5.0,3.75
20,109,2,2,2.5,2.5,0.0
20,110,4,2,5.0,2.5,-2.5
20,111,2,3,2.5,3.75,1.25
20,112,2,2,2.5,2.5,0.0
20,113,2,4,2.5,5.0,2.5
20,114,2,1,2.5,1.25,-1.25
20,115,4,1,5.0,1.25,-3.75
20,116,4,2,5.0,2.5,-2.5
20,117,5,1,6.25,1.25,-5.0
20,118,1,3,1.25,3.75,2.5
20,119,3,2,3.75,2.5,-1.25
20,120,3,2,3.75,2.5,-1.25
20,121,4,3,5.0,3.75,-1.25
20,122,2,3,2.5,3.75,1.25
20,123,2,0,2.5,0.0,-2.5
20,124,3,0,3.75,0.0,-3.75
20,125,2,3,2.5,3.75,1.25
20,126,2,4,2.5,5.0,2.5
20,127,6,0,7.5,0.0,-7.5
20,128,3,4,3.75,5.0,1.25
20,129,1,3,1.25,3.75,2.5
20,130,5,3,6.25,3.75,-2.5
20,131,1,2,1.25,2.5,1.25
20,132,3,3,3.75,3.75,0.0
20,133,1,1,1.25,1.25,0.0
20,134,4,1,5.0,1.25,-3.75
21,0,0,1,0.0,1.25,1.25
21,1,0,0,0.0,0.0,0.0
21,2,0,1,0.0,1.25,1.25
21,3,1,0,1.25,0.0,-1.25
21,4,2,0,2.5,0.0,-2.5
21,5,1,0,1.25,0.0,-1.25
21,6,0,0,0.0,0.0,0.0
21,7,0,0,0.0,0.0,0.0
21,8,1,1,1.25,1.25,0.0
21,9,0,3,0.0,3.75,3.75
21,10,0,0,0.0,0.0,0.0
21,11,2,0,2.5,0.0,-2.5
21,12,0,1,0.0,1.25,1.25
21,13,0,1,0.0,1.25,1.25
21,14,0,3,0.0,3.75,3.75
21,15,0,1,0.0,1.25,1.25
21,16,0,1,0.0,1.25,1.25
21,17,1,2,1.25,2.5,1.25
21,18,0,1,0.0,1.25,1.25
21,19,0,2,0.0,2.5,2.5
21,20,0,0,0.0,0.0,0.0
21,21,0,0,0.0,0.0,0.0
21,22,1,0,1.25,0.0,-1.25
21,23,0,0,0.0,0.0,0.0
21,24,1,0,1.25,0.0,-1.25
21,25,2,1,2.5,1.25,-1.25
21,26,1,1,1.25,1.25,0.0
21,27,0,1,0.0,1.25,1.25
21,28,0,1,0.0,1.25,1.25
21,29,1,1,1.25,1.25,0.0
21,30,1,1,1.25,1.25,0.0
21,31,1,3,1.25,3.75,2.5
21,32,2,0,2.5,0.0,-2.5
21,33,0,0,0.0,0.0,0.0
21,34,0,1,0.0,1.25,1.25
21,35,0,2,0.0,2.5,2.5
21,36,0,1,0.0,1.25,1.25
21,37,0,1,0.0,1.25,1.25
21,38,0,2,0.0,2.5,2.5
21,39,0,0,0.0,0.0,0.0
21,40,2,0,2.5,0.0,-2.5
21,41,2,2,2.5,2.5,0.0
21,42,3,2,3.75,2.5,-1.25
21,43,0,2,0.0,2.5,2.5
21,44,0,2,0.0,2.5,2.5
21,45,0,1,0.0,1.25,1.25
21,46,0,0,0.0,0.0,0.0
21,47,3,3,3.75,3.75,0.0
21,48,0,0,0.0,0.0,0.0
21,49,0,2,0.0,2.5,2.5
21,50,0,0,0.0,0.0,0.0
21,51,0,0,0.0,0.0,0.0
21,52,2,0,2.5,0.0,-2.5
21,53,1,0,1.25,0.0,-1.25
21,54,7,0,8.75,0.0,-8.75
21,55,0,0,0.0,0.0,0.0
21,56,1,0,1.25,0.0,-1.25
21,57,1,1,1.25,1.25,0.0
21,58,0,0,0.0,0.0,0.0
21,59,0,0,0.0,0.0,0.0
21,60,3,1,3.75,1.25,-2.5
21,61,2,2,2.5,2.5,0.0
21,62,0,0,0.0,0.0,0.0
21,63,0,2,0.0,2.5,2.5
21,64,0,0,0.0,0.0,0.0
21,65,2,1,2.5,1.25,-1.25
21,66,0,0,0.0,0.0,0.0
21,67,0,1,0.0,1.25,1.25
21,68,1,1,1.25,1.25,0.0
21,69,1,0,1.25,0.0,-1.25
21,70,1,0,1.25,0.0,-1.25
21,71,1,0,1.25,0.0,-1.25
21,72,0,1,0.0,1.25,1.25
21,73,0,0,0.0,0.0,0.0
21,74,1,0,1.25,0.0,-1.25
21,75,1,3,1.25,3.75,2.5
21,76,2,0,2.5,0.0,-2.5
21,77,2,1,2.5,1.25,-1.25
21,78,1,2,1.25,2.5,1.25
21,79,0,0,0.0,0.0,0.0
21,80,2,0,2.5,0.0,-2.5
21,81,1,0,1.25,0.0,-1.25
21,82,0,1,0.0,1.25,1.25
21,83,1,1,1.25,1.25,0.0
21,84,1,1,1.25,1.25,0.0
21,85,0,2,0.0,2.5,2.5
21,86,0,0,0.0,0.0,0.0
21,87,2,1,2.5,1.25,-1.25
21,88,0,2,0.0,2.5,2.5
21,89,0,2,0.0,2.5,2.5
21,90,1,1,1.25,1.25,0.0
21,91,0,1,0.0,1.25,1.25
21,92,1,0,1.25,0.0,-1.25
21,93,2,0,2.5,0.0,-2.5
21,94,3,0,3.75,0.0,-3.75
21,95,0,1,0.0,1.25,1.25
21,96,0,2,0.0,2.5,2.5
21,97,0,1,0.0,1.25,1.25
21,98,2,0,2.5,0.0,-2.5
21,99,1,0,1.25,0.0,-1.25
21,100,0,0,0.0,0.0,0.0
21,101,1,2,1.25,2.5,1.25
21,102,1,0,1.25,0.0,-1.25
21,103,0,0,0.0,0.0,0.0
21,104,2,0,2.5,0.0,-2.5
21,105,1,2,1.25,2.5,1.25
21,106,0,1,0.0,1.25,1.25
21,107,6,0,7.5,0.0,-7.5
21,108,0,0,0.0,0.0,0.0
21,109,2,1,2.5,1.25,-1.25
21,110,0,0,0.0,0.0,0.0
21,111,2,1,2.5,1.25,-1.25
21,112,1,1,1.25,1.25,0.0
21,113,2,1,2.5,1.25,-1.25
21,114,1,1,1.25,1.25,0.0
21,115,1,1,1.25,1.25,0.0
21,116,2,0,2.5,0.0,-2.5
21,117,1,0,1.25,0.0,-1.25
21,118,0,0,0.0,0.0,0.0
21,119,0,0,0.0,0.0,0.0
21,120,1,0,1.25,0.0,-1.25
21,121,2,1,2.5,1.25,-1.25
21,122,0,0,0.0,0.0,0.0
21,123,1,1,1.25,1.25,0.0
21,124,0,0,0.0,0.0,0.0
21,125,1,1,1.25,1.25,0.0
21,126,0,1,0.0,1.25,1.25
21,127,0,1,0.0,1.25,1.25
21,128,0,0,0.0,0.0,0.0
21,129,0,0,0.0,0.0,0.0
21,130,1,0,1.25,0.0,-1.25
21,131,1,1,1.25,1.25,0.0
21,132,0,0,0.0,0.0,0.0
21,133,0,2,0.0,2.5,2.5
21,134,2,1,2.5,1.25,-1.25
22,0,0,2,0.0,2.5,2.5
22,1,1,2,1.25,2.5,1.25
22,2,0,1,0.0,1.25,1.25
22,3,0,0,0.0,0.0,0.0
22,4,1,2,1.25,2.5,1.25
22,5,3,0,3.75,0.0,-3.75
22,6,1,1,1.25,1.25,0.0
22,7,0,4,0.0,5.0,5.0
22,8,0,1,0.0,1.25,1.25
22,9,1,1,1.25,1.25,0.0
22,10,2,0,2.5,0.0,-2.5
22,11,1,1,1.25,1.25,0.0
22,12,2,1,2.5,1.25,-1.25
22,13,2,1,2.5,1.25,-1.25
22,14,1,0,1.25,0.0,-1.25
22,15,2,2,2.5,2.5,0.0
22,16,0,0,0.0,0.0,0.0
22,17,1,2,1.25,2.5,1.25
22,18,4,2,5.0,2.5,-2.5
22,19,1,3,1.25,3.75,2.5
22,20,0,0,0.0,0.0,0.0
22,21,1,0,1.25,0.0,-1.25
22,22,2,2,2.5,2.5,0.0
22,23,1,3,1.25,3.75,2.5
22,24,2,1,2.5,1.25,-1.25
22,25,3,2,3.75,2.5,-1.25
22,26,0,0,0.0,0.0,0.0
22,27,3,2,3.75,2.5,-1.25
22,28,1,0,1.25,0.0,-1.25
22,29,0,1,0.0,1.25,1.25
22,30,2,2,2.5,2.5,0.0
22,31,4,4,5.0,5.0,0.0
22,32,1,1,1.25,1.25,0.0
22,33,3,1,3.75,1.25,-2.5
22,34,1,0,1.25,0.0,-1.25
22,35,2,1,2.5,1.25,-1.25
22,36,0,1,0.0,1.25,1.25
22,37,1,1,1.25,1.25,0.0
22,38,1,1,1.25,1.25,0.0
22,39,1,1,1.25,1.25,0.0
22,40,2,0,2.5,0.0,-2.5
22,41,4,1,5.0,1.25,-3.75
22,42,0,1,0.0,1.25,1.25
22,43,0,1,0.0,1.25,1.25
22,44,1,2,1.25,2.5,1.25
22,45,1,0,1.25,0.0,-1.25
22,46,1,2,1.25,2.5,1.25
22,47,2,1,2.5,1.25,-1.25
22,48,0,2,0.0,2.5,2.5
22,49,3,1,3.75,1.25,-2.5
22,50,2,2,2.5,2.5,0.0
22,51,3,4,3.75,5.0,1.25
22,52,2,2,2.5,2.5,0.0
22,53,2,2,2.5,2.5,0.0
22,54,0,1,0.0,1.25,1.25
22,55,1,1,1.25,1.25,0.0
22,56,0,2,0.0,2.5,2.5
22,57,1,3,1.25,3.75,2.5
22,58,0,0,0.0,0.0,0.0
22,59,0,0,0.0,0.0,0.0
22,60,1,0,1.25,0.0,-1.25
22,61,5,0,6.25,0.0,-6.25
22,62,1,3,1.25,3.75,2.5
22,63,2,2,2.5,2.5,0.0
22,64,0,1,0.0,1.25,1.25
22,65,0,2,0.0,2.5,2.5
22,66,3,0,3.75,0.0,-3.75
22,67,1,0,1.25,0.0,-1.25
22,68,0,2,0.0,2.5,2.5
22,69,1,2,1.25,2.5,1.25
22,70,1,0,1.25,0.0,-1.25
22,71,0,0,0.0,0.0,0.0
22,72,1,4,1.25,5.0,3.75
22,73,4,3,5.0,3.75,-1.25
22,74,0,0,0.0,0.0,0.0
22,75,2,3,2.5,3.75,1.25
22,76,3,1,3.75,1.25,-2.5
22,77,1,2,1.25,2.5,1.25
22,78,0,2,0.0,2.5,2.5
22,79,2,1,2.5,1.25,-1.25
22,80,1,0,1.25,0.0,-1.25
22,81,2,4,2.5,5.0,2.5
22,82,0,1,0.0,1.25,1.25
22,83,3,2,3.75,2.5,-1.25
22,84,2,3,2.5,3.75,1.25
22,85,0,4,0.0,5.0,5.0
22,86,1,0,1.25,0.0,-1.25
22,87,3,3,3.75,3.75,0.0
22,88,2,4,2.5,5.0,2.5
22,89,6,2,7.5,2.5,-5.0
22,90,1,4,1.25,5.0,3.75
22,91,1,3,1.25,3.75,2.5
22,92,1,1,1.25,1.25,0.0
22,93,3,2,3.75,2.5,-1.25
22,94,3,2,3.75,2.5,-1.25
22,95,1,1,1.25,1.25,0.0
22,96,0,4,0.0,5.0,5.0
22,97,2,3,2.5,3.75,1.25
22,98,2,1,2.5,1.25,-1.25
22,99,1,1,1.25,1.25,0.0
22,100,2,0,2.5,0.0,-2.5
22,101,0,2,0.0,2.5,2.5
22,102,3,2,3.75,2.5,-1.25
22,103,1,1,1.25,1.25,0.0
22,104,1,4,1.25,5.0,3.75
22,105,1,2,1.25,2.5,1.25
22,106,1,0,1.25,0.0,-1.25
22,107,1,1,1.25,1.25,0.0
22,108,4,0,5.0,0.0,-5.0
22,109,0,2,0.0,2.5,2.5
22,110,2,2,2.5,2.5,0.0
22,111,4,2,5.0,2.5,-2.5
22,112,0,1,0.0,1.25,1.25
22,113,1,0,1.25,0.0,-1.25
22,114,4,2,5.0,2.5,-2.5
22,115,3,2,3.75,2.5,-1.25
22,116,0,1,0.0,1.25,1.25
22,117,1,0,1.25,0.0,-1.25
22,118,1,0,1.25,0.0,-1.25
22,119,1,1,1.25,1.25,0.0
22,120,1,1,1.25,1.25,0.0
22,121,1,0,1.25,0.0,-1.25
22,122,2,3,2.5,3.75,1.25
22,123,3,2,3.75,2.5,-1.25
22,124,1,4,1.25,5.0,3.75
22,125,3,1,3.75,1.25,-2.5
22,126,1,3,1.25,3.75,2.5
22,127,0,2,0.0,2.5,2.5
22,128,5,2,6.25,2.5,-3.75
22,129,2,4,2.5,5.0,2.5
22,130,3,3,3.75,3.75,0.0
22,131,2,0,2.5,0.0,-2.5
22,132,1,1,1.25,1.25,0.0
22,133,4,0,5.0,0.0,-5.0
22,134,3,2,3.75,2.5,-1.25
23,0,1,2,1.25,2.5,1.25
23,1,4,2,5.0,2.5,-2.5
23,2,3,3,3.75,3.75,0.0
23,3,2,4,2.5,5.0,2.5
23,4,3,3,3.75,3.75,0.0
23,5,3,4,3.75,5.0,1.25
23,6,3,6,3.75,7.5,3.75
23,7,6,5,7.5,6.25,-1.25
23,8,6,0,7.5,0.0,-7.5
23,9,3,7,3.75,8.75,5.0
23,10,4,5,5.0,6.25,1.25
23,11,1,6,1.25,7.5,6.25
23,12,6,2,7.5,2.5,-5.0
23,13,3,4,3.75,5.0,1.25
23,14,3,7,3.75,8.75,5.0
23,15,3,5,3.75,6.25,2.5
23,16,1,5,1.25,6.25,5.0
23,17,6,6,7.5,7.5,0.0
23,18,2,7,2.5,8.75,6.25
23,19,2,4,2.5,5.0,2.5
23,20,7,5,8.75,6.25,-2.5
23,21,4,2,5.0,2.5,-2.5
23,22,4,5,5.0,6.25,1.25
23,23,6,6,7.5,7.5,0.0
23,24,6,3,7.5,3.75,-3.75
23,25,4,8,5.0,10.0,5.0
23,26,7,5,8.75,6.25,-2.5
23,27,6,2,7.5,2.5,-5.0
23,28,5,6,6.25,7.5,1.25
23,29,4,9,5.0,11.25,6.25
23,30,3,4,3.75,5.0,1.25
23,31,0,1,0.0,1.25,1.25
23,32,5,5,6.25,6.25,0.0
23,33,6,6,7.5,7.5,0.0
23,34,6,5,7.5,6.25,-1.25
23,35,2,8,2.5,10.0,7.5
23,36,1,3,1.25,3.75,2.5
23,37,3,5,3.75,6.25,2.5
23,38,7,4,8.75,5.0,-3.75
23,39,8,3,10.0,3.75,-6.25
23,40,2,5,2.5,6.25,3.75
23,41,3,6,3.75,7.5,3.75
23,42,7,4,8.75,5.0,-3.75
23,43,4,10,5.0,12.5,7.5
23,44,5,7,6.25,8.75,2.5
23,45,4,8,5.0,10.0,5.0
23,46,7,5,8.75,6.25,-2.5
23,47,5,7,6.25,8.75,2.5
23,48,3,3,3.75,3.75,0.0
23,49,6,5,7.5,6.25,-1.25
23,50,3,4,3.75,5.0,1.25
23,51,4,8,5.0,10.0,5.0
23,52,5,5,6.25,6.25,0.0
23,53,5,2,6.25,2.5,-3.75
23,54,5,4,6.25,5.0,-1.25
23,55,3,2,3.75,2.5,-1.25
23,56,3,4,3.75,5.0,1.25
23,57,5,6,6.25,7.5,1.25
23,58,0,0,0.0,0.0,0.0
23,59,0,0,0.0,0.0,0.0
23,60,3,2,3.75,2.5,-1.25
23,61,2,6,2.5,7.5,5.0
23,62,3,5,3.75,6.25,2.5
23,63,2,2,2.5,2.5,0.0
23,64,7,2,8.75,2.5,-6.25
23,65,4,2,5.0,2.5,-2.5
23,66,7,4,8.75,5.0,-3.75
23,67,7,6,8.75,7.5,-1.25
23,68,4,5,5.0,6.25,1.25
23,69,6,7,7.5,8.75,1.25
23,70,2,5,2.5,6.25,3.75
23,71,8,1,10.0,1.25,-8.75
23,72,2,9,2.5,11.25,8.75
23,73,4,4,5.0,5.0,0.0
23,74,8,3,10.0,3.75,-6.25
23,75,4,2,5.0,2.5,-2.5
23,76,7,4,8.75,5.0,-3.75
23,77,4,2,5.0,2.5,-2.5
23,78,4,5,5.0,6.25,1.25
23,79,6,5,7.5,6.25,-1.25
23,80,6,4,7.5,5.0,-2.5
23,81,1,6,1.25,7.5,6.25
23,82,5,6,6.25,7.5,1.25
23,83,6,4,7.5,5.0,-2.5
23,84,0,7,0.0,8.75,8.75
23,85,2,3,2.5,3.75,1.25
23,86,6,6,7.5,7.5,0.0
23,87,5,5,6.25,6.25,0.0
23,88,7,6,8.75,7.5,-1.25
23,89,4,6,5.0,7.5,2.5
23,90,4,2,5.0,2.5,-2.5
23,91,5,7,6.25,8.75,2.5
23,92,3,2,3.75,2.5,-1.25
23,93,2,2,2.5,2.5,0.0
23,94,4,5,5.0,6.25,1.25
23,95,4,5,5.0,6.25,1.25
23,96,5,6,6.25,7.5,1.25
23,97,5,3,6.25,3.75,-2.5
23,98,3,6,3.75,7.5,3.75
23,99,5,7,6.25,8.75,2.5
23,100,5,8,6.25,10.0,3.75
23,101,5,4,6.25,5.0,-1.25
23,102,3,6,3.75,7.5,3.75
23,103,7,4,8.75,5.0,-3.75
23,104,8,4,10.0,5.0,-5.0
23,105,3,7,3.75,8.75,5.0
23,106,4,4,5.0,5.0,0.0
23,107,7,5,8.75,6.25,-2.5
23,108,4,3,5.0,3.75,-1.25
23,109,5,2,6.25,2.5,-3.75
23,110,5,5,6.25,6.25,0.0
23,111,3,4,3.75,5.0,1.25
23,112,5,7,6.25,8.75,2.5
23,113,7,2,8.75,2.5,-6.25
23,114,4,3,5.0,3.75,-1.25
23,115,8,4,10.0,5.0,-5.0
23,116,7,6,8.75,7.5,-1.25
23,117,3,4,3.75,5.0,1.25
23,118,2,5,2.5,6.25,3.75
23,119,2,6,2.5,7.5,5.0
23,120,2,2,2.5,2.5,0.0
23,121,2,5,2.5,6.25,3.75
23,122,7,3,8.75,3.75,-5.0
23,123,4,4,5.0,5.0,0.0
23,124,4,2,5.0,2.5,-2.5
23,125,1,3,1.25,3.75,2.5
23,126,2,2,2.5,2.5,0.0
23,127,5,3,6.25,3.75,-2.5
23,128,5,4,6.25,5.0,-1.25
23,129,4,3,5.0,3.75,-1.25
23,130,5,6,6.25,7.5,1.25
23,131,4,3,5.0,3.75,-1.25
23,132,3,2,3.75,2.5,-1.25
23,133,6,5,7.5,6.25,-1.25
23,134,6,1,7.5,1.25,-6.25
24,0,0,2,0.0,2.5,2.5
24,1,1,1,1.25,1.25,0.0
24,2,3,8,3.75,10.0,6.25
24,3,7,4,8.75,5.0,-3.75
24,4,5,7,6.25,8.75,2.5
24,5,8,7,10.0,8.75,-1.25
24,6,12,8,15.0,10.0,-5.0
24,7,5,17,6.25,21.25,15.0
24,8,6,8,7.5,10.0,2.5
24,9,9,6,11.25,7.5,-3.75
24,10,11,11,13.75,13.75,0.0
24,11,10,10,12.5,12.5,0.0
24,12,7,3,8.75,3.75,-5.0
24,13,8,14,10.0,17.5,7.5
24,14,12,15,15.0,18.75,3.75
24,15,8,8,10.0,10.0,0.0
24,16,9,8,11.25,10.0,-1.25
24,17,8,11,10.0,13.75,3.75
24,18,3,9,3.75,11.25,7.5
24,19,2,6,2.5,7.5,5.0
24,20,4,5,5.0,6.25,1.25
24,21,9,9,11.25,11.25,0.0
24,22,4,3,5.0,3.75,-1.25
24,23,8,3,10.0,3.75,-6.25
24,24,3,6,3.75,7.5,3.75
24,25,9,9,11.25,11.25,0.0
24,26,7,6,8.75,7.5,-1.25
24,27,6,9,7.5,11.25,3.75
24,28,10,12,12.5,15.0,2.5
24,29,9,5,11.25,6.25,-5.0
24,30,7,9,8.75,11.25,2.5
24,31,4,6,5.0,7.5,2.5
24,32,5,4,6.25,5.0,-1.25
24,33,4,9,5.0,11.25,6.25
24,34,13,7,16.25,8.75,-7.5
24,35,12,10,15.0,12.5,-2.5
24,36,12,6,15.0,7.5,-7.5
24,37,9,8,11.25,10.0,-1.25
24,38,7,8,8.75,10.0,1.25
24,39,3,5,3.75,6.25,2.5
24,40,6,12,7.5,15.0,7.5
24,41,12,4,15.0,5.0,-10.0
24,42,5,2,6.25,2.5,-3.75
24,43,6,10,7.5,12.5,5.0
24,44,8,7,10.0,8.75,-1.25
24,45,6,5,7.5,6.25,-1.25
24,46,6,7,7.5,8.75,1.25
24,47,9,13,11.25,16.25,5.0
24,48,13,7,16.25,8.75,-7.5
24,49,4,14,5.0,17.5,12.5
24,50,5,10,6.25,12.5,6.25
24,51,6,10,7.5,12.5,5.0
24,52,7,6,8.75,7.5,-1.25
24,53,10,6,12.5,7.5,-5.0
24,54,16,12,20.0,15.0,-5.0
24,55,7,9,8.75,11.25,2.5
24,56,6,10,7.5,12.5,5.0
24,57,10,7,12.5,8.75,-3.75
24,58,0,0,0.0,0.0,0.0
24,59,0,0,0.0,0.0,0.0
24,60,8,2,10.0,2.5,-7.5
24,61,11,5,13.75,6.25,-7.5
24,62,8,8,10.0,10.0,0.0
24,63,8,8,10.0,10.0,0.0
24,64,1,4,1.25,5.0,3.75
24,65,6,9,7.5,11.25,3.75
24,66,9,10,11.25,12.5,1.25
24,67,9,7,11.25,8.75,-2.5
24,68,9,4,11.25,5.0,-6.25
24,69,9,3,11.25,3.75,-7.5
24,70,5,12,6.25,15.0,8.75
24,71,13,8,16.25,10.0,-6.25
24,72,8,11,10.0,13.75,3.75
24,73,11,6,13.75,7.5,-6.25
24,74,9,7,11.25,8.75,-2.5
24,75,9,7,11.25,8.75,-2.5
24,76,6,10,7.5,12.5,5.0
24,77,7,10,8.75,12.5,3.75
24,78,7,9,8.75,11.25,2.5
24,79,8,18,10.0,22.5,12.5
24,80,7,8,8.75,10.0,1.25
24,81,11,5,13.75,6.25,-7.5
24,82,7,7,8.75,8.75,0.0
24,83,6,9,7.5,11.25,3.75
24,84,6,6,7.5,7.5,0.0
24,85,7,10,8.75,12.5,3.75
24,86,6,4,7.5,5.0,-2.5
24,87,14,9,17.5,11.25,-6.25
24,88,9,9,11.25,11.25,0.0
24,89,12,5,15.0,6.25,-8.75
24,90,8,10,10.0,12.5,2.5
24,91,7,8,8.75,10.0,1.25
24,92,9,7,11.25,8.75,-2.5
24,93,5,12,6.25,15.0,8.75
24,94,11,8,13.75,10.0,-3.75
24,95,8,5,10.0,6.25,-3.75
24,96,10,5,12.5,6.25,-6.25
24,97,8,7,10.0,8.75,-1.25
24,98,7,8,8.75,10.0,1.25
24,99,10,12,12.5,15.0,2.5
24,100,6,10,7.5,12.5,5.0
24,101,4,7,5.0,8.75,3.75
24,102,6,5,7.5,6.25,-1.25
24,103,7,10,8.75,12.5,3.75
24,104,13,12,16.25,15.0,-1.25
24,105,5,9,6.25,11.25,5.0
24,106,7,4,8.75,5.0,-3.75
24,107,11,9,13.75,11.25,-2.5
24,108,10,9,12.5,11.25,-1.25
24,109,15,8,18.75,10.0,-8.75
24,110,10,6,12.5,7.5,-5.0
24,111,9,9,11.25,11.25,0.0
24,112,10,8,12.5,10.0,-2.5
24,113,4,9,5.0,11.25,6.25
24,114,7,9,8.75,11.25,2.5
24,115,3,6,3.75,7.5,3.75
24,116,11,7,13.75,8.75,-5.0
24,117,4,2,5.0,2.5,-2.5
24,118,1,4,1.25,5.0,3.75
24,119,10,5,12.5,6.25,-6.25
24,120,6,6,7.5,7.5,0.0
24,121,6,8,7.5,10.0,2.5
24,122,6,6,7.5,7.5,0.0
24,123,13,3,16.25,3.75,-12.5
24,124,7,3,8.75,3.75,-5.0
24,125,3,1,3.75,1.25,-2.5
24,126,6,2,7.5,2.5,-5.0
24,127,7,5,8.75,6.25,-2.5
24,128,6,10,7.5,12.5,5.0
24,129,6,9,7.5,11.25,3.75
24,130,11,9,13.75,11.25,-2.5
24,131,10,7,12.5,8.75,-3.75
24,132,4,11,5.0,13.75,8.75
24,133,2,4,2.5,5.0,2.5
24,134,14,4,17.5,5.0,-12.5
25,0,0,2,0.0,2.5,2.5
25,1,1,1,1.25,1.25,0.0
25,2,1,0,1.25,0.0,-1.25
25,3,1,1,1.25,1.25,0.0
25,4,1,2,1.25,2.5,1.25
25,5,0,0,0.0,0.0,0.0
25,6,1,1,1.25,1.25,0.0
25,7,1,1,1.25,1.25,0.0
25,8,1,0,1.25,0.0,-1.25
25,9,1,1,1.25,1.25,0.0
25,10,0,1,0.0,1.25,1.25
25,11,2,1,2.5,1.25,-1.25
25,12,0,1,0.0,1.25,1.25
25,13,1,0,1.25,0.0,-1.25
25,14,2,0,2.5,0.0,-2.5
25,15,0,2,0.0,2.5,2.5
25,16,2,0,2.5,0.0,-2.5
25,17,1,1,1.25,1.25,0.0
25,18,0,0,0.0,0.0,0.0
25,19,3,2,3.75,2.5,-1.25
25,20,1,0,1.25,0.0,-1.25
25,21,3,1,3.75,1.25,-2.5
25,22,1,3,1.25,3.75,2.5
25,23,1,1,1.25,1.25,0.0
25,24,1,0,1.25,0.0,-1.25
25,25,1,1,1.25,1.25,0.0
25,26,0,0,0.0,0.0,0.0
25,27,1,0,1.25,0.0,-1.25
25,28,0,1,0.0,1.25,1.25
25,29,1,1,1.25,1.25,0.0
25,30,4,0,5.0,0.0,-5.0
25,31,0,1,0.0,1.25,1.25
25,32,1,0,1.25,0.0,-1.25
25,33,0,0,0.0,0.0,0.0
25,34,0,1,0.0,1.25,1.25
25,35,2,1,2.5,1.25,-1.25
25,36,0,0,0.0,0.0,0.0
25,37,1,1,1.25,1.25,0.0
25,38,0,1,0.0,1.25,1.25
25,39,1,0,1.25,0.0,-1.25
25,40,0,3,0.0,3.75,3.75
25,41,1,1,1.25,1.25,0.0
25,42,1,0,1.25,0.0,-1.25
25,43,3,0,3.75,0.0,-3.75
25,44,2,1,2.5,1.25,-1.25
25,45,0,0,0.0,0.0,0.0
25,46,2,2,2.5,2.5,0.0
25,47,3,2,3.75,2.5,-1.25
25,48,1,1,1.25,1.25,0.0
25,49,1,0,1.25,0.0,-1.25
25,50,3,0,3.75,0.0,-3.75
25,51,1,2,1.25,2.5,1.25
25,52,3,0,3.75,0.0,-3.75
25,53,2,0,2.5,0.0,-2.5
25,54,2,1,2.5,1.25,-1.25
25,55,3,1,3.75,1.25,-2.5
25,56,1,1,1.25,1.25,0.0
25,57,0,2,0.0,2.5,2.5
25,58,0,0,0.0,0.0,0.0
25,59,0,0,0.0,0.0,0.0
25,60,2,0,2.5,0.0,-2.5
25,61,2,0,2.5,0.0,-2.5
25,62,0,4,0.0,5.0,5.0
25,63,0,2,0.0,2.5,2.5
25,64,0,2,0.0,2.5,2.5
25,65,2,1,2.5,1.25,-1.25
25,66,0,1,0.0,1.25,1.25
25,67,2,1,2.5,1.25,-1.25
25,68,2,2,2.5,2.5,0.0
25,69,2,0,2.5,0.0,-2.5
25,70,2,0,2.5,0.0,-2.5
25,71,1,0,1.25,0.0,-1.25
25,72,3,3,3.75,3.75,0.0
25,73,1,0,1.25,0.0,-1.25
25,74,0,2,0.0,2.5,2.5
25,75,1,1,1.25,1.25,0.0
25,76,3,1,3.75,1.25,-2.5
25,77,1,2,1.25,2.5,1.25
25,78,1,2,1.25,2.5,1.25
25,79,0,1,0.0,1.25,1.25
25,80,3,0,3.75,0.0,-3.75
25,81,3,3,3.75,3.75,0.0
25,82,4,2,5.0,2.5,-2.5
25,83,0,1,0.0,1.25,1.25
25,84,2,0,2.5,0.0,-2.5
25,85,0,0,0.0,0.0,0.0
25,86,0,0,0.0,0.0,0.0
25,87,1,1,1.25,1.25,0.0
25,88,1,2,1.25,2.5,1.25
25,89,3,2,3.75,2.5,-1.25
25,90,4,1,5.0,1.25,-3.75
25,91,2,3,2.5,3.75,1.25
25,92,2,1,2.5,1.25,-1.25
25,93,4,2,5.0,2.5,-2.5
25,94,2,3,2.5,3.75,1.25
25,95,2,0,2.5,0.0,-2.5
25,96,0,1,0.0,1.25,1.25
25,97,1,3,1.25,3.75,2.5
25,98,1,0,1.25,0.0,-1.25
25,99,1,0,1.25,0.0,-1.25
25,100,0,1,0.0,1.25,1.25
25,101,1,4,1.25,5.0,3.75
25,102,1,1,1.25,1.25,0.0
25,103,2,0,2.5,0.0,-2.5
25,104,1,2,1.25,2.5,1.25
25,105,0,1,0.0,1.25,1.25
25,106,0,1,0.0,1.25,1.25
25,107,4,1,5.0,1.25,-3.75
25,108,0,1,0.0,1.25,1.25
25,109,0,1,0.0,1.25,1.25
25,110,2,2,2.5,2.5,0.0
25,111,1,1,1.25,1.25,0.0
25,112,2,2,2.5,2.5,0.0
25,113,2,1,2.5,1.25,-1.25
25,114,2,0,2.5,0.0,-2.5
25,115,0,0,0.0,0.0,0.0
25,116,3,1,3.75,1.25,-2.5
25,117,0,1,0.0,1.25,1.25
25,118,1,0,1.25,0.0,-1.25
25,119,1,0,1.25,0.0,-1.25
25,120,1,0,1.25,0.0,-1.25
25,121,1,1,1.25,1.25,0.0
25,122,0,0,0.0,0.0,0.0
25,123,0,0,0.0,0.0,0.0
25,124,0,1,0.0,1.25,1.25
25,125,0,1,0.0,1.25,1.25
25,126,1,0,1.25,0.0,-1.25
25,127,1,0,1.25,0.0,-1.25
25,128,1,1,1.25,1.25,0.0
25,129,1,2,1.25,2.5,1.25
25,130,2,0,2.5,0.0,-2.5
25,131,0,1,0.0,1.25,1.25
25,132,2,2,2.5,2.5,0.0
25,133,2,1,2.5,1.25,-1.25
25,134,2,1,2.5,1.25,-1.25
26,0,4,2,5.0,2.5,-2.5
26,1,3,2,3.75,2.5,-1.25
26,2,0,2,0.0,2.5,2.5
26,3,2,2,2.5,2.5,0.0
26,4,1,4,1.25,5.0,3.75
26,5,0,2,0.0,2.5,2.5
26,6,1,3,1.25,3.75,2.5
26,7,2,3,2.5,3.75,1.25
26,8,0,4,0.0,5.0,5.0
26,9,0,2,0.0,2.5,2.5
26,10,1,1,1.25,1.25,0.0
26,11,3,3,3.75,3.75,0.0
26,12,3,3,3.75,3.75,0.0
26,13,0,3,0.0,3.75,3.75
26,14,0,1,0.0,1.25,1.25
26,15,2,3,2.5,3.75,1.25
26,16,1,2,1.25,2.5,1.25
26,17,5,8,6.25,10.0,3.75
26,18,1,1,1.25,1.25,0.0
26,19,2,2,2.5,2.5,0.0
26,20,2,1,2.5,1.25,-1.25
26,21,2,4,2.5,5.0,2.5
26,22,1,3,1.25,3.75,2.5
26,23,3,1,3.75,1.25,-2.5
26,24,1,0,1.25,0.0,-1.25
26,25,3,1,3.75,1.25,-2.5
26,26,3,3,3.75,3.75,0.0
26,27,3,2,3.75,2.5,-1.25
26,28,5,5,6.25,6.25,0.0
26,29,4,2,5.0,2.5,-2.5
26,30,1,3,1.25,3.75,2.5
26,31,4,2,5.0,2.5,-2.5
26,32,3,3,3.75,3.75,0.0
26,33,1,6,1.25,7.5,6.25
26,34,3,3,3.75,3.75,0.0
26,35,3,1,3.75,1.25,-2.5
26,36,0,1,0.0,1.25,1.25
26,37,4,2,5.0,2.5,-2.5
26,38,3,4,3.75,5.0,1.25
26,39,0,1,0.0,1.25,1.25
26,40,0,2,0.0,2.5,2.5
26,41,6,2,7.5,2.5,-5.0
26,42,1,3,1.25,3.75,2.5
26,43,2,5,2.5,6.25,3.75
26,44,3,5,3.75,6.25,2.5
26,45,4,1,5.0,1.25,-3.75
26,46,2,0,2.5,0.0,-2.5
26,47,4,3,5.0,3.75,-1.25
26,48,4,2,5.0,2.5,-2.5
26,49,3,2,3.75,2.5,-1.25
26,50,5,3,6.25,3.75,-2.5
26,51,2,2,2.5,2.5,0.0
26,52,4,2,5.0,2.5,-2.5
26,53,1,3,1.25,3.75,2.5
26,54,3,3,3.75,3.75,0.0
26,55,3,2,3.75,2.5,-1.25
26,56,5,2,6.25,2.5,-3.75
26,57,3,1,3.75,1.25,-2.5
26,58,1,0,1.25,0.0,-1.25
26,59,0,0,0.0,0.0,0.0
26,60,4,2,5.0,2.5,-2.5
26,61,5,2,6.25,2.5,-3.75
26,62,3,3,3.75,3.75,0.0
26,63,3,1,3.75,1.25,-2.5
26,64,0,0,0.0,0.0,0.0
26,65,1,1,1.25,1.25,0.0
26,66,2,2,2.5,2.5,0.0
26,67,3,5,3.75,6.25,2.5
26,68,4,1,5.0,1.25,-3.75
26,69,2,1,2.5,1.25,-1.25
26,70,1,2,1.25,2.5,1.25
26,71,2,0,2.5,0.0,-2.5
26,72,3,1,3.75,1.25,-2.5
26,73,4,5,5.0,6.25,1.25
26,74,3,0,3.75,0.0,-3.75
26,75,0,5,0.0,6.25,6.25
26,76,4,3,5.0,3.75,-1.25
26,77,3,4,3.75,5.0,1.25
26,78,3,2,3.75,2.5,-1.25
26,79,5,3,6.25,3.75,-2.5
26,80,4,5,5.0,6.25,1.25
26,81,1,2,1.25,2.5,1.25
26,82,2,0,2.5,0.0,-2.5
26,83,1,2,1.25,2.5,1.25
26,84,1,0,1.25,0.0,-1.25
26,85,4,2,5.0,2.5,-2.5
26,86,2,5,2.5,6.25,3.75
26,87,2,3,2.5,3.75,1.25
26,88,2,2,2.5,2.5,0.0
26,89,1,2,1.25,2.5,1.25
26,90,2,3,2.5,3.75,1.25
26,91,3,3,3.75,3.75,0.0
26,92,3,0,3.75,0.0,-3.75
26,93,2,5,2.5,6.25,3.75
26,94,3,2,3.75,2.5,-1.25
26,95,3,3,3.75,3.75,0.0
26,96,0,0,0.0,0.0,0.0
26,97,1,4,1.25,5.0,3.75
26,98,5,0,6.25,0.0,-6.25
26,99,2,6,2.5,7.5,5.0
26,100,5,3,6.25,3.75,-2.5
26,101,1,3,1.25,3.75,2.5
26,102,1,2,1.25,2.5,1.25
26,103,1,2,1.25,2.5,1.25
26,104,2,1,2.5,1.25,-1.25
26,105,0,2,0.0,2.5,2.5
26,106,6,0,7.5,0.0,-7.5
26,107,1,1,1.25,1.25,0.0
26,108,2,3,2.5,3.75,1.25
26,109,4,3,5.0,3.75,-1.25
26,110,1,5,1.25,6.25,5.0
26,111,4,7,5.0,8.75,3.75
26,112,1,4,1.25,5.0,3.75
26,113,2,4,2.5,5.0,2.5
26,114,2,1,2.5,1.25,-1.25
26,115,2,1,2.5,1.25,-1.25
26,116,2,2,2.5,2.5,0.0
26,117,2,0,2.5,0.0,-2.5
26,118,1,1,1.25,1.25,0.0
26,119,2,3,2.5,3.75,1.25
26,120,1,3,1.25,3.75,2.5
26,121,3,1,3.75,1.25,-2.5
26,122,3,4,3.75,5.0,1.25
26,123,1,1,1.25,1.25,0.0
26,124,5,3,6.25,3.75,-2.5
26,125,3,0,3.75,0.0,-3.75
26,126,2,1,2.5,1.25,-1.25
26,127,4,2,5.0,2.5,-2.5
26,128,3,1,3.75,1.25,-2.5
26,129,3,4,3.75,5.0,1.25
26,130,2,2,2.5,2.5,0.0
26,131,1,4,1.25,5.0,3.75
26,132,3,1,3.75,1.25,-2.5
26,133,4,1,5.0,1.25,-3.75
26,134,1,2,1.25,2.5,1.25
27,0,3,2,3.75,2.5,-1.25
27,1,3,1,3.75,1.25,-2.5
27,2,0,0,0.0,0.0,0.0
27,3,1,1,1.25,1.25,0.0
27,4,3,4,3.75,5.0,1.25
27,5,5,1,6.25,1.25,-5.0
27,6,0,1,0.0,1.25,1.25
27,7,4,4,5.0,5.0,0.0
27,8,2,1,2.5,1.25,-1.25
27,9,3,4,3.75,5.0,1.25
27,10,2,3,2.5,3.75,1.25
27,11,2,3,2.5,3.75,1.25
27,12,4,4,5.0,5.0,0.0
27,13,4,5,5.0,6.25,1.25
27,14,6,2,7.5,2.5,-5.0
27,15,1,3,1.25,3.75,2.5
27,16,1,4,1.25,5.0,3.75
27,17,1,2,1.25,2.5,1.25
27,18,1,2,1.25,2.5,1.25
27,19,2,5,2.5,6.25,3.75
27,20,4,4,5.0,5.0,0.0
27,21,2,1,2.5,1.25,-1.25
27,22,4,1,5.0,1.25,-3.75
27,23,2,8,2.5,10.0,7.5
27,24,2,1,2.5,1.25,-1.25
27,25,2,3,2.5,3.75,1.25
27,26,3,2,3.75,2.5,-1.25
27,27,0,1,0.0,1.25,1.25
27,28,0,1,0.0,1.25,1.25
27,29,2,0,2.5,0.0,-2.5
27,30,1,1,1.25,1.25,0.0
27,31,0,2,0.0,2.5,2.5
27,32,8,1,10.0,1.25,-8.75
27,33,2,2,2.5,2.5,0.0
27,34,3,0,3.75,0.0,-3.75
27,35,1,3,1.25,3.75,2.5
27,36,6,1,7.5,1.25,-6.25
27,37,3,1,3.75,1.25,-2.5
27,38,4,3,5.0,3.75,-1.25
27,39,3,2,3.75,2.5,-1.25
27,40,2,2,2.5,2.5,0.0
27,41,3,2,3.75,2.5,-1.25
27,42,1,4,1.25,5.0,3.75
27,43,3,1,3.75,1.25,-2.5
27,44,1,6,1.25,7.5,6.25
27,45,4,0,5.0,0.0,-5.0
27,46,4,5,5.0,6.25,1.25
27,47,1,3,1.25,3.75,2.5
27,48,2,1,2.5,1.25,-1.25
27,49,1,2,1.25,2.5,1.25
27,50,3,1,3.75,1.25,-2.5
27,51,4,2,5.0,2.5,-2.5
27,52,4,0,5.0,0.0,-5.0
27,53,3,1,3.75,1.25,-2.5
27,54,3,2,3.75,2.5,-1.25
27,55,2,1,2.5,1.25,-1.25
27,56,3,0,3.75,0.0,-3.75
27,57,4,2,5.0,2.5,-2.5
27,58,1,0,1.25,0.0,-1.25
27,59,0,0,0.0,0.0,0.0
27,60,2,2,2.5,2.5,0.0
27,61,1,5,1.25,6.25,5.0
27,62,2,3,2.5,3.75,1.25
27,63,2,1,2.5,1.25,-1.25
27,64,0,1,0.0,1.25,1.25
27,65,2,1,2.5,1.25,-1.25
27,66,6,3,7.5,3.75,-3.75
27,67,3,4,3.75,5.0,1.25
27,68,2,6,2.5,7.5,5.0
27,69,4,2,5.0,2.5,-2.5
27,70,3,2,3.75,2.5,-1.25
27,71,1,5,1.25,6.25,5.0
27,72,1,1,1.25,1.25,0.0
27,73,0,2,0.0,2.5,2.5
27,74,4,2,5.0,2.5,-2.5
27,75,3,3,3.75,3.75,0.0
27,76,3,1,3.75,1.25,-2.5
27,77,2,2,2.5,2.5,0.0
27,78,2,5,2.5,6.25,3.75
27,79,2,4,2.5,5.0,2.5
27,80,1,2,1.25,2.5,1.25
27,81,5,1,6.25,1.25,-5.0
27,82,4,2,5.0,2.5,-2.5
27,83,2,4,2.5,5.0,2.5
27,84,3,3,3.75,3.75,0.0
27,85,1,2,1.25,2.5,1.25
27,86,2,3,2.5,3.75,1.25
27,87,3,1,3.75,1.25,-2.5
27,88,5,6,6.25,7.5,1.25
27,89,3,0,3.75,0.0,-3.75
27,90,5,1,6.25,1.25,-5.0
27,91,0,3,0.0,3.75,3.75
27,92,4,3,5.0,3.75,-1.25
27,93,7,2,8.75,2.5,-6.25
27,94,2,3,2.5,3.75,1.25
27,95,0,0,0.0,0.0,0.0
27,96,2,4,2.5,5.0,2.5
27,97,3,5,3.75,6.25,2.5
27,98,4,3,5.0,3.75,-1.25
27,99,2,4,2.5,5.0,2.5
27,100,1,3,1.25,3.75,2.5
27,101,6,4,7.5,5.0,-2.5
27,102,4,4,5.0,5.0,0.0
27,103,2,2,2.5,2.5,0.0
27,104,4,6,5.0,7.5,2.5
27,105,2,4,2.5,5.0,2.5
27,106,2,1,2.5,1.25,-1.25
27,107,5,3,6.25,3.75,-2.5
27,108,1,4,1.25,5.0,3.75
27,109,2,1,2.5,1.25,-1.25
27,110,2,3,2.5,3.75,1.25
27,111,2,0,2.5,0.0,-2.5
27,112,0,5,0.0,6.25,6.25
27,113,3,0,3.75,0.0,-3.75
27,114,2,3,2.5,3.75,1.25
27,115,1,4,1.25,5.0,3.75
27,116,2,2,2.5,2.5,0.0
27,117,3,2,3.75,2.5,-1.25
27,118,3,2,3.75,2.5,-1.25
27,119,6,2,7.5,2.5,-5.0
27,120,4,1,5.0,1.25,-3.75
27,121,3,3,3.75,3.75,0.0
27,122,0,3,0.0,3.75,3.75
27,123,2,6,2.5,7.5,5.0
27,124,3,3,3.75,3.75,0.0
27,125,1,0,1.25,0.0,-1.25
27,126,2,2,2.5,2.5,0.0
27,127,0,3,0.0,3.75,3.75
27,128,2,2,2.5,2.5,0.0
27,129,1,2,1.25,2.5,1.25
27,130,2,1,2.5,1.25,-1.25
27,131,3,1,3.75,1.25,-2.5
27,132,3,0,3.75,0.0,-3.75
27,133,1,3,1.25,3.75,2.5
27,134,2,2,2.5,2.5,0.0
28,0,0,0,0.0,0.0,0.0
28,1,0,0,0.0,0.0,0.0
28,2,0,0,0.0,0.0,0.0
28,3,1,0,1.25,0.0,-1.25
28,4,0,0,0.0,0.0,0.0
28,5,0,1,0.0,1.25,1.25
28,6,0,0,0.0,0.0,0.0
28,7,0,0,0.0,0.0,0.0
28,8,0,0,0.0,0.0,0.0
28,9,2,1,2.5,1.25,-1.25
28,10,0,1,0.0,1.25,1.25
28,11,0,0,0.0,0.0,0.0
28,12,1,0,1.25,0.0,-1.25
28,13,2,0,2.5,0.0,-2.5
28,14,0,0,0.0,0.0,0.0
28,15,0,1,0.0,1.25,1.25
28,16,0,0,0.0,0.0,0.0
28,17,1,0,1.25,0.0,-1.25
28,18,0,0,0.0,0.0,0.0
28,19,0,0,0.0,0.0,0.0
28,20,1,1,1.25,1.25,0.0
28,21,0,2,0.0,2.5,2.5
28,22,1,0,1.25,0.0,-1.25
28,23,0,0,0.0,0.0,0.0
28,24,0,1,0.0,1.25,1.25
28,25,0,0,0.0,0.0,0.0
28,26,1,0,1.25,0.0,-1.25
28,27,0,0,0.0,0.0,0.0
28,28,3,0,3.75,0.0,-3.75
28,29,2,1,2.5,1.25,-1.25
28,30,0,0,0.0,0.0,0.0
28,31,0,1,0.0,1.25,1.25
28,32,2,0,2.5,0.0,-2.5
28,33,0,0,0.0,0.0,0.0
28,34,1,1,1.25,1.25,0.0
28,35,0,2,0.0,2.5,2.5
28,36,0,0,0.0,0.0,0.0
28,37,0,3,0.0,3.75,3.75
28,38,0,1,0.0,1.25,1.25
28,39,1,0,1.25,0.0,-1.25
28,40,1,0,1.25,0.0,-1.25
28,41,0,1,0.0,1.25,1.25
28,42,0,0,0.0,0.0,0.0
28,43,0,1,0.0,1.25,1.25
28,44,0,0,0.0,0.0,0.0
28,45,0,1,0.0,1.25,1.25
28,46,1,0,1.25,0.0,-1.25
28,47,0,0,0.0,0.0,0.0
28,48,0,0,0.0,0.0,0.0
28,49,1,0,1.25,0.0,-1.25
28,50,0,2,0.0,2.5,2.5
28,51,1,1,1.25,1.25,0.0
28,52,0,1,0.0,1.25,1.25
28,53,0,1,0.0,1.25,1.25
28,54,1,0,1.25,0.0,-1.25
28,55,0,0,0.0,0.0,0.0
28,56,0,1,0.0,1.25,1.25
28,57,0,1,0.0,1.25,1.25
28,58,0,0,0.0,0.0,0.0
28,59,0,0,0.0,0.0,0.0
28,60,0,0,0.0,0.0,0.0
28,61,0,2,0.0,2.5,2.5
28,62,0,0,0.0,0.0,0.0
28,63,1,1,1.25,1.25,0.0
28,64,0,0,0.0,0.0,0.0
28,65,0,0,0.0,0.0,0.0
28,66,0,0,0.0,0.0,0.0
28,67,1,0,1.25,0.0,-1.25
28,68,1,0,1.25,0.0,-1.25
28,69,2,0,2.5,0.0,-2.5
28,70,0,0,0.0,0.0,0.0
28,71,0,1,0.0,1.25,1.25
28,72,0,0,0.0,0.0,0.0
28,73,0,0,0.0,0.0,0.0
28,74,0,0,0.0,0.0,0.0
28,75,0,0,0.0,0.0,0.0
28,76,0,0,0.0,0.0,0.0
28,77,0,0,0.0,0.0,0.0
28,78,1,0,1.25,0.0,-1.25
28,79,0,0,0.0,0.0,0.0
28,80,1,0,1.25,0.0,-1.25
28,81,1,1,1.25,1.25,0.0
28,82,0,1,0.0,1.25,1.25
28,83,0,1,0.0,1.25,1.25
28,84,0,0,0.0,0.0,0.0
28,85,0,0,0.0,0.0,0.0
28,86,0,0,0.0,0.0,0.0
28,87,1,1,1.25,1.25,0.0
28,88,0,1,0.0,1.25,1.25
28,89,0,0,0.0,0.0,0.0
28,90,0,1,0.0,1.25,1.25
28,91,0,0,0.0,0.0,0.0
28,92,0,0,0.0,0.0,0.0
28,93,0,0,0.0,0.0,0.0
28,94,0,0,0.0,0.0,0.0
28,95,0,0,0.0,0.0,0.0
28,96,0,0,0.0,0.0,0.0
28,97,0,1,0.0,1.25,1.25
28,98,2,0,2.5,0.0,-2.5
28,99,1,1,1.25,1.25,0.0
28,100,0,1,0.0,1.25,1.25
28,101,0,0,0.0,0.0,0.0
28,102,1,0,1.25,0.0,-1.25
28,103,0,0,0.0,0.0,0.0
28,104,1,0,1.25,0.0,-1.25
28,105,1,0,1.25,0.0,-1.25
28,106,1,0,1.25,0.0,-1.25
28,107,1,3,1.25,3.75,2.5
28,108,0,2,0.0,2.5,2.5
28,109,2,0,2.5,0.0,-2.5
28,110,0,0,0.0,0.0,0.0
28,111,0,3,0.0,3.75,3.75
28,112,1,0,1.25,0.0,-1.25
28,113,0,0,0.0,0.0,0.0
28,114,1,1,1.25,1.25,0.0
28,115,1,1,1.25,1.25,0.0
28,116,2,1,2.5,1.25,-1.25
28,117,0,0,0.0,0.0,0.0
28,118,0,0,0.0,0.0,0.0
28,119,0,0,0.0,0.0,0.0
28,120,0,0,0.0,0.0,0.0
28,121,0,0,0.0,0.0,0.0
28,122,0,0,0.0,0.0,0.0
28,123,0,0,0.0,0.0,0.0
28,124,0,0,0.0,0.0,0.0
28,125,0,0,0.0,0.0,0.0
28,126,1,0,1.25,0.0,-1.25
28,127,0,0,0.0,0.0,0.0
28,128,1,0,1.25,0.0,-1.25
28,129,1,2,1.25,2.5,1.25
28,130,0,0,0.0,0.0,0.0
28,131,0,0,0.0,0.0,0.0
28,132,0,0,0.0,0.0,0.0
28,133,0,0,0.0,0.0,0.0
28,134,0,0,0.0,0.0,0.0
29,0,0,1,0.0,1.25,1.25
29,1,1,0,1.25,0.0,-1.25
29,2,1,2,1.25,2.5,1.25
29,3,1,0,1.25,0.0,-1.25
29,4,0,0,0.0,0.0,0.0
29,5,0,1,0.0,1.25,1.25
29,6,2,2,2.5,2.5,0.0
29,7,0,2,0.0,2.5,2.5
29,8,0,2,0.0,2.5,2.5
29,9,0,0,0.0,0.0,0.0
29,10,0,0,0.0,0.0,0.0
29,11,0,0,0.0,0.0,0.0
29,12,0,0,0.0,0.0,0.0
29,13,1,0,1.25,0.0,-1.25
29,14,0,0,0.0,0.0,0.0
29,15,0,0,0.0,0.0,0.0
29,16,0,0,0.0,0.0,0.0
29,17,0,0,0.0,0.0,0.0
29,18,2,1,2.5,1.25,-1.25
29,19,3,0,3.75,0.0,-3.75
29,20,0,0,0.0,0.0,0.0
29,21,0,0,0.0,0.0,0.0
29,22,0,0,0.0,0.0,0.0
29,23,2,0,2.5,0.0,-2.5
29,24,0,0,0.0,0.0,0.0
29,25,0,0,0.0,0.0,0.0
29,26,1,1,1.25,1.25,0.0
29,27,0,0,0.0,0.0,0.0
29,28,0,1,0.0,1.25,1.25
29,29,2,1,2.5,1.25,-1.25
29,30,0,0,0.0,0.0,0.0
29,31,1,2,1.25,2.5,1.25
29,32,1,0,1.25,0.0,-1.25
29,33,0,0,0.0,0.0,0.0
29,34,1,0,1.25,0.0,-1.25
29,35,0,0,0.0,0.0,0.0
29,36,1,1,1.25,1.25,0.0
29,37,0,0,0.0,0.0,0.0
29,38,1,0,1.25,0.0,-1.25
29,39,0,0,0.0,0.0,0.0
29,40,0,0,0.0,0.0,0.0
29,41,0,1,0.0,1.25,1.25
29,42,0,0,0.0,0.0,0.0
29,43,0,1,0.0,1.25,1.25
29,44,0,0,0.0,0.0,0.0
29,45,0,0,0.0,0.0,0.0
29,46,0,0,0.0,0.0,0.0
29,47,2,0,2.5,0.0,-2.5
29,48,0,0,0.0,0.0,0.0
29,49,0,2,0.0,2.5,2.5
29,50,1,0,1.25,0.0,-1.25
29,51,0,0,0.0,0.0,0.0
29,52,0,0,0.0,0.0,0.0
29,53,0,0,0.0,0.0,0.0
29,54,0,1,0.0,1.25,1.25
29,55,2,2,2.5,2.5,0.0
29,56,0,0,0.0,0.0,0.0
29,57,1,0,1.25,0.0,-1.25
29,58,1,0,1.25,0.0,-1.25
29,59,0,0,0.0,0.0,0.0
29,60,0,0,0.0,0.0,0.0
29,61,0,0,0.0,0.0,0.0
29,62,0,2,0.0,2.5,2.5
29,63,0,0,0.0,0.0,0.0
29,64,0,0,0.0,0.0,0.0
29,65,0,0,0.0,0.0,0.0
29,66,0,0,0.0,0.0,0.0
29,67,1,2,1.25,2.5,1.25
29,68,2,0,2.5,0.0,-2.5
29,69,0,0,0.0,0.0,0.0
29,70,0,0,0.0,0.0,0.0
29,71,0,0,0.0,0.0,0.0
29,72,0,2,0.0,2.5,2.5
29,73,1,1,1.25,1.25,0.0
29,74,1,0,1.25,0.0,-1.25
29,75,0,0,0.0,0.0,0.0
29,76,1,0,1.25,0.0,-1.25
29,77,0,0,0.0,0.0,0.0
29,78,0,0,0.0,0.0,0.0
29,79,0,1,0.0,1.25,1.25
29,80,0,0,0.0,0.0,0.0
29,81,0,0,0.0,0.0,0.0
29,82,1,0,1.25,0.0,-1.25
29,83,0,0,0.0,0.0,0.0
29,84,2,1,2.5,1.25,-1.25
29,85,0,1,0.0,1.25,1.25
29,86,1,0,1.25,0.0,-1.25
29,87,0,0,0.0,0.0,0.0
29,88,1,0,1.25,0.0,-1.25
29,89,1,2,1.25,2.5,1.25
29,90,0,0,0.0,0.0,0.0
29,91,0,0,0.0,0.0,0.0
29,92,0,0,0.0,0.0,0.0
29,93,2,0,2.5,0.0,-2.5
29,94,0,0,0.0,0.0,0.0
29,95,0,0,0.0,0.0,0.0
29,96,0,0,0.0,0.0,0.0
29,97,0,2,0.0,2.5,2.5
29,98,0,0,0.0,0.0,0.0
29,99,0,0,0.0,0.0,0.0
29,100,0,0,0.0,0.0,0.0
29,101,2,2,2.5,2.5,0.0
29,102,0,0,0.0,0.0,0.0
29,103,0,0,0.0,0.0,0.0
29,104,0,0,0.0,0.0,0.0
29,105,0,0,0.0,0.0,0.0
29,106,0,0,0.0,0.0,0.0
29,107,1,0,1.25,0.0,-1.25
29,108,0,0,0.0,0.0,0.0
29,109,2,2,2.5,2.5,0.0
29,110,0,0,0.0,0.0,0.0
29,111,0,0,0.0,0.0,0.0
29,112,0,2,0.0,2.5,2.5
29,113,1,0,1.25,0.0,-1.25
29,114,0,0,0.0,0.0,0.0
29,115,0,0,0.0,0.0,0.0
29,116,1,0,1.25,0.0,-1.25
29,117,0,2,0.0,2.5,2.5
29,118,0,1,0.0,1.25,1.25
29,119,1,0,1.25,0.0,-1.25
29,120,0,0,0.0,0.0,0.0
29,121,0,0,0.0,0.0,0.0
29,122,0,1,0.0,1.25,1.25
29,123,0,0,0.0,0.0,0.0
29,124,0,0,0.0,0.0,0.0
29,125,0,0,0.0,0.0,0.0
29,126,2,2,2.5,2.5,0.0
29,127,1,0,1.25,0.0,-1.25
29,128,0,0,0.0,0.0,0.0
29,129,0,2,0.0,2.5,2.5
29,130,0,1,0.0,1.25,1.25
29,131,0,0,0.0,0.0,0.0
29,132,0,0,0.0,0.0,0.0
29,133,0,0,0.0,0.0,0.0
29,134,0,0,0.0,0.0,0.0
30,0,0,1,0.0,1.25,1.25
30,1,1,1,1.25,1.25,0.0
30,2,2,2,2.5,2.5,0.0
30,3,0,1,0.0,1.25,1.25
30,4,0,5,0.0,6.25,6.25
30,5,4,4,5.0,5.0,0.0
30,6,3,1,3.75,1.25,-2.5
30,7,0,4,0.0,5.0,5.0
30,8,2,1,2.5,1.25,-1.25
30,9,1,1,1.25,1.25,0.0
30,10,3,1,3.75,1.25,-2.5
30,11,1,0,1.25,0.0,-1.25
30,12,2,2,2.5,2.5,0.0
30,13,1,1,1.25,1.25,0.0
30,14,0,3,0.0,3.75,3.75
30,15,0,0,0.0,0.0,0.0
30,16,0,2,0.0,2.5,2.5
30,17,2,3,2.5,3.75,1.25
30,18,4,4,5.0,5.0,0.0
30,19,0,1,0.0,1.25,1.25
30,20,3,1,3.75,1.25,-2.5
30,21,0,3,0.0,3.75,3.75
30,22,0,4,0.0,5.0,5.0
30,23,5,1,6.25,1.25,-5.0
30,24,2,1,2.5,1.25,-1.25
30,25,3,6,3.75,7.5,3.75
30,26,1,2,1.25,2.5,1.25
30,27,2,2,2.5,2.5,0.0
30,28,2,2,2.5,2.5,0.0
30,29,3,7,3.75,8.75,5.0
30,30,0,1,0.0,1.25,1.25
30,31,1,4,1.25,5.0,3.75
30,32,2,2,2.5,2.5,0.0
30,33,1,3,1.25,3.75,2.5
30,34,2,3,2.5,3.75,1.25
30,35,0,0,0.0,0.0,0.0
30,36,1,3,1.25,3.75,2.5
30,37,0,0,0.0,0.0,0.0
30,38,1,1,1.25,1.25,0.0
30,39,2,2,2.5,2.5,0.0
30,40,2,1,2.5,1.25,-1.25
30,41,1,6,1.25,7.5,6.25
30,42,3,2,3.75,2.5,-1.25
30,43,2,1,2.5,1.25,-1.25
30,44,1,2,1.25,2.5,1.25
30,45,2,5,2.5,6.25,3.75
30,46,0,1,0.0,1.25,1.25
30,47,3,1,3.75,1.25,-2.5
30,48,1,1,1.25,1.25,0.0
30,49,2,2,2.5,2.5,0.0
30,50,1,5,1.25,6.25,5.0
30,51,1,1,1.25,1.25,0.0
30,52,2,1,2.5,1.25,-1.25
30,53,1,2,1.25,2.5,1.25
30,54,7,2,8.75,2.5,-6.25
30,55,3,4,3.75,5.0,1.25
30,56,0,3,0.0,3.75,3.75
30,57,2,1,2.5,1.25,-1.25
30,58,1,1,1.25,1.25,0.0
30,59,3,6,3.75,7.5,3.75
30,60,0,1,0.0,1.25,1.25
30,61,0,1,0.0,1.25,1.25
30,62,1,4,1.25,5.0,3.75
30,63,2,0,2.5,0.0,-2.5
30,64,1,2,1.25,2.5,1.25
30,65,7,3,8.75,3.75,-5.0
30,66,2,0,2.5,0.0,-2.5
30,67,6,2,7.5,2.5,-5.0
30,68,4,3,5.0,3.75,-1.25
30,69,3,2,3.75,2.5,-1.25
30,70,3,1,3.75,1.25,-2.5
30,71,2,2,2.5,2.5,0.0
30,72,0,1,0.0,1.25,1.25
30,73,0,1,0.0,1.25,1.25
30,74,4,0,5.0,0.0,-5.0
30,75,3,0,3.75,0.0,-3.75
30,76,2,2,2.5,2.5,0.0
30,77,2,2,2.5,2.5,0.0
30,78,1,0,1.25,0.0,-1.25
30,79,0,1,0.0,1.25,1.25
30,80,1,2,1.25,2.5,1.25
30,81,0,0,0.0,0.0,0.0
30,82,3,2,3.75,2.5,-1.25
30,83,0,2,0.0,2.5,2.5
30,84,0,1,0.0,1.25,1.25
30,85,1,4,1.25,5.0,3.75
30,86,1,2,1.25,2.5,1.25
30,87,1,2,1.25,2.5,1.25
30,88,0,2,0.0,2.5,2.5
30,89,0,4,0.0,5.0,5.0
30,90,0,1,0.0,1.25,1.25
30,91,4,4,5.0,5.0,0.0
30,92,2,0,2.5,0.0,-2.5
30,93,0,0,0.0,0.0,0.0
30,94,0,1,0.0,1.25,1.25
30,95,0,0,0.0,0.0,0.0
30,96,4,1,5.0,1.25,-3.75
30,97,3,1,3.75,1.25,-2.5
30,98,0,0,0.0,0.0,0.0
30,99,2,5,2.5,6.25,3.75
30,100,6,2,7.5,2.5,-5.0
30,101,0,1,0.0,1.25,1.25
30,102,2,0,2.5,0.0,-2.5
30,103,0,0,0.0,0.0,0.0
30,104,0,1,0.0,1.25,1.25
30,105,0,1,0.0,1.25,1.25
30,106,0,0,0.0,0.0,0.0
30,107,3,2,3.75,2.5,-1.25
30,108,2,2,2.5,2.5,0.0
30,109,3,3,3.75,3.75,0.0
30,110,2,2,2.5,2.5,0.0
30,111,4,2,5.0,2.5,-2.5
30,112,1,3,1.25,3.75,2.5
30,113,0,3,0.0,3.75,3.75
30,114,0,2,0.0,2.5,2.5
30,115,2,3,2.5,3.75,1.25
30,116,1,1,1.25,1.25,0.0
30,117,2,4,2.5,5.0,2.5
30,118,1,3,1.25,3.75,2.5
30,119,0,0,0.0,0.0,0.0
30,120,1,2,1.25,2.5,1.25
30,121,1,0,1.25,0.0,-1.25
30,122,1,1,1.25,1.25,0.0
30,123,0,3,0.0,3.75,3.75
30,124,3,3,3.75,3.75,0.0
30,125,3,3,3.75,3.75,0.0
30,126,1,1,1.25,1.25,0.0
30,127,3,3,3.75,3.75,0.0
30,128,0,0,0.0,0.0,0.0
30,129,0,0,0.0,0.0,0.0
30,130,2,2,2.5,2.5,0.0
30,131,2,1,2.5,1.25,-1.25
30,132,1,0,1.25,0.0,-1.25
30,133,0,1,0.0,1.25,1.25
30,134,2,3,2.5,3.75,1.25
31,0,3,1,3.75,1.25,-2.5
31,1,2,1,2.5,1.25,-1.25
31,2,1,2,1.25,2.5,1.25
31,3,5,3,6.25,3.75,-2.5
31,4,3,2,3.75,2.5,-1.25
31,5,2,1,2.5,1.25,-1.25
31,6,2,4,2.5,5.0,2.5
31,7,4,4,5.0,5.0,0.0
31,8,4,1,5.0,1.25,-3.75
31,9,7,2,8.75,2.5,-6.25
31,10,3,2,3.75,2.5,-1.25
31,11,3,4,3.75,5.0,1.25
31,12,1,2,1.25,2.5,1.25
31,13,4,4,5.0,5.0,0.0
31,14,3,0,3.75,0.0,-3.75
31,15,3,1,3.75,1.25,-2.5
31,16,1,4,1.25,5.0,3.75
31,17,5,6,6.25,7.5,1.25
31,18,3,0,3.75,0.0,-3.75
31,19,7,1,8.75,1.25,-7.5
31,20,3,1,3.75,1.25,-2.5
31,21,5,2,6.25,2.5,-3.75
31,22,4,2,5.0,2.5,-2.5
31,23,4,6,5.0,7.5,2.5
31,24,2,4,2.5,5.0,2.5
31,25,5,0,6.25,0.0,-6.25
31,26,1,5,1.25,6.25,5.0
31,27,2,5,2.5,6.25,3.75
31,28,2,4,2.5,5.0,2.5
31,29,1,5,1.25,6.25,5.0
31,30,3,0,3.75,0.0,-3.75
31,31,1,9,1.25,11.25,10.0
31,32,6,2,7.5,2.5,-5.0
31,33,2,6,2.5,7.5,5.0
31,34,4,5,5.0,6.25,1.25
31,35,0,4,0.0,5.0,5.0
31,36,3,4,3.75,5.0,1.25
31,37,0,3,0.0,3.75,3.75
31,38,1,1,1.25,1.25,0.0
31,39,3,3,3.75,3.75,0.0
31,40,0,3,0.0,3.75,3.75
31,41,1,1,1.25,1.25,0.0
31,42,1,2,1.25,2.5,1.25
31,43,2,2,2.5,2.5,0.0
31,44,1,0,1.25,0.0,-1.25
31,45,1,4,1.25,5.0,3.75
31,46,2,0,2.5,0.0,-2.5
31,47,4,2,5.0,2.5,-2.5
31,48,0,1,0.0,1.25,1.25
31,49,1,5,1.25,6.25,5.0
31,50,0,5,0.0,6.25,6.25
31,51,0,1,0.0,1.25,1.25
31,52,0,4,0.0,5.0,5.0
31,53,3,3,3.75,3.75,0.0
31,54,2,2,2.5,2.5,0.0
31,55,5,5,6.25,6.25,0.0
31,56,6,2,7.5,2.5,-5.0
31,57,2,5,2.5,6.25,3.75
31,58,2,4,2.5,5.0,2.5
31,59,0,1,0.0,1.25,1.25
31,60,1,2,1.25,2.5,1.25
31,61,1,0,1.25,0.0,-1.25
31,62,2,2,2.5,2.5,0.0
31,63,4,1,5.0,1.25,-3.75
31,64,1,2,1.25,2.5,1.25
31,65,5,2,6.25,2.5,-3.75
31,66,1,2,1.25,2.5,1.25
31,67,2,2,2.5,2.5,0.0
31,68,4,3,5.0,3.75,-1.25
31,69,6,4,7.5,5.0,-2.5
31,70,4,2,5.0,2.5,-2.5
31,71,5,3,6.25,3.75,-2.5
31,72,5,10,6.25,12.5,6.25
31,73,5,3,6.25,3.75,-2.5
31,74,2,3,2.5,3.75,1.25
31,75,2,6,2.5,7.5,5.0
31,76,6,2,7.5,2.5,-5.0
31,77,7,4,8.75,5.0,-3.75
31,78,4,7,5.0,8.75,3.75
31,79,6,3,7.5,3.75,-3.75
31,80,1,0,1.25,0.0,-1.25
31,81,7,2,8.75,2.5,-6.25
31,82,3,3,3.75,3.75,0.0
31,83,3,2,3.75,2.5,-1.25
31,84,2,2,2.5,2.5,0.0
31,85,4,3,5.0,3.75,-1.25
31,86,5,1,6.25,1.25,-5.0
31,87,6,4,7.5,5.0,-2.5
31,88,5,0,6.25,0.0,-6.25
31,89,2,6,2.5,7.5,5.0
31,90,3,3,3.75,3.75,0.0
31,91,3,8,3.75,10.0,6.25
31,92,5,2,6.25,2.5,-3.75
31,93,2,6,2.5,7.5,5.0
31,94,1,2,1.25,2.5,1.25
31,95,1,2,1.25,2.5,1.25
31,96,1,5,1.25,6.25,5.0
31,97,3,4,3.75,5.0,1.25
31,98,4,0,5.0,0.0,-5.0
31,99,4,3,5.0,3.75,-1.25
31,100,2,5,2.5,6.25,3.75
31,101,6,6,7.5,7.5,0.0
31,102,1,4,1.25,5.0,3.75
31,103,1,2,1.25,2.5,1.25
31,104,0,1,0.0,1.25,1.25
31,105,3,3,3.75,3.75,0.0
31,106,5,6,6.25,7.5,1.25
31,107,1,1,1.25,1.25,0.0
31,108,1,2,1.25,2.5,1.25
31,109,1,2,1.25,2.5,1.25
31,110,1,1,1.25,1.25,0.0
31,111,1,1,1.25,1.25,0.0
31,112,6,3,7.5,3.75,-3.75
31,113,4,2,5.0,2.5,-2.5
31,114,2,7,2.5,8.75,6.25
31,115,2,1,2.5,1.25,-1.25
31,116,6,3,7.5,3.75,-3.75
31,117,1,1,1.25,1.25,0.0
31,118,1,2,1.25,2.5,1.25
31,119,1,6,1.25,7.5,6.25
31,120,3,2,3.75,2.5,-1.25
31,121,0,2,0.0,2.5,2.5
31,122,4,2,5.0,2.5,-2.5
31,123,0,1,0.0,1.25,1.25
31,124,3,3,3.75,3.75,0.0
31,125,6,4,7.5,5.0,-2.5
31,126,2,5,2.5,6.25,3.75
31,127,7,8,8.75,10.0,1.25
31,128,3,2,3.75,2.5,-1.25
31,129,1,1,1.25,1.25,0.0
31,130,2,5,2.5,6.25,3.75
31,131,2,1,2.5,1.25,-1.25
31,132,2,4,2.5,5.0,2.5
31,133,3,0,3.75,0.0,-3.75
31,134,3,1,3.75,1.25,-2.5
32,0,2,4,2.5,5.0,2.5
32,1,3,4,3.75,5.0,1.25
32,2,7,6,8.75,7.5,-1.25
32,3,5,4,6.25,5.0,-1.25
32,4,4,7,5.0,8.75,3.75
32,5,6,3,7.5,3.75,-3.75
32,6,8,5,10.0,6.25,-3.75
32,7,5,6,6.25,7.5,1.25
32,8,4,8,5.0,10.0,5.0
32,9,8,4,10.0,5.0,-5.0
32,10,4,2,5.0,2.5,-2.5
32,11,4,9,5.0,11.25,6.25
32,12,10,3,12.5,3.75,-8.75
32,13,3,3,3.75,3.75,0.0
32,14,9,6,11.25,7.5,-3.75
32,15,5,9,6.25,11.25,5.0
32,16,4,7,5.0,8.75,3.75
32,17,0,13,0.0,16.25,16.25
32,18,3,3,3.75,3.75,0.0
32,19,2,3,2.5,3.75,1.25
32,20,1,6,1.25,7.5,6.25
32,21,5,4,6.25,5.0,-1.25
32,22,4,7,5.0,8.75,3.75
32,23,2,1,2.5,1.25,-1.25
32,24,4,2,5.0,2.5,-2.5
32,25,9,8,11.25,10.0,-1.25
32,26,2,7,2.5,8.75,6.25
32,27,4,0,5.0,0.0,-5.0
32,28,7,4,8.75,5.0,-3.75
32,29,6,12,7.5,15.0,7.5
32,30,8,7,10.0,8.75,-1.25
32,31,2,8,2.5,10.0,7.5
32,32,4,2,5.0,2.5,-2.5
32,33,2,10,2.5,12.5,10.0
32,34,3,2,3.75,2.5,-1.25
32,35,3,5,3.75,6.25,2.5
32,36,5,1,6.25,1.25,-5.0
32,37,5,1,6.25,1.25,-5.0
32,38,4,3,5.0,3.75,-1.25
32,39,8,4,10.0,5.0,-5.0
32,40,1,7,1.25,8.75,7.5
32,41,2,5,2.5,6.25,3.75
32,42,5,2,6.25,2.5,-3.75
32,43,3,3,3.75,3.75,0.0
32,44,5,5,6.25,6.25,0.0
32,45,6,3,7.5,3.75,-3.75
32,46,9,5,11.25,6.25,-5.0
32,47,6,1,7.5,1.25,-6.25
32,48,5,4,6.25,5.0,-1.25
32,49,9,2,11.25,2.5,-8.75
32,50,3,3,3.75,3.75,0.0
32,51,6,8,7.5,10.0,2.5
32,52,7,5,8.75,6.25,-2.5
32,53,5,2,6.25,2.5,-3.75
32,54,5,2,6.25,2.5,-3.75
32,55,5,13,6.25,16.25,10.0
32,56,4,7,5.0,8.75,3.75
32,57,6,4,7.5,5.0,-2.5
32,58,4,3,5.0,3.75,-1.25
32,59,5,6,6.25,7.5,1.25
32,60,2,5,2.5,6.25,3.75
32,61,0,1,0.0,1.25,1.25
32,62,5,8,6.25,10.0,3.75
32,63,6,2,7.5,2.5,-5.0
32,64,3,0,3.75,0.0,-3.75
32,65,5,9,6.25,11.25,5.0
32,66,4,2,5.0,2.5,-2.5
32,67,2,3,2.5,3.75,1.25
32,68,5,2,6.25,2.5,-3.75
32,69,6,6,7.5,7.5,0.0
32,70,2,8,2.5,10.0,7.5
32,71,7,3,8.75,3.75,-5.0
32,72,9,5,11.25,6.25,-5.0
32,73,3,4,3.75,5.0,1.25
32,74,4,7,5.0,8.75,3.75
32,75,2,2,2.5,2.5,0.0
32,76,3,3,3.75,3.75,0.0
32,77,3,6,3.75,7.5,3.75
32,78,6,3,7.5,3.75,-3.75
32,79,3,4,3.75,5.0,1.25
32,80,2,3,2.5,3.75,1.25
32,81,3,4,3.75,5.0,1.25
32,82,4,2,5.0,2.5,-2.5
32,83,3,1,3.75,1.25,-2.5
32,84,5,3,6.25,3.75,-2.5
32,85,2,3,2.5,3.75,1.25
32,86,4,1,5.0,1.25,-3.75
32,87,4,3,5.0,3.75,-1.25
32,88,4,1,5.0,1.25,-3.75
32,89,6,8,7.5,10.0,2.5
32,90,4,4,5.0,5.0,0.0
32,91,5,1,6.25,1.25,-5.0
32,92,9,3,11.25,3.75,-7.5
32,93,2,4,2.5,5.0,2.5
32,94,3,3,3.75,3.75,0.0
32,95,2,8,2.5,10.0,7.5
32,96,8,3,10.0,3.75,-6.25
32,97,4,8,5.0,10.0,5.0
32,98,7,4,8.75,5.0,-3.75
32,99,2,8,2.5,10.0,7.5
32,100,3,3,3.75,3.75,0.0
32,101,4,8,5.0,10.0,5.0
32,102,7,7,8.75,8.75,0.0
32,103,3,7,3.75,8.75,5.0
32,104,5,6,6.25,7.5,1.25
32,105,2,6,2.5,7.5,5.0
32,106,5,3,6.25,3.75,-2.5
32,107,2,5,2.5,6.25,3.75
32,108,2,4,2.5,5.0,2.5
32,109,5,8,6.25,10.0,3.75
32,110,2,7,2.5,8.75,6.25
32,111,6,7,7.5,8.75,1.25
32,112,2,4,2.5,5.0,2.5
32,113,4,3,5.0,3.75,-1.25
32,114,3,2,3.75,2.5,-1.25
32,115,2,3,2.5,3.75,1.25
32,116,2,6,2.5,7.5,5.0
32,117,3,5,3.75,6.25,2.5
32,118,8,3,10.0,3.75,-6.25
32,119,7,1,8.75,1.25,-7.5
32,120,6,4,7.5,5.0,-2.5
32,121,5,3,6.25,3.75,-2.5
32,122,5,8,6.25,10.0,3.75
32,123,8,11,10.0,13.75,3.75
32,124,0,6,0.0,7.5,7.5
32,125,2,4,2.5,5.0,2.5
32,126,4,0,5.0,0.0,-5.0
32,127,7,1,8.75,1.25,-7.5
32,128,0,5,0.0,6.25,6.25
32,129,5,4,6.25,5.0,-1.25
32,130,3,2,3.75,2.5,-1.25
32,131,3,3,3.75,3.75,0.0
32,132,3,1,3.75,1.25,-2.5
32,133,3,4,3.75,5.0,1.25
32,134,4,3,5.0,3.75,-1.25
33,0,1,2,1.25,2.5,1.25
33,1,0,0,0.0,0.0,0.0
33,2,1,0,1.25,0.0,-1.25
33,3,1,1,1.25,1.25,0.0
33,4,0,2,0.0,2.5,2.5
33,5,2,3,2.5,3.75,1.25
33,6,0,1,0.0,1.25,1.25
33,7,0,3,0.0,3.75,3.75
33,8,1,1,1.25,1.25,0.0
33,9,4,2,5.0,2.5,-2.5
33,10,0,1,0.0,1.25,1.25
33,11,0,1,0.0,1.25,1.25
33,12,2,1,2.5,1.25,-1.25
33,13,6,0,7.5,0.0,-7.5
33,14,4,4,5.0,5.0,0.0
33,15,0,0,0.0,0.0,0.0
33,16,0,0,0.0,0.0,0.0
33,17,1,2,1.25,2.5,1.25
33,18,4,0,5.0,0.0,-5.0
33,19,4,1,5.0,1.25,-3.75
33,20,4,2,5.0,2.5,-2.5
33,21,1,3,1.25,3.75,2.5
33,22,1,2,1.25,2.5,1.25
33,23,5,2,6.25,2.5,-3.75
33,24,4,2,5.0,2.5,-2.5
33,25,1,2,1.25,2.5,1.25
33,26,2,2,2.5,2.5,0.0
33,27,2,3,2.5,3.75,1.25
33,28,3,5,3.75,6.25,2.5
33,29,3,2,3.75,2.5,-1.25
33,30,1,0,1.25,0.0,-1.25
33,31,1,3,1.25,3.75,2.5
33,32,3,3,3.75,3.75,0.0
33,33,3,3,3.75,3.75,0.0
33,34,5,2,6.25,2.5,-3.75
33,35,1,2,1.25,2.5,1.25
33,36,2,4,2.5,5.0,2.5
33,37,1,6,1.25,7.5,6.25
33,38,3,1,3.75,1.25,-2.5
33,39,3,1,3.75,1.25,-2.5
33,40,0,1,0.0,1.25,1.25
33,41,0,2,0.0,2.5,2.5
33,42,3,2,3.75,2.5,-1.25
33,43,4,3,5.0,3.75,-1.25
33,44,1,4,1.25,5.0,3.75
33,45,1,2,1.25,2.5,1.25
33,46,5,1,6.25,1.25,-5.0
33,47,2,1,2.5,1.25,-1.25
33,48,4,2,5.0,2.5,-2.5
33,49,7,2,8.75,2.5,-6.25
33,50,3,2,3.75,2.5,-1.25
33,51,4,2,5.0,2.5,-2.5
33,52,3,3,3.75,3.75,0.0
33,53,5,5,6.25,6.25,0.0
33,54,3,1,3.75,1.25,-2.5
33,55,2,2,2.5,2.5,0.0
33,56,2,2,2.5,2.5,0.0
33,57,2,3,2.5,3.75,1.25
33,58,3,0,3.75,0.0,-3.75
33,59,0,0,0.0,0.0,0.0
33,60,3,1,3.75,1.25,-2.5
33,61,1,1,1.25,1.25,0.0
33,62,0,4,0.0,5.0,5.0
33,63,2,1,2.5,1.25,-1.25
33,64,4,1,5.0,1.25,-3.75
33,65,2,1,2.5,1.25,-1.25
33,66,3,1,3.75,1.25,-2.5
33,67,1,1,1.25,1.25,0.0
33,68,5,1,6.25,1.25,-5.0
33,69,4,4,5.0,5.0,0.0
33,70,1,1,1.25,1.25,0.0
33,71,3,1,3.75,1.25,-2.5
33,72,2,4,2.5,5.0,2.5
33,73,2,2,2.5,2.5,0.0
33,74,2,2,2.5,2.5,0.0
33,75,1,1,1.25,1.25,0.0
33,76,2,1,2.5,1.25,-1.25
33,77,2,6,2.5,7.5,5.0
33,78,2,6,2.5,7.5,5.0
33,79,2,3,2.5,3.75,1.25
33,80,10,3,12.5,3.75,-8.75
33,81,4,3,5.0,3.75,-1.25
33,82,2,2,2.5,2.5,0.0
33,83,2,2,2.5,2.5,0.0
33,84,2,1,2.5,1.25,-1.25
33,85,1,4,1.25,5.0,3.75
33,86,2,2,2.5,2.5,0.0
33,87,6,4,7.5,5.0,-2.5
33,88,0,1,0.0,1.25,1.25
33,89,1,4,1.25,5.0,3.75
33,90,2,3,2.5,3.75,1.25
33,91,3,4,3.75,5.0,1.25
33,92,2,4,2.5,5.0,2.5
33,93,1,5,1.25,6.25,5.0
33,94,2,6,2.5,7.5,5.0
33,95,3,4,3.75,5.0,1.25
33,96,5,5,6.25,6.25,0.0
33,97,4,1,5.0,1.25,-3.75
33,98,3,3,3.75,3.75,0.0
33,99,3,3,3.75,3.75,0.0
33,100,2,3,2.5,3.75,1.25
33,101,1,2,1.25,2.5,1.25
33,102,3,4,3.75,5.0,1.25
33,103,5,1,6.25,1.25,-5.0
33,104,5,5,6.25,6.25,0.0
33,105,3,2,3.75,2.5,-1.25
33,106,6,5,7.5,6.25,-1.25
33,107,4,5,5.0,6.25,1.25
33,108,5,1,6.25,1.25,-5.0
33,109,6,0,7.5,0.0,-7.5
33,110,0,3,0.0,3.75,3.75
33,111,1,4,1.25,5.0,3.75
33,112,0,1,0.0,1.25,1.25
33,113,1,2,1.25,2.5,1.25
33,114,0,4,0.0,5.0,5.0
33,115,1,1,1.25,1.25,0.0
33,116,2,5,2.5,6.25,3.75
33,117,0,0,0.0,0.0,0.0
33,118,0,1,0.0,1.25,1.25
33,119,4,2,5.0,2.5,-2.5
33,120,1,3,1.25,3.75,2.5
33,121,1,4,1.25,5.0,3.75
33,122,2,4,2.5,5.0,2.5
33,123,7,3,8.75,3.75,-5.0
33,124,2,1,2.5,1.25,-1.25
33,125,2,0,2.5,0.0,-2.5
33,126,2,1,2.5,1.25,-1.25
33,127,3,2,3.75,2.5,-1.25
33,128,2,2,2.5,2.5,0.0
33,129,2,4,2.5,5.0,2.5
33,130,2,0,2.5,0.0,-2.5
33,131,0,3,0.0,3.75,3.75
33,132,1,2,1.25,2.5,1.25
33,133,0,4,0.0,5.0,5.0
33,134,1,2,1.25,2.5,1.25
34,0,2,1,2.5,1.25,-1.25
34,1,0,0,0.0,0.0,0.0
34,2,1,1,1.25,1.25,0.0
34,3,1,0,1.25,0.0,-1.25
34,4,5,3,6.25,3.75,-2.5
34,5,3,4,3.75,5.0,1.25
34,6,0,3,0.0,3.75,3.75
34,7,1,1,1.25,1.25,0.0
34,8,3,2,3.75,2.5,-1.25
34,9,3,0,3.75,0.0,-3.75
34,10,2,2,2.5,2.5,0.0
34,11,1,1,1.25,1.25,0.0
34,12,3,3,3.75,3.75,0.0
34,13,3,0,3.75,0.0,-3.75
34,14,2,4,2.5,5.0,2.5
34,15,2,0,2.5,0.0,-2.5
34,16,0,0,0.0,0.0,0.0
34,17,1,0,1.25,0.0,-1.25
34,18,2,2,2.5,2.5,0.0
34,19,2,3,2.5,3.75,1.25
34,20,2,4,2.5,5.0,2.5
34,21,2,3,2.5,3.75,1.25
34,22,2,1,2.5,1.25,-1.25
34,23,2,0,2.5,0.0,-2.5
34,24,0,2,0.0,2.5,2.5
34,25,1,6,1.25,7.5,6.25
34,26,0,4,0.0,5.0,5.0
34,27,1,3,1.25,3.75,2.5
34,28,2,0,2.5,0.0,-2.5
34,29,1,1,1.25,1.25,0.0
34,30,1,0,1.25,0.0,-1.25
34,31,1,1,1.25,1.25,0.0
34,32,1,0,1.25,0.0,-1.25
34,33,2,3,2.5,3.75,1.25
34,34,4,1,5.0,1.25,-3.75
34,35,0,0,0.0,0.0,0.0
34,36,4,2,5.0,2.5,-2.5
34,37,1,0,1.25,0.0,-1.25
34,38,4,3,5.0,3.75,-1.25
34,39,2,2,2.5,2.5,0.0
34,40,1,0,1.25,0.0,-1.25
34,41,2,4,2.5,5.0,2.5
34,42,1,2,1.25,2.5,1.25
34,43,3,0,3.75,0.0,-3.75
34,44,1,2,1.25,2.5,1.25
34,45,0,3,0.0,3.75,3.75
34,46,0,1,0.0,1.25,1.25
34,47,0,0,0.0,0.0,0.0
34,48,3,1,3.75,1.25,-2.5
34,49,4,1,5.0,1.25,-3.75
34,50,2,1,2.5,1.25,-1.25
34,51,1,2,1.25,2.5,1.25
34,52,2,0,2.5,0.0,-2.5
34,53,0,0,0.0,0.0,0.0
34,54,1,2,1.25,2.5,1.25
34,55,3,3,3.75,3.75,0.0
34,56,0,1,0.0,1.25,1.25
34,57,2,0,2.5,0.0,-2.5
34,58,1,2,1.25,2.5,1.25
34,59,0,0,0.0,0.0,0.0
34,60,0,1,0.0,1.25,1.25
34,61,0,0,0.0,0.0,0.0
34,62,2,5,2.5,6.25,3.75
34,63,2,3,2.5,3.75,1.25
34,64,0,0,0.0,0.0,0.0
34,65,3,3,3.75,3.75,0.0
34,66,3,1,3.75,1.25,-2.5
34,67,0,3,0.0,3.75,3.75
34,68,0,2,0.0,2.5,2.5
34,69,6,1,7.5,1.25,-6.25
34,70,3,3,3.75,3.75,0.0
34,71,0,2,0.0,2.5,2.5
34,72,0,1,0.0,1.25,1.25
34,73,2,0,2.5,0.0,-2.5
34,74,3,2,3.75,2.5,-1.25
34,75,1,1,1.25,1.25,0.0
34,76,0,1,0.0,1.25,1.25
34,77,0,1,0.0,1.25,1.25
34,78,0,5,0.0,6.25,6.25
34,79,2,4,2.5,5.0,2.5
34,80,1,3,1.25,3.75,2.5
34,81,1,0,1.25,0.0,-1.25
34,82,2,1,2.5,1.25,-1.25
34,83,3,2,3.75,2.5,-1.25
34,84,3,3,3.75,3.75,0.0
34,85,2,2,2.5,2.5,0.0
34,86,2,3,2.5,3.75,1.25
34,87,3,1,3.75,1.25,-2.5
34,88,4,2,5.0,2.5,-2.5
34,89,3,2,3.75,2.5,-1.25
34,90,1,1,1.25,1.25,0.0
34,91,2,0,2.5,0.0,-2.5
34,92,2,4,2.5,5.0,2.5
34,93,1,0,1.25,0.0,-1.25
34,94,2,3,2.5,3.75,1.25
34,95,1,0,1.25,0.0,-1.25
34,96,1,1,1.25,1.25,0.0
34,97,1,1,1.25,1.25,0.0
34,98,2,2,2.5,2.5,0.0
34,99,2,2,2.5,2.5,0.0
34,100,2,1,2.5,1.25,-1.25
34,101,1,1,1.25,1.25,0.0
34,102,0,3,0.0,3.75,3.75
34,103,3,6,3.75,7.5,3.75
34,104,3,2,3.75,2.5,-1.25
34,105,1,4,1.25,5.0,3.75
34,106,3,2,3.75,2.5,-1.25
34,107,4,4,5.0,5.0,0.0
34,108,2,2,2.5,2.5,0.0
34,109,0,1,0.0,1.25,1.25
34,110,0,0,0.0,0.0,0.0
34,111,5,4,6.25,5.0,-1.25
34,112,3,3,3.75,3.75,0.0
34,113,2,2,2.5,2.5,0.0
34,114,4,1,5.0,1.25,-3.75
34,115,4,0,5.0,0.0,-5.0
34,116,4,2,5.0,2.5,-2.5
34,117,1,0,1.25,0.0,-1.25
34,118,0,1,0.0,1.25,1.25
34,119,3,5,3.75,6.25,2.5
34,120,1,3,1.25,3.75,2.5
34,121,1,3,1.25,3.75,2.5
34,122,1,1,1.25,1.25,0.0
34,123,3,2,3.75,2.5,-1.25
34,124,0,2,0.0,2.5,2.5
34,125,0,1,0.0,1.25,1.25
34,126,9,1,11.25,1.25,-10.0
34,127,1,0,1.25,0.0,-1.25
34,128,1,3,1.25,3.75,2.5
34,129,4,2,5.0,2.5,-2.5
34,130,2,0,2.5,0.0,-2.5
34,131,1,2,1.25,2.5,1.25
34,132,0,2,0.0,2.5,2.5
34,133,2,2,2.5,2.5,0.0
34,134,3,1,3.75,1.25,-2.5
35,0,1,0,1.25,0.0,-1.25
35,1,0,0,0.0,0.0,0.0
35,2,2,6,2.5,7.5,5.0
35,3,4,3,5.0,3.75,-1.25
35,4,0,4,0.0,5.0,5.0
35,5,1,2,1.25,2.5,1.25
35,6,2,2,2.5,2.5,0.0
35,7,2,6,2.5,7.5,5.0
35,8,2,4,2.5,5.0,2.5
35,9,4,4,5.0,5.0,0.0
35,10,2,5,2.5,6.25,3.75
35,11,5,2,6.25,2.5,-3.75
35,12,3,2,3.75,2.5,-1.25
35,13,2,3,2.5,3.75,1.25
35,14,3,0,3.75,0.0,-3.75
35,15,1,2,1.25,2.5,1.25
35,16,0,2,0.0,2.5,2.5
35,17,2,1,2.5,1.25,-1.25
35,18,2,0,2.5,0.0,-2.5
35,19,1,1,1.25,1.25,0.0
35,20,1,3,1.25,3.75,2.5
35,21,0,2,0.0,2.5,2.5
35,22,5,1,6.25,1.25,-5.0
35,23,2,3,2.5,3.75,1.25
35,24,2,1,2.5,1.25,-1.25
35,25,1,0,1.25,0.0,-1.25
35,26,2,4,2.5,5.0,2.5
35,27,2,1,2.5,1.25,-1.25
35,28,3,5,3.75,6.25,2.5
35,29,2,2,2.5,2.5,0.0
35,30,1,1,1.25,1.25,0.0
35,31,4,1,5.0,1.25,-3.75
35,32,2,4,2.5,5.0,2.5
35,33,2,1,2.5,1.25,-1.25
35,34,2,4,2.5,5.0,2.5
35,35,1,3,1.25,3.75,2.5
35,36,6,0,7.5,0.0,-7.5
35,37,6,3,7.5,3.75,-3.75
35,38,2,3,2.5,3.75,1.25
35,39,2,4,2.5,5.0,2.5
35,40,1,2,1.25,2.5,1.25
35,41,7,2,8.75,2.5,-6.25
35,42,4,1,5.0,1.25,-3.75
35,43,1,6,1.25,7.5,6.25
35,44,0,4,0.0,5.0,5.0
35,45,2,5,2.5,6.25,3.75
35,46,7,3,8.75,3.75,-5.0
35,47,3,2,3.75,2.5,-1.25
35,48,3,3,3.75,3.75,0.0
35,49,1,4,1.25,5.0,3.75
35,50,2,6,2.5,7.5,5.0
35,51,4,2,5.0,2.5,-2.5
35,52,1,4,1.25,5.0,3.75
35,53,1,3,1.25,3.75,2.5
35,54,1,3,1.25,3.75,2.5
35,55,5,4,6.25,5.0,-1.25
35,56,0,3,0.0,3.75,3.75
35,57,2,5,2.5,6.25,3.75
35,58,0,0,0.0,0.0,0.0
35,59,0,0,0.0,0.0,0.0
35,60,4,1,5.0,1.25,-3.75
35,61,2,4,2.5,5.0,2.5
35,62,1,5,1.25,6.25,5.0
35,63,4,1,5.0,1.25,-3.75
35,64,0,3,0.0,3.75,3.75
35,65,2,2,2.5,2.5,0.0
35,66,1,2,1.25,2.5,1.25
35,67,1,7,1.25,8.75,7.5
35,68,4,1,5.0,1.25,-3.75
35,69,1,6,1.25,7.5,6.25
35,70,0,2,0.0,2.5,2.5
35,71,2,2,2.5,2.5,0.0
35,72,1,1,1.25,1.25,0.0
35,73,2,1,2.5,1.25,-1.25
35,74,3,1,3.75,1.25,-2.5
35,75,3,0,3.75,0.0,-3.75
35,76,0,0,0.0,0.0,0.0
35,77,1,2,1.25,2.5,1.25
35,78,0,0,0.0,0.0,0.0
35,79,5,3,6.25,3.75,-2.5
35,80,3,1,3.75,1.25,-2.5
35,81,1,3,1.25,3.75,2.5
35,82,1,2,1.25,2.5,1.25
35,83,1,4,1.25,5.0,3.75
35,84,2,2,2.5,2.5,0.0
35,85,1,2,1.25,2.5,1.25
35,86,1,5,1.25,6.25,5.0
35,87,2,3,2.5,3.75,1.25
35,88,1,6,1.25,7.5,6.25
35,89,1,1,1.25,1.25,0.0
35,90,3,0,3.75,0.0,-3.75
35,91,1,5,1.25,6.25,5.0
35,92,0,1,0.0,1.25,1.25
35,93,3,2,3.75,2.5,-1.25
35,94,2,0,2.5,0.0,-2.5
35,95,1,0,1.25,0.0,-1.25
35,96,1,2,1.25,2.5,1.25
35,97,1,0,1.25,0.0,-1.25
35,98,2,6,2.5,7.5,5.0
35,99,3,3,3.75,3.75,0.0
35,100,2,2,2.5,2.5,0.0
35,101,3,1,3.75,1.25,-2.5
35,102,2,2,2.5,2.5,0.0
35,103,3,4,3.75,5.0,1.25
35,104,3,2,3.75,2.5,-1.25
35,105,1,0,1.25,0.0,-1.25
35,106,1,2,1.25,2.5,1.25
35,107,2,4,2.5,5.0,2.5
35,108,0,2,0.0,2.5,2.5
35,109,0,1,0.0,1.25,1.25
35,110,1,4,1.25,5.0,3.75
35,111,5,5,6.25,6.25,0.0
35,112,1,5,1.25,6.25,5.0
35,113,0,0,0.0,0.0,0.0
35,114,4,0,5.0,0.0,-5.0
35,115,1,2,1.25,2.5,1.25
35,116,0,1,0.0,1.25,1.25
35,117,1,0,1.25,0.0,-1.25
35,118,0,0,0.0,0.0,0.0
35,119,2,1,2.5,1.25,-1.25
35,120,2,3,2.5,3.75,1.25
35,121,2,3,2.5,3.75,1.25
35,122,2,0,2.5,0.0,-2.5
35,123,3,0,3.75,0.0,-3.75
35,124,0,2,0.0,2.5,2.5
35,125,0,0,0.0,0.0,0.0
35,126,0,0,0.0,0.0,0.0
35,127,2,1,2.5,1.25,-1.25
35,128,2,2,2.5,2.5,0.0
35,129,3,0,3.75,0.0,-3.75
35,130,4,4,5.0,5.0,0.0
35,131,2,6,2.5,7.5,5.0
35,132,1,5,1.25,6.25,5.0
35,133,1,4,1.25,5.0,3.75
35,134,4,5,5.0,6.25,1.25
36,0,0,0,0.0,0.0,0.0
36,1,0,0,0.0,0.0,0.0
36,2,0,0,0.0,0.0,0.0
36,3,0,0,0.0,0.0,0.0
36,4,0,0,0.0,0.0,0.0
36,5,0,0,0.0,0.0,0.0
36,6,0,0,0.0,0.0,0.0
36,7,0,0,0.0,0.0,0.0
36,8,0,0,0.0,0.0,0.0
36,9,0,0,0.0,0.0,0.0
36,10,0,0,0.0,0.0,0.0
36,11,0,0,0.0,0.0,0.0
36,12,0,0,0.0,0.0,0.0
36,13,0,0,0.0,0.0,0.0
36,14,0,0,0.0,0.0,0.0
36,15,0,0,0.0,0.0,0.0
36,16,0,0,0.0,0.0,0.0
36,17,0,0,0.0,0.0,0.0
36,18,0,0,0.0,0.0,0.0
36,19,0,0,0.0,0.0,0.0
36,20,0,0,0.0,0.0,0.0
36,21,0,0,0.0,0.0,0.0
36,22,0,0,0.0,0.0,0.0
36,23,0,0,0.0,0.0,0.0
36,24,0,0,0.0,0.0,0.0
36,25,0,0,0.0,0.0,0.0
36,26,0,0,0.0,0.0,0.0
36,27,0,0,0.0,0.0,0.0
36,28,1,0,1.25,0.0,-1.25
36,29,0,0,0.0,0.0,0.0
36,30,0,0,0.0,0.0,0.0
36,31,0,0,0.0,0.0,0.0
36,32,0,2,0.0,2.5,2.5
36,33,0,0,0.0,0.0,0.0
36,34,0,0,0.0,0.0,0.0
36,35,0,0,0.0,0.0,0.0
36,36,0,0,0.0,0.0,0.0
36,37,0,1,0.0,1.25,1.25
36,38,0,0,0.0,0.0,0.0
36,39,0,0,0.0,0.0,0.0
36,40,0,0,0.0,0.0,0.0
36,41,1,0,1.25,0.0,-1.25
36,42,0,0,0.0,0.0,0.0
36,43,0,0,0.0,0.0,0.0
36,44,0,0,0.0,0.0,0.0
36,45,0,1,0.0,1.25,1.25
36,46,1,0,1.25,0.0,-1.25
36,47,0,1,0.0,1.25,1.25
36,48,1,0,1.25,0.0,-1.25
36,49,0,0,0.0,0.0,0.0
36,50,0,0,0.0,0.0,0.0
36,51,1,2,1.25,2.5,1.25
36,52,1,1,1.25,1.25,0.0
36,53,0,0,0.0,0.0,0.0
36,54,0,0,0.0,0.0,0.0
36,55,0,0,0.0,0.0,0.0
36,56,0,0,0.0,0.0,0.0
36,57,0,1,0.0,1.25,1.25
36,58,0,0,0.0,0.0,0.0
36,59,0,0,0.0,0.0,0.0
36,60,0,0,0.0,0.0,0.0
36,61,0,0,0.0,0.0,0.0
36,62,0,0,0.0,0.0,0.0
36,63,0,0,0.0,0.0,0.0
36,64,0,0,0.0,0.0,0.0
36,65,1,0,1.25,0.0,-1.25
36,66,1,0,1.25,0.0,-1.25
36,67,0,0,0.0,0.0,0.0
36,68,0,0,0.0,0.0,0.0
36,69,2,1,2.5,1.25,-1.25
36,70,0,0,0.0,0.0,0.0
36,71,1,0,1.25,0.0,-1.25
36,72,0,0,0.0,0.0,0.0
36,73,0,0,0.0,0.0,0.0
36,74,0,1,0.0,1.25,1.25
36,75,0,0,0.0,0.0,0.0
36,76,1,4,1.25,5.0,3.75
36,77,0,1,0.0,1.25,1.25
36,78,0,0,0.0,0.0,0.0
36,79,0,0,0.0,0.0,0.0
36,80,1,0,1.25,0.0,-1.25
36,81,0,2,0.0,2.5,2.5
36,82,1,1,1.25,1.25,0.0
36,83,1,1,1.25,1.25,0.0
36,84,1,0,1.25,0.0,-1.25
36,85,0,0,0.0,0.0,0.0
36,86,0,0,0.0,0.0,0.0
36,87,0,1,0.0,1.25,1.25
36,88,1,0,1.25,0.0,-1.25
36,89,0,0,0.0,0.0,0.0
36,90,0,0,0.0,0.0,0.0
36,91,0,0,0.0,0.0,0.0
36,92,1,0,1.25,0.0,-1.25
36,93,1,1,1.25,1.25,0.0
36,94,0,0,0.0,0.0,0.0
36,95,0,0,0.0,0.0,0.0
36,96,0,0,0.0,0.0,0.0
36,97,0,2,0.0,2.5,2.5
36,98,2,0,2.5,0.0,-2.5
36,99,0,1,0.0,1.25,1.25
36,100,0,1,0.0,1.25,1.25
36,101,0,0,0.0,0.0,0.0
36,102,0,0,0.0,0.0,0.0
36,103,0,0,0.0,0.0,0.0
36,104,3,0,3.75,0.0,-3.75
36,105,1,0,1.25,0.0,-1.25
36,106,0,1,0.0,1.25,1.25
36,107,4,3,5.0,3.75,-1.25
36,108,0,0,0.0,0.0,0.0
36,109,1,0,1.25,0.0,-1.25
36,110,0,1,0.0,1.25,1.25
36,111,0,2,0.0,2.5,2.5
36,112,0,0,0.0,0.0,0.0
36,113,0,0,0.0,0.0,0.0
36,114,0,0,0.0,0.0,0.0
36,115,3,0,3.75,0.0,-3.75
36,116,1,0,1.25,0.0,-1.25
36,117,0,1,0.0,1.25,1.25
36,118,0,1,0.0,1.25,1.25
36,119,1,0,1.25,0.0,-1.25
36,120,0,0,0.0,0.0,0.0
36,121,0,0,0.0,0.0,0.0
36,122,0,0,0.0,0.0,0.0
36,123,0,0,0.0,0.0,0.0
36,124,0,0,0.0,0.0,0.0
36,125,0,0,0.0,0.0,0.0
36,126,0,0,0.0,0.0,0.0
36,127,0,0,0.0,0.0,0.0
36,128,0,0,0.0,0.0,0.0
36,129,1,0,1.25,0.0,-1.25
36,130,1,0,1.25,0.0,-1.25
36,131,0,1,0.0,1.25,1.25
36,132,0,0,0.0,0.0,0.0
36,133,0,0,0.0,0.0,0.0
36,134,0,0,0.0,0.0,0.0
37,0,1,6,1.25,7.5,6.25
37,1,4,5,5.0,6.25,1.25
37,2,8,7,10.0,8.75,-1.25
37,3,4,6,5.0,7.5,2.5
37,4,2,5,2.5,6.25,3.75
37,5,9,4,11.25,5.0,-6.25
37,6,4,4,5.0,5.0,0.0
37,7,3,8,3.75,10.0,6.25
37,8,5,4,6.25,5.0,-1.25
37,9,10,11,12.5,13.75,1.25
37,10,10,6,12.5,7.5,-5.0
37,11,5,5,6.25,6.25,0.0
37,12,7,4,8.75,5.0,-3.75
37,13,10,7,12.5,8.75,-3.75
37,14,8,22,10.0,27.5,17.5
37,15,12,6,15.0,7.5,-7.5
37,16,8,7,10.0,8.75,-1.25
37,17,4,5,5.0,6.25,1.25
37,18,8,4,10.0,5.0,-5.0
37,19,7,12,8.75,15.0,6.25
37,20,8,11,10.0,13.75,3.75
37,21,9,7,11.25,8.75,-2.5
37,22,9,7,11.25,8.75,-2.5
37,23,6,6,7.5,7.5,0.0
37,24,10,10,12.5,12.5,0.0
37,25,5,7,6.25,8.75,2.5
37,26,5,8,6.25,10.0,3.75
37,27,11,7,13.75,8.75,-5.0
37,28,10,13,12.5,16.25,3.75
37,29,7,7,8.75,8.75,0.0
37,30,6,4,7.5,5.0,-2.5
37,31,11,21,13.75,26.25,12.5
37,32,16,7,20.0,8.75,-11.25
37,33,8,9,10.0,11.25,1.25
37,34,8,10,10.0,12.5,2.5
37,35,5,11,6.25,13.75,7.5
37,36,9,8,11.25,10.0,-1.25
37,37,9,7,11.25,8.75,-2.5
37,38,10,8,12.5,10.0,-2.5
37,39,5,10,6.25,12.5,6.25
37,40,15,8,18.75,10.0,-8.75
37,41,7,10,8.75,12.5,3.75
37,42,16,16,20.0,20.0,0.0
37,43,5,8,6.25,10.0,3.75
37,44,8,3,10.0,3.75,-6.25
37,45,12,11,15.0,13.75,-1.25
37,46,5,8,6.25,10.0,3.75
37,47,7,9,8.75,11.25,2.5
37,48,10,15,12.5,18.75,6.25
37,49,9,11,11.25,13.75,2.5
37,50,4,7,5.0,8.75,3.75
37,51,9,11,11.25,13.75,2.5
37,52,9,12,11.25,15.0,3.75
37,53,14,10,17.5,12.5,-5.0
37,54,5,7,6.25,8.75,2.5
37,55,2,7,2.5,8.75,6.25
37,56,8,7,10.0,8.75,-1.25
37,57,5,12,6.25,15.0,8.75
37,58,11,8,13.75,10.0,-3.75
37,59,11,10,13.75,12.5,-1.25
37,60,6,7,7.5,8.75,1.25
37,61,11,7,13.75,8.75,-5.0
37,62,6,10,7.5,12.5,5.0
37,63,5,7,6.25,8.75,2.5
37,64,8,11,10.0,13.75,3.75
37,65,11,6,13.75,7.5,-6.25
37,66,10,9,12.5,11.25,-1.25
37,67,6,4,7.5,5.0,-2.5
37,68,8,12,10.0,15.0,5.0
37,69,4,11,5.0,13.75,8.75
37,70,7,10,8.75,12.5,3.75
37,71,6,5,7.5,6.25,-1.25
37,72,4,9,5.0,11.25,6.25
37,73,9,12,11.25,15.0,3.75
37,74,10,10,12.5,12.5,0.0
37,75,8,5,10.0,6.25,-3.75
37,76,8,11,10.0,13.75,3.75
37,77,11,11,13.75,13.75,0.0
37,78,7,18,8.75,22.5,13.75
37,79,12,10,15.0,12.5,-2.5
37,80,15,10,18.75,12.5,-6.25
37,81,10,7,12.5,8.75,-3.75
37,82,7,8,8.75,10.0,1.25
37,83,9,8,11.25,10.0,-1.25
37,84,6,6,7.5,7.5,0.0
37,85,5,9,6.25,11.25,5.0
37,86,10,6,12.5,7.5,-5.0
37,87,12,7,15.0,8.75,-6.25
37,88,12,8,15.0,10.0,-5.0
37,89,3,9,3.75,11.25,7.5
37,90,6,17,7.5,21.25,13.75
37,91,7,8,8.75,10.0,1.25
37,92,5,7,6.25,8.75,2.5
37,93,9,11,11.25,13.75,2.5
37,94,10,7,12.5,8.75,-3.75
37,95,12,6,15.0,7.5,-7.5
37,96,10,6,12.5,7.5,-5.0
37,97,10,11,12.5,13.75,1.25
37,98,9,7,11.25,8.75,-2.5
37,99,8,5,10.0,6.25,-3.75
37,100,7,6,8.75,7.5,-1.25
37,101,9,7,11.25,8.75,-2.5
37,102,9,9,11.25,11.25,0.0
37,103,13,9,16.25,11.25,-5.0
37,104,12,10,15.0,12.5,-2.5
37,105,16,17,20.0,21.25,1.25
37,106,7,11,8.75,13.75,5.0
37,107,6,8,7.5,10.0,2.5
37,108,5,6,6.25,7.5,1.25
37,109,9,6,11.25,7.5,-3.75
37,110,14,6,17.5,7.5,-10.0
37,111,1,5,1.25,6.25,5.0
37,112,8,12,10.0,15.0,5.0
37,113,10,11,12.5,13.75,1.25
37,114,6,11,7.5,13.75,6.25
37,115,10,5,12.5,6.25,-6.25
37,116,8,9,10.0,11.25,1.25
37,117,11,3,13.75,3.75,-10.0
37,118,5,10,6.25,12.5,6.25
37,119,14,10,17.5,12.5,-5.0
37,120,5,7,6.25,8.75,2.5
37,121,5,8,6.25,10.0,3.75
37,122,8,7,10.0,8.75,-1.25
37,123,7,9,8.75,11.25,2.5
37,124,5,7,6.25,8.75,2.5
37,125,6,3,7.5,3.75,-3.75
37,126,5,9,6.25,11.25,5.0
37,127,4,4,5.0,5.0,0.0
37,128,10,9,12.5,11.25,-1.25
37,129,10,10,12.5,12.5,0.0
37,130,9,6,11.25,7.5,-3.75
37,131,10,10,12.5,12.5,0.0
37,132,8,10,10.0,12.5,2.5
37,133,7,11,8.75,13.75,5.0
37,134,5,4,6.25,5.0,-1.25
38,0,7,6,8.75,7.5,-1.25
38,1,7,13,8.75,16.25,7.5
38,2,11,11,13.75,13.75,0.0
38,3,8,8,10.0,10.0,0.0
38,4,7,10,8.75,12.5,3.75
38,5,9,10,11.25,12.5,1.25
38,6,10,8,12.5,10.0,-2.5
38,7,3,7,3.75,8.75,5.0
38,8,6,4,7.5,5.0,-2.5
38,9,11,7,13.75,8.75,-5.0
38,10,9,3,11.25,3.75,-7.5
38,11,6,10,7.5,12.5,5.0
38,12,7,2,8.75,2.5,-6.25
38,13,6,6,7.5,7.5,0.0
38,14,3,10,3.75,12.5,8.75
38,15,9,3,11.25,3.75,-7.5
38,16,7,5,8.75,6.25,-2.5
38,17,5,5,6.25,6.25,0.0
38,18,5,10,6.25,12.5,6.25
38,19,3,2,3.75,2.5,-1.25
38,20,4,3,5.0,3.75,-1.25
38,21,6,11,7.5,13.75,6.25
38,22,3,2,3.75,2.5,-1.25
38,23,6,3,7.5,3.75,-3.75
38,24,5,3,6.25,3.75,-2.5
38,25,3,7,3.75,8.75,5.0
38,26,3,8,3.75,10.0,6.25
38,27,3,4,3.75,5.0,1.25
38,28,3,5,3.75,6.25,2.5
38,29,4,5,5.0,6.25,1.25
38,30,3,5,3.75,6.25,2.5
38,31,3,7,3.75,8.75,5.0
38,32,8,4,10.0,5.0,-5.0
38,33,5,8,6.25,10.0,3.75
38,34,5,6,6.25,7.5,1.25
38,35,6,8,7.5,10.0,2.5
38,36,2,10,2.5,12.5,10.0
38,37,5,4,6.25,5.0,-1.25
38,38,6,7,7.5,8.75,1.25
38,39,2,1,2.5,1.25,-1.25
38,40,6,2,7.5,2.5,-5.0
38,41,7,2,8.75,2.5,-6.25
38,42,3,4,3.75,5.0,1.25
38,43,1,8,1.25,10.0,8.75
38,44,8,1,10.0,1.25,-8.75
38,45,3,3,3.75,3.75,0.0
38,46,3,4,3.75,5.0,1.25
38,47,4,1,5.0,1.25,-3.75
38,48,1,3,1.25,3.75,2.5
38,49,6,3,7.5,3.75,-3.75
38,50,0,2,0.0,2.5,2.5
38,51,4,1,5.0,1.25,-3.75
38,52,2,4,2.5,5.0,2.5
38,53,4,9,5.0,11.25,6.25
38,54,0,5,0.0,6.25,6.25
38,55,3,4,3.75,5.0,1.25
38,56,3,2,3.75,2.5,-1.25
38,57,6,7,7.5,8.75,1.25
38,58,3,1,3.75,1.25,-2.5
38,59,4,4,5.0,5.0,0.0
38,60,0,4,0.0,5.0,5.0
38,61,6,2,7.5,2.5,-5.0
38,62,4,4,5.0,5.0,0.0
38,63,2,3,2.5,3.75,1.25
38,64,2,2,2.5,2.5,0.0
38,65,2,3,2.5,3.75,1.25
38,66,4,1,5.0,1.25,-3.75
38,67,0,7,0.0,8.75,8.75
38,68,3,8,3.75,10.0,6.25
38,69,6,3,7.5,3.75,-3.75
38,70,5,5,6.25,6.25,0.0
38,71,7,2,8.75,2.5,-6.25
38,72,5,5,6.25,6.25,0.0
38,73,3,1,3.75,1.25,-2.5
38,74,2,2,2.5,2.5,0.0
38,75,3,4,3.75,5.0,1.25
38,76,3,3,3.75,3.75,0.0
38,77,4,9,5.0,11.25,6.25
38,78,3,7,3.75,8.75,5.0
38,79,5,5,6.25,6.25,0.0
38,80,4,2,5.0,2.5,-2.5
38,81,1,5,1.25,6.25,5.0
38,82,9,3,11.25,3.75,-7.5
38,83,6,9,7.5,11.25,3.75
38,84,3,7,3.75,8.75,5.0
38,85,5,1,6.25,1.25,-5.0
38,86,6,6,7.5,7.5,0.0
38,87,2,7,2.5,8.75,6.25
38,88,4,3,5.0,3.75,-1.25
38,89,7,4,8.75,5.0,-3.75
38,90,7,5,8.75,6.25,-2.5
38,91,6,4,7.5,5.0,-2.5
38,92,6,2,7.5,2.5,-5.0
38,93,2,6,2.5,7.5,5.0
38,94,8,5,10.0,6.25,-3.75
38,95,2,8,2.5,10.0,7.5
38,96,8,10,10.0,12.5,2.5
38,97,5,5,6.25,6.25,0.0
38,98,11,0,13.75,0.0,-13.75
38,99,8,6,10.0,7.5,-2.5
38,100,8,6,10.0,7.5,-2.5
38,101,5,7,6.25,8.75,2.5
38,102,6,7,7.5,8.75,1.25
38,103,5,3,6.25,3.75,-2.5
38,104,7,3,8.75,3.75,-5.0
38,105,3,7,3.75,8.75,5.0
38,106,7,3,8.75,3.75,-5.0
38,107,3,3,3.75,3.75,0.0
38,108,2,4,2.5,5.0,2.5
38,109,4,2,5.0,2.5,-2.5
38,110,3,4,3.75,5.0,1.25
38,111,2,6,2.5,7.5,5.0
38,112,3,4,3.75,5.0,1.25
38,113,3,4,3.75,5.0,1.25
38,114,4,1,5.0,1.25,-3.75
38,115,4,9,5.0,11.25,6.25
38,116,3,4,3.75,5.0,1.25
38,117,3,3,3.75,3.75,0.0
38,118,4,2,5.0,2.5,-2.5
38,119,3,2,3.75,2.5,-1.25
38,120,4,5,5.0,6.25,1.25
38,121,5,4,6.25,5.0,-1.25
38,122,3,4,3.75,5.0,1.25
38,123,4,4,5.0,5.0,0.0
38,124,8,4,10.0,5.0,-5.0
38,125,6,4,7.5,5.0,-2.5
38,126,7,4,8.75,5.0,-3.75
38,127,3,5,3.75,6.25,2.5
38,128,2,4,2.5,5.0,2.5
38,129,7,3,8.75,3.75,-5.0
38,130,1,3,1.25,3.75,2.5
38,131,0,1,0.0,1.25,1.25
38,132,3,0,3.75,0.0,-3.75
38,133,1,2,1.25,2.5,1.25
38,134,4,4,5.0,5.0,0.0
39,0,0,0,0.0,0.0,0.0
39,1,0,0,0.0,0.0,0.0
39,2,0,0,0.0,0.0,0.0
39,3,0,0,0.0,0.0,0.0
39,4,0,0,0.0,0.0,0.0
39,5,0,0,0.0,0.0,0.0
39,6,0,0,0.0,0.0,0.0
39,7,0,0,0.0,0.0,0.0
39,8,0,0,0.0,0.0,0.0
39,9,0,0,0.0,0.0,0.0
39,10,0,0,0.0,0.0,0.0
39,11,0,0,0.0,0.0,0.0
39,12,0,0,0.0,0.0,0.0
39,13,0,0,0.0,0.0,0.0
39,14,0,0,0.0,0.0,0.0
39,15,0,0,0.0,0.0,0.0
39,16,0,0,0.0,0.0,0.0
39,17,0,0,0.0,0.0,0.0
39,18,0,0,0.0,0.0,0.0
39,19,0,0,0.0,0.0,0.0
39,20,1,0,1.25,0.0,-1.25
39,21,0,0,0.0,0.0,0.0
39,22,0,0,0.0,0.0,0.0
39,23,0,0,0.0,0.0,0.0
39,24,0,1,0.0,1.25,1.25
39,25,0,0,0.0,0.0,0.0
39,26,1,0,1.25,0.0,-1.25
39,27,0,1,0.0,1.25,1.25
39,28,1,2,1.25,2.5,1.25
39,29,1,1,1.25,1.25,0.0
39,30,1,0,1.25,0.0,-1.25
39,31,0,0,0.0,0.0,0.0
39,32,1,0,1.25,0.0,-1.25
39,33,1,2,1.25,2.5,1.25
39,34,2,1,2.5,1.25,-1.25
39,35,2,2,2.5,2.5,0.0
39,36,1,0,1.25,0.0,-1.25
39,37,0,1,0.0,1.25,1.25
39,38,0,1,0.0,1.25,1.25
39,39,0,0,0.0,0.0,0.0
39,40,0,0,0.0,0.0,0.0
39,41,0,2,0.0,2.5,2.5
39,42,2,1,2.5,1.25,-1.25
39,43,1,0,1.25,0.0,-1.25
39,44,0,1,0.0,1.25,1.25
39,45,0,1,0.0,1.25,1.25
39,46,0,3,0.0,3.75,3.75
39,47,0,1,0.0,1.25,1.25
39,48,2,0,2.5,0.0,-2.5
39,49,2,0,2.5,0.0,-2.5
39,50,0,3,0.0,3.75,3.75
39,51,2,1,2.5,1.25,-1.25
39,52,1,0,1.25,0.0,-1.25
39,53,0,2,0.0,2.5,2.5
39,54,1,0,1.25,0.0,-1.25
39,55,0,1,0.0,1.25,1.25
39,56,0,1,0.0,1.25,1.25
39,57,0,0,0.0,0.0,0.0
39,58,2,0,2.5,0.0,-2.5
39,59,2,0,2.5,0.0,-2.5
39,60,3,0,3.75,0.0,-3.75
39,61,0,1,0.0,1.25,1.25
39,62,0,1,0.0,1.25,1.25
39,63,0,1,0.0,1.25,1.25
39,64,2,0,2.5,0.0,-2.5
39,65,0,1,0.0,1.25,1.25
39,66,2,3,2.5,3.75,1.25
39,67,1,0,1.25,0.0,-1.25
39,68,3,2,3.75,2.5,-1.25
39,69,1,1,1.25,1.25,0.0
39,70,1,1,1.25,1.25,0.0
39,71,2,0,2.5,0.0,-2.5
39,72,0,0,0.0,0.0,0.0
39,73,0,0,0.0,0.0,0.0
39,74,1,0,1.25,0.0,-1.25
39,75,0,0,0.0,0.0,0.0
39,76,0,1,0.0,1.25,1.25
39,77,1,0,1.25,0.0,-1.25
39,78,0,0,0.0,0.0,0.0
39,79,0,0,0.0,0.0,0.0
39,80,1,0,1.25,0.0,-1.25
39,81,3,1,3.75,1.25,-2.5
39,82,1,1,1.25,1.25,0.0
39,83,0,0,0.0,0.0,0.0
39,84,2,1,2.5,1.25,-1.25
39,85,1,1,1.25,1.25,0.0
39,86,1,3,1.25,3.75,2.5
39,87,0,0,0.0,0.0,0.0
39,88,1,1,1.25,1.25,0.0
39,89,1,1,1.25,1.25,0.0
39,90,0,0,0.0,0.0,0.0
39,91,0,1,0.0,1.25,1.25
39,92,0,0,0.0,0.0,0.0
39,93,1,0,1.25,0.0,-1.25
39,94,0,1,0.0,1.25,1.25
39,95,2,1,2.5,1.25,-1.25
39,96,1,1,1.25,1.25,0.0
39,97,1,0,1.25,0.0,-1.25
39,98,3,0,3.75,0.0,-3.75
39,99,0,2,0.0,2.5,2.5
39,100,1,0,1.25,0.0,-1.25
39,101,0,0,0.0,0.0,0.0
39,102,1,1,1.25,1.25,0.0
39,103,0,2,0.0,2.5,2.5
39,104,0,0,0.0,0.0,0.0
39,105,1,1,1.25,1.25,0.0
39,106,1,0,1.25,0.0,-1.25
39,107,0,1,0.0,1.25,1.25
39,108,1,3,1.25,3.75,2.5
39,109,0,1,0.0,1.25,1.25
39,110,0,0,0.0,0.0,0.0
39,111,1,2,1.25,2.5,1.25
39,112,2,1,2.5,1.25,-1.25
39,113,0,1,0.0,1.25,1.25
39,114,1,1,1.25,1.25,0.0
39,115,1,1,1.25,1.25,0.0
39,116,2,3,2.5,3.75,1.25
39,117,2,1,2.5,1.25,-1.25
39,118,0,0,0.0,0.0,0.0
39,119,0,0,0.0,0.0,0.0
39,120,0,0,0.0,0.0,0.0
39,121,0,1,0.0,1.25,1.25
39,122,1,1,1.25,1.25,0.0
39,123,2,0,2.5,0.0,-2.5
39,124,1,1,1.25,1.25,0.0
39,125,1,2,1.25,2.5,1.25
39,126,2,0,2.5,0.0,-2.5
39,127,0,0,0.0,0.0,0.0
39,128,0,0,0.0,0.0,0.0
39,129,1,2,1.25,2.5,1.25
39,130,2,0,2.5,0.0,-2.5
39,131,1,1,1.25,1.25,0.0
39,132,2,2,2.5,2.5,0.0
39,133,2,1,2.5,1.25,-1.25
39,134,0,1,0.0,1.25,1.25
40,0,0,0,0.0,0.0,0.0
40,1,0,0,0.0,0.0,0.0
40,2,0,0,0.0,0.0,0.0
40,3,0,0,0.0,0.0,0.0
40,4,0,0,0.0,0.0,0.0
40,5,0,0,0.0,0.0,0.0
40,6,0,0,0.0,0.0,0.0
40,7,0,0,0.0,0.0,0.0
40,8,0,0,0.0,0.0,0.0
40,9,0,0,0.0,0.0,0.0
40,10,0,0,0.0,0.0,0.0
40,11,0,0,0.0,0.0,0.0
40,12,0,0,0.0,0.0,0.0
40,13,0,0,0.0,0.0,0.0
40,14,0,0,0.0,0.0,0.0
40,15,0,0,0.0,0.0,0.0
40,16,0,0,0.0,0.0,0.0
40,17,0,0,0.0,0.0,0.0
40,18,0,0,0.0,0.0,0.0
40,19,0,0,0.0,0.0,0.0
40,20,0,0,0.0,0.0,0.0
40,21,0,0,0.0,0.0,0.0
40,22,0,0,0.0,0.0,0.0
40,23,1,0,1.25,0.0,-1.25
40,24,0,0,0.0,0.0,0.0
40,25,0,0,0.0,0.0,0.0
40,26,0,0,0.0,0.0,0.0
40,27,0,0,0.0,0.0,0.0
40,28,0,0,0.0,0.0,0.0
40,29,0,0,0.0,0.0,0.0
40,30,0,0,0.0,0.0,0.0
40,31,0,1,0.0,1.25,1.25
40,32,0,1,0.0,1.25,1.25
40,33,0,0,0.0,0.0,0.0
40,34,0,0,0.0,0.0,0.0
40,35,0,0,0.0,0.0,0.0
40,36,1,0,1.25,0.0,-1.25
40,37,0,2,0.0,2.5,2.5
40,38,1,4,1.25,5.0,3.75
40,39,1,1,1.25,1.25,0.0
40,40,3,1,3.75,1.25,-2.5
40,41,3,2,3.75,2.5,-1.25
40,42,2,4,2.5,5.0,2.5
40,43,0,0,0.0,0.0,0.0
40,44,1,0,1.25,0.0,-1.25
40,45,2,2,2.5,2.5,0.0
40,46,1,1,1.25,1.25,0.0
40,47,1,0,1.25,0.0,-1.25
40,48,1,4,1.25,5.0,3.75
40,49,5,1,6.25,1.25,-5.0
40,50,1,2,1.25,2.5,1.25
40,51,0,1,0.0,1.25,1.25
40,52,1,0,1.25,0.0,-1.25
40,53,3,2,3.75,2.5,-1.25
40,54,2,1,2.5,1.25,-1.25
40,55,1,2,1.25,2.5,1.25
40,56,2,0,2.5,0.0,-2.5
40,57,1,3,1.25,3.75,2.5
40,58,1,0,1.25,0.0,-1.25
40,59,1,4,1.25,5.0,3.75
40,60,4,4,5.0,5.0,0.0
40,61,4,4,5.0,5.0,0.0
40,62,1,1,1.25,1.25,0.0
40,63,2,2,2.5,2.5,0.0
40,64,2,2,2.5,2.5,0.0
40,65,4,1,5.0,1.25,-3.75
40,66,4,6,5.0,7.5,2.5
40,67,2,1,2.5,1.25,-1.25
40,68,2,2,2.5,2.5,0.0
40,69,3,0,3.75,0.0,-3.75
40,70,1,1,1.25,1.25,0.0
40,71,1,5,1.25,6.25,5.0
40,72,5,6,6.25,7.5,1.25
40,73,2,2,2.5,2.5,0.0
40,74,4,2,5.0,2.5,-2.5
40,75,1,1,1.25,1.25,0.0
40,76,2,3,2.5,3.75,1.25
40,77,3,3,3.75,3.75,0.0
40,78,4,0,5.0,0.0,-5.0
40,79,1,3,1.25,3.75,2.5
40,80,3,1,3.75,1.25,-2.5
40,81,2,1,2.5,1.25,-1.25
40,82,0,1,0.0,1.25,1.25
40,83,1,2,1.25,2.5,1.25
40,84,2,2,2.5,2.5,0.0
40,85,2,3,2.5,3.75,1.25
40,86,1,3,1.25,3.75,2.5
40,87,3,3,3.75,3.75,0.0
40,88,0,3,0.0,3.75,3.75
40,89,2,3,2.5,3.75,1.25
40,90,2,2,2.5,2.5,0.0
40,91,5,1,6.25,1.25,-5.0
40,92,2,0,2.5,0.0,-2.5
40,93,6,4,7.5,5.0,-2.5
40,94,3,2,3.75,2.5,-1.25
40,95,2,6,2.5,7.5,5.0
40,96,10,1,12.5,1.25,-11.25
40,97,0,6,0.0,7.5,7.5
40,98,5,1,6.25,1.25,-5.0
40,99,1,5,1.25,6.25,5.0
40,100,2,1,2.5,1.25,-1.25
40,101,0,0,0.0,0.0,0.0
40,102,2,0,2.5,0.0,-2.5
40,103,2,4,2.5,5.0,2.5
40,104,3,2,3.75,2.5,-1.25
40,105,3,1,3.75,1.25,-2.5
40,106,0,1,0.0,1.25,1.25
40,107,1,3,1.25,3.75,2.5
40,108,2,2,2.5,2.5,0.0
40,109,1,2,1.25,2.5,1.25
40,110,4,4,5.0,5.0,0.0
40,111,1,1,1.25,1.25,0.0
40,112,3,5,3.75,6.25,2.5
40,113,1,3,1.25,3.75,2.5
40,114,3,4,3.75,5.0,1.25
40,115,1,3,1.25,3.75,2.5
40,116,1,0,1.25,0.0,-1.25
40,117,0,2,0.0,2.5,2.5
40,118,1,4,1.25,5.0,3.75
40,119,2,2,2.5,2.5,0.0
40,120,3,6,3.75,7.5,3.75
40,121,3,2,3.75,2.5,-1.25
40,122,0,2,0.0,2.5,2.5
40,123,1,4,1.25,5.0,3.75
40,124,0,2,0.0,2.5,2.5
40,125,2,0,2.5,0.0,-2.5
40,126,2,1,2.5,1.25,-1.25
40,127,2,1,2.5,1.25,-1.25
40,128,1,3,1.25,3.75,2.5
40,129,0,1,0.0,1.25,1.25
40,130,2,0,2.5,0.0,-2.5
40,131,1,2,1.25,2.5,1.25
40,132,3,2,3.75,2.5,-1.25
40,133,0,1,0.0,1.25,1.25
40,134,3,1,3.75,1.25,-2.5
41,0,0,0,0.0,0.0,0.0
41,1,0,1,0.0,1.25,1.25
41,2,0,0,0.0,0.0,0.0
41,3,0,1,0.0,1.25,1.25
41,4,0,0,0.0,0.0,0.0
41,5,0,0,0.0,0.0,0.0
41,6,0,0,0.0,0.0,0.0
41,7,0,0,0.0,0.0,0.0
41,8,0,0,0.0,0.0,0.0
41,9,1,0,1.25,0.0,-1.25
41,10,0,0,0.0,0.0,0.0
41,11,0,0,0.0,0.0,0.0
41,12,3,0,3.75,0.0,-3.75
41,13,0,0,0.0,0.0,0.0
41,14,0,0,0.0,0.0,0.0
41,15,0,0,0.0,0.0,0.0
41,16,0,0,0.0,0.0,0.0
41,17,0,0,0.0,0.0,0.0
41,18,0,1,0.0,1.25,1.25
41,19,0,1,0.0,1.25,1.25
41,20,0,1,0.0,1.25,1.25
41,21,0,0,0.0,0.0,0.0
41,22,0,0,0.0,0.0,0.0
41,23,0,1,0.0,1.25,1.25
41,24,1,0,1.25,0.0,-1.25
41,25,0,0,0.0,0.0,0.0
41,26,0,1,0.0,1.25,1.25
41,27,0,1,0.0,1.25,1.25
41,28,1,0,1.25,0.0,-1.25
41,29,1,0,1.25,0.0,-1.25
41,30,0,0,0.0,0.0,0.0
41,31,1,1,1.25,1.25,0.0
41,32,2,0,2.5,0.0,-2.5
41,33,0,0,0.0,0.0,0.0
41,34,0,1,0.0,1.25,1.25
41,35,1,0,1.25,0.0,-1.25
41,36,0,0,0.0,0.0,0.0
41,37,0,0,0.0,0.0,0.0
41,38,1,0,1.25,0.0,-1.25
41,39,0,0,0.0,0.0,0.0
41,40,0,0,0.0,0.0,0.0
41,41,0,1,0.0,1.25,1.25
41,42,0,0,0.0,0.0,0.0
41,43,0,1,0.0,1.25,1.25
41,44,1,1,1.25,1.25,0.0
41,45,1,1,1.25,1.25,0.0
41,46,0,2,0.0,2.5,2.5
41,47,0,1,0.0,1.25,1.25
41,48,0,0,0.0,0.0,0.0
41,49,2,0,2.5,0.0,-2.5
41,50,1,3,1.25,3.75,2.5
41,51,0,0,0.0,0.0,0.0
41,52,0,0,0.0,0.0,0.0
41,53,0,0,0.0,0.0,0.0
41,54,1,1,1.25,1.25,0.0
41,55,0,1,0.0,1.25,1.25
41,56,1,0,1.25,0.0,-1.25
41,57,0,0,0.0,0.0,0.0
41,58,1,1,1.25,1.25,0.0
41,59,0,1,0.0,1.25,1.25
41,60,0,1,0.0,1.25,1.25
41,61,0,1,0.0,1.25,1.25
41,62,0,2,0.0,2.5,2.5
41,63,1,1,1.25,1.25,0.0
41,64,2,1,2.5,1.25,-1.25
41,65,0,0,0.0,0.0,0.0
41,66,0,1,0.0,1.25,1.25
41,67,1,0,1.25,0.0,-1.25
41,68,3,0,3.75,0.0,-3.75
41,69,0,1,0.0,1.25,1.25
41,70,0,2,0.0,2.5,2.5
41,71,1,1,1.25,1.25,0.0
41,72,1,2,1.25,2.5,1.25
41,73,1,1,1.25,1.25,0.0
41,74,1,0,1.25,0.0,-1.25
41,75,0,0,0.0,0.0,0.0
41,76,1,0,1.25,0.0,-1.25
41,77,0,1,0.0,1.25,1.25
41,78,0,1,0.0,1.25,1.25
41,79,0,0,0.0,0.0,0.0
41,80,1,0,1.25,0.0,-1.25
41,81,2,2,2.5,2.5,0.0
41,82,2,3,2.5,3.75,1.25
41,83,0,4,0.0,5.0,5.0
41,84,0,1,0.0,1.25,1.25
41,85,0,2,0.0,2.5,2.5
41,86,2,1,2.5,1.25,-1.25
41,87,0,1,0.0,1.25,1.25
41,88,2,1,2.5,1.25,-1.25
41,89,1,1,1.25,1.25,0.0
41,90,0,2,0.0,2.5,2.5
41,91,0,0,0.0,0.0,0.0
41,92,1,0,1.25,0.0,-1.25
41,93,0,3,0.0,3.75,3.75
41,94,1,1,1.25,1.25,0.0
41,95,1,0,1.25,0.0,-1.25
41,96,2,1,2.5,1.25,-1.25
41,97,0,0,0.0,0.0,0.0
41,98,0,1,0.0,1.25,1.25
41,99,0,3,0.0,3.75,3.75
41,100,0,0,0.0,0.0,0.0
41,101,0,0,0.0,0.0,0.0
41,102,1,1,1.25,1.25,0.0
41,103,1,1,1.25,1.25,0.0
41,104,3,0,3.75,0.0,-3.75
41,105,2,2,2.5,2.5,0.0
41,106,1,0,1.25,0.0,-1.25
41,107,6,7,7.5,8.75,1.25
41,108,0,0,0.0,0.0,0.0
41,109,1,0,1.25,0.0,-1.25
41,110,0,0,0.0,0.0,0.0
41,111,0,3,0.0,3.75,3.75
41,112,0,1,0.0,1.25,1.25
41,113,1,2,1.25,2.5,1.25
41,114,2,2,2.5,2.5,0.0
41,115,2,1,2.5,1.25,-1.25
41,116,1,2,1.25,2.5,1.25
41,117,1,0,1.25,0.0,-1.25
41,118,0,0,0.0,0.0,0.0
41,119,2,3,2.5,3.75,1.25
41,120,1,2,1.25,2.5,1.25
41,121,0,0,0.0,0.0,0.0
41,122,0,0,0.0,0.0,0.0
41,123,1,1,1.25,1.25,0.0
41,124,1,1,1.25,1.25,0.0
41,125,0,0,0.0,0.0,0.0
41,126,0,1,0.0,1.25,1.25
41,127,1,0,1.25,0.0,-1.25
41,128,2,3,2.5,3.75,1.25
41,129,1,1,1.25,1.25,0.0
41,130,1,3,1.25,3.75,2.5
41,131,0,0,0.0,0.0,0.0
41,132,2,3,2.5,3.75,1.25
41,133,0,2,0.0,2.5,2.5
41,134,1,1,1.25,1.25,0.0
42,0,1,1,1.25,1.25,0.0
42,1,1,0,1.25,0.0,-1.25
42,2,3,0,3.75,0.0,-3.75
42,3,1,0,1.25,0.0,-1.25
42,4,0,0,0.0,0.0,0.0
42,5,1,0,1.25,0.0,-1.25
42,6,0,1,0.0,1.25,1.25
42,7,1,2,1.25,2.5,1.25
42,8,1,2,1.25,2.5,1.25
42,9,4,4,5.0,5.0,0.0
42,10,4,0,5.0,0.0,-5.0
42,11,2,1,2.5,1.25,-1.25
42,12,1,2,1.25,2.5,1.25
42,13,2,1,2.5,1.25,-1.25
42,14,2,3,2.5,3.75,1.25
42,15,3,0,3.75,0.0,-3.75
42,16,1,1,1.25,1.25,0.0
42,17,3,2,3.75,2.5,-1.25
42,18,5,1,6.25,1.25,-5.0
42,19,0,5,0.0,6.25,6.25
42,20,6,2,7.5,2.5,-5.0
42,21,2,1,2.5,1.25,-1.25
42,22,2,0,2.5,0.0,-2.5
42,23,1,2,1.25,2.5,1.25
42,24,0,0,0.0,0.0,0.0
42,25,2,0,2.5,0.0,-2.5
42,26,3,2,3.75,2.5,-1.25
42,27,4,0,5.0,0.0,-5.0
42,28,4,4,5.0,5.0,0.0
42,29,3,0,3.75,0.0,-3.75
42,30,0,1,0.0,1.25,1.25
42,31,1,7,1.25,8.75,7.5
42,32,1,1,1.25,1.25,0.0
42,33,2,3,2.5,3.75,1.25
42,34,3,2,3.75,2.5,-1.25
42,35,2,2,2.5,2.5,0.0
42,36,4,0,5.0,0.0,-5.0
42,37,1,0,1.25,0.0,-1.25
42,38,1,2,1.25,2.5,1.25
42,39,1,2,1.25,2.5,1.25
42,40,3,2,3.75,2.5,-1.25
42,41,1,2,1.25,2.5,1.25
42,42,0,3,0.0,3.75,3.75
42,43,1,1,1.25,1.25,0.0
42,44,0,2,0.0,2.5,2.5
42,45,1,3,1.25,3.75,2.5
42,46,2,4,2.5,5.0,2.5
42,47,1,3,1.25,3.75,2.5
42,48,3,2,3.75,2.5,-1.25
42,49,2,2,2.5,2.5,0.0
42,50,2,3,2.5,3.75,1.25
42,51,3,6,3.75,7.5,3.75
42,52,2,2,2.5,2.5,0.0
42,53,2,3,2.5,3.75,1.25
42,54,2,1,2.5,1.25,-1.25
42,55,1,6,1.25,7.5,6.25
42,56,5,2,6.25,2.5,-3.75
42,57,1,1,1.25,1.25,0.0
42,58,1,0,1.25,0.0,-1.25
42,59,0,0,0.0,0.0,0.0
42,60,0,1,0.0,1.25,1.25
42,61,2,0,2.5,0.0,-2.5
42,62,1,3,1.25,3.75,2.5
42,63,0,2,0.0,2.5,2.5
42,64,2,3,2.5,3.75,1.25
42,65,1,1,1.25,1.25,0.0
42,66,2,0,2.5,0.0,-2.5
42,67,0,2,0.0,2.5,2.5
42,68,2,3,2.5,3.75,1.25
42,69,1,2,1.25,2.5,1.25
42,70,0,6,0.0,7.5,7.5
42,71,1,1,1.25,1.25,0.0
42,72,5,3,6.25,3.75,-2.5
42,73,1,2,1.25,2.5,1.25
42,74,2,1,2.5,1.25,-1.25
42,75,1,0,1.25,0.0,-1.25
42,76,2,1,2.5,1.25,-1.25
42,77,2,3,2.5,3.75,1.25
42,78,3,3,3.75,3.75,0.0
42,79,2,1,2.5,1.25,-1.25
42,80,0,1,0.0,1.25,1.25
42,81,2,4,2.5,5.0,2.5
42,82,4,1,5.0,1.25,-3.75
42,83,1,1,1.25,1.25,0.0
42,84,1,1,1.25,1.25,0.0
42,85,2,3,2.5,3.75,1.25
42,86,2,3,2.5,3.75,1.25
42,87,0,1,0.0,1.25,1.25
42,88,2,1,2.5,1.25,-1.25
42,89,2,3,2.5,3.75,1.25
42,90,2,4,2.5,5.0,2.5
42,91,0,2,0.0,2.5,2.5
42,92,2,0,2.5,0.0,-2.5
42,93,1,3,1.25,3.75,2.5
42,94,1,1,1.25,1.25,0.0
42,95,1,2,1.25,2.5,1.25
42,96,2,1,2.5,1.25,-1.25
42,97,3,2,3.75,2.5,-1.25
42,98,1,1,1.25,1.25,0.0
42,99,1,0,1.25,0.0,-1.25
42,100,2,4,2.5,5.0,2.5
42,101,1,0,1.25,0.0,-1.25
42,102,0,1,0.0,1.25,1.25
42,103,2,0,2.5,0.0,-2.5
42,104,1,0,1.25,0.0,-1.25
42,105,0,1,0.0,1.25,1.25
42,106,2,2,2.5,2.5,0.0
42,107,3,4,3.75,5.0,1.25
42,108,2,4,2.5,5.0,2.5
42,109,5,0,6.25,0.0,-6.25
42,110,2,0,2.5,0.0,-2.5
42,111,1,6,1.25,7.5,6.25
42,112,1,2,1.25,2.5,1.25
42,113,1,1,1.25,1.25,0.0
42,114,1,4,1.25,5.0,3.75
42,115,0,2,0.0,2.5,2.5
42,116,1,4,1.25,5.0,3.75
42,117,0,1,0.0,1.25,1.25
42,118,0,1,0.0,1.25,1.25
42,119,1,2,1.25,2.5,1.25
42,120,3,2,3.75,2.5,-1.25
42,121,1,0,1.25,0.0,-1.25
42,122,0,0,0.0,0.0,0.0
42,123,1,2,1.25,2.5,1.25
42,124,1,3,1.25,3.75,2.5
42,125,0,0,0.0,0.0,0.0
42,126,3,0,3.75,0.0,-3.75
42,127,1,1,1.25,1.25,0.0
42,128,4,1,5.0,1.25,-3.75
42,129,2,2,2.5,2.5,0.0
42,130,2,0,2.5,0.0,-2.5
42,131,2,3,2.5,3.75,1.25
42,132,1,2,1.25,2.5,1.25
42,133,1,2,1.25,2.5,1.25
42,134,1,2,1.25,2.5,1.25
43,0,0,0,0.0,0.0,0.0
43,1,0,0,0.0,0.0,0.0
43,2,0,1,0.0,1.25,1.25
43,3,0,0,0.0,0.0,0.0
43,4,0,0,0.0,0.0,0.0
43,5,0,0,0.0,0.0,0.0
43,6,0,1,0.0,1.25,1.25
43,7,0,0,0.0,0.0,0.0
43,8,0,0,0.0,0.0,0.0
43,9,0,0,0.0,0.0,0.0
43,10,0,0,0.0,0.0,0.0
43,11,0,1,0.0,1.25,1.25
43,12,0,1,0.0,1.25,1.25
43,13,0,1,0.0,1.25,1.25
43,14,1,0,1.25,0.0,-1.25
43,15,0,2,0.0,2.5,2.5
43,16,0,0,0.0,0.0,0.0
43,17,0,0,0.0,0.0,0.0
43,18,1,0,1.25,0.0,-1.25
43,19,1,0,1.25,0.0,-1.25
43,20,1,0,1.25,0.0,-1.25
43,21,1,1,1.25,1.25,0.0
43,22,4,0,5.0,0.0,-5.0
43,23,1,0,1.25,0.0,-1.25
43,24,1,2,1.25,2.5,1.25
43,25,4,0,5.0,0.0,-5.0
43,26,1,0,1.25,0.0,-1.25
43,27,3,0,3.75,0.0,-3.75
43,28,3,1,3.75,1.25,-2.5
43,29,0,0,0.0,0.0,0.0
43,30,1,5,1.25,6.25,5.0
43,31,1,0,1.25,0.0,-1.25
43,32,0,2,0.0,2.5,2.5
43,33,2,0,2.5,0.0,-2.5
43,34,1,2,1.25,2.5,1.25
43,35,0,0,0.0,0.0,0.0
43,36,0,1,0.0,1.25,1.25
43,37,1,1,1.25,1.25,0.0
43,38,1,1,1.25,1.25,0.0
43,39,0,0,0.0,0.0,0.0
43,40,1,2,1.25,2.5,1.25
43,41,0,1,0.0,1.25,1.25
43,42,1,0,1.25,0.0,-1.25
43,43,0,0,0.0,0.0,0.0
43,44,1,1,1.25,1.25,0.0
43,45,1,1,1.25,1.25,0.0
43,46,0,1,0.0,1.25,1.25
43,47,1,0,1.25,0.0,-1.25
43,48,0,1,0.0,1.25,1.25
43,49,2,0,2.5,0.0,-2.5
43,50,0,0,0.0,0.0,0.0
43,51,2,0,2.5,0.0,-2.5
43,52,5,0,6.25,0.0,-6.25
43,53,0,0,0.0,0.0,0.0
43,54,1,2,1.25,2.5,1.25
43,55,0,1,0.0,1.25,1.25
43,56,1,1,1.25,1.25,0.0
43,57,0,1,0.0,1.25,1.25
43,58,4,0,5.0,0.0,-5.0
43,59,3,1,3.75,1.25,-2.5
43,60,3,4,3.75,5.0,1.25
43,61,0,1,0.0,1.25,1.25
43,62,0,1,0.0,1.25,1.25
43,63,4,1,5.0,1.25,-3.75
43,64,0,0,0.0,0.0,0.0
43,65,1,2,1.25,2.5,1.25
43,66,1,0,1.25,0.0,-1.25
43,67,1,2,1.25,2.5,1.25
43,68,1,3,1.25,3.75,2.5
43,69,4,2,5.0,2.5,-2.5
43,70,0,0,0.0,0.0,0.0
43,71,3,0,3.75,0.0,-3.75
43,72,1,0,1.25,0.0,-1.25
43,73,0,0,0.0,0.0,0.0
43,74,0,0,0.0,0.0,0.0
43,75,1,1,1.25,1.25,0.0
43,76,0,2,0.0,2.5,2.5
43,77,1,1,1.25,1.25,0.0
43,78,0,0,0.0,0.0,0.0
43,79,0,3,0.0,3.75,3.75
43,80,2,0,2.5,0.0,-2.5
43,81,3,1,3.75,1.25,-2.5
43,82,1,0,1.25,0.0,-1.25
43,83,0,0,0.0,0.0,0.0
43,84,0,0,0.0,0.0,0.0
43,85,1,2,1.25,2.5,1.25
43,86,2,0,2.5,0.0,-2.5
43,87,0,0,0.0,0.0,0.0
43,88,1,1,1.25,1.25,0.0
43,89,2,0,2.5,0.0,-2.5
43,90,2,2,2.5,2.5,0.0
43,91,0,1,0.0,1.25,1.25
43,92,1,0,1.25,0.0,-1.25
43,93,1,0,1.25,0.0,-1.25
43,94,3,1,3.75,1.25,-2.5
43,95,2,1,2.5,1.25,-1.25
43,96,2,2,2.5,2.5,0.0
43,97,0,0,0.0,0.0,0.0
43,98,4,0,5.0,0.0,-5.0
43,99,1,0,1.25,0.0,-1.25
43,100,4,0,5.0,0.0,-5.0
43,101,0,3,0.0,3.75,3.75
43,102,0,0,0.0,0.0,0.0
43,103,1,0,1.25,0.0,-1.25
43,104,1,0,1.25,0.0,-1.25
43,105,1,0,1.25,0.0,-1.25
43,106,1,1,1.25,1.25,0.0
43,107,1,0,1.25,0.0,-1.25
43,108,2,1,2.5,1.25,-1.25
43,109,3,1,3.75,1.25,-2.5
43,110,1,0,1.25,0.0,-1.25
43,111,0,0,0.0,0.0,0.0
43,112,0,0,0.0,0.0,0.0
43,113,3,6,3.75,7.5,3.75
43,114,3,0,3.75,0.0,-3.75
43,115,0,1,0.0,1.25,1.25
43,116,0,0,0.0,0.0,0.0
43,117,0,1,0.0,1.25,1.25
43,118,2,1,2.5,1.25,-1.25
43,119,1,0,1.25,0.0,-1.25
43,120,3,1,3.75,1.25,-2.5
43,121,2,1,2.5,1.25,-1.25
43,122,0,0,0.0,0.0,0.0
43,123,0,1,0.0,1.25,1.25
43,124,0,0,0.0,0.0,0.0
43,125,0,1,0.0,1.25,1.25
43,126,1,0,1.25,0.0,-1.25
43,127,0,0,0.0,0.0,0.0
43,128,3,1,3.75,1.25,-2.5
43,129,3,2,3.75,2.5,-1.25
43,130,1,0,1.25,0.0,-1.25
43,131,0,0,0.0,0.0,0.0
43,132,0,1,0.0,1.25,1.25
43,133,0,0,0.0,0.0,0.0
43,134,1,4,1.25,5.0,3.75
44,0,0,0,0.0,0.0,0.0
44,1,0,0,0.0,0.0,0.0
44,2,0,0,0.0,0.0,0.0
44,3,0,0,0.0,0.0,0.0
44,4,0,0,0.0,0.0,0.0
44,5,0,0,0.0,0.0,0.0
44,6,0,0,0.0,0.0,0.0
44,7,0,0,0.0,0.0,0.0
44,8,0,0,0.0,0.0,0.0
44,9,0,0,0.0,0.0,0.0
44,10,0,0,0.0,0.0,0.0
44,11,0,0,0.0,0.0,0.0
44,12,0,0,0.0,0.0,0.0
44,13,0,0,0.0,0.0,0.0
44,14,0,0,0.0,0.0,0.0
44,15,0,1,0.0,1.25,1.25
44,16,0,0,0.0,0.0,0.0
44,17,0,0,0.0,0.0,0.0
44,18,0,0,0.0,0.0,0.0
44,19,1,0,1.25,0.0,-1.25
44,20,0,0,0.0,0.0,0.0
44,21,1,0,1.25,0.0,-1.25
44,22,1,0,1.25,0.0,-1.25
44,23,0,0,0.0,0.0,0.0
44,24,0,0,0.0,0.0,0.0
44,25,2,0,2.5,0.0,-2.5
44,26,1,0,1.25,0.0,-1.25
44,27,1,0,1.25,0.0,-1.25
44,28,1,0,1.25,0.0,-1.25
44,29,0,0,0.0,0.0,0.0
44,30,0,1,0.0,1.25,1.25
44,31,2,0,2.5,0.0,-2.5
44,32,0,0,0.0,0.0,0.0
44,33,0,0,0.0,0.0,0.0
44,34,1,0,1.25,0.0,-1.25
44,35,0,1,0.0,1.25,1.25
44,36,0,0,0.0,0.0,0.0
44,37,1,1,1.25,1.25,0.0
44,38,1,0,1.25,0.0,-1.25
44,39,0,0,0.0,0.0,0.0
44,40,0,0,0.0,0.0,0.0
44,41,0,0,0.0,0.0,0.0
44,42,0,0,0.0,0.0,0.0
44,43,0,0,0.0,0.0,0.0
44,44,2,0,2.5,0.0,-2.5
44,45,1,0,1.25,0.0,-1.25
44,46,0,1,0.0,1.25,1.25
44,47,0,0,0.0,0.0,0.0
44,48,0,0,0.0,0.0,0.0
44,49,4,1,5.0,1.25,-3.75
44,50,1,0,1.25,0.0,-1.25
44,51,2,0,2.5,0.0,-2.5
44,52,2,0,2.5,0.0,-2.5
44,53,0,0,0.0,0.0,0.0
44,54,0,0,0.0,0.0,0.0
44,55,0,1,0.0,1.25,1.25
44,56,1,1,1.25,1.25,0.0
44,57,2,0,2.5,0.0,-2.5
44,58,0,1,0.0,1.25,1.25
44,59,0,0,0.0,0.0,0.0
44,60,2,1,2.5,1.25,-1.25
44,61,1,0,1.25,0.0,-1.25
44,62,0,0,0.0,0.0,0.0
44,63,1,0,1.25,0.0,-1.25
44,64,1,0,1.25,0.0,-1.25
44,65,0,0,0.0,0.0,0.0
44,66,0,0,0.0,0.0,0.0
44,67,0,1,0.0,1.25,1.25
44,68,0,0,0.0,0.0,0.0
44,69,2,0,2.5,0.0,-2.5
44,70,0,0,0.0,0.0,0.0
44,71,0,0,0.0,0.0,0.0
44,72,1,0,1.25,0.0,-1.25
44,73,0,0,0.0,0.0,0.0
44,74,0,0,0.0,0.0,0.0
44,75,0,1,0.0,1.25,1.25
44,76,0,0,0.0,0.0,0.0
44,77,0,0,0.0,0.0,0.0
44,78,0,0,0.0,0.0,0.0
44,79,0,0,0.0,0.0,0.0
44,80,3,0,3.75,0.0,-3.75
44,81,0,0,0.0,0.0,0.0
44,82,0,0,0.0,0.0,0.0
44,83,1,0,1.25,0.0,-1.25
44,84,1,1,1.25,1.25,0.0
44,85,0,0,0.0,0.0,0.0
44,86,0,0,0.0,0.0,0.0
44,87,1,0,1.25,0.0,-1.25
44,88,1,0,1.25,0.0,-1.25
44,89,0,0,0.0,0.0,0.0
44,90,0,0,0.0,0.0,0.0
44,91,0,2,0.0,2.5,2.5
44,92,0,0,0.0,0.0,0.0
44,93,0,0,0.0,0.0,0.0
44,94,0,0,0.0,0.0,0.0
44,95,0,0,0.0,0.0,0.0
44,96,1,0,1.25,0.0,-1.25
44,97,0,0,0.0,0.0,0.0
44,98,1,0,1.25,0.0,-1.25
44,99,0,1,0.0,1.25,1.25
44,100,2,0,2.5,0.0,-2.5
44,101,0,0,0.0,0.0,0.0
44,102,0,2,0.0,2.5,2.5
44,103,1,0,1.25,0.0,-1.25
44,104,1,1,1.25,1.25,0.0
44,105,0,1,0.0,1.25,1.25
44,106,0,0,0.0,0.0,0.0
44,107,0,0,0.0,0.0,0.0
44,108,0,0,0.0,0.0,0.0
44,109,0,2,0.0,2.5,2.5
44,110,1,0,1.25,0.0,-1.25
44,111,1,0,1.25,0.0,-1.25
44,112,0,0,0.0,0.0,0.0
44,113,1,0,1.25,0.0,-1.25
44,114,0,0,0.0,0.0,0.0
44,115,0,0,0.0,0.0,0.0
44,116,0,0,0.0,0.0,0.0
44,117,0,1,0.0,1.25,1.25
44,118,1,0,1.25,0.0,-1.25
44,119,0,2,0.0,2.5,2.5
44,120,1,1,1.25,1.25,0.0
44,121,0,0,0.0,0.0,0.0
44,122,0,0,0.0,0.0,0.0
44,123,0,0,0.0,0.0,0.0
44,124,0,0,0.0,0.0,0.0
44,125,0,0,0.0,0.0,0.0
44,126,0,0,0.0,0.0,0.0
44,127,0,0,0.0,0.0,0.0
44,128,0,0,0.0,0.0,0.0
44,129,2,0,2.5,0.0,-2.5
44,130,3,0,3.75,0.0,-3.75
44,131,1,0,1.25,0.0,-1.25
44,132,1,0,1.25,0.0,-1.25
44,133,2,0,2.5,0.0,-2.5
44,134,1,0,1.25,0.0,-1.25
45,0,0,1,0.0,1.25,1.25
45,1,0,0,0.0,0.0,0.0
45,2,1,0,1.25,0.0,-1.25
45,3,2,1,2.5,1.25,-1.25
45,4,1,1,1.25,1.25,0.0
45,5,2,0,2.5,0.0,-2.5
45,6,0,0,0.0,0.0,0.0
45,7,1,1,1.25,1.25,0.0
45,8,4,0,5.0,0.0,-5.0
45,9,1,0,1.25,0.0,-1.25
45,10,0,0,0.0,0.0,0.0
45,11,0,1,0.0,1.25,1.25
45,12,2,1,2.5,1.25,-1.25
45,13,2,0,2.5,0.0,-2.5
45,14,0,1,0.0,1.25,1.25
45,15,1,0,1.25,0.0,-1.25
45,16,3,1,3.75,1.25,-2.5
45,17,1,0,1.25,0.0,-1.25
45,18,1,0,1.25,0.0,-1.25
45,19,2,0,2.5,0.0,-2.5
45,20,0,0,0.0,0.0,0.0
45,21,2,0,2.5,0.0,-2.5
45,22,0,0,0.0,0.0,0.0
45,23,3,0,3.75,0.0,-3.75
45,24,1,1,1.25,1.25,0.0
45,25,2,0,2.5,0.0,-2.5
45,26,2,0,2.5,0.0,-2.5
45,27,1,0,1.25,0.0,-1.25
45,28,1,0,1.25,0.0,-1.25
45,29,0,0,0.0,0.0,0.0
45,30,0,1,0.0,1.25,1.25
45,31,0,1,0.0,1.25,1.25
45,32,1,0,1.25,0.0,-1.25
45,33,0,1,0.0,1.25,1.25
45,34,0,0,0.0,0.0,0.0
45,35,0,1,0.0,1.25,1.25
45,36,0,0,0.0,0.0,0.0
45,37,2,3,2.5,3.75,1.25
45,38,1,0,1.25,0.0,-1.25
45,39,0,0,0.0,0.0,0.0
45,40,0,0,0.0,0.0,0.0
45,41,0,2,0.0,2.5,2.5
45,42,0,0,0.0,0.0,0.0
45,43,0,2,0.0,2.5,2.5
45,44,0,2,0.0,2.5,2.5
45,45,0,0,0.0,0.0,0.0
45,46,2,2,2.5,2.5,0.0
45,47,0,0,0.0,0.0,0.0
45,48,0,1,0.0,1.25,1.25
45,49,2,0,2.5,0.0,-2.5
45,50,0,1,0.0,1.25,1.25
45,51,1,0,1.25,0.0,-1.25
45,52,0,1,0.0,1.25,1.25
45,53,0,0,0.0,0.0,0.0
45,54,0,0,0.0,0.0,0.0
45,55,1,0,1.25,0.0,-1.25
45,56,1,0,1.25,0.0,-1.25
45,57,2,1,2.5,1.25,-1.25
45,58,2,1,2.5,1.25,-1.25
45,59,0,1,0.0,1.25,1.25
45,60,1,0,1.25,0.0,-1.25
45,61,0,1,0.0,1.25,1.25
45,62,1,3,1.25,3.75,2.5
45,63,1,0,1.25,0.0,-1.25
45,64,1,0,1.25,0.0,-1.25
45,65,0,1,0.0,1.25,1.25
45,66,0,0,0.0,0.0,0.0
45,67,1,2,1.25,2.5,1.25
45,68,1,0,1.25,0.0,-1.25
45,69,3,0,3.75,0.0,-3.75
45,70,0,1,0.0,1.25,1.25
45,71,0,0,0.0,0.0,0.0
45,72,0,0,0.0,0.0,0.0
45,73,1,1,1.25,1.25,0.0
45,74,0,0,0.0,0.0,0.0
45,75,1,0,1.25,0.0,-1.25
45,76,0,0,0.0,0.0,0.0
45,77,0,1,0.0,1.25,1.25
45,78,0,2,0.0,2.5,2.5
45,79,0,0,0.0,0.0,0.0
45,80,0,0,0.0,0.0,0.0
45,81,1,1,1.25,1.25,0.0
45,82,0,0,0.0,0.0,0.0
45,83,0,0,0.0,0.0,0.0
45,84,0,1,0.0,1.25,1.25
45,85,1,0,1.25,0.0,-1.25
45,86,1,0,1.25,0.0,-1.25
45,87,0,1,0.0,1.25,1.25
45,88,0,1,0.0,1.25,1.25
45,89,0,0,0.0,0.0,0.0
45,90,1,1,1.25,1.25,0.0
45,91,1,1,1.25,1.25,0.0
45,92,2,0,2.5,0.0,-2.5
45,93,0,1,0.0,1.25,1.25
45,94,2,0,2.5,0.0,-2.5
45,95,1,1,1.25,1.25,0.0
45,96,0,1,0.0,1.25,1.25
45,97,0,0,0.0,0.0,0.0
45,98,2,0,2.5,0.0,-2.5
45,99,0,1,0.0,1.25,1.25
45,100,0,2,0.0,2.5,2.5
45,101,0,0,0.0,0.0,0.0
45,102,0,1,0.0,1.25,1.25
45,103,1,0,1.25,0.0,-1.25
45,104,0,0,0.0,0.0,0.0
45,105,1,2,1.25,2.5,1.25
45,106,0,0,0.0,0.0,0.0
45,107,2,0,2.5,0.0,-2.5
45,108,0,1,0.0,1.25,1.25
45,109,0,0,0.0,0.0,0.0
45,110,0,1,0.0,1.25,1.25
45,111,0,1,0.0,1.25,1.25
45,112,1,0,1.25,0.0,-1.25
45,113,0,0,0.0,0.0,0.0
45,114,0,0,0.0,0.0,0.0
45,115,2,0,2.5,0.0,-2.5
45,116,1,0,1.25,0.0,-1.25
45,117,1,0,1.25,0.0,-1.25
45,118,0,0,0.0,0.0,0.0
45,119,0,0,0.0,0.0,0.0
45,120,1,0,1.25,0.0,-1.25
45,121,2,0,2.5,0.0,-2.5
45,122,1,0,1.25,0.0,-1.25
45,123,3,0,3.75,0.0,-3.75
45,124,1,0,1.25,0.0,-1.25
45,125,3,1,3.75,1.25,-2.5
45,126,0,1,0.0,1.25,1.25
45,127,0,0,0.0,0.0,0.0
45,128,1,0,1.25,0.0,-1.25
45,129,1,1,1.25,1.25,0.0
45,130,0,0,0.0,0.0,0.0
45,131,1,0,1.25,0.0,-1.25
45,132,1,1,1.25,1.25,0.0
45,133,1,0,1.25,0.0,-1.25
45,134,1,1,1.25,1.25,0.0
46,0,1,3,1.25,3.75,2.5
46,1,0,0,0.0,0.0,0.0
46,2,2,1,2.5,1.25,-1.25
46,3,0,0,0.0,0.0,0.0
46,4,4,1,5.0,1.25,-3.75
46,5,3,0,3.75,0.0,-3.75
46,6,7,3,8.75,3.75,-5.0
46,7,2,1,2.5,1.25,-1.25
46,8,2,1,2.5,1.25,-1.25
46,9,3,0,3.75,0.0,-3.75
46,10,3,0,3.75,0.0,-3.75
46,11,4,1,5.0,1.25,-3.75
46,12,0,1,0.0,1.25,1.25
46,13,3,4,3.75,5.0,1.25
46,14,2,0,2.5,0.0,-2.5
46,15,1,2,1.25,2.5,1.25
46,16,1,0,1.25,0.0,-1.25
46,17,1,1,1.25,1.25,0.0
46,18,3,1,3.75,1.25,-2.5
46,19,1,1,1.25,1.25,0.0
46,20,1,1,1.25,1.25,0.0
46,21,2,2,2.5,2.5,0.0
46,22,6,0,7.5,0.0,-7.5
46,23,1,1,1.25,1.25,0.0
46,24,1,1,1.25,1.25,0.0
46,25,4,0,5.0,0.0,-5.0
46,26,2,0,2.5,0.0,-2.5
46,27,2,1,2.5,1.25,-1.25
46,28,4,0,5.0,0.0,-5.0
46,29,0,2,0.0,2.5,2.5
46,30,1,2,1.25,2.5,1.25
46,31,3,5,3.75,6.25,2.5
46,32,0,1,0.0,1.25,1.25
46,33,0,0,0.0,0.0,0.0
46,34,5,1,6.25,1.25,-5.0
46,35,0,0,0.0,0.0,0.0
46,36,2,0,2.5,0.0,-2.5
46,37,7,4,8.75,5.0,-3.75
46,38,1,3,1.25,3.75,2.5
46,39,0,0,0.0,0.0,0.0
46,40,0,1,0.0,1.25,1.25
46,41,0,1,0.0,1.25,1.25
46,42,1,2,1.25,2.5,1.25
46,43,2,0,2.5,0.0,-2.5
46,44,2,0,2.5,0.0,-2.5
46,45,2,0,2.5,0.0,-2.5
46,46,4,0,5.0,0.0,-5.0
46,47,1,1,1.25,1.25,0.0
46,48,2,1,2.5,1.25,-1.25
46,49,2,1,2.5,1.25,-1.25
46,50,0,2,0.0,2.5,2.5
46,51,2,2,2.5,2.5,0.0
46,52,1,1,1.25,1.25,0.0
46,53,1,0,1.25,0.0,-1.25
46,54,0,1,0.0,1.25,1.25
46,55,3,2,3.75,2.5,-1.25
46,56,4,1,5.0,1.25,-3.75
46,57,2,0,2.5,0.0,-2.5
46,58,7,4,8.75,5.0,-3.75
46,59,1,0,1.25,0.0,-1.25
46,60,3,3,3.75,3.75,0.0
46,61,1,5,1.25,6.25,5.0
46,62,3,3,3.75,3.75,0.0
46,63,2,2,2.5,2.5,0.0
46,64,0,2,0.0,2.5,2.5
46,65,2,3,2.5,3.75,1.25
46,66,4,0,5.0,0.0,-5.0
46,67,2,1,2.5,1.25,-1.25
46,68,1,0,1.25,0.0,-1.25
46,69,5,0,6.25,0.0,-6.25
46,70,3,1,3.75,1.25,-2.5
46,71,3,1,3.75,1.25,-2.5
46,72,3,0,3.75,0.0,-3.75
46,73,3,1,3.75,1.25,-2.5
46,74,1,0,1.25,0.0,-1.25
46,75,5,1,6.25,1.25,-5.0
46,76,1,1,1.25,1.25,0.0
46,77,3,1,3.75,1.25,-2.5
46,78,2,3,2.5,3.75,1.25
46,79,3,0,3.75,0.0,-3.75
46,80,5,1,6.25,1.25,-5.0
46,81,4,5,5.0,6.25,1.25
46,82,1,1,1.25,1.25,0.0
46,83,0,1,0.0,1.25,1.25
46,84,1,1,1.25,1.25,0.0
46,85,0,2,0.0,2.5,2.5
46,86,3,0,3.75,0.0,-3.75
46,87,3,5,3.75,6.25,2.5
46,88,2,0,2.5,0.0,-2.5
46,89,1,2,1.25,2.5,1.25
46,90,1,1,1.25,1.25,0.0
46,91,0,1,0.0,1.25,1.25
46,92,5,1,6.25,1.25,-5.0
46,93,3,0,3.75,0.0,-3.75
46,94,2,3,2.5,3.75,1.25
46,95,2,3,2.5,3.75,1.25
46,96,1,3,1.25,3.75,2.5
46,97,0,0,0.0,0.0,0.0
46,98,3,4,3.75,5.0,1.25
46,99,0,2,0.0,2.5,2.5
46,100,2,0,2.5,0.0,-2.5
46,101,0,2,0.0,2.5,2.5
46,102,1,2,1.25,2.5,1.25
46,103,3,0,3.75,0.0,-3.75
46,104,2,1,2.5,1.25,-1.25
46,105,1,0,1.25,0.0,-1.25
46,106,0,0,0.0,0.0,0.0
46,107,1,2,1.25,2.5,1.25
46,108,3,1,3.75,1.25,-2.5
46,109,1,1,1.25,1.25,0.0
46,110,0,0,0.0,0.0,0.0
46,111,3,1,3.75,1.25,-2.5
46,112,0,1,0.0,1.25,1.25
46,113,6,2,7.5,2.5,-5.0
46,114,2,1,2.5,1.25,-1.25
46,115,1,0,1.25,0.0,-1.25
46,116,3,1,3.75,1.25,-2.5
46,117,1,1,1.25,1.25,0.0
46,118,4,2,5.0,2.5,-2.5
46,119,1,0,1.25,0.0,-1.25
46,120,1,0,1.25,0.0,-1.25
46,121,2,1,2.5,1.25,-1.25
46,122,2,0,2.5,0.0,-2.5
46,123,0,1,0.0,1.25,1.25
46,124,0,1,0.0,1.25,1.25
46,125,1,2,1.25,2.5,1.25
46,126,4,1,5.0,1.25,-3.75
46,127,3,0,3.75,0.0,-3.75
46,128,5,1,6.25,1.25,-5.0
46,129,1,2,1.25,2.5,1.25
46,130,0,0,0.0,0.0,0.0
46,131,2,1,2.5,1.25,-1.25
46,132,1,3,1.25,3.75,2.5
46,133,0,2,0.0,2.5,2.5
46,134,4,0,5.0,0.0,-5.0
47,0,0,0,0.0,0.0,0.0
47,1,0,0,0.0,0.0,0.0
47,2,0,0,0.0,0.0,0.0
47,3,0,0,0.0,0.0,0.0
47,4,0,0,0.0,0.0,0.0
47,5,0,0,0.0,0.0,0.0
47,6,0,0,0.0,0.0,0.0
47,7,0,0,0.0,0.0,0.0
47,8,0,0,0.0,0.0,0.0
47,9,0,0,0.0,0.0,0.0
47,10,1,0,1.25,0.0,-1.25
47,11,0,0,0.0,0.0,0.0
47,12,0,0,0.0,0.0,0.0
47,13,0,1,0.0,1.25,1.25
47,14,2,0,2.5,0.0,-2.5
47,15,0,0,0.0,0.0,0.0
47,16,1,0,1.25,0.0,-1.25
47,17,0,0,0.0,0.0,0.0
47,18,1,1,1.25,1.25,0.0
47,19,0,0,0.0,0.0,0.0
47,20,1,0,1.25,0.0,-1.25
47,21,2,1,2.5,1.25,-1.25
47,22,1,1,1.25,1.25,0.0
47,23,0,0,0.0,0.0,0.0
47,24,0,0,0.0,0.0,0.0
47,25,0,2,0.0,2.5,2.5
47,26,0,0,0.0,0.0,0.0
47,27,1,0,1.25,0.0,-1.25
47,28,1,0,1.25,0.0,-1.25
47,29,1,1,1.25,1.25,0.0
47,30,1,0,1.25,0.0,-1.25
47,31,1,1,1.25,1.25,0.0
47,32,2,2,2.5,2.5,0.0
47,33,0,0,0.0,0.0,0.0
47,34,1,1,1.25,1.25,0.0
47,35,1,0,1.25,0.0,-1.25
47,36,0,0,0.0,0.0,0.0
47,37,2,1,2.5,1.25,-1.25
47,38,3,1,3.75,1.25,-2.5
47,39,1,3,1.25,3.75,2.5
47,40,2,3,2.5,3.75,1.25
47,41,2,0,2.5,0.0,-2.5
47,42,2,0,2.5,0.0,-2.5
47,43,2,1,2.5,1.25,-1.25
47,44,3,0,3.75,0.0,-3.75
47,45,2,0,2.5,0.0,-2.5
47,46,2,0,2.5,0.0,-2.5
47,47,0,3,0.0,3.75,3.75
47,48,1,0,1.25,0.0,-1.25
47,49,1,1,1.25,1.25,0.0
47,50,4,0,5.0,0.0,-5.0
47,51,0,5,0.0,6.25,6.25
47,52,1,1,1.25,1.25,0.0
47,53,1,0,1.25,0.0,-1.25
47,54,2,5,2.5,6.25,3.75
47,55,0,1,0.0,1.25,1.25
47,56,2,0,2.5,0.0,-2.5
47,57,2,0,2.5,0.0,-2.5
47,58,2,1,2.5,1.25,-1.25
47,59,1,0,1.25,0.0,-1.25
47,60,3,0,3.75,0.0,-3.75
47,61,3,3,3.75,3.75,0.0
47,62,2,0,2.5,0.0,-2.5
47,63,1,1,1.25,1.25,0.0
47,64,0,1,0.0,1.25,1.25
47,65,0,0,0.0,0.0,0.0
47,66,2,0,2.5,0.0,-2.5
47,67,2,1,2.5,1.25,-1.25
47,68,1,2,1.25,2.5,1.25
47,69,0,2,0.0,2.5,2.5
47,70,5,0,6.25,0.0,-6.25
47,71,1,3,1.25,3.75,2.5
47,72,4,1,5.0,1.25,-3.75
47,73,3,1,3.75,1.25,-2.5
47,74,2,0,2.5,0.0,-2.5
47,75,1,1,1.25,1.25,0.0
47,76,1,0,1.25,0.0,-1.25
47,77,2,3,2.5,3.75,1.25
47,78,2,2,2.5,2.5,0.0
47,79,4,3,5.0,3.75,-1.25
47,80,0,4,0.0,5.0,5.0
47,81,1,0,1.25,0.0,-1.25
47,82,3,1,3.75,1.25,-2.5
47,83,2,0,2.5,0.0,-2.5
47,84,1,0,1.25,0.0,-1.25
47,85,3,1,3.75,1.25,-2.5
47,86,0,1,0.0,1.25,1.25
47,87,2,1,2.5,1.25,-1.25
47,88,1,2,1.25,2.5,1.25
47,89,1,3,1.25,3.75,2.5
47,90,4,3,5.0,3.75,-1.25
47,91,6,2,7.5,2.5,-5.0
47,92,2,2,2.5,2.5,0.0
47,93,3,2,3.75,2.5,-1.25
47,94,1,1,1.25,1.25,0.0
47,95,3,2,3.75,2.5,-1.25
47,96,4,2,5.0,2.5,-2.5
47,97,2,4,2.5,5.0,2.5
47,98,2,2,2.5,2.5,0.0
47,99,1,1,1.25,1.25,0.0
47,100,2,1,2.5,1.25,-1.25
47,101,0,0,0.0,0.0,0.0
47,102,0,1,0.0,1.25,1.25
47,103,4,1,5.0,1.25,-3.75
47,104,2,2,2.5,2.5,0.0
47,105,1,3,1.25,3.75,2.5
47,106,1,3,1.25,3.75,2.5
47,107,1,2,1.25,2.5,1.25
47,108,1,0,1.25,0.0,-1.25
47,109,0,1,0.0,1.25,1.25
47,110,0,1,0.0,1.25,1.25
47,111,1,0,1.25,0.0,-1.25
47,112,0,0,0.0,0.0,0.0
47,113,0,2,0.0,2.5,2.5
47,114,0,0,0.0,0.0,0.0
47,115,2,0,2.5,0.0,-2.5
47,116,0,0,0.0,0.0,0.0
47,117,1,0,1.25,0.0,-1.25
47,118,3,1,3.75,1.25,-2.5
47,119,5,0,6.25,0.0,-6.25
47,120,1,4,1.25,5.0,3.75
47,121,2,3,2.5,3.75,1.25
47,122,2,0,2.5,0.0,-2.5
47,123,2,0,2.5,0.0,-2.5
47,124,1,0,1.25,0.0,-1.25
47,125,1,0,1.25,0.0,-1.25
47,126,1,1,1.25,1.25,0.0
47,127,0,0,0.0,0.0,0.0
47,128,2,2,2.5,2.5,0.0
47,129,3,0,3.75,0.0,-3.75
47,130,3,1,3.75,1.25,-2.5
47,131,2,2,2.5,2.5,0.0
47,132,1,2,1.25,2.5,1.25
47,133,2,0,2.5,0.0,-2.5
47,134,4,5,5.0,6.25,1.25
48,0,3,5,3.75,6.25,2.5
48,1,1,3,1.25,3.75,2.5
48,2,5,4,6.25,5.0,-1.25
48,3,2,1,2.5,1.25,-1.25
48,4,0,1,0.0,1.25,1.25
48,5,0,2,0.0,2.5,2.5
48,6,0,1,0.0,1.25,1.25
48,7,0,1,0.0,1.25,1.25
48,8,0,1,0.0,1.25,1.25
48,9,0,0,0.0,0.0,0.0
48,10,0,1,0.0,1.25,1.25
48,11,3,0,3.75,0.0,-3.75
48,12,1,0,1.25,0.0,-1.25
48,13,3,2,3.75,2.5,-1.25
48,14,2,0,2.5,0.0,-2.5
48,15,2,1,2.5,1.25,-1.25
48,16,0,2,0.0,2.5,2.5
48,17,1,0,1.25,0.0,-1.25
48,18,0,2,0.0,2.5,2.5
48,19,2,0,2.5,0.0,-2.5
48,20,3,2,3.75,2.5,-1.25
48,21,2,0,2.5,0.0,-2.5
48,22,1,4,1.25,5.0,3.75
48,23,1,0,1.25,0.0,-1.25
48,24,0,3,0.0,3.75,3.75
48,25,0,2,0.0,2.5,2.5
48,26,4,3,5.0,3.75,-1.25
48,27,0,2,0.0,2.5,2.5
48,28,0,0,0.0,0.0,0.0
48,29,2,1,2.5,1.25,-1.25
48,30,0,0,0.0,0.0,0.0
48,31,4,4,5.0,5.0,0.0
48,32,3,2,3.75,2.5,-1.25
48,33,0,0,0.0,0.0,0.0
48,34,1,2,1.25,2.5,1.25
48,35,5,1,6.25,1.25,-5.0
48,36,0,1,0.0,1.25,1.25
48,37,1,0,1.25,0.0,-1.25
48,38,1,1,1.25,1.25,0.0
48,39,6,0,7.5,0.0,-7.5
48,40,1,0,1.25,0.0,-1.25
48,41,0,3,0.0,3.75,3.75
48,42,0,1,0.0,1.25,1.25
48,43,0,0,0.0,0.0,0.0
48,44,1,0,1.25,0.0,-1.25
48,45,0,3,0.0,3.75,3.75
48,46,2,2,2.5,2.5,0.0
48,47,0,1,0.0,1.25,1.25
48,48,1,0,1.25,0.0,-1.25
48,49,1,1,1.25,1.25,0.0
48,50,1,0,1.25,0.0,-1.25
48,51,1,0,1.25,0.0,-1.25
48,52,0,0,0.0,0.0,0.0
48,53,0,0,0.0,0.0,0.0
48,54,5,1,6.25,1.25,-5.0
48,55,1,0,1.25,0.0,-1.25
48,56,1,1,1.25,1.25,0.0
48,57,0,0,0.0,0.0,0.0
48,58,4,0,5.0,0.0,-5.0
48,59,1,1,1.25,1.25,0.0
48,60,0,1,0.0,1.25,1.25
48,61,1,1,1.25,1.25,0.0
48,62,4,2,5.0,2.5,-2.5
48,63,2,0,2.5,0.0,-2.5
48,64,1,1,1.25,1.25,0.0
48,65,2,0,2.5,0.0,-2.5
48,66,1,0,1.25,0.0,-1.25
48,67,1,1,1.25,1.25,0.0
48,68,0,2,0.0,2.5,2.5
48,69,4,0,5.0,0.0,-5.0
48,70,0,2,0.0,2.5,2.5
48,71,0,0,0.0,0.0,0.0
48,72,1,0,1.25,0.0,-1.25
48,73,0,0,0.0,0.0,0.0
48,74,1,2,1.25,2.5,1.25
48,75,0,0,0.0,0.0,0.0
48,76,0,0,0.0,0.0,0.0
48,77,0,0,0.0,0.0,0.0
48,78,1,3,1.25,3.75,2.5
48,79,3,0,3.75,0.0,-3.75
48,80,1,0,1.25,0.0,-1.25
48,81,1,0,1.25,0.0,-1.25
48,82,2,0,2.5,0.0,-2.5
48,83,1,0,1.25,0.0,-1.25
48,84,0,0,0.0,0.0,0.0
48,85,3,1,3.75,1.25,-2.5
48,86,0,2,0.0,2.5,2.5
48,87,3,3,3.75,3.75,0.0
48,88,1,1,1.25,1.25,0.0
48,89,5,3,6.25,3.75,-2.5
48,90,2,1,2.5,1.25,-1.25
48,91,2,3,2.5,3.75,1.25
48,92,3,0,3.75,0.0,-3.75
48,93,1,0,1.25,0.0,-1.25
48,94,1,2,1.25,2.5,1.25
48,95,3,0,3.75,0.0,-3.75
48,96,1,3,1.25,3.75,2.5
48,97,0,0,0.0,0.0,0.0
48,98,2,1,2.5,1.25,-1.25
48,99,1,3,1.25,3.75,2.5
48,100,5,1,6.25,1.25,-5.0
48,101,2,5,2.5,6.25,3.75
48,102,0,2,0.0,2.5,2.5
48,103,1,0,1.25,0.0,-1.25
48,104,1,0,1.25,0.0,-1.25
48,105,0,1,0.0,1.25,1.25
48,106,0,0,0.0,0.0,0.0
48,107,0,1,0.0,1.25,1.25
48,108,1,0,1.25,0.0,-1.25
48,109,0,0,0.0,0.0,0.0
48,110,1,0,1.25,0.0,-1.25
48,111,0,1,0.0,1.25,1.25
48,112,0,1,0.0,1.25,1.25
48,113,0,3,0.0,3.75,3.75
48,114,0,1,0.0,1.25,1.25
48,115,1,0,1.25,0.0,-1.25
48,116,1,0,1.25,0.0,-1.25
48,117,2,3,2.5,3.75,1.25
48,118,0,0,0.0,0.0,0.0
48,119,0,0,0.0,0.0,0.0
48,120,1,1,1.25,1.25,0.0
48,121,3,1,3.75,1.25,-2.5
48,122,4,0,5.0,0.0,-5.0
48,123,3,0,3.75,0.0,-3.75
48,124,1,1,1.25,1.25,0.0
48,125,1,1,1.25,1.25,0.0
48,126,2,1,2.5,1.25,-1.25
48,127,0,1,0.0,1.25,1.25
48,128,5,2,6.25,2.5,-3.75
48,129,0,2,0.0,2.5,2.5
48,130,2,1,2.5,1.25,-1.25
48,131,0,1,0.0,1.25,1.25
48,132,2,1,2.5,1.25,-1.25
48,133,2,0,2.5,0.0,-2.5
48,134,1,0,1.25,0.0,-1.25
49,0,5,8,6.25,10.0,3.75
49,1,2,3,2.5,3.75,1.25
49,2,3,8,3.75,10.0,6.25
49,3,5,7,6.25,8.75,2.5
49,4,2,6,2.5,7.5,5.0
49,5,1,5,1.25,6.25,5.0
49,6,7,5,8.75,6.25,-2.5
49,7,2,9,2.5,11.25,8.75
49,8,5,11,6.25,13.75,7.5
49,9,0,1,0.0,1.25,1.25
49,10,1,2,1.25,2.5,1.25
49,11,1,7,1.25,8.75,7.5
49,12,8,8,10.0,10.0,0.0
49,13,10,5,12.5,6.25,-6.25
49,14,5,10,6.25,12.5,6.25
49,15,3,9,3.75,11.25,7.5
49,16,3,3,3.75,3.75,0.0
49,17,6,10,7.5,12.5,5.0
49,18,8,5,10.0,6.25,-3.75
49,19,6,1,7.5,1.25,-6.25
49,20,3,4,3.75,5.0,1.25
49,21,11,9,13.75,11.25,-2.5
49,22,5,10,6.25,12.5,6.25
49,23,5,5,6.25,6.25,0.0
49,24,7,5,8.75,6.25,-2.5
49,25,5,8,6.25,10.0,3.75
49,26,4,4,5.0,5.0,0.0
49,27,3,2,3.75,2.5,-1.25
49,28,4,7,5.0,8.75,3.75
49,29,10,8,12.5,10.0,-2.5
49,30,6,3,7.5,3.75,-3.75
49,31,2,3,2.5,3.75,1.25
49,32,7,8,8.75,10.0,1.25
49,33,0,8,0.0,10.0,10.0
49,34,7,5,8.75,6.25,-2.5
49,35,4,7,5.0,8.75,3.75
49,36,4,5,5.0,6.25,1.25
49,37,4,4,5.0,5.0,0.0
49,38,5,7,6.25,8.75,2.5
49,39,3,5,3.75,6.25,2.5
49,40,6,5,7.5,6.25,-1.25
49,41,6,6,7.5,7.5,0.0
49,42,5,6,6.25,7.5,1.25
49,43,8,6,10.0,7.5,-2.5
49,44,4,6,5.0,7.5,2.5
49,45,2,4,2.5,5.0,2.5
49,46,6,9,7.5,11.25,3.75
49,47,4,2,5.0,2.5,-2.5
49,48,4,6,5.0,7.5,2.5
49,49,3,4,3.75,5.0,1.25
49,50,5,5,6.25,6.25,0.0
49,51,7,11,8.75,13.75,5.0
49,52,2,3,2.5,3.75,1.25
49,53,10,8,12.5,10.0,-2.5
49,54,4,2,5.0,2.5,-2.5
49,55,7,4,8.75,5.0,-3.75
49,56,9,7,11.25,8.75,-2.5
49,57,6,7,7.5,8.75,1.25
49,58,2,8,2.5,10.0,7.5
49,59,7,8,8.75,10.0,1.25
49,60,3,1,3.75,1.25,-2.5
49,61,7,6,8.75,7.5,-1.25
49,62,9,11,11.25,13.75,2.5
49,63,4,11,5.0,13.75,8.75
49,64,7,6,8.75,7.5,-1.25
49,65,8,6,10.0,7.5,-2.5
49,66,8,5,10.0,6.25,-3.75
49,67,8,5,10.0,6.25,-3.75
49,68,7,5,8.75,6.25,-2.5
49,69,7,2,8.75,2.5,-6.25
49,70,10,9,12.5,11.25,-1.25
49,71,9,10,11.25,12.5,1.25
49,72,4,8,5.0,10.0,5.0
49,73,7,5,8.75,6.25,-2.5
49,74,10,5,12.5,6.25,-6.25
49,75,6,8,7.5,10.0,2.5
49,76,7,6,8.75,7.5,-1.25
49,77,7,7,8.75,8.75,0.0
49,78,3,5,3.75,6.25,2.5
49,79,7,6,8.75,7.5,-1.25
49,80,3,9,3.75,11.25,7.5
49,81,6,7,7.5,8.75,1.25
49,82,4,6,5.0,7.5,2.5
49,83,6,5,7.5,6.25,-1.25
49,84,6,6,7.5,7.5,0.0
49,85,8,6,10.0,7.5,-2.5
49,86,6,7,7.5,8.75,1.25
49,87,8,5,10.0,6.25,-3.75
49,88,8,5,10.0,6.25,-3.75
49,89,7,3,8.75,3.75,-5.0
49,90,7,12,8.75,15.0,6.25
49,91,7,6,8.75,7.5,-1.25
49,92,2,2,2.5,2.5,0.0
49,93,4,6,5.0,7.5,2.5
49,94,5,12,6.25,15.0,8.75
49,95,5,7,6.25,8.75,2.5
49,96,11,6,13.75,7.5,-6.25
49,97,5,7,6.25,8.75,2.5
49,98,8,11,10.0,13.75,3.75
49,99,11,8,13.75,10.0,-3.75
49,100,10,5,12.5,6.25,-6.25
49,101,9,12,11.25,15.0,3.75
49,102,4,6,5.0,7.5,2.5
49,103,5,10,6.25,12.5,6.25
49,104,10,13,12.5,16.25,3.75
49,105,0,7,0.0,8.75,8.75
49,106,7,10,8.75,12.5,3.75
49,107,7,5,8.75,6.25,-2.5
49,108,10,7,12.5,8.75,-3.75
49,109,6,6,7.5,7.5,0.0
49,110,6,10,7.5,12.5,5.0
49,111,5,7,6.25,8.75,2.5
49,112,7,4,8.75,5.0,-3.75
49,113,4,2,5.0,2.5,-2.5
49,114,7,9,8.75,11.25,2.5
49,115,3,10,3.75,12.5,8.75
49,116,8,7,10.0,8.75,-1.25
49,117,5,10,6.25,12.5,6.25
49,118,5,11,6.25,13.75,7.5
49,119,6,9,7.5,11.25,3.75
49,120,6,9,7.5,11.25,3.75
49,121,6,7,7.5,8.75,1.25
49,122,5,7,6.25,8.75,2.5
49,123,6,12,7.5,15.0,7.5
49,124,4,8,5.0,10.0,5.0
49,125,8,5,10.0,6.25,-3.75
49,126,11,8,13.75,10.0,-3.75
49,127,6,8,7.5,10.0,2.5
49,128,6,8,7.5,10.0,2.5
49,129,1,10,1.25,12.5,11.25
49,130,4,7,5.0,8.75,3.75
49,131,5,9,6.25,11.25,5.0
49,132,5,7,6.25,8.75,2.5
49,133,6,9,7.5,11.25,3.75
49,134,2,5,2.5,6.25,3.75
50,0,5,6,6.25,7.5,1.25
50,1,1,0,1.25,0.0,-1.25
50,2,5,3,6.25,3.75,-2.5
50,3,1,2,1.25,2.5,1.25
50,4,3,4,3.75,5.0,1.25
50,5,0,1,0.0,1.25,1.25
50,6,2,1,2.5,1.25,-1.25
50,7,5,1,6.25,1.25,-5.0
50,8,4,2,5.0,2.5,-2.5
50,9,3,2,3.75,2.5,-1.25
50,10,4,3,5.0,3.75,-1.25
50,11,7,0,8.75,0.0,-8.75
50,12,10,0,12.5,0.0,-12.5
50,13,7,0,8.75,0.0,-8.75
50,14,3,7,3.75,8.75,5.0
50,15,7,5,8.75,6.25,-2.5
50,16,7,8,8.75,10.0,1.25
50,17,7,0,8.75,0.0,-8.75
50,18,5,2,6.25,2.5,-3.75
50,19,2,3,2.5,3.75,1.25
50,20,9,2,11.25,2.5,-8.75
50,21,4,12,5.0,15.0,10.0
50,22,7,7,8.75,8.75,0.0
50,23,4,1,5.0,1.25,-3.75
50,24,5,1,6.25,1.25,-5.0
50,25,0,1,0.0,1.25,1.25
50,26,1,1,1.25,1.25,0.0
50,27,1,3,1.25,3.75,2.5
50,28,1,0,1.25,0.0,-1.25
50,29,4,8,5.0,10.0,5.0
50,30,6,7,7.5,8.75,1.25
50,31,9,2,11.25,2.5,-8.75
50,32,1,3,1.25,3.75,2.5
50,33,1,2,1.25,2.5,1.25
50,34,0,0,0.0,0.0,0.0
50,35,3,6,3.75,7.5,3.75
50,36,0,2,0.0,2.5,2.5
50,37,10,2,12.5,2.5,-10.0
50,38,5,0,6.25,0.0,-6.25
50,39,6,0,7.5,0.0,-7.5
50,40,0,4,0.0,5.0,5.0
50,41,0,2,0.0,2.5,2.5
50,42,7,0,8.75,0.0,-8.75
50,43,0,3,0.0,3.75,3.75
50,44,2,0,2.5,0.0,-2.5
50,45,0,0,0.0,0.0,0.0
50,46,0,0,0.0,0.0,0.0
50,47,2,1,2.5,1.25,-1.25
50,48,5,3,6.25,3.75,-2.5
50,49,1,0,1.25,0.0,-1.25
50,50,2,2,2.5,2.5,0.0
50,51,4,1,5.0,1.25,-3.75
50,52,3,2,3.75,2.5,-1.25
50,53,2,0,2.5,0.0,-2.5
50,54,1,0,1.25,0.0,-1.25
50,55,0,3,0.0,3.75,3.75
50,56,0,4,0.0,5.0,5.0
50,57,0,2,0.0,2.5,2.5
50,58,5,4,6.25,5.0,-1.25
50,59,1,1,1.25,1.25,0.0
50,60,0,2,0.0,2.5,2.5
50,61,2,1,2.5,1.25,-1.25
50,62,2,2,2.5,2.5,0.0
50,63,3,3,3.75,3.75,0.0
50,64,5,7,6.25,8.75,2.5
50,65,1,3,1.25,3.75,2.5
50,66,2,1,2.5,1.25,-1.25
50,67,2,0,2.5,0.0,-2.5
50,68,2,4,2.5,5.0,2.5
50,69,3,3,3.75,3.75,0.0
50,70,2,2,2.5,2.5,0.0
50,71,4,1,5.0,1.25,-3.75
50,72,0,2,0.0,2.5,2.5
50,73,0,0,0.0,0.0,0.0
50,74,1,5,1.25,6.25,5.0
50,75,0,0,0.0,0.0,0.0
50,76,1,1,1.25,1.25,0.0
50,77,10,2,12.5,2.5,-10.0
50,78,1,0,1.25,0.0,-1.25
50,79,1,0,1.25,0.0,-1.25
50,80,1,1,1.25,1.25,0.0
50,81,0,0,0.0,0.0,0.0
50,82,0,2,0.0,2.5,2.5
50,83,1,0,1.25,0.0,-1.25
50,84,1,5,1.25,6.25,5.0
50,85,1,0,1.25,0.0,-1.25
50,86,3,0,3.75,0.0,-3.75
50,87,0,1,0.0,1.25,1.25
50,88,0,0,0.0,0.0,0.0
50,89,1,2,1.25,2.5,1.25
50,90,0,0,0.0,0.0,0.0
50,91,1,0,1.25,0.0,-1.25
50,92,0,3,0.0,3.75,3.75
50,93,3,1,3.75,1.25,-2.5
50,94,0,0,0.0,0.0,0.0
50,95,1,4,1.25,5.0,3.75
50,96,1,6,1.25,7.5,6.25
50,97,2,3,2.5,3.75,1.25
50,98,0,0,0.0,0.0,0.0
50,99,1,0,1.25,0.0,-1.25
50,100,1,1,1.25,1.25,0.0
50,101,0,2,0.0,2.5,2.5
50,102,1,0,1.25,0.0,-1.25
50,103,1,0,1.25,0.0,-1.25
50,104,1,0,1.25,0.0,-1.25
50,105,3,0,3.75,0.0,-3.75
50,106,2,1,2.5,1.25,-1.25
50,107,1,1,1.25,1.25,0.0
50,108,3,4,3.75,5.0,1.25
50,109,2,2,2.5,2.5,0.0
50,110,3,1,3.75,1.25,-2.5
50,111,1,2,1.25,2.5,1.25
50,112,3,1,3.75,1.25,-2.5
50,113,1,10,1.25,12.5,11.25
50,114,4,9,5.0,11.25,6.25
50,115,0,2,0.0,2.5,2.5
50,116,1,2,1.25,2.5,1.25
50,117,0,3,0.0,3.75,3.75
50,118,2,1,2.5,1.25,-1.25
50,119,6,2,7.5,2.5,-5.0
50,120,1,3,1.25,3.75,2.5
50,121,0,2,0.0,2.5,2.5
50,122,2,1,2.5,1.25,-1.25
50,123,3,1,3.75,1.25,-2.5
50,124,2,1,2.5,1.25,-1.25
50,125,2,2,2.5,2.5,0.0
50,126,2,6,2.5,7.5,5.0
50,127,0,3,0.0,3.75,3.75
50,128,0,0,0.0,0.0,0.0
50,129,1,4,1.25,5.0,3.75
50,130,0,0,0.0,0.0,0.0
50,131,0,2,0.0,2.5,2.5
50,132,0,1,0.0,1.25,1.25
50,133,1,0,1.25,0.0,-1.25
50,134,5,0,6.25,0.0,-6.25
51,0,0,1,0.0,1.25,1.25
51,1,0,0,0.0,0.0,0.0
51,2,0,0,0.0,0.0,0.0
51,3,0,0,0.0,0.0,0.0
51,4,0,0,0.0,0.0,0.0
51,5,0,0,0.0,0.0,0.0
51,6,0,1,0.0,1.25,1.25
51,7,0,0,0.0,0.0,0.0
51,8,1,0,1.25,0.0,-1.25
51,9,1,0,1.25,0.0,-1.25
51,10,1,0,1.25,0.0,-1.25
51,11,0,0,0.0,0.0,0.0
51,12,0,0,0.0,0.0,0.0
51,13,0,0,0.0,0.0,0.0
51,14,0,0,0.0,0.0,0.0
51,15,0,0,0.0,0.0,0.0
51,16,0,0,0.0,0.0,0.0
51,17,0,0,0.0,0.0,0.0
51,18,0,0,0.0,0.0,0.0
51,19,0,0,0.0,0.0,0.0
51,20,0,0,0.0,0.0,0.0
51,21,6,1,7.5,1.25,-6.25
51,22,1,0,1.25,0.0,-1.25
51,23,1,0,1.25,0.0,-1.25
51,24,1,0,1.25,0.0,-1.25
51,25,0,0,0.0,0.0,0.0
51,26,1,0,1.25,0.0,-1.25
51,27,0,1,0.0,1.25,1.25
51,28,0,0,0.0,0.0,0.0
51,29,0,0,0.0,0.0,0.0
51,30,0,0,0.0,0.0,0.0
51,31,1,1,1.25,1.25,0.0
51,32,3,1,3.75,1.25,-2.5
51,33,0,0,0.0,0.0,0.0
51,34,0,0,0.0,0.0,0.0
51,35,0,0,0.0,0.0,0.0
51,36,0,0,0.0,0.0,0.0
51,37,1,0,1.25,0.0,-1.25
51,38,0,0,0.0,0.0,0.0
51,39,2,0,2.5,0.0,-2.5
51,40,0,0,0.0,0.0,0.0
51,41,0,0,0.0,0.0,0.0
51,42,2,0,2.5,0.0,-2.5
51,43,0,0,0.0,0.0,0.0
51,44,0,0,0.0,0.0,0.0
51,45,0,0,0.0,0.0,0.0
51,46,0,0,0.0,0.0,0.0
51,47,0,0,0.0,0.0,0.0
51,48,0,1,0.0,1.25,1.25
51,49,0,0,0.0,0.0,0.0
51,50,0,0,0.0,0.0,0.0
51,51,1,0,1.25,0.0,-1.25
51,52,0,0,0.0,0.0,0.0
51,53,0,0,0.0,0.0,0.0
51,54,0,0,0.0,0.0,0.0
51,55,1,0,1.25,0.0,-1.25
51,56,0,0,0.0,0.0,0.0
51,57,0,0,0.0,0.0,0.0
51,58,5,0,6.25,0.0,-6.25
51,59,0,0,0.0,0.0,0.0
51,60,0,3,0.0,3.75,3.75
51,61,0,0,0.0,0.0,0.0
51,62,1,0,1.25,0.0,-1.25
51,63,1,0,1.25,0.0,-1.25
51,64,1,0,1.25,0.0,-1.25
51,65,0,1,0.0,1.25,1.25
51,66,2,0,2.5,0.0,-2.5
51,67,0,0,0.0,0.0,0.0
51,68,0,0,0.0,0.0,0.0
51,69,0,0,0.0,0.0,0.0
51,70,0,0,0.0,0.0,0.0
51,71,1,0,1.25,0.0,-1.25
51,72,0,1,0.0,1.25,1.25
51,73,0,0,0.0,0.0,0.0
51,74,0,0,0.0,0.0,0.0
51,75,0,0,0.0,0.0,0.0
51,76,1,0,1.25,0.0,-1.25
51,77,6,0,7.5,0.0,-7.5
51,78,0,0,0.0,0.0,0.0
51,79,0,0,0.0,0.0,0.0
51,80,0,0,0.0,0.0,0.0
51,81,0,1,0.0,1.25,1.25
51,82,0,1,0.0,1.25,1.25
51,83,0,0,0.0,0.0,0.0
51,84,0,2,0.0,2.5,2.5
51,85,0,0,0.0,0.0,0.0
51,86,2,0,2.5,0.0,-2.5
51,87,0,0,0.0,0.0,0.0
51,88,0,0,0.0,0.0,0.0
51,89,0,0,0.0,0.0,0.0
51,90,0,0,0.0,0.0,0.0
51,91,0,0,0.0,0.0,0.0
51,92,0,0,0.0,0.0,0.0
51,93,0,0,0.0,0.0,0.0
51,94,0,1,0.0,1.25,1.25
51,95,1,1,1.25,1.25,0.0
51,96,0,0,0.0,0.0,0.0
51,97,1,0,1.25,0.0,-1.25
51,98,0,0,0.0,0.0,0.0
51,99,0,0,0.0,0.0,0.0
51,100,0,0,0.0,0.0,0.0
51,101,0,0,0.0,0.0,0.0
51,102,0,0,0.0,0.0,0.0
51,103,0,0,0.0,0.0,0.0
51,104,0,0,0.0,0.0,0.0
51,105,0,0,0.0,0.0,0.0
51,106,0,0,0.0,0.0,0.0
51,107,0,0,0.0,0.0,0.0
51,108,0,3,0.0,3.75,3.75
51,109,0,0,0.0,0.0,0.0
51,110,0,0,0.0,0.0,0.0
51,111,3,2,3.75,2.5,-1.25
51,112,1,0,1.25,0.0,-1.25
51,113,2,0,2.5,0.0,-2.5
51,114,6,1,7.5,1.25,-6.25
51,115,0,0,0.0,0.0,0.0
51,116,0,0,0.0,0.0,0.0
51,117,0,0,0.0,0.0,0.0
51,118,0,0,0.0,0.0,0.0
51,119,1,0,1.25,0.0,-1.25
51,120,0,0,0.0,0.0,0.0
51,121,0,0,0.0,0.0,0.0
51,122,0,0,0.0,0.0,0.0
51,123,1,0,1.25,0.0,-1.25
51,124,0,0,0.0,0.0,0.0
51,125,0,2,0.0,2.5,2.5
51,126,0,0,0.0,0.0,0.0
51,127,0,2,0.0,2.5,2.5
51,128,0,0,0.0,0.0,0.0
51,129,0,0,0.0,0.0,0.0
51,130,0,0,0.0,0.0,0.0
51,131,0,0,0.0,0.0,0.0
51,132,0,0,0.0,0.0,0.0
51,133,0,1,0.0,1.25,1.25
51,134,0,0,0.0,0.0,0.0
52,0,0,1,0.0,1.25,1.25
52,1,1,4,1.25,5.0,3.75
52,2,0,0,0.0,0.0,0.0
52,3,0,0,0.0,0.0,0.0
52,4,6,0,7.5,0.0,-7.5
52,5,3,0,3.75,0.0,-3.75
52,6,1,0,1.25,0.0,-1.25
52,7,1,4,1.25,5.0,3.75
52,8,2,0,2.5,0.0,-2.5
52,9,2,1,2.5,1.25,-1.25
52,10,6,6,7.5,7.5,0.0
52,11,5,0,6.25,0.0,-6.25
52,12,4,1,5.0,1.25,-3.75
52,13,1,1,1.25,1.25,0.0
52,14,1,1,1.25,1.25,0.0
52,15,8,0,10.0,0.0,-10.0
52,16,2,3,2.5,3.75,1.25
52,17,2,0,2.5,0.0,-2.5
52,18,2,0,2.5,0.0,-2.5
52,19,0,1,0.0,1.25,1.25
52,20,5,2,6.25,2.5,-3.75
52,21,5,5,6.25,6.25,0.0
52,22,3,0,3.75,0.0,-3.75
52,23,3,1,3.75,1.25,-2.5
52,24,9,1,11.25,1.25,-10.0
52,25,0,1,0.0,1.25,1.25
52,26,0,1,0.0,1.25,1.25
52,27,4,0,5.0,0.0,-5.0
52,28,0,1,0.0,1.25,1.25
52,29,4,1,5.0,1.25,-3.75
52,30,2,2,2.5,2.5,0.0
52,31,5,3,6.25,3.75,-2.5
52,32,1,1,1.25,1.25,0.0
52,33,0,2,0.0,2.5,2.5
52,34,1,0,1.25,0.0,-1.25
52,35,1,5,1.25,6.25,5.0
52,36,0,2,0.0,2.5,2.5
52,37,5,4,6.25,5.0,-1.25
52,38,5,0,6.25,0.0,-6.25
52,39,12,1,15.0,1.25,-13.75
52,40,0,4,0.0,5.0,5.0
52,41,0,1,0.0,1.25,1.25
52,42,6,1,7.5,1.25,-6.25
52,43,0,1,0.0,1.25,1.25
52,44,1,0,1.25,0.0,-1.25
52,45,0,0,0.0,0.0,0.0
52,46,3,0,3.75,0.0,-3.75
52,47,0,2,0.0,2.5,2.5
52,48,1,1,1.25,1.25,0.0
52,49,0,0,0.0,0.0,0.0
52,50,0,3,0.0,3.75,3.75
52,51,1,0,1.25,0.0,-1.25
52,52,2,0,2.5,0.0,-2.5
52,53,3,0,3.75,0.0,-3.75
52,54,3,0,3.75,0.0,-3.75
52,55,0,0,0.0,0.0,0.0
52,56,0,2,0.0,2.5,2.5
52,57,0,2,0.0,2.5,2.5
52,58,7,0,8.75,0.0,-8.75
52,59,1,1,1.25,1.25,0.0
52,60,1,5,1.25,6.25,5.0
52,61,0,0,0.0,0.0,0.0
52,62,2,1,2.5,1.25,-1.25
52,63,0,3,0.0,3.75,3.75
52,64,1,2,1.25,2.5,1.25
52,65,2,0,2.5,0.0,-2.5
52,66,5,0,6.25,0.0,-6.25
52,67,4,0,5.0,0.0,-5.0
52,68,0,1,0.0,1.25,1.25
52,69,4,2,5.0,2.5,-2.5
52,70,1,3,1.25,3.75,2.5
52,71,8,0,10.0,0.0,-10.0
52,72,0,2,0.0,2.5,2.5
52,73,0,0,0.0,0.0,0.0
52,74,1,4,1.25,5.0,3.75
52,75,0,0,0.0,0.0,0.0
52,76,1,1,1.25,1.25,0.0
52,77,9,2,11.25,2.5,-8.75
52,78,0,0,0.0,0.0,0.0
52,79,0,3,0.0,3.75,3.75
52,80,1,0,1.25,0.0,-1.25
52,81,0,0,0.0,0.0,0.0
52,82,0,1,0.0,1.25,1.25
52,83,1,1,1.25,1.25,0.0
52,84,1,4,1.25,5.0,3.75
52,85,0,1,0.0,1.25,1.25
52,86,9,2,11.25,2.5,-8.75
52,87,0,3,0.0,3.75,3.75
52,88,0,0,0.0,0.0,0.0
52,89,0,1,0.0,1.25,1.25
52,90,0,0,0.0,0.0,0.0
52,91,0,1,0.0,1.25,1.25
52,92,0,1,0.0,1.25,1.25
52,93,0,0,0.0,0.0,0.0
52,94,4,8,5.0,10.0,5.0
52,95,5,2,6.25,2.5,-3.75
52,96,0,1,0.0,1.25,1.25
52,97,3,0,3.75,0.0,-3.75
52,98,0,0,0.0,0.0,0.0
52,99,1,1,1.25,1.25,0.0
52,100,0,1,0.0,1.25,1.25
52,101,3,0,3.75,0.0,-3.75
52,102,1,4,1.25,5.0,3.75
52,103,0,1,0.0,1.25,1.25
52,104,0,3,0.0,3.75,3.75
52,105,0,0,0.0,0.0,0.0
52,106,0,2,0.0,2.5,2.5
52,107,0,2,0.0,2.5,2.5
52,108,4,1,5.0,1.25,-3.75
52,109,1,1,1.25,1.25,0.0
52,110,0,0,0.0,0.0,0.0
52,111,1,2,1.25,2.5,1.25
52,112,5,0,6.25,0.0,-6.25
52,113,11,17,13.75,21.25,7.5
52,114,10,5,12.5,6.25,-6.25
52,115,0,0,0.0,0.0,0.0
52,116,0,1,0.0,1.25,1.25
52,117,0,2,0.0,2.5,2.5
52,118,0,4,0.0,5.0,5.0
52,119,11,3,13.75,3.75,-10.0
52,120,0,1,0.0,1.25,1.25
52,121,2,0,2.5,0.0,-2.5
52,122,1,1,1.25,1.25,0.0
52,123,1,0,1.25,0.0,-1.25
52,124,0,1,0.0,1.25,1.25
52,125,1,0,1.25,0.0,-1.25
52,126,2,0,2.5,0.0,-2.5
52,127,0,2,0.0,2.5,2.5
52,128,0,2,0.0,2.5,2.5
52,129,1,1,1.25,1.25,0.0
52,130,0,1,0.0,1.25,1.25
52,131,0,2,0.0,2.5,2.5
52,132,0,1,0.0,1.25,1.25
52,133,0,0,0.0,0.0,0.0
52,134,0,3,0.0,3.75,3.75
53,0,0,0,0.0,0.0,0.0
53,1,0,0,0.0,0.0,0.0
53,2,2,0,2.5,0.0,-2.5
53,3,1,2,1.25,2.5,1.25
53,4,3,0,3.75,0.0,-3.75
53,5,0,0,0.0,0.0,0.0
53,6,1,0,1.25,0.0,-1.25
53,7,2,0,2.5,0.0,-2.5
53,8,0,2,0.0,2.5,2.5
53,9,1,2,1.25,2.5,1.25
53,10,2,0,2.5,0.0,-2.5
53,11,1,1,1.25,1.25,0.0
53,12,3,3,3.75,3.75,0.0
53,13,2,2,2.5,2.5,0.0
53,14,1,2,1.25,2.5,1.25
53,15,1,0,1.25,0.0,-1.25
53,16,0,2,0.0,2.5,2.5
53,17,1,0,1.25,0.0,-1.25
53,18,1,1,1.25,1.25,0.0
53,19,1,2,1.25,2.5,1.25
53,20,1,0,1.25,0.0,-1.25
53,21,1,3,1.25,3.75,2.5
53,22,2,1,2.5,1.25,-1.25
53,23,2,2,2.5,2.5,0.0
53,24,3,2,3.75,2.5,-1.25
53,25,2,0,2.5,0.0,-2.5
53,26,9,2,11.25,2.5,-8.75
53,27,5,6,6.25,7.5,1.25
53,28,0,1,0.0,1.25,1.25
53,29,1,3,1.25,3.75,2.5
53,30,0,0,0.0,0.0,0.0
53,31,0,0,0.0,0.0,0.0
53,32,1,9,1.25,11.25,10.0
53,33,1,2,1.25,2.5,1.25
53,34,1,2,1.25,2.5,1.25
53,35,3,2,3.75,2.5,-1.25
53,36,1,2,1.25,2.5,1.25
53,37,1,0,1.25,0.0,-1.25
53,38,5,0,6.25,0.0,-6.25
53,39,1,4,1.25,5.0,3.75
53,40,6,1,7.5,1.25,-6.25
53,41,3,1,3.75,1.25,-2.5
53,42,0,1,0.0,1.25,1.25
53,43,2,2,2.5,2.5,0.0
53,44,3,2,3.75,2.5,-1.25
53,45,0,1,0.0,1.25,1.25
53,46,2,3,2.5,3.75,1.25
53,47,1,3,1.25,3.75,2.5
53,48,9,2,11.25,2.5,-8.75
53,49,5,1,6.25,1.25,-5.0
53,50,2,2,2.5,2.5,0.0
53,51,3,7,3.75,8.75,5.0
53,52,0,1,0.0,1.25,1.25
53,53,6,5,7.5,6.25,-1.25
53,54,1,0,1.25,0.0,-1.25
53,55,1,1,1.25,1.25,0.0
53,56,4,4,5.0,5.0,0.0
53,57,2,2,2.5,2.5,0.0
53,58,5,5,6.25,6.25,0.0
53,59,5,0,6.25,0.0,-6.25
53,60,0,3,0.0,3.75,3.75
53,61,5,0,6.25,0.0,-6.25
53,62,1,6,1.25,7.5,6.25
53,63,1,3,1.25,3.75,2.5
53,64,2,3,2.5,3.75,1.25
53,65,5,5,6.25,6.25,0.0
53,66,1,4,1.25,5.0,3.75
53,67,7,4,8.75,5.0,-3.75
53,68,4,1,5.0,1.25,-3.75
53,69,4,2,5.0,2.5,-2.5
53,70,4,4,5.0,5.0,0.0
53,71,3,2,3.75,2.5,-1.25
53,72,7,3,8.75,3.75,-5.0
53,73,4,1,5.0,1.25,-3.75
53,74,8,4,10.0,5.0,-5.0
53,75,7,11,8.75,13.75,5.0
53,76,14,1,17.5,1.25,-16.25
53,77,4,8,5.0,10.0,5.0
53,78,8,10,10.0,12.5,2.5
53,79,0,4,0.0,5.0,5.0
53,80,7,7,8.75,8.75,0.0
53,81,1,3,1.25,3.75,2.5
53,82,2,3,2.5,3.75,1.25
53,83,6,10,7.5,12.5,5.0
53,84,11,5,13.75,6.25,-7.5
53,85,1,4,1.25,5.0,3.75
53,86,4,4,5.0,5.0,0.0
53,87,4,4,5.0,5.0,0.0
53,88,3,2,3.75,2.5,-1.25
53,89,5,1,6.25,1.25,-5.0
53,90,4,0,5.0,0.0,-5.0
53,91,0,1,0.0,1.25,1.25
53,92,4,6,5.0,7.5,2.5
53,93,6,5,7.5,6.25,-1.25
53,94,3,5,3.75,6.25,2.5
53,95,1,3,1.25,3.75,2.5
53,96,3,8,3.75,10.0,6.25
53,97,5,3,6.25,3.75,-2.5
53,98,4,6,5.0,7.5,2.5
53,99,1,1,1.25,1.25,0.0
53,100,3,2,3.75,2.5,-1.25
53,101,10,6,12.5,7.5,-5.0
53,102,2,2,2.5,2.5,0.0
53,103,0,0,0.0,0.0,0.0
53,104,2,3,2.5,3.75,1.25
53,105,3,5,3.75,6.25,2.5
53,106,5,9,6.25,11.25,5.0
53,107,2,2,2.5,2.5,0.0
53,108,1,3,1.25,3.75,2.5
53,109,0,2,0.0,2.5,2.5
53,110,3,5,3.75,6.25,2.5
53,111,1,3,1.25,3.75,2.5
53,112,3,5,3.75,6.25,2.5
53,113,1,4,1.25,5.0,3.75
53,114,4,4,5.0,5.0,0.0
53,115,3,4,3.75,5.0,1.25
53,116,3,3,3.75,3.75,0.0
53,117,5,3,6.25,3.75,-2.5
53,118,5,3,6.25,3.75,-2.5
53,119,4,5,5.0,6.25,1.25
53,120,2,2,2.5,2.5,0.0
53,121,3,3,3.75,3.75,0.0
53,122,5,2,6.25,2.5,-3.75
53,123,3,6,3.75,7.5,3.75
53,124,2,4,2.5,5.0,2.5
53,125,4,6,5.0,7.5,2.5
53,126,5,1,6.25,1.25,-5.0
53,127,4,8,5.0,10.0,5.0
53,128,4,1,5.0,1.25,-3.75
53,129,2,5,2.5,6.25,3.75
53,130,5,1,6.25,1.25,-5.0
53,131,2,3,2.5,3.75,1.25
53,132,6,4,7.5,5.0,-2.5
53,133,1,10,1.25,12.5,11.25
53,134,3,1,3.75,1.25,-2.5
54,0,0,1,0.0,1.25,1.25
54,1,0,1,0.0,1.25,1.25
54,2,3,1,3.75,1.25,-2.5
54,3,1,0,1.25,0.0,-1.25
54,4,1,1,1.25,1.25,0.0
54,5,1,0,1.25,0.0,-1.25
54,6,7,10,8.75,12.5,3.75
54,7,1,0,1.25,0.0,-1.25
54,8,0,0,0.0,0.0,0.0
54,9,3,0,3.75,0.0,-3.75
54,10,1,3,1.25,3.75,2.5
54,11,1,1,1.25,1.25,0.0
54,12,1,2,1.25,2.5,1.25
54,13,1,1,1.25,1.25,0.0
54,14,1,2,1.25,2.5,1.25
54,15,0,2,0.0,2.5,2.5
54,16,0,3,0.0,3.75,3.75
54,17,3,3,3.75,3.75,0.0
54,18,7,5,8.75,6.25,-2.5
54,19,2,6,2.5,7.5,5.0
54,20,2,1,2.5,1.25,-1.25
54,21,0,3,0.0,3.75,3.75
54,22,2,3,2.5,3.75,1.25
54,23,6,1,7.5,1.25,-6.25
54,24,0,3,0.0,3.75,3.75
54,25,2,5,2.5,6.25,3.75
54,26,4,4,5.0,5.0,0.0
54,27,2,2,2.5,2.5,0.0
54,28,5,6,6.25,7.5,1.25
54,29,2,5,2.5,6.25,3.75
54,30,4,2,5.0,2.5,-2.5
54,31,3,2,3.75,2.5,-1.25
54,32,2,4,2.5,5.0,2.5
54,33,1,2,1.25,2.5,1.25
54,34,1,1,1.25,1.25,0.0
54,35,0,1,0.0,1.25,1.25
54,36,1,2,1.25,2.5,1.25
54,37,2,0,2.5,0.0,-2.5
54,38,2,1,2.5,1.25,-1.25
54,39,1,0,1.25,0.0,-1.25
54,40,1,6,1.25,7.5,6.25
54,41,3,2,3.75,2.5,-1.25
54,42,3,0,3.75,0.0,-3.75
54,43,1,0,1.25,0.0,-1.25
54,44,1,2,1.25,2.5,1.25
54,45,1,0,1.25,0.0,-1.25
54,46,1,2,1.25,2.5,1.25
54,47,2,2,2.5,2.5,0.0
54,48,1,1,1.25,1.25,0.0
54,49,1,0,1.25,0.0,-1.25
54,50,0,2,0.0,2.5,2.5
54,51,0,1,0.0,1.25,1.25
54,52,2,1,2.5,1.25,-1.25
54,53,1,2,1.25,2.5,1.25
54,54,0,3,0.0,3.75,3.75
54,55,0,1,0.0,1.25,1.25
54,56,1,1,1.25,1.25,0.0
54,57,1,1,1.25,1.25,0.0
54,58,0,3,0.0,3.75,3.75
54,59,3,1,3.75,1.25,-2.5
54,60,1,0,1.25,0.0,-1.25
54,61,2,4,2.5,5.0,2.5
54,62,1,0,1.25,0.0,-1.25
54,63,1,1,1.25,1.25,0.0
54,64,0,1,0.0,1.25,1.25
54,65,2,3,2.5,3.75,1.25
54,66,1,1,1.25,1.25,0.0
54,67,0,0,0.0,0.0,0.0
54,68,0,0,0.0,0.0,0.0
54,69,3,3,3.75,3.75,0.0
54,70,1,0,1.25,0.0,-1.25
54,71,0,1,0.0,1.25,1.25
54,72,0,0,0.0,0.0,0.0
54,73,0,1,0.0,1.25,1.25
54,74,0,1,0.0,1.25,1.25
54,75,5,3,6.25,3.75,-2.5
54,76,2,1,2.5,1.25,-1.25
54,77,1,0,1.25,0.0,-1.25
54,78,2,1,2.5,1.25,-1.25
54,79,2,1,2.5,1.25,-1.25
54,80,0,1,0.0,1.25,1.25
54,81,0,0,0.0,0.0,0.0
54,82,0,1,0.0,1.25,1.25
54,83,0,0,0.0,0.0,0.0
54,84,0,0,0.0,0.0,0.0
54,85,4,2,5.0,2.5,-2.5
54,86,0,2,0.0,2.5,2.5
54,87,0,1,0.0,1.25,1.25
54,88,0,1,0.0,1.25,1.25
54,89,2,0,2.5,0.0,-2.5
54,90,0,0,0.0,0.0,0.0
54,91,5,4,6.25,5.0,-1.25
54,92,0,0,0.0,0.0,0.0
54,93,0,0,0.0,0.0,0.0
54,94,2,1,2.5,1.25,-1.25
54,95,0,0,0.0,0.0,0.0
54,96,0,0,0.0,0.0,0.0
54,97,0,2,0.0,2.5,2.5
54,98,0,3,0.0,3.75,3.75
54,99,0,0,0.0,0.0,0.0
54,100,0,0,0.0,0.0,0.0
54,101,0,0,0.0,0.0,0.0
54,102,1,0,1.25,0.0,-1.25
54,103,1,0,1.25,0.0,-1.25
54,104,1,1,1.25,1.25,0.0
54,105,0,1,0.0,1.25,1.25
54,106,1,3,1.25,3.75,2.5
54,107,3,0,3.75,0.0,-3.75
54,108,0,0,0.0,0.0,0.0
54,109,1,0,1.25,0.0,-1.25
54,110,2,0,2.5,0.0,-2.5
54,111,3,3,3.75,3.75,0.0
54,112,3,0,3.75,0.0,-3.75
54,113,0,1,0.0,1.25,1.25
54,114,1,1,1.25,1.25,0.0
54,115,0,2,0.0,2.5,2.5
54,116,0,1,0.0,1.25,1.25
54,117,4,6,5.0,7.5,2.5
54,118,2,0,2.5,0.0,-2.5
54,119,0,0,0.0,0.0,0.0
54,120,1,0,1.25,0.0,-1.25
54,121,2,0,2.5,0.0,-2.5
54,122,0,0,0.0,0.0,0.0
54,123,0,1,0.0,1.25,1.25
54,124,0,0,0.0,0.0,0.0
54,125,0,0,0.0,0.0,0.0
54,126,2,2,2.5,2.5,0.0
54,127,0,3,0.0,3.75,3.75
54,128,0,1,0.0,1.25,1.25
54,129,1,1,1.25,1.25,0.0
54,130,0,1,0.0,1.25,1.25
54,131,0,0,0.0,0.0,0.0
54,132,3,0,3.75,0.0,-3.75
54,133,0,0,0.0,0.0,0.0
54,134,2,1,2.5,1.25,-1.25
