unit_id,trial_id,baseline_count,response_count,baseline_rate_hz,response_rate_hz,rate_difference_hz
0,0,2,3,2.5,3.75,1.25
0,1,3,4,3.75,5.0,1.25
0,2,2,2,2.5,2.5,0.0
0,3,2,2,2.5,2.5,0.0
0,4,4,4,5.0,5.0,0.0
0,5,3,4,3.75,5.0,1.25
0,6,3,3,3.75,3.75,0.0
0,7,4,4,5.0,5.0,0.0
0,8,3,4,3.75,5.0,1.25
0,9,4,3,5.0,3.75,-1.25
0,10,4,4,5.0,5.0,0.0
0,11,3,3,3.75,3.75,0.0
0,12,3,3,3.75,3.75,0.0
0,13,3,2,3.75,2.5,-1.25
0,14,3,3,3.75,3.75,0.0
0,15,3,3,3.75,3.75,0.0
0,16,4,2,5.0,2.5,-2.5
0,17,4,3,5.0,3.75,-1.25
0,18,2,3,2.5,3.75,1.25
0,19,3,3,3.75,3.75,0.0
0,20,3,3,3.75,3.75,0.0
0,21,4,2,5.0,2.5,-2.5
0,22,5,2,6.25,2.5,-3.75
0,23,4,2,5.0,2.5,-2.5
0,24,2,2,2.5,2.5,0.0
0,25,2,3,2.5,3.75,1.25
0,26,3,3,3.75,3.75,0.0
0,27,4,4,5.0,5.0,0.0
0,28,2,3,2.5,3.75,1.25
0,29,3,3,3.75,3.75,0.0
0,30,3,3,3.75,3.75,0.0
0,31,3,2,3.75,2.5,-1.25
0,32,4,3,5.0,3.75,-1.25
0,33,3,4,3.75,5.0,1.25
0,34,3,3,3.75,3.75,0.0
0,35,4,3,5.0,3.75,-1.25
0,36,2,3,2.5,3.75,1.25
0,37,3,2,3.75,2.5,-1.25
0,38,3,3,3.75,3.75,0.0
0,39,3,3,3.75,3.75,0.0
0,40,4,3,5.0,3.75,-1.25
0,41,3,1,3.75,1.25,-2.5
0,42,2,4,2.5,5.0,2.5
0,43,2,2,2.5,2.5,0.0
0,44,4,2,5.0,2.5,-2.5
0,45,4,4,5.0,5.0,0.0
0,46,3,2,3.75,2.5,-1.25
0,47,3,4,3.75,5.0,1.25
0,48,3,3,3.75,3.75,0.0
0,49,3,4,3.75,5.0,1.25
0,50,3,3,3.75,3.75,0.0
0,51,3,4,3.75,5.0,1.25
0,52,3,3,3.75,3.75,0.0
0,53,2,2,2.5,2.5,0.0
0,54,3,3,3.75,3.75,0.0
0,55,3,3,3.75,3.75,0.0
0,56,4,2,5.0,2.5,-2.5
0,57,4,4,5.0,5.0,0.0
0,58,4,3,5.0,3.75,-1.25
0,59,3,4,3.75,5.0,1.25
0,60,3,3,3.75,3.75,0.0
0,61,3,3,3.75,3.75,0.0
0,62,3,2,3.75,2.5,-1.25
0,63,3,3,3.75,3.75,0.0
0,64,3,3,3.75,3.75,0.0
0,65,2,2,2.5,2.5,0.0
0,66,2,3,2.5,3.75,1.25
0,67,5,2,6.25,2.5,-3.75
0,68,4,4,5.0,5.0,0.0
0,69,3,3,3.75,3.75,0.0
0,70,3,4,3.75,5.0,1.25
0,71,3,3,3.75,3.75,0.0
0,72,3,4,3.75,5.0,1.25
0,73,4,3,5.0,3.75,-1.25
0,74,3,3,3.75,3.75,0.0
0,75,2,3,2.5,3.75,1.25
0,76,2,3,2.5,3.75,1.25
0,77,4,4,5.0,5.0,0.0
0,78,3,3,3.75,3.75,0.0
0,79,2,3,2.5,3.75,1.25
0,80,3,2,3.75,2.5,-1.25
0,81,3,3,3.75,3.75,0.0
0,82,2,3,2.5,3.75,1.25
0,83,3,3,3.75,3.75,0.0
0,84,4,2,5.0,2.5,-2.5
0,85,3,4,3.75,5.0,1.25
0,86,3,4,3.75,5.0,1.25
0,87,3,3,3.75,3.75,0.0
0,88,2,2,2.5,2.5,0.0
0,89,3,3,3.75,3.75,0.0
0,90,2,3,2.5,3.75,1.25
0,91,4,2,5.0,2.5,-2.5
0,92,3,2,3.75,2.5,-1.25
0,93,3,2,3.75,2.5,-1.25
0,94,1,3,1.25,3.75,2.5
0,95,3,3,3.75,3.75,0.0
0,96,3,3,3.75,3.75,0.0
0,97,4,4,5.0,5.0,0.0
0,98,3,2,3.75,2.5,-1.25
0,99,2,3,2.5,3.75,1.25
0,100,4,4,5.0,5.0,0.0
0,101,3,3,3.75,3.75,0.0
0,102,3,3,3.75,3.75,0.0
0,103,3,3,3.75,3.75,0.0
0,104,2,3,2.5,3.75,1.25
0,105,2,3,2.5,3.75,1.25
0,106,3,2,3.75,2.5,-1.25
0,107,3,3,3.75,3.75,0.0
0,108,3,2,3.75,2.5,-1.25
0,109,3,1,3.75,1.25,-2.5
0,110,3,1,3.75,1.25,-2.5
0,111,3,3,3.75,3.75,0.0
0,112,4,2,5.0,2.5,-2.5
0,113,3,4,3.75,5.0,1.25
0,114,3,3,3.75,3.75,0.0
0,115,3,3,3.75,3.75,0.0
0,116,3,3,3.75,3.75,0.0
0,117,3,2,3.75,2.5,-1.25
0,118,3,1,3.75,1.25,-2.5
0,119,3,4,3.75,5.0,1.25
0,120,4,3,5.0,3.75,-1.25
0,121,4,3,5.0,3.75,-1.25
0,122,3,3,3.75,3.75,0.0
0,123,3,3,3.75,3.75,0.0
0,124,3,4,3.75,5.0,1.25
0,125,4,2,5.0,2.5,-2.5
0,126,3,3,3.75,3.75,0.0
0,127,4,3,5.0,3.75,-1.25
0,128,3,2,3.75,2.5,-1.25
0,129,4,3,5.0,3.75,-1.25
0,130,3,4,3.75,5.0,1.25
0,131,3,3,3.75,3.75,0.0
0,132,3,3,3.75,3.75,0.0
0,133,4,3,5.0,3.75,-1.25
0,134,4,3,5.0,3.75,-1.25
1,0,4,5,5.0,6.25,1.25
1,1,4,9,5.0,11.25,6.25
1,2,9,4,11.25,5.0,-6.25
1,3,7,4,8.75,5.0,-3.75
1,4,5,6,6.25,7.5,1.25
1,5,6,10,7.5,12.5,5.0
1,6,7,9,8.75,11.25,2.5
1,7,8,5,10.0,6.25,-3.75
1,8,6,7,7.5,8.75,1.25
1,9,11,6,13.75,7.5,-6.25
1,10,11,9,13.75,11.25,-2.5
1,11,5,7,6.25,8.75,2.5
1,12,13,5,16.25,6.25,-10.0
1,13,6,7,7.5,8.75,1.25
1,14,8,12,10.0,15.0,5.0
1,15,7,9,8.75,11.25,2.5
1,16,3,4,3.75,5.0,1.25
1,17,4,12,5.0,15.0,10.0
1,18,7,5,8.75,6.25,-2.5
1,19,10,5,12.5,6.25,-6.25
1,20,6,11,7.5,13.75,6.25
1,21,5,5,6.25,6.25,0.0
1,22,8,8,10.0,10.0,0.0
1,23,9,5,11.25,6.25,-5.0
1,24,9,6,11.25,7.5,-3.75
1,25,10,5,12.5,6.25,-6.25
1,26,5,4,6.25,5.0,-1.25
1,27,6,5,7.5,6.25,-1.25
1,28,9,7,11.25,8.75,-2.5
1,29,6,9,7.5,11.25,3.75
1,30,6,9,7.5,11.25,3.75
1,31,7,7,8.75,8.75,0.0
1,32,6,4,7.5,5.0,-2.5
1,33,4,4,5.0,5.0,0.0
1,34,1,11,1.25,13.75,12.5
1,35,1,4,1.25,5.0,3.75
1,36,4,5,5.0,6.25,1.25
1,37,8,8,10.0,10.0,0.0
1,38,5,6,6.25,7.5,1.25
1,39,6,12,7.5,15.0,7.5
1,40,6,4,7.5,5.0,-2.5
1,41,4,11,5.0,13.75,8.75
1,42,9,8,11.25,10.0,-1.25
1,43,8,13,10.0,16.25,6.25
1,44,4,7,5.0,8.75,3.75
1,45,11,8,13.75,10.0,-3.75
1,46,6,10,7.5,12.5,5.0
1,47,11,8,13.75,10.0,-3.75
1,48,3,7,3.75,8.75,5.0
1,49,3,6,3.75,7.5,3.75
1,50,3,5,3.75,6.25,2.5
1,51,10,7,12.5,8.75,-3.75
1,52,5,16,6.25,20.0,13.75
1,53,8,7,10.0,8.75,-1.25
1,54,6,8,7.5,10.0,2.5
1,55,10,5,12.5,6.25,-6.25
1,56,6,8,7.5,10.0,2.5
1,57,8,7,10.0,8.75,-1.25
1,58,9,10,11.25,12.5,1.25
1,59,6,5,7.5,6.25,-1.25
1,60,7,6,8.75,7.5,-1.25
1,61,10,2,12.5,2.5,-10.0
1,62,9,9,11.25,11.25,0.0
1,63,3,11,3.75,13.75,10.0
1,64,2,6,2.5,7.5,5.0
1,65,9,13,11.25,16.25,5.0
1,66,5,5,6.25,6.25,0.0
1,67,8,6,10.0,7.5,-2.5
1,68,5,4,6.25,5.0,-1.25
1,69,7,11,8.75,13.75,5.0
1,70,9,7,11.25,8.75,-2.5
1,71,2,4,2.5,5.0,2.5
1,72,2,7,2.5,8.75,6.25
1,73,6,9,7.5,11.25,3.75
1,74,10,6,12.5,7.5,-5.0
1,75,14,3,17.5,3.75,-13.75
1,76,8,8,10.0,10.0,0.0
1,77,5,7,6.25,8.75,2.5
1,78,8,9,10.0,11.25,1.25
1,79,9,6,11.25,7.5,-3.75
1,80,10,4,12.5,5.0,-7.5
1,81,4,7,5.0,8.75,3.75
1,82,6,17,7.5,21.25,13.75
1,83,2,7,2.5,8.75,6.25
1,84,4,3,5.0,3.75,-1.25
1,85,5,8,6.25,10.0,3.75
1,86,3,9,3.75,11.25,7.5
1,87,6,8,7.5,10.0,2.5
1,88,6,11,7.5,13.75,6.25
1,89,6,10,7.5,12.5,5.0
1,90,7,5,8.75,6.25,-2.5
1,91,6,13,7.5,16.25,8.75
1,92,5,10,6.25,12.5,6.25
1,93,3,7,3.75,8.75,5.0
1,94,5,5,6.25,6.25,0.0
1,95,9,17,11.25,21.25,10.0
1,96,9,9,11.25,11.25,0.0
1,97,12,5,15.0,6.25,-8.75
1,98,2,3,2.5,3.75,1.25
1,99,10,7,12.5,8.75,-3.75
1,100,9,5,11.25,6.25,-5.0
1,101,6,5,7.5,6.25,-1.25
1,102,6,5,7.5,6.25,-1.25
1,103,6,6,7.5,7.5,0.0
1,104,4,4,5.0,5.0,0.0
1,105,6,7,7.5,8.75,1.25
1,106,10,9,12.5,11.25,-1.25
1,107,6,3,7.5,3.75,-3.75
1,108,3,8,3.75,10.0,6.25
1,109,11,8,13.75,10.0,-3.75
1,110,6,13,7.5,16.25,8.75
1,111,5,7,6.25,8.75,2.5
1,112,7,9,8.75,11.25,2.5
1,113,6,3,7.5,3.75,-3.75
1,114,0,11,0.0,13.75,13.75
1,115,5,7,6.25,8.75,2.5
1,116,8,9,10.0,11.25,1.25
1,117,7,13,8.75,16.25,7.5
1,118,6,4,7.5,5.0,-2.5
1,119,9,7,11.25,8.75,-2.5
1,120,2,14,2.5,17.5,15.0
1,121,6,9,7.5,11.25,3.75
1,122,3,6,3.75,7.5,3.75
1,123,5,2,6.25,2.5,-3.75
1,124,5,8,6.25,10.0,3.75
1,125,4,8,5.0,10.0,5.0
1,126,5,9,6.25,11.25,5.0
1,127,10,6,12.5,7.5,-5.0
1,128,5,11,6.25,13.75,7.5
1,129,9,4,11.25,5.0,-6.25
1,130,6,15,7.5,18.75,11.25
1,131,4,8,5.0,10.0,5.0
1,132,4,6,5.0,7.5,2.5
1,133,1,11,1.25,13.75,12.5
1,134,6,7,7.5,8.75,1.25
2,0,5,2,6.25,2.5,-3.75
2,1,3,4,3.75,5.0,1.25
2,2,11,6,13.75,7.5,-6.25
2,3,6,6,7.5,7.5,0.0
2,4,7,6,8.75,7.5,-1.25
2,5,6,13,7.5,16.25,8.75
2,6,7,8,8.75,10.0,1.25
2,7,7,6,8.75,7.5,-1.25
2,8,10,6,12.5,7.5,-5.0
2,9,8,5,10.0,6.25,-3.75
2,10,11,9,13.75,11.25,-2.5
2,11,4,7,5.0,8.75,3.75
2,12,15,5,18.75,6.25,-12.5
2,13,6,5,7.5,6.25,-1.25
2,14,8,10,10.0,12.5,2.5
2,15,5,9,6.25,11.25,5.0
2,16,5,3,6.25,3.75,-2.5
2,17,6,12,7.5,15.0,7.5
2,18,13,5,16.25,6.25,-10.0
2,19,9,3,11.25,3.75,-7.5
2,20,8,8,10.0,10.0,0.0
2,21,4,1,5.0,1.25,-3.75
2,22,5,4,6.25,5.0,-1.25
2,23,11,2,13.75,2.5,-11.25
2,24,12,4,15.0,5.0,-10.0
2,25,5,5,6.25,6.25,0.0
2,26,5,4,6.25,5.0,-1.25
2,27,8,8,10.0,10.0,0.0
2,28,9,8,11.25,10.0,-1.25
2,29,7,8,8.75,10.0,1.25
2,30,6,8,7.5,10.0,2.5
2,31,10,6,12.5,7.5,-5.0
2,32,2,2,2.5,2.5,0.0
2,33,6,1,7.5,1.25,-6.25
2,34,1,9,1.25,11.25,10.0
2,35,0,4,0.0,5.0,5.0
2,36,6,6,7.5,7.5,0.0
2,37,9,7,11.25,8.75,-2.5
2,38,5,6,6.25,7.5,1.25
2,39,6,10,7.5,12.5,5.0
2,40,6,4,7.5,5.0,-2.5
2,41,9,12,11.25,15.0,3.75
2,42,7,6,8.75,7.5,-1.25
2,43,8,11,10.0,13.75,3.75
2,44,5,8,6.25,10.0,3.75
2,45,10,7,12.5,8.75,-3.75
2,46,4,7,5.0,8.75,3.75
2,47,11,5,13.75,6.25,-7.5
2,48,3,6,3.75,7.5,3.75
2,49,8,3,10.0,3.75,-6.25
2,50,3,8,3.75,10.0,6.25
2,51,5,7,6.25,8.75,2.5
2,52,7,15,8.75,18.75,10.0
2,53,7,5,8.75,6.25,-2.5
2,54,6,9,7.5,11.25,3.75
2,55,10,4,12.5,5.0,-7.5
2,56,5,11,6.25,13.75,7.5
2,57,10,7,12.5,8.75,-3.75
2,58,6,7,7.5,8.75,1.25
2,59,7,4,8.75,5.0,-3.75
2,60,3,5,3.75,6.25,2.5
2,61,9,0,11.25,0.0,-11.25
2,62,12,9,15.0,11.25,-3.75
2,63,3,6,3.75,7.5,3.75
2,64,2,5,2.5,6.25,3.75
2,65,12,11,15.0,13.75,-1.25
2,66,4,7,5.0,8.75,3.75
2,67,8,6,10.0,7.5,-2.5
2,68,3,5,3.75,6.25,2.5
2,69,6,9,7.5,11.25,3.75
2,70,6,5,7.5,6.25,-1.25
2,71,2,6,2.5,7.5,5.0
2,72,4,7,5.0,8.75,3.75
2,73,3,8,3.75,10.0,6.25
2,74,11,5,13.75,6.25,-7.5
2,75,12,3,15.0,3.75,-11.25
2,76,9,9,11.25,11.25,0.0
2,77,3,5,3.75,6.25,2.5
2,78,7,9,8.75,11.25,2.5
2,79,6,3,7.5,3.75,-3.75
2,80,12,2,15.0,2.5,-12.5
2,81,3,6,3.75,7.5,3.75
2,82,5,9,6.25,11.25,5.0
2,83,4,8,5.0,10.0,5.0
2,84,4,5,5.0,6.25,1.25
2,85,6,7,7.5,8.75,1.25
2,86,2,5,2.5,6.25,3.75
2,87,4,9,5.0,11.25,6.25
2,88,3,11,3.75,13.75,10.0
2,89,7,8,8.75,10.0,1.25
2,90,7,4,8.75,5.0,-3.75
2,91,4,7,5.0,8.75,3.75
2,92,6,8,7.5,10.0,2.5
2,93,5,8,6.25,10.0,3.75
2,94,9,5,11.25,6.25,-5.0
2,95,10,11,12.5,13.75,1.25
2,96,4,6,5.0,7.5,2.5
2,97,10,3,12.5,3.75,-8.75
2,98,5,1,6.25,1.25,-5.0
2,99,11,7,13.75,8.75,-5.0
2,100,7,8,8.75,10.0,1.25
2,101,8,4,10.0,5.0,-5.0
2,102,3,3,3.75,3.75,0.0
2,103,7,6,8.75,7.5,-1.25
2,104,5,5,6.25,6.25,0.0
2,105,3,4,3.75,5.0,1.25
2,106,8,13,10.0,16.25,6.25
2,107,6,2,7.5,2.5,-5.0
2,108,6,8,7.5,10.0,2.5
2,109,7,4,8.75,5.0,-3.75
2,110,6,11,7.5,13.75,6.25
2,111,4,3,5.0,3.75,-1.25
2,112,9,9,11.25,11.25,0.0
2,113,5,5,6.25,6.25,0.0
2,114,1,8,1.25,10.0,8.75
2,115,6,7,7.5,8.75,1.25
2,116,6,6,7.5,7.5,0.0
2,117,8,8,10.0,10.0,0.0
2,118,7,6,8.75,7.5,-1.25
2,119,9,6,11.25,7.5,-3.75
2,120,2,11,2.5,13.75,11.25
2,121,4,8,5.0,10.0,5.0
2,122,8,5,10.0,6.25,-3.75
2,123,5,2,6.25,2.5,-3.75
2,124,5,4,6.25,5.0,-1.25
2,125,4,8,5.0,10.0,5.0
2,126,5,10,6.25,12.5,6.25
2,127,7,4,8.75,5.0,-3.75
2,128,6,8,7.5,10.0,2.5
2,129,5,6,6.25,7.5,1.25
2,130,7,8,8.75,10.0,1.25
2,131,5,8,6.25,10.0,3.75
2,132,4,4,5.0,5.0,0.0
2,133,3,11,3.75,13.75,10.0
2,134,6,10,7.5,12.5,5.0
3,0,3,1,3.75,1.25,-2.5
3,1,5,3,6.25,3.75,-2.5
3,2,4,1,5.0,1.25,-3.75
3,3,6,2,7.5,2.5,-5.0
3,4,4,3,5.0,3.75,-1.25
3,5,5,9,6.25,11.25,5.0
3,6,3,7,3.75,8.75,5.0
3,7,5,4,6.25,5.0,-1.25
3,8,6,5,7.5,6.25,-1.25
3,9,4,2,5.0,2.5,-2.5
3,10,8,4,10.0,5.0,-5.0
3,11,2,5,2.5,6.25,3.75
3,12,7,5,8.75,6.25,-2.5
3,13,3,1,3.75,1.25,-2.5
3,14,5,5,6.25,6.25,0.0
3,15,2,7,2.5,8.75,6.25
3,16,6,2,7.5,2.5,-5.0
3,17,4,6,5.0,7.5,2.5
3,18,8,4,10.0,5.0,-5.0
3,19,8,1,10.0,1.25,-8.75
3,20,7,6,8.75,7.5,-1.25
3,21,2,1,2.5,1.25,-1.25
3,22,3,4,3.75,5.0,1.25
3,23,9,2,11.25,2.5,-8.75
3,24,4,4,5.0,5.0,0.0
3,25,10,4,12.5,5.0,-7.5
3,26,5,4,6.25,5.0,-1.25
3,27,8,4,10.0,5.0,-5.0
3,28,9,6,11.25,7.5,-3.75
3,29,5,5,6.25,6.25,0.0
3,30,4,3,5.0,3.75,-1.25
3,31,5,3,6.25,3.75,-2.5
3,32,2,5,2.5,6.25,3.75
3,33,4,3,5.0,3.75,-1.25
3,34,1,6,1.25,7.5,6.25
3,35,0,4,0.0,5.0,5.0
3,36,4,5,5.0,6.25,1.25
3,37,4,6,5.0,7.5,2.5
3,38,0,5,0.0,6.25,6.25
3,39,5,8,6.25,10.0,3.75
3,40,4,2,5.0,2.5,-2.5
3,41,5,6,6.25,7.5,1.25
3,42,7,8,8.75,10.0,1.25
3,43,9,11,11.25,13.75,2.5
3,44,3,5,3.75,6.25,2.5
3,45,8,8,10.0,10.0,0.0
3,46,2,7,2.5,8.75,6.25
3,47,6,3,7.5,3.75,-3.75
3,48,4,7,5.0,8.75,3.75
3,49,4,5,5.0,6.25,1.25
3,50,3,6,3.75,7.5,3.75
3,51,3,1,3.75,1.25,-2.5
3,52,4,8,5.0,10.0,5.0
3,53,3,3,3.75,3.75,0.0
3,54,4,5,5.0,6.25,1.25
3,55,3,3,3.75,3.75,0.0
3,56,5,9,6.25,11.25,5.0
3,57,7,10,8.75,12.5,3.75
3,58,5,7,6.25,8.75,2.5
3,59,5,4,6.25,5.0,-1.25
3,60,4,6,5.0,7.5,2.5
3,61,5,1,6.25,1.25,-5.0
3,62,8,9,10.0,11.25,1.25
3,63,0,8,0.0,10.0,10.0
3,64,2,6,2.5,7.5,5.0
3,65,10,11,12.5,13.75,1.25
3,66,1,7,1.25,8.75,7.5
3,67,2,3,2.5,3.75,1.25
3,68,0,5,0.0,6.25,6.25
3,69,5,6,6.25,7.5,1.25
3,70,6,4,7.5,5.0,-2.5
3,71,2,2,2.5,2.5,0.0
3,72,3,2,3.75,2.5,-1.25
3,73,3,6,3.75,7.5,3.75
3,74,6,6,7.5,7.5,0.0
3,75,9,2,11.25,2.5,-8.75
3,76,5,7,6.25,8.75,2.5
3,77,5,7,6.25,8.75,2.5
3,78,4,9,5.0,11.25,6.25
3,79,2,3,2.5,3.75,1.25
3,80,8,4,10.0,5.0,-5.0
3,81,2,3,2.5,3.75,1.25
3,82,4,10,5.0,12.5,7.5
3,83,4,7,5.0,8.75,3.75
3,84,0,2,0.0,2.5,2.5
3,85,2,6,2.5,7.5,5.0
3,86,3,7,3.75,8.75,5.0
3,87,6,5,7.5,6.25,-1.25
3,88,5,9,6.25,11.25,5.0
3,89,3,6,3.75,7.5,3.75
3,90,5,0,6.25,0.0,-6.25
3,91,4,9,5.0,11.25,6.25
3,92,5,6,6.25,7.5,1.25
3,93,4,3,5.0,3.75,-1.25
3,94,4,4,5.0,5.0,0.0
3,95,11,12,13.75,15.0,1.25
3,96,4,1,5.0,1.25,-3.75
3,97,6,3,7.5,3.75,-3.75
3,98,2,1,2.5,1.25,-1.25
3,99,4,0,5.0,0.0,-5.0
3,100,5,4,6.25,5.0,-1.25
3,101,5,3,6.25,3.75,-2.5
3,102,1,3,1.25,3.75,2.5
3,103,2,6,2.5,7.5,5.0
3,104,3,2,3.75,2.5,-1.25
3,105,3,6,3.75,7.5,3.75
3,106,7,7,8.75,8.75,0.0
3,107,6,2,7.5,2.5,-5.0
3,108,3,4,3.75,5.0,1.25
3,109,5,6,6.25,7.5,1.25
3,110,5,9,6.25,11.25,5.0
3,111,7,7,8.75,8.75,0.0
3,112,6,7,7.5,8.75,1.25
3,113,4,5,5.0,6.25,1.25
3,114,0,4,0.0,5.0,5.0
3,115,5,7,6.25,8.75,2.5
3,116,4,5,5.0,6.25,1.25
3,117,7,5,8.75,6.25,-2.5
3,118,5,5,6.25,6.25,0.0
3,119,4,4,5.0,5.0,0.0
3,120,3,13,3.75,16.25,12.5
3,121,3,5,3.75,6.25,2.5
3,122,4,5,5.0,6.25,1.25
3,123,4,1,5.0,1.25,-3.75
3,124,3,6,3.75,7.5,3.75
3,125,2,6,2.5,7.5,5.0
3,126,3,5,3.75,6.25,2.5
3,127,4,4,5.0,5.0,0.0
3,128,7,5,8.75,6.25,-2.5
3,129,6,4,7.5,5.0,-2.5
3,130,4,11,5.0,13.75,8.75
3,131,3,6,3.75,7.5,3.75
3,132,2,3,2.5,3.75,1.25
3,133,1,8,1.25,10.0,8.75
3,134,5,6,6.25,7.5,1.25
4,0,6,2,7.5,2.5,-5.0
4,1,7,6,8.75,7.5,-1.25
4,2,10,5,12.5,6.25,-6.25
4,3,10,5,12.5,6.25,-6.25
4,4,6,7,7.5,8.75,1.25
4,5,7,14,8.75,17.5,8.75
4,6,6,9,7.5,11.25,3.75
4,7,12,6,15.0,7.5,-7.5
4,8,7,7,8.75,8.75,0.0
4,9,10,1,12.5,1.25,-11.25
4,10,10,12,12.5,15.0,2.5
4,11,4,4,5.0,5.0,0.0
4,12,14,8,17.5,10.0,-7.5
4,13,5,5,6.25,6.25,0.0
4,14,8,11,10.0,13.75,3.75
4,15,4,6,5.0,7.5,2.5
4,16,6,6,7.5,7.5,0.0
4,17,7,11,8.75,13.75,5.0
4,18,9,5,11.25,6.25,-5.0
4,19,8,6,10.0,7.5,-2.5
4,20,10,8,12.5,10.0,-2.5
4,21,3,2,3.75,2.5,-1.25
4,22,6,4,7.5,5.0,-2.5
4,23,10,4,12.5,5.0,-7.5
4,24,13,5,16.25,6.25,-10.0
4,25,11,5,13.75,6.25,-7.5
4,26,7,4,8.75,5.0,-3.75
4,27,8,9,10.0,11.25,1.25
4,28,11,9,13.75,11.25,-2.5
4,29,7,9,8.75,11.25,2.5
4,30,6,6,7.5,7.5,0.0
4,31,9,6,11.25,7.5,-3.75
4,32,4,2,5.0,2.5,-2.5
4,33,5,2,6.25,2.5,-3.75
4,34,2,4,2.5,5.0,2.5
4,35,1,3,1.25,3.75,2.5
4,36,6,5,7.5,6.25,-1.25
4,37,11,7,13.75,8.75,-5.0
4,38,4,6,5.0,7.5,2.5
4,39,8,12,10.0,15.0,5.0
4,40,4,8,5.0,10.0,5.0
4,41,6,10,7.5,12.5,5.0
4,42,13,9,16.25,11.25,-5.0
4,43,7,14,8.75,17.5,8.75
4,44,4,6,5.0,7.5,2.5
4,45,6,8,7.5,10.0,2.5
4,46,6,7,7.5,8.75,1.25
4,47,7,7,8.75,8.75,0.0
4,48,3,9,3.75,11.25,7.5
4,49,4,5,5.0,6.25,1.25
4,50,6,6,7.5,7.5,0.0
4,51,5,5,6.25,6.25,0.0
4,52,6,13,7.5,16.25,8.75
4,53,9,9,11.25,11.25,0.0
4,54,9,6,11.25,7.5,-3.75
4,55,10,3,12.5,3.75,-8.75
4,56,6,9,7.5,11.25,3.75
4,57,9,10,11.25,12.5,1.25
4,58,8,10,10.0,12.5,2.5
4,59,7,5,8.75,6.25,-2.5
4,60,11,5,13.75,6.25,-7.5
4,61,8,0,10.0,0.0,-10.0
4,62,10,10,12.5,12.5,0.0
4,63,3,7,3.75,8.75,5.0
4,64,2,4,2.5,5.0,2.5
4,65,10,10,12.5,12.5,0.0
4,66,5,4,6.25,5.0,-1.25
4,67,11,6,13.75,7.5,-6.25
4,68,4,7,5.0,8.75,3.75
4,69,7,7,8.75,8.75,0.0
4,70,8,5,10.0,6.25,-3.75
4,71,2,3,2.5,3.75,1.25
4,72,3,6,3.75,7.5,3.75
4,73,7,7,8.75,8.75,0.0
4,74,10,5,12.5,6.25,-6.25
4,75,15,2,18.75,2.5,-16.25
4,76,11,5,13.75,6.25,-7.5
4,77,4,7,5.0,8.75,3.75
4,78,3,10,3.75,12.5,8.75
4,79,6,4,7.5,5.0,-2.5
4,80,15,2,18.75,2.5,-16.25
4,81,7,6,8.75,7.5,-1.25
4,82,11,11,13.75,13.75,0.0
4,83,4,9,5.0,11.25,6.25
4,84,2,1,2.5,1.25,-1.25
4,85,7,5,8.75,6.25,-2.5
4,86,2,6,2.5,7.5,5.0
4,87,5,10,6.25,12.5,6.25
4,88,7,9,8.75,11.25,2.5
4,89,6,8,7.5,10.0,2.5
4,90,6,4,7.5,5.0,-2.5
4,91,4,9,5.0,11.25,6.25
4,92,3,8,3.75,10.0,6.25
4,93,5,6,6.25,7.5,1.25
4,94,7,5,8.75,6.25,-2.5
4,95,5,11,6.25,13.75,7.5
4,96,5,8,6.25,10.0,3.75
4,97,6,6,7.5,7.5,0.0
4,98,3,3,3.75,3.75,0.0
4,99,12,4,15.0,5.0,-10.0
4,100,9,7,11.25,8.75,-2.5
4,101,11,4,13.75,5.0,-8.75
4,102,5,2,6.25,2.5,-3.75
4,103,6,7,7.5,8.75,1.25
4,104,6,6,7.5,7.5,0.0
4,105,4,6,5.0,7.5,2.5
4,106,9,10,11.25,12.5,1.25
4,107,6,3,7.5,3.75,-3.75
4,108,4,8,5.0,10.0,5.0
4,109,7,9,8.75,11.25,2.5
4,110,6,11,7.5,13.75,6.25
4,111,5,6,6.25,7.5,1.25
4,112,7,8,8.75,10.0,1.25
4,113,4,8,5.0,10.0,5.0
4,114,1,9,1.25,11.25,10.0
4,115,6,7,7.5,8.75,1.25
4,116,7,6,8.75,7.5,-1.25
4,117,6,8,7.5,10.0,2.5
4,118,9,5,11.25,6.25,-5.0
4,119,8,5,10.0,6.25,-3.75
4,120,4,11,5.0,13.75,8.75
4,121,3,6,3.75,7.5,3.75
4,122,11,6,13.75,7.5,-6.25
4,123,6,0,7.5,0.0,-7.5
4,124,4,7,5.0,8.75,3.75
4,125,4,9,5.0,11.25,6.25
4,126,5,6,6.25,7.5,1.25
4,127,7,5,8.75,6.25,-2.5
4,128,7,7,8.75,8.75,0.0
4,129,4,2,5.0,2.5,-2.5
4,130,5,12,6.25,15.0,8.75
4,131,2,7,2.5,8.75,6.25
4,132,4,4,5.0,5.0,0.0
4,133,3,7,3.75,8.75,5.0
4,134,5,7,6.25,8.75,2.5
5,0,7,2,8.75,2.5,-6.25
5,1,4,7,5.0,8.75,3.75
5,2,11,3,13.75,3.75,-10.0
5,3,10,8,12.5,10.0,-2.5
5,4,7,5,8.75,6.25,-2.5
5,5,7,14,8.75,17.5,8.75
5,6,6,7,7.5,8.75,1.25
5,7,9,5,11.25,6.25,-5.0
5,8,8,8,10.0,10.0,0.0
5,9,8,6,10.0,7.5,-2.5
5,10,13,13,16.25,16.25,0.0
5,11,5,8,6.25,10.0,3.75
5,12,12,11,15.0,13.75,-1.25
5,13,7,5,8.75,6.25,-2.5
5,14,6,9,7.5,11.25,3.75
5,15,5,9,6.25,11.25,5.0
5,16,4,4,5.0,5.0,0.0
5,17,9,12,11.25,15.0,3.75
5,18,9,4,11.25,5.0,-6.25
5,19,8,4,10.0,5.0,-5.0
5,20,7,10,8.75,12.5,3.75
5,21,5,4,6.25,5.0,-1.25
5,22,5,5,6.25,6.25,0.0
5,23,11,5,13.75,6.25,-7.5
5,24,11,5,13.75,6.25,-7.5
5,25,8,3,10.0,3.75,-6.25
5,26,8,5,10.0,6.25,-3.75
5,27,9,8,11.25,10.0,-1.25
5,28,11,10,13.75,12.5,-1.25
5,29,6,9,7.5,11.25,3.75
5,30,8,9,10.0,11.25,1.25
5,31,8,4,10.0,5.0,-5.0
5,32,5,3,6.25,3.75,-2.5
5,33,8,4,10.0,5.0,-5.0
5,34,1,8,1.25,10.0,8.75
5,35,1,4,1.25,5.0,3.75
5,36,6,4,7.5,5.0,-2.5
5,37,8,10,10.0,12.5,2.5
5,38,5,5,6.25,6.25,0.0
5,39,9,12,11.25,15.0,3.75
5,40,7,7,8.75,8.75,0.0
5,41,3,10,3.75,12.5,8.75
5,42,8,10,10.0,12.5,2.5
5,43,10,16,12.5,20.0,7.5
5,44,5,9,6.25,11.25,5.0
5,45,10,7,12.5,8.75,-3.75
5,46,6,7,7.5,8.75,1.25
5,47,9,6,11.25,7.5,-3.75
5,48,2,7,2.5,8.75,6.25
5,49,11,7,13.75,8.75,-5.0
5,50,4,8,5.0,10.0,5.0
5,51,9,5,11.25,6.25,-5.0
5,52,5,12,6.25,15.0,8.75
5,53,7,7,8.75,8.75,0.0
5,54,6,13,7.5,16.25,8.75
5,55,9,6,11.25,7.5,-3.75
5,56,10,9,12.5,11.25,-1.25
5,57,11,11,13.75,13.75,0.0
5,58,10,10,12.5,12.5,0.0
5,59,6,5,7.5,6.25,-1.25
5,60,7,6,8.75,7.5,-1.25
5,61,11,1,13.75,1.25,-12.5
5,62,11,12,13.75,15.0,1.25
5,63,2,12,2.5,15.0,12.5
5,64,2,4,2.5,5.0,2.5
5,65,10,16,12.5,20.0,7.5
5,66,3,5,3.75,6.25,2.5
5,67,9,7,11.25,8.75,-2.5
5,68,4,7,5.0,8.75,3.75
5,69,10,10,12.5,12.5,0.0
5,70,10,8,12.5,10.0,-2.5
5,71,4,6,5.0,7.5,2.5
5,72,4,6,5.0,7.5,2.5
5,73,4,10,5.0,12.5,7.5
5,74,10,4,12.5,5.0,-7.5
5,75,10,3,12.5,3.75,-8.75
5,76,9,11,11.25,13.75,2.5
5,77,4,10,5.0,12.5,7.5
5,78,7,9,8.75,11.25,2.5
5,79,5,6,6.25,7.5,1.25
5,80,13,2,16.25,2.5,-13.75
5,81,7,7,8.75,8.75,0.0
5,82,7,13,8.75,16.25,7.5
5,83,3,8,3.75,10.0,6.25
5,84,4,4,5.0,5.0,0.0
5,85,7,7,8.75,8.75,0.0
5,86,3,8,3.75,10.0,6.25
5,87,5,11,6.25,13.75,7.5
5,88,6,9,7.5,11.25,3.75
5,89,4,6,5.0,7.5,2.5
5,90,7,3,8.75,3.75,-5.0
5,91,8,12,10.0,15.0,5.0
5,92,6,9,7.5,11.25,3.75
5,93,6,9,7.5,11.25,3.75
5,94,8,5,10.0,6.25,-3.75
5,95,7,9,8.75,11.25,2.5
5,96,6,9,7.5,11.25,3.75
5,97,13,7,16.25,8.75,-7.5
5,98,5,2,6.25,2.5,-3.75
5,99,9,6,11.25,7.5,-3.75
5,100,14,7,17.5,8.75,-8.75
5,101,12,7,15.0,8.75,-6.25
5,102,5,3,6.25,3.75,-2.5
5,103,7,6,8.75,7.5,-1.25
5,104,6,5,7.5,6.25,-1.25
5,105,5,9,6.25,11.25,5.0
5,106,10,12,12.5,15.0,2.5
5,107,6,3,7.5,3.75,-3.75
5,108,4,6,5.0,7.5,2.5
5,109,9,9,11.25,11.25,0.0
5,110,7,13,8.75,16.25,7.5
5,111,5,5,6.25,6.25,0.0
5,112,8,13,10.0,16.25,6.25
5,113,9,6,11.25,7.5,-3.75
5,114,0,10,0.0,12.5,12.5
5,115,6,6,7.5,7.5,0.0
5,116,5,5,6.25,6.25,0.0
5,117,8,11,10.0,13.75,3.75
5,118,6,8,7.5,10.0,2.5
5,119,4,4,5.0,5.0,0.0
5,120,4,11,5.0,13.75,8.75
5,121,7,8,8.75,10.0,1.25
5,122,8,6,10.0,7.5,-2.5
5,123,4,0,5.0,0.0,-5.0
5,124,6,5,7.5,6.25,-1.25
5,125,4,7,5.0,8.75,3.75
5,126,6,10,7.5,12.5,5.0
5,127,6,3,7.5,3.75,-3.75
5,128,7,13,8.75,16.25,7.5
5,129,5,4,6.25,5.0,-1.25
5,130,7,13,8.75,16.25,7.5
5,131,5,7,6.25,8.75,2.5
5,132,4,4,5.0,5.0,0.0
5,133,2,7,2.5,8.75,6.25
5,134,7,8,8.75,10.0,1.25
6,0,5,2,6.25,2.5,-3.75
6,1,7,8,8.75,10.0,1.25
6,2,11,5,13.75,6.25,-7.5
6,3,10,5,12.5,6.25,-6.25
6,4,9,6,11.25,7.5,-3.75
6,5,6,13,7.5,16.25,8.75
6,6,8,7,10.0,8.75,-1.25
6,7,10,5,12.5,6.25,-6.25
6,8,8,7,10.0,8.75,-1.25
6,9,10,2,12.5,2.5,-10.0
6,10,12,10,15.0,12.5,-2.5
6,11,5,7,6.25,8.75,2.5
6,12,12,6,15.0,7.5,-7.5
6,13,7,5,8.75,6.25,-2.5
6,14,8,7,10.0,8.75,-1.25
6,15,6,8,7.5,10.0,2.5
6,16,5,3,6.25,3.75,-2.5
6,17,5,10,6.25,12.5,6.25
6,18,10,4,12.5,5.0,-7.5
6,19,12,5,15.0,6.25,-8.75
6,20,10,8,12.5,10.0,-2.5
6,21,6,3,7.5,3.75,-3.75
6,22,7,7,8.75,8.75,0.0
6,23,11,6,13.75,7.5,-6.25
6,24,9,5,11.25,6.25,-5.0
6,25,9,6,11.25,7.5,-3.75
6,26,8,4,10.0,5.0,-5.0
6,27,9,11,11.25,13.75,2.5
6,28,10,11,12.5,13.75,1.25
6,29,8,7,10.0,8.75,-1.25
6,30,10,9,12.5,11.25,-1.25
6,31,7,8,8.75,10.0,1.25
6,32,8,1,10.0,1.25,-8.75
6,33,4,5,5.0,6.25,1.25
6,34,3,7,3.75,8.75,5.0
6,35,2,5,2.5,6.25,3.75
6,36,3,8,3.75,10.0,6.25
6,37,12,5,15.0,6.25,-8.75
6,38,7,5,8.75,6.25,-2.5
6,39,10,14,12.5,17.5,5.0
6,40,5,3,6.25,3.75,-2.5
6,41,8,11,10.0,13.75,3.75
6,42,10,7,12.5,8.75,-3.75
6,43,11,12,13.75,15.0,1.25
6,44,4,6,5.0,7.5,2.5
6,45,10,7,12.5,8.75,-3.75
6,46,8,10,10.0,12.5,2.5
6,47,10,7,12.5,8.75,-3.75
6,48,4,7,5.0,8.75,3.75
6,49,8,5,10.0,6.25,-3.75
6,50,3,8,3.75,10.0,6.25
6,51,11,3,13.75,3.75,-10.0
6,52,5,16,6.25,20.0,13.75
6,53,9,8,11.25,10.0,-1.25
6,54,6,11,7.5,13.75,6.25
6,55,14,3,17.5,3.75,-13.75
6,56,8,10,10.0,12.5,2.5
6,57,10,10,12.5,12.5,0.0
6,58,11,11,13.75,13.75,0.0
6,59,7,6,8.75,7.5,-1.25
6,60,9,5,11.25,6.25,-5.0
6,61,13,1,16.25,1.25,-15.0
6,62,12,8,15.0,10.0,-5.0
6,63,3,9,3.75,11.25,7.5
6,64,5,4,6.25,5.0,-1.25
6,65,10,13,12.5,16.25,3.75
6,66,4,6,5.0,7.5,2.5
6,67,9,8,11.25,10.0,-1.25
6,68,4,7,5.0,8.75,3.75
6,69,8,8,10.0,10.0,0.0
6,70,9,9,11.25,11.25,0.0
6,71,4,3,5.0,3.75,-1.25
6,72,3,4,3.75,5.0,1.25
6,73,5,10,6.25,12.5,6.25
6,74,9,6,11.25,7.5,-3.75
6,75,15,2,18.75,2.5,-16.25
6,76,12,7,15.0,8.75,-6.25
6,77,7,11,8.75,13.75,5.0
6,78,7,11,8.75,13.75,5.0
6,79,7,5,8.75,6.25,-2.5
6,80,13,1,16.25,1.25,-15.0
6,81,7,7,8.75,8.75,0.0
6,82,9,10,11.25,12.5,1.25
6,83,6,11,7.5,13.75,6.25
6,84,4,3,5.0,3.75,-1.25
6,85,7,7,8.75,8.75,0.0
6,86,2,7,2.5,8.75,6.25
6,87,6,9,7.5,11.25,3.75
6,88,8,11,10.0,13.75,3.75
6,89,7,7,8.75,8.75,0.0
6,90,6,2,7.5,2.5,-5.0
6,91,9,11,11.25,13.75,2.5
6,92,5,11,6.25,13.75,7.5
6,93,7,8,8.75,10.0,1.25
6,94,7,6,8.75,7.5,-1.25
6,95,8,11,10.0,13.75,3.75
6,96,6,7,7.5,8.75,1.25
6,97,10,8,12.5,10.0,-2.5
6,98,5,3,6.25,3.75,-2.5
6,99,10,6,12.5,7.5,-5.0
6,100,11,6,13.75,7.5,-6.25
6,101,7,3,8.75,3.75,-5.0
6,102,6,4,7.5,5.0,-2.5
6,103,6,7,7.5,8.75,1.25
6,104,7,5,8.75,6.25,-2.5
6,105,6,7,7.5,8.75,1.25
6,106,10,13,12.5,16.25,3.75
6,107,6,3,7.5,3.75,-3.75
6,108,5,8,6.25,10.0,3.75
6,109,15,9,18.75,11.25,-7.5
6,110,9,14,11.25,17.5,6.25
6,111,8,7,10.0,8.75,-1.25
6,112,9,10,11.25,12.5,1.25
6,113,5,5,6.25,6.25,0.0
6,114,1,10,1.25,12.5,11.25
6,115,4,7,5.0,8.75,3.75
6,116,6,6,7.5,7.5,0.0
6,117,9,9,11.25,11.25,0.0
6,118,11,4,13.75,5.0,-8.75
6,119,10,6,12.5,7.5,-5.0
6,120,5,14,6.25,17.5,11.25
6,121,8,8,10.0,10.0,0.0
6,122,6,5,7.5,6.25,-1.25
6,123,6,0,7.5,0.0,-7.5
6,124,4,5,5.0,6.25,1.25
6,125,2,8,2.5,10.0,7.5
6,126,6,10,7.5,12.5,5.0
6,127,7,3,8.75,3.75,-5.0
6,128,6,10,7.5,12.5,5.0
6,129,5,5,6.25,6.25,0.0
6,130,6,13,7.5,16.25,8.75
6,131,4,8,5.0,10.0,5.0
6,132,4,6,5.0,7.5,2.5
6,133,5,13,6.25,16.25,10.0
6,134,8,10,10.0,12.5,2.5
7,0,5,1,6.25,1.25,-5.0
7,1,5,7,6.25,8.75,2.5
7,2,9,5,11.25,6.25,-5.0
7,3,8,4,10.0,5.0,-5.0
7,4,5,5,6.25,6.25,0.0
7,5,3,13,3.75,16.25,12.5
7,6,5,7,6.25,8.75,2.5
7,7,10,3,12.5,3.75,-8.75
7,8,5,12,6.25,15.0,8.75
7,9,6,2,7.5,2.5,-5.0
7,10,12,10,15.0,12.5,-2.5
7,11,3,8,3.75,10.0,6.25
7,12,11,4,13.75,5.0,-8.75
7,13,7,5,8.75,6.25,-2.5
7,14,10,11,12.5,13.75,1.25
7,15,8,5,10.0,6.25,-3.75
7,16,6,3,7.5,3.75,-3.75
7,17,8,13,10.0,16.25,6.25
7,18,6,3,7.5,3.75,-3.75
7,19,10,5,12.5,6.25,-6.25
7,20,7,6,8.75,7.5,-1.25
7,21,4,4,5.0,5.0,0.0
7,22,6,6,7.5,7.5,0.0
7,23,9,5,11.25,6.25,-5.0
7,24,11,4,13.75,5.0,-8.75
7,25,10,3,12.5,3.75,-8.75
7,26,6,3,7.5,3.75,-3.75
7,27,8,7,10.0,8.75,-1.25
7,28,12,13,15.0,16.25,1.25
7,29,4,4,5.0,5.0,0.0
7,30,8,8,10.0,10.0,0.0
7,31,10,6,12.5,7.5,-5.0
7,32,6,4,7.5,5.0,-2.5
7,33,7,5,8.75,6.25,-2.5
7,34,3,6,3.75,7.5,3.75
7,35,1,5,1.25,6.25,5.0
7,36,5,5,6.25,6.25,0.0
7,37,7,6,8.75,7.5,-1.25
7,38,2,8,2.5,10.0,7.5
7,39,5,10,6.25,12.5,6.25
7,40,5,5,6.25,6.25,0.0
7,41,7,9,8.75,11.25,2.5
7,42,11,8,13.75,10.0,-3.75
7,43,6,9,7.5,11.25,3.75
7,44,3,7,3.75,8.75,5.0
7,45,8,8,10.0,10.0,0.0
7,46,6,11,7.5,13.75,6.25
7,47,5,7,6.25,8.75,2.5
7,48,2,8,2.5,10.0,7.5
7,49,6,6,7.5,7.5,0.0
7,50,4,6,5.0,7.5,2.5
7,51,9,5,11.25,6.25,-5.0
7,52,3,16,3.75,20.0,16.25
7,53,7,6,8.75,7.5,-1.25
7,54,9,4,11.25,5.0,-6.25
7,55,7,5,8.75,6.25,-2.5
7,56,5,11,6.25,13.75,7.5
7,57,11,8,13.75,10.0,-3.75
7,58,10,8,12.5,10.0,-2.5
7,59,9,5,11.25,6.25,-5.0
7,60,7,6,8.75,7.5,-1.25
7,61,8,2,10.0,2.5,-7.5
7,62,8,11,10.0,13.75,3.75
7,63,3,7,3.75,8.75,5.0
7,64,2,7,2.5,8.75,6.25
7,65,10,11,12.5,13.75,1.25
7,66,3,7,3.75,8.75,5.0
7,67,10,6,12.5,7.5,-5.0
7,68,4,5,5.0,6.25,1.25
7,69,7,10,8.75,12.5,3.75
7,70,11,5,13.75,6.25,-7.5
7,71,4,2,5.0,2.5,-2.5
7,72,4,6,5.0,7.5,2.5
7,73,6,6,7.5,7.5,0.0
7,74,9,1,11.25,1.25,-10.0
7,75,13,4,16.25,5.0,-11.25
7,76,8,8,10.0,10.0,0.0
7,77,4,7,5.0,8.75,3.75
7,78,4,12,5.0,15.0,10.0
7,79,6,7,7.5,8.75,1.25
7,80,14,2,17.5,2.5,-15.0
7,81,4,8,5.0,10.0,5.0
7,82,7,11,8.75,13.75,5.0
7,83,5,9,6.25,11.25,5.0
7,84,3,3,3.75,3.75,0.0
7,85,9,7,11.25,8.75,-2.5
7,86,3,7,3.75,8.75,5.0
7,87,6,8,7.5,10.0,2.5
7,88,7,11,8.75,13.75,5.0
7,89,3,7,3.75,8.75,5.0
7,90,6,2,7.5,2.5,-5.0
7,91,6,9,7.5,11.25,3.75
7,92,6,10,7.5,12.5,5.0
7,93,6,7,7.5,8.75,1.25
7,94,8,8,10.0,10.0,0.0
7,95,9,14,11.25,17.5,6.25
7,96,6,8,7.5,10.0,2.5
7,97,11,6,13.75,7.5,-6.25
7,98,3,3,3.75,3.75,0.0
7,99,7,6,8.75,7.5,-1.25
7,100,14,8,17.5,10.0,-7.5
7,101,8,5,10.0,6.25,-3.75
7,102,6,2,7.5,2.5,-5.0
7,103,5,4,6.25,5.0,-1.25
7,104,6,5,7.5,6.25,-1.25
7,105,5,8,6.25,10.0,3.75
7,106,8,9,10.0,11.25,1.25
7,107,6,3,7.5,3.75,-3.75
7,108,3,4,3.75,5.0,1.25
7,109,7,9,8.75,11.25,2.5
7,110,7,10,8.75,12.5,3.75
7,111,4,9,5.0,11.25,6.25
7,112,9,10,11.25,12.5,1.25
7,113,7,6,8.75,7.5,-1.25
7,114,1,11,1.25,13.75,12.5
7,115,5,9,6.25,11.25,5.0
7,116,9,8,11.25,10.0,-1.25
7,117,7,7,8.75,8.75,0.0
7,118,7,5,8.75,6.25,-2.5
7,119,11,7,13.75,8.75,-5.0
7,120,3,13,3.75,16.25,12.5
7,121,6,7,7.5,8.75,1.25
7,122,10,8,12.5,10.0,-2.5
7,123,5,1,6.25,1.25,-5.0
7,124,5,6,6.25,7.5,1.25
7,125,2,7,2.5,8.75,6.25
7,126,7,10,8.75,12.5,3.75
7,127,7,4,8.75,5.0,-3.75
7,128,6,12,7.5,15.0,7.5
7,129,7,5,8.75,6.25,-2.5
7,130,6,10,7.5,12.5,5.0
7,131,4,10,5.0,12.5,7.5
7,132,2,6,2.5,7.5,5.0
7,133,2,10,2.5,12.5,10.0
7,134,6,9,7.5,11.25,3.75
8,0,0,1,0.0,1.25,1.25
8,1,1,1,1.25,1.25,0.0
8,2,1,3,1.25,3.75,2.5
8,3,3,1,3.75,1.25,-2.5
8,4,2,0,2.5,0.0,-2.5
8,5,0,2,0.0,2.5,2.5
8,6,1,1,1.25,1.25,0.0
8,7,0,0,0.0,0.0,0.0
8,8,1,0,1.25,0.0,-1.25
8,9,0,1,0.0,1.25,1.25
8,10,4,1,5.0,1.25,-3.75
8,11,1,2,1.25,2.5,1.25
8,12,0,0,0.0,0.0,0.0
8,13,1,0,1.25,0.0,-1.25
8,14,2,2,2.5,2.5,0.0
8,15,1,0,1.25,0.0,-1.25
8,16,5,0,6.25,0.0,-6.25
8,17,3,1,3.75,1.25,-2.5
8,18,2,1,2.5,1.25,-1.25
8,19,3,0,3.75,0.0,-3.75
8,20,0,1,0.0,1.25,1.25
8,21,0,2,0.0,2.5,2.5
8,22,1,1,1.25,1.25,0.0
8,23,2,0,2.5,0.0,-2.5
8,24,2,0,2.5,0.0,-2.5
8,25,1,3,1.25,3.75,2.5
8,26,2,2,2.5,2.5,0.0
8,27,2,1,2.5,1.25,-1.25
8,28,2,1,2.5,1.25,-1.25
8,29,0,1,0.0,1.25,1.25
8,30,2,1,2.5,1.25,-1.25
8,31,0,1,0.0,1.25,1.25
8,32,0,0,0.0,0.0,0.0
8,33,0,0,0.0,0.0,0.0
8,34,4,3,5.0,3.75,-1.25
8,35,2,0,2.5,0.0,-2.5
8,36,0,3,0.0,3.75,3.75
8,37,0,1,0.0,1.25,1.25
8,38,2,0,2.5,0.0,-2.5
8,39,1,1,1.25,1.25,0.0
8,40,1,1,1.25,1.25,0.0
8,41,2,0,2.5,0.0,-2.5
8,42,0,3,0.0,3.75,3.75
8,43,0,1,0.0,1.25,1.25
8,44,2,0,2.5,0.0,-2.5
8,45,0,1,0.0,1.25,1.25
8,46,1,0,1.25,0.0,-1.25
8,47,0,0,0.0,0.0,0.0
8,48,0,1,0.0,1.25,1.25
8,49,2,2,2.5,2.5,0.0
8,50,3,0,3.75,0.0,-3.75
8,51,2,2,2.5,2.5,0.0
8,52,1,0,1.25,0.0,-1.25
8,53,1,1,1.25,1.25,0.0
8,54,0,0,0.0,0.0,0.0
8,55,1,3,1.25,3.75,2.5
8,56,1,0,1.25,0.0,-1.25
8,57,1,2,1.25,2.5,1.25
8,58,0,2,0.0,2.5,2.5
8,59,1,1,1.25,1.25,0.0
8,60,0,0,0.0,0.0,0.0
8,61,1,1,1.25,1.25,0.0
8,62,2,0,2.5,0.0,-2.5
8,63,2,0,2.5,0.0,-2.5
8,64,2,0,2.5,0.0,-2.5
8,65,3,2,3.75,2.5,-1.25
8,66,0,0,0.0,0.0,0.0
8,67,2,0,2.5,0.0,-2.5
8,68,3,0,3.75,0.0,-3.75
8,69,0,2,0.0,2.5,2.5
8,70,2,2,2.5,2.5,0.0
8,71,0,0,0.0,0.0,0.0
8,72,3,1,3.75,1.25,-2.5
8,73,3,0,3.75,0.0,-3.75
8,74,3,1,3.75,1.25,-2.5
8,75,0,0,0.0,0.0,0.0
8,76,2,1,2.5,1.25,-1.25
8,77,3,0,3.75,0.0,-3.75
8,78,1,0,1.25,0.0,-1.25
8,79,3,1,3.75,1.25,-2.5
8,80,1,1,1.25,1.25,0.0
8,81,0,0,0.0,0.0,0.0
8,82,1,1,1.25,1.25,0.0
8,83,2,1,2.5,1.25,-1.25
8,84,6,3,7.5,3.75,-3.75
8,85,1,0,1.25,0.0,-1.25
8,86,1,0,1.25,0.0,-1.25
8,87,3,0,3.75,0.0,-3.75
8,88,1,1,1.25,1.25,0.0
8,89,2,0,2.5,0.0,-2.5
8,90,1,1,1.25,1.25,0.0
8,91,0,0,0.0,0.0,0.0
8,92,2,1,2.5,1.25,-1.25
8,93,1,1,1.25,1.25,0.0
8,94,0,0,0.0,0.0,0.0
8,95,0,3,0.0,3.75,3.75
8,96,0,0,0.0,0.0,0.0
8,97,0,0,0.0,0.0,0.0
8,98,0,1,0.0,1.25,1.25
8,99,0,0,0.0,0.0,0.0
8,100,1,0,1.25,0.0,-1.25
8,101,1,1,1.25,1.25,0.0
8,102,1,1,1.25,1.25,0.0
8,103,0,0,0.0,0.0,0.0
8,104,4,2,5.0,2.5,-2.5
8,105,4,2,5.0,2.5,-2.5
8,106,3,1,3.75,1.25,-2.5
8,107,0,1,0.0,1.25,1.25
8,108,2,2,2.5,2.5,0.0
8,109,1,4,1.25,5.0,3.75
8,110,0,1,0.0,1.25,1.25
8,111,4,1,5.0,1.25,-3.75
8,112,3,2,3.75,2.5,-1.25
8,113,0,0,0.0,0.0,0.0
8,114,0,2,0.0,2.5,2.5
8,115,2,1,2.5,1.25,-1.25
8,116,0,0,0.0,0.0,0.0
8,117,2,1,2.5,1.25,-1.25
8,118,0,0,0.0,0.0,0.0
8,119,1,0,1.25,0.0,-1.25
8,120,1,1,1.25,1.25,0.0
8,121,0,0,0.0,0.0,0.0
8,122,3,2,3.75,2.5,-1.25
8,123,1,0,1.25,0.0,-1.25
8,124,0,0,0.0,0.0,0.0
8,125,2,0,2.5,0.0,-2.5
8,126,1,0,1.25,0.0,-1.25
8,127,3,1,3.75,1.25,-2.5
8,128,1,1,1.25,1.25,0.0
8,129,3,1,3.75,1.25,-2.5
8,130,2,2,2.5,2.5,0.0
8,131,0,0,0.0,0.0,0.0
8,132,0,0,0.0,0.0,0.0
8,133,0,0,0.0,0.0,0.0
8,134,1,1,1.25,1.25,0.0
9,0,0,2,0.0,2.5,2.5
9,1,0,0,0.0,0.0,0.0
9,2,2,2,2.5,2.5,0.0
9,3,1,0,1.25,0.0,-1.25
9,4,0,1,0.0,1.25,1.25
9,5,2,1,2.5,1.25,-1.25
9,6,0,0,0.0,0.0,0.0
9,7,0,0,0.0,0.0,0.0
9,8,1,0,1.25,0.0,-1.25
9,9,0,0,0.0,0.0,0.0
9,10,1,0,1.25,0.0,-1.25
9,11,0,0,0.0,0.0,0.0
9,12,1,0,1.25,0.0,-1.25
9,13,2,0,2.5,0.0,-2.5
9,14,3,0,3.75,0.0,-3.75
9,15,2,0,2.5,0.0,-2.5
9,16,0,2,0.0,2.5,2.5
9,17,1,0,1.25,0.0,-1.25
9,18,3,0,3.75,0.0,-3.75
9,19,1,0,1.25,0.0,-1.25
9,20,1,1,1.25,1.25,0.0
9,21,1,0,1.25,0.0,-1.25
9,22,0,0,0.0,0.0,0.0
9,23,2,1,2.5,1.25,-1.25
9,24,0,0,0.0,0.0,0.0
9,25,1,0,1.25,0.0,-1.25
9,26,1,0,1.25,0.0,-1.25
9,27,1,1,1.25,1.25,0.0
9,28,0,0,0.0,0.0,0.0
9,29,2,0,2.5,0.0,-2.5
9,30,0,0,0.0,0.0,0.0
9,31,0,2,0.0,2.5,2.5
9,32,0,0,0.0,0.0,0.0
9,33,0,0,0.0,0.0,0.0
9,34,0,0,0.0,0.0,0.0
9,35,1,1,1.25,1.25,0.0
9,36,2,0,2.5,0.0,-2.5
9,37,2,2,2.5,2.5,0.0
9,38,1,1,1.25,1.25,0.0
9,39,0,0,0.0,0.0,0.0
9,40,2,1,2.5,1.25,-1.25
9,41,1,0,1.25,0.0,-1.25
9,42,2,0,2.5,0.0,-2.5
9,43,1,1,1.25,1.25,0.0
9,44,2,0,2.5,0.0,-2.5
9,45,1,1,1.25,1.25,0.0
9,46,0,0,0.0,0.0,0.0
9,47,1,0,1.25,0.0,-1.25
9,48,1,2,1.25,2.5,1.25
9,49,0,1,0.0,1.25,1.25
9,50,0,2,0.0,2.5,2.5
9,51,1,0,1.25,0.0,-1.25
9,52,1,2,1.25,2.5,1.25
9,53,0,0,0.0,0.0,0.0
9,54,1,0,1.25,0.0,-1.25
9,55,0,0,0.0,0.0,0.0
9,56,0,1,0.0,1.25,1.25
9,57,0,0,0.0,0.0,0.0
9,58,0,3,0.0,3.75,3.75
9,59,0,0,0.0,0.0,0.0
9,60,0,1,0.0,1.25,1.25
9,61,1,0,1.25,0.0,-1.25
9,62,1,0,1.25,0.0,-1.25
9,63,1,0,1.25,0.0,-1.25
9,64,0,0,0.0,0.0,0.0
9,65,0,0,0.0,0.0,0.0
9,66,1,1,1.25,1.25,0.0
9,67,0,0,0.0,0.0,0.0
9,68,0,0,0.0,0.0,0.0
9,69,3,0,3.75,0.0,-3.75
9,70,1,0,1.25,0.0,-1.25
9,71,0,1,0.0,1.25,1.25
9,72,0,0,0.0,0.0,0.0
9,73,1,0,1.25,0.0,-1.25
9,74,0,0,0.0,0.0,0.0
9,75,1,0,1.25,0.0,-1.25
9,76,1,1,1.25,1.25,0.0
9,77,1,0,1.25,0.0,-1.25
9,78,0,1,0.0,1.25,1.25
9,79,0,0,0.0,0.0,0.0
9,80,1,0,1.25,0.0,-1.25
9,81,0,2,0.0,2.5,2.5
9,82,1,1,1.25,1.25,0.0
9,83,0,0,0.0,0.0,0.0
9,84,2,0,2.5,0.0,-2.5
9,85,0,2,0.0,2.5,2.5
9,86,1,1,1.25,1.25,0.0
9,87,0,2,0.0,2.5,2.5
9,88,2,2,2.5,2.5,0.0
9,89,0,0,0.0,0.0,0.0
9,90,1,1,1.25,1.25,0.0
9,91,1,0,1.25,0.0,-1.25
9,92,1,0,1.25,0.0,-1.25
9,93,0,2,0.0,2.5,2.5
9,94,0,2,0.0,2.5,2.5
9,95,1,0,1.25,0.0,-1.25
9,96,2,2,2.5,2.5,0.0
9,97,0,1,0.0,1.25,1.25
9,98,0,0,0.0,0.0,0.0
9,99,1,1,1.25,1.25,0.0
9,100,0,0,0.0,0.0,0.0
9,101,1,1,1.25,1.25,0.0
9,102,1,1,1.25,1.25,0.0
9,103,0,2,0.0,2.5,2.5
9,104,0,1,0.0,1.25,1.25
9,105,0,0,0.0,0.0,0.0
9,106,0,0,0.0,0.0,0.0
9,107,1,1,1.25,1.25,0.0
9,108,1,0,1.25,0.0,-1.25
9,109,3,2,3.75,2.5,-1.25
9,110,1,0,1.25,0.0,-1.25
9,111,0,0,0.0,0.0,0.0
9,112,0,0,0.0,0.0,0.0
9,113,0,0,0.0,0.0,0.0
9,114,0,1,0.0,1.25,1.25
9,115,1,1,1.25,1.25,0.0
9,116,0,0,0.0,0.0,0.0
9,117,3,1,3.75,1.25,-2.5
9,118,2,1,2.5,1.25,-1.25
9,119,2,0,2.5,0.0,-2.5
9,120,1,0,1.25,0.0,-1.25
9,121,1,0,1.25,0.0,-1.25
9,122,1,1,1.25,1.25,0.0
9,123,1,0,1.25,0.0,-1.25
9,124,0,1,0.0,1.25,1.25
9,125,0,0,0.0,0.0,0.0
9,126,3,0,3.75,0.0,-3.75
9,127,2,0,2.5,0.0,-2.5
9,128,0,0,0.0,0.0,0.0
9,129,0,0,0.0,0.0,0.0
9,130,0,0,0.0,0.0,0.0
9,131,0,0,0.0,0.0,0.0
9,132,0,0,0.0,0.0,0.0
9,133,0,0,0.0,0.0,0.0
9,134,2,0,2.5,0.0,-2.5
10,0,0,0,0.0,0.0,0.0
10,1,0,0,0.0,0.0,0.0
10,2,0,0,0.0,0.0,0.0
10,3,0,0,0.0,0.0,0.0
10,4,0,0,0.0,0.0,0.0
10,5,1,0,1.25,0.0,-1.25
10,6,1,0,1.25,0.0,-1.25
10,7,0,0,0.0,0.0,0.0
10,8,0,0,0.0,0.0,0.0
10,9,0,0,0.0,0.0,0.0
10,10,0,2,0.0,2.5,2.5
10,11,0,0,0.0,0.0,0.0
10,12,0,0,0.0,0.0,0.0
10,13,0,0,0.0,0.0,0.0
10,14,0,0,0.0,0.0,0.0
10,15,0,0,0.0,0.0,0.0
10,16,0,0,0.0,0.0,0.0
10,17,0,0,0.0,0.0,0.0
10,18,0,1,0.0,1.25,1.25
10,19,0,0,0.0,0.0,0.0
10,20,0,1,0.0,1.25,1.25
10,21,1,0,1.25,0.0,-1.25
10,22,0,0,0.0,0.0,0.0
10,23,0,0,0.0,0.0,0.0
10,24,0,0,0.0,0.0,0.0
10,25,0,0,0.0,0.0,0.0
10,26,0,1,0.0,1.25,1.25
10,27,0,0,0.0,0.0,0.0
10,28,0,0,0.0,0.0,0.0
10,29,0,0,0.0,0.0,0.0
10,30,0,0,0.0,0.0,0.0
10,31,0,0,0.0,0.0,0.0
10,32,0,0,0.0,0.0,0.0
10,33,0,0,0.0,0.0,0.0
10,34,0,0,0.0,0.0,0.0
10,35,0,0,0.0,0.0,0.0
10,36,0,0,0.0,0.0,0.0
10,37,0,0,0.0,0.0,0.0
10,38,0,0,0.0,0.0,0.0
10,39,0,0,0.0,0.0,0.0
10,40,1,2,1.25,2.5,1.25
10,41,1,0,1.25,0.0,-1.25
10,42,0,0,0.0,0.0,0.0
10,43,0,0,0.0,0.0,0.0
10,44,1,0,1.25,0.0,-1.25
10,45,2,0,2.5,0.0,-2.5
10,46,0,0,0.0,0.0,0.0
10,47,0,0,0.0,0.0,0.0
10,48,0,1,0.0,1.25,1.25
10,49,0,0,0.0,0.0,0.0
10,50,0,0,0.0,0.0,0.0
10,51,1,0,1.25,0.0,-1.25
10,52,1,0,1.25,0.0,-1.25
10,53,0,0,0.0,0.0,0.0
10,54,0,0,0.0,0.0,0.0
10,55,2,1,2.5,1.25,-1.25
10,56,1,0,1.25,0.0,-1.25
10,57,0,1,0.0,1.25,1.25
10,58,0,0,0.0,0.0,0.0
10,59,2,0,2.5,0.0,-2.5
10,60,0,0,0.0,0.0,0.0
10,61,0,0,0.0,0.0,0.0
10,62,1,0,1.25,0.0,-1.25
10,63,0,1,0.0,1.25,1.25
10,64,1,1,1.25,1.25,0.0
10,65,0,0,0.0,0.0,0.0
10,66,0,1,0.0,1.25,1.25
10,67,0,0,0.0,0.0,0.0
10,68,0,0,0.0,0.0,0.0
10,69,0,0,0.0,0.0,0.0
10,70,0,1,0.0,1.25,1.25
10,71,0,2,0.0,2.5,2.5
10,72,1,1,1.25,1.25,0.0
10,73,1,0,1.25,0.0,-1.25
10,74,0,1,0.0,1.25,1.25
10,75,0,0,0.0,0.0,0.0
10,76,0,0,0.0,0.0,0.0
10,77,0,0,0.0,0.0,0.0
10,78,0,0,0.0,0.0,0.0
10,79,0,0,0.0,0.0,0.0
10,80,0,2,0.0,2.5,2.5
10,81,0,0,0.0,0.0,0.0
10,82,0,0,0.0,0.0,0.0
10,83,1,0,1.25,0.0,-1.25
10,84,0,0,0.0,0.0,0.0
10,85,0,0,0.0,0.0,0.0
10,86,0,0,0.0,0.0,0.0
10,87,0,3,0.0,3.75,3.75
10,88,3,1,3.75,1.25,-2.5
10,89,0,0,0.0,0.0,0.0
10,90,0,0,0.0,0.0,0.0
10,91,0,0,0.0,0.0,0.0
10,92,3,0,3.75,0.0,-3.75
10,93,0,1,0.0,1.25,1.25
10,94,0,0,0.0,0.0,0.0
10,95,0,0,0.0,0.0,0.0
10,96,0,0,0.0,0.0,0.0
10,97,1,0,1.25,0.0,-1.25
10,98,0,0,0.0,0.0,0.0
10,99,0,0,0.0,0.0,0.0
10,100,1,1,1.25,1.25,0.0
10,101,0,1,0.0,1.25,1.25
10,102,0,0,0.0,0.0,0.0
10,103,1,1,1.25,1.25,0.0
10,104,1,1,1.25,1.25,0.0
10,105,0,0,0.0,0.0,0.0
10,106,0,0,0.0,0.0,0.0
10,107,0,0,0.0,0.0,0.0
10,108,0,0,0.0,0.0,0.0
10,109,2,0,2.5,0.0,-2.5
10,110,1,0,1.25,0.0,-1.25
10,111,1,1,1.25,1.25,0.0
10,112,2,3,2.5,3.75,1.25
10,113,0,0,0.0,0.0,0.0
10,114,2,0,2.5,0.0,-2.5
10,115,1,1,1.25,1.25,0.0
10,116,1,2,1.25,2.5,1.25
10,117,2,0,2.5,0.0,-2.5
10,118,0,0,0.0,0.0,0.0
10,119,0,1,0.0,1.25,1.25
10,120,0,0,0.0,0.0,0.0
10,121,2,1,2.5,1.25,-1.25
10,122,0,0,0.0,0.0,0.0
10,123,0,1,0.0,1.25,1.25
10,124,0,1,0.0,1.25,1.25
10,125,0,2,0.0,2.5,2.5
10,126,1,1,1.25,1.25,0.0
10,127,2,0,2.5,0.0,-2.5
10,128,0,0,0.0,0.0,0.0
10,129,3,0,3.75,0.0,-3.75
10,130,0,1,0.0,1.25,1.25
10,131,0,2,0.0,2.5,2.5
10,132,1,0,1.25,0.0,-1.25
10,133,0,0,0.0,0.0,0.0
10,134,0,0,0.0,0.0,0.0
11,0,2,3,2.5,3.75,1.25
11,1,1,1,1.25,1.25,0.0
11,2,3,2,3.75,2.5,-1.25
11,3,1,3,1.25,3.75,2.5
11,4,5,1,6.25,1.25,-5.0
11,5,1,5,1.25,6.25,5.0
11,6,3,2,3.75,2.5,-1.25
11,7,2,2,2.5,2.5,0.0
11,8,1,1,1.25,1.25,0.0
11,9,0,0,0.0,0.0,0.0
11,10,3,1,3.75,1.25,-2.5
11,11,0,2,0.0,2.5,2.5
11,12,1,1,1.25,1.25,0.0
11,13,2,0,2.5,0.0,-2.5
11,14,2,3,2.5,3.75,1.25
11,15,1,1,1.25,1.25,0.0
11,16,4,0,5.0,0.0,-5.0
11,17,6,1,7.5,1.25,-6.25
11,18,4,1,5.0,1.25,-3.75
11,19,5,2,6.25,2.5,-3.75
11,20,8,4,10.0,5.0,-5.0
11,21,4,4,5.0,5.0,0.0
11,22,3,2,3.75,2.5,-1.25
11,23,2,2,2.5,2.5,0.0
11,24,3,0,3.75,0.0,-3.75
11,25,1,1,1.25,1.25,0.0
11,26,1,1,1.25,1.25,0.0
11,27,5,2,6.25,2.5,-3.75
11,28,0,3,0.0,3.75,3.75
11,29,0,3,0.0,3.75,3.75
11,30,1,1,1.25,1.25,0.0
11,31,2,3,2.5,3.75,1.25
11,32,1,3,1.25,3.75,2.5
11,33,4,1,5.0,1.25,-3.75
11,34,2,4,2.5,5.0,2.5
11,35,0,1,0.0,1.25,1.25
11,36,3,1,3.75,1.25,-2.5
11,37,5,1,6.25,1.25,-5.0
11,38,2,1,2.5,1.25,-1.25
11,39,1,5,1.25,6.25,5.0
11,40,1,1,1.25,1.25,0.0
11,41,5,6,6.25,7.5,1.25
11,42,2,4,2.5,5.0,2.5
11,43,2,0,2.5,0.0,-2.5
11,44,2,2,2.5,2.5,0.0
11,45,5,1,6.25,1.25,-5.0
11,46,1,4,1.25,5.0,3.75
11,47,4,0,5.0,0.0,-5.0
11,48,1,3,1.25,3.75,2.5
11,49,2,1,2.5,1.25,-1.25
11,50,3,1,3.75,1.25,-2.5
11,51,1,1,1.25,1.25,0.0
11,52,4,2,5.0,2.5,-2.5
11,53,1,2,1.25,2.5,1.25
11,54,0,3,0.0,3.75,3.75
11,55,0,2,0.0,2.5,2.5
11,56,3,3,3.75,3.75,0.0
11,57,2,0,2.5,0.0,-2.5
11,58,4,2,5.0,2.5,-2.5
11,59,4,2,5.0,2.5,-2.5
11,60,2,0,2.5,0.0,-2.5
11,61,1,0,1.25,0.0,-1.25
11,62,1,0,1.25,0.0,-1.25
11,63,3,0,3.75,0.0,-3.75
11,64,0,0,0.0,0.0,0.0
11,65,0,0,0.0,0.0,0.0
11,66,0,1,0.0,1.25,1.25
11,67,0,1,0.0,1.25,1.25
11,68,0,2,0.0,2.5,2.5
11,69,3,0,3.75,0.0,-3.75
11,70,2,4,2.5,5.0,2.5
11,71,1,3,1.25,3.75,2.5
11,72,2,1,2.5,1.25,-1.25
11,73,4,3,5.0,3.75,-1.25
11,74,1,3,1.25,3.75,2.5
11,75,0,2,0.0,2.5,2.5
11,76,1,3,1.25,3.75,2.5
11,77,1,5,1.25,6.25,5.0
11,78,0,1,0.0,1.25,1.25
11,79,2,0,2.5,0.0,-2.5
11,80,4,1,5.0,1.25,-3.75
11,81,1,3,1.25,3.75,2.5
11,82,0,1,0.0,1.25,1.25
11,83,3,4,3.75,5.0,1.25
11,84,1,6,1.25,7.5,6.25
11,85,1,1,1.25,1.25,0.0
11,86,2,1,2.5,1.25,-1.25
11,87,3,1,3.75,1.25,-2.5
11,88,0,0,0.0,0.0,0.0
11,89,3,3,3.75,3.75,0.0
11,90,1,2,1.25,2.5,1.25
11,91,3,1,3.75,1.25,-2.5
11,92,0,1,0.0,1.25,1.25
11,93,0,3,0.0,3.75,3.75
11,94,1,0,1.25,0.0,-1.25
11,95,0,3,0.0,3.75,3.75
11,96,0,1,0.0,1.25,1.25
11,97,2,3,2.5,3.75,1.25
11,98,4,1,5.0,1.25,-3.75
11,99,0,3,0.0,3.75,3.75
11,100,1,1,1.25,1.25,0.0
11,101,3,2,3.75,2.5,-1.25
11,102,3,4,3.75,5.0,1.25
11,103,2,2,2.5,2.5,0.0
11,104,3,1,3.75,1.25,-2.5
11,105,1,0,1.25,0.0,-1.25
11,106,3,3,3.75,3.75,0.0
11,107,3,3,3.75,3.75,0.0
11,108,0,3,0.0,3.75,3.75
11,109,3,2,3.75,2.5,-1.25
11,110,2,4,2.5,5.0,2.5
11,111,3,2,3.75,2.5,-1.25
11,112,5,4,6.25,5.0,-1.25
11,113,0,1,0.0,1.25,1.25
11,114,0,2,0.0,2.5,2.5
11,115,2,1,2.5,1.25,-1.25
11,116,2,1,2.5,1.25,-1.25
11,117,1,0,1.25,0.0,-1.25
11,118,2,0,2.5,0.0,-2.5
11,119,4,0,5.0,0.0,-5.0
11,120,2,0,2.5,0.0,-2.5
11,121,4,0,5.0,0.0,-5.0
11,122,1,0,1.25,0.0,-1.25
11,123,0,1,0.0,1.25,1.25
11,124,0,6,0.0,7.5,7.5
11,125,3,1,3.75,1.25,-2.5
11,126,5,2,6.25,2.5,-3.75
11,127,4,1,5.0,1.25,-3.75
11,128,3,3,3.75,3.75,0.0
11,129,2,2,2.5,2.5,0.0
11,130,2,4,2.5,5.0,2.5
11,131,0,4,0.0,5.0,5.0
11,132,3,0,3.75,0.0,-3.75
11,133,0,1,0.0,1.25,1.25
11,134,1,1,1.25,1.25,0.0
12,0,4,7,5.0,8.75,3.75
12,1,8,5,10.0,6.25,-3.75
12,2,6,3,7.5,3.75,-3.75
12,3,1,3,1.25,3.75,2.5
12,4,6,4,7.5,5.0,-2.5
12,5,5,8,6.25,10.0,3.75
12,6,3,5,3.75,6.25,2.5
12,7,4,1,5.0,1.25,-3.75
12,8,7,2,8.75,2.5,-6.25
12,9,0,3,0.0,3.75,3.75
12,10,0,2,0.0,2.5,2.5
12,11,8,2,10.0,2.5,-7.5
12,12,2,1,2.5,1.25,-1.25
12,13,1,1,1.25,1.25,0.0
12,14,7,3,8.75,3.75,-5.0
12,15,2,3,2.5,3.75,1.25
12,16,5,1,6.25,1.25,-5.0
12,17,8,0,10.0,0.0,-10.0
12,18,4,7,5.0,8.75,3.75
12,19,4,3,5.0,3.75,-1.25
12,20,3,1,3.75,1.25,-2.5
12,21,3,3,3.75,3.75,0.0
12,22,1,9,1.25,11.25,10.0
12,23,0,0,0.0,0.0,0.0
12,24,1,3,1.25,3.75,2.5
12,25,4,2,5.0,2.5,-2.5
12,26,1,3,1.25,3.75,2.5
12,27,8,4,10.0,5.0,-5.0
12,28,1,4,1.25,5.0,3.75
12,29,3,14,3.75,17.5,13.75
12,30,1,6,1.25,7.5,6.25
12,31,3,4,3.75,5.0,1.25
12,32,5,3,6.25,3.75,-2.5
12,33,2,3,2.5,3.75,1.25
12,34,3,2,3.75,2.5,-1.25
12,35,6,3,7.5,3.75,-3.75
12,36,4,2,5.0,2.5,-2.5
12,37,6,2,7.5,2.5,-5.0
12,38,6,5,7.5,6.25,-1.25
12,39,1,1,1.25,1.25,0.0
12,40,0,2,0.0,2.5,2.5
12,41,2,4,2.5,5.0,2.5
12,42,8,3,10.0,3.75,-6.25
12,43,3,2,3.75,2.5,-1.25
12,44,5,2,6.25,2.5,-3.75
12,45,6,5,7.5,6.25,-1.25
12,46,4,3,5.0,3.75,-1.25
12,47,2,2,2.5,2.5,0.0
12,48,3,3,3.75,3.75,0.0
12,49,7,4,8.75,5.0,-3.75
12,50,2,6,2.5,7.5,5.0
12,51,6,4,7.5,5.0,-2.5
12,52,8,2,10.0,2.5,-7.5
12,53,4,4,5.0,5.0,0.0
12,54,4,3,5.0,3.75,-1.25
12,55,3,5,3.75,6.25,2.5
12,56,7,4,8.75,5.0,-3.75
12,57,2,1,2.5,1.25,-1.25
12,58,2,4,2.5,5.0,2.5
12,59,1,3,1.25,3.75,2.5
12,60,1,3,1.25,3.75,2.5
12,61,0,0,0.0,0.0,0.0
12,62,3,1,3.75,1.25,-2.5
12,63,3,6,3.75,7.5,3.75
12,64,5,2,6.25,2.5,-3.75
12,65,6,4,7.5,5.0,-2.5
12,66,1,0,1.25,0.0,-1.25
12,67,7,2,8.75,2.5,-6.25
12,68,2,3,2.5,3.75,1.25
12,69,4,7,5.0,8.75,3.75
12,70,2,7,2.5,8.75,6.25
12,71,7,7,8.75,8.75,0.0
12,72,2,5,2.5,6.25,3.75
12,73,7,3,8.75,3.75,-5.0
12,74,0,8,0.0,10.0,10.0
12,75,2,4,2.5,5.0,2.5
12,76,3,4,3.75,5.0,1.25
12,77,5,0,6.25,0.0,-6.25
12,78,6,5,7.5,6.25,-1.25
12,79,5,2,6.25,2.5,-3.75
12,80,5,2,6.25,2.5,-3.75
12,81,6,5,7.5,6.25,-1.25
12,82,2,10,2.5,12.5,10.0
12,83,2,4,2.5,5.0,2.5
12,84,2,3,2.5,3.75,1.25
12,85,5,3,6.25,3.75,-2.5
12,86,1,4,1.25,5.0,3.75
12,87,4,2,5.0,2.5,-2.5
12,88,10,2,12.5,2.5,-10.0
12,89,5,6,6.25,7.5,1.25
12,90,2,10,2.5,12.5,10.0
12,91,2,4,2.5,5.0,2.5
12,92,4,2,5.0,2.5,-2.5
12,93,9,1,11.25,1.25,-10.0
12,94,2,5,2.5,6.25,3.75
12,95,3,4,3.75,5.0,1.25
12,96,0,7,0.0,8.75,8.75
12,97,1,3,1.25,3.75,2.5
12,98,4,2,5.0,2.5,-2.5
12,99,5,5,6.25,6.25,0.0
12,100,6,1,7.5,1.25,-6.25
12,101,2,11,2.5,13.75,11.25
12,102,5,4,6.25,5.0,-1.25
12,103,2,5,2.5,6.25,3.75
12,104,5,2,6.25,2.5,-3.75
12,105,5,6,6.25,7.5,1.25
12,106,6,0,7.5,0.0,-7.5
12,107,4,4,5.0,5.0,0.0
12,108,6,0,7.5,0.0,-7.5
12,109,2,2,2.5,2.5,0.0
12,110,3,2,3.75,2.5,-1.25
12,111,4,4,5.0,5.0,0.0
12,112,5,5,6.25,6.25,0.0
12,113,5,6,6.25,7.5,1.25
12,114,3,4,3.75,5.0,1.25
12,115,4,4,5.0,5.0,0.0
12,116,8,4,10.0,5.0,-5.0
12,117,3,5,3.75,6.25,2.5
12,118,4,6,5.0,7.5,2.5
12,119,12,3,15.0,3.75,-11.25
12,120,6,3,7.5,3.75,-3.75
12,121,3,3,3.75,3.75,0.0
12,122,1,2,1.25,2.5,1.25
12,123,6,3,7.5,3.75,-3.75
12,124,0,5,0.0,6.25,6.25
12,125,3,3,3.75,3.75,0.0
12,126,5,1,6.25,1.25,-5.0
12,127,3,4,3.75,5.0,1.25
12,128,4,4,5.0,5.0,0.0
12,129,3,4,3.75,5.0,1.25
12,130,5,7,6.25,8.75,2.5
12,131,3,3,3.75,3.75,0.0
12,132,2,5,2.5,6.25,3.75
12,133,3,5,3.75,6.25,2.5
12,134,6,5,7.5,6.25,-1.25
13,0,1,1,1.25,1.25,0.0
13,1,1,3,1.25,3.75,2.5
13,2,1,1,1.25,1.25,0.0
13,3,2,1,2.5,1.25,-1.25
13,4,1,1,1.25,1.25,0.0
13,5,1,2,1.25,2.5,1.25
13,6,2,3,2.5,3.75,1.25
13,7,1,1,1.25,1.25,0.0
13,8,4,2,5.0,2.5,-2.5
13,9,2,0,2.5,0.0,-2.5
13,10,6,0,7.5,0.0,-7.5
13,11,2,1,2.5,1.25,-1.25
13,12,0,0,0.0,0.0,0.0
13,13,1,1,1.25,1.25,0.0
13,14,1,1,1.25,1.25,0.0
13,15,1,0,1.25,0.0,-1.25
13,16,1,1,1.25,1.25,0.0
13,17,1,0,1.25,0.0,-1.25
13,18,1,1,1.25,1.25,0.0
13,19,2,1,2.5,1.25,-1.25
13,20,1,1,1.25,1.25,0.0
13,21,3,1,3.75,1.25,-2.5
13,22,6,2,7.5,2.5,-5.0
13,23,4,3,5.0,3.75,-1.25
13,24,2,3,2.5,3.75,1.25
13,25,0,0,0.0,0.0,0.0
13,26,2,0,2.5,0.0,-2.5
13,27,2,1,2.5,1.25,-1.25
13,28,2,0,2.5,0.0,-2.5
13,29,2,1,2.5,1.25,-1.25
13,30,0,1,0.0,1.25,1.25
13,31,0,1,0.0,1.25,1.25
13,32,6,1,7.5,1.25,-6.25
13,33,1,0,1.25,0.0,-1.25
13,34,4,2,5.0,2.5,-2.5
13,35,3,2,3.75,2.5,-1.25
13,36,1,2,1.25,2.5,1.25
13,37,1,0,1.25,0.0,-1.25
13,38,1,2,1.25,2.5,1.25
13,39,1,1,1.25,1.25,0.0
13,40,3,1,3.75,1.25,-2.5
13,41,0,0,0.0,0.0,0.0
13,42,3,0,3.75,0.0,-3.75
13,43,2,2,2.5,2.5,0.0
13,44,1,0,1.25,0.0,-1.25
13,45,2,3,2.5,3.75,1.25
13,46,1,1,1.25,1.25,0.0
13,47,1,0,1.25,0.0,-1.25
13,48,0,1,0.0,1.25,1.25
13,49,3,1,3.75,1.25,-2.5
13,50,0,1,0.0,1.25,1.25
13,51,3,2,3.75,2.5,-1.25
13,52,1,2,1.25,2.5,1.25
13,53,4,3,5.0,3.75,-1.25
13,54,0,0,0.0,0.0,0.0
13,55,0,1,0.0,1.25,1.25
13,56,4,1,5.0,1.25,-3.75
13,57,1,2,1.25,2.5,1.25
13,58,2,3,2.5,3.75,1.25
13,59,1,0,1.25,0.0,-1.25
13,60,0,1,0.0,1.25,1.25
13,61,1,0,1.25,0.0,-1.25
13,62,4,0,5.0,0.0,-5.0
13,63,2,4,2.5,5.0,2.5
13,64,3,2,3.75,2.5,-1.25
13,65,1,1,1.25,1.25,0.0
13,66,0,2,0.0,2.5,2.5
13,67,0,1,0.0,1.25,1.25
13,68,1,0,1.25,0.0,-1.25
13,69,0,2,0.0,2.5,2.5
13,70,0,0,0.0,0.0,0.0
13,71,1,1,1.25,1.25,0.0
13,72,0,0,0.0,0.0,0.0
13,73,0,1,0.0,1.25,1.25
13,74,0,0,0.0,0.0,0.0
13,75,1,1,1.25,1.25,0.0
13,76,3,1,3.75,1.25,-2.5
13,77,0,0,0.0,0.0,0.0
13,78,0,0,0.0,0.0,0.0
13,79,4,2,5.0,2.5,-2.5
13,80,0,0,0.0,0.0,0.0
13,81,2,0,2.5,0.0,-2.5
13,82,0,0,0.0,0.0,0.0
13,83,2,3,2.5,3.75,1.25
13,84,1,2,1.25,2.5,1.25
13,85,1,1,1.25,1.25,0.0
13,86,1,1,1.25,1.25,0.0
13,87,2,1,2.5,1.25,-1.25
13,88,2,2,2.5,2.5,0.0
13,89,4,0,5.0,0.0,-5.0
13,90,1,1,1.25,1.25,0.0
13,91,0,0,0.0,0.0,0.0
13,92,1,1,1.25,1.25,0.0
13,93,0,0,0.0,0.0,0.0
13,94,0,0,0.0,0.0,0.0
13,95,0,1,0.0,1.25,1.25
13,96,0,2,0.0,2.5,2.5
13,97,2,1,2.5,1.25,-1.25
13,98,0,1,0.0,1.25,1.25
13,99,3,0,3.75,0.0,-3.75
13,100,1,2,1.25,2.5,1.25
13,101,1,1,1.25,1.25,0.0
13,102,1,2,1.25,2.5,1.25
13,103,1,1,1.25,1.25,0.0
13,104,1,1,1.25,1.25,0.0
13,105,2,2,2.5,2.5,0.0
13,106,2,0,2.5,0.0,-2.5
13,107,0,0,0.0,0.0,0.0
13,108,1,1,1.25,1.25,0.0
13,109,0,1,0.0,1.25,1.25
13,110,1,0,1.25,0.0,-1.25
13,111,0,1,0.0,1.25,1.25
13,112,3,0,3.75,0.0,-3.75
13,113,2,4,2.5,5.0,2.5
13,114,2,0,2.5,0.0,-2.5
13,115,0,1,0.0,1.25,1.25
13,116,2,1,2.5,1.25,-1.25
13,117,5,1,6.25,1.25,-5.0
13,118,1,1,1.25,1.25,0.0
13,119,2,0,2.5,0.0,-2.5
13,120,0,1,0.0,1.25,1.25
13,121,1,0,1.25,0.0,-1.25
13,122,1,1,1.25,1.25,0.0
13,123,1,1,1.25,1.25,0.0
13,124,2,0,2.5,0.0,-2.5
13,125,4,2,5.0,2.5,-2.5
13,126,1,1,1.25,1.25,0.0
13,127,0,1,0.0,1.25,1.25
13,128,1,2,1.25,2.5,1.25
13,129,1,1,1.25,1.25,0.0
13,130,3,4,3.75,5.0,1.25
13,131,0,4,0.0,5.0,5.0
13,132,2,0,2.5,0.0,-2.5
13,133,2,2,2.5,2.5,0.0
13,134,0,0,0.0,0.0,0.0
14,0,0,0,0.0,0.0,0.0
14,1,0,0,0.0,0.0,0.0
14,2,0,0,0.0,0.0,0.0
14,3,1,0,1.25,0.0,-1.25
14,4,0,0,0.0,0.0,0.0
14,5,0,0,0.0,0.0,0.0
14,6,0,0,0.0,0.0,0.0
14,7,0,0,0.0,0.0,0.0
14,8,0,0,0.0,0.0,0.0
14,9,0,1,0.0,1.25,1.25
14,10,0,0,0.0,0.0,0.0
14,11,0,1,0.0,1.25,1.25
14,12,0,0,0.0,0.0,0.0
14,13,1,0,1.25,0.0,-1.25
14,14,0,2,0.0,2.5,2.5
14,15,1,0,1.25,0.0,-1.25
14,16,0,1,0.0,1.25,1.25
14,17,1,0,1.25,0.0,-1.25
14,18,1,1,1.25,1.25,0.0
14,19,0,0,0.0,0.0,0.0
14,20,1,1,1.25,1.25,0.0
14,21,2,0,2.5,0.0,-2.5
14,22,0,0,0.0,0.0,0.0
14,23,2,0,2.5,0.0,-2.5
14,24,1,0,1.25,0.0,-1.25
14,25,0,2,0.0,2.5,2.5
14,26,2,0,2.5,0.0,-2.5
14,27,1,1,1.25,1.25,0.0
14,28,1,0,1.25,0.0,-1.25
14,29,0,2,0.0,2.5,2.5
14,30,1,1,1.25,1.25,0.0
14,31,0,2,0.0,2.5,2.5
14,32,0,1,0.0,1.25,1.25
14,33,0,0,0.0,0.0,0.0
14,34,1,0,1.25,0.0,-1.25
14,35,0,1,0.0,1.25,1.25
14,36,1,0,1.25,0.0,-1.25
14,37,0,1,0.0,1.25,1.25
14,38,0,0,0.0,0.0,0.0
14,39,2,1,2.5,1.25,-1.25
14,40,1,2,1.25,2.5,1.25
14,41,0,1,0.0,1.25,1.25
14,42,1,0,1.25,0.0,-1.25
14,43,0,2,0.0,2.5,2.5
14,44,1,0,1.25,0.0,-1.25
14,45,0,0,0.0,0.0,0.0
14,46,0,0,0.0,0.0,0.0
14,47,1,0,1.25,0.0,-1.25
14,48,1,0,1.25,0.0,-1.25
14,49,0,1,0.0,1.25,1.25
14,50,2,1,2.5,1.25,-1.25
14,51,0,2,0.0,2.5,2.5
14,52,0,1,0.0,1.25,1.25
14,53,1,0,1.25,0.0,-1.25
14,54,1,0,1.25,0.0,-1.25
14,55,1,3,1.25,3.75,2.5
14,56,2,0,2.5,0.0,-2.5
14,57,0,0,0.0,0.0,0.0
14,58,0,4,0.0,5.0,5.0
14,59,2,1,2.5,1.25,-1.25
14,60,1,1,1.25,1.25,0.0
14,61,0,1,0.0,1.25,1.25
14,62,0,1,0.0,1.25,1.25
14,63,3,0,3.75,0.0,-3.75
14,64,0,1,0.0,1.25,1.25
14,65,4,1,5.0,1.25,-3.75
14,66,0,2,0.0,2.5,2.5
14,67,1,0,1.25,0.0,-1.25
14,68,0,0,0.0,0.0,0.0
14,69,2,2,2.5,2.5,0.0
14,70,0,2,0.0,2.5,2.5
14,71,1,1,1.25,1.25,0.0
14,72,0,1,0.0,1.25,1.25
14,73,0,1,0.0,1.25,1.25
14,74,0,1,0.0,1.25,1.25
14,75,0,1,0.0,1.25,1.25
14,76,1,2,1.25,2.5,1.25
14,77,0,0,0.0,0.0,0.0
14,78,0,1,0.0,1.25,1.25
14,79,0,0,0.0,0.0,0.0
14,80,1,0,1.25,0.0,-1.25
14,81,1,0,1.25,0.0,-1.25
14,82,1,1,1.25,1.25,0.0
14,83,0,1,0.0,1.25,1.25
14,84,0,1,0.0,1.25,1.25
14,85,0,0,0.0,0.0,0.0
14,86,2,2,2.5,2.5,0.0
14,87,0,1,0.0,1.25,1.25
14,88,0,1,0.0,1.25,1.25
14,89,0,0,0.0,0.0,0.0
14,90,0,1,0.0,1.25,1.25
14,91,3,1,3.75,1.25,-2.5
14,92,3,1,3.75,1.25,-2.5
14,93,0,0,0.0,0.0,0.0
14,94,1,0,1.25,0.0,-1.25
14,95,0,2,0.0,2.5,2.5
14,96,2,2,2.5,2.5,0.0
14,97,0,0,0.0,0.0,0.0
14,98,0,1,0.0,1.25,1.25
14,99,1,0,1.25,0.0,-1.25
14,100,0,2,0.0,2.5,2.5
14,101,0,2,0.0,2.5,2.5
14,102,0,0,0.0,0.0,0.0
14,103,1,1,1.25,1.25,0.0
14,104,3,1,3.75,1.25,-2.5
14,105,2,0,2.5,0.0,-2.5
14,106,0,0,0.0,0.0,0.0
14,107,0,1,0.0,1.25,1.25
14,108,1,1,1.25,1.25,0.0
14,109,0,1,0.0,1.25,1.25
14,110,1,0,1.25,0.0,-1.25
14,111,2,1,2.5,1.25,-1.25
14,112,0,0,0.0,0.0,0.0
14,113,0,1,0.0,1.25,1.25
14,114,0,2,0.0,2.5,2.5
14,115,0,2,0.0,2.5,2.5
14,116,0,1,0.0,1.25,1.25
14,117,2,0,2.5,0.0,-2.5
14,118,1,2,1.25,2.5,1.25
14,119,2,0,2.5,0.0,-2.5
14,120,1,2,1.25,2.5,1.25
14,121,3,0,3.75,0.0,-3.75
14,122,2,1,2.5,1.25,-1.25
14,123,0,0,0.0,0.0,0.0
14,124,0,0,0.0,0.0,0.0
14,125,2,3,2.5,3.75,1.25
14,126,0,0,0.0,0.0,0.0
14,127,1,0,1.25,0.0,-1.25
14,128,0,0,0.0,0.0,0.0
14,129,1,2,1.25,2.5,1.25
14,130,1,1,1.25,1.25,0.0
14,131,0,0,0.0,0.0,0.0
14,132,0,0,0.0,0.0,0.0
14,133,0,0,0.0,0.0,0.0
14,134,1,1,1.25,1.25,0.0
15,0,0,0,0.0,0.0,0.0
15,1,0,0,0.0,0.0,0.0
15,2,0,0,0.0,0.0,0.0
15,3,1,0,1.25,0.0,-1.25
15,4,0,0,0.0,0.0,0.0
15,5,1,0,1.25,0.0,-1.25
15,6,0,0,0.0,0.0,0.0
15,7,0,0,0.0,0.0,0.0
15,8,0,0,0.0,0.0,0.0
15,9,0,0,0.0,0.0,0.0
15,10,1,0,1.25,0.0,-1.25
15,11,0,1,0.0,1.25,1.25
15,12,0,0,0.0,0.0,0.0
15,13,0,0,0.0,0.0,0.0
15,14,1,1,1.25,1.25,0.0
15,15,0,0,0.0,0.0,0.0
15,16,1,0,1.25,0.0,-1.25
15,17,0,1,0.0,1.25,1.25
15,18,1,2,1.25,2.5,1.25
15,19,0,0,0.0,0.0,0.0
15,20,0,0,0.0,0.0,0.0
15,21,0,1,0.0,1.25,1.25
15,22,0,0,0.0,0.0,0.0
15,23,0,0,0.0,0.0,0.0
15,24,1,0,1.25,0.0,-1.25
15,25,0,1,0.0,1.25,1.25
15,26,1,0,1.25,0.0,-1.25
15,27,0,0,0.0,0.0,0.0
15,28,2,0,2.5,0.0,-2.5
15,29,0,0,0.0,0.0,0.0
15,30,0,0,0.0,0.0,0.0
15,31,0,0,0.0,0.0,0.0
15,32,0,0,0.0,0.0,0.0
15,33,0,0,0.0,0.0,0.0
15,34,1,1,1.25,1.25,0.0
15,35,1,0,1.25,0.0,-1.25
15,36,0,3,0.0,3.75,3.75
15,37,0,0,0.0,0.0,0.0
15,38,0,1,0.0,1.25,1.25
15,39,0,1,0.0,1.25,1.25
15,40,1,0,1.25,0.0,-1.25
15,41,0,0,0.0,0.0,0.0
15,42,0,2,0.0,2.5,2.5
15,43,0,0,0.0,0.0,0.0
15,44,2,0,2.5,0.0,-2.5
15,45,0,0,0.0,0.0,0.0
15,46,1,0,1.25,0.0,-1.25
15,47,0,0,0.0,0.0,0.0
15,48,1,1,1.25,1.25,0.0
15,49,2,0,2.5,0.0,-2.5
15,50,2,0,2.5,0.0,-2.5
15,51,2,0,2.5,0.0,-2.5
15,52,0,0,0.0,0.0,0.0
15,53,0,0,0.0,0.0,0.0
15,54,0,0,0.0,0.0,0.0
15,55,0,0,0.0,0.0,0.0
15,56,1,0,1.25,0.0,-1.25
15,57,0,0,0.0,0.0,0.0
15,58,0,0,0.0,0.0,0.0
15,59,0,0,0.0,0.0,0.0
15,60,0,0,0.0,0.0,0.0
15,61,0,0,0.0,0.0,0.0
15,62,0,0,0.0,0.0,0.0
15,63,0,0,0.0,0.0,0.0
15,64,0,0,0.0,0.0,0.0
15,65,0,0,0.0,0.0,0.0
15,66,1,0,1.25,0.0,-1.25
15,67,0,0,0.0,0.0,0.0
15,68,0,0,0.0,0.0,0.0
15,69,0,1,0.0,1.25,1.25
15,70,1,1,1.25,1.25,0.0
15,71,0,0,0.0,0.0,0.0
15,72,2,0,2.5,0.0,-2.5
15,73,1,0,1.25,0.0,-1.25
15,74,1,0,1.25,0.0,-1.25
15,75,0,0,0.0,0.0,0.0
15,76,0,0,0.0,0.0,0.0
15,77,0,0,0.0,0.0,0.0
15,78,0,0,0.0,0.0,0.0
15,79,2,0,2.5,0.0,-2.5
15,80,0,0,0.0,0.0,0.0
15,81,0,0,0.0,0.0,0.0
15,82,0,0,0.0,0.0,0.0
15,83,0,0,0.0,0.0,0.0
15,84,2,1,2.5,1.25,-1.25
15,85,1,0,1.25,0.0,-1.25
15,86,1,0,1.25,0.0,-1.25
15,87,1,0,1.25,0.0,-1.25
15,88,1,0,1.25,0.0,-1.25
15,89,0,0,0.0,0.0,0.0
15,90,0,0,0.0,0.0,0.0
15,91,0,0,0.0,0.0,0.0
15,92,1,1,1.25,1.25,0.0
15,93,0,0,0.0,0.0,0.0
15,94,0,1,0.0,1.25,1.25
15,95,0,0,0.0,0.0,0.0
15,96,0,0,0.0,0.0,0.0
15,97,0,0,0.0,0.0,0.0
15,98,0,0,0.0,0.0,0.0
15,99,0,0,0.0,0.0,0.0
15,100,0,0,0.0,0.0,0.0
15,101,1,1,1.25,1.25,0.0
15,102,2,0,2.5,0.0,-2.5
15,103,0,0,0.0,0.0,0.0
15,104,1,1,1.25,1.25,0.0
15,105,0,0,0.0,0.0,0.0
15,106,1,0,1.25,0.0,-1.25
15,107,0,0,0.0,0.0,0.0
15,108,1,1,1.25,1.25,0.0
15,109,0,1,0.0,1.25,1.25
15,110,0,0,0.0,0.0,0.0
15,111,3,0,3.75,0.0,-3.75
15,112,0,2,0.0,2.5,2.5
15,113,0,0,0.0,0.0,0.0
15,114,0,0,0.0,0.0,0.0
15,115,0,1,0.0,1.25,1.25
15,116,0,0,0.0,0.0,0.0
15,117,0,0,0.0,0.0,0.0
15,118,0,0,0.0,0.0,0.0
15,119,0,0,0.0,0.0,0.0
15,120,1,0,1.25,0.0,-1.25
15,121,0,0,0.0,0.0,0.0
15,122,1,0,1.25,0.0,-1.25
15,123,1,0,1.25,0.0,-1.25
15,124,0,0,0.0,0.0,0.0
15,125,0,0,0.0,0.0,0.0
15,126,0,0,0.0,0.0,0.0
15,127,0,1,0.0,1.25,1.25
15,128,0,0,0.0,0.0,0.0
15,129,1,0,1.25,0.0,-1.25
15,130,1,0,1.25,0.0,-1.25
15,131,0,0,0.0,0.0,0.0
15,132,0,0,0.0,0.0,0.0
15,133,0,0,0.0,0.0,0.0
15,134,0,0,0.0,0.0,0.0
16,0,7,7,8.75,8.75,0.0
16,1,4,6,5.0,7.5,2.5
16,2,9,5,11.25,6.25,-5.0
16,3,4,7,5.0,8.75,3.75
16,4,7,4,8.75,5.0,-3.75
16,5,6,6,7.5,7.5,0.0
16,6,4,3,5.0,3.75,-1.25
16,7,3,7,3.75,8.75,5.0
16,8,8,1,10.0,1.25,-8.75
16,9,7,1,8.75,1.25,-7.5
16,10,6,4,7.5,5.0,-2.5
16,11,9,6,11.25,7.5,-3.75
16,12,3,5,3.75,6.25,2.5
16,13,8,2,10.0,2.5,-7.5
16,14,3,6,3.75,7.5,3.75
16,15,6,8,7.5,10.0,2.5
16,16,6,7,7.5,8.75,1.25
16,17,3,1,3.75,1.25,-2.5
16,18,6,2,7.5,2.5,-5.0
16,19,1,3,1.25,3.75,2.5
16,20,4,1,5.0,1.25,-3.75
16,21,1,4,1.25,5.0,3.75
16,22,7,5,8.75,6.25,-2.5
16,23,10,2,12.5,2.5,-10.0
16,24,2,2,2.5,2.5,0.0
16,25,9,3,11.25,3.75,-7.5
16,26,3,1,3.75,1.25,-2.5
16,27,5,6,6.25,7.5,1.25
16,28,12,6,15.0,7.5,-7.5
16,29,5,8,6.25,10.0,3.75
16,30,4,6,5.0,7.5,2.5
16,31,1,5,1.25,6.25,5.0
16,32,2,3,2.5,3.75,1.25
16,33,7,3,8.75,3.75,-5.0
16,34,4,4,5.0,5.0,0.0
16,35,9,1,11.25,1.25,-10.0
16,36,4,3,5.0,3.75,-1.25
16,37,4,1,5.0,1.25,-3.75
16,38,10,4,12.5,5.0,-7.5
16,39,6,6,7.5,7.5,0.0
16,40,5,4,6.25,5.0,-1.25
16,41,3,3,3.75,3.75,0.0
16,42,7,4,8.75,5.0,-3.75
16,43,6,7,7.5,8.75,1.25
16,44,9,1,11.25,1.25,-10.0
16,45,3,5,3.75,6.25,2.5
16,46,3,2,3.75,2.5,-1.25
16,47,5,4,6.25,5.0,-1.25
16,48,2,7,2.5,8.75,6.25
16,49,5,5,6.25,6.25,0.0
16,50,6,6,7.5,7.5,0.0
16,51,4,4,5.0,5.0,0.0
16,52,0,10,0.0,12.5,12.5
16,53,2,7,2.5,8.75,6.25
16,54,6,5,7.5,6.25,-1.25
16,55,7,6,8.75,7.5,-1.25
16,56,3,3,3.75,3.75,0.0
16,57,7,4,8.75,5.0,-3.75
16,58,5,4,6.25,5.0,-1.25
16,59,2,3,2.5,3.75,1.25
16,60,2,7,2.5,8.75,6.25
16,61,2,4,2.5,5.0,2.5
16,62,9,4,11.25,5.0,-6.25
16,63,4,9,5.0,11.25,6.25
16,64,10,2,12.5,2.5,-10.0
16,65,6,3,7.5,3.75,-3.75
16,66,1,6,1.25,7.5,6.25
16,67,7,6,8.75,7.5,-1.25
16,68,4,8,5.0,10.0,5.0
16,69,3,5,3.75,6.25,2.5
16,70,3,6,3.75,7.5,3.75
16,71,5,5,6.25,6.25,0.0
16,72,7,6,8.75,7.5,-1.25
16,73,5,4,6.25,5.0,-1.25
16,74,10,3,12.5,3.75,-8.75
16,75,5,2,6.25,2.5,-3.75
16,76,3,9,3.75,11.25,7.5
16,77,6,3,7.5,3.75,-3.75
16,78,3,4,3.75,5.0,1.25
16,79,7,4,8.75,5.0,-3.75
16,80,8,4,10.0,5.0,-5.0
16,81,7,4,8.75,5.0,-3.75
16,82,7,9,8.75,11.25,2.5
16,83,3,4,3.75,5.0,1.25
16,84,7,5,8.75,6.25,-2.5
16,85,5,2,6.25,2.5,-3.75
16,86,5,7,6.25,8.75,2.5
16,87,5,3,6.25,3.75,-2.5
16,88,3,7,3.75,8.75,5.0
16,89,3,3,3.75,3.75,0.0
16,90,5,11,6.25,13.75,7.5
16,91,10,6,12.5,7.5,-5.0
16,92,9,3,11.25,3.75,-7.5
16,93,4,4,5.0,5.0,0.0
16,94,4,5,5.0,6.25,1.25
16,95,5,2,6.25,2.5,-3.75
16,96,3,7,3.75,8.75,5.0
16,97,2,3,2.5,3.75,1.25
16,98,2,3,2.5,3.75,1.25
16,99,7,6,8.75,7.5,-1.25
16,100,3,6,3.75,7.5,3.75
16,101,3,4,3.75,5.0,1.25
16,102,8,2,10.0,2.5,-7.5
16,103,6,7,7.5,8.75,1.25
16,104,6,9,7.5,11.25,3.75
16,105,8,0,10.0,0.0,-10.0
16,106,3,2,3.75,2.5,-1.25
16,107,2,4,2.5,5.0,2.5
16,108,6,5,7.5,6.25,-1.25
16,109,2,3,2.5,3.75,1.25
16,110,4,6,5.0,7.5,2.5
16,111,2,7,2.5,8.75,6.25
16,112,1,5,1.25,6.25,5.0
16,113,1,7,1.25,8.75,7.5
16,114,5,5,6.25,6.25,0.0
16,115,1,6,1.25,7.5,6.25
16,116,4,1,5.0,1.25,-3.75
16,117,3,5,3.75,6.25,2.5
16,118,3,5,3.75,6.25,2.5
16,119,7,2,8.75,2.5,-6.25
16,120,3,6,3.75,7.5,3.75
16,121,4,4,5.0,5.0,0.0
16,122,4,0,5.0,0.0,-5.0
16,123,4,3,5.0,3.75,-1.25
16,124,4,1,5.0,1.25,-3.75
16,125,4,4,5.0,5.0,0.0
16,126,5,2,6.25,2.5,-3.75
16,127,5,5,6.25,6.25,0.0
16,128,6,4,7.5,5.0,-2.5
16,129,2,5,2.5,6.25,3.75
16,130,0,4,0.0,5.0,5.0
16,131,5,5,6.25,6.25,0.0
16,132,4,2,5.0,2.5,-2.5
16,133,3,2,3.75,2.5,-1.25
16,134,5,2,6.25,2.5,-3.75
17,0,0,0,0.0,0.0,0.0
17,1,0,0,0.0,0.0,0.0
17,2,0,0,0.0,0.0,0.0
17,3,0,0,0.0,0.0,0.0
17,4,0,0,0.0,0.0,0.0
17,5,0,0,0.0,0.0,0.0
17,6,0,1,0.0,1.25,1.25
17,7,0,0,0.0,0.0,0.0
17,8,0,0,0.0,0.0,0.0
17,9,2,1,2.5,1.25,-1.25
17,10,0,0,0.0,0.0,0.0
17,11,0,0,0.0,0.0,0.0
17,12,0,0,0.0,0.0,0.0
17,13,4,0,5.0,0.0,-5.0
17,14,2,1,2.5,1.25,-1.25
17,15,0,0,0.0,0.0,0.0
17,16,2,1,2.5,1.25,-1.25
17,17,3,1,3.75,1.25,-2.5
17,18,1,1,1.25,1.25,0.0
17,19,0,0,0.0,0.0,0.0
17,20,4,1,5.0,1.25,-3.75
17,21,0,1,0.0,1.25,1.25
17,22,2,1,2.5,1.25,-1.25
17,23,3,0,3.75,0.0,-3.75
17,24,1,0,1.25,0.0,-1.25
17,25,3,1,3.75,1.25,-2.5
17,26,1,3,1.25,3.75,2.5
17,27,2,2,2.5,2.5,0.0
17,28,1,2,1.25,2.5,1.25
17,29,1,1,1.25,1.25,0.0
17,30,0,2,0.0,2.5,2.5
17,31,1,1,1.25,1.25,0.0
17,32,0,1,0.0,1.25,1.25
17,33,0,0,0.0,0.0,0.0
17,34,0,2,0.0,2.5,2.5
17,35,1,0,1.25,0.0,-1.25
17,36,2,0,2.5,0.0,-2.5
17,37,1,3,1.25,3.75,2.5
17,38,2,1,2.5,1.25,-1.25
17,39,0,0,0.0,0.0,0.0
17,40,1,0,1.25,0.0,-1.25
17,41,2,2,2.5,2.5,0.0
17,42,3,0,3.75,0.0,-3.75
17,43,1,0,1.25,0.0,-1.25
17,44,2,1,2.5,1.25,-1.25
17,45,0,1,0.0,1.25,1.25
17,46,0,0,0.0,0.0,0.0
17,47,1,0,1.25,0.0,-1.25
17,48,1,0,1.25,0.0,-1.25
17,49,1,0,1.25,0.0,-1.25
17,50,0,0,0.0,0.0,0.0
17,51,0,1,0.0,1.25,1.25
17,52,2,2,2.5,2.5,0.0
17,53,2,3,2.5,3.75,1.25
17,54,1,4,1.25,5.0,3.75
17,55,2,2,2.5,2.5,0.0
17,56,2,2,2.5,2.5,0.0
17,57,1,1,1.25,1.25,0.0
17,58,0,2,0.0,2.5,2.5
17,59,0,0,0.0,0.0,0.0
17,60,0,2,0.0,2.5,2.5
17,61,0,0,0.0,0.0,0.0
17,62,2,2,2.5,2.5,0.0
17,63,1,4,1.25,5.0,3.75
17,64,1,1,1.25,1.25,0.0
17,65,1,2,1.25,2.5,1.25
17,66,0,2,0.0,2.5,2.5
17,67,1,1,1.25,1.25,0.0
17,68,0,0,0.0,0.0,0.0
17,69,0,1,0.0,1.25,1.25
17,70,2,1,2.5,1.25,-1.25
17,71,2,4,2.5,5.0,2.5
17,72,4,1,5.0,1.25,-3.75
17,73,0,0,0.0,0.0,0.0
17,74,0,0,0.0,0.0,0.0
17,75,0,0,0.0,0.0,0.0
17,76,0,0,0.0,0.0,0.0
17,77,0,0,0.0,0.0,0.0
17,78,0,0,0.0,0.0,0.0
17,79,0,0,0.0,0.0,0.0
17,80,0,0,0.0,0.0,0.0
17,81,0,0,0.0,0.0,0.0
17,82,0,1,0.0,1.25,1.25
17,83,0,0,0.0,0.0,0.0
17,84,0,1,0.0,1.25,1.25
17,85,4,0,5.0,0.0,-5.0
17,86,0,1,0.0,1.25,1.25
17,87,0,0,0.0,0.0,0.0
17,88,5,1,6.25,1.25,-5.0
17,89,1,0,1.25,0.0,-1.25
17,90,4,2,5.0,2.5,-2.5
17,91,0,2,0.0,2.5,2.5
17,92,3,1,3.75,1.25,-2.5
17,93,0,0,0.0,0.0,0.0
17,94,0,0,0.0,0.0,0.0
17,95,0,0,0.0,0.0,0.0
17,96,0,0,0.0,0.0,0.0
17,97,0,0,0.0,0.0,0.0
17,98,0,0,0.0,0.0,0.0
17,99,4,3,5.0,3.75,-1.25
17,100,3,3,3.75,3.75,0.0
17,101,1,0,1.25,0.0,-1.25
17,102,1,0,1.25,0.0,-1.25
17,103,0,0,0.0,0.0,0.0
17,104,0,0,0.0,0.0,0.0
17,105,0,0,0.0,0.0,0.0
17,106,0,0,0.0,0.0,0.0
17,107,0,0,0.0,0.0,0.0
17,108,1,2,1.25,2.5,1.25
17,109,0,1,0.0,1.25,1.25
17,110,1,2,1.25,2.5,1.25
17,111,1,4,1.25,5.0,3.75
17,112,1,1,1.25,1.25,0.0
17,113,4,1,5.0,1.25,-3.75
17,114,1,0,1.25,0.0,-1.25
17,115,0,0,0.0,0.0,0.0
17,116,1,1,1.25,1.25,0.0
17,117,0,2,0.0,2.5,2.5
17,118,0,0,0.0,0.0,0.0
17,119,1,1,1.25,1.25,0.0
17,120,1,2,1.25,2.5,1.25
17,121,0,0,0.0,0.0,0.0
17,122,2,3,2.5,3.75,1.25
17,123,3,1,3.75,1.25,-2.5
17,124,0,1,0.0,1.25,1.25
17,125,3,1,3.75,1.25,-2.5
17,126,1,0,1.25,0.0,-1.25
17,127,0,0,0.0,0.0,0.0
17,128,0,0,0.0,0.0,0.0
17,129,0,1,0.0,1.25,1.25
17,130,0,3,0.0,3.75,3.75
17,131,0,1,0.0,1.25,1.25
17,132,3,1,3.75,1.25,-2.5
17,133,1,0,1.25,0.0,-1.25
17,134,2,1,2.5,1.25,-1.25
18,0,0,0,0.0,0.0,0.0
18,1,0,0,0.0,0.0,0.0
18,2,0,0,0.0,0.0,0.0
18,3,1,0,1.25,0.0,-1.25
18,4,3,0,3.75,0.0,-3.75
18,5,1,0,1.25,0.0,-1.25
18,6,0,0,0.0,0.0,0.0
18,7,1,0,1.25,0.0,-1.25
18,8,0,1,0.0,1.25,1.25
18,9,1,0,1.25,0.0,-1.25
18,10,2,0,2.5,0.0,-2.5
18,11,0,1,0.0,1.25,1.25
18,12,0,0,0.0,0.0,0.0
18,13,1,0,1.25,0.0,-1.25
18,14,0,0,0.0,0.0,0.0
18,15,0,0,0.0,0.0,0.0
18,16,2,0,2.5,0.0,-2.5
18,17,0,2,0.0,2.5,2.5
18,18,0,0,0.0,0.0,0.0
18,19,1,1,1.25,1.25,0.0
18,20,0,0,0.0,0.0,0.0
18,21,0,1,0.0,1.25,1.25
18,22,0,1,0.0,1.25,1.25
18,23,0,0,0.0,0.0,0.0
18,24,0,0,0.0,0.0,0.0
18,25,0,1,0.0,1.25,1.25
18,26,1,1,1.25,1.25,0.0
18,27,0,0,0.0,0.0,0.0
18,28,0,0,0.0,0.0,0.0
18,29,0,0,0.0,0.0,0.0
18,30,1,0,1.25,0.0,-1.25
18,31,1,1,1.25,1.25,0.0
18,32,0,1,0.0,1.25,1.25
18,33,0,1,0.0,1.25,1.25
18,34,2,2,2.5,2.5,0.0
18,35,1,0,1.25,0.0,-1.25
18,36,0,1,0.0,1.25,1.25
18,37,0,0,0.0,0.0,0.0
18,38,0,1,0.0,1.25,1.25
18,39,0,1,0.0,1.25,1.25
18,40,2,1,2.5,1.25,-1.25
18,41,0,1,0.0,1.25,1.25
18,42,0,1,0.0,1.25,1.25
18,43,0,0,0.0,0.0,0.0
18,44,2,0,2.5,0.0,-2.5
18,45,0,0,0.0,0.0,0.0
18,46,1,0,1.25,0.0,-1.25
18,47,0,0,0.0,0.0,0.0
18,48,0,1,0.0,1.25,1.25
18,49,3,0,3.75,0.0,-3.75
18,50,2,1,2.5,1.25,-1.25
18,51,1,2,1.25,2.5,1.25
18,52,0,0,0.0,0.0,0.0
18,53,1,0,1.25,0.0,-1.25
18,54,0,0,0.0,0.0,0.0
18,55,1,1,1.25,1.25,0.0
18,56,1,0,1.25,0.0,-1.25
18,57,0,1,0.0,1.25,1.25
18,58,0,0,0.0,0.0,0.0
18,59,0,2,0.0,2.5,2.5
18,60,0,1,0.0,1.25,1.25
18,61,0,0,0.0,0.0,0.0
18,62,1,0,1.25,0.0,-1.25
18,63,0,1,0.0,1.25,1.25
18,64,0,0,0.0,0.0,0.0
18,65,1,0,1.25,0.0,-1.25
18,66,0,0,0.0,0.0,0.0
18,67,0,0,0.0,0.0,0.0
18,68,0,1,0.0,1.25,1.25
18,69,0,0,0.0,0.0,0.0
18,70,1,1,1.25,1.25,0.0
18,71,0,0,0.0,0.0,0.0
18,72,0,0,0.0,0.0,0.0
18,73,0,0,0.0,0.0,0.0
18,74,1,0,1.25,0.0,-1.25
18,75,0,0,0.0,0.0,0.0
18,76,1,0,1.25,0.0,-1.25
18,77,4,1,5.0,1.25,-3.75
18,78,0,1,0.0,1.25,1.25
18,79,0,1,0.0,1.25,1.25
18,80,1,0,1.25,0.0,-1.25
18,81,3,0,3.75,0.0,-3.75
18,82,1,2,1.25,2.5,1.25
18,83,1,0,1.25,0.0,-1.25
18,84,3,0,3.75,0.0,-3.75
18,85,0,1,0.0,1.25,1.25
18,86,0,1,0.0,1.25,1.25
18,87,2,1,2.5,1.25,-1.25
18,88,1,2,1.25,2.5,1.25
18,89,0,1,0.0,1.25,1.25
18,90,0,0,0.0,0.0,0.0
18,91,0,0,0.0,0.0,0.0
18,92,1,1,1.25,1.25,0.0
18,93,0,1,0.0,1.25,1.25
18,94,0,0,0.0,0.0,0.0
18,95,0,0,0.0,0.0,0.0
18,96,1,0,1.25,0.0,-1.25
18,97,0,0,0.0,0.0,0.0
18,98,0,3,0.0,3.75,3.75
18,99,1,0,1.25,0.0,-1.25
18,100,1,0,1.25,0.0,-1.25
18,101,0,1,0.0,1.25,1.25
18,102,3,1,3.75,1.25,-2.5
18,103,1,1,1.25,1.25,0.0
18,104,5,2,6.25,2.5,-3.75
18,105,1,1,1.25,1.25,0.0
18,106,2,0,2.5,0.0,-2.5
18,107,2,0,2.5,0.0,-2.5
18,108,1,1,1.25,1.25,0.0
18,109,0,0,0.0,0.0,0.0
18,110,0,0,0.0,0.0,0.0
18,111,5,0,6.25,0.0,-6.25
18,112,1,2,1.25,2.5,1.25
18,113,0,0,0.0,0.0,0.0
18,114,0,2,0.0,2.5,2.5
18,115,1,1,1.25,1.25,0.0
18,116,0,0,0.0,0.0,0.0
18,117,0,0,0.0,0.0,0.0
18,118,0,1,0.0,1.25,1.25
18,119,0,0,0.0,0.0,0.0
18,120,0,0,0.0,0.0,0.0
18,121,0,0,0.0,0.0,0.0
18,122,2,0,2.5,0.0,-2.5
18,123,0,0,0.0,0.0,0.0
18,124,0,1,0.0,1.25,1.25
18,125,0,0,0.0,0.0,0.0
18,126,2,0,2.5,0.0,-2.5
18,127,2,1,2.5,1.25,-1.25
18,128,0,0,0.0,0.0,0.0
18,129,3,1,3.75,1.25,-2.5
18,130,2,1,2.5,1.25,-1.25
18,131,0,1,0.0,1.25,1.25
18,132,0,0,0.0,0.0,0.0
18,133,0,0,0.0,0.0,0.0
18,134,0,0,0.0,0.0,0.0
19,0,0,0,0.0,0.0,0.0
19,1,1,1,1.25,1.25,0.0
19,2,0,0,0.0,0.0,0.0
19,3,1,1,1.25,1.25,0.0
19,4,0,0,0.0,0.0,0.0
19,5,0,1,0.0,1.25,1.25
19,6,1,1,1.25,1.25,0.0
19,7,0,0,0.0,0.0,0.0
19,8,0,1,0.0,1.25,1.25
19,9,0,0,0.0,0.0,0.0
19,10,1,0,1.25,0.0,-1.25
19,11,0,0,0.0,0.0,0.0
19,12,0,0,0.0,0.0,0.0
19,13,0,0,0.0,0.0,0.0
19,14,0,0,0.0,0.0,0.0
19,15,1,1,1.25,1.25,0.0
19,16,0,0,0.0,0.0,0.0
19,17,0,0,0.0,0.0,0.0
19,18,0,1,0.0,1.25,1.25
19,19,0,0,0.0,0.0,0.0
19,20,2,1,2.5,1.25,-1.25
19,21,1,0,1.25,0.0,-1.25
19,22,1,0,1.25,0.0,-1.25
19,23,0,1,0.0,1.25,1.25
19,24,0,2,0.0,2.5,2.5
19,25,0,0,0.0,0.0,0.0
19,26,0,1,0.0,1.25,1.25
19,27,2,0,2.5,0.0,-2.5
19,28,0,0,0.0,0.0,0.0
19,29,0,1,0.0,1.25,1.25
19,30,0,0,0.0,0.0,0.0
19,31,1,1,1.25,1.25,0.0
19,32,0,1,0.0,1.25,1.25
19,33,0,1,0.0,1.25,1.25
19,34,0,2,0.0,2.5,2.5
19,35,1,1,1.25,1.25,0.0
19,36,0,0,0.0,0.0,0.0
19,37,1,1,1.25,1.25,0.0
19,38,0,0,0.0,0.0,0.0
19,39,0,0,0.0,0.0,0.0
19,40,1,0,1.25,0.0,-1.25
19,41,0,0,0.0,0.0,0.0
19,42,1,0,1.25,0.0,-1.25
19,43,0,1,0.0,1.25,1.25
19,44,1,0,1.25,0.0,-1.25
19,45,1,0,1.25,0.0,-1.25
19,46,0,0,0.0,0.0,0.0
19,47,0,2,0.0,2.5,2.5
19,48,0,0,0.0,0.0,0.0
19,49,1,0,1.25,0.0,-1.25
19,50,0,0,0.0,0.0,0.0
19,51,0,0,0.0,0.0,0.0
19,52,0,0,0.0,0.0,0.0
19,53,0,0,0.0,0.0,0.0
19,54,1,1,1.25,1.25,0.0
19,55,0,0,0.0,0.0,0.0
19,56,0,0,0.0,0.0,0.0
19,57,2,0,2.5,0.0,-2.5
19,58,0,3,0.0,3.75,3.75
19,59,0,0,0.0,0.0,0.0
19,60,0,0,0.0,0.0,0.0
19,61,0,0,0.0,0.0,0.0
19,62,0,0,0.0,0.0,0.0
19,63,1,0,1.25,0.0,-1.25
19,64,0,0,0.0,0.0,0.0
19,65,0,0,0.0,0.0,0.0
19,66,0,1,0.0,1.25,1.25
19,67,1,0,1.25,0.0,-1.25
19,68,0,0,0.0,0.0,0.0
19,69,0,0,0.0,0.0,0.0
19,70,2,0,2.5,0.0,-2.5
19,71,0,0,0.0,0.0,0.0
19,72,0,0,0.0,0.0,0.0
19,73,0,0,0.0,0.0,0.0
19,74,0,0,0.0,0.0,0.0
19,75,0,0,0.0,0.0,0.0
19,76,0,0,0.0,0.0,0.0
19,77,0,1,0.0,1.25,1.25
19,78,1,0,1.25,0.0,-1.25
19,79,0,0,0.0,0.0,0.0
19,80,0,0,0.0,0.0,0.0
19,81,0,0,0.0,0.0,0.0
19,82,0,0,0.0,0.0,0.0
19,83,0,0,0.0,0.0,0.0
19,84,0,0,0.0,0.0,0.0
19,85,0,0,0.0,0.0,0.0
19,86,0,1,0.0,1.25,1.25
19,87,0,0,0.0,0.0,0.0
19,88,0,0,0.0,0.0,0.0
19,89,1,0,1.25,0.0,-1.25
19,90,0,0,0.0,0.0,0.0
19,91,0,0,0.0,0.0,0.0
19,92,0,1,0.0,1.25,1.25
19,93,2,0,2.5,0.0,-2.5
19,94,1,0,1.25,0.0,-1.25
19,95,2,1,2.5,1.25,-1.25
19,96,0,0,0.0,0.0,0.0
19,97,0,0,0.0,0.0,0.0
19,98,0,1,0.0,1.25,1.25
19,99,0,1,0.0,1.25,1.25
19,100,0,0,0.0,0.0,0.0
19,101,0,0,0.0,0.0,0.0
19,102,1,3,1.25,3.75,2.5
19,103,0,0,0.0,0.0,0.0
19,104,0,0,0.0,0.0,0.0
19,105,2,0,2.5,0.0,-2.5
19,106,0,0,0.0,0.0,0.0
19,107,0,0,0.0,0.0,0.0
19,108,0,0,0.0,0.0,0.0
19,109,0,0,0.0,0.0,0.0
19,110,0,0,0.0,0.0,0.0
19,111,0,0,0.0,0.0,0.0
19,112,0,0,0.0,0.0,0.0
19,113,0,2,0.0,2.5,2.5
19,114,2,0,2.5,0.0,-2.5
19,115,0,0,0.0,0.0,0.0
19,116,0,0,0.0,0.0,0.0
19,117,0,0,0.0,0.0,0.0
19,118,1,0,1.25,0.0,-1.25
19,119,0,0,0.0,0.0,0.0
19,120,0,0,0.0,0.0,0.0
19,121,0,0,0.0,0.0,0.0
19,122,2,0,2.5,0.0,-2.5
19,123,0,0,0.0,0.0,0.0
19,124,0,1,0.0,1.25,1.25
19,125,1,1,1.25,1.25,0.0
19,126,1,0,1.25,0.0,-1.25
19,127,2,1,2.5,1.25,-1.25
19,128,1,1,1.25,1.25,0.0
19,129,0,0,0.0,0.0,0.0
19,130,0,1,0.0,1.25,1.25
19,131,0,0,0.0,0.0,0.0
19,132,0,0,0.0,0.0,0.0
19,133,1,1,1.25,1.25,0.0
19,134,0,0,0.0,0.0,0.0
20,0,0,1,0.0,1.25,1.25
20,1,0,0,0.0,0.0,0.0
20,2,0,0,0.0,0.0,0.0
20,3,1,0,1.25,0.0,-1.25
20,4,0,0,0.0,0.0,0.0
20,5,1,0,1.25,0.0,-1.25
20,6,1,0,1.25,0.0,-1.25
20,7,0,0,0.0,0.0,0.0
20,8,0,0,0.0,0.0,0.0
20,9,0,0,0.0,0.0,0.0
20,10,0,0,0.0,0.0,0.0
20,11,0,0,0.0,0.0,0.0
20,12,0,0,0.0,0.0,0.0
20,13,0,0,0.0,0.0,0.0
20,14,0,0,0.0,0.0,0.0
20,15,1,0,1.25,0.0,-1.25
20,16,1,0,1.25,0.0,-1.25
20,17,2,1,2.5,1.25,-1.25
20,18,0,2,0.0,2.5,2.5
20,19,0,0,0.0,0.0,0.0
20,20,0,0,0.0,0.0,0.0
20,21,0,0,0.0,0.0,0.0
20,22,0,0,0.0,0.0,0.0
20,23,0,0,0.0,0.0,0.0
20,24,1,0,1.25,0.0,-1.25
20,25,0,1,0.0,1.25,1.25
20,26,0,0,0.0,0.0,0.0
20,27,0,0,0.0,0.0,0.0
20,28,0,0,0.0,0.0,0.0
20,29,0,0,0.0,0.0,0.0
20,30,0,0,0.0,0.0,0.0
20,31,0,0,0.0,0.0,0.0
20,32,0,0,0.0,0.0,0.0
20,33,0,0,0.0,0.0,0.0
20,34,4,0,5.0,0.0,-5.0
20,35,0,0,0.0,0.0,0.0
20,36,0,2,0.0,2.5,2.5
20,37,0,0,0.0,0.0,0.0
20,38,1,1,1.25,1.25,0.0
20,39,2,1,2.5,1.25,-1.25
20,40,0,0,0.0,0.0,0.0
20,41,0,0,0.0,0.0,0.0
20,42,0,2,0.0,2.5,2.5
20,43,0,0,0.0,0.0,0.0
20,44,2,0,2.5,0.0,-2.5
20,45,0,0,0.0,0.0,0.0
20,46,0,0,0.0,0.0,0.0
20,47,0,0,0.0,0.0,0.0
20,48,0,1,0.0,1.25,1.25
20,49,5,0,6.25,0.0,-6.25
20,50,3,1,3.75,1.25,-2.5
20,51,3,2,3.75,2.5,-1.25
20,52,0,0,0.0,0.0,0.0
20,53,1,0,1.25,0.0,-1.25
20,54,0,0,0.0,0.0,0.0
20,55,1,1,1.25,1.25,0.0
20,56,0,0,0.0,0.0,0.0
20,57,0,0,0.0,0.0,0.0
20,58,0,0,0.0,0.0,0.0
20,59,0,1,0.0,1.25,1.25
20,60,0,0,0.0,0.0,0.0
20,61,1,0,1.25,0.0,-1.25
20,62,0,0,0.0,0.0,0.0
20,63,3,1,3.75,1.25,-2.5
20,64,0,0,0.0,0.0,0.0
20,65,3,2,3.75,2.5,-1.25
20,66,0,0,0.0,0.0,0.0
20,67,0,0,0.0,0.0,0.0
20,68,0,0,0.0,0.0,0.0
20,69,0,0,0.0,0.0,0.0
20,70,0,1,0.0,1.25,1.25
20,71,0,0,0.0,0.0,0.0
20,72,1,0,1.25,0.0,-1.25
20,73,0,0,0.0,0.0,0.0
20,74,1,0,1.25,0.0,-1.25
20,75,0,0,0.0,0.0,0.0
20,76,0,0,0.0,0.0,0.0
20,77,0,0,0.0,0.0,0.0
20,78,0,0,0.0,0.0,0.0
20,79,0,0,0.0,0.0,0.0
20,80,0,0,0.0,0.0,0.0
20,81,1,0,1.25,0.0,-1.25
20,82,0,0,0.0,0.0,0.0
20,83,0,0,0.0,0.0,0.0
20,84,4,3,5.0,3.75,-1.25
20,85,0,0,0.0,0.0,0.0
20,86,0,0,0.0,0.0,0.0
20,87,0,0,0.0,0.0,0.0
20,88,0,0,0.0,0.0,0.0
20,89,1,0,1.25,0.0,-1.25
20,90,0,0,0.0,0.0,0.0
20,91,0,0,0.0,0.0,0.0
20,92,2,1,2.5,1.25,-1.25
20,93,0,0,0.0,0.0,0.0
20,94,0,0,0.0,0.0,0.0
20,95,0,0,0.0,0.0,0.0
20,96,0,0,0.0,0.0,0.0
20,97,0,0,0.0,0.0,0.0
20,98,0,1,0.0,1.25,1.25
20,99,0,0,0.0,0.0,0.0
20,100,1,0,1.25,0.0,-1.25
20,101,1,1,1.25,1.25,0.0
20,102,1,0,1.25,0.0,-1.25
20,103,0,0,0.0,0.0,0.0
20,104,0,2,0.0,2.5,2.5
20,105,0,0,0.0,0.0,0.0
20,106,2,0,2.5,0.0,-2.5
20,107,0,0,0.0,0.0,0.0
20,108,0,1,0.0,1.25,1.25
20,109,1,4,1.25,5.0,3.75
20,110,0,0,0.0,0.0,0.0
20,111,5,1,6.25,1.25,-5.0
20,112,1,1,1.25,1.25,0.0
20,113,0,0,0.0,0.0,0.0
20,114,0,0,0.0,0.0,0.0
20,115,2,1,2.5,1.25,-1.25
20,116,0,0,0.0,0.0,0.0
20,117,0,0,0.0,0.0,0.0
20,118,0,0,0.0,0.0,0.0
20,119,0,0,0.0,0.0,0.0
20,120,1,0,1.25,0.0,-1.25
20,121,0,0,0.0,0.0,0.0
20,122,2,0,2.5,0.0,-2.5
20,123,1,0,1.25,0.0,-1.25
20,124,0,0,0.0,0.0,0.0
20,125,0,0,0.0,0.0,0.0
20,126,1,0,1.25,0.0,-1.25
20,127,3,0,3.75,0.0,-3.75
20,128,0,0,0.0,0.0,0.0
20,129,2,0,2.5,0.0,-2.5
20,130,1,0,1.25,0.0,-1.25
20,131,0,0,0.0,0.0,0.0
20,132,0,0,0.0,0.0,0.0
20,133,0,0,0.0,0.0,0.0
20,134,0,0,0.0,0.0,0.0
21,0,2,2,2.5,2.5,0.0
21,1,0,0,0.0,0.0,0.0
21,2,1,0,1.25,0.0,-1.25
21,3,1,2,1.25,2.5,1.25
21,4,2,0,2.5,0.0,-2.5
21,5,1,0,1.25,0.0,-1.25
21,6,0,0,0.0,0.0,0.0
21,7,2,0,2.5,0.0,-2.5
21,8,0,0,0.0,0.0,0.0
21,9,0,1,0.0,1.25,1.25
21,10,3,0,3.75,0.0,-3.75
21,11,2,0,2.5,0.0,-2.5
21,12,0,0,0.0,0.0,0.0
21,13,2,1,2.5,1.25,-1.25
21,14,1,0,1.25,0.0,-1.25
21,15,1,0,1.25,0.0,-1.25
21,16,1,1,1.25,1.25,0.0
21,17,1,0,1.25,0.0,-1.25
21,18,0,0,0.0,0.0,0.0
21,19,0,0,0.0,0.0,0.0
21,20,0,1,0.0,1.25,1.25
21,21,1,0,1.25,0.0,-1.25
21,22,1,0,1.25,0.0,-1.25
21,23,1,1,1.25,1.25,0.0
21,24,0,0,0.0,0.0,0.0
21,25,0,0,0.0,0.0,0.0
21,26,0,0,0.0,0.0,0.0
21,27,2,0,2.5,0.0,-2.5
21,28,0,1,0.0,1.25,1.25
21,29,1,1,1.25,1.25,0.0
21,30,0,1,0.0,1.25,1.25
21,31,1,0,1.25,0.0,-1.25
21,32,0,1,0.0,1.25,1.25
21,33,0,2,0.0,2.5,2.5
21,34,1,0,1.25,0.0,-1.25
21,35,2,1,2.5,1.25,-1.25
21,36,2,1,2.5,1.25,-1.25
21,37,2,0,2.5,0.0,-2.5
21,38,3,0,3.75,0.0,-3.75
21,39,0,1,0.0,1.25,1.25
21,40,2,2,2.5,2.5,0.0
21,41,0,1,0.0,1.25,1.25
21,42,3,1,3.75,1.25,-2.5
21,43,0,1,0.0,1.25,1.25
21,44,0,0,0.0,0.0,0.0
21,45,0,2,0.0,2.5,2.5
21,46,0,0,0.0,0.0,0.0
21,47,0,1,0.0,1.25,1.25
21,48,2,1,2.5,1.25,-1.25
21,49,1,1,1.25,1.25,0.0
21,50,1,1,1.25,1.25,0.0
21,51,0,1,0.0,1.25,1.25
21,52,1,1,1.25,1.25,0.0
21,53,0,1,0.0,1.25,1.25
21,54,4,0,5.0,0.0,-5.0
21,55,0,0,0.0,0.0,0.0
21,56,2,0,2.5,0.0,-2.5
21,57,1,0,1.25,0.0,-1.25
21,58,0,0,0.0,0.0,0.0
21,59,0,0,0.0,0.0,0.0
21,60,1,0,1.25,0.0,-1.25
21,61,1,1,1.25,1.25,0.0
21,62,0,0,0.0,0.0,0.0
21,63,1,0,1.25,0.0,-1.25
21,64,0,1,0.0,1.25,1.25
21,65,1,1,1.25,1.25,0.0
21,66,0,3,0.0,3.75,3.75
21,67,2,0,2.5,0.0,-2.5
21,68,4,1,5.0,1.25,-3.75
21,69,0,0,0.0,0.0,0.0
21,70,3,0,3.75,0.0,-3.75
21,71,1,0,1.25,0.0,-1.25
21,72,2,0,2.5,0.0,-2.5
21,73,3,1,3.75,1.25,-2.5
21,74,2,0,2.5,0.0,-2.5
21,75,0,0,0.0,0.0,0.0
21,76,1,1,1.25,1.25,0.0
21,77,0,0,0.0,0.0,0.0
21,78,0,0,0.0,0.0,0.0
21,79,2,0,2.5,0.0,-2.5
21,80,0,0,0.0,0.0,0.0
21,81,3,0,3.75,0.0,-3.75
21,82,0,1,0.0,1.25,1.25
21,83,2,0,2.5,0.0,-2.5
21,84,1,2,1.25,2.5,1.25
21,85,0,1,0.0,1.25,1.25
21,86,0,1,0.0,1.25,1.25
21,87,0,0,0.0,0.0,0.0
21,88,0,0,0.0,0.0,0.0
21,89,0,0,0.0,0.0,0.0
21,90,0,0,0.0,0.0,0.0
21,91,1,0,1.25,0.0,-1.25
21,92,0,0,0.0,0.0,0.0
21,93,1,0,1.25,0.0,-1.25
21,94,0,1,0.0,1.25,1.25
21,95,2,1,2.5,1.25,-1.25
21,96,1,1,1.25,1.25,0.0
21,97,1,0,1.25,0.0,-1.25
21,98,1,1,1.25,1.25,0.0
21,99,4,0,5.0,0.0,-5.0
21,100,1,1,1.25,1.25,0.0
21,101,0,0,0.0,0.0,0.0
21,102,0,0,0.0,0.0,0.0
21,103,0,0,0.0,0.0,0.0
21,104,1,1,1.25,1.25,0.0
21,105,1,1,1.25,1.25,0.0
21,106,1,1,1.25,1.25,0.0
21,107,1,2,1.25,2.5,1.25
21,108,1,0,1.25,0.0,-1.25
21,109,2,0,2.5,0.0,-2.5
21,110,0,1,0.0,1.25,1.25
21,111,1,0,1.25,0.0,-1.25
21,112,0,0,0.0,0.0,0.0
21,113,0,0,0.0,0.0,0.0
21,114,0,0,0.0,0.0,0.0
21,115,1,0,1.25,0.0,-1.25
21,116,0,0,0.0,0.0,0.0
21,117,1,0,1.25,0.0,-1.25
21,118,0,1,0.0,1.25,1.25
21,119,2,0,2.5,0.0,-2.5
21,120,0,0,0.0,0.0,0.0
21,121,1,0,1.25,0.0,-1.25
21,122,1,0,1.25,0.0,-1.25
21,123,1,1,1.25,1.25,0.0
21,124,0,0,0.0,0.0,0.0
21,125,1,2,1.25,2.5,1.25
21,126,0,0,0.0,0.0,0.0
21,127,1,0,1.25,0.0,-1.25
21,128,0,0,0.0,0.0,0.0
21,129,2,2,2.5,2.5,0.0
21,130,0,0,0.0,0.0,0.0
21,131,0,0,0.0,0.0,0.0
21,132,0,0,0.0,0.0,0.0
21,133,2,1,2.5,1.25,-1.25
21,134,1,0,1.25,0.0,-1.25
22,0,0,0,0.0,0.0,0.0
22,1,0,0,0.0,0.0,0.0
22,2,0,0,0.0,0.0,0.0
22,3,0,0,0.0,0.0,0.0
22,4,0,0,0.0,0.0,0.0
22,5,0,2,0.0,2.5,2.5
22,6,0,0,0.0,0.0,0.0
22,7,0,0,0.0,0.0,0.0
22,8,1,0,1.25,0.0,-1.25
22,9,0,0,0.0,0.0,0.0
22,10,1,0,1.25,0.0,-1.25
22,11,1,0,1.25,0.0,-1.25
22,12,0,0,0.0,0.0,0.0
22,13,0,0,0.0,0.0,0.0
22,14,0,0,0.0,0.0,0.0
22,15,1,1,1.25,1.25,0.0
22,16,0,0,0.0,0.0,0.0
22,17,1,0,1.25,0.0,-1.25
22,18,1,0,1.25,0.0,-1.25
22,19,1,0,1.25,0.0,-1.25
22,20,1,1,1.25,1.25,0.0
22,21,0,0,0.0,0.0,0.0
22,22,0,0,0.0,0.0,0.0
22,23,0,0,0.0,0.0,0.0
22,24,0,0,0.0,0.0,0.0
22,25,0,0,0.0,0.0,0.0
22,26,2,0,2.5,0.0,-2.5
22,27,0,0,0.0,0.0,0.0
22,28,0,0,0.0,0.0,0.0
22,29,1,2,1.25,2.5,1.25
22,30,0,1,0.0,1.25,1.25
22,31,0,2,0.0,2.5,2.5
22,32,1,0,1.25,0.0,-1.25
22,33,1,0,1.25,0.0,-1.25
22,34,1,0,1.25,0.0,-1.25
22,35,0,0,0.0,0.0,0.0
22,36,0,0,0.0,0.0,0.0
22,37,0,0,0.0,0.0,0.0
22,38,0,0,0.0,0.0,0.0
22,39,2,1,2.5,1.25,-1.25
22,40,1,1,1.25,1.25,0.0
22,41,0,0,0.0,0.0,0.0
22,42,1,0,1.25,0.0,-1.25
22,43,0,0,0.0,0.0,0.0
22,44,0,0,0.0,0.0,0.0
22,45,0,0,0.0,0.0,0.0
22,46,2,1,2.5,1.25,-1.25
22,47,1,2,1.25,2.5,1.25
22,48,0,1,0.0,1.25,1.25
22,49,0,0,0.0,0.0,0.0
22,50,0,0,0.0,0.0,0.0
22,51,1,0,1.25,0.0,-1.25
22,52,0,1,0.0,1.25,1.25
22,53,0,0,0.0,0.0,0.0
22,54,0,1,0.0,1.25,1.25
22,55,0,0,0.0,0.0,0.0
22,56,0,0,0.0,0.0,0.0
22,57,0,0,0.0,0.0,0.0
22,58,0,2,0.0,2.5,2.5
22,59,0,0,0.0,0.0,0.0
22,60,0,0,0.0,0.0,0.0
22,61,0,0,0.0,0.0,0.0
22,62,2,0,2.5,0.0,-2.5
22,63,0,3,0.0,3.75,3.75
22,64,1,0,1.25,0.0,-1.25
22,65,1,0,1.25,0.0,-1.25
22,66,0,1,0.0,1.25,1.25
22,67,0,0,0.0,0.0,0.0
22,68,0,0,0.0,0.0,0.0
22,69,0,1,0.0,1.25,1.25
22,70,1,0,1.25,0.0,-1.25
22,71,0,0,0.0,0.0,0.0
22,72,2,1,2.5,1.25,-1.25
22,73,0,0,0.0,0.0,0.0
22,74,2,0,2.5,0.0,-2.5
22,75,0,1,0.0,1.25,1.25
22,76,2,0,2.5,0.0,-2.5
22,77,0,0,0.0,0.0,0.0
22,78,0,1,0.0,1.25,1.25
22,79,1,0,1.25,0.0,-1.25
22,80,0,0,0.0,0.0,0.0
22,81,0,2,0.0,2.5,2.5
22,82,0,0,0.0,0.0,0.0
22,83,1,1,1.25,1.25,0.0
22,84,0,0,0.0,0.0,0.0
22,85,0,0,0.0,0.0,0.0
22,86,0,1,0.0,1.25,1.25
22,87,0,0,0.0,0.0,0.0
22,88,0,0,0.0,0.0,0.0
22,89,0,0,0.0,0.0,0.0
22,90,1,1,1.25,1.25,0.0
22,91,3,0,3.75,0.0,-3.75
22,92,0,0,0.0,0.0,0.0
22,93,0,1,0.0,1.25,1.25
22,94,0,0,0.0,0.0,0.0
22,95,1,0,1.25,0.0,-1.25
22,96,0,0,0.0,0.0,0.0
22,97,0,0,0.0,0.0,0.0
22,98,0,2,0.0,2.5,2.5
22,99,0,0,0.0,0.0,0.0
22,100,0,0,0.0,0.0,0.0
22,101,1,0,1.25,0.0,-1.25
22,102,0,1,0.0,1.25,1.25
22,103,0,2,0.0,2.5,2.5
22,104,9,1,11.25,1.25,-10.0
22,105,0,0,0.0,0.0,0.0
22,106,0,0,0.0,0.0,0.0
22,107,0,1,0.0,1.25,1.25
22,108,1,1,1.25,1.25,0.0
22,109,0,0,0.0,0.0,0.0
22,110,0,0,0.0,0.0,0.0
22,111,0,0,0.0,0.0,0.0
22,112,0,0,0.0,0.0,0.0
22,113,0,1,0.0,1.25,1.25
22,114,0,0,0.0,0.0,0.0
22,115,1,0,1.25,0.0,-1.25
22,116,3,0,3.75,0.0,-3.75
22,117,2,0,2.5,0.0,-2.5
22,118,0,0,0.0,0.0,0.0
22,119,1,1,1.25,1.25,0.0
22,120,3,0,3.75,0.0,-3.75
22,121,0,1,0.0,1.25,1.25
22,122,2,1,2.5,1.25,-1.25
22,123,1,0,1.25,0.0,-1.25
22,124,0,0,0.0,0.0,0.0
22,125,0,2,0.0,2.5,2.5
22,126,1,0,1.25,0.0,-1.25
22,127,1,0,1.25,0.0,-1.25
22,128,0,0,0.0,0.0,0.0
22,129,1,1,1.25,1.25,0.0
22,130,0,0,0.0,0.0,0.0
22,131,0,0,0.0,0.0,0.0
22,132,1,1,1.25,1.25,0.0
22,133,0,0,0.0,0.0,0.0
22,134,0,0,0.0,0.0,0.0
23,0,0,0,0.0,0.0,0.0
23,1,0,0,0.0,0.0,0.0
23,2,0,0,0.0,0.0,0.0
23,3,2,0,2.5,0.0,-2.5
23,4,0,0,0.0,0.0,0.0
23,5,0,0,0.0,0.0,0.0
23,6,1,2,1.25,2.5,1.25
23,7,0,0,0.0,0.0,0.0
23,8,1,0,1.25,0.0,-1.25
23,9,2,0,2.5,0.0,-2.5
23,10,0,0,0.0,0.0,0.0
23,11,0,0,0.0,0.0,0.0
23,12,0,0,0.0,0.0,0.0
23,13,0,0,0.0,0.0,0.0
23,14,0,0,0.0,0.0,0.0
23,15,1,0,1.25,0.0,-1.25
23,16,1,0,1.25,0.0,-1.25
23,17,0,1,0.0,1.25,1.25
23,18,0,0,0.0,0.0,0.0
23,19,0,0,0.0,0.0,0.0
23,20,0,0,0.0,0.0,0.0
23,21,0,0,0.0,0.0,0.0
23,22,0,0,0.0,0.0,0.0
23,23,2,0,2.5,0.0,-2.5
23,24,1,1,1.25,1.25,0.0
23,25,0,2,0.0,2.5,2.5
23,26,1,3,1.25,3.75,2.5
23,27,0,2,0.0,2.5,2.5
23,28,3,1,3.75,1.25,-2.5
23,29,0,0,0.0,0.0,0.0
23,30,0,0,0.0,0.0,0.0
23,31,0,2,0.0,2.5,2.5
23,32,0,0,0.0,0.0,0.0
23,33,0,2,0.0,2.5,2.5
23,34,1,2,1.25,2.5,1.25
23,35,1,1,1.25,1.25,0.0
23,36,1,0,1.25,0.0,-1.25
23,37,0,2,0.0,2.5,2.5
23,38,1,2,1.25,2.5,1.25
23,39,4,0,5.0,0.0,-5.0
23,40,0,0,0.0,0.0,0.0
23,41,2,0,2.5,0.0,-2.5
23,42,1,1,1.25,1.25,0.0
23,43,1,0,1.25,0.0,-1.25
23,44,0,1,0.0,1.25,1.25
23,45,0,0,0.0,0.0,0.0
23,46,0,0,0.0,0.0,0.0
23,47,2,0,2.5,0.0,-2.5
23,48,0,1,0.0,1.25,1.25
23,49,0,1,0.0,1.25,1.25
23,50,0,0,0.0,0.0,0.0
23,51,0,0,0.0,0.0,0.0
23,52,0,0,0.0,0.0,0.0
23,53,1,1,1.25,1.25,0.0
23,54,0,0,0.0,0.0,0.0
23,55,0,0,0.0,0.0,0.0
23,56,0,1,0.0,1.25,1.25
23,57,1,0,1.25,0.0,-1.25
23,58,1,1,1.25,1.25,0.0
23,59,0,0,0.0,0.0,0.0
23,60,0,1,0.0,1.25,1.25
23,61,2,1,2.5,1.25,-1.25
23,62,0,0,0.0,0.0,0.0
23,63,0,0,0.0,0.0,0.0
23,64,0,0,0.0,0.0,0.0
23,65,2,0,2.5,0.0,-2.5
23,66,1,1,1.25,1.25,0.0
23,67,0,1,0.0,1.25,1.25
23,68,0,0,0.0,0.0,0.0
23,69,0,2,0.0,2.5,2.5
23,70,0,0,0.0,0.0,0.0
23,71,0,0,0.0,0.0,0.0
23,72,0,0,0.0,0.0,0.0
23,73,0,1,0.0,1.25,1.25
23,74,0,0,0.0,0.0,0.0
23,75,1,1,1.25,1.25,0.0
23,76,0,0,0.0,0.0,0.0
23,77,0,0,0.0,0.0,0.0
23,78,1,1,1.25,1.25,0.0
23,79,0,0,0.0,0.0,0.0
23,80,0,0,0.0,0.0,0.0
23,81,0,0,0.0,0.0,0.0
23,82,0,0,0.0,0.0,0.0
23,83,0,0,0.0,0.0,0.0
23,84,0,1,0.0,1.25,1.25
23,85,0,0,0.0,0.0,0.0
23,86,0,1,0.0,1.25,1.25
23,87,3,0,3.75,0.0,-3.75
23,88,0,0,0.0,0.0,0.0
23,89,0,3,0.0,3.75,3.75
23,90,0,0,0.0,0.0,0.0
23,91,0,0,0.0,0.0,0.0
23,92,0,0,0.0,0.0,0.0
23,93,0,1,0.0,1.25,1.25
23,94,3,1,3.75,1.25,-2.5
23,95,1,1,1.25,1.25,0.0
23,96,1,0,1.25,0.0,-1.25
23,97,0,0,0.0,0.0,0.0
23,98,0,1,0.0,1.25,1.25
23,99,1,2,1.25,2.5,1.25
23,100,0,2,0.0,2.5,2.5
23,101,0,0,0.0,0.0,0.0
23,102,2,0,2.5,0.0,-2.5
23,103,1,1,1.25,1.25,0.0
23,104,3,3,3.75,3.75,0.0
23,105,1,0,1.25,0.0,-1.25
23,106,1,0,1.25,0.0,-1.25
23,107,0,0,0.0,0.0,0.0
23,108,0,1,0.0,1.25,1.25
23,109,1,2,1.25,2.5,1.25
23,110,1,1,1.25,1.25,0.0
23,111,2,0,2.5,0.0,-2.5
23,112,0,0,0.0,0.0,0.0
23,113,1,1,1.25,1.25,0.0
23,114,0,3,0.0,3.75,3.75
23,115,0,0,0.0,0.0,0.0
23,116,0,1,0.0,1.25,1.25
23,117,1,1,1.25,1.25,0.0
23,118,0,2,0.0,2.5,2.5
23,119,1,0,1.25,0.0,-1.25
23,120,0,0,0.0,0.0,0.0
23,121,2,0,2.5,0.0,-2.5
23,122,0,0,0.0,0.0,0.0
23,123,0,0,0.0,0.0,0.0
23,124,1,0,1.25,0.0,-1.25
23,125,0,0,0.0,0.0,0.0
23,126,1,0,1.25,0.0,-1.25
23,127,0,1,0.0,1.25,1.25
23,128,0,0,0.0,0.0,0.0
23,129,0,0,0.0,0.0,0.0
23,130,0,0,0.0,0.0,0.0
23,131,0,0,0.0,0.0,0.0
23,132,0,1,0.0,1.25,1.25
23,133,1,2,1.25,2.5,1.25
23,134,0,1,0.0,1.25,1.25
24,0,0,0,0.0,0.0,0.0
24,1,0,0,0.0,0.0,0.0
24,2,0,0,0.0,0.0,0.0
24,3,1,0,1.25,0.0,-1.25
24,4,0,0,0.0,0.0,0.0
24,5,0,0,0.0,0.0,0.0
24,6,0,0,0.0,0.0,0.0
24,7,0,0,0.0,0.0,0.0
24,8,0,0,0.0,0.0,0.0
24,9,0,0,0.0,0.0,0.0
24,10,0,0,0.0,0.0,0.0
24,11,0,0,0.0,0.0,0.0
24,12,0,0,0.0,0.0,0.0
24,13,0,0,0.0,0.0,0.0
24,14,0,0,0.0,0.0,0.0
24,15,0,0,0.0,0.0,0.0
24,16,1,0,1.25,0.0,-1.25
24,17,1,2,1.25,2.5,1.25
24,18,0,0,0.0,0.0,0.0
24,19,0,0,0.0,0.0,0.0
24,20,0,0,0.0,0.0,0.0
24,21,0,0,0.0,0.0,0.0
24,22,0,0,0.0,0.0,0.0
24,23,1,0,1.25,0.0,-1.25
24,24,0,0,0.0,0.0,0.0
24,25,0,0,0.0,0.0,0.0
24,26,0,1,0.0,1.25,1.25
24,27,0,2,0.0,2.5,2.5
24,28,2,0,2.5,0.0,-2.5
24,29,0,0,0.0,0.0,0.0
24,30,0,0,0.0,0.0,0.0
24,31,0,1,0.0,1.25,1.25
24,32,0,0,0.0,0.0,0.0
24,33,0,0,0.0,0.0,0.0
24,34,0,1,0.0,1.25,1.25
24,35,1,0,1.25,0.0,-1.25
24,36,0,0,0.0,0.0,0.0
24,37,0,0,0.0,0.0,0.0
24,38,0,0,0.0,0.0,0.0
24,39,0,0,0.0,0.0,0.0
24,40,0,0,0.0,0.0,0.0
24,41,5,0,6.25,0.0,-6.25
24,42,0,0,0.0,0.0,0.0
24,43,2,0,2.5,0.0,-2.5
24,44,0,0,0.0,0.0,0.0
24,45,0,0,0.0,0.0,0.0
24,46,0,0,0.0,0.0,0.0
24,47,1,0,1.25,0.0,-1.25
24,48,0,0,0.0,0.0,0.0
24,49,0,2,0.0,2.5,2.5
24,50,0,0,0.0,0.0,0.0
24,51,0,0,0.0,0.0,0.0
24,52,0,0,0.0,0.0,0.0
24,53,0,0,0.0,0.0,0.0
24,54,0,0,0.0,0.0,0.0
24,55,0,0,0.0,0.0,0.0
24,56,0,0,0.0,0.0,0.0
24,57,2,0,2.5,0.0,-2.5
24,58,0,0,0.0,0.0,0.0
24,59,0,0,0.0,0.0,0.0
24,60,2,2,2.5,2.5,0.0
24,61,3,0,3.75,0.0,-3.75
24,62,0,0,0.0,0.0,0.0
24,63,0,0,0.0,0.0,0.0
24,64,0,0,0.0,0.0,0.0
24,65,0,0,0.0,0.0,0.0
24,66,0,2,0.0,2.5,2.5
24,67,2,0,2.5,0.0,-2.5
24,68,0,0,0.0,0.0,0.0
24,69,0,0,0.0,0.0,0.0
24,70,3,0,3.75,0.0,-3.75
24,71,0,0,0.0,0.0,0.0
24,72,0,0,0.0,0.0,0.0
24,73,0,2,0.0,2.5,2.5
24,74,0,0,0.0,0.0,0.0
24,75,0,1,0.0,1.25,1.25
24,76,0,0,0.0,0.0,0.0
24,77,0,0,0.0,0.0,0.0
24,78,0,0,0.0,0.0,0.0
24,79,0,0,0.0,0.0,0.0
24,80,0,0,0.0,0.0,0.0
24,81,0,0,0.0,0.0,0.0
24,82,0,0,0.0,0.0,0.0
24,83,0,0,0.0,0.0,0.0
24,84,0,0,0.0,0.0,0.0
24,85,0,0,0.0,0.0,0.0
24,86,0,0,0.0,0.0,0.0
24,87,1,0,1.25,0.0,-1.25
24,88,0,0,0.0,0.0,0.0
24,89,0,2,0.0,2.5,2.5
24,90,0,0,0.0,0.0,0.0
24,91,0,0,0.0,0.0,0.0
24,92,0,0,0.0,0.0,0.0
24,93,0,1,0.0,1.25,1.25
24,94,0,0,0.0,0.0,0.0
24,95,1,1,1.25,1.25,0.0
24,96,0,0,0.0,0.0,0.0
24,97,0,0,0.0,0.0,0.0
24,98,0,0,0.0,0.0,0.0
24,99,0,1,0.0,1.25,1.25
24,100,0,0,0.0,0.0,0.0
24,101,0,0,0.0,0.0,0.0
24,102,1,0,1.25,0.0,-1.25
24,103,0,0,0.0,0.0,0.0
24,104,2,2,2.5,2.5,0.0
24,105,0,0,0.0,0.0,0.0
24,106,0,0,0.0,0.0,0.0
24,107,0,0,0.0,0.0,0.0
24,108,0,0,0.0,0.0,0.0
24,109,1,3,1.25,3.75,2.5
24,110,0,0,0.0,0.0,0.0
24,111,1,0,1.25,0.0,-1.25
24,112,0,0,0.0,0.0,0.0
24,113,0,1,0.0,1.25,1.25
24,114,0,1,0.0,1.25,1.25
24,115,0,0,0.0,0.0,0.0
24,116,0,0,0.0,0.0,0.0
24,117,0,0,0.0,0.0,0.0
24,118,0,0,0.0,0.0,0.0
24,119,0,0,0.0,0.0,0.0
24,120,0,0,0.0,0.0,0.0
24,121,1,0,1.25,0.0,-1.25
24,122,0,0,0.0,0.0,0.0
24,123,0,0,0.0,0.0,0.0
24,124,0,0,0.0,0.0,0.0
24,125,0,0,0.0,0.0,0.0
24,126,0,0,0.0,0.0,0.0
24,127,0,1,0.0,1.25,1.25
24,128,0,0,0.0,0.0,0.0
24,129,0,0,0.0,0.0,0.0
24,130,0,0,0.0,0.0,0.0
24,131,2,0,2.5,0.0,-2.5
24,132,0,0,0.0,0.0,0.0
24,133,1,2,1.25,2.5,1.25
24,134,0,1,0.0,1.25,1.25
25,0,0,0,0.0,0.0,0.0
25,1,0,0,0.0,0.0,0.0
25,2,0,0,0.0,0.0,0.0
25,3,0,0,0.0,0.0,0.0
25,4,0,0,0.0,0.0,0.0
25,5,0,0,0.0,0.0,0.0
25,6,0,0,0.0,0.0,0.0
25,7,0,0,0.0,0.0,0.0
25,8,0,0,0.0,0.0,0.0
25,9,0,0,0.0,0.0,0.0
25,10,0,0,0.0,0.0,0.0
25,11,0,0,0.0,0.0,0.0
25,12,0,0,0.0,0.0,0.0
25,13,0,2,0.0,2.5,2.5
25,14,0,0,0.0,0.0,0.0
25,15,0,0,0.0,0.0,0.0
25,16,1,0,1.25,0.0,-1.25
25,17,1,0,1.25,0.0,-1.25
25,18,1,0,1.25,0.0,-1.25
25,19,0,1,0.0,1.25,1.25
25,20,0,0,0.0,0.0,0.0
25,21,0,0,0.0,0.0,0.0
25,22,0,0,0.0,0.0,0.0
25,23,0,0,0.0,0.0,0.0
25,24,0,2,0.0,2.5,2.5
25,25,0,0,0.0,0.0,0.0
25,26,0,0,0.0,0.0,0.0
25,27,0,0,0.0,0.0,0.0
25,28,0,0,0.0,0.0,0.0
25,29,2,0,2.5,0.0,-2.5
25,30,0,0,0.0,0.0,0.0
25,31,0,1,0.0,1.25,1.25
25,32,0,0,0.0,0.0,0.0
25,33,1,0,1.25,0.0,-1.25
25,34,1,0,1.25,0.0,-1.25
25,35,0,0,0.0,0.0,0.0
25,36,0,1,0.0,1.25,1.25
25,37,0,0,0.0,0.0,0.0
25,38,0,0,0.0,0.0,0.0
25,39,0,0,0.0,0.0,0.0
25,40,0,1,0.0,1.25,1.25
25,41,2,0,2.5,0.0,-2.5
25,42,0,0,0.0,0.0,0.0
25,43,0,0,0.0,0.0,0.0
25,44,0,0,0.0,0.0,0.0
25,45,0,0,0.0,0.0,0.0
25,46,0,0,0.0,0.0,0.0
25,47,0,1,0.0,1.25,1.25
25,48,0,0,0.0,0.0,0.0
25,49,0,0,0.0,0.0,0.0
25,50,0,0,0.0,0.0,0.0
25,51,0,0,0.0,0.0,0.0
25,52,0,1,0.0,1.25,1.25
25,53,2,0,2.5,0.0,-2.5
25,54,0,1,0.0,1.25,1.25
25,55,0,0,0.0,0.0,0.0
25,56,2,0,2.5,0.0,-2.5
25,57,0,0,0.0,0.0,0.0
25,58,0,0,0.0,0.0,0.0
25,59,0,0,0.0,0.0,0.0
25,60,0,0,0.0,0.0,0.0
25,61,1,0,1.25,0.0,-1.25
25,62,0,0,0.0,0.0,0.0
25,63,0,0,0.0,0.0,0.0
25,64,0,0,0.0,0.0,0.0
25,65,1,0,1.25,0.0,-1.25
25,66,0,1,0.0,1.25,1.25
25,67,0,0,0.0,0.0,0.0
25,68,0,0,0.0,0.0,0.0
25,69,0,1,0.0,1.25,1.25
25,70,0,0,0.0,0.0,0.0
25,71,0,0,0.0,0.0,0.0
25,72,0,0,0.0,0.0,0.0
25,73,2,1,2.5,1.25,-1.25
25,74,0,0,0.0,0.0,0.0
25,75,1,1,1.25,1.25,0.0
25,76,0,0,0.0,0.0,0.0
25,77,0,0,0.0,0.0,0.0
25,78,0,2,0.0,2.5,2.5
25,79,0,0,0.0,0.0,0.0
25,80,0,0,0.0,0.0,0.0
25,81,1,0,1.25,0.0,-1.25
25,82,0,0,0.0,0.0,0.0
25,83,1,0,1.25,0.0,-1.25
25,84,1,0,1.25,0.0,-1.25
25,85,1,0,1.25,0.0,-1.25
25,86,0,1,0.0,1.25,1.25
25,87,0,0,0.0,0.0,0.0
25,88,0,3,0.0,3.75,3.75
25,89,0,0,0.0,0.0,0.0
25,90,0,0,0.0,0.0,0.0
25,91,2,0,2.5,0.0,-2.5
25,92,0,0,0.0,0.0,0.0
25,93,0,0,0.0,0.0,0.0
25,94,0,0,0.0,0.0,0.0
25,95,1,0,1.25,0.0,-1.25
25,96,1,1,1.25,1.25,0.0
25,97,0,0,0.0,0.0,0.0
25,98,0,1,0.0,1.25,1.25
25,99,0,0,0.0,0.0,0.0
25,100,0,0,0.0,0.0,0.0
25,101,0,0,0.0,0.0,0.0
25,102,0,1,0.0,1.25,1.25
25,103,0,1,0.0,1.25,1.25
25,104,2,2,2.5,2.5,0.0
25,105,0,0,0.0,0.0,0.0
25,106,0,0,0.0,0.0,0.0
25,107,2,0,2.5,0.0,-2.5
25,108,1,1,1.25,1.25,0.0
25,109,2,3,2.5,3.75,1.25
25,110,0,0,0.0,0.0,0.0
25,111,0,0,0.0,0.0,0.0
25,112,0,1,0.0,1.25,1.25
25,113,0,0,0.0,0.0,0.0
25,114,0,0,0.0,0.0,0.0
25,115,0,1,0.0,1.25,1.25
25,116,0,0,0.0,0.0,0.0
25,117,0,0,0.0,0.0,0.0
25,118,0,1,0.0,1.25,1.25
25,119,0,0,0.0,0.0,0.0
25,120,1,0,1.25,0.0,-1.25
25,121,0,1,0.0,1.25,1.25
25,122,1,2,1.25,2.5,1.25
25,123,0,0,0.0,0.0,0.0
25,124,0,0,0.0,0.0,0.0
25,125,0,1,0.0,1.25,1.25
25,126,0,0,0.0,0.0,0.0
25,127,1,0,1.25,0.0,-1.25
25,128,0,2,0.0,2.5,2.5
25,129,0,0,0.0,0.0,0.0
25,130,0,0,0.0,0.0,0.0
25,131,0,1,0.0,1.25,1.25
25,132,0,0,0.0,0.0,0.0
25,133,0,0,0.0,0.0,0.0
25,134,0,0,0.0,0.0,0.0
26,0,0,0,0.0,0.0,0.0
26,1,0,3,0.0,3.75,3.75
26,2,1,2,1.25,2.5,1.25
26,3,0,0,0.0,0.0,0.0
26,4,1,0,1.25,0.0,-1.25
26,5,0,1,0.0,1.25,1.25
26,6,2,1,2.5,1.25,-1.25
26,7,0,0,0.0,0.0,0.0
26,8,2,0,2.5,0.0,-2.5
26,9,1,1,1.25,1.25,0.0
26,10,0,2,0.0,2.5,2.5
26,11,0,0,0.0,0.0,0.0
26,12,1,0,1.25,0.0,-1.25
26,13,0,0,0.0,0.0,0.0
26,14,2,0,2.5,0.0,-2.5
26,15,3,0,3.75,0.0,-3.75
26,16,1,0,1.25,0.0,-1.25
26,17,1,0,1.25,0.0,-1.25
26,18,0,0,0.0,0.0,0.0
26,19,0,4,0.0,5.0,5.0
26,20,1,0,1.25,0.0,-1.25
26,21,2,0,2.5,0.0,-2.5
26,22,2,0,2.5,0.0,-2.5
26,23,0,1,0.0,1.25,1.25
26,24,0,3,0.0,3.75,3.75
26,25,1,0,1.25,0.0,-1.25
26,26,1,0,1.25,0.0,-1.25
26,27,1,0,1.25,0.0,-1.25
26,28,1,0,1.25,0.0,-1.25
26,29,0,2,0.0,2.5,2.5
26,30,1,2,1.25,2.5,1.25
26,31,1,0,1.25,0.0,-1.25
26,32,4,0,5.0,0.0,-5.0
26,33,0,0,0.0,0.0,0.0
26,34,1,1,1.25,1.25,0.0
26,35,1,4,1.25,5.0,3.75
26,36,1,1,1.25,1.25,0.0
26,37,0,1,0.0,1.25,1.25
26,38,1,2,1.25,2.5,1.25
26,39,0,0,0.0,0.0,0.0
26,40,0,1,0.0,1.25,1.25
26,41,0,0,0.0,0.0,0.0
26,42,0,0,0.0,0.0,0.0
26,43,0,0,0.0,0.0,0.0
26,44,0,0,0.0,0.0,0.0
26,45,1,0,1.25,0.0,-1.25
26,46,2,1,2.5,1.25,-1.25
26,47,0,2,0.0,2.5,2.5
26,48,0,1,0.0,1.25,1.25
26,49,1,1,1.25,1.25,0.0
26,50,0,1,0.0,1.25,1.25
26,51,0,0,0.0,0.0,0.0
26,52,0,1,0.0,1.25,1.25
26,53,2,0,2.5,0.0,-2.5
26,54,1,1,1.25,1.25,0.0
26,55,0,1,0.0,1.25,1.25
26,56,1,0,1.25,0.0,-1.25
26,57,0,3,0.0,3.75,3.75
26,58,0,1,0.0,1.25,1.25
26,59,0,3,0.0,3.75,3.75
26,60,1,2,1.25,2.5,1.25
26,61,1,3,1.25,3.75,2.5
26,62,0,0,0.0,0.0,0.0
26,63,0,3,0.0,3.75,3.75
26,64,1,0,1.25,0.0,-1.25
26,65,0,0,0.0,0.0,0.0
26,66,0,3,0.0,3.75,3.75
26,67,0,0,0.0,0.0,0.0
26,68,1,0,1.25,0.0,-1.25
26,69,3,6,3.75,7.5,3.75
26,70,0,1,0.0,1.25,1.25
26,71,0,0,0.0,0.0,0.0
26,72,0,1,0.0,1.25,1.25
26,73,1,2,1.25,2.5,1.25
26,74,1,0,1.25,0.0,-1.25
26,75,1,1,1.25,1.25,0.0
26,76,0,1,0.0,1.25,1.25
26,77,0,0,0.0,0.0,0.0
26,78,1,0,1.25,0.0,-1.25
26,79,0,0,0.0,0.0,0.0
26,80,1,0,1.25,0.0,-1.25
26,81,1,4,1.25,5.0,3.75
26,82,0,1,0.0,1.25,1.25
26,83,2,0,2.5,0.0,-2.5
26,84,0,1,0.0,1.25,1.25
26,85,0,1,0.0,1.25,1.25
26,86,1,1,1.25,1.25,0.0
26,87,3,0,3.75,0.0,-3.75
26,88,0,0,0.0,0.0,0.0
26,89,0,0,0.0,0.0,0.0
26,90,1,0,1.25,0.0,-1.25
26,91,0,0,0.0,0.0,0.0
26,92,0,0,0.0,0.0,0.0
26,93,0,0,0.0,0.0,0.0
26,94,0,0,0.0,0.0,0.0
26,95,1,0,1.25,0.0,-1.25
26,96,1,0,1.25,0.0,-1.25
26,97,0,0,0.0,0.0,0.0
26,98,1,0,1.25,0.0,-1.25
26,99,0,1,0.0,1.25,1.25
26,100,0,3,0.0,3.75,3.75
26,101,0,0,0.0,0.0,0.0
26,102,0,0,0.0,0.0,0.0
26,103,2,0,2.5,0.0,-2.5
26,104,1,0,1.25,0.0,-1.25
26,105,0,0,0.0,0.0,0.0
26,106,3,0,3.75,0.0,-3.75
26,107,1,1,1.25,1.25,0.0
26,108,0,1,0.0,1.25,1.25
26,109,1,2,1.25,2.5,1.25
26,110,0,0,0.0,0.0,0.0
26,111,0,0,0.0,0.0,0.0
26,112,0,1,0.0,1.25,1.25
26,113,0,0,0.0,0.0,0.0
26,114,0,0,0.0,0.0,0.0
26,115,0,0,0.0,0.0,0.0
26,116,0,0,0.0,0.0,0.0
26,117,0,0,0.0,0.0,0.0
26,118,0,2,0.0,2.5,2.5
26,119,0,1,0.0,1.25,1.25
26,120,0,0,0.0,0.0,0.0
26,121,0,1,0.0,1.25,1.25
26,122,0,0,0.0,0.0,0.0
26,123,0,0,0.0,0.0,0.0
26,124,0,1,0.0,1.25,1.25
26,125,0,0,0.0,0.0,0.0
26,126,0,0,0.0,0.0,0.0
26,127,2,1,2.5,1.25,-1.25
26,128,0,0,0.0,0.0,0.0
26,129,0,1,0.0,1.25,1.25
26,130,1,0,1.25,0.0,-1.25
26,131,0,0,0.0,0.0,0.0
26,132,0,0,0.0,0.0,0.0
26,133,1,0,1.25,0.0,-1.25
26,134,0,0,0.0,0.0,0.0
27,0,3,0,3.75,0.0,-3.75
27,1,3,3,3.75,3.75,0.0
27,2,4,3,5.0,3.75,-1.25
27,3,2,0,2.5,0.0,-2.5
27,4,1,0,1.25,0.0,-1.25
27,5,0,1,0.0,1.25,1.25
27,6,1,1,1.25,1.25,0.0
27,7,1,0,1.25,0.0,-1.25
27,8,1,0,1.25,0.0,-1.25
27,9,1,2,1.25,2.5,1.25
27,10,2,1,2.5,1.25,-1.25
27,11,1,2,1.25,2.5,1.25
27,12,2,0,2.5,0.0,-2.5
27,13,1,0,1.25,0.0,-1.25
27,14,1,0,1.25,0.0,-1.25
27,15,1,1,1.25,1.25,0.0
27,16,0,0,0.0,0.0,0.0
27,17,0,0,0.0,0.0,0.0
27,18,1,2,1.25,2.5,1.25
27,19,0,1,0.0,1.25,1.25
27,20,1,3,1.25,3.75,2.5
27,21,1,0,1.25,0.0,-1.25
27,22,12,2,15.0,2.5,-12.5
27,23,1,0,1.25,0.0,-1.25
27,24,0,0,0.0,0.0,0.0
27,25,3,0,3.75,0.0,-3.75
27,26,1,0,1.25,0.0,-1.25
27,27,0,0,0.0,0.0,0.0
27,28,0,2,0.0,2.5,2.5
27,29,1,1,1.25,1.25,0.0
27,30,0,0,0.0,0.0,0.0
27,31,0,3,0.0,3.75,3.75
27,32,0,0,0.0,0.0,0.0
27,33,1,0,1.25,0.0,-1.25
27,34,0,0,0.0,0.0,0.0
27,35,0,1,0.0,1.25,1.25
27,36,0,0,0.0,0.0,0.0
27,37,0,0,0.0,0.0,0.0
27,38,0,0,0.0,0.0,0.0
27,39,1,1,1.25,1.25,0.0
27,40,0,0,0.0,0.0,0.0
27,41,1,0,1.25,0.0,-1.25
27,42,0,1,0.0,1.25,1.25
27,43,0,0,0.0,0.0,0.0
27,44,0,0,0.0,0.0,0.0
27,45,0,1,0.0,1.25,1.25
27,46,0,0,0.0,0.0,0.0
27,47,0,0,0.0,0.0,0.0
27,48,1,0,1.25,0.0,-1.25
27,49,0,1,0.0,1.25,1.25
27,50,0,1,0.0,1.25,1.25
27,51,0,0,0.0,0.0,0.0
27,52,1,2,1.25,2.5,1.25
27,53,2,0,2.5,0.0,-2.5
27,54,0,2,0.0,2.5,2.5
27,55,0,0,0.0,0.0,0.0
27,56,0,0,0.0,0.0,0.0
27,57,0,0,0.0,0.0,0.0
27,58,1,2,1.25,2.5,1.25
27,59,0,1,0.0,1.25,1.25
27,60,0,0,0.0,0.0,0.0
27,61,0,0,0.0,0.0,0.0
27,62,2,0,2.5,0.0,-2.5
27,63,1,0,1.25,0.0,-1.25
27,64,3,0,3.75,0.0,-3.75
27,65,1,1,1.25,1.25,0.0
27,66,0,1,0.0,1.25,1.25
27,67,0,0,0.0,0.0,0.0
27,68,1,0,1.25,0.0,-1.25
27,69,0,1,0.0,1.25,1.25
27,70,2,1,2.5,1.25,-1.25
27,71,1,0,1.25,0.0,-1.25
27,72,0,1,0.0,1.25,1.25
27,73,1,2,1.25,2.5,1.25
27,74,1,1,1.25,1.25,0.0
27,75,1,1,1.25,1.25,0.0
27,76,1,2,1.25,2.5,1.25
27,77,2,0,2.5,0.0,-2.5
27,78,0,3,0.0,3.75,3.75
27,79,1,0,1.25,0.0,-1.25
27,80,3,0,3.75,0.0,-3.75
27,81,0,3,0.0,3.75,3.75
27,82,0,2,0.0,2.5,2.5
27,83,1,0,1.25,0.0,-1.25
27,84,0,0,0.0,0.0,0.0
27,85,0,0,0.0,0.0,0.0
27,86,0,1,0.0,1.25,1.25
27,87,2,0,2.5,0.0,-2.5
27,88,2,1,2.5,1.25,-1.25
27,89,0,0,0.0,0.0,0.0
27,90,1,1,1.25,1.25,0.0
27,91,1,1,1.25,1.25,0.0
27,92,1,0,1.25,0.0,-1.25
27,93,0,0,0.0,0.0,0.0
27,94,0,0,0.0,0.0,0.0
27,95,0,0,0.0,0.0,0.0
27,96,1,0,1.25,0.0,-1.25
27,97,1,0,1.25,0.0,-1.25
27,98,0,0,0.0,0.0,0.0
27,99,0,0,0.0,0.0,0.0
27,100,0,2,0.0,2.5,2.5
27,101,0,0,0.0,0.0,0.0
27,102,0,2,0.0,2.5,2.5
27,103,0,0,0.0,0.0,0.0
27,104,0,1,0.0,1.25,1.25
27,105,0,0,0.0,0.0,0.0
27,106,0,0,0.0,0.0,0.0
27,107,1,0,1.25,0.0,-1.25
27,108,1,1,1.25,1.25,0.0
27,109,0,1,0.0,1.25,1.25
27,110,2,2,2.5,2.5,0.0
27,111,0,0,0.0,0.0,0.0
27,112,1,0,1.25,0.0,-1.25
27,113,0,0,0.0,0.0,0.0
27,114,0,0,0.0,0.0,0.0
27,115,0,0,0.0,0.0,0.0
27,116,1,1,1.25,1.25,0.0
27,117,1,0,1.25,0.0,-1.25
27,118,2,0,2.5,0.0,-2.5
27,119,1,1,1.25,1.25,0.0
27,120,0,0,0.0,0.0,0.0
27,121,1,0,1.25,0.0,-1.25
27,122,0,3,0.0,3.75,3.75
27,123,1,0,1.25,0.0,-1.25
27,124,0,0,0.0,0.0,0.0
27,125,0,2,0.0,2.5,2.5
27,126,0,0,0.0,0.0,0.0
27,127,0,1,0.0,1.25,1.25
27,128,3,1,3.75,1.25,-2.5
27,129,1,1,1.25,1.25,0.0
27,130,0,0,0.0,0.0,0.0
27,131,0,0,0.0,0.0,0.0
27,132,1,1,1.25,1.25,0.0
27,133,0,0,0.0,0.0,0.0
27,134,1,0,1.25,0.0,-1.25
28,0,0,2,0.0,2.5,2.5
28,1,0,0,0.0,0.0,0.0
28,2,0,0,0.0,0.0,0.0
28,3,1,0,1.25,0.0,-1.25
28,4,1,0,1.25,0.0,-1.25
28,5,1,0,1.25,0.0,-1.25
28,6,0,1,0.0,1.25,1.25
28,7,0,0,0.0,0.0,0.0
28,8,1,1,1.25,1.25,0.0
28,9,0,1,0.0,1.25,1.25
28,10,2,0,2.5,0.0,-2.5
28,11,0,1,0.0,1.25,1.25
28,12,0,0,0.0,0.0,0.0
28,13,1,0,1.25,0.0,-1.25
28,14,2,3,2.5,3.75,1.25
28,15,1,1,1.25,1.25,0.0
28,16,2,1,2.5,1.25,-1.25
28,17,2,2,2.5,2.5,0.0
28,18,2,0,2.5,0.0,-2.5
28,19,2,0,2.5,0.0,-2.5
28,20,1,1,1.25,1.25,0.0
28,21,1,1,1.25,1.25,0.0
28,22,0,3,0.0,3.75,3.75
28,23,1,1,1.25,1.25,0.0
28,24,2,0,2.5,0.0,-2.5
28,25,1,1,1.25,1.25,0.0
28,26,2,1,2.5,1.25,-1.25
28,27,0,1,0.0,1.25,1.25
28,28,1,3,1.25,3.75,2.5
28,29,1,0,1.25,0.0,-1.25
28,30,2,0,2.5,0.0,-2.5
28,31,0,2,0.0,2.5,2.5
28,32,0,0,0.0,0.0,0.0
28,33,0,0,0.0,0.0,0.0
28,34,4,4,5.0,5.0,0.0
28,35,1,2,1.25,2.5,1.25
28,36,0,2,0.0,2.5,2.5
28,37,1,0,1.25,0.0,-1.25
28,38,2,1,2.5,1.25,-1.25
28,39,2,1,2.5,1.25,-1.25
28,40,1,0,1.25,0.0,-1.25
28,41,0,1,0.0,1.25,1.25
28,42,0,4,0.0,5.0,5.0
28,43,1,0,1.25,0.0,-1.25
28,44,6,0,7.5,0.0,-7.5
28,45,0,0,0.0,0.0,0.0
28,46,0,0,0.0,0.0,0.0
28,47,0,1,0.0,1.25,1.25
28,48,0,0,0.0,0.0,0.0
28,49,3,2,3.75,2.5,-1.25
28,50,2,1,2.5,1.25,-1.25
28,51,2,1,2.5,1.25,-1.25
28,52,1,0,1.25,0.0,-1.25
28,53,2,1,2.5,1.25,-1.25
28,54,0,1,0.0,1.25,1.25
28,55,1,2,1.25,2.5,1.25
28,56,1,0,1.25,0.0,-1.25
28,57,1,1,1.25,1.25,0.0
28,58,0,2,0.0,2.5,2.5
28,59,0,2,0.0,2.5,2.5
28,60,1,0,1.25,0.0,-1.25
28,61,2,0,2.5,0.0,-2.5
28,62,0,0,0.0,0.0,0.0
28,63,2,1,2.5,1.25,-1.25
28,64,1,0,1.25,0.0,-1.25
28,65,4,2,5.0,2.5,-2.5
28,66,0,0,0.0,0.0,0.0
28,67,1,1,1.25,1.25,0.0
28,68,1,2,1.25,2.5,1.25
28,69,0,2,0.0,2.5,2.5
28,70,1,3,1.25,3.75,2.5
28,71,1,0,1.25,0.0,-1.25
28,72,2,0,2.5,0.0,-2.5
28,73,1,1,1.25,1.25,0.0
28,74,2,0,2.5,0.0,-2.5
28,75,1,1,1.25,1.25,0.0
28,76,1,0,1.25,0.0,-1.25
28,77,1,0,1.25,0.0,-1.25
28,78,0,1,0.0,1.25,1.25
28,79,2,1,2.5,1.25,-1.25
28,80,1,0,1.25,0.0,-1.25
28,81,1,0,1.25,0.0,-1.25
28,82,0,1,0.0,1.25,1.25
28,83,0,0,0.0,0.0,0.0
28,84,3,1,3.75,1.25,-2.5
28,85,1,0,1.25,0.0,-1.25
28,86,0,0,0.0,0.0,0.0
28,87,3,1,3.75,1.25,-2.5
28,88,2,0,2.5,0.0,-2.5
28,89,1,0,1.25,0.0,-1.25
28,90,0,2,0.0,2.5,2.5
28,91,0,0,0.0,0.0,0.0
28,92,1,1,1.25,1.25,0.0
28,93,2,0,2.5,0.0,-2.5
28,94,0,0,0.0,0.0,0.0
28,95,0,1,0.0,1.25,1.25
28,96,1,0,1.25,0.0,-1.25
28,97,0,0,0.0,0.0,0.0
28,98,0,1,0.0,1.25,1.25
28,99,0,1,0.0,1.25,1.25
28,100,1,0,1.25,0.0,-1.25
28,101,0,0,0.0,0.0,0.0
28,102,2,2,2.5,2.5,0.0
28,103,0,0,0.0,0.0,0.0
28,104,2,6,2.5,7.5,5.0
28,105,3,1,3.75,1.25,-2.5
28,106,3,0,3.75,0.0,-3.75
28,107,3,1,3.75,1.25,-2.5
28,108,2,1,2.5,1.25,-1.25
28,109,0,6,0.0,7.5,7.5
28,110,0,0,0.0,0.0,0.0
28,111,9,4,11.25,5.0,-6.25
28,112,2,0,2.5,0.0,-2.5
28,113,1,0,1.25,0.0,-1.25
28,114,0,0,0.0,0.0,0.0
28,115,5,3,6.25,3.75,-2.5
28,116,2,0,2.5,0.0,-2.5
28,117,1,1,1.25,1.25,0.0
28,118,0,0,0.0,0.0,0.0
28,119,1,0,1.25,0.0,-1.25
28,120,1,1,1.25,1.25,0.0
28,121,3,1,3.75,1.25,-2.5
28,122,2,1,2.5,1.25,-1.25
28,123,1,0,1.25,0.0,-1.25
28,124,1,0,1.25,0.0,-1.25
28,125,0,0,0.0,0.0,0.0
28,126,3,2,3.75,2.5,-1.25
28,127,3,1,3.75,1.25,-2.5
28,128,0,0,0.0,0.0,0.0
28,129,0,2,0.0,2.5,2.5
28,130,1,2,1.25,2.5,1.25
28,131,0,1,0.0,1.25,1.25
28,132,0,0,0.0,0.0,0.0
28,133,0,0,0.0,0.0,0.0
28,134,0,0,0.0,0.0,0.0
29,0,2,3,2.5,3.75,1.25
29,1,1,3,1.25,3.75,2.5
29,2,3,1,3.75,1.25,-2.5
29,3,1,1,1.25,1.25,0.0
29,4,1,0,1.25,0.0,-1.25
29,5,1,0,1.25,0.0,-1.25
29,6,3,3,3.75,3.75,0.0
29,7,1,0,1.25,0.0,-1.25
29,8,1,1,1.25,1.25,0.0
29,9,0,2,0.0,2.5,2.5
29,10,3,0,3.75,0.0,-3.75
29,11,2,1,2.5,1.25,-1.25
29,12,2,1,2.5,1.25,-1.25
29,13,1,1,1.25,1.25,0.0
29,14,2,1,2.5,1.25,-1.25
29,15,2,1,2.5,1.25,-1.25
29,16,2,1,2.5,1.25,-1.25
29,17,0,1,0.0,1.25,1.25
29,18,2,1,2.5,1.25,-1.25
29,19,1,1,1.25,1.25,0.0
29,20,0,0,0.0,0.0,0.0
29,21,3,1,3.75,1.25,-2.5
29,22,0,2,0.0,2.5,2.5
29,23,1,1,1.25,1.25,0.0
29,24,1,1,1.25,1.25,0.0
29,25,1,0,1.25,0.0,-1.25
29,26,1,0,1.25,0.0,-1.25
29,27,3,1,3.75,1.25,-2.5
29,28,1,2,1.25,2.5,1.25
29,29,1,2,1.25,2.5,1.25
29,30,1,2,1.25,2.5,1.25
29,31,0,0,0.0,0.0,0.0
29,32,1,1,1.25,1.25,0.0
29,33,2,1,2.5,1.25,-1.25
29,34,0,2,0.0,2.5,2.5
29,35,0,1,0.0,1.25,1.25
29,36,1,4,1.25,5.0,3.75
29,37,1,0,1.25,0.0,-1.25
29,38,2,2,2.5,2.5,0.0
29,39,1,1,1.25,1.25,0.0
29,40,1,2,1.25,2.5,1.25
29,41,2,3,2.5,3.75,1.25
29,42,0,0,0.0,0.0,0.0
29,43,0,2,0.0,2.5,2.5
29,44,1,0,1.25,0.0,-1.25
29,45,1,1,1.25,1.25,0.0
29,46,0,1,0.0,1.25,1.25
29,47,2,3,2.5,3.75,1.25
29,48,1,0,1.25,0.0,-1.25
29,49,0,0,0.0,0.0,0.0
29,50,1,3,1.25,3.75,2.5
29,51,1,2,1.25,2.5,1.25
29,52,2,0,2.5,0.0,-2.5
29,53,1,2,1.25,2.5,1.25
29,54,1,2,1.25,2.5,1.25
29,55,1,0,1.25,0.0,-1.25
29,56,3,0,3.75,0.0,-3.75
29,57,0,0,0.0,0.0,0.0
29,58,1,0,1.25,0.0,-1.25
29,59,0,2,0.0,2.5,2.5
29,60,0,2,0.0,2.5,2.5
29,61,2,1,2.5,1.25,-1.25
29,62,2,0,2.5,0.0,-2.5
29,63,3,1,3.75,1.25,-2.5
29,64,0,1,0.0,1.25,1.25
29,65,0,4,0.0,5.0,5.0
29,66,3,1,3.75,1.25,-2.5
29,67,0,0,0.0,0.0,0.0
29,68,2,2,2.5,2.5,0.0
29,69,1,2,1.25,2.5,1.25
29,70,1,1,1.25,1.25,0.0
29,71,0,0,0.0,0.0,0.0
29,72,0,0,0.0,0.0,0.0
29,73,0,0,0.0,0.0,0.0
29,74,3,0,3.75,0.0,-3.75
29,75,0,1,0.0,1.25,1.25
29,76,0,1,0.0,1.25,1.25
29,77,1,0,1.25,0.0,-1.25
29,78,0,0,0.0,0.0,0.0
29,79,0,2,0.0,2.5,2.5
29,80,3,0,3.75,0.0,-3.75
29,81,1,1,1.25,1.25,0.0
29,82,1,2,1.25,2.5,1.25
29,83,1,0,1.25,0.0,-1.25
29,84,1,1,1.25,1.25,0.0
29,85,1,0,1.25,0.0,-1.25
29,86,0,0,0.0,0.0,0.0
29,87,2,1,2.5,1.25,-1.25
29,88,0,2,0.0,2.5,2.5
29,89,0,1,0.0,1.25,1.25
29,90,0,1,0.0,1.25,1.25
29,91,1,1,1.25,1.25,0.0
29,92,0,1,0.0,1.25,1.25
29,93,0,0,0.0,0.0,0.0
29,94,0,1,0.0,1.25,1.25
29,95,0,2,0.0,2.5,2.5
29,96,2,2,2.5,2.5,0.0
29,97,0,0,0.0,0.0,0.0
29,98,1,1,1.25,1.25,0.0
29,99,1,4,1.25,5.0,3.75
29,100,0,1,0.0,1.25,1.25
29,101,0,2,0.0,2.5,2.5
29,102,0,3,0.0,3.75,3.75
29,103,1,2,1.25,2.5,1.25
29,104,0,1,0.0,1.25,1.25
29,105,1,1,1.25,1.25,0.0
29,106,1,0,1.25,0.0,-1.25
29,107,0,0,0.0,0.0,0.0
29,108,1,2,1.25,2.5,1.25
29,109,1,2,1.25,2.5,1.25
29,110,1,1,1.25,1.25,0.0
29,111,2,1,2.5,1.25,-1.25
29,112,1,3,1.25,3.75,2.5
29,113,1,2,1.25,2.5,1.25
29,114,2,0,2.5,0.0,-2.5
29,115,0,1,0.0,1.25,1.25
29,116,1,1,1.25,1.25,0.0
29,117,0,3,0.0,3.75,3.75
29,118,1,0,1.25,0.0,-1.25
29,119,2,4,2.5,5.0,2.5
29,120,0,2,0.0,2.5,2.5
29,121,1,0,1.25,0.0,-1.25
29,122,0,0,0.0,0.0,0.0
29,123,1,0,1.25,0.0,-1.25
29,124,0,0,0.0,0.0,0.0
29,125,1,0,1.25,0.0,-1.25
29,126,0,1,0.0,1.25,1.25
29,127,1,2,1.25,2.5,1.25
29,128,1,0,1.25,0.0,-1.25
29,129,0,0,0.0,0.0,0.0
29,130,0,0,0.0,0.0,0.0
29,131,0,2,0.0,2.5,2.5
29,132,2,0,2.5,0.0,-2.5
29,133,0,0,0.0,0.0,0.0
29,134,1,0,1.25,0.0,-1.25
30,0,0,3,0.0,3.75,3.75
30,1,0,1,0.0,1.25,1.25
30,2,3,3,3.75,3.75,0.0
30,3,1,3,1.25,3.75,2.5
30,4,0,2,0.0,2.5,2.5
30,5,0,3,0.0,3.75,3.75
30,6,2,1,2.5,1.25,-1.25
30,7,0,1,0.0,1.25,1.25
30,8,0,1,0.0,1.25,1.25
30,9,1,2,1.25,2.5,1.25
30,10,2,1,2.5,1.25,-1.25
30,11,1,1,1.25,1.25,0.0
30,12,0,0,0.0,0.0,0.0
30,13,2,1,2.5,1.25,-1.25
30,14,0,1,0.0,1.25,1.25
30,15,0,0,0.0,0.0,0.0
30,16,3,0,3.75,0.0,-3.75
30,17,2,1,2.5,1.25,-1.25
30,18,0,1,0.0,1.25,1.25
30,19,1,0,1.25,0.0,-1.25
30,20,1,2,1.25,2.5,1.25
30,21,1,1,1.25,1.25,0.0
30,22,2,0,2.5,0.0,-2.5
30,23,1,1,1.25,1.25,0.0
30,24,1,1,1.25,1.25,0.0
30,25,1,0,1.25,0.0,-1.25
30,26,0,3,0.0,3.75,3.75
30,27,0,0,0.0,0.0,0.0
30,28,1,1,1.25,1.25,0.0
30,29,0,1,0.0,1.25,1.25
30,30,0,2,0.0,2.5,2.5
30,31,0,1,0.0,1.25,1.25
30,32,0,1,0.0,1.25,1.25
30,33,1,3,1.25,3.75,2.5
30,34,3,0,3.75,0.0,-3.75
30,35,1,1,1.25,1.25,0.0
30,36,2,2,2.5,2.5,0.0
30,37,0,1,0.0,1.25,1.25
30,38,1,2,1.25,2.5,1.25
30,39,2,3,2.5,3.75,1.25
30,40,1,1,1.25,1.25,0.0
30,41,4,0,5.0,0.0,-5.0
30,42,0,1,0.0,1.25,1.25
30,43,0,1,0.0,1.25,1.25
30,44,0,1,0.0,1.25,1.25
30,45,1,0,1.25,0.0,-1.25
30,46,1,1,1.25,1.25,0.0
30,47,2,1,2.5,1.25,-1.25
30,48,1,1,1.25,1.25,0.0
30,49,2,0,2.5,0.0,-2.5
30,50,1,1,1.25,1.25,0.0
30,51,0,0,0.0,0.0,0.0
30,52,0,2,0.0,2.5,2.5
30,53,2,1,2.5,1.25,-1.25
30,54,2,0,2.5,0.0,-2.5
30,55,1,0,1.25,0.0,-1.25
30,56,0,2,0.0,2.5,2.5
30,57,1,0,1.25,0.0,-1.25
30,58,1,1,1.25,1.25,0.0
30,59,1,0,1.25,0.0,-1.25
30,60,1,1,1.25,1.25,0.0
30,61,0,0,0.0,0.0,0.0
30,62,2,0,2.5,0.0,-2.5
30,63,1,0,1.25,0.0,-1.25
30,64,1,0,1.25,0.0,-1.25
30,65,0,0,0.0,0.0,0.0
30,66,0,2,0.0,2.5,2.5
30,67,0,0,0.0,0.0,0.0
30,68,1,1,1.25,1.25,0.0
30,69,1,1,1.25,1.25,0.0
30,70,1,2,1.25,2.5,1.25
30,71,0,1,0.0,1.25,1.25
30,72,0,1,0.0,1.25,1.25
30,73,1,0,1.25,0.0,-1.25
30,74,2,1,2.5,1.25,-1.25
30,75,0,1,0.0,1.25,1.25
30,76,1,1,1.25,1.25,0.0
30,77,3,0,3.75,0.0,-3.75
30,78,1,1,1.25,1.25,0.0
30,79,0,0,0.0,0.0,0.0
30,80,0,3,0.0,3.75,3.75
30,81,3,0,3.75,0.0,-3.75
30,82,2,2,2.5,2.5,0.0
30,83,2,1,2.5,1.25,-1.25
30,84,0,0,0.0,0.0,0.0
30,85,2,1,2.5,1.25,-1.25
30,86,2,0,2.5,0.0,-2.5
30,87,2,0,2.5,0.0,-2.5
30,88,1,0,1.25,0.0,-1.25
30,89,2,1,2.5,1.25,-1.25
30,90,0,3,0.0,3.75,3.75
30,91,1,1,1.25,1.25,0.0
30,92,0,2,0.0,2.5,2.5
30,93,1,0,1.25,0.0,-1.25
30,94,1,0,1.25,0.0,-1.25
30,95,1,1,1.25,1.25,0.0
30,96,2,1,2.5,1.25,-1.25
30,97,1,1,1.25,1.25,0.0
30,98,2,0,2.5,0.0,-2.5
30,99,0,1,0.0,1.25,1.25
30,100,1,0,1.25,0.0,-1.25
30,101,1,0,1.25,0.0,-1.25
30,102,0,2,0.0,2.5,2.5
30,103,2,0,2.5,0.0,-2.5
30,104,2,1,2.5,1.25,-1.25
30,105,0,0,0.0,0.0,0.0
30,106,2,0,2.5,0.0,-2.5
30,107,1,2,1.25,2.5,1.25
30,108,3,2,3.75,2.5,-1.25
30,109,2,0,2.5,0.0,-2.5
30,110,2,0,2.5,0.0,-2.5
30,111,0,1,0.0,1.25,1.25
30,112,1,1,1.25,1.25,0.0
30,113,1,1,1.25,1.25,0.0
30,114,1,0,1.25,0.0,-1.25
30,115,0,0,0.0,0.0,0.0
30,116,4,1,5.0,1.25,-3.75
30,117,2,0,2.5,0.0,-2.5
30,118,0,0,0.0,0.0,0.0
30,119,1,2,1.25,2.5,1.25
30,120,0,1,0.0,1.25,1.25
30,121,1,0,1.25,0.0,-1.25
30,122,0,1,0.0,1.25,1.25
30,123,0,0,0.0,0.0,0.0
30,124,1,1,1.25,1.25,0.0
30,125,0,2,0.0,2.5,2.5
30,126,2,0,2.5,0.0,-2.5
30,127,3,3,3.75,3.75,0.0
30,128,1,1,1.25,1.25,0.0
30,129,3,1,3.75,1.25,-2.5
30,130,1,0,1.25,0.0,-1.25
30,131,2,0,2.5,0.0,-2.5
30,132,0,0,0.0,0.0,0.0
30,133,0,0,0.0,0.0,0.0
30,134,5,0,6.25,0.0,-6.25
31,0,0,1,0.0,1.25,1.25
31,1,1,0,1.25,0.0,-1.25
31,2,0,0,0.0,0.0,0.0
31,3,0,0,0.0,0.0,0.0
31,4,1,1,1.25,1.25,0.0
31,5,2,0,2.5,0.0,-2.5
31,6,1,1,1.25,1.25,0.0
31,7,0,1,0.0,1.25,1.25
31,8,2,1,2.5,1.25,-1.25
31,9,0,0,0.0,0.0,0.0
31,10,0,0,0.0,0.0,0.0
31,11,0,0,0.0,0.0,0.0
31,12,0,1,0.0,1.25,1.25
31,13,0,0,0.0,0.0,0.0
31,14,0,0,0.0,0.0,0.0
31,15,0,0,0.0,0.0,0.0
31,16,0,1,0.0,1.25,1.25
31,17,1,2,1.25,2.5,1.25
31,18,0,0,0.0,0.0,0.0
31,19,1,0,1.25,0.0,-1.25
31,20,0,0,0.0,0.0,0.0
31,21,1,1,1.25,1.25,0.0
31,22,3,1,3.75,1.25,-2.5
31,23,0,0,0.0,0.0,0.0
31,24,0,0,0.0,0.0,0.0
31,25,0,0,0.0,0.0,0.0
31,26,0,2,0.0,2.5,2.5
31,27,0,0,0.0,0.0,0.0
31,28,0,0,0.0,0.0,0.0
31,29,0,0,0.0,0.0,0.0
31,30,0,0,0.0,0.0,0.0
31,31,0,0,0.0,0.0,0.0
31,32,1,0,1.25,0.0,-1.25
31,33,0,1,0.0,1.25,1.25
31,34,0,0,0.0,0.0,0.0
31,35,0,0,0.0,0.0,0.0
31,36,0,1,0.0,1.25,1.25
31,37,0,0,0.0,0.0,0.0
31,38,0,0,0.0,0.0,0.0
31,39,0,0,0.0,0.0,0.0
31,40,0,0,0.0,0.0,0.0
31,41,0,0,0.0,0.0,0.0
31,42,0,0,0.0,0.0,0.0
31,43,0,1,0.0,1.25,1.25
31,44,0,0,0.0,0.0,0.0
31,45,0,0,0.0,0.0,0.0
31,46,0,0,0.0,0.0,0.0
31,47,0,2,0.0,2.5,2.5
31,48,0,0,0.0,0.0,0.0
31,49,0,1,0.0,1.25,1.25
31,50,0,2,0.0,2.5,2.5
31,51,0,0,0.0,0.0,0.0
31,52,1,0,1.25,0.0,-1.25
31,53,1,0,1.25,0.0,-1.25
31,54,1,1,1.25,1.25,0.0
31,55,0,0,0.0,0.0,0.0
31,56,2,2,2.5,2.5,0.0
31,57,1,1,1.25,1.25,0.0
31,58,1,1,1.25,1.25,0.0
31,59,1,0,1.25,0.0,-1.25
31,60,1,1,1.25,1.25,0.0
31,61,2,1,2.5,1.25,-1.25
31,62,0,0,0.0,0.0,0.0
31,63,0,0,0.0,0.0,0.0
31,64,1,1,1.25,1.25,0.0
31,65,0,0,0.0,0.0,0.0
31,66,0,2,0.0,2.5,2.5
31,67,0,0,0.0,0.0,0.0
31,68,2,1,2.5,1.25,-1.25
31,69,1,1,1.25,1.25,0.0
31,70,0,0,0.0,0.0,0.0
31,71,3,2,3.75,2.5,-1.25
31,72,0,0,0.0,0.0,0.0
31,73,0,0,0.0,0.0,0.0
31,74,1,0,1.25,0.0,-1.25
31,75,0,1,0.0,1.25,1.25
31,76,0,0,0.0,0.0,0.0
31,77,0,0,0.0,0.0,0.0
31,78,0,0,0.0,0.0,0.0
31,79,0,0,0.0,0.0,0.0
31,80,0,0,0.0,0.0,0.0
31,81,1,2,1.25,2.5,1.25
31,82,1,1,1.25,1.25,0.0
31,83,0,1,0.0,1.25,1.25
31,84,0,2,0.0,2.5,2.5
31,85,2,1,2.5,1.25,-1.25
31,86,0,1,0.0,1.25,1.25
31,87,0,1,0.0,1.25,1.25
31,88,0,1,0.0,1.25,1.25
31,89,0,0,0.0,0.0,0.0
31,90,1,0,1.25,0.0,-1.25
31,91,0,1,0.0,1.25,1.25
31,92,0,0,0.0,0.0,0.0
31,93,0,0,0.0,0.0,0.0
31,94,0,0,0.0,0.0,0.0
31,95,0,0,0.0,0.0,0.0
31,96,1,0,1.25,0.0,-1.25
31,97,0,2,0.0,2.5,2.5
31,98,0,1,0.0,1.25,1.25
31,99,1,0,1.25,0.0,-1.25
31,100,0,0,0.0,0.0,0.0
31,101,0,0,0.0,0.0,0.0
31,102,1,1,1.25,1.25,0.0
31,103,0,0,0.0,0.0,0.0
31,104,1,0,1.25,0.0,-1.25
31,105,0,0,0.0,0.0,0.0
31,106,1,0,1.25,0.0,-1.25
31,107,0,0,0.0,0.0,0.0
31,108,0,0,0.0,0.0,0.0
31,109,0,0,0.0,0.0,0.0
31,110,0,0,0.0,0.0,0.0
31,111,0,0,0.0,0.0,0.0
31,112,0,0,0.0,0.0,0.0
31,113,0,0,0.0,0.0,0.0
31,114,0,0,0.0,0.0,0.0
31,115,0,0,0.0,0.0,0.0
31,116,1,0,1.25,0.0,-1.25
31,117,0,0,0.0,0.0,0.0
31,118,0,1,0.0,1.25,1.25
31,119,2,0,2.5,0.0,-2.5
31,120,0,0,0.0,0.0,0.0
31,121,0,0,0.0,0.0,0.0
31,122,0,0,0.0,0.0,0.0
31,123,1,1,1.25,1.25,0.0
31,124,0,0,0.0,0.0,0.0
31,125,0,1,0.0,1.25,1.25
31,126,0,2,0.0,2.5,2.5
31,127,2,0,2.5,0.0,-2.5
31,128,0,0,0.0,0.0,0.0
31,129,0,0,0.0,0.0,0.0
31,130,0,1,0.0,1.25,1.25
31,131,0,1,0.0,1.25,1.25
31,132,1,0,1.25,0.0,-1.25
31,133,0,1,0.0,1.25,1.25
31,134,0,0,0.0,0.0,0.0
32,0,23,32,28.75,40.0,11.25
32,1,20,30,25.0,37.5,12.5
32,2,34,17,42.5,21.25,-21.25
32,3,25,25,31.25,31.25,0.0
32,4,47,17,58.75,21.25,-37.5
32,5,28,20,35.0,25.0,-10.0
32,6,36,38,45.0,47.5,2.5
32,7,20,26,25.0,32.5,7.5
32,8,41,20,51.25,25.0,-26.25
32,9,36,21,45.0,26.25,-18.75
32,10,40,26,50.0,32.5,-17.5
32,11,25,19,31.25,23.75,-7.5
32,12,22,19,27.5,23.75,-3.75
32,13,38,12,47.5,15.0,-32.5
32,14,29,18,36.25,22.5,-13.75
32,15,27,20,33.75,25.0,-8.75
32,16,30,30,37.5,37.5,0.0
32,17,33,17,41.25,21.25,-20.0
32,18,30,26,37.5,32.5,-5.0
32,19,31,29,38.75,36.25,-2.5
32,20,36,21,45.0,26.25,-18.75
32,21,37,30,46.25,37.5,-8.75
32,22,55,25,68.75,31.25,-37.5
32,23,38,25,47.5,31.25,-16.25
32,24,20,35,25.0,43.75,18.75
32,25,34,18,42.5,22.5,-20.0
32,26,37,37,46.25,46.25,0.0
32,27,38,20,47.5,25.0,-22.5
32,28,27,27,33.75,33.75,0.0
32,29,35,28,43.75,35.0,-8.75
32,30,12,31,15.0,38.75,23.75
32,31,33,33,41.25,41.25,0.0
32,32,40,23,50.0,28.75,-21.25
32,33,36,22,45.0,27.5,-17.5
32,34,31,24,38.75,30.0,-8.75
32,35,28,30,35.0,37.5,2.5
32,36,29,23,36.25,28.75,-7.5
32,37,30,27,37.5,33.75,-3.75
32,38,22,31,27.5,38.75,11.25
32,39,23,23,28.75,28.75,0.0
32,40,27,21,33.75,26.25,-7.5
32,41,19,25,23.75,31.25,7.5
32,42,33,17,41.25,21.25,-20.0
32,43,31,22,38.75,27.5,-11.25
32,44,39,18,48.75,22.5,-26.25
32,45,30,32,37.5,40.0,2.5
32,46,40,21,50.0,26.25,-23.75
32,47,20,29,25.0,36.25,11.25
32,48,32,32,40.0,40.0,0.0
32,49,32,31,40.0,38.75,-1.25
32,50,19,24,23.75,30.0,6.25
32,51,25,21,31.25,26.25,-5.0
32,52,21,31,26.25,38.75,12.5
32,53,34,34,42.5,42.5,0.0
32,54,25,39,31.25,48.75,17.5
32,55,19,27,23.75,33.75,10.0
32,56,35,32,43.75,40.0,-3.75
32,57,16,21,20.0,26.25,6.25
32,58,37,32,46.25,40.0,-6.25
32,59,28,32,35.0,40.0,5.0
32,60,26,38,32.5,47.5,15.0
32,61,25,28,31.25,35.0,3.75
32,62,36,13,45.0,16.25,-28.75
32,63,33,33,41.25,41.25,0.0
32,64,34,15,42.5,18.75,-23.75
32,65,32,30,40.0,37.5,-2.5
32,66,18,33,22.5,41.25,18.75
32,67,44,17,55.0,21.25,-33.75
32,68,23,22,28.75,27.5,-1.25
32,69,27,35,33.75,43.75,10.0
32,70,22,35,27.5,43.75,16.25
32,71,19,24,23.75,30.0,6.25
32,72,24,31,30.0,38.75,8.75
32,73,34,29,42.5,36.25,-6.25
32,74,40,32,50.0,40.0,-10.0
32,75,28,16,35.0,20.0,-15.0
32,76,31,32,38.75,40.0,1.25
32,77,29,20,36.25,25.0,-11.25
32,78,23,26,28.75,32.5,3.75
32,79,25,20,31.25,25.0,-6.25
32,80,26,15,32.5,18.75,-13.75
32,81,24,27,30.0,33.75,3.75
32,82,19,26,23.75,32.5,8.75
32,83,31,27,38.75,33.75,-5.0
32,84,35,28,43.75,35.0,-8.75
32,85,22,16,27.5,20.0,-7.5
32,86,25,29,31.25,36.25,5.0
32,87,33,24,41.25,30.0,-11.25
32,88,31,25,38.75,31.25,-7.5
32,89,28,18,35.0,22.5,-12.5
32,90,26,30,32.5,37.5,5.0
32,91,32,22,40.0,27.5,-12.5
32,92,32,18,40.0,22.5,-17.5
32,93,31,16,38.75,20.0,-18.75
32,94,25,33,31.25,41.25,10.0
32,95,17,30,21.25,37.5,16.25
32,96,20,28,25.0,35.0,10.0
32,97,17,24,21.25,30.0,8.75
32,98,30,30,37.5,37.5,0.0
32,99,27,26,33.75,32.5,-1.25
32,100,28,37,35.0,46.25,11.25
32,101,40,31,50.0,38.75,-11.25
32,102,33,38,41.25,47.5,6.25
32,103,32,33,40.0,41.25,1.25
32,104,32,22,40.0,27.5,-12.5
32,105,26,19,32.5,23.75,-8.75
32,106,48,19,60.0,23.75,-36.25
32,107,27,28,33.75,35.0,1.25
32,108,24,25,30.0,31.25,1.25
32,109,27,35,33.75,43.75,10.0
32,110,24,26,30.0,32.5,2.5
32,111,20,36,25.0,45.0,20.0
32,112,30,21,37.5,26.25,-11.25
32,113,24,44,30.0,55.0,25.0
32,114,26,29,32.5,36.25,3.75
32,115,21,40,26.25,50.0,23.75
32,116,32,22,40.0,27.5,-12.5
32,117,37,35,46.25,43.75,-2.5
32,118,45,29,56.25,36.25,-20.0
32,119,30,31,37.5,38.75,1.25
32,120,21,27,26.25,33.75,7.5
32,121,25,22,31.25,27.5,-3.75
32,122,29,22,36.25,27.5,-8.75
32,123,28,18,35.0,22.5,-12.5
32,124,27,44,33.75,55.0,21.25
32,125,36,30,45.0,37.5,-7.5
32,126,40,12,50.0,15.0,-35.0
32,127,31,35,38.75,43.75,5.0
32,128,42,29,52.5,36.25,-16.25
32,129,29,34,36.25,42.5,6.25
32,130,27,31,33.75,38.75,5.0
32,131,17,36,21.25,45.0,23.75
32,132,32,34,40.0,42.5,2.5
32,133,22,35,27.5,43.75,16.25
32,134,31,19,38.75,23.75,-15.0
33,0,0,0,0.0,0.0,0.0
33,1,0,0,0.0,0.0,0.0
33,2,0,0,0.0,0.0,0.0
33,3,0,0,0.0,0.0,0.0
33,4,1,0,1.25,0.0,-1.25
33,5,0,0,0.0,0.0,0.0
33,6,0,1,0.0,1.25,1.25
33,7,1,0,1.25,0.0,-1.25
33,8,1,1,1.25,1.25,0.0
33,9,1,0,1.25,0.0,-1.25
33,10,2,0,2.5,0.0,-2.5
33,11,1,0,1.25,0.0,-1.25
33,12,3,0,3.75,0.0,-3.75
33,13,0,0,0.0,0.0,0.0
33,14,0,0,0.0,0.0,0.0
33,15,0,0,0.0,0.0,0.0
33,16,0,0,0.0,0.0,0.0
33,17,0,0,0.0,0.0,0.0
33,18,1,0,1.25,0.0,-1.25
33,19,0,0,0.0,0.0,0.0
33,20,0,0,0.0,0.0,0.0
33,21,0,0,0.0,0.0,0.0
33,22,0,0,0.0,0.0,0.0
33,23,0,0,0.0,0.0,0.0
33,24,1,1,1.25,1.25,0.0
33,25,3,0,3.75,0.0,-3.75
33,26,0,0,0.0,0.0,0.0
33,27,0,0,0.0,0.0,0.0
33,28,2,0,2.5,0.0,-2.5
33,29,0,0,0.0,0.0,0.0
33,30,1,2,1.25,2.5,1.25
33,31,0,0,0.0,0.0,0.0
33,32,0,0,0.0,0.0,0.0
33,33,0,0,0.0,0.0,0.0
33,34,2,0,2.5,0.0,-2.5
33,35,0,1,0.0,1.25,1.25
33,36,0,0,0.0,0.0,0.0
33,37,0,1,0.0,1.25,1.25
33,38,0,0,0.0,0.0,0.0
33,39,1,0,1.25,0.0,-1.25
33,40,0,0,0.0,0.0,0.0
33,41,0,0,0.0,0.0,0.0
33,42,0,0,0.0,0.0,0.0
33,43,0,0,0.0,0.0,0.0
33,44,0,0,0.0,0.0,0.0
33,45,0,0,0.0,0.0,0.0
33,46,0,0,0.0,0.0,0.0
33,47,0,0,0.0,0.0,0.0
33,48,0,0,0.0,0.0,0.0
33,49,0,0,0.0,0.0,0.0
33,50,0,0,0.0,0.0,0.0
33,51,0,3,0.0,3.75,3.75
33,52,0,1,0.0,1.25,1.25
33,53,0,0,0.0,0.0,0.0
33,54,0,0,0.0,0.0,0.0
33,55,0,0,0.0,0.0,0.0
33,56,0,0,0.0,0.0,0.0
33,57,0,1,0.0,1.25,1.25
33,58,0,0,0.0,0.0,0.0
33,59,0,0,0.0,0.0,0.0
33,60,0,0,0.0,0.0,0.0
33,61,0,0,0.0,0.0,0.0
33,62,0,0,0.0,0.0,0.0
33,63,0,0,0.0,0.0,0.0
33,64,2,0,2.5,0.0,-2.5
33,65,2,0,2.5,0.0,-2.5
33,66,0,0,0.0,0.0,0.0
33,67,0,0,0.0,0.0,0.0
33,68,0,1,0.0,1.25,1.25
33,69,0,1,0.0,1.25,1.25
33,70,0,1,0.0,1.25,1.25
33,71,0,0,0.0,0.0,0.0
33,72,0,0,0.0,0.0,0.0
33,73,1,0,1.25,0.0,-1.25
33,74,1,1,1.25,1.25,0.0
33,75,1,0,1.25,0.0,-1.25
33,76,1,0,1.25,0.0,-1.25
33,77,0,0,0.0,0.0,0.0
33,78,0,0,0.0,0.0,0.0
33,79,2,1,2.5,1.25,-1.25
33,80,0,0,0.0,0.0,0.0
33,81,1,0,1.25,0.0,-1.25
33,82,1,0,1.25,0.0,-1.25
33,83,0,1,0.0,1.25,1.25
33,84,0,0,0.0,0.0,0.0
33,85,0,0,0.0,0.0,0.0
33,86,0,0,0.0,0.0,0.0
33,87,1,0,1.25,0.0,-1.25
33,88,0,0,0.0,0.0,0.0
33,89,1,2,1.25,2.5,1.25
33,90,0,0,0.0,0.0,0.0
33,91,1,0,1.25,0.0,-1.25
33,92,0,0,0.0,0.0,0.0
33,93,2,0,2.5,0.0,-2.5
33,94,1,0,1.25,0.0,-1.25
33,95,0,0,0.0,0.0,0.0
33,96,0,0,0.0,0.0,0.0
33,97,1,0,1.25,0.0,-1.25
33,98,0,0,0.0,0.0,0.0
33,99,0,0,0.0,0.0,0.0
33,100,0,0,0.0,0.0,0.0
33,101,0,0,0.0,0.0,0.0
33,102,0,0,0.0,0.0,0.0
33,103,0,0,0.0,0.0,0.0
33,104,1,1,1.25,1.25,0.0
33,105,1,0,1.25,0.0,-1.25
33,106,1,0,1.25,0.0,-1.25
33,107,0,0,0.0,0.0,0.0
33,108,0,0,0.0,0.0,0.0
33,109,0,1,0.0,1.25,1.25
33,110,0,0,0.0,0.0,0.0
33,111,0,0,0.0,0.0,0.0
33,112,1,0,1.25,0.0,-1.25
33,113,2,1,2.5,1.25,-1.25
33,114,0,2,0.0,2.5,2.5
33,115,0,0,0.0,0.0,0.0
33,116,0,0,0.0,0.0,0.0
33,117,0,0,0.0,0.0,0.0
33,118,0,0,0.0,0.0,0.0
33,119,0,0,0.0,0.0,0.0
33,120,0,0,0.0,0.0,0.0
33,121,0,0,0.0,0.0,0.0
33,122,0,0,0.0,0.0,0.0
33,123,0,0,0.0,0.0,0.0
33,124,0,0,0.0,0.0,0.0
33,125,0,0,0.0,0.0,0.0
33,126,0,0,0.0,0.0,0.0
33,127,2,0,2.5,0.0,-2.5
33,128,1,0,1.25,0.0,-1.25
33,129,0,0,0.0,0.0,0.0
33,130,0,0,0.0,0.0,0.0
33,131,0,0,0.0,0.0,0.0
33,132,0,0,0.0,0.0,0.0
33,133,0,1,0.0,1.25,1.25
33,134,1,0,1.25,0.0,-1.25
34,0,0,0,0.0,0.0,0.0
34,1,0,0,0.0,0.0,0.0
34,2,0,0,0.0,0.0,0.0
34,3,0,0,0.0,0.0,0.0
34,4,0,0,0.0,0.0,0.0
34,5,0,0,0.0,0.0,0.0
34,6,0,0,0.0,0.0,0.0
34,7,0,0,0.0,0.0,0.0
34,8,0,0,0.0,0.0,0.0
34,9,0,0,0.0,0.0,0.0
34,10,1,0,1.25,0.0,-1.25
34,11,0,0,0.0,0.0,0.0
34,12,0,0,0.0,0.0,0.0
34,13,1,0,1.25,0.0,-1.25
34,14,0,0,0.0,0.0,0.0
34,15,0,0,0.0,0.0,0.0
34,16,0,1,0.0,1.25,1.25
34,17,0,0,0.0,0.0,0.0
34,18,0,0,0.0,0.0,0.0
34,19,0,0,0.0,0.0,0.0
34,20,1,0,1.25,0.0,-1.25
34,21,0,0,0.0,0.0,0.0
34,22,2,0,2.5,0.0,-2.5
34,23,2,0,2.5,0.0,-2.5
34,24,2,0,2.5,0.0,-2.5
34,25,0,1,0.0,1.25,1.25
34,26,0,2,0.0,2.5,2.5
34,27,0,1,0.0,1.25,1.25
34,28,0,1,0.0,1.25,1.25
34,29,1,1,1.25,1.25,0.0
34,30,1,0,1.25,0.0,-1.25
34,31,0,0,0.0,0.0,0.0
34,32,0,0,0.0,0.0,0.0
34,33,2,0,2.5,0.0,-2.5
34,34,0,0,0.0,0.0,0.0
34,35,1,1,1.25,1.25,0.0
34,36,0,2,0.0,2.5,2.5
34,37,0,2,0.0,2.5,2.5
34,38,1,0,1.25,0.0,-1.25
34,39,3,1,3.75,1.25,-2.5
34,40,0,2,0.0,2.5,2.5
34,41,1,0,1.25,0.0,-1.25
34,42,1,1,1.25,1.25,0.0
34,43,0,1,0.0,1.25,1.25
34,44,2,1,2.5,1.25,-1.25
34,45,0,1,0.0,1.25,1.25
34,46,1,1,1.25,1.25,0.0
34,47,0,1,0.0,1.25,1.25
34,48,0,0,0.0,0.0,0.0
34,49,1,0,1.25,0.0,-1.25
34,50,1,0,1.25,0.0,-1.25
34,51,0,3,0.0,3.75,3.75
34,52,0,0,0.0,0.0,0.0
34,53,2,0,2.5,0.0,-2.5
34,54,0,1,0.0,1.25,1.25
34,55,1,0,1.25,0.0,-1.25
34,56,0,1,0.0,1.25,1.25
34,57,1,1,1.25,1.25,0.0
34,58,4,1,5.0,1.25,-3.75
34,59,2,3,2.5,3.75,1.25
34,60,3,3,3.75,3.75,0.0
34,61,0,1,0.0,1.25,1.25
34,62,1,1,1.25,1.25,0.0
34,63,1,1,1.25,1.25,0.0
34,64,0,1,0.0,1.25,1.25
34,65,0,0,0.0,0.0,0.0
34,66,0,1,0.0,1.25,1.25
34,67,1,0,1.25,0.0,-1.25
34,68,0,1,0.0,1.25,1.25
34,69,0,2,0.0,2.5,2.5
34,70,2,0,2.5,0.0,-2.5
34,71,0,0,0.0,0.0,0.0
34,72,1,1,1.25,1.25,0.0
34,73,1,4,1.25,5.0,3.75
34,74,1,0,1.25,0.0,-1.25
34,75,0,2,0.0,2.5,2.5
34,76,0,1,0.0,1.25,1.25
34,77,2,0,2.5,0.0,-2.5
34,78,0,0,0.0,0.0,0.0
34,79,0,0,0.0,0.0,0.0
34,80,0,0,0.0,0.0,0.0
34,81,1,1,1.25,1.25,0.0
34,82,0,0,0.0,0.0,0.0
34,83,0,2,0.0,2.5,2.5
34,84,1,2,1.25,2.5,1.25
34,85,2,3,2.5,3.75,1.25
34,86,1,0,1.25,0.0,-1.25
34,87,1,0,1.25,0.0,-1.25
34,88,2,2,2.5,2.5,0.0
34,89,0,0,0.0,0.0,0.0
34,90,0,0,0.0,0.0,0.0
34,91,1,2,1.25,2.5,1.25
34,92,0,0,0.0,0.0,0.0
34,93,2,1,2.5,1.25,-1.25
34,94,1,0,1.25,0.0,-1.25
34,95,2,3,2.5,3.75,1.25
34,96,1,1,1.25,1.25,0.0
34,97,0,0,0.0,0.0,0.0
34,98,0,0,0.0,0.0,0.0
34,99,1,1,1.25,1.25,0.0
34,100,2,1,2.5,1.25,-1.25
34,101,1,0,1.25,0.0,-1.25
34,102,2,1,2.5,1.25,-1.25
34,103,0,0,0.0,0.0,0.0
34,104,4,0,5.0,0.0,-5.0
34,105,1,1,1.25,1.25,0.0
34,106,2,0,2.5,0.0,-2.5
34,107,0,0,0.0,0.0,0.0
34,108,0,0,0.0,0.0,0.0
34,109,2,2,2.5,2.5,0.0
34,110,0,1,0.0,1.25,1.25
34,111,1,1,1.25,1.25,0.0
34,112,2,1,2.5,1.25,-1.25
34,113,1,3,1.25,3.75,2.5
34,114,1,0,1.25,0.0,-1.25
34,115,1,1,1.25,1.25,0.0
34,116,1,1,1.25,1.25,0.0
34,117,0,2,0.0,2.5,2.5
34,118,2,2,2.5,2.5,0.0
34,119,1,1,1.25,1.25,0.0
34,120,0,0,0.0,0.0,0.0
34,121,0,1,0.0,1.25,1.25
34,122,1,3,1.25,3.75,2.5
34,123,0,1,0.0,1.25,1.25
34,124,2,2,2.5,2.5,0.0
34,125,0,1,0.0,1.25,1.25
34,126,0,1,0.0,1.25,1.25
34,127,0,2,0.0,2.5,2.5
34,128,0,0,0.0,0.0,0.0
34,129,0,2,0.0,2.5,2.5
34,130,0,0,0.0,0.0,0.0
34,131,0,0,0.0,0.0,0.0
34,132,1,1,1.25,1.25,0.0
34,133,0,0,0.0,0.0,0.0
34,134,3,3,3.75,3.75,0.0
35,0,0,0,0.0,0.0,0.0
35,1,0,0,0.0,0.0,0.0
35,2,0,0,0.0,0.0,0.0
35,3,0,0,0.0,0.0,0.0
35,4,0,0,0.0,0.0,0.0
35,5,0,0,0.0,0.0,0.0
35,6,0,0,0.0,0.0,0.0
35,7,0,0,0.0,0.0,0.0
35,8,0,0,0.0,0.0,0.0
35,9,0,0,0.0,0.0,0.0
35,10,0,0,0.0,0.0,0.0
35,11,0,0,0.0,0.0,0.0
35,12,0,0,0.0,0.0,0.0
35,13,0,0,0.0,0.0,0.0
35,14,0,0,0.0,0.0,0.0
35,15,0,0,0.0,0.0,0.0
35,16,0,0,0.0,0.0,0.0
35,17,0,0,0.0,0.0,0.0
35,18,0,0,0.0,0.0,0.0
35,19,0,0,0.0,0.0,0.0
35,20,0,0,0.0,0.0,0.0
35,21,0,0,0.0,0.0,0.0
35,22,0,0,0.0,0.0,0.0
35,23,0,0,0.0,0.0,0.0
35,24,0,0,0.0,0.0,0.0
35,25,0,0,0.0,0.0,0.0
35,26,0,0,0.0,0.0,0.0
35,27,0,0,0.0,0.0,0.0
35,28,0,0,0.0,0.0,0.0
35,29,0,0,0.0,0.0,0.0
35,30,0,0,0.0,0.0,0.0
35,31,0,0,0.0,0.0,0.0
35,32,0,0,0.0,0.0,0.0
35,33,0,0,0.0,0.0,0.0
35,34,0,0,0.0,0.0,0.0
35,35,0,0,0.0,0.0,0.0
35,36,0,0,0.0,0.0,0.0
35,37,0,0,0.0,0.0,0.0
35,38,1,0,1.25,0.0,-1.25
35,39,0,0,0.0,0.0,0.0
35,40,0,0,0.0,0.0,0.0
35,41,0,0,0.0,0.0,0.0
35,42,0,0,0.0,0.0,0.0
35,43,0,0,0.0,0.0,0.0
35,44,0,0,0.0,0.0,0.0
35,45,0,1,0.0,1.25,1.25
35,46,0,0,0.0,0.0,0.0
35,47,0,0,0.0,0.0,0.0
35,48,1,2,1.25,2.5,1.25
35,49,0,0,0.0,0.0,0.0
35,50,1,0,1.25,0.0,-1.25
35,51,0,0,0.0,0.0,0.0
35,52,0,1,0.0,1.25,1.25
35,53,0,0,0.0,0.0,0.0
35,54,0,1,0.0,1.25,1.25
35,55,0,0,0.0,0.0,0.0
35,56,0,1,0.0,1.25,1.25
35,57,1,0,1.25,0.0,-1.25
35,58,0,0,0.0,0.0,0.0
35,59,0,0,0.0,0.0,0.0
35,60,0,0,0.0,0.0,0.0
35,61,0,0,0.0,0.0,0.0
35,62,0,0,0.0,0.0,0.0
35,63,0,0,0.0,0.0,0.0
35,64,0,0,0.0,0.0,0.0
35,65,0,0,0.0,0.0,0.0
35,66,1,0,1.25,0.0,-1.25
35,67,0,0,0.0,0.0,0.0
35,68,0,0,0.0,0.0,0.0
35,69,0,3,0.0,3.75,3.75
35,70,1,1,1.25,1.25,0.0
35,71,1,0,1.25,0.0,-1.25
35,72,1,0,1.25,0.0,-1.25
35,73,0,0,0.0,0.0,0.0
35,74,1,0,1.25,0.0,-1.25
35,75,1,0,1.25,0.0,-1.25
35,76,2,1,2.5,1.25,-1.25
35,77,3,0,3.75,0.0,-3.75
35,78,1,0,1.25,0.0,-1.25
35,79,1,1,1.25,1.25,0.0
35,80,0,1,0.0,1.25,1.25
35,81,1,1,1.25,1.25,0.0
35,82,0,1,0.0,1.25,1.25
35,83,0,0,0.0,0.0,0.0
35,84,0,2,0.0,2.5,2.5
35,85,1,0,1.25,0.0,-1.25
35,86,1,0,1.25,0.0,-1.25
35,87,1,1,1.25,1.25,0.0
35,88,0,0,0.0,0.0,0.0
35,89,0,0,0.0,0.0,0.0
35,90,0,1,0.0,1.25,1.25
35,91,0,0,0.0,0.0,0.0
35,92,1,0,1.25,0.0,-1.25
35,93,0,1,0.0,1.25,1.25
35,94,2,0,2.5,0.0,-2.5
35,95,0,1,0.0,1.25,1.25
35,96,1,0,1.25,0.0,-1.25
35,97,0,0,0.0,0.0,0.0
35,98,0,0,0.0,0.0,0.0
35,99,1,0,1.25,0.0,-1.25
35,100,0,0,0.0,0.0,0.0
35,101,0,0,0.0,0.0,0.0
35,102,0,1,0.0,1.25,1.25
35,103,0,1,0.0,1.25,1.25
35,104,0,0,0.0,0.0,0.0
35,105,0,0,0.0,0.0,0.0
35,106,2,1,2.5,1.25,-1.25
35,107,2,0,2.5,0.0,-2.5
35,108,1,1,1.25,1.25,0.0
35,109,1,0,1.25,0.0,-1.25
35,110,0,0,0.0,0.0,0.0
35,111,0,0,0.0,0.0,0.0
35,112,0,0,0.0,0.0,0.0
35,113,0,0,0.0,0.0,0.0
35,114,0,0,0.0,0.0,0.0
35,115,2,1,2.5,1.25,-1.25
35,116,0,1,0.0,1.25,1.25
35,117,0,0,0.0,0.0,0.0
35,118,0,0,0.0,0.0,0.0
35,119,0,2,0.0,2.5,2.5
35,120,0,0,0.0,0.0,0.0
35,121,1,0,1.25,0.0,-1.25
35,122,0,0,0.0,0.0,0.0
35,123,0,0,0.0,0.0,0.0
35,124,1,1,1.25,1.25,0.0
35,125,0,0,0.0,0.0,0.0
35,126,0,0,0.0,0.0,0.0
35,127,1,0,1.25,0.0,-1.25
35,128,1,1,1.25,1.25,0.0
35,129,0,2,0.0,2.5,2.5
35,130,1,0,1.25,0.0,-1.25
35,131,0,0,0.0,0.0,0.0
35,132,0,0,0.0,0.0,0.0
35,133,0,0,0.0,0.0,0.0
35,134,1,0,1.25,0.0,-1.25
36,0,0,0,0.0,0.0,0.0
36,1,0,0,0.0,0.0,0.0
36,2,0,0,0.0,0.0,0.0
36,3,0,0,0.0,0.0,0.0
36,4,0,0,0.0,0.0,0.0
36,5,0,0,0.0,0.0,0.0
36,6,0,0,0.0,0.0,0.0
36,7,0,0,0.0,0.0,0.0
36,8,0,0,0.0,0.0,0.0
36,9,1,0,1.25,0.0,-1.25
36,10,0,0,0.0,0.0,0.0
36,11,0,0,0.0,0.0,0.0
36,12,0,0,0.0,0.0,0.0
36,13,1,0,1.25,0.0,-1.25
36,14,0,0,0.0,0.0,0.0
36,15,0,0,0.0,0.0,0.0
36,16,0,0,0.0,0.0,0.0
36,17,0,0,0.0,0.0,0.0
36,18,3,0,3.75,0.0,-3.75
36,19,0,0,0.0,0.0,0.0
36,20,0,0,0.0,0.0,0.0
36,21,0,1,0.0,1.25,1.25
36,22,0,0,0.0,0.0,0.0
36,23,1,0,1.25,0.0,-1.25
36,24,0,0,0.0,0.0,0.0
36,25,0,0,0.0,0.0,0.0
36,26,2,2,2.5,2.5,0.0
36,27,0,1,0.0,1.25,1.25
36,28,0,0,0.0,0.0,0.0
36,29,0,0,0.0,0.0,0.0
36,30,0,1,0.0,1.25,1.25
36,31,0,2,0.0,2.5,2.5
36,32,0,0,0.0,0.0,0.0
36,33,1,0,1.25,0.0,-1.25
36,34,1,0,1.25,0.0,-1.25
36,35,1,2,1.25,2.5,1.25
36,36,1,1,1.25,1.25,0.0
36,37,1,0,1.25,0.0,-1.25
36,38,0,2,0.0,2.5,2.5
36,39,0,0,0.0,0.0,0.0
36,40,0,1,0.0,1.25,1.25
36,41,0,1,0.0,1.25,1.25
36,42,0,0,0.0,0.0,0.0
36,43,0,2,0.0,2.5,2.5
36,44,0,0,0.0,0.0,0.0
36,45,3,0,3.75,0.0,-3.75
36,46,0,0,0.0,0.0,0.0
36,47,1,0,1.25,0.0,-1.25
36,48,3,0,3.75,0.0,-3.75
36,49,0,1,0.0,1.25,1.25
36,50,0,1,0.0,1.25,1.25
36,51,0,0,0.0,0.0,0.0
36,52,0,0,0.0,0.0,0.0
36,53,0,0,0.0,0.0,0.0
36,54,2,1,2.5,1.25,-1.25
36,55,1,0,1.25,0.0,-1.25
36,56,1,0,1.25,0.0,-1.25
36,57,0,0,0.0,0.0,0.0
36,58,1,0,1.25,0.0,-1.25
36,59,0,0,0.0,0.0,0.0
36,60,0,0,0.0,0.0,0.0
36,61,0,1,0.0,1.25,1.25
36,62,0,2,0.0,2.5,2.5
36,63,0,2,0.0,2.5,2.5
36,64,0,1,0.0,1.25,1.25
36,65,4,4,5.0,5.0,0.0
36,66,0,0,0.0,0.0,0.0
36,67,1,0,1.25,0.0,-1.25
36,68,2,2,2.5,2.5,0.0
36,69,1,2,1.25,2.5,1.25
36,70,0,0,0.0,0.0,0.0
36,71,1,0,1.25,0.0,-1.25
36,72,0,0,0.0,0.0,0.0
36,73,0,2,0.0,2.5,2.5
36,74,1,5,1.25,6.25,5.0
36,75,0,2,0.0,2.5,2.5
36,76,1,2,1.25,2.5,1.25
36,77,0,1,0.0,1.25,1.25
36,78,0,0,0.0,0.0,0.0
36,79,1,0,1.25,0.0,-1.25
36,80,4,0,5.0,0.0,-5.0
36,81,1,1,1.25,1.25,0.0
36,82,1,0,1.25,0.0,-1.25
36,83,1,0,1.25,0.0,-1.25
36,84,0,1,0.0,1.25,1.25
36,85,0,0,0.0,0.0,0.0
36,86,1,0,1.25,0.0,-1.25
36,87,2,0,2.5,0.0,-2.5
36,88,0,1,0.0,1.25,1.25
36,89,2,0,2.5,0.0,-2.5
36,90,1,2,1.25,2.5,1.25
36,91,1,1,1.25,1.25,0.0
36,92,2,0,2.5,0.0,-2.5
36,93,1,0,1.25,0.0,-1.25
36,94,1,0,1.25,0.0,-1.25
36,95,0,2,0.0,2.5,2.5
36,96,1,1,1.25,1.25,0.0
36,97,0,2,0.0,2.5,2.5
36,98,2,1,2.5,1.25,-1.25
36,99,0,1,0.0,1.25,1.25
36,100,0,0,0.0,0.0,0.0
36,101,0,0,0.0,0.0,0.0
36,102,0,0,0.0,0.0,0.0
36,103,3,0,3.75,0.0,-3.75
36,104,0,1,0.0,1.25,1.25
36,105,0,1,0.0,1.25,1.25
36,106,0,1,0.0,1.25,1.25
36,107,0,0,0.0,0.0,0.0
36,108,0,0,0.0,0.0,0.0
36,109,1,0,1.25,0.0,-1.25
36,110,0,1,0.0,1.25,1.25
36,111,1,0,1.25,0.0,-1.25
36,112,0,0,0.0,0.0,0.0
36,113,0,1,0.0,1.25,1.25
36,114,1,0,1.25,0.0,-1.25
36,115,0,0,0.0,0.0,0.0
36,116,1,1,1.25,1.25,0.0
36,117,0,1,0.0,1.25,1.25
36,118,0,1,0.0,1.25,1.25
36,119,0,1,0.0,1.25,1.25
36,120,1,0,1.25,0.0,-1.25
36,121,1,0,1.25,0.0,-1.25
36,122,1,1,1.25,1.25,0.0
36,123,1,0,1.25,0.0,-1.25
36,124,0,1,0.0,1.25,1.25
36,125,1,0,1.25,0.0,-1.25
36,126,0,0,0.0,0.0,0.0
36,127,1,0,1.25,0.0,-1.25
36,128,3,1,3.75,1.25,-2.5
36,129,0,2,0.0,2.5,2.5
36,130,1,1,1.25,1.25,0.0
36,131,0,0,0.0,0.0,0.0
36,132,1,1,1.25,1.25,0.0
36,133,0,1,0.0,1.25,1.25
36,134,0,0,0.0,0.0,0.0
37,0,0,5,0.0,6.25,6.25
37,1,1,4,1.25,5.0,3.75
37,2,4,2,5.0,2.5,-2.5
37,3,1,3,1.25,3.75,2.5
37,4,3,3,3.75,3.75,0.0
37,5,0,1,0.0,1.25,1.25
37,6,1,0,1.25,0.0,-1.25
37,7,2,3,2.5,3.75,1.25
37,8,1,3,1.25,3.75,2.5
37,9,3,7,3.75,8.75,5.0
37,10,8,4,10.0,5.0,-5.0
37,11,2,2,2.5,2.5,0.0
37,12,5,3,6.25,3.75,-2.5
37,13,1,2,1.25,2.5,1.25
37,14,0,4,0.0,5.0,5.0
37,15,3,4,3.75,5.0,1.25
37,16,4,1,5.0,1.25,-3.75
37,17,1,2,1.25,2.5,1.25
37,18,2,3,2.5,3.75,1.25
37,19,4,3,5.0,3.75,-1.25
37,20,0,0,0.0,0.0,0.0
37,21,0,2,0.0,2.5,2.5
37,22,4,0,5.0,0.0,-5.0
37,23,4,1,5.0,1.25,-3.75
37,24,4,1,5.0,1.25,-3.75
37,25,4,3,5.0,3.75,-1.25
37,26,2,5,2.5,6.25,3.75
37,27,3,0,3.75,0.0,-3.75
37,28,7,3,8.75,3.75,-5.0
37,29,3,7,3.75,8.75,5.0
37,30,0,1,0.0,1.25,1.25
37,31,2,4,2.5,5.0,2.5
37,32,1,2,1.25,2.5,1.25
37,33,1,6,1.25,7.5,6.25
37,34,1,0,1.25,0.0,-1.25
37,35,1,0,1.25,0.0,-1.25
37,36,0,7,0.0,8.75,8.75
37,37,1,1,1.25,1.25,0.0
37,38,3,0,3.75,0.0,-3.75
37,39,0,5,0.0,6.25,6.25
37,40,3,4,3.75,5.0,1.25
37,41,0,1,0.0,1.25,1.25
37,42,1,2,1.25,2.5,1.25
37,43,2,0,2.5,0.0,-2.5
37,44,2,0,2.5,0.0,-2.5
37,45,2,1,2.5,1.25,-1.25
37,46,2,3,2.5,3.75,1.25
37,47,2,3,2.5,3.75,1.25
37,48,5,4,6.25,5.0,-1.25
37,49,2,6,2.5,7.5,5.0
37,50,4,0,5.0,0.0,-5.0
37,51,0,4,0.0,5.0,5.0
37,52,1,6,1.25,7.5,6.25
37,53,1,8,1.25,10.0,8.75
37,54,0,2,0.0,2.5,2.5
37,55,2,7,2.5,8.75,6.25
37,56,1,3,1.25,3.75,2.5
37,57,1,3,1.25,3.75,2.5
37,58,0,2,0.0,2.5,2.5
37,59,2,6,2.5,7.5,5.0
37,60,2,4,2.5,5.0,2.5
37,61,2,0,2.5,0.0,-2.5
37,62,1,1,1.25,1.25,0.0
37,63,1,0,1.25,0.0,-1.25
37,64,2,2,2.5,2.5,0.0
37,65,0,1,0.0,1.25,1.25
37,66,2,1,2.5,1.25,-1.25
37,67,1,3,1.25,3.75,2.5
37,68,2,2,2.5,2.5,0.0
37,69,0,3,0.0,3.75,3.75
37,70,4,1,5.0,1.25,-3.75
37,71,2,1,2.5,1.25,-1.25
37,72,5,7,6.25,8.75,2.5
37,73,1,4,1.25,5.0,3.75
37,74,1,4,1.25,5.0,3.75
37,75,3,5,3.75,6.25,2.5
37,76,3,1,3.75,1.25,-2.5
37,77,3,0,3.75,0.0,-3.75
37,78,4,2,5.0,2.5,-2.5
37,79,3,1,3.75,1.25,-2.5
37,80,1,1,1.25,1.25,0.0
37,81,3,2,3.75,2.5,-1.25
37,82,1,5,1.25,6.25,5.0
37,83,6,3,7.5,3.75,-3.75
37,84,1,5,1.25,6.25,5.0
37,85,2,1,2.5,1.25,-1.25
37,86,4,3,5.0,3.75,-1.25
37,87,2,3,2.5,3.75,1.25
37,88,0,1,0.0,1.25,1.25
37,89,5,1,6.25,1.25,-5.0
37,90,6,4,7.5,5.0,-2.5
37,91,1,1,1.25,1.25,0.0
37,92,3,1,3.75,1.25,-2.5
37,93,5,1,6.25,1.25,-5.0
37,94,1,0,1.25,0.0,-1.25
37,95,2,1,2.5,1.25,-1.25
37,96,6,2,7.5,2.5,-5.0
37,97,4,2,5.0,2.5,-2.5
37,98,0,1,0.0,1.25,1.25
37,99,2,3,2.5,3.75,1.25
37,100,3,1,3.75,1.25,-2.5
37,101,1,1,1.25,1.25,0.0
37,102,2,4,2.5,5.0,2.5
37,103,1,1,1.25,1.25,0.0
37,104,3,6,3.75,7.5,3.75
37,105,2,2,2.5,2.5,0.0
37,106,2,3,2.5,3.75,1.25
37,107,3,2,3.75,2.5,-1.25
37,108,0,4,0.0,5.0,5.0
37,109,2,5,2.5,6.25,3.75
37,110,2,2,2.5,2.5,0.0
37,111,2,2,2.5,2.5,0.0
37,112,2,1,2.5,1.25,-1.25
37,113,0,2,0.0,2.5,2.5
37,114,3,7,3.75,8.75,5.0
37,115,2,3,2.5,3.75,1.25
37,116,2,5,2.5,6.25,3.75
37,117,2,1,2.5,1.25,-1.25
37,118,1,1,1.25,1.25,0.0
37,119,4,1,5.0,1.25,-3.75
37,120,5,5,6.25,6.25,0.0
37,121,5,1,6.25,1.25,-5.0
37,122,1,0,1.25,0.0,-1.25
37,123,2,2,2.5,2.5,0.0
37,124,2,6,2.5,7.5,5.0
37,125,4,1,5.0,1.25,-3.75
37,126,2,0,2.5,0.0,-2.5
37,127,4,0,5.0,0.0,-5.0
37,128,3,7,3.75,8.75,5.0
37,129,0,1,0.0,1.25,1.25
37,130,2,2,2.5,2.5,0.0
37,131,2,2,2.5,2.5,0.0
37,132,4,1,5.0,1.25,-3.75
37,133,1,1,1.25,1.25,0.0
37,134,3,9,3.75,11.25,7.5
38,0,12,7,15.0,8.75,-6.25
38,1,8,6,10.0,7.5,-2.5
38,2,6,6,7.5,7.5,0.0
38,3,9,6,11.25,7.5,-3.75
38,4,8,6,10.0,7.5,-2.5
38,5,10,14,12.5,17.5,5.0
38,6,10,7,12.5,8.75,-3.75
38,7,4,6,5.0,7.5,2.5
38,8,10,6,12.5,7.5,-5.0
38,9,13,11,16.25,13.75,-2.5
38,10,6,9,7.5,11.25,3.75
38,11,5,8,6.25,10.0,3.75
38,12,7,7,8.75,8.75,0.0
38,13,7,1,8.75,1.25,-7.5
38,14,4,8,5.0,10.0,5.0
38,15,6,11,7.5,13.75,6.25
38,16,9,6,11.25,7.5,-3.75
38,17,12,8,15.0,10.0,-5.0
38,18,7,12,8.75,15.0,6.25
38,19,11,10,13.75,12.5,-1.25
38,20,10,6,12.5,7.5,-5.0
38,21,7,11,8.75,13.75,5.0
38,22,5,8,6.25,10.0,3.75
38,23,11,2,13.75,2.5,-11.25
38,24,9,11,11.25,13.75,2.5
38,25,10,7,12.5,8.75,-3.75
38,26,10,7,12.5,8.75,-3.75
38,27,8,7,10.0,8.75,-1.25
38,28,8,9,10.0,11.25,1.25
38,29,10,14,12.5,17.5,5.0
38,30,5,9,6.25,11.25,5.0
38,31,9,10,11.25,12.5,1.25
38,32,7,4,8.75,5.0,-3.75
38,33,7,6,8.75,7.5,-1.25
38,34,14,4,17.5,5.0,-12.5
38,35,12,4,15.0,5.0,-10.0
38,36,5,6,6.25,7.5,1.25
38,37,13,10,16.25,12.5,-3.75
38,38,15,6,18.75,7.5,-11.25
38,39,11,5,13.75,6.25,-7.5
38,40,11,8,13.75,10.0,-3.75
38,41,10,10,12.5,12.5,0.0
38,42,3,5,3.75,6.25,2.5
38,43,5,6,6.25,7.5,1.25
38,44,12,6,15.0,7.5,-7.5
38,45,11,8,13.75,10.0,-3.75
38,46,4,5,5.0,6.25,1.25
38,47,4,4,5.0,5.0,0.0
38,48,13,10,16.25,12.5,-3.75
38,49,8,12,10.0,15.0,5.0
38,50,6,8,7.5,10.0,2.5
38,51,7,7,8.75,8.75,0.0
38,52,8,3,10.0,3.75,-6.25
38,53,6,15,7.5,18.75,11.25
38,54,9,5,11.25,6.25,-5.0
38,55,11,9,13.75,11.25,-2.5
38,56,9,11,11.25,13.75,2.5
38,57,8,5,10.0,6.25,-3.75
38,58,6,8,7.5,10.0,2.5
38,59,8,6,10.0,7.5,-2.5
38,60,6,10,7.5,12.5,5.0
38,61,10,5,12.5,6.25,-6.25
38,62,12,11,15.0,13.75,-1.25
38,63,9,8,11.25,10.0,-1.25
38,64,10,8,12.5,10.0,-2.5
38,65,5,12,6.25,15.0,8.75
38,66,7,11,8.75,13.75,5.0
38,67,5,8,6.25,10.0,3.75
38,68,8,6,10.0,7.5,-2.5
38,69,4,8,5.0,10.0,5.0
38,70,6,13,7.5,16.25,8.75
38,71,3,10,3.75,12.5,8.75
38,72,9,6,11.25,7.5,-3.75
38,73,12,12,15.0,15.0,0.0
38,74,6,9,7.5,11.25,3.75
38,75,4,8,5.0,10.0,5.0
38,76,6,8,7.5,10.0,2.5
38,77,7,5,8.75,6.25,-2.5
38,78,6,5,7.5,6.25,-1.25
38,79,6,7,7.5,8.75,1.25
38,80,5,4,6.25,5.0,-1.25
38,81,9,6,11.25,7.5,-3.75
38,82,6,9,7.5,11.25,3.75
38,83,3,9,3.75,11.25,7.5
38,84,6,1,7.5,1.25,-6.25
38,85,8,3,10.0,3.75,-6.25
38,86,6,2,7.5,2.5,-5.0
38,87,6,5,7.5,6.25,-1.25
38,88,10,5,12.5,6.25,-6.25
38,89,6,8,7.5,10.0,2.5
38,90,6,7,7.5,8.75,1.25
38,91,12,7,15.0,8.75,-6.25
38,92,9,8,11.25,10.0,-1.25
38,93,8,8,10.0,10.0,0.0
38,94,5,8,6.25,10.0,3.75
38,95,12,5,15.0,6.25,-8.75
38,96,10,5,12.5,6.25,-6.25
38,97,4,5,5.0,6.25,1.25
38,98,4,11,5.0,13.75,8.75
38,99,6,15,7.5,18.75,11.25
38,100,4,8,5.0,10.0,5.0
38,101,1,10,1.25,12.5,11.25
38,102,6,9,7.5,11.25,3.75
38,103,2,10,2.5,12.5,10.0
38,104,9,5,11.25,6.25,-5.0
38,105,9,8,11.25,10.0,-1.25
38,106,4,4,5.0,5.0,0.0
38,107,5,10,6.25,12.5,6.25
38,108,9,8,11.25,10.0,-1.25
38,109,5,10,6.25,12.5,6.25
38,110,4,11,5.0,13.75,8.75
38,111,4,10,5.0,12.5,7.5
38,112,8,7,10.0,8.75,-1.25
38,113,4,4,5.0,5.0,0.0
38,114,8,5,10.0,6.25,-3.75
38,115,6,5,7.5,6.25,-1.25
38,116,11,9,13.75,11.25,-2.5
38,117,7,11,8.75,13.75,5.0
38,118,7,4,8.75,5.0,-3.75
38,119,4,8,5.0,10.0,5.0
38,120,14,10,17.5,12.5,-5.0
38,121,4,5,5.0,6.25,1.25
38,122,10,11,12.5,13.75,1.25
38,123,8,3,10.0,3.75,-6.25
38,124,4,10,5.0,12.5,7.5
38,125,9,10,11.25,12.5,1.25
38,126,5,6,6.25,7.5,1.25
38,127,7,7,8.75,8.75,0.0
38,128,6,11,7.5,13.75,6.25
38,129,6,11,7.5,13.75,6.25
38,130,3,11,3.75,13.75,10.0
38,131,7,8,8.75,10.0,1.25
38,132,8,4,10.0,5.0,-5.0
38,133,8,12,10.0,15.0,5.0
38,134,4,5,5.0,6.25,1.25
39,0,0,2,0.0,2.5,2.5
39,1,1,0,1.25,0.0,-1.25
39,2,0,0,0.0,0.0,0.0
39,3,2,1,2.5,1.25,-1.25
39,4,1,2,1.25,2.5,1.25
39,5,1,0,1.25,0.0,-1.25
39,6,2,0,2.5,0.0,-2.5
39,7,0,0,0.0,0.0,0.0
39,8,3,0,3.75,0.0,-3.75
39,9,0,1,0.0,1.25,1.25
39,10,1,0,1.25,0.0,-1.25
39,11,0,1,0.0,1.25,1.25
39,12,0,0,0.0,0.0,0.0
39,13,2,0,2.5,0.0,-2.5
39,14,1,0,1.25,0.0,-1.25
39,15,1,1,1.25,1.25,0.0
39,16,2,0,2.5,0.0,-2.5
39,17,1,2,1.25,2.5,1.25
39,18,1,1,1.25,1.25,0.0
39,19,1,0,1.25,0.0,-1.25
39,20,0,0,0.0,0.0,0.0
39,21,0,1,0.0,1.25,1.25
39,22,0,0,0.0,0.0,0.0
39,23,0,0,0.0,0.0,0.0
39,24,1,0,1.25,0.0,-1.25
39,25,0,2,0.0,2.5,2.5
39,26,3,1,3.75,1.25,-2.5
39,27,0,0,0.0,0.0,0.0
39,28,1,1,1.25,1.25,0.0
39,29,0,0,0.0,0.0,0.0
39,30,1,0,1.25,0.0,-1.25
39,31,0,0,0.0,0.0,0.0
39,32,0,0,0.0,0.0,0.0
39,33,0,1,0.0,1.25,1.25
39,34,4,2,5.0,2.5,-2.5
39,35,1,0,1.25,0.0,-1.25
39,36,0,1,0.0,1.25,1.25
39,37,0,0,0.0,0.0,0.0
39,38,3,0,3.75,0.0,-3.75
39,39,1,1,1.25,1.25,0.0
39,40,0,2,0.0,2.5,2.5
39,41,1,1,1.25,1.25,0.0
39,42,1,4,1.25,5.0,3.75
39,43,0,0,0.0,0.0,0.0
39,44,4,1,5.0,1.25,-3.75
39,45,0,1,0.0,1.25,1.25
39,46,1,0,1.25,0.0,-1.25
39,47,1,0,1.25,0.0,-1.25
39,48,1,0,1.25,0.0,-1.25
39,49,4,0,5.0,0.0,-5.0
39,50,2,1,2.5,1.25,-1.25
39,51,2,2,2.5,2.5,0.0
39,52,1,0,1.25,0.0,-1.25
39,53,1,0,1.25,0.0,-1.25
39,54,0,1,0.0,1.25,1.25
39,55,1,0,1.25,0.0,-1.25
39,56,1,0,1.25,0.0,-1.25
39,57,0,1,0.0,1.25,1.25
39,58,0,0,0.0,0.0,0.0
39,59,0,1,0.0,1.25,1.25
39,60,0,0,0.0,0.0,0.0
39,61,1,0,1.25,0.0,-1.25
39,62,1,0,1.25,0.0,-1.25
39,63,2,0,2.5,0.0,-2.5
39,64,0,0,0.0,0.0,0.0
39,65,3,1,3.75,1.25,-2.5
39,66,0,0,0.0,0.0,0.0
39,67,1,0,1.25,0.0,-1.25
39,68,1,1,1.25,1.25,0.0
39,69,0,4,0.0,5.0,5.0
39,70,2,1,2.5,1.25,-1.25
39,71,1,0,1.25,0.0,-1.25
39,72,1,0,1.25,0.0,-1.25
39,73,1,0,1.25,0.0,-1.25
39,74,1,0,1.25,0.0,-1.25
39,75,0,0,0.0,0.0,0.0
39,76,1,0,1.25,0.0,-1.25
39,77,0,0,0.0,0.0,0.0
39,78,1,0,1.25,0.0,-1.25
39,79,3,1,3.75,1.25,-2.5
39,80,0,0,0.0,0.0,0.0
39,81,2,0,2.5,0.0,-2.5
39,82,2,0,2.5,0.0,-2.5
39,83,0,0,0.0,0.0,0.0
39,84,5,0,6.25,0.0,-6.25
39,85,1,0,1.25,0.0,-1.25
39,86,1,0,1.25,0.0,-1.25
39,87,1,0,1.25,0.0,-1.25
39,88,1,0,1.25,0.0,-1.25
39,89,2,0,2.5,0.0,-2.5
39,90,0,0,0.0,0.0,0.0
39,91,0,0,0.0,0.0,0.0
39,92,2,0,2.5,0.0,-2.5
39,93,1,0,1.25,0.0,-1.25
39,94,0,0,0.0,0.0,0.0
39,95,0,0,0.0,0.0,0.0
39,96,1,0,1.25,0.0,-1.25
39,97,0,0,0.0,0.0,0.0
39,98,0,0,0.0,0.0,0.0
39,99,0,1,0.0,1.25,1.25
39,100,1,0,1.25,0.0,-1.25
39,101,1,1,1.25,1.25,0.0
39,102,1,1,1.25,1.25,0.0
39,103,0,0,0.0,0.0,0.0
39,104,4,2,5.0,2.5,-2.5
39,105,0,0,0.0,0.0,0.0
39,106,2,0,2.5,0.0,-2.5
39,107,0,0,0.0,0.0,0.0
39,108,1,1,1.25,1.25,0.0
39,109,1,3,1.25,3.75,2.5
39,110,1,0,1.25,0.0,-1.25
39,111,4,0,5.0,0.0,-5.0
39,112,4,2,5.0,2.5,-2.5
39,113,1,0,1.25,0.0,-1.25
39,114,0,2,0.0,2.5,2.5
39,115,3,1,3.75,1.25,-2.5
39,116,1,0,1.25,0.0,-1.25
39,117,0,0,0.0,0.0,0.0
39,118,0,0,0.0,0.0,0.0
39,119,0,0,0.0,0.0,0.0
39,120,1,0,1.25,0.0,-1.25
39,121,0,0,0.0,0.0,0.0
39,122,2,0,2.5,0.0,-2.5
39,123,0,0,0.0,0.0,0.0
39,124,0,0,0.0,0.0,0.0
39,125,0,0,0.0,0.0,0.0
39,126,2,0,2.5,0.0,-2.5
39,127,6,0,7.5,0.0,-7.5
39,128,2,0,2.5,0.0,-2.5
39,129,1,0,1.25,0.0,-1.25
39,130,1,0,1.25,0.0,-1.25
39,131,1,0,1.25,0.0,-1.25
39,132,0,0,0.0,0.0,0.0
39,133,0,0,0.0,0.0,0.0
39,134,0,0,0.0,0.0,0.0
40,0,1,1,1.25,1.25,0.0
40,1,0,1,0.0,1.25,1.25
40,2,2,3,2.5,3.75,1.25
40,3,0,0,0.0,0.0,0.0
40,4,2,0,2.5,0.0,-2.5
40,5,1,1,1.25,1.25,0.0
40,6,0,0,0.0,0.0,0.0
40,7,0,1,0.0,1.25,1.25
40,8,0,0,0.0,0.0,0.0
40,9,2,1,2.5,1.25,-1.25
40,10,0,0,0.0,0.0,0.0
40,11,0,1,0.0,1.25,1.25
40,12,0,0,0.0,0.0,0.0
40,13,0,0,0.0,0.0,0.0
40,14,0,0,0.0,0.0,0.0
40,15,1,0,1.25,0.0,-1.25
40,16,1,0,1.25,0.0,-1.25
40,17,1,2,1.25,2.5,1.25
40,18,3,1,3.75,1.25,-2.5
40,19,1,1,1.25,1.25,0.0
40,20,1,0,1.25,0.0,-1.25
40,21,3,0,3.75,0.0,-3.75
40,22,1,1,1.25,1.25,0.0
40,23,1,0,1.25,0.0,-1.25
40,24,0,1,0.0,1.25,1.25
40,25,0,0,0.0,0.0,0.0
40,26,0,0,0.0,0.0,0.0
40,27,2,0,2.5,0.0,-2.5
40,28,0,1,0.0,1.25,1.25
40,29,2,2,2.5,2.5,0.0
40,30,0,1,0.0,1.25,1.25
40,31,0,1,0.0,1.25,1.25
40,32,0,0,0.0,0.0,0.0
40,33,1,0,1.25,0.0,-1.25
40,34,3,1,3.75,1.25,-2.5
40,35,1,2,1.25,2.5,1.25
40,36,2,2,2.5,2.5,0.0
40,37,0,0,0.0,0.0,0.0
40,38,0,1,0.0,1.25,1.25
40,39,1,2,1.25,2.5,1.25
40,40,2,3,2.5,3.75,1.25
40,41,1,0,1.25,0.0,-1.25
40,42,0,1,0.0,1.25,1.25
40,43,1,0,1.25,0.0,-1.25
40,44,2,1,2.5,1.25,-1.25
40,45,0,1,0.0,1.25,1.25
40,46,0,0,0.0,0.0,0.0
40,47,1,0,1.25,0.0,-1.25
40,48,0,3,0.0,3.75,3.75
40,49,0,0,0.0,0.0,0.0
40,50,0,2,0.0,2.5,2.5
40,51,0,0,0.0,0.0,0.0
40,52,0,2,0.0,2.5,2.5
40,53,2,1,2.5,1.25,-1.25
40,54,1,1,1.25,1.25,0.0
40,55,1,0,1.25,0.0,-1.25
40,56,1,1,1.25,1.25,0.0
40,57,0,0,0.0,0.0,0.0
40,58,1,3,1.25,3.75,2.5
40,59,1,0,1.25,0.0,-1.25
40,60,1,0,1.25,0.0,-1.25
40,61,0,1,0.0,1.25,1.25
40,62,0,0,0.0,0.0,0.0
40,63,1,2,1.25,2.5,1.25
40,64,0,0,0.0,0.0,0.0
40,65,4,5,5.0,6.25,1.25
40,66,0,4,0.0,5.0,5.0
40,67,0,0,0.0,0.0,0.0
40,68,1,2,1.25,2.5,1.25
40,69,2,0,2.5,0.0,-2.5
40,70,0,1,0.0,1.25,1.25
40,71,2,1,2.5,1.25,-1.25
40,72,1,1,1.25,1.25,0.0
40,73,2,2,2.5,2.5,0.0
40,74,0,0,0.0,0.0,0.0
40,75,0,2,0.0,2.5,2.5
40,76,0,1,0.0,1.25,1.25
40,77,1,0,1.25,0.0,-1.25
40,78,2,0,2.5,0.0,-2.5
40,79,3,1,3.75,1.25,-2.5
40,80,3,0,3.75,0.0,-3.75
40,81,2,3,2.5,3.75,1.25
40,82,1,0,1.25,0.0,-1.25
40,83,0,0,0.0,0.0,0.0
40,84,2,6,2.5,7.5,5.0
40,85,2,1,2.5,1.25,-1.25
40,86,0,1,0.0,1.25,1.25
40,87,0,1,0.0,1.25,1.25
40,88,0,1,0.0,1.25,1.25
40,89,1,0,1.25,0.0,-1.25
40,90,0,2,0.0,2.5,2.5
40,91,2,2,2.5,2.5,0.0
40,92,0,0,0.0,0.0,0.0
40,93,0,1,0.0,1.25,1.25
40,94,3,0,3.75,0.0,-3.75
40,95,1,2,1.25,2.5,1.25
40,96,0,1,0.0,1.25,1.25
40,97,0,2,0.0,2.5,2.5
40,98,2,1,2.5,1.25,-1.25
40,99,2,0,2.5,0.0,-2.5
40,100,0,0,0.0,0.0,0.0
40,101,2,0,2.5,0.0,-2.5
40,102,2,1,2.5,1.25,-1.25
40,103,1,3,1.25,3.75,2.5
40,104,1,2,1.25,2.5,1.25
40,105,1,1,1.25,1.25,0.0
40,106,2,2,2.5,2.5,0.0
40,107,0,1,0.0,1.25,1.25
40,108,2,1,2.5,1.25,-1.25
40,109,1,0,1.25,0.0,-1.25
40,110,2,5,2.5,6.25,3.75
40,111,3,0,3.75,0.0,-3.75
40,112,1,1,1.25,1.25,0.0
40,113,0,1,0.0,1.25,1.25
40,114,0,1,0.0,1.25,1.25
40,115,4,2,5.0,2.5,-2.5
40,116,0,2,0.0,2.5,2.5
40,117,1,2,1.25,2.5,1.25
40,118,1,0,1.25,0.0,-1.25
40,119,4,2,5.0,2.5,-2.5
40,120,0,2,0.0,2.5,2.5
40,121,1,0,1.25,0.0,-1.25
40,122,0,1,0.0,1.25,1.25
40,123,2,1,2.5,1.25,-1.25
40,124,0,0,0.0,0.0,0.0
40,125,1,0,1.25,0.0,-1.25
40,126,2,0,2.5,0.0,-2.5
40,127,0,1,0.0,1.25,1.25
40,128,2,1,2.5,1.25,-1.25
40,129,0,2,0.0,2.5,2.5
40,130,4,1,5.0,1.25,-3.75
40,131,0,2,0.0,2.5,2.5
40,132,1,0,1.25,0.0,-1.25
40,133,0,1,0.0,1.25,1.25
40,134,3,1,3.75,1.25,-2.5
41,0,3,7,3.75,8.75,5.0
41,1,2,2,2.5,2.5,0.0
41,2,5,3,6.25,3.75,-2.5
41,3,4,5,5.0,6.25,1.25
41,4,9,8,11.25,10.0,-1.25
41,5,7,2,8.75,2.5,-6.25
41,6,4,5,5.0,6.25,1.25
41,7,5,5,6.25,6.25,0.0
41,8,2,3,2.5,3.75,1.25
41,9,9,3,11.25,3.75,-7.5
41,10,3,6,3.75,7.5,3.75
41,11,6,4,7.5,5.0,-2.5
41,12,5,2,6.25,2.5,-3.75
41,13,4,6,5.0,7.5,2.5
41,14,4,5,5.0,6.25,1.25
41,15,3,5,3.75,6.25,2.5
41,16,5,8,6.25,10.0,3.75
41,17,2,3,2.5,3.75,1.25
41,18,4,3,5.0,3.75,-1.25
41,19,3,3,3.75,3.75,0.0
41,20,3,5,3.75,6.25,2.5
41,21,4,5,5.0,6.25,1.25
41,22,6,2,7.5,2.5,-5.0
41,23,3,4,3.75,5.0,1.25
41,24,7,4,8.75,5.0,-3.75
41,25,2,5,2.5,6.25,3.75
41,26,7,2,8.75,2.5,-6.25
41,27,5,3,6.25,3.75,-2.5
41,28,7,6,8.75,7.5,-1.25
41,29,4,5,5.0,6.25,1.25
41,30,5,4,6.25,5.0,-1.25
41,31,5,6,6.25,7.5,1.25
41,32,10,4,12.5,5.0,-7.5
41,33,4,3,5.0,3.75,-1.25
41,34,4,3,5.0,3.75,-1.25
41,35,7,8,8.75,10.0,1.25
41,36,8,2,10.0,2.5,-7.5
41,37,3,5,3.75,6.25,2.5
41,38,5,4,6.25,5.0,-1.25
41,39,9,3,11.25,3.75,-7.5
41,40,1,4,1.25,5.0,3.75
41,41,4,1,5.0,1.25,-3.75
41,42,10,5,12.5,6.25,-6.25
41,43,2,2,2.5,2.5,0.0
41,44,3,6,3.75,7.5,3.75
41,45,4,3,5.0,3.75,-1.25
41,46,5,4,6.25,5.0,-1.25
41,47,2,7,2.5,8.75,6.25
41,48,1,5,1.25,6.25,5.0
41,49,5,4,6.25,5.0,-1.25
41,50,5,6,6.25,7.5,1.25
41,51,4,7,5.0,8.75,3.75
41,52,7,4,8.75,5.0,-3.75
41,53,2,3,2.5,3.75,1.25
41,54,3,5,3.75,6.25,2.5
41,55,8,4,10.0,5.0,-5.0
41,56,4,2,5.0,2.5,-2.5
41,57,6,8,7.5,10.0,2.5
41,58,10,2,12.5,2.5,-10.0
41,59,6,4,7.5,5.0,-2.5
41,60,4,7,5.0,8.75,3.75
41,61,2,1,2.5,1.25,-1.25
41,62,5,6,6.25,7.5,1.25
41,63,5,3,6.25,3.75,-2.5
41,64,5,7,6.25,8.75,2.5
41,65,2,7,2.5,8.75,6.25
41,66,2,11,2.5,13.75,11.25
41,67,3,2,3.75,2.5,-1.25
41,68,2,2,2.5,2.5,0.0
41,69,7,3,8.75,3.75,-5.0
41,70,5,4,6.25,5.0,-1.25
41,71,6,7,7.5,8.75,1.25
41,72,3,8,3.75,10.0,6.25
41,73,3,3,3.75,3.75,0.0
41,74,1,10,1.25,12.5,11.25
41,75,4,6,5.0,7.5,2.5
41,76,5,5,6.25,6.25,0.0
41,77,9,5,11.25,6.25,-5.0
41,78,5,3,6.25,3.75,-2.5
41,79,4,2,5.0,2.5,-2.5
41,80,3,6,3.75,7.5,3.75
41,81,7,8,8.75,10.0,1.25
41,82,3,5,3.75,6.25,2.5
41,83,11,0,13.75,0.0,-13.75
41,84,2,6,2.5,7.5,5.0
41,85,7,6,8.75,7.5,-1.25
41,86,5,5,6.25,6.25,0.0
41,87,2,4,2.5,5.0,2.5
41,88,10,8,12.5,10.0,-2.5
41,89,3,1,3.75,1.25,-2.5
41,90,6,8,7.5,10.0,2.5
41,91,6,4,7.5,5.0,-2.5
41,92,5,6,6.25,7.5,1.25
41,93,5,2,6.25,2.5,-3.75
41,94,0,5,0.0,6.25,6.25
41,95,2,4,2.5,5.0,2.5
41,96,3,6,3.75,7.5,3.75
41,97,3,1,3.75,1.25,-2.5
41,98,5,5,6.25,6.25,0.0
41,99,4,5,5.0,6.25,1.25
41,100,5,7,6.25,8.75,2.5
41,101,2,5,2.5,6.25,3.75
41,102,4,0,5.0,0.0,-5.0
41,103,5,2,6.25,2.5,-3.75
41,104,3,8,3.75,10.0,6.25
41,105,5,3,6.25,3.75,-2.5
41,106,5,5,6.25,6.25,0.0
41,107,6,5,7.5,6.25,-1.25
41,108,4,2,5.0,2.5,-2.5
41,109,6,4,7.5,5.0,-2.5
41,110,4,7,5.0,8.75,3.75
41,111,10,4,12.5,5.0,-7.5
41,112,4,10,5.0,12.5,7.5
41,113,10,8,12.5,10.0,-2.5
41,114,1,9,1.25,11.25,10.0
41,115,5,6,6.25,7.5,1.25
41,116,5,1,6.25,1.25,-5.0
41,117,1,8,1.25,10.0,8.75
41,118,10,4,12.5,5.0,-7.5
41,119,6,5,7.5,6.25,-1.25
41,120,5,3,6.25,3.75,-2.5
41,121,8,3,10.0,3.75,-6.25
41,122,6,4,7.5,5.0,-2.5
41,123,1,7,1.25,8.75,7.5
41,124,6,2,7.5,2.5,-5.0
41,125,8,3,10.0,3.75,-6.25
41,126,7,5,8.75,6.25,-2.5
41,127,4,2,5.0,2.5,-2.5
41,128,3,6,3.75,7.5,3.75
41,129,8,2,10.0,2.5,-7.5
41,130,7,5,8.75,6.25,-2.5
41,131,6,4,7.5,5.0,-2.5
41,132,4,1,5.0,1.25,-3.75
41,133,7,1,8.75,1.25,-7.5
41,134,2,2,2.5,2.5,0.0
42,0,0,0,0.0,0.0,0.0
42,1,1,2,1.25,2.5,1.25
42,2,1,3,1.25,3.75,2.5
42,3,0,1,0.0,1.25,1.25
42,4,1,1,1.25,1.25,0.0
42,5,0,0,0.0,0.0,0.0
42,6,0,0,0.0,0.0,0.0
42,7,0,0,0.0,0.0,0.0
42,8,1,0,1.25,0.0,-1.25
42,9,0,0,0.0,0.0,0.0
42,10,0,1,0.0,1.25,1.25
42,11,0,1,0.0,1.25,1.25
42,12,1,1,1.25,1.25,0.0
42,13,1,0,1.25,0.0,-1.25
42,14,1,0,1.25,0.0,-1.25
42,15,0,0,0.0,0.0,0.0
42,16,2,2,2.5,2.5,0.0
42,17,0,0,0.0,0.0,0.0
42,18,0,0,0.0,0.0,0.0
42,19,0,0,0.0,0.0,0.0
42,20,0,1,0.0,1.25,1.25
42,21,0,2,0.0,2.5,2.5
42,22,0,0,0.0,0.0,0.0
42,23,1,0,1.25,0.0,-1.25
42,24,1,0,1.25,0.0,-1.25
42,25,0,0,0.0,0.0,0.0
42,26,0,0,0.0,0.0,0.0
42,27,0,1,0.0,1.25,1.25
42,28,0,0,0.0,0.0,0.0
42,29,0,0,0.0,0.0,0.0
42,30,0,1,0.0,1.25,1.25
42,31,0,1,0.0,1.25,1.25
42,32,1,1,1.25,1.25,0.0
42,33,1,1,1.25,1.25,0.0
42,34,2,1,2.5,1.25,-1.25
42,35,0,0,0.0,0.0,0.0
42,36,1,1,1.25,1.25,0.0
42,37,0,0,0.0,0.0,0.0
42,38,1,0,1.25,0.0,-1.25
42,39,2,2,2.5,2.5,0.0
42,40,0,1,0.0,1.25,1.25
42,41,0,2,0.0,2.5,2.5
42,42,1,1,1.25,1.25,0.0
42,43,0,0,0.0,0.0,0.0
42,44,0,0,0.0,0.0,0.0
42,45,1,2,1.25,2.5,1.25
42,46,0,1,0.0,1.25,1.25
42,47,0,1,0.0,1.25,1.25
42,48,1,0,1.25,0.0,-1.25
42,49,2,1,2.5,1.25,-1.25
42,50,0,1,0.0,1.25,1.25
42,51,3,1,3.75,1.25,-2.5
42,52,1,1,1.25,1.25,0.0
42,53,3,0,3.75,0.0,-3.75
42,54,2,0,2.5,0.0,-2.5
42,55,2,3,2.5,3.75,1.25
42,56,1,5,1.25,6.25,5.0
42,57,0,2,0.0,2.5,2.5
42,58,3,1,3.75,1.25,-2.5
42,59,2,4,2.5,5.0,2.5
42,60,1,1,1.25,1.25,0.0
42,61,3,1,3.75,1.25,-2.5
42,62,2,3,2.5,3.75,1.25
42,63,1,1,1.25,1.25,0.0
42,64,3,1,3.75,1.25,-2.5
42,65,2,2,2.5,2.5,0.0
42,66,1,2,1.25,2.5,1.25
42,67,3,3,3.75,3.75,0.0
42,68,1,2,1.25,2.5,1.25
42,69,4,2,5.0,2.5,-2.5
42,70,1,2,1.25,2.5,1.25
42,71,1,3,1.25,3.75,2.5
42,72,5,1,6.25,1.25,-5.0
42,73,2,3,2.5,3.75,1.25
42,74,4,3,5.0,3.75,-1.25
42,75,3,3,3.75,3.75,0.0
42,76,1,2,1.25,2.5,1.25
42,77,3,4,3.75,5.0,1.25
42,78,2,3,2.5,3.75,1.25
42,79,4,3,5.0,3.75,-1.25
42,80,3,3,3.75,3.75,0.0
42,81,1,3,1.25,3.75,2.5
42,82,4,1,5.0,1.25,-3.75
42,83,2,1,2.5,1.25,-1.25
42,84,0,3,0.0,3.75,3.75
42,85,4,3,5.0,3.75,-1.25
42,86,4,2,5.0,2.5,-2.5
42,87,2,1,2.5,1.25,-1.25
42,88,2,1,2.5,1.25,-1.25
42,89,0,0,0.0,0.0,0.0
42,90,1,2,1.25,2.5,1.25
42,91,3,2,3.75,2.5,-1.25
42,92,2,3,2.5,3.75,1.25
42,93,0,2,0.0,2.5,2.5
42,94,5,3,6.25,3.75,-2.5
42,95,0,0,0.0,0.0,0.0
42,96,2,5,2.5,6.25,3.75
42,97,3,4,3.75,5.0,1.25
42,98,4,2,5.0,2.5,-2.5
42,99,2,0,2.5,0.0,-2.5
42,100,3,4,3.75,5.0,1.25
42,101,2,0,2.5,0.0,-2.5
42,102,2,1,2.5,1.25,-1.25
42,103,3,3,3.75,3.75,0.0
42,104,1,4,1.25,5.0,3.75
42,105,4,4,5.0,5.0,0.0
42,106,2,5,2.5,6.25,3.75
42,107,1,5,1.25,6.25,5.0
42,108,2,3,2.5,3.75,1.25
42,109,1,5,1.25,6.25,5.0
42,110,1,1,1.25,1.25,0.0
42,111,0,4,0.0,5.0,5.0
42,112,2,1,2.5,1.25,-1.25
42,113,3,2,3.75,2.5,-1.25
42,114,3,3,3.75,3.75,0.0
42,115,0,2,0.0,2.5,2.5
42,116,3,4,3.75,5.0,1.25
42,117,2,0,2.5,0.0,-2.5
42,118,3,0,3.75,0.0,-3.75
42,119,4,2,5.0,2.5,-2.5
42,120,2,2,2.5,2.5,0.0
42,121,0,3,0.0,3.75,3.75
42,122,1,2,1.25,2.5,1.25
42,123,0,0,0.0,0.0,0.0
42,124,2,0,2.5,0.0,-2.5
42,125,3,4,3.75,5.0,1.25
42,126,2,2,2.5,2.5,0.0
42,127,2,2,2.5,2.5,0.0
42,128,3,2,3.75,2.5,-1.25
42,129,1,2,1.25,2.5,1.25
42,130,0,2,0.0,2.5,2.5
42,131,3,1,3.75,1.25,-2.5
42,132,3,1,3.75,1.25,-2.5
42,133,2,4,2.5,5.0,2.5
42,134,1,2,1.25,2.5,1.25
43,0,2,3,2.5,3.75,1.25
43,1,1,4,1.25,5.0,3.75
43,2,5,3,6.25,3.75,-2.5
43,3,4,4,5.0,5.0,0.0
43,4,5,1,6.25,1.25,-5.0
43,5,3,5,3.75,6.25,2.5
43,6,3,4,3.75,5.0,1.25
43,7,2,4,2.5,5.0,2.5
43,8,6,3,7.5,3.75,-3.75
43,9,3,2,3.75,2.5,-1.25
43,10,5,5,6.25,6.25,0.0
43,11,5,2,6.25,2.5,-3.75
43,12,2,3,2.5,3.75,1.25
43,13,4,3,5.0,3.75,-1.25
43,14,3,2,3.75,2.5,-1.25
43,15,1,1,1.25,1.25,0.0
43,16,4,5,5.0,6.25,1.25
43,17,0,3,0.0,3.75,3.75
43,18,1,3,1.25,3.75,2.5
43,19,3,3,3.75,3.75,0.0
43,20,2,2,2.5,2.5,0.0
43,21,5,4,6.25,5.0,-1.25
43,22,0,3,0.0,3.75,3.75
43,23,4,3,5.0,3.75,-1.25
43,24,5,6,6.25,7.5,1.25
43,25,4,4,5.0,5.0,0.0
43,26,2,2,2.5,2.5,0.0
43,27,3,2,3.75,2.5,-1.25
43,28,5,3,6.25,3.75,-2.5
43,29,5,1,6.25,1.25,-5.0
43,30,1,2,1.25,2.5,1.25
43,31,4,4,5.0,5.0,0.0
43,32,10,2,12.5,2.5,-10.0
43,33,7,5,8.75,6.25,-2.5
43,34,3,2,3.75,2.5,-1.25
43,35,2,4,2.5,5.0,2.5
43,36,2,4,2.5,5.0,2.5
43,37,2,2,2.5,2.5,0.0
43,38,3,3,3.75,3.75,0.0
43,39,3,5,3.75,6.25,2.5
43,40,4,3,5.0,3.75,-1.25
43,41,7,3,8.75,3.75,-5.0
43,42,3,5,3.75,6.25,2.5
43,43,2,4,2.5,5.0,2.5
43,44,2,0,2.5,0.0,-2.5
43,45,3,5,3.75,6.25,2.5
43,46,5,4,6.25,5.0,-1.25
43,47,4,5,5.0,6.25,1.25
43,48,3,4,3.75,5.0,1.25
43,49,4,3,5.0,3.75,-1.25
43,50,1,4,1.25,5.0,3.75
43,51,3,3,3.75,3.75,0.0
43,52,5,7,6.25,8.75,2.5
43,53,6,5,7.5,6.25,-1.25
43,54,5,3,6.25,3.75,-2.5
43,55,6,8,7.5,10.0,2.5
43,56,5,6,6.25,7.5,1.25
43,57,1,6,1.25,7.5,6.25
43,58,7,2,8.75,2.5,-6.25
43,59,5,5,6.25,6.25,0.0
43,60,7,4,8.75,5.0,-3.75
43,61,3,3,3.75,3.75,0.0
43,62,4,3,5.0,3.75,-1.25
43,63,2,4,2.5,5.0,2.5
43,64,9,4,11.25,5.0,-6.25
43,65,8,5,10.0,6.25,-3.75
43,66,2,7,2.5,8.75,6.25
43,67,5,5,6.25,6.25,0.0
43,68,2,3,2.5,3.75,1.25
43,69,7,5,8.75,6.25,-2.5
43,70,6,5,7.5,6.25,-1.25
43,71,5,5,6.25,6.25,0.0
43,72,6,4,7.5,5.0,-2.5
43,73,6,6,7.5,7.5,0.0
43,74,6,5,7.5,6.25,-1.25
43,75,5,4,6.25,5.0,-1.25
43,76,5,4,6.25,5.0,-1.25
43,77,7,10,8.75,12.5,3.75
43,78,3,7,3.75,8.75,5.0
43,79,7,6,8.75,7.5,-1.25
43,80,5,6,6.25,7.5,1.25
43,81,5,8,6.25,10.0,3.75
43,82,8,6,10.0,7.5,-2.5
43,83,5,4,6.25,5.0,-1.25
43,84,5,5,6.25,6.25,0.0
43,85,9,4,11.25,5.0,-6.25
43,86,8,3,10.0,3.75,-6.25
43,87,2,3,2.5,3.75,1.25
43,88,5,6,6.25,7.5,1.25
43,89,1,4,1.25,5.0,3.75
43,90,7,6,8.75,7.5,-1.25
43,91,7,3,8.75,3.75,-5.0
43,92,7,2,8.75,2.5,-6.25
43,93,5,3,6.25,3.75,-2.5
43,94,6,5,7.5,6.25,-1.25
43,95,3,4,3.75,5.0,1.25
43,96,8,7,10.0,8.75,-1.25
43,97,7,6,8.75,7.5,-1.25
43,98,6,7,7.5,8.75,1.25
43,99,4,2,5.0,2.5,-2.5
43,100,5,8,6.25,10.0,3.75
43,101,4,3,5.0,3.75,-1.25
43,102,5,4,6.25,5.0,-1.25
43,103,6,3,7.5,3.75,-3.75
43,104,7,3,8.75,3.75,-5.0
43,105,6,6,7.5,7.5,0.0
43,106,5,5,6.25,6.25,0.0
43,107,5,7,6.25,8.75,2.5
43,108,7,5,8.75,6.25,-2.5
43,109,7,5,8.75,6.25,-2.5
43,110,4,3,5.0,3.75,-1.25
43,111,5,5,6.25,6.25,0.0
43,112,2,5,2.5,6.25,3.75
43,113,5,13,6.25,16.25,10.0
43,114,6,4,7.5,5.0,-2.5
43,115,4,6,5.0,7.5,2.5
43,116,7,4,8.75,5.0,-3.75
43,117,4,2,5.0,2.5,-2.5
43,118,3,2,3.75,2.5,-1.25
43,119,6,5,7.5,6.25,-1.25
43,120,5,2,6.25,2.5,-3.75
43,121,2,4,2.5,5.0,2.5
43,122,3,2,3.75,2.5,-1.25
43,123,7,2,8.75,2.5,-6.25
43,124,4,3,5.0,3.75,-1.25
43,125,7,15,8.75,18.75,10.0
43,126,6,9,7.5,11.25,3.75
43,127,7,4,8.75,5.0,-3.75
43,128,8,6,10.0,7.5,-2.5
43,129,6,6,7.5,7.5,0.0
43,130,9,6,11.25,7.5,-3.75
43,131,4,5,5.0,6.25,1.25
43,132,6,5,7.5,6.25,-1.25
43,133,5,7,6.25,8.75,2.5
43,134,4,4,5.0,5.0,0.0
44,0,2,1,2.5,1.25,-1.25
44,1,4,1,5.0,1.25,-3.75
44,2,3,0,3.75,0.0,-3.75
44,3,4,3,5.0,3.75,-1.25
44,4,1,0,1.25,0.0,-1.25
44,5,0,1,0.0,1.25,1.25
44,6,0,2,0.0,2.5,2.5
44,7,1,0,1.25,0.0,-1.25
44,8,0,2,0.0,2.5,2.5
44,9,2,0,2.5,0.0,-2.5
44,10,4,1,5.0,1.25,-3.75
44,11,1,1,1.25,1.25,0.0
44,12,1,2,1.25,2.5,1.25
44,13,0,0,0.0,0.0,0.0
44,14,1,0,1.25,0.0,-1.25
44,15,1,2,1.25,2.5,1.25
44,16,1,3,1.25,3.75,2.5
44,17,0,0,0.0,0.0,0.0
44,18,1,0,1.25,0.0,-1.25
44,19,2,2,2.5,2.5,0.0
44,20,1,0,1.25,0.0,-1.25
44,21,1,1,1.25,1.25,0.0
44,22,0,0,0.0,0.0,0.0
44,23,1,1,1.25,1.25,0.0
44,24,1,1,1.25,1.25,0.0
44,25,2,1,2.5,1.25,-1.25
44,26,0,3,0.0,3.75,3.75
44,27,0,0,0.0,0.0,0.0
44,28,0,2,0.0,2.5,2.5
44,29,1,1,1.25,1.25,0.0
44,30,0,0,0.0,0.0,0.0
44,31,0,0,0.0,0.0,0.0
44,32,1,0,1.25,0.0,-1.25
44,33,0,0,0.0,0.0,0.0
44,34,1,1,1.25,1.25,0.0
44,35,2,2,2.5,2.5,0.0
44,36,2,1,2.5,1.25,-1.25
44,37,2,0,2.5,0.0,-2.5
44,38,1,2,1.25,2.5,1.25
44,39,4,1,5.0,1.25,-3.75
44,40,1,3,1.25,3.75,2.5
44,41,0,1,0.0,1.25,1.25
44,42,0,0,0.0,0.0,0.0
44,43,2,1,2.5,1.25,-1.25
44,44,1,2,1.25,2.5,1.25
44,45,1,1,1.25,1.25,0.0
44,46,3,1,3.75,1.25,-2.5
44,47,0,4,0.0,5.0,5.0
44,48,0,0,0.0,0.0,0.0
44,49,1,0,1.25,0.0,-1.25
44,50,1,2,1.25,2.5,1.25
44,51,0,3,0.0,3.75,3.75
44,52,2,2,2.5,2.5,0.0
44,53,1,0,1.25,0.0,-1.25
44,54,0,2,0.0,2.5,2.5
44,55,1,1,1.25,1.25,0.0
44,56,3,1,3.75,1.25,-2.5
44,57,0,1,0.0,1.25,1.25
44,58,0,1,0.0,1.25,1.25
44,59,1,1,1.25,1.25,0.0
44,60,1,2,1.25,2.5,1.25
44,61,0,1,0.0,1.25,1.25
44,62,0,1,0.0,1.25,1.25
44,63,1,1,1.25,1.25,0.0
44,64,2,2,2.5,2.5,0.0
44,65,0,3,0.0,3.75,3.75
44,66,3,0,3.75,0.0,-3.75
44,67,0,1,0.0,1.25,1.25
44,68,2,0,2.5,0.0,-2.5
44,69,0,1,0.0,1.25,1.25
44,70,0,1,0.0,1.25,1.25
44,71,0,1,0.0,1.25,1.25
44,72,0,0,0.0,0.0,0.0
44,73,1,1,1.25,1.25,0.0
44,74,1,0,1.25,0.0,-1.25
44,75,1,1,1.25,1.25,0.0
44,76,1,1,1.25,1.25,0.0
44,77,0,2,0.0,2.5,2.5
44,78,0,1,0.0,1.25,1.25
44,79,2,0,2.5,0.0,-2.5
44,80,0,2,0.0,2.5,2.5
44,81,0,1,0.0,1.25,1.25
44,82,0,0,0.0,0.0,0.0
44,83,0,1,0.0,1.25,1.25
44,84,0,0,0.0,0.0,0.0
44,85,0,0,0.0,0.0,0.0
44,86,0,2,0.0,2.5,2.5
44,87,0,0,0.0,0.0,0.0
44,88,1,0,1.25,0.0,-1.25
44,89,1,1,1.25,1.25,0.0
44,90,1,0,1.25,0.0,-1.25
44,91,0,0,0.0,0.0,0.0
44,92,1,1,1.25,1.25,0.0
44,93,0,1,0.0,1.25,1.25
44,94,0,1,0.0,1.25,1.25
44,95,0,1,0.0,1.25,1.25
44,96,0,0,0.0,0.0,0.0
44,97,1,1,1.25,1.25,0.0
44,98,0,0,0.0,0.0,0.0
44,99,1,0,1.25,0.0,-1.25
44,100,2,1,2.5,1.25,-1.25
44,101,0,2,0.0,2.5,2.5
44,102,1,1,1.25,1.25,0.0
44,103,0,1,0.0,1.25,1.25
44,104,0,0,0.0,0.0,0.0
44,105,0,0,0.0,0.0,0.0
44,106,1,1,1.25,1.25,0.0
44,107,3,1,3.75,1.25,-2.5
44,108,0,1,0.0,1.25,1.25
44,109,1,1,1.25,1.25,0.0
44,110,0,0,0.0,0.0,0.0
44,111,0,2,0.0,2.5,2.5
44,112,1,2,1.25,2.5,1.25
44,113,0,0,0.0,0.0,0.0
44,114,0,0,0.0,0.0,0.0
44,115,0,1,0.0,1.25,1.25
44,116,0,0,0.0,0.0,0.0
44,117,1,1,1.25,1.25,0.0
44,118,0,1,0.0,1.25,1.25
44,119,1,1,1.25,1.25,0.0
44,120,0,2,0.0,2.5,2.5
44,121,1,1,1.25,1.25,0.0
44,122,1,2,1.25,2.5,1.25
44,123,0,1,0.0,1.25,1.25
44,124,1,0,1.25,0.0,-1.25
44,125,1,1,1.25,1.25,0.0
44,126,0,0,0.0,0.0,0.0
44,127,1,0,1.25,0.0,-1.25
44,128,0,0,0.0,0.0,0.0
44,129,0,0,0.0,0.0,0.0
44,130,0,2,0.0,2.5,2.5
44,131,0,2,0.0,2.5,2.5
44,132,0,1,0.0,1.25,1.25
44,133,0,0,0.0,0.0,0.0
44,134,0,0,0.0,0.0,0.0
45,0,1,3,1.25,3.75,2.5
45,1,0,4,0.0,5.0,5.0
45,2,3,4,3.75,5.0,1.25
45,3,2,4,2.5,5.0,2.5
45,4,2,5,2.5,6.25,3.75
45,5,2,3,2.5,3.75,1.25
45,6,3,3,3.75,3.75,0.0
45,7,5,4,6.25,5.0,-1.25
45,8,4,0,5.0,0.0,-5.0
45,9,5,1,6.25,1.25,-5.0
45,10,6,4,7.5,5.0,-2.5
45,11,4,2,5.0,2.5,-2.5
45,12,3,1,3.75,1.25,-2.5
45,13,3,2,3.75,2.5,-1.25
45,14,3,2,3.75,2.5,-1.25
45,15,4,2,5.0,2.5,-2.5
45,16,5,8,6.25,10.0,3.75
45,17,0,2,0.0,2.5,2.5
45,18,1,4,1.25,5.0,3.75
45,19,1,2,1.25,2.5,1.25
45,20,1,3,1.25,3.75,2.5
45,21,5,7,6.25,8.75,2.5
45,22,3,3,3.75,3.75,0.0
45,23,7,5,8.75,6.25,-2.5
45,24,5,2,6.25,2.5,-3.75
45,25,3,3,3.75,3.75,0.0
45,26,6,4,7.5,5.0,-2.5
45,27,0,2,0.0,2.5,2.5
45,28,7,2,8.75,2.5,-6.25
45,29,4,2,5.0,2.5,-2.5
45,30,1,3,1.25,3.75,2.5
45,31,1,4,1.25,5.0,3.75
45,32,4,6,5.0,7.5,2.5
45,33,2,5,2.5,6.25,3.75
45,34,1,4,1.25,5.0,3.75
45,35,1,9,1.25,11.25,10.0
45,36,6,1,7.5,1.25,-6.25
45,37,1,2,1.25,2.5,1.25
45,38,7,2,8.75,2.5,-6.25
45,39,4,3,5.0,3.75,-1.25
45,40,1,4,1.25,5.0,3.75
45,41,7,3,8.75,3.75,-5.0
45,42,3,5,3.75,6.25,2.5
45,43,4,1,5.0,1.25,-3.75
45,44,4,4,5.0,5.0,0.0
45,45,3,5,3.75,6.25,2.5
45,46,4,4,5.0,5.0,0.0
45,47,1,6,1.25,7.5,6.25
45,48,1,3,1.25,3.75,2.5
45,49,2,3,2.5,3.75,1.25
45,50,4,2,5.0,2.5,-2.5
45,51,1,4,1.25,5.0,3.75
45,52,7,8,8.75,10.0,1.25
45,53,5,6,6.25,7.5,1.25
45,54,5,3,6.25,3.75,-2.5
45,55,4,5,5.0,6.25,1.25
45,56,5,7,6.25,8.75,2.5
45,57,1,6,1.25,7.5,6.25
45,58,5,4,6.25,5.0,-1.25
45,59,7,5,8.75,6.25,-2.5
45,60,4,2,5.0,2.5,-2.5
45,61,3,3,3.75,3.75,0.0
45,62,5,5,6.25,6.25,0.0
45,63,5,6,6.25,7.5,1.25
45,64,5,3,6.25,3.75,-2.5
45,65,7,5,8.75,6.25,-2.5
45,66,5,7,6.25,8.75,2.5
45,67,5,6,6.25,7.5,1.25
45,68,4,4,5.0,5.0,0.0
45,69,4,2,5.0,2.5,-2.5
45,70,4,3,5.0,3.75,-1.25
45,71,7,8,8.75,10.0,1.25
45,72,7,5,8.75,6.25,-2.5
45,73,4,8,5.0,10.0,5.0
45,74,6,7,7.5,8.75,1.25
45,75,5,4,6.25,5.0,-1.25
45,76,2,3,2.5,3.75,1.25
45,77,7,5,8.75,6.25,-2.5
45,78,3,5,3.75,6.25,2.5
45,79,10,5,12.5,6.25,-6.25
45,80,3,3,3.75,3.75,0.0
45,81,3,8,3.75,10.0,6.25
45,82,9,9,11.25,11.25,0.0
45,83,7,2,8.75,2.5,-6.25
45,84,4,7,5.0,8.75,3.75
45,85,9,6,11.25,7.5,-3.75
45,86,6,5,7.5,6.25,-1.25
45,87,4,3,5.0,3.75,-1.25
45,88,8,7,10.0,8.75,-1.25
45,89,0,6,0.0,7.5,7.5
45,90,4,9,5.0,11.25,6.25
45,91,7,3,8.75,3.75,-5.0
45,92,7,4,8.75,5.0,-3.75
45,93,4,3,5.0,3.75,-1.25
45,94,7,4,8.75,5.0,-3.75
45,95,2,5,2.5,6.25,3.75
45,96,6,10,7.5,12.5,5.0
45,97,3,6,3.75,7.5,3.75
45,98,1,8,1.25,10.0,8.75
45,99,4,5,5.0,6.25,1.25
45,100,8,10,10.0,12.5,2.5
45,101,2,5,2.5,6.25,3.75
45,102,4,1,5.0,1.25,-3.75
45,103,5,3,6.25,3.75,-2.5
45,104,9,5,11.25,6.25,-5.0
45,105,6,6,7.5,7.5,0.0
45,106,3,4,3.75,5.0,1.25
45,107,5,7,6.25,8.75,2.5
45,108,5,3,6.25,3.75,-2.5
45,109,7,4,8.75,5.0,-3.75
45,110,7,3,8.75,3.75,-5.0
45,111,8,4,10.0,5.0,-5.0
45,112,4,9,5.0,11.25,6.25
45,113,8,13,10.0,16.25,6.25
45,114,3,7,3.75,8.75,5.0
45,115,8,5,10.0,6.25,-3.75
45,116,8,4,10.0,5.0,-5.0
45,117,6,2,7.5,2.5,-5.0
45,118,4,1,5.0,1.25,-3.75
45,119,5,4,6.25,5.0,-1.25
45,120,7,4,8.75,5.0,-3.75
45,121,3,8,3.75,10.0,6.25
45,122,1,2,1.25,2.5,1.25
45,123,5,7,6.25,8.75,2.5
45,124,6,1,7.5,1.25,-6.25
45,125,9,8,11.25,10.0,-1.25
45,126,4,10,5.0,12.5,7.5
45,127,8,3,10.0,3.75,-6.25
45,128,4,6,5.0,7.5,2.5
45,129,7,5,8.75,6.25,-2.5
45,130,7,6,8.75,7.5,-1.25
45,131,3,5,3.75,6.25,2.5
45,132,7,4,8.75,5.0,-3.75
45,133,3,4,3.75,5.0,1.25
45,134,3,4,3.75,5.0,1.25
46,0,3,2,3.75,2.5,-1.25
46,1,2,2,2.5,2.5,0.0
46,2,3,2,3.75,2.5,-1.25
46,3,0,3,0.0,3.75,3.75
46,4,2,1,2.5,1.25,-1.25
46,5,1,2,1.25,2.5,1.25
46,6,2,2,2.5,2.5,0.0
46,7,1,4,1.25,5.0,3.75
46,8,4,1,5.0,1.25,-3.75
46,9,3,1,3.75,1.25,-2.5
46,10,1,3,1.25,3.75,2.5
46,11,6,1,7.5,1.25,-6.25
46,12,1,2,1.25,2.5,1.25
46,13,2,4,2.5,5.0,2.5
46,14,2,2,2.5,2.5,0.0
46,15,2,2,2.5,2.5,0.0
46,16,3,3,3.75,3.75,0.0
46,17,2,0,2.5,0.0,-2.5
46,18,2,1,2.5,1.25,-1.25
46,19,1,0,1.25,0.0,-1.25
46,20,2,0,2.5,0.0,-2.5
46,21,3,2,3.75,2.5,-1.25
46,22,3,1,3.75,1.25,-2.5
46,23,7,1,8.75,1.25,-7.5
46,24,6,3,7.5,3.75,-3.75
46,25,3,1,3.75,1.25,-2.5
46,26,2,2,2.5,2.5,0.0
46,27,2,1,2.5,1.25,-1.25
46,28,5,2,6.25,2.5,-3.75
46,29,3,3,3.75,3.75,0.0
46,30,0,2,0.0,2.5,2.5
46,31,3,2,3.75,2.5,-1.25
46,32,2,4,2.5,5.0,2.5
46,33,1,1,1.25,1.25,0.0
46,34,3,2,3.75,2.5,-1.25
46,35,2,2,2.5,2.5,0.0
46,36,4,3,5.0,3.75,-1.25
46,37,2,1,2.5,1.25,-1.25
46,38,5,1,6.25,1.25,-5.0
46,39,1,4,1.25,5.0,3.75
46,40,3,1,3.75,1.25,-2.5
46,41,4,1,5.0,1.25,-3.75
46,42,2,6,2.5,7.5,5.0
46,43,4,1,5.0,1.25,-3.75
46,44,2,1,2.5,1.25,-1.25
46,45,3,5,3.75,6.25,2.5
46,46,3,2,3.75,2.5,-1.25
46,47,1,6,1.25,7.5,6.25
46,48,2,2,2.5,2.5,0.0
46,49,1,3,1.25,3.75,2.5
46,50,2,2,2.5,2.5,0.0
46,51,2,0,2.5,0.0,-2.5
46,52,2,5,2.5,6.25,3.75
46,53,5,4,6.25,5.0,-1.25
46,54,1,2,1.25,2.5,1.25
46,55,4,2,5.0,2.5,-2.5
46,56,4,4,5.0,5.0,0.0
46,57,1,3,1.25,3.75,2.5
46,58,3,0,3.75,0.0,-3.75
46,59,5,5,6.25,6.25,0.0
46,60,6,3,7.5,3.75,-3.75
46,61,2,3,2.5,3.75,1.25
46,62,4,3,5.0,3.75,-1.25
46,63,4,3,5.0,3.75,-1.25
46,64,3,3,3.75,3.75,0.0
46,65,6,4,7.5,5.0,-2.5
46,66,2,6,2.5,7.5,5.0
46,67,5,3,6.25,3.75,-2.5
46,68,2,3,2.5,3.75,1.25
46,69,6,4,7.5,5.0,-2.5
46,70,3,3,3.75,3.75,0.0
46,71,4,7,5.0,8.75,3.75
46,72,5,4,6.25,5.0,-1.25
46,73,4,5,5.0,6.25,1.25
46,74,5,4,6.25,5.0,-1.25
46,75,5,3,6.25,3.75,-2.5
46,76,3,3,3.75,3.75,0.0
46,77,9,7,11.25,8.75,-2.5
46,78,2,4,2.5,5.0,2.5
46,79,5,5,6.25,6.25,0.0
46,80,4,4,5.0,5.0,0.0
46,81,4,5,5.0,6.25,1.25
46,82,7,6,8.75,7.5,-1.25
46,83,6,2,7.5,2.5,-5.0
46,84,7,6,8.75,7.5,-1.25
46,85,4,5,5.0,6.25,1.25
46,86,6,2,7.5,2.5,-5.0
46,87,3,4,3.75,5.0,1.25
46,88,5,6,6.25,7.5,1.25
46,89,0,3,0.0,3.75,3.75
46,90,2,8,2.5,10.0,7.5
46,91,5,2,6.25,2.5,-3.75
46,92,5,3,6.25,3.75,-2.5
46,93,2,2,2.5,2.5,0.0
46,94,4,4,5.0,5.0,0.0
46,95,3,5,3.75,6.25,2.5
46,96,7,9,8.75,11.25,2.5
46,97,2,7,2.5,8.75,6.25
46,98,5,5,6.25,6.25,0.0
46,99,6,4,7.5,5.0,-2.5
46,100,5,7,6.25,8.75,2.5
46,101,3,2,3.75,2.5,-1.25
46,102,3,1,3.75,1.25,-2.5
46,103,1,3,1.25,3.75,2.5
46,104,7,3,8.75,3.75,-5.0
46,105,4,5,5.0,6.25,1.25
46,106,5,2,6.25,2.5,-3.75
46,107,4,7,5.0,8.75,3.75
46,108,6,4,7.5,5.0,-2.5
46,109,4,4,5.0,5.0,0.0
46,110,5,3,6.25,3.75,-2.5
46,111,6,3,7.5,3.75,-3.75
46,112,3,5,3.75,6.25,2.5
46,113,8,8,10.0,10.0,0.0
46,114,2,4,2.5,5.0,2.5
46,115,5,5,6.25,6.25,0.0
46,116,4,3,5.0,3.75,-1.25
46,117,3,3,3.75,3.75,0.0
46,118,2,0,2.5,0.0,-2.5
46,119,8,4,10.0,5.0,-5.0
46,120,5,2,6.25,2.5,-3.75
46,121,8,3,10.0,3.75,-6.25
46,122,2,3,2.5,3.75,1.25
46,123,2,4,2.5,5.0,2.5
46,124,2,1,2.5,1.25,-1.25
46,125,11,6,13.75,7.5,-6.25
46,126,4,6,5.0,7.5,2.5
46,127,8,1,10.0,1.25,-8.75
46,128,2,4,2.5,5.0,2.5
46,129,6,3,7.5,3.75,-3.75
46,130,6,2,7.5,2.5,-5.0
46,131,2,4,2.5,5.0,2.5
46,132,6,3,7.5,3.75,-3.75
46,133,1,2,1.25,2.5,1.25
46,134,3,2,3.75,2.5,-1.25
47,0,1,0,1.25,0.0,-1.25
47,1,0,2,0.0,2.5,2.5
47,2,1,2,1.25,2.5,1.25
47,3,1,1,1.25,1.25,0.0
47,4,0,0,0.0,0.0,0.0
47,5,0,0,0.0,0.0,0.0
47,6,0,0,0.0,0.0,0.0
47,7,0,0,0.0,0.0,0.0
47,8,0,1,0.0,1.25,1.25
47,9,3,0,3.75,0.0,-3.75
47,10,0,1,0.0,1.25,1.25
47,11,0,0,0.0,0.0,0.0
47,12,1,2,1.25,2.5,1.25
47,13,0,1,0.0,1.25,1.25
47,14,1,1,1.25,1.25,0.0
47,15,1,0,1.25,0.0,-1.25
47,16,1,2,1.25,2.5,1.25
47,17,1,0,1.25,0.0,-1.25
47,18,0,0,0.0,0.0,0.0
47,19,1,0,1.25,0.0,-1.25
47,20,0,1,0.0,1.25,1.25
47,21,1,1,1.25,1.25,0.0
47,22,0,1,0.0,1.25,1.25
47,23,1,0,1.25,0.0,-1.25
47,24,2,1,2.5,1.25,-1.25
47,25,2,0,2.5,0.0,-2.5
47,26,0,0,0.0,0.0,0.0
47,27,1,0,1.25,0.0,-1.25
47,28,1,0,1.25,0.0,-1.25
47,29,2,0,2.5,0.0,-2.5
47,30,0,0,0.0,0.0,0.0
47,31,1,0,1.25,0.0,-1.25
47,32,0,2,0.0,2.5,2.5
47,33,0,1,0.0,1.25,1.25
47,34,2,1,2.5,1.25,-1.25
47,35,1,1,1.25,1.25,0.0
47,36,0,1,0.0,1.25,1.25
47,37,1,1,1.25,1.25,0.0
47,38,0,0,0.0,0.0,0.0
47,39,1,2,1.25,2.5,1.25
47,40,0,0,0.0,0.0,0.0
47,41,1,0,1.25,0.0,-1.25
47,42,1,0,1.25,0.0,-1.25
47,43,1,0,1.25,0.0,-1.25
47,44,0,1,0.0,1.25,1.25
47,45,1,1,1.25,1.25,0.0
47,46,1,0,1.25,0.0,-1.25
47,47,1,2,1.25,2.5,1.25
47,48,2,1,2.5,1.25,-1.25
47,49,0,1,0.0,1.25,1.25
47,50,0,0,0.0,0.0,0.0
47,51,1,2,1.25,2.5,1.25
47,52,0,2,0.0,2.5,2.5
47,53,1,1,1.25,1.25,0.0
47,54,2,0,2.5,0.0,-2.5
47,55,2,3,2.5,3.75,1.25
47,56,1,1,1.25,1.25,0.0
47,57,0,1,0.0,1.25,1.25
47,58,2,0,2.5,0.0,-2.5
47,59,0,1,0.0,1.25,1.25
47,60,1,0,1.25,0.0,-1.25
47,61,1,1,1.25,1.25,0.0
47,62,2,2,2.5,2.5,0.0
47,63,1,1,1.25,1.25,0.0
47,64,1,2,1.25,2.5,1.25
47,65,3,0,3.75,0.0,-3.75
47,66,1,1,1.25,1.25,0.0
47,67,2,0,2.5,0.0,-2.5
47,68,3,1,3.75,1.25,-2.5
47,69,5,1,6.25,1.25,-5.0
47,70,4,3,5.0,3.75,-1.25
47,71,3,0,3.75,0.0,-3.75
47,72,4,2,5.0,2.5,-2.5
47,73,2,3,2.5,3.75,1.25
47,74,2,1,2.5,1.25,-1.25
47,75,2,3,2.5,3.75,1.25
47,76,2,3,2.5,3.75,1.25
47,77,1,1,1.25,1.25,0.0
47,78,1,3,1.25,3.75,2.5
47,79,2,3,2.5,3.75,1.25
47,80,3,2,3.75,2.5,-1.25
47,81,2,2,2.5,2.5,0.0
47,82,3,3,3.75,3.75,0.0
47,83,3,0,3.75,0.0,-3.75
47,84,2,3,2.5,3.75,1.25
47,85,4,3,5.0,3.75,-1.25
47,86,5,1,6.25,1.25,-5.0
47,87,0,3,0.0,3.75,3.75
47,88,4,1,5.0,1.25,-3.75
47,89,1,2,1.25,2.5,1.25
47,90,2,1,2.5,1.25,-1.25
47,91,0,1,0.0,1.25,1.25
47,92,3,1,3.75,1.25,-2.5
47,93,1,3,1.25,3.75,2.5
47,94,3,3,3.75,3.75,0.0
47,95,2,1,2.5,1.25,-1.25
47,96,3,7,3.75,8.75,5.0
47,97,4,1,5.0,1.25,-3.75
47,98,2,3,2.5,3.75,1.25
47,99,4,0,5.0,0.0,-5.0
47,100,4,2,5.0,2.5,-2.5
47,101,0,0,0.0,0.0,0.0
47,102,2,1,2.5,1.25,-1.25
47,103,2,2,2.5,2.5,0.0
47,104,3,0,3.75,0.0,-3.75
47,105,1,2,1.25,2.5,1.25
47,106,0,0,0.0,0.0,0.0
47,107,0,1,0.0,1.25,1.25
47,108,3,0,3.75,0.0,-3.75
47,109,1,0,1.25,0.0,-1.25
47,110,2,0,2.5,0.0,-2.5
47,111,0,2,0.0,2.5,2.5
47,112,3,1,3.75,1.25,-2.5
47,113,2,6,2.5,7.5,5.0
47,114,2,1,2.5,1.25,-1.25
47,115,1,4,1.25,5.0,3.75
47,116,3,2,3.75,2.5,-1.25
47,117,2,1,2.5,1.25,-1.25
47,118,1,1,1.25,1.25,0.0
47,119,2,1,2.5,1.25,-1.25
47,120,3,2,3.75,2.5,-1.25
47,121,2,3,2.5,3.75,1.25
47,122,2,1,2.5,1.25,-1.25
47,123,3,1,3.75,1.25,-2.5
47,124,0,1,0.0,1.25,1.25
47,125,2,2,2.5,2.5,0.0
47,126,3,5,3.75,6.25,2.5
47,127,3,2,3.75,2.5,-1.25
47,128,2,2,2.5,2.5,0.0
47,129,2,2,2.5,2.5,0.0
47,130,2,1,2.5,1.25,-1.25
47,131,1,1,1.25,1.25,0.0
47,132,3,3,3.75,3.75,0.0
47,133,0,3,0.0,3.75,3.75
47,134,2,2,2.5,2.5,0.0
48,0,0,1,0.0,1.25,1.25
48,1,3,4,3.75,5.0,1.25
48,2,3,0,3.75,0.0,-3.75
48,3,1,3,1.25,3.75,2.5
48,4,2,3,2.5,3.75,1.25
48,5,1,1,1.25,1.25,0.0
48,6,1,1,1.25,1.25,0.0
48,7,0,3,0.0,3.75,3.75
48,8,3,0,3.75,0.0,-3.75
48,9,4,1,5.0,1.25,-3.75
48,10,0,2,0.0,2.5,2.5
48,11,5,3,6.25,3.75,-2.5
48,12,3,2,3.75,2.5,-1.25
48,13,4,1,5.0,1.25,-3.75
48,14,2,3,2.5,3.75,1.25
48,15,4,5,5.0,6.25,1.25
48,16,1,3,1.25,3.75,2.5
48,17,1,3,1.25,3.75,2.5
48,18,1,5,1.25,6.25,5.0
48,19,3,2,3.75,2.5,-1.25
48,20,2,7,2.5,8.75,6.25
48,21,2,5,2.5,6.25,3.75
48,22,2,5,2.5,6.25,3.75
48,23,3,1,3.75,1.25,-2.5
48,24,7,1,8.75,1.25,-7.5
48,25,2,6,2.5,7.5,5.0
48,26,1,3,1.25,3.75,2.5
48,27,2,6,2.5,7.5,5.0
48,28,2,1,2.5,1.25,-1.25
48,29,4,1,5.0,1.25,-3.75
48,30,1,2,1.25,2.5,1.25
48,31,5,4,6.25,5.0,-1.25
48,32,11,6,13.75,7.5,-6.25
48,33,5,4,6.25,5.0,-1.25
48,34,6,7,7.5,8.75,1.25
48,35,9,3,11.25,3.75,-7.5
48,36,4,2,5.0,2.5,-2.5
48,37,6,6,7.5,7.5,0.0
48,38,3,1,3.75,1.25,-2.5
48,39,6,1,7.5,1.25,-6.25
48,40,4,4,5.0,5.0,0.0
48,41,3,3,3.75,3.75,0.0
48,42,9,5,11.25,6.25,-5.0
48,43,10,8,12.5,10.0,-2.5
48,44,5,4,6.25,5.0,-1.25
48,45,2,4,2.5,5.0,2.5
48,46,3,2,3.75,2.5,-1.25
48,47,3,4,3.75,5.0,1.25
48,48,5,4,6.25,5.0,-1.25
48,49,3,3,3.75,3.75,0.0
48,50,5,2,6.25,2.5,-3.75
48,51,7,2,8.75,2.5,-6.25
48,52,10,7,12.5,8.75,-3.75
48,53,3,8,3.75,10.0,6.25
48,54,4,3,5.0,3.75,-1.25
48,55,7,6,8.75,7.5,-1.25
48,56,4,10,5.0,12.5,7.5
48,57,7,5,8.75,6.25,-2.5
48,58,4,5,5.0,6.25,1.25
48,59,7,2,8.75,2.5,-6.25
48,60,7,2,8.75,2.5,-6.25
48,61,10,3,12.5,3.75,-8.75
48,62,8,7,10.0,8.75,-1.25
48,63,8,6,10.0,7.5,-2.5
48,64,9,4,11.25,5.0,-6.25
48,65,10,5,12.5,6.25,-6.25
48,66,1,6,1.25,7.5,6.25
48,67,3,12,3.75,15.0,11.25
48,68,4,4,5.0,5.0,0.0
48,69,7,7,8.75,8.75,0.0
48,70,10,3,12.5,3.75,-8.75
48,71,8,3,10.0,3.75,-6.25
48,72,11,4,13.75,5.0,-8.75
48,73,7,6,8.75,7.5,-1.25
48,74,3,6,3.75,7.5,3.75
48,75,6,3,7.5,3.75,-3.75
48,76,10,6,12.5,7.5,-5.0
48,77,4,7,5.0,8.75,3.75
48,78,7,4,8.75,5.0,-3.75
48,79,10,6,12.5,7.5,-5.0
48,80,5,4,6.25,5.0,-1.25
48,81,5,5,6.25,6.25,0.0
48,82,7,5,8.75,6.25,-2.5
48,83,10,8,12.5,10.0,-2.5
48,84,9,7,11.25,8.75,-2.5
48,85,10,7,12.5,8.75,-3.75
48,86,6,5,7.5,6.25,-1.25
48,87,6,7,7.5,8.75,1.25
48,88,5,1,6.25,1.25,-5.0
48,89,8,6,10.0,7.5,-2.5
48,90,5,9,6.25,11.25,5.0
48,91,7,6,8.75,7.5,-1.25
48,92,4,4,5.0,5.0,0.0
48,93,6,4,7.5,5.0,-2.5
48,94,11,3,13.75,3.75,-10.0
48,95,6,5,7.5,6.25,-1.25
48,96,6,5,7.5,6.25,-1.25
48,97,6,5,7.5,6.25,-1.25
48,98,8,5,10.0,6.25,-3.75
48,99,8,9,10.0,11.25,1.25
48,100,4,3,5.0,3.75,-1.25
48,101,6,5,7.5,6.25,-1.25
48,102,4,4,5.0,5.0,0.0
48,103,10,10,12.5,12.5,0.0
48,104,11,2,13.75,2.5,-11.25
48,105,7,6,8.75,7.5,-1.25
48,106,9,5,11.25,6.25,-5.0
48,107,2,4,2.5,5.0,2.5
48,108,7,5,8.75,6.25,-2.5
48,109,7,3,8.75,3.75,-5.0
48,110,4,3,5.0,3.75,-1.25
48,111,9,4,11.25,5.0,-6.25
48,112,7,7,8.75,8.75,0.0
48,113,11,9,13.75,11.25,-2.5
48,114,7,4,8.75,5.0,-3.75
48,115,4,11,5.0,13.75,8.75
48,116,7,6,8.75,7.5,-1.25
48,117,7,7,8.75,8.75,0.0
48,118,5,7,6.25,8.75,2.5
48,119,7,7,8.75,8.75,0.0
48,120,7,5,8.75,6.25,-2.5
48,121,12,5,15.0,6.25,-8.75
48,122,6,5,7.5,6.25,-1.25
48,123,5,3,6.25,3.75,-2.5
48,124,6,3,7.5,3.75,-3.75
48,125,5,1,6.25,1.25,-5.0
48,126,3,5,3.75,6.25,2.5
48,127,5,4,6.25,5.0,-1.25
48,128,2,13,2.5,16.25,13.75
48,129,4,6,5.0,7.5,2.5
48,130,7,7,8.75,8.75,0.0
48,131,8,6,10.0,7.5,-2.5
48,132,9,3,11.25,3.75,-7.5
48,133,11,4,13.75,5.0,-8.75
48,134,5,6,6.25,7.5,1.25
49,0,1,1,1.25,1.25,0.0
49,1,3,3,3.75,3.75,0.0
49,2,2,2,2.5,2.5,0.0
49,3,3,2,3.75,2.5,-1.25
49,4,2,1,2.5,1.25,-1.25
49,5,0,1,0.0,1.25,1.25
49,6,3,0,3.75,0.0,-3.75
49,7,3,2,3.75,2.5,-1.25
49,8,1,2,1.25,2.5,1.25
49,9,6,1,7.5,1.25,-6.25
49,10,3,0,3.75,0.0,-3.75
49,11,2,1,2.5,1.25,-1.25
49,12,3,3,3.75,3.75,0.0
49,13,2,2,2.5,2.5,0.0
49,14,2,1,2.5,1.25,-1.25
49,15,1,1,1.25,1.25,0.0
49,16,6,3,7.5,3.75,-3.75
49,17,1,2,1.25,2.5,1.25
49,18,1,1,1.25,1.25,0.0
49,19,0,1,0.0,1.25,1.25
49,20,2,1,2.5,1.25,-1.25
49,21,3,1,3.75,1.25,-2.5
49,22,1,2,1.25,2.5,1.25
49,23,3,4,3.75,5.0,1.25
49,24,0,1,0.0,1.25,1.25
49,25,1,2,1.25,2.5,1.25
49,26,1,0,1.25,0.0,-1.25
49,27,0,1,0.0,1.25,1.25
49,28,1,3,1.25,3.75,2.5
49,29,3,1,3.75,1.25,-2.5
49,30,0,3,0.0,3.75,3.75
49,31,1,3,1.25,3.75,2.5
49,32,6,3,7.5,3.75,-3.75
49,33,3,1,3.75,1.25,-2.5
49,34,1,1,1.25,1.25,0.0
49,35,0,3,0.0,3.75,3.75
49,36,1,2,1.25,2.5,1.25
49,37,1,1,1.25,1.25,0.0
49,38,1,2,1.25,2.5,1.25
49,39,1,2,1.25,2.5,1.25
49,40,1,2,1.25,2.5,1.25
49,41,3,1,3.75,1.25,-2.5
49,42,1,5,1.25,6.25,5.0
49,43,3,2,3.75,2.5,-1.25
49,44,2,2,2.5,2.5,0.0
49,45,2,3,2.5,3.75,1.25
49,46,2,2,2.5,2.5,0.0
49,47,3,2,3.75,2.5,-1.25
49,48,4,4,5.0,5.0,0.0
49,49,3,1,3.75,1.25,-2.5
49,50,1,4,1.25,5.0,3.75
49,51,0,0,0.0,0.0,0.0
49,52,1,4,1.25,5.0,3.75
49,53,2,3,2.5,3.75,1.25
49,54,3,2,3.75,2.5,-1.25
49,55,1,1,1.25,1.25,0.0
49,56,1,3,1.25,3.75,2.5
49,57,0,2,0.0,2.5,2.5
49,58,2,0,2.5,0.0,-2.5
49,59,4,5,5.0,6.25,1.25
49,60,3,3,3.75,3.75,0.0
49,61,2,1,2.5,1.25,-1.25
49,62,2,3,2.5,3.75,1.25
49,63,6,4,7.5,5.0,-2.5
49,64,5,2,6.25,2.5,-3.75
49,65,7,3,8.75,3.75,-5.0
49,66,3,6,3.75,7.5,3.75
49,67,3,3,3.75,3.75,0.0
49,68,2,1,2.5,1.25,-1.25
49,69,3,3,3.75,3.75,0.0
49,70,4,2,5.0,2.5,-2.5
49,71,4,5,5.0,6.25,1.25
49,72,9,3,11.25,3.75,-7.5
49,73,1,4,1.25,5.0,3.75
49,74,3,6,3.75,7.5,3.75
49,75,3,3,3.75,3.75,0.0
49,76,2,3,2.5,3.75,1.25
49,77,3,4,3.75,5.0,1.25
49,78,4,1,5.0,1.25,-3.75
49,79,4,3,5.0,3.75,-1.25
49,80,2,1,2.5,1.25,-1.25
49,81,1,3,1.25,3.75,2.5
49,82,5,3,6.25,3.75,-2.5
49,83,5,1,6.25,1.25,-5.0
49,84,3,2,3.75,2.5,-1.25
49,85,7,3,8.75,3.75,-5.0
49,86,4,2,5.0,2.5,-2.5
49,87,2,3,2.5,3.75,1.25
49,88,6,0,7.5,0.0,-7.5
49,89,1,2,1.25,2.5,1.25
49,90,1,4,1.25,5.0,3.75
49,91,6,4,7.5,5.0,-2.5
49,92,5,2,6.25,2.5,-3.75
49,93,3,2,3.75,2.5,-1.25
49,94,2,2,2.5,2.5,0.0
49,95,4,3,5.0,3.75,-1.25
49,96,2,6,2.5,7.5,5.0
49,97,1,2,1.25,2.5,1.25
49,98,3,2,3.75,2.5,-1.25
49,99,1,3,1.25,3.75,2.5
49,100,2,4,2.5,5.0,2.5
49,101,1,1,1.25,1.25,0.0
49,102,2,1,2.5,1.25,-1.25
49,103,1,3,1.25,3.75,2.5
49,104,4,3,5.0,3.75,-1.25
49,105,2,2,2.5,2.5,0.0
49,106,5,2,6.25,2.5,-3.75
49,107,1,5,1.25,6.25,5.0
49,108,2,2,2.5,2.5,0.0
49,109,3,0,3.75,0.0,-3.75
49,110,4,2,5.0,2.5,-2.5
49,111,3,2,3.75,2.5,-1.25
49,112,4,5,5.0,6.25,1.25
49,113,4,2,5.0,2.5,-2.5
49,114,3,3,3.75,3.75,0.0
49,115,6,3,7.5,3.75,-3.75
49,116,4,3,5.0,3.75,-1.25
49,117,3,1,3.75,1.25,-2.5
49,118,2,1,2.5,1.25,-1.25
49,119,3,3,3.75,3.75,0.0
49,120,4,1,5.0,1.25,-3.75
49,121,4,1,5.0,1.25,-3.75
49,122,3,1,3.75,1.25,-2.5
49,123,2,2,2.5,2.5,0.0
49,124,3,1,3.75,1.25,-2.5
49,125,6,2,7.5,2.5,-5.0
49,126,5,5,6.25,6.25,0.0
49,127,2,1,2.5,1.25,-1.25
49,128,2,3,2.5,3.75,1.25
49,129,3,2,3.75,2.5,-1.25
49,130,3,1,3.75,1.25,-2.5
49,131,1,0,1.25,0.0,-1.25
49,132,5,2,6.25,2.5,-3.75
49,133,2,2,2.5,2.5,0.0
49,134,4,1,5.0,1.25,-3.75
50,0,1,0,1.25,0.0,-1.25
50,1,2,2,2.5,2.5,0.0
50,2,1,1,1.25,1.25,0.0
50,3,2,0,2.5,0.0,-2.5
50,4,1,2,1.25,2.5,1.25
50,5,1,0,1.25,0.0,-1.25
50,6,0,2,0.0,2.5,2.5
50,7,0,1,0.0,1.25,1.25
50,8,0,2,0.0,2.5,2.5
50,9,0,2,0.0,2.5,2.5
50,10,2,0,2.5,0.0,-2.5
50,11,1,2,1.25,2.5,1.25
50,12,2,2,2.5,2.5,0.0
50,13,1,2,1.25,2.5,1.25
50,14,0,0,0.0,0.0,0.0
50,15,1,0,1.25,0.0,-1.25
50,16,1,1,1.25,1.25,0.0
50,17,1,0,1.25,0.0,-1.25
50,18,1,1,1.25,1.25,0.0
50,19,0,0,0.0,0.0,0.0
50,20,1,0,1.25,0.0,-1.25
50,21,0,0,0.0,0.0,0.0
50,22,2,0,2.5,0.0,-2.5
50,23,1,0,1.25,0.0,-1.25
50,24,0,0,0.0,0.0,0.0
50,25,1,3,1.25,3.75,2.5
50,26,2,2,2.5,2.5,0.0
50,27,1,1,1.25,1.25,0.0
50,28,1,0,1.25,0.0,-1.25
50,29,0,2,0.0,2.5,2.5
50,30,1,3,1.25,3.75,2.5
50,31,0,1,0.0,1.25,1.25
50,32,0,0,0.0,0.0,0.0
50,33,1,3,1.25,3.75,2.5
50,34,0,0,0.0,0.0,0.0
50,35,3,0,3.75,0.0,-3.75
50,36,0,0,0.0,0.0,0.0
50,37,0,1,0.0,1.25,1.25
50,38,1,0,1.25,0.0,-1.25
50,39,0,2,0.0,2.5,2.5
50,40,2,0,2.5,0.0,-2.5
50,41,3,1,3.75,1.25,-2.5
50,42,1,1,1.25,1.25,0.0
50,43,1,0,1.25,0.0,-1.25
50,44,1,0,1.25,0.0,-1.25
50,45,0,0,0.0,0.0,0.0
50,46,1,2,1.25,2.5,1.25
50,47,0,0,0.0,0.0,0.0
50,48,0,2,0.0,2.5,2.5
50,49,0,1,0.0,1.25,1.25
50,50,2,1,2.5,1.25,-1.25
50,51,0,1,0.0,1.25,1.25
50,52,0,1,0.0,1.25,1.25
50,53,2,1,2.5,1.25,-1.25
50,54,3,0,3.75,0.0,-3.75
50,55,1,1,1.25,1.25,0.0
50,56,1,3,1.25,3.75,2.5
50,57,4,4,5.0,5.0,0.0
50,58,0,1,0.0,1.25,1.25
50,59,2,1,2.5,1.25,-1.25
50,60,1,0,1.25,0.0,-1.25
50,61,0,2,0.0,2.5,2.5
50,62,1,1,1.25,1.25,0.0
50,63,4,0,5.0,0.0,-5.0
50,64,0,2,0.0,2.5,2.5
50,65,1,1,1.25,1.25,0.0
50,66,0,1,0.0,1.25,1.25
50,67,2,1,2.5,1.25,-1.25
50,68,3,1,3.75,1.25,-2.5
50,69,2,2,2.5,2.5,0.0
50,70,2,0,2.5,0.0,-2.5
50,71,2,1,2.5,1.25,-1.25
50,72,3,2,3.75,2.5,-1.25
50,73,2,1,2.5,1.25,-1.25
50,74,4,2,5.0,2.5,-2.5
50,75,5,0,6.25,0.0,-6.25
50,76,2,3,2.5,3.75,1.25
50,77,1,1,1.25,1.25,0.0
50,78,3,2,3.75,2.5,-1.25
50,79,4,2,5.0,2.5,-2.5
50,80,4,2,5.0,2.5,-2.5
50,81,0,2,0.0,2.5,2.5
50,82,1,2,1.25,2.5,1.25
50,83,0,0,0.0,0.0,0.0
50,84,0,2,0.0,2.5,2.5
50,85,3,3,3.75,3.75,0.0
50,86,0,4,0.0,5.0,5.0
50,87,1,1,1.25,1.25,0.0
50,88,2,1,2.5,1.25,-1.25
50,89,0,1,0.0,1.25,1.25
50,90,2,3,2.5,3.75,1.25
50,91,0,5,0.0,6.25,6.25
50,92,1,4,1.25,5.0,3.75
50,93,3,2,3.75,2.5,-1.25
50,94,2,3,2.5,3.75,1.25
50,95,3,2,3.75,2.5,-1.25
50,96,2,1,2.5,1.25,-1.25
50,97,2,2,2.5,2.5,0.0
50,98,3,1,3.75,1.25,-2.5
50,99,1,3,1.25,3.75,2.5
50,100,2,2,2.5,2.5,0.0
50,101,2,1,2.5,1.25,-1.25
50,102,2,2,2.5,2.5,0.0
50,103,2,1,2.5,1.25,-1.25
50,104,1,2,1.25,2.5,1.25
50,105,2,2,2.5,2.5,0.0
50,106,1,2,1.25,2.5,1.25
50,107,3,3,3.75,3.75,0.0
50,108,3,2,3.75,2.5,-1.25
50,109,1,4,1.25,5.0,3.75
50,110,4,3,5.0,3.75,-1.25
50,111,1,0,1.25,0.0,-1.25
50,112,1,3,1.25,3.75,2.5
50,113,0,0,0.0,0.0,0.0
50,114,2,0,2.5,0.0,-2.5
50,115,3,4,3.75,5.0,1.25
50,116,0,0,0.0,0.0,0.0
50,117,0,3,0.0,3.75,3.75
50,118,1,3,1.25,3.75,2.5
50,119,2,1,2.5,1.25,-1.25
50,120,2,3,2.5,3.75,1.25
50,121,1,1,1.25,1.25,0.0
50,122,3,1,3.75,1.25,-2.5
50,123,0,3,0.0,3.75,3.75
50,124,2,4,2.5,5.0,2.5
50,125,1,1,1.25,1.25,0.0
50,126,1,1,1.25,1.25,0.0
50,127,0,2,0.0,2.5,2.5
50,128,0,5,0.0,6.25,6.25
50,129,0,3,0.0,3.75,3.75
50,130,1,1,1.25,1.25,0.0
50,131,2,0,2.5,0.0,-2.5
50,132,0,1,0.0,1.25,1.25
50,133,0,3,0.0,3.75,3.75
50,134,1,1,1.25,1.25,0.0
51,0,0,0,0.0,0.0,0.0
51,1,0,3,0.0,3.75,3.75
51,2,0,2,0.0,2.5,2.5
51,3,1,0,1.25,0.0,-1.25
51,4,2,1,2.5,1.25,-1.25
51,5,3,0,3.75,0.0,-3.75
51,6,0,2,0.0,2.5,2.5
51,7,0,0,0.0,0.0,0.0
51,8,2,0,2.5,0.0,-2.5
51,9,2,1,2.5,1.25,-1.25
51,10,1,1,1.25,1.25,0.0
51,11,0,0,0.0,0.0,0.0
51,12,1,1,1.25,1.25,0.0
51,13,1,0,1.25,0.0,-1.25
51,14,0,0,0.0,0.0,0.0
51,15,0,0,0.0,0.0,0.0
51,16,0,0,0.0,0.0,0.0
51,17,0,0,0.0,0.0,0.0
51,18,0,1,0.0,1.25,1.25
51,19,1,1,1.25,1.25,0.0
51,20,1,0,1.25,0.0,-1.25
51,21,1,1,1.25,1.25,0.0
51,22,0,1,0.0,1.25,1.25
51,23,0,1,0.0,1.25,1.25
51,24,0,0,0.0,0.0,0.0
51,25,0,0,0.0,0.0,0.0
51,26,0,0,0.0,0.0,0.0
51,27,1,1,1.25,1.25,0.0
51,28,1,1,1.25,1.25,0.0
51,29,0,0,0.0,0.0,0.0
51,30,0,2,0.0,2.5,2.5
51,31,4,0,5.0,0.0,-5.0
51,32,3,1,3.75,1.25,-2.5
51,33,1,2,1.25,2.5,1.25
51,34,2,0,2.5,0.0,-2.5
51,35,3,0,3.75,0.0,-3.75
51,36,1,0,1.25,0.0,-1.25
51,37,1,0,1.25,0.0,-1.25
51,38,0,0,0.0,0.0,0.0
51,39,1,1,1.25,1.25,0.0
51,40,1,0,1.25,0.0,-1.25
51,41,2,1,2.5,1.25,-1.25
51,42,2,5,2.5,6.25,3.75
51,43,1,0,1.25,0.0,-1.25
51,44,2,0,2.5,0.0,-2.5
51,45,1,3,1.25,3.75,2.5
51,46,1,0,1.25,0.0,-1.25
51,47,0,2,0.0,2.5,2.5
51,48,1,0,1.25,0.0,-1.25
51,49,1,1,1.25,1.25,0.0
51,50,0,0,0.0,0.0,0.0
51,51,2,2,2.5,2.5,0.0
51,52,2,4,2.5,5.0,2.5
51,53,0,4,0.0,5.0,5.0
51,54,2,1,2.5,1.25,-1.25
51,55,2,0,2.5,0.0,-2.5
51,56,2,1,2.5,1.25,-1.25
51,57,1,2,1.25,2.5,1.25
51,58,1,2,1.25,2.5,1.25
51,59,2,1,2.5,1.25,-1.25
51,60,3,0,3.75,0.0,-3.75
51,61,3,3,3.75,3.75,0.0
51,62,3,4,3.75,5.0,1.25
51,63,3,2,3.75,2.5,-1.25
51,64,4,3,5.0,3.75,-1.25
51,65,4,2,5.0,2.5,-2.5
51,66,4,2,5.0,2.5,-2.5
51,67,2,2,2.5,2.5,0.0
51,68,5,1,6.25,1.25,-5.0
51,69,3,3,3.75,3.75,0.0
51,70,3,4,3.75,5.0,1.25
51,71,1,5,1.25,6.25,5.0
51,72,4,3,5.0,3.75,-1.25
51,73,2,4,2.5,5.0,2.5
51,74,2,3,2.5,3.75,1.25
51,75,3,3,3.75,3.75,0.0
51,76,1,1,1.25,1.25,0.0
51,77,1,4,1.25,5.0,3.75
51,78,2,5,2.5,6.25,3.75
51,79,3,3,3.75,3.75,0.0
51,80,1,4,1.25,5.0,3.75
51,81,2,3,2.5,3.75,1.25
51,82,1,3,1.25,3.75,2.5
51,83,4,3,5.0,3.75,-1.25
51,84,4,1,5.0,1.25,-3.75
51,85,5,2,6.25,2.5,-3.75
51,86,3,0,3.75,0.0,-3.75
51,87,2,2,2.5,2.5,0.0
51,88,1,3,1.25,3.75,2.5
51,89,1,2,1.25,2.5,1.25
51,90,1,3,1.25,3.75,2.5
51,91,5,2,6.25,2.5,-3.75
51,92,0,1,0.0,1.25,1.25
51,93,4,1,5.0,1.25,-3.75
51,94,4,0,5.0,0.0,-5.0
51,95,0,1,0.0,1.25,1.25
51,96,2,4,2.5,5.0,2.5
51,97,2,6,2.5,7.5,5.0
51,98,2,1,2.5,1.25,-1.25
51,99,3,0,3.75,0.0,-3.75
51,100,3,2,3.75,2.5,-1.25
51,101,2,1,2.5,1.25,-1.25
51,102,2,1,2.5,1.25,-1.25
51,103,3,4,3.75,5.0,1.25
51,104,3,2,3.75,2.5,-1.25
51,105,2,1,2.5,1.25,-1.25
51,106,4,4,5.0,5.0,0.0
51,107,3,4,3.75,5.0,1.25
51,108,3,1,3.75,1.25,-2.5
51,109,5,2,6.25,2.5,-3.75
51,110,3,2,3.75,2.5,-1.25
51,111,3,4,3.75,5.0,1.25
51,112,3,3,3.75,3.75,0.0
51,113,1,6,1.25,7.5,6.25
51,114,3,2,3.75,2.5,-1.25
51,115,2,4,2.5,5.0,2.5
51,116,4,2,5.0,2.5,-2.5
51,117,3,1,3.75,1.25,-2.5
51,118,1,1,1.25,1.25,0.0
51,119,3,2,3.75,2.5,-1.25
51,120,5,0,6.25,0.0,-6.25
51,121,3,1,3.75,1.25,-2.5
51,122,3,2,3.75,2.5,-1.25
51,123,3,2,3.75,2.5,-1.25
51,124,3,0,3.75,0.0,-3.75
51,125,2,3,2.5,3.75,1.25
51,126,4,0,5.0,0.0,-5.0
51,127,3,2,3.75,2.5,-1.25
51,128,3,1,3.75,1.25,-2.5
51,129,3,5,3.75,6.25,2.5
51,130,3,2,3.75,2.5,-1.25
51,131,1,2,1.25,2.5,1.25
51,132,2,2,2.5,2.5,0.0
51,133,1,2,1.25,2.5,1.25
51,134,1,4,1.25,5.0,3.75
52,0,3,22,3.75,27.5,23.75
52,1,7,0,8.75,0.0,-8.75
52,2,3,10,3.75,12.5,8.75
52,3,2,25,2.5,31.25,28.75
52,4,1,7,1.25,8.75,7.5
52,5,4,2,5.0,2.5,-2.5
52,6,3,7,3.75,8.75,5.0
52,7,1,5,1.25,6.25,5.0
52,8,0,2,0.0,2.5,2.5
52,9,7,4,8.75,5.0,-3.75
52,10,1,1,1.25,1.25,0.0
52,11,3,5,3.75,6.25,2.5
52,12,1,3,1.25,3.75,2.5
52,13,1,7,1.25,8.75,7.5
52,14,2,3,2.5,3.75,1.25
52,15,2,2,2.5,2.5,0.0
52,16,4,7,5.0,8.75,3.75
52,17,1,3,1.25,3.75,2.5
52,18,4,3,5.0,3.75,-1.25
52,19,2,9,2.5,11.25,8.75
52,20,10,4,12.5,5.0,-7.5
52,21,4,4,5.0,5.0,0.0
52,22,2,4,2.5,5.0,2.5
52,23,7,11,8.75,13.75,5.0
52,24,4,3,5.0,3.75,-1.25
52,25,1,4,1.25,5.0,3.75
52,26,9,3,11.25,3.75,-7.5
52,27,3,4,3.75,5.0,1.25
52,28,1,2,1.25,2.5,1.25
52,29,8,6,10.0,7.5,-2.5
52,30,3,2,3.75,2.5,-1.25
52,31,4,7,5.0,8.75,3.75
52,32,2,1,2.5,1.25,-1.25
52,33,0,3,0.0,3.75,3.75
52,34,6,7,7.5,8.75,1.25
52,35,0,1,0.0,1.25,1.25
52,36,2,7,2.5,8.75,6.25
52,37,2,5,2.5,6.25,3.75
52,38,5,3,6.25,3.75,-2.5
52,39,3,8,3.75,10.0,6.25
52,40,8,9,10.0,11.25,1.25
52,41,2,1,2.5,1.25,-1.25
52,42,2,4,2.5,5.0,2.5
52,43,3,3,3.75,3.75,0.0
52,44,2,11,2.5,13.75,11.25
52,45,2,2,2.5,2.5,0.0
52,46,6,3,7.5,3.75,-3.75
52,47,3,0,3.75,0.0,-3.75
52,48,3,4,3.75,5.0,1.25
52,49,2,4,2.5,5.0,2.5
52,50,2,11,2.5,13.75,11.25
52,51,5,7,6.25,8.75,2.5
52,52,1,7,1.25,8.75,7.5
52,53,2,2,2.5,2.5,0.0
52,54,0,4,0.0,5.0,5.0
52,55,2,1,2.5,1.25,-1.25
52,56,4,3,5.0,3.75,-1.25
52,57,5,1,6.25,1.25,-5.0
52,58,10,2,12.5,2.5,-10.0
52,59,0,9,0.0,11.25,11.25
52,60,6,4,7.5,5.0,-2.5
52,61,3,10,3.75,12.5,8.75
52,62,2,1,2.5,1.25,-1.25
52,63,1,6,1.25,7.5,6.25
52,64,1,1,1.25,1.25,0.0
52,65,4,4,5.0,5.0,0.0
52,66,2,16,2.5,20.0,17.5
52,67,3,2,3.75,2.5,-1.25
52,68,0,0,0.0,0.0,0.0
52,69,2,1,2.5,1.25,-1.25
52,70,0,2,0.0,2.5,2.5
52,71,1,1,1.25,1.25,0.0
52,72,1,0,1.25,0.0,-1.25
52,73,2,4,2.5,5.0,2.5
52,74,1,1,1.25,1.25,0.0
52,75,2,5,2.5,6.25,3.75
52,76,0,11,0.0,13.75,13.75
52,77,3,3,3.75,3.75,0.0
52,78,1,0,1.25,0.0,-1.25
52,79,3,2,3.75,2.5,-1.25
52,80,4,4,5.0,5.0,0.0
52,81,1,10,1.25,12.5,11.25
52,82,3,8,3.75,10.0,6.25
52,83,3,4,3.75,5.0,1.25
52,84,0,8,0.0,10.0,10.0
52,85,1,2,1.25,2.5,1.25
52,86,7,14,8.75,17.5,8.75
52,87,2,3,2.5,3.75,1.25
52,88,1,11,1.25,13.75,12.5
52,89,3,1,3.75,1.25,-2.5
52,90,1,5,1.25,6.25,5.0
52,91,3,1,3.75,1.25,-2.5
52,92,1,5,1.25,6.25,5.0
52,93,8,8,10.0,10.0,0.0
52,94,3,3,3.75,3.75,0.0
52,95,0,3,0.0,3.75,3.75
52,96,4,6,5.0,7.5,2.5
52,97,0,1,0.0,1.25,1.25
52,98,4,7,5.0,8.75,3.75
52,99,10,3,12.5,3.75,-8.75
52,100,3,9,3.75,11.25,7.5
52,101,3,10,3.75,12.5,8.75
52,102,1,3,1.25,3.75,2.5
52,103,8,7,10.0,8.75,-1.25
52,104,2,11,2.5,13.75,11.25
52,105,9,11,11.25,13.75,2.5
52,106,2,1,2.5,1.25,-1.25
52,107,2,7,2.5,8.75,6.25
52,108,2,12,2.5,15.0,12.5
52,109,7,4,8.75,5.0,-3.75
52,110,6,5,7.5,6.25,-1.25
52,111,3,6,3.75,7.5,3.75
52,112,3,4,3.75,5.0,1.25
52,113,6,5,7.5,6.25,-1.25
52,114,3,3,3.75,3.75,0.0
52,115,2,3,2.5,3.75,1.25
52,116,2,7,2.5,8.75,6.25
52,117,2,1,2.5,1.25,-1.25
52,118,8,2,10.0,2.5,-7.5
52,119,2,10,2.5,12.5,10.0
52,120,0,1,0.0,1.25,1.25
52,121,3,5,3.75,6.25,2.5
52,122,1,5,1.25,6.25,5.0
52,123,2,4,2.5,5.0,2.5
52,124,2,6,2.5,7.5,5.0
52,125,1,3,1.25,3.75,2.5
52,126,2,1,2.5,1.25,-1.25
52,127,2,6,2.5,7.5,5.0
52,128,3,1,3.75,1.25,-2.5
52,129,1,8,1.25,10.0,8.75
52,130,6,2,7.5,2.5,-5.0
52,131,0,3,0.0,3.75,3.75
52,132,4,5,5.0,6.25,1.25
52,133,1,1,1.25,1.25,0.0
52,134,4,3,5.0,3.75,-1.25
53,0,0,3,0.0,3.75,3.75
53,1,3,1,3.75,1.25,-2.5
53,2,0,3,0.0,3.75,3.75
53,3,2,2,2.5,2.5,0.0
53,4,3,4,3.75,5.0,1.25
53,5,0,0,0.0,0.0,0.0
53,6,2,1,2.5,1.25,-1.25
53,7,1,0,1.25,0.0,-1.25
53,8,0,0,0.0,0.0,0.0
53,9,0,3,0.0,3.75,3.75
53,10,0,2,0.0,2.5,2.5
53,11,1,1,1.25,1.25,0.0
53,12,2,0,2.5,0.0,-2.5
53,13,0,1,0.0,1.25,1.25
53,14,0,1,0.0,1.25,1.25
53,15,1,0,1.25,0.0,-1.25
53,16,0,0,0.0,0.0,0.0
53,17,1,0,1.25,0.0,-1.25
53,18,0,1,0.0,1.25,1.25
53,19,1,3,1.25,3.75,2.5
53,20,1,0,1.25,0.0,-1.25
53,21,1,0,1.25,0.0,-1.25
53,22,1,1,1.25,1.25,0.0
53,23,1,4,1.25,5.0,3.75
53,24,1,2,1.25,2.5,1.25
53,25,0,0,0.0,0.0,0.0
53,26,0,3,0.0,3.75,3.75
53,27,1,2,1.25,2.5,1.25
53,28,0,0,0.0,0.0,0.0
53,29,0,1,0.0,1.25,1.25
53,30,1,0,1.25,0.0,-1.25
53,31,1,0,1.25,0.0,-1.25
53,32,2,1,2.5,1.25,-1.25
53,33,0,0,0.0,0.0,0.0
53,34,2,2,2.5,2.5,0.0
53,35,1,1,1.25,1.25,0.0
53,36,0,1,0.0,1.25,1.25
53,37,1,1,1.25,1.25,0.0
53,38,1,1,1.25,1.25,0.0
53,39,0,2,0.0,2.5,2.5
53,40,0,1,0.0,1.25,1.25
53,41,1,0,1.25,0.0,-1.25
53,42,0,0,0.0,0.0,0.0
53,43,1,1,1.25,1.25,0.0
53,44,0,1,0.0,1.25,1.25
53,45,1,0,1.25,0.0,-1.25
53,46,1,1,1.25,1.25,0.0
53,47,0,2,0.0,2.5,2.5
53,48,0,2,0.0,2.5,2.5
53,49,1,1,1.25,1.25,0.0
53,50,1,2,1.25,2.5,1.25
53,51,0,2,0.0,2.5,2.5
53,52,0,0,0.0,0.0,0.0
53,53,0,2,0.0,2.5,2.5
53,54,0,1,0.0,1.25,1.25
53,55,1,0,1.25,0.0,-1.25
53,56,1,0,1.25,0.0,-1.25
53,57,0,1,0.0,1.25,1.25
53,58,0,0,0.0,0.0,0.0
53,59,0,2,0.0,2.5,2.5
53,60,0,1,0.0,1.25,1.25
53,61,1,4,1.25,5.0,3.75
53,62,0,0,0.0,0.0,0.0
53,63,0,0,0.0,0.0,0.0
53,64,0,0,0.0,0.0,0.0
53,65,1,0,1.25,0.0,-1.25
53,66,0,2,0.0,2.5,2.5
53,67,0,0,0.0,0.0,0.0
53,68,1,1,1.25,1.25,0.0
53,69,1,1,1.25,1.25,0.0
53,70,0,2,0.0,2.5,2.5
53,71,0,0,0.0,0.0,0.0
53,72,0,0,0.0,0.0,0.0
53,73,0,0,0.0,0.0,0.0
53,74,1,0,1.25,0.0,-1.25
53,75,0,2,0.0,2.5,2.5
53,76,0,0,0.0,0.0,0.0
53,77,0,1,0.0,1.25,1.25
53,78,0,0,0.0,0.0,0.0
53,79,0,1,0.0,1.25,1.25
53,80,0,2,0.0,2.5,2.5
53,81,0,0,0.0,0.0,0.0
53,82,0,0,0.0,0.0,0.0
53,83,0,0,0.0,0.0,0.0
53,84,0,1,0.0,1.25,1.25
53,85,0,0,0.0,0.0,0.0
53,86,0,2,0.0,2.5,2.5
53,87,0,0,0.0,0.0,0.0
53,88,1,2,1.25,2.5,1.25
53,89,0,1,0.0,1.25,1.25
53,90,0,0,0.0,0.0,0.0
53,91,2,1,2.5,1.25,-1.25
53,92,0,1,0.0,1.25,1.25
53,93,0,0,0.0,0.0,0.0
53,94,0,0,0.0,0.0,0.0
53,95,0,2,0.0,2.5,2.5
53,96,1,0,1.25,0.0,-1.25
53,97,0,3,0.0,3.75,3.75
53,98,1,1,1.25,1.25,0.0
53,99,0,0,0.0,0.0,0.0
53,100,0,1,0.0,1.25,1.25
53,101,0,0,0.0,0.0,0.0
53,102,0,1,0.0,1.25,1.25
53,103,1,0,1.25,0.0,-1.25
53,104,0,2,0.0,2.5,2.5
53,105,0,1,0.0,1.25,1.25
53,106,0,0,0.0,0.0,0.0
53,107,1,1,1.25,1.25,0.0
53,108,0,0,0.0,0.0,0.0
53,109,0,0,0.0,0.0,0.0
53,110,1,0,1.25,0.0,-1.25
53,111,0,1,0.0,1.25,1.25
53,112,1,0,1.25,0.0,-1.25
53,113,1,0,1.25,0.0,-1.25
53,114,0,0,0.0,0.0,0.0
53,115,0,1,0.0,1.25,1.25
53,116,0,1,0.0,1.25,1.25
53,117,1,1,1.25,1.25,0.0
53,118,0,1,0.0,1.25,1.25
53,119,1,0,1.25,0.0,-1.25
53,120,0,0,0.0,0.0,0.0
53,121,0,0,0.0,0.0,0.0
53,122,3,0,3.75,0.0,-3.75
53,123,0,0,0.0,0.0,0.0
53,124,1,1,1.25,1.25,0.0
53,125,0,0,0.0,0.0,0.0
53,126,0,0,0.0,0.0,0.0
53,127,1,1,1.25,1.25,0.0
53,128,1,0,1.25,0.0,-1.25
53,129,0,1,0.0,1.25,1.25
53,130,0,0,0.0,0.0,0.0
53,131,1,0,1.25,0.0,-1.25
53,132,0,0,0.0,0.0,0.0
53,133,0,0,0.0,0.0,0.0
53,134,0,1,0.0,1.25,1.25
54,0,0,4,0.0,5.0,5.0
54,1,0,0,0.0,0.0,0.0
54,2,3,1,3.75,1.25,-2.5
54,3,1,2,1.25,2.5,1.25
54,4,1,1,1.25,1.25,0.0
54,5,5,1,6.25,1.25,-5.0
54,6,1,1,1.25,1.25,0.0
54,7,0,2,0.0,2.5,2.5
54,8,0,4,0.0,5.0,5.0
54,9,3,0,3.75,0.0,-3.75
54,10,1,2,1.25,2.5,1.25
54,11,1,3,1.25,3.75,2.5
54,12,1,0,1.25,0.0,-1.25
54,13,0,0,0.0,0.0,0.0
54,14,0,2,0.0,2.5,2.5
54,15,2,2,2.5,2.5,0.0
54,16,0,1,0.0,1.25,1.25
54,17,1,2,1.25,2.5,1.25
54,18,0,2,0.0,2.5,2.5
54,19,3,3,3.75,3.75,0.0
54,20,4,1,5.0,1.25,-3.75
54,21,0,2,0.0,2.5,2.5
54,22,2,1,2.5,1.25,-1.25
54,23,1,5,1.25,6.25,5.0
54,24,2,4,2.5,5.0,2.5
54,25,1,2,1.25,2.5,1.25
54,26,1,1,1.25,1.25,0.0
54,27,3,1,3.75,1.25,-2.5
54,28,0,2,0.0,2.5,2.5
54,29,0,2,0.0,2.5,2.5
54,30,1,1,1.25,1.25,0.0
54,31,0,2,0.0,2.5,2.5
54,32,0,0,0.0,0.0,0.0
54,33,5,0,6.25,0.0,-6.25
54,34,2,3,2.5,3.75,1.25
54,35,1,0,1.25,0.0,-1.25
54,36,0,1,0.0,1.25,1.25
54,37,1,1,1.25,1.25,0.0
54,38,1,1,1.25,1.25,0.0
54,39,1,2,1.25,2.5,1.25
54,40,1,2,1.25,2.5,1.25
54,41,2,3,2.5,3.75,1.25
54,42,5,0,6.25,0.0,-6.25
54,43,1,0,1.25,0.0,-1.25
54,44,1,1,1.25,1.25,0.0
54,45,2,0,2.5,0.0,-2.5
54,46,4,1,5.0,1.25,-3.75
54,47,0,2,0.0,2.5,2.5
54,48,0,1,0.0,1.25,1.25
54,49,1,1,1.25,1.25,0.0
54,50,1,1,1.25,1.25,0.0
54,51,5,2,6.25,2.5,-3.75
54,52,0,1,0.0,1.25,1.25
54,53,4,3,5.0,3.75,-1.25
54,54,2,3,2.5,3.75,1.25
54,55,0,1,0.0,1.25,1.25
54,56,0,1,0.0,1.25,1.25
54,57,0,0,0.0,0.0,0.0
54,58,0,0,0.0,0.0,0.0
54,59,1,1,1.25,1.25,0.0
54,60,2,3,2.5,3.75,1.25
54,61,0,3,0.0,3.75,3.75
54,62,0,0,0.0,0.0,0.0
54,63,0,1,0.0,1.25,1.25
54,64,0,0,0.0,0.0,0.0
54,65,0,3,0.0,3.75,3.75
54,66,1,2,1.25,2.5,1.25
54,67,3,1,3.75,1.25,-2.5
54,68,5,2,6.25,2.5,-3.75
54,69,3,2,3.75,2.5,-1.25
54,70,0,3,0.0,3.75,3.75
54,71,0,0,0.0,0.0,0.0
54,72,0,3,0.0,3.75,3.75
54,73,0,0,0.0,0.0,0.0
54,74,1,0,1.25,0.0,-1.25
54,75,1,0,1.25,0.0,-1.25
54,76,1,1,1.25,1.25,0.0
54,77,0,0,0.0,0.0,0.0
54,78,0,1,0.0,1.25,1.25
54,79,1,0,1.25,0.0,-1.25
54,80,1,0,1.25,0.0,-1.25
54,81,2,3,2.5,3.75,1.25
54,82,1,3,1.25,3.75,2.5
54,83,1,2,1.25,2.5,1.25
54,84,0,7,0.0,8.75,8.75
54,85,0,1,0.0,1.25,1.25
54,86,1,4,1.25,5.0,3.75
54,87,3,1,3.75,1.25,-2.5
54,88,0,4,0.0,5.0,5.0
54,89,0,3,0.0,3.75,3.75
54,90,1,2,1.25,2.5,1.25
54,91,3,1,3.75,1.25,-2.5
54,92,0,3,0.0,3.75,3.75
54,93,2,2,2.5,2.5,0.0
54,94,2,2,2.5,2.5,0.0
54,95,1,3,1.25,3.75,2.5
54,96,1,1,1.25,1.25,0.0
54,97,0,1,0.0,1.25,1.25
54,98,1,2,1.25,2.5,1.25
54,99,3,0,3.75,0.0,-3.75
54,100,3,3,3.75,3.75,0.0
54,101,3,3,3.75,3.75,0.0
54,102,1,0,1.25,0.0,-1.25
54,103,1,3,1.25,3.75,2.5
54,104,0,2,0.0,2.5,2.5
54,105,1,2,1.25,2.5,1.25
54,106,0,2,0.0,2.5,2.5
54,107,1,2,1.25,2.5,1.25
54,108,2,1,2.5,1.25,-1.25
54,109,1,1,1.25,1.25,0.0
54,110,3,1,3.75,1.25,-2.5
54,111,3,3,3.75,3.75,0.0
54,112,2,1,2.5,1.25,-1.25
54,113,1,0,1.25,0.0,-1.25
54,114,2,1,2.5,1.25,-1.25
54,115,1,1,1.25,1.25,0.0
54,116,2,4,2.5,5.0,2.5
54,117,2,1,2.5,1.25,-1.25
54,118,1,1,1.25,1.25,0.0
54,119,3,2,3.75,2.5,-1.25
54,120,1,1,1.25,1.25,0.0
54,121,0,4,0.0,5.0,5.0
54,122,2,1,2.5,1.25,-1.25
54,123,1,0,1.25,0.0,-1.25
54,124,1,3,1.25,3.75,2.5
54,125,0,1,0.0,1.25,1.25
54,126,1,1,1.25,1.25,0.0
54,127,0,2,0.0,2.5,2.5
54,128,1,0,1.25,0.0,-1.25
54,129,2,1,2.5,1.25,-1.25
54,130,1,4,1.25,5.0,3.75
54,131,1,0,1.25,0.0,-1.25
54,132,2,0,2.5,0.0,-2.5
54,133,3,0,3.75,0.0,-3.75
54,134,0,1,0.0,1.25,1.25
55,0,0,0,0.0,0.0,0.0
55,1,3,0,3.75,0.0,-3.75
55,2,0,3,0.0,3.75,3.75
55,3,0,1,0.0,1.25,1.25
55,4,1,0,1.25,0.0,-1.25
55,5,1,0,1.25,0.0,-1.25
55,6,4,1,5.0,1.25,-3.75
55,7,2,4,2.5,5.0,2.5
55,8,1,0,1.25,0.0,-1.25
55,9,1,3,1.25,3.75,2.5
55,10,2,1,2.5,1.25,-1.25
55,11,1,2,1.25,2.5,1.25
55,12,1,1,1.25,1.25,0.0
55,13,1,2,1.25,2.5,1.25
55,14,1,0,1.25,0.0,-1.25
55,15,1,1,1.25,1.25,0.0
55,16,1,3,1.25,3.75,2.5
55,17,0,1,0.0,1.25,1.25
55,18,2,2,2.5,2.5,0.0
55,19,0,3,0.0,3.75,3.75
55,20,4,1,5.0,1.25,-3.75
55,21,2,3,2.5,3.75,1.25
55,22,1,4,1.25,5.0,3.75
55,23,1,2,1.25,2.5,1.25
55,24,0,2,0.0,2.5,2.5
55,25,1,0,1.25,0.0,-1.25
55,26,0,0,0.0,0.0,0.0
55,27,3,2,3.75,2.5,-1.25
55,28,0,4,0.0,5.0,5.0
55,29,2,2,2.5,2.5,0.0
55,30,1,1,1.25,1.25,0.0
55,31,0,0,0.0,0.0,0.0
55,32,0,0,0.0,0.0,0.0
55,33,1,0,1.25,0.0,-1.25
55,34,0,3,0.0,3.75,3.75
55,35,2,1,2.5,1.25,-1.25
55,36,3,2,3.75,2.5,-1.25
55,37,0,1,0.0,1.25,1.25
55,38,0,6,0.0,7.5,7.5
55,39,1,2,1.25,2.5,1.25
55,40,1,2,1.25,2.5,1.25
55,41,0,0,0.0,0.0,0.0
55,42,1,0,1.25,0.0,-1.25
55,43,1,1,1.25,1.25,0.0
55,44,1,2,1.25,2.5,1.25
55,45,1,0,1.25,0.0,-1.25
55,46,0,2,0.0,2.5,2.5
55,47,1,2,1.25,2.5,1.25
55,48,1,3,1.25,3.75,2.5
55,49,1,2,1.25,2.5,1.25
55,50,2,2,2.5,2.5,0.0
55,51,1,2,1.25,2.5,1.25
55,52,0,3,0.0,3.75,3.75
55,53,1,2,1.25,2.5,1.25
55,54,1,2,1.25,2.5,1.25
55,55,1,2,1.25,2.5,1.25
55,56,2,1,2.5,1.25,-1.25
55,57,0,2,0.0,2.5,2.5
55,58,0,3,0.0,3.75,3.75
55,59,1,0,1.25,0.0,-1.25
55,60,2,0,2.5,0.0,-2.5
55,61,2,2,2.5,2.5,0.0
55,62,0,2,0.0,2.5,2.5
55,63,1,5,1.25,6.25,5.0
55,64,2,0,2.5,0.0,-2.5
55,65,3,1,3.75,1.25,-2.5
55,66,0,4,0.0,5.0,5.0
55,67,0,3,0.0,3.75,3.75
55,68,0,0,0.0,0.0,0.0
55,69,3,2,3.75,2.5,-1.25
55,70,3,2,3.75,2.5,-1.25
55,71,1,0,1.25,0.0,-1.25
55,72,1,3,1.25,3.75,2.5
55,73,2,0,2.5,0.0,-2.5
55,74,1,1,1.25,1.25,0.0
55,75,1,0,1.25,0.0,-1.25
55,76,0,2,0.0,2.5,2.5
55,77,2,2,2.5,2.5,0.0
55,78,1,2,1.25,2.5,1.25
55,79,1,0,1.25,0.0,-1.25
55,80,0,2,0.0,2.5,2.5
55,81,1,2,1.25,2.5,1.25
55,82,2,5,2.5,6.25,3.75
55,83,0,1,0.0,1.25,1.25
55,84,2,4,2.5,5.0,2.5
55,85,1,1,1.25,1.25,0.0
55,86,3,0,3.75,0.0,-3.75
55,87,0,1,0.0,1.25,1.25
55,88,1,3,1.25,3.75,2.5
55,89,1,0,1.25,0.0,-1.25
55,90,4,3,5.0,3.75,-1.25
55,91,2,2,2.5,2.5,0.0
55,92,1,0,1.25,0.0,-1.25
55,93,2,1,2.5,1.25,-1.25
55,94,1,0,1.25,0.0,-1.25
55,95,3,3,3.75,3.75,0.0
55,96,0,0,0.0,0.0,0.0
55,97,0,0,0.0,0.0,0.0
55,98,2,4,2.5,5.0,2.5
55,99,1,1,1.25,1.25,0.0
55,100,0,3,0.0,3.75,3.75
55,101,1,1,1.25,1.25,0.0
55,102,2,3,2.5,3.75,1.25
55,103,3,4,3.75,5.0,1.25
55,104,0,4,0.0,5.0,5.0
55,105,3,1,3.75,1.25,-2.5
55,106,3,0,3.75,0.0,-3.75
55,107,2,2,2.5,2.5,0.0
55,108,0,2,0.0,2.5,2.5
55,109,2,0,2.5,0.0,-2.5
55,110,5,1,6.25,1.25,-5.0
55,111,0,1,0.0,1.25,1.25
55,112,2,4,2.5,5.0,2.5
55,113,2,0,2.5,0.0,-2.5
55,114,1,1,1.25,1.25,0.0
55,115,2,4,2.5,5.0,2.5
55,116,3,3,3.75,3.75,0.0
55,117,1,2,1.25,2.5,1.25
55,118,2,0,2.5,0.0,-2.5
55,119,2,2,2.5,2.5,0.0
55,120,0,1,0.0,1.25,1.25
55,121,3,1,3.75,1.25,-2.5
55,122,0,1,0.0,1.25,1.25
55,123,0,0,0.0,0.0,0.0
55,124,2,1,2.5,1.25,-1.25
55,125,0,1,0.0,1.25,1.25
55,126,1,1,1.25,1.25,0.0
55,127,1,4,1.25,5.0,3.75
55,128,1,1,1.25,1.25,0.0
55,129,2,1,2.5,1.25,-1.25
55,130,1,0,1.25,0.0,-1.25
55,131,0,0,0.0,0.0,0.0
55,132,1,1,1.25,1.25,0.0
55,133,1,2,1.25,2.5,1.25
55,134,3,0,3.75,0.0,-3.75
56,0,0,0,0.0,0.0,0.0
56,1,0,0,0.0,0.0,0.0
56,2,0,0,0.0,0.0,0.0
56,3,0,0,0.0,0.0,0.0
56,4,1,0,1.25,0.0,-1.25
56,5,0,0,0.0,0.0,0.0
56,6,1,1,1.25,1.25,0.0
56,7,0,0,0.0,0.0,0.0
56,8,1,0,1.25,0.0,-1.25
56,9,1,0,1.25,0.0,-1.25
56,10,0,0,0.0,0.0,0.0
56,11,1,1,1.25,1.25,0.0
56,12,1,0,1.25,0.0,-1.25
56,13,0,0,0.0,0.0,0.0
56,14,0,0,0.0,0.0,0.0
56,15,0,1,0.0,1.25,1.25
56,16,0,0,0.0,0.0,0.0
56,17,1,0,1.25,0.0,-1.25
56,18,2,0,2.5,0.0,-2.5
56,19,0,1,0.0,1.25,1.25
56,20,0,0,0.0,0.0,0.0
56,21,1,0,1.25,0.0,-1.25
56,22,0,0,0.0,0.0,0.0
56,23,0,0,0.0,0.0,0.0
56,24,0,0,0.0,0.0,0.0
56,25,0,0,0.0,0.0,0.0
56,26,0,0,0.0,0.0,0.0
56,27,0,1,0.0,1.25,1.25
56,28,0,0,0.0,0.0,0.0
56,29,2,0,2.5,0.0,-2.5
56,30,0,0,0.0,0.0,0.0
56,31,0,0,0.0,0.0,0.0
56,32,0,0,0.0,0.0,0.0
56,33,0,0,0.0,0.0,0.0
56,34,0,0,0.0,0.0,0.0
56,35,0,0,0.0,0.0,0.0
56,36,0,0,0.0,0.0,0.0
56,37,0,0,0.0,0.0,0.0
56,38,0,0,0.0,0.0,0.0
56,39,1,0,1.25,0.0,-1.25
56,40,0,0,0.0,0.0,0.0
56,41,0,2,0.0,2.5,2.5
56,42,0,0,0.0,0.0,0.0
56,43,1,1,1.25,1.25,0.0
56,44,0,0,0.0,0.0,0.0
56,45,0,0,0.0,0.0,0.0
56,46,0,0,0.0,0.0,0.0
56,47,1,0,1.25,0.0,-1.25
56,48,1,0,1.25,0.0,-1.25
56,49,2,1,2.5,1.25,-1.25
56,50,1,0,1.25,0.0,-1.25
56,51,0,0,0.0,0.0,0.0
56,52,1,0,1.25,0.0,-1.25
56,53,0,0,0.0,0.0,0.0
56,54,2,1,2.5,1.25,-1.25
56,55,0,0,0.0,0.0,0.0
56,56,1,1,1.25,1.25,0.0
56,57,0,0,0.0,0.0,0.0
56,58,0,0,0.0,0.0,0.0
56,59,0,0,0.0,0.0,0.0
56,60,0,0,0.0,0.0,0.0
56,61,0,3,0.0,3.75,3.75
56,62,0,0,0.0,0.0,0.0
56,63,0,2,0.0,2.5,2.5
56,64,0,0,0.0,0.0,0.0
56,65,0,0,0.0,0.0,0.0
56,66,2,0,2.5,0.0,-2.5
56,67,1,0,1.25,0.0,-1.25
56,68,1,0,1.25,0.0,-1.25
56,69,0,0,0.0,0.0,0.0
56,70,0,0,0.0,0.0,0.0
56,71,1,0,1.25,0.0,-1.25
56,72,0,0,0.0,0.0,0.0
56,73,0,0,0.0,0.0,0.0
56,74,2,2,2.5,2.5,0.0
56,75,1,1,1.25,1.25,0.0
56,76,1,0,1.25,0.0,-1.25
56,77,1,1,1.25,1.25,0.0
56,78,0,1,0.0,1.25,1.25
56,79,0,1,0.0,1.25,1.25
56,80,0,0,0.0,0.0,0.0
56,81,0,0,0.0,0.0,0.0
56,82,0,0,0.0,0.0,0.0
56,83,1,0,1.25,0.0,-1.25
56,84,0,0,0.0,0.0,0.0
56,85,0,1,0.0,1.25,1.25
56,86,0,0,0.0,0.0,0.0
56,87,1,0,1.25,0.0,-1.25
56,88,0,0,0.0,0.0,0.0
56,89,0,0,0.0,0.0,0.0
56,90,1,0,1.25,0.0,-1.25
56,91,0,1,0.0,1.25,1.25
56,92,0,0,0.0,0.0,0.0
56,93,0,0,0.0,0.0,0.0
56,94,2,1,2.5,1.25,-1.25
56,95,1,0,1.25,0.0,-1.25
56,96,0,0,0.0,0.0,0.0
56,97,0,0,0.0,0.0,0.0
56,98,0,0,0.0,0.0,0.0
56,99,1,0,1.25,0.0,-1.25
56,100,1,0,1.25,0.0,-1.25
56,101,0,1,0.0,1.25,1.25
56,102,1,0,1.25,0.0,-1.25
56,103,1,0,1.25,0.0,-1.25
56,104,2,0,2.5,0.0,-2.5
56,105,1,0,1.25,0.0,-1.25
56,106,2,1,2.5,1.25,-1.25
56,107,0,0,0.0,0.0,0.0
56,108,0,0,0.0,0.0,0.0
56,109,1,0,1.25,0.0,-1.25
56,110,0,1,0.0,1.25,1.25
56,111,0,0,0.0,0.0,0.0
56,112,0,1,0.0,1.25,1.25
56,113,3,0,3.75,0.0,-3.75
56,114,1,0,1.25,0.0,-1.25
56,115,0,0,0.0,0.0,0.0
56,116,1,1,1.25,1.25,0.0
56,117,0,1,0.0,1.25,1.25
56,118,0,0,0.0,0.0,0.0
56,119,0,0,0.0,0.0,0.0
56,120,0,0,0.0,0.0,0.0
56,121,1,0,1.25,0.0,-1.25
56,122,0,1,0.0,1.25,1.25
56,123,0,0,0.0,0.0,0.0
56,124,0,0,0.0,0.0,0.0
56,125,0,0,0.0,0.0,0.0
56,126,2,0,2.5,0.0,-2.5
56,127,0,0,0.0,0.0,0.0
56,128,1,0,1.25,0.0,-1.25
56,129,0,0,0.0,0.0,0.0
56,130,0,0,0.0,0.0,0.0
56,131,0,0,0.0,0.0,0.0
56,132,0,0,0.0,0.0,0.0
56,133,0,0,0.0,0.0,0.0
56,134,3,0,3.75,0.0,-3.75
57,0,7,23,8.75,28.75,20.0
57,1,14,12,17.5,15.0,-2.5
57,2,11,17,13.75,21.25,7.5
57,3,8,23,10.0,28.75,18.75
57,4,8,14,10.0,17.5,7.5
57,5,14,10,17.5,12.5,-5.0
57,6,11,10,13.75,12.5,-1.25
57,7,8,8,10.0,10.0,0.0
57,8,6,10,7.5,12.5,5.0
57,9,15,9,18.75,11.25,-7.5
57,10,7,6,8.75,7.5,-1.25
57,11,6,12,7.5,15.0,7.5
57,12,5,8,6.25,10.0,3.75
57,13,11,7,13.75,8.75,-5.0
57,14,4,5,5.0,6.25,1.25
57,15,5,9,6.25,11.25,5.0
57,16,4,8,5.0,10.0,5.0
57,17,7,3,8.75,3.75,-5.0
57,18,10,8,12.5,10.0,-2.5
57,19,6,14,7.5,17.5,10.0
57,20,19,6,23.75,7.5,-16.25
57,21,6,13,7.5,16.25,8.75
57,22,6,11,7.5,13.75,6.25
57,23,8,20,10.0,25.0,15.0
57,24,6,17,7.5,21.25,13.75
57,25,3,11,3.75,13.75,10.0
57,26,15,8,18.75,10.0,-8.75
57,27,11,22,13.75,27.5,13.75
57,28,6,15,7.5,18.75,11.25
57,29,15,11,18.75,13.75,-5.0
57,30,2,6,2.5,7.5,5.0
57,31,9,9,11.25,11.25,0.0
57,32,5,5,6.25,6.25,0.0
57,33,7,9,8.75,11.25,2.5
57,34,11,14,13.75,17.5,3.75
57,35,3,3,3.75,3.75,0.0
57,36,11,10,13.75,12.5,-1.25
57,37,2,13,2.5,16.25,13.75
57,38,10,12,12.5,15.0,2.5
57,39,9,10,11.25,12.5,1.25
57,40,9,15,11.25,18.75,7.5
57,41,6,9,7.5,11.25,3.75
57,42,0,10,0.0,12.5,12.5
57,43,6,6,7.5,7.5,0.0
57,44,3,23,3.75,28.75,25.0
57,45,4,5,5.0,6.25,1.25
57,46,4,8,5.0,10.0,5.0
57,47,6,8,7.5,10.0,2.5
57,48,1,11,1.25,13.75,12.5
57,49,9,8,11.25,10.0,-1.25
57,50,8,20,10.0,25.0,15.0
57,51,4,14,5.0,17.5,12.5
57,52,4,8,5.0,10.0,5.0
57,53,2,16,2.5,20.0,17.5
57,54,8,12,10.0,15.0,5.0
57,55,1,3,1.25,3.75,2.5
57,56,1,5,1.25,6.25,5.0
57,57,2,3,2.5,3.75,1.25
57,58,9,16,11.25,20.0,8.75
57,59,2,17,2.5,21.25,18.75
57,60,6,8,7.5,10.0,2.5
57,61,8,23,10.0,28.75,18.75
57,62,4,4,5.0,5.0,0.0
57,63,3,13,3.75,16.25,12.5
57,64,5,5,6.25,6.25,0.0
57,65,6,5,7.5,6.25,-1.25
57,66,5,20,6.25,25.0,18.75
57,67,9,4,11.25,5.0,-6.25
57,68,4,11,5.0,13.75,8.75
57,69,16,11,20.0,13.75,-6.25
57,70,4,14,5.0,17.5,12.5
57,71,3,5,3.75,6.25,2.5
57,72,5,8,6.25,10.0,3.75
57,73,5,5,6.25,6.25,0.0
57,74,11,6,13.75,7.5,-6.25
57,75,6,10,7.5,12.5,5.0
57,76,2,16,2.5,20.0,17.5
57,77,5,7,6.25,8.75,2.5
57,78,5,10,6.25,12.5,6.25
57,79,7,20,8.75,25.0,16.25
57,80,5,7,6.25,8.75,2.5
57,81,7,15,8.75,18.75,10.0
57,82,3,24,3.75,30.0,26.25
57,83,3,12,3.75,15.0,11.25
57,84,5,16,6.25,20.0,13.75
57,85,9,6,11.25,7.5,-3.75
57,86,16,12,20.0,15.0,-5.0
57,87,1,10,1.25,12.5,11.25
57,88,2,14,2.5,17.5,15.0
57,89,9,14,11.25,17.5,6.25
57,90,4,13,5.0,16.25,11.25
57,91,9,6,11.25,7.5,-3.75
57,92,7,11,8.75,13.75,5.0
57,93,10,12,12.5,15.0,2.5
57,94,7,10,8.75,12.5,3.75
57,95,7,16,8.75,20.0,11.25
57,96,2,14,2.5,17.5,15.0
57,97,5,9,6.25,11.25,5.0
57,98,5,9,6.25,11.25,5.0
57,99,13,2,16.25,2.5,-13.75
57,100,6,10,7.5,12.5,5.0
57,101,1,11,1.25,13.75,12.5
57,102,4,12,5.0,15.0,10.0
57,103,7,14,8.75,17.5,8.75
57,104,9,19,11.25,23.75,12.5
57,105,14,19,17.5,23.75,6.25
57,106,5,4,6.25,5.0,-1.25
57,107,10,21,12.5,26.25,13.75
57,108,5,15,6.25,18.75,12.5
57,109,14,9,17.5,11.25,-6.25
57,110,12,10,15.0,12.5,-2.5
57,111,6,21,7.5,26.25,18.75
57,112,5,8,6.25,10.0,3.75
57,113,9,7,11.25,8.75,-2.5
57,114,3,7,3.75,8.75,5.0
57,115,5,6,6.25,7.5,1.25
57,116,6,11,7.5,13.75,6.25
57,117,3,14,3.75,17.5,13.75
57,118,11,4,13.75,5.0,-8.75
57,119,6,15,7.5,18.75,11.25
57,120,3,7,3.75,8.75,5.0
57,121,8,11,10.0,13.75,3.75
57,122,4,11,5.0,13.75,8.75
57,123,0,9,0.0,11.25,11.25
57,124,2,16,2.5,20.0,17.5
57,125,1,4,1.25,5.0,3.75
57,126,2,4,2.5,5.0,2.5
57,127,5,18,6.25,22.5,16.25
57,128,3,9,3.75,11.25,7.5
57,129,9,17,11.25,21.25,10.0
57,130,15,13,18.75,16.25,-2.5
57,131,5,3,6.25,3.75,-2.5
57,132,6,8,7.5,10.0,2.5
57,133,1,7,1.25,8.75,7.5
57,134,9,4,11.25,5.0,-6.25
58,0,2,0,2.5,0.0,-2.5
58,1,0,0,0.0,0.0,0.0
58,2,0,0,0.0,0.0,0.0
58,3,0,0,0.0,0.0,0.0
58,4,0,0,0.0,0.0,0.0
58,5,0,1,0.0,1.25,1.25
58,6,0,0,0.0,0.0,0.0
58,7,0,0,0.0,0.0,0.0
58,8,0,2,0.0,2.5,2.5
58,9,1,0,1.25,0.0,-1.25
58,10,0,0,0.0,0.0,0.0
58,11,0,0,0.0,0.0,0.0
58,12,0,0,0.0,0.0,0.0
58,13,0,0,0.0,0.0,0.0
58,14,0,0,0.0,0.0,0.0
58,15,0,0,0.0,0.0,0.0
58,16,0,0,0.0,0.0,0.0
58,17,0,0,0.0,0.0,0.0
58,18,0,0,0.0,0.0,0.0
58,19,0,0,0.0,0.0,0.0
58,20,0,0,0.0,0.0,0.0
58,21,0,0,0.0,0.0,0.0
58,22,0,0,0.0,0.0,0.0
58,23,0,0,0.0,0.0,0.0
58,24,0,0,0.0,0.0,0.0
58,25,0,0,0.0,0.0,0.0
58,26,0,0,0.0,0.0,0.0
58,27,0,0,0.0,0.0,0.0
58,28,0,1,0.0,1.25,1.25
58,29,0,1,0.0,1.25,1.25
58,30,0,0,0.0,0.0,0.0
58,31,0,0,0.0,0.0,0.0
58,32,0,0,0.0,0.0,0.0
58,33,0,0,0.0,0.0,0.0
58,34,0,0,0.0,0.0,0.0
58,35,1,1,1.25,1.25,0.0
58,36,0,0,0.0,0.0,0.0
58,37,0,3,0.0,3.75,3.75
58,38,1,0,1.25,0.0,-1.25
58,39,0,0,0.0,0.0,0.0
58,40,1,0,1.25,0.0,-1.25
58,41,0,0,0.0,0.0,0.0
58,42,0,0,0.0,0.0,0.0
58,43,0,0,0.0,0.0,0.0
58,44,0,0,0.0,0.0,0.0
58,45,0,0,0.0,0.0,0.0
58,46,0,0,0.0,0.0,0.0
58,47,0,1,0.0,1.25,1.25
58,48,0,0,0.0,0.0,0.0
58,49,0,0,0.0,0.0,0.0
58,50,1,0,1.25,0.0,-1.25
58,51,0,0,0.0,0.0,0.0
58,52,0,0,0.0,0.0,0.0
58,53,0,0,0.0,0.0,0.0
58,54,0,1,0.0,1.25,1.25
58,55,0,1,0.0,1.25,1.25
58,56,1,0,1.25,0.0,-1.25
58,57,0,0,0.0,0.0,0.0
58,58,0,0,0.0,0.0,0.0
58,59,0,0,0.0,0.0,0.0
58,60,0,2,0.0,2.5,2.5
58,61,0,0,0.0,0.0,0.0
58,62,0,0,0.0,0.0,0.0
58,63,0,0,0.0,0.0,0.0
58,64,0,0,0.0,0.0,0.0
58,65,0,0,0.0,0.0,0.0
58,66,0,0,0.0,0.0,0.0
58,67,0,0,0.0,0.0,0.0
58,68,0,0,0.0,0.0,0.0
58,69,0,0,0.0,0.0,0.0
58,70,0,0,0.0,0.0,0.0
58,71,0,0,0.0,0.0,0.0
58,72,0,0,0.0,0.0,0.0
58,73,0,0,0.0,0.0,0.0
58,74,0,0,0.0,0.0,0.0
58,75,0,0,0.0,0.0,0.0
58,76,0,0,0.0,0.0,0.0
58,77,0,0,0.0,0.0,0.0
58,78,0,0,0.0,0.0,0.0
58,79,0,0,0.0,0.0,0.0
58,80,0,0,0.0,0.0,0.0
58,81,0,0,0.0,0.0,0.0
58,82,0,0,0.0,0.0,0.0
58,83,0,0,0.0,0.0,0.0
58,84,0,0,0.0,0.0,0.0
58,85,0,0,0.0,0.0,0.0
58,86,0,0,0.0,0.0,0.0
58,87,0,0,0.0,0.0,0.0
58,88,0,0,0.0,0.0,0.0
58,89,0,0,0.0,0.0,0.0
58,90,0,0,0.0,0.0,0.0
58,91,1,1,1.25,1.25,0.0
58,92,0,1,0.0,1.25,1.25
58,93,0,0,0.0,0.0,0.0
58,94,0,0,0.0,0.0,0.0
58,95,0,0,0.0,0.0,0.0
58,96,0,0,0.0,0.0,0.0
58,97,0,0,0.0,0.0,0.0
58,98,1,1,1.25,1.25,0.0
58,99,0,1,0.0,1.25,1.25
58,100,0,1,0.0,1.25,1.25
58,101,0,0,0.0,0.0,0.0
58,102,0,0,0.0,0.0,0.0
58,103,0,0,0.0,0.0,0.0
58,104,0,0,0.0,0.0,0.0
58,105,0,2,0.0,2.5,2.5
58,106,0,0,0.0,0.0,0.0
58,107,0,0,0.0,0.0,0.0
58,108,0,0,0.0,0.0,0.0
58,109,0,2,0.0,2.5,2.5
58,110,0,0,0.0,0.0,0.0
58,111,1,0,1.25,0.0,-1.25
58,112,1,0,1.25,0.0,-1.25
58,113,0,1,0.0,1.25,1.25
58,114,0,0,0.0,0.0,0.0
58,115,0,0,0.0,0.0,0.0
58,116,0,0,0.0,0.0,0.0
58,117,0,1,0.0,1.25,1.25
58,118,0,0,0.0,0.0,0.0
58,119,0,0,0.0,0.0,0.0
58,120,0,2,0.0,2.5,2.5
58,121,3,0,3.75,0.0,-3.75
58,122,0,1,0.0,1.25,1.25
58,123,0,0,0.0,0.0,0.0
58,124,0,0,0.0,0.0,0.0
58,125,0,0,0.0,0.0,0.0
58,126,0,0,0.0,0.0,0.0
58,127,0,0,0.0,0.0,0.0
58,128,0,0,0.0,0.0,0.0
58,129,0,0,0.0,0.0,0.0
58,130,0,0,0.0,0.0,0.0
58,131,0,0,0.0,0.0,0.0
58,132,0,0,0.0,0.0,0.0
58,133,0,0,0.0,0.0,0.0
58,134,1,1,1.25,1.25,0.0
59,0,0,1,0.0,1.25,1.25
59,1,0,0,0.0,0.0,0.0
59,2,1,2,1.25,2.5,1.25
59,3,1,2,1.25,2.5,1.25
59,4,0,1,0.0,1.25,1.25
59,5,0,1,0.0,1.25,1.25
59,6,1,1,1.25,1.25,0.0
59,7,0,0,0.0,0.0,0.0
59,8,3,0,3.75,0.0,-3.75
59,9,1,0,1.25,0.0,-1.25
59,10,0,0,0.0,0.0,0.0
59,11,0,0,0.0,0.0,0.0
59,12,1,4,1.25,5.0,3.75
59,13,0,1,0.0,1.25,1.25
59,14,0,2,0.0,2.5,2.5
59,15,0,0,0.0,0.0,0.0
59,16,0,1,0.0,1.25,1.25
59,17,0,1,0.0,1.25,1.25
59,18,1,0,1.25,0.0,-1.25
59,19,2,0,2.5,0.0,-2.5
59,20,4,1,5.0,1.25,-3.75
59,21,0,1,0.0,1.25,1.25
59,22,0,0,0.0,0.0,0.0
59,23,0,2,0.0,2.5,2.5
59,24,0,3,0.0,3.75,3.75
59,25,0,1,0.0,1.25,1.25
59,26,0,3,0.0,3.75,3.75
59,27,1,0,1.25,0.0,-1.25
59,28,2,0,2.5,0.0,-2.5
59,29,0,0,0.0,0.0,0.0
59,30,0,1,0.0,1.25,1.25
59,31,0,0,0.0,0.0,0.0
59,32,0,0,0.0,0.0,0.0
59,33,0,0,0.0,0.0,0.0
59,34,3,3,3.75,3.75,0.0
59,35,0,1,0.0,1.25,1.25
59,36,1,0,1.25,0.0,-1.25
59,37,0,1,0.0,1.25,1.25
59,38,0,0,0.0,0.0,0.0
59,39,1,1,1.25,1.25,0.0
59,40,0,0,0.0,0.0,0.0
59,41,0,1,0.0,1.25,1.25
59,42,0,1,0.0,1.25,1.25
59,43,1,1,1.25,1.25,0.0
59,44,0,0,0.0,0.0,0.0
59,45,0,1,0.0,1.25,1.25
59,46,0,0,0.0,0.0,0.0
59,47,0,1,0.0,1.25,1.25
59,48,0,0,0.0,0.0,0.0
59,49,1,0,1.25,0.0,-1.25
59,50,1,1,1.25,1.25,0.0
59,51,0,0,0.0,0.0,0.0
59,52,0,0,0.0,0.0,0.0
59,53,1,1,1.25,1.25,0.0
59,54,0,0,0.0,0.0,0.0
59,55,0,1,0.0,1.25,1.25
59,56,0,0,0.0,0.0,0.0
59,57,0,0,0.0,0.0,0.0
59,58,1,0,1.25,0.0,-1.25
59,59,1,0,1.25,0.0,-1.25
59,60,0,0,0.0,0.0,0.0
59,61,2,0,2.5,0.0,-2.5
59,62,1,2,1.25,2.5,1.25
59,63,1,0,1.25,0.0,-1.25
59,64,0,0,0.0,0.0,0.0
59,65,1,0,1.25,0.0,-1.25
59,66,0,0,0.0,0.0,0.0
59,67,1,0,1.25,0.0,-1.25
59,68,2,4,2.5,5.0,2.5
59,69,0,0,0.0,0.0,0.0
59,70,2,0,2.5,0.0,-2.5
59,71,0,1,0.0,1.25,1.25
59,72,1,1,1.25,1.25,0.0
59,73,0,0,0.0,0.0,0.0
59,74,0,1,0.0,1.25,1.25
59,75,0,3,0.0,3.75,3.75
59,76,2,0,2.5,0.0,-2.5
59,77,1,0,1.25,0.0,-1.25
59,78,1,1,1.25,1.25,0.0
59,79,0,1,0.0,1.25,1.25
59,80,0,1,0.0,1.25,1.25
59,81,0,0,0.0,0.0,0.0
59,82,0,2,0.0,2.5,2.5
59,83,0,0,0.0,0.0,0.0
59,84,0,0,0.0,0.0,0.0
59,85,1,1,1.25,1.25,0.0
59,86,0,0,0.0,0.0,0.0
59,87,0,0,0.0,0.0,0.0
59,88,1,1,1.25,1.25,0.0
59,89,1,2,1.25,2.5,1.25
59,90,1,1,1.25,1.25,0.0
59,91,0,0,0.0,0.0,0.0
59,92,1,0,1.25,0.0,-1.25
59,93,1,0,1.25,0.0,-1.25
59,94,0,2,0.0,2.5,2.5
59,95,1,0,1.25,0.0,-1.25
59,96,0,0,0.0,0.0,0.0
59,97,0,0,0.0,0.0,0.0
59,98,0,0,0.0,0.0,0.0
59,99,0,1,0.0,1.25,1.25
59,100,0,0,0.0,0.0,0.0
59,101,0,1,0.0,1.25,1.25
59,102,0,0,0.0,0.0,0.0
59,103,0,1,0.0,1.25,1.25
59,104,1,0,1.25,0.0,-1.25
59,105,0,0,0.0,0.0,0.0
59,106,0,1,0.0,1.25,1.25
59,107,1,0,1.25,0.0,-1.25
59,108,0,0,0.0,0.0,0.0
59,109,0,0,0.0,0.0,0.0
59,110,0,0,0.0,0.0,0.0
59,111,1,1,1.25,1.25,0.0
59,112,0,0,0.0,0.0,0.0
59,113,1,0,1.25,0.0,-1.25
59,114,0,0,0.0,0.0,0.0
59,115,0,0,0.0,0.0,0.0
59,116,0,2,0.0,2.5,2.5
59,117,1,1,1.25,1.25,0.0
59,118,0,1,0.0,1.25,1.25
59,119,1,1,1.25,1.25,0.0
59,120,2,0,2.5,0.0,-2.5
59,121,1,0,1.25,0.0,-1.25
59,122,2,1,2.5,1.25,-1.25
59,123,0,0,0.0,0.0,0.0
59,124,0,0,0.0,0.0,0.0
59,125,1,0,1.25,0.0,-1.25
59,126,2,0,2.5,0.0,-2.5
59,127,0,1,0.0,1.25,1.25
59,128,1,1,1.25,1.25,0.0
59,129,2,0,2.5,0.0,-2.5
59,130,0,1,0.0,1.25,1.25
59,131,0,0,0.0,0.0,0.0
59,132,0,0,0.0,0.0,0.0
59,133,0,0,0.0,0.0,0.0
59,134,1,0,1.25,0.0,-1.25
60,0,1,0,1.25,0.0,-1.25
60,1,0,1,0.0,1.25,1.25
60,2,1,1,1.25,1.25,0.0
60,3,1,2,1.25,2.5,1.25
60,4,2,0,2.5,0.0,-2.5
60,5,0,5,0.0,6.25,6.25
60,6,2,0,2.5,0.0,-2.5
60,7,3,1,3.75,1.25,-2.5
60,8,0,4,0.0,5.0,5.0
60,9,2,0,2.5,0.0,-2.5
60,10,2,1,2.5,1.25,-1.25
60,11,0,0,0.0,0.0,0.0
60,12,0,0,0.0,0.0,0.0
60,13,2,0,2.5,0.0,-2.5
60,14,4,0,5.0,0.0,-5.0
60,15,1,0,1.25,0.0,-1.25
60,16,3,2,3.75,2.5,-1.25
60,17,1,0,1.25,0.0,-1.25
60,18,0,0,0.0,0.0,0.0
60,19,1,0,1.25,0.0,-1.25
60,20,4,0,5.0,0.0,-5.0
60,21,2,3,2.5,3.75,1.25
60,22,1,0,1.25,0.0,-1.25
60,23,0,0,0.0,0.0,0.0
60,24,0,0,0.0,0.0,0.0
60,25,0,2,0.0,2.5,2.5
60,26,0,0,0.0,0.0,0.0
60,27,1,0,1.25,0.0,-1.25
60,28,0,0,0.0,0.0,0.0
60,29,0,0,0.0,0.0,0.0
60,30,0,0,0.0,0.0,0.0
60,31,0,2,0.0,2.5,2.5
60,32,0,0,0.0,0.0,0.0
60,33,0,0,0.0,0.0,0.0
60,34,0,0,0.0,0.0,0.0
60,35,0,0,0.0,0.0,0.0
60,36,0,0,0.0,0.0,0.0
60,37,1,0,1.25,0.0,-1.25
60,38,0,0,0.0,0.0,0.0
60,39,0,0,0.0,0.0,0.0
60,40,0,0,0.0,0.0,0.0
60,41,0,1,0.0,1.25,1.25
60,42,0,0,0.0,0.0,0.0
60,43,3,0,3.75,0.0,-3.75
60,44,1,0,1.25,0.0,-1.25
60,45,1,4,1.25,5.0,3.75
60,46,1,0,1.25,0.0,-1.25
60,47,0,0,0.0,0.0,0.0
60,48,0,1,0.0,1.25,1.25
60,49,0,0,0.0,0.0,0.0
60,50,0,0,0.0,0.0,0.0
60,51,1,0,1.25,0.0,-1.25
60,52,1,4,1.25,5.0,3.75
60,53,0,1,0.0,1.25,1.25
60,54,1,0,1.25,0.0,-1.25
60,55,0,1,0.0,1.25,1.25
60,56,0,0,0.0,0.0,0.0
60,57,0,0,0.0,0.0,0.0
60,58,0,0,0.0,0.0,0.0
60,59,0,0,0.0,0.0,0.0
60,60,0,0,0.0,0.0,0.0
60,61,0,0,0.0,0.0,0.0
60,62,1,0,1.25,0.0,-1.25
60,63,0,1,0.0,1.25,1.25
60,64,0,0,0.0,0.0,0.0
60,65,0,0,0.0,0.0,0.0
60,66,0,0,0.0,0.0,0.0
60,67,0,0,0.0,0.0,0.0
60,68,0,0,0.0,0.0,0.0
60,69,0,0,0.0,0.0,0.0
60,70,0,0,0.0,0.0,0.0
60,71,0,0,0.0,0.0,0.0
60,72,0,0,0.0,0.0,0.0
60,73,0,0,0.0,0.0,0.0
60,74,0,1,0.0,1.25,1.25
60,75,0,0,0.0,0.0,0.0
60,76,0,0,0.0,0.0,0.0
60,77,0,1,0.0,1.25,1.25
60,78,1,0,1.25,0.0,-1.25
60,79,0,0,0.0,0.0,0.0
60,80,0,0,0.0,0.0,0.0
60,81,0,0,0.0,0.0,0.0
60,82,0,0,0.0,0.0,0.0
60,83,2,0,2.5,0.0,-2.5
60,84,0,0,0.0,0.0,0.0
60,85,0,0,0.0,0.0,0.0
60,86,0,0,0.0,0.0,0.0
60,87,0,1,0.0,1.25,1.25
60,88,0,0,0.0,0.0,0.0
60,89,0,0,0.0,0.0,0.0
60,90,0,0,0.0,0.0,0.0
60,91,0,0,0.0,0.0,0.0
60,92,0,0,0.0,0.0,0.0
60,93,1,0,1.25,0.0,-1.25
60,94,0,0,0.0,0.0,0.0
60,95,0,0,0.0,0.0,0.0
60,96,0,0,0.0,0.0,0.0
60,97,0,0,0.0,0.0,0.0
60,98,0,0,0.0,0.0,0.0
60,99,0,0,0.0,0.0,0.0
60,100,0,0,0.0,0.0,0.0
60,101,0,0,0.0,0.0,0.0
60,102,0,0,0.0,0.0,0.0
60,103,0,0,0.0,0.0,0.0
60,104,0,0,0.0,0.0,0.0
60,105,0,0,0.0,0.0,0.0
60,106,0,1,0.0,1.25,1.25
60,107,0,0,0.0,0.0,0.0
60,108,0,0,0.0,0.0,0.0
60,109,0,0,0.0,0.0,0.0
60,110,0,2,0.0,2.5,2.5
60,111,0,0,0.0,0.0,0.0
60,112,0,0,0.0,0.0,0.0
60,113,0,0,0.0,0.0,0.0
60,114,0,0,0.0,0.0,0.0
60,115,0,1,0.0,1.25,1.25
60,116,0,0,0.0,0.0,0.0
60,117,0,0,0.0,0.0,0.0
60,118,3,1,3.75,1.25,-2.5
60,119,1,1,1.25,1.25,0.0
60,120,0,0,0.0,0.0,0.0
60,121,0,0,0.0,0.0,0.0
60,122,0,0,0.0,0.0,0.0
60,123,0,0,0.0,0.0,0.0
60,124,1,0,1.25,0.0,-1.25
60,125,0,0,0.0,0.0,0.0
60,126,0,0,0.0,0.0,0.0
60,127,0,0,0.0,0.0,0.0
60,128,0,1,0.0,1.25,1.25
60,129,0,1,0.0,1.25,1.25
60,130,0,0,0.0,0.0,0.0
60,131,1,1,1.25,1.25,0.0
60,132,0,0,0.0,0.0,0.0
60,133,0,0,0.0,0.0,0.0
60,134,0,0,0.0,0.0,0.0
61,0,0,0,0.0,0.0,0.0
61,1,6,2,7.5,2.5,-5.0
61,2,1,0,1.25,0.0,-1.25
61,3,2,0,2.5,0.0,-2.5
61,4,1,1,1.25,1.25,0.0
61,5,2,1,2.5,1.25,-1.25
61,6,0,1,0.0,1.25,1.25
61,7,2,0,2.5,0.0,-2.5
61,8,5,0,6.25,0.0,-6.25
61,9,8,0,10.0,0.0,-10.0
61,10,1,0,1.25,0.0,-1.25
61,11,2,1,2.5,1.25,-1.25
61,12,2,1,2.5,1.25,-1.25
61,13,5,0,6.25,0.0,-6.25
61,14,3,0,3.75,0.0,-3.75
61,15,2,2,2.5,2.5,0.0
61,16,1,3,1.25,3.75,2.5
61,17,0,3,0.0,3.75,3.75
61,18,3,1,3.75,1.25,-2.5
61,19,1,0,1.25,0.0,-1.25
61,20,0,2,0.0,2.5,2.5
61,21,0,4,0.0,5.0,5.0
61,22,0,0,0.0,0.0,0.0
61,23,2,1,2.5,1.25,-1.25
61,24,1,2,1.25,2.5,1.25
61,25,0,2,0.0,2.5,2.5
61,26,4,4,5.0,5.0,0.0
61,27,1,0,1.25,0.0,-1.25
61,28,0,0,0.0,0.0,0.0
61,29,3,1,3.75,1.25,-2.5
61,30,0,1,0.0,1.25,1.25
61,31,0,1,0.0,1.25,1.25
61,32,1,0,1.25,0.0,-1.25
61,33,2,0,2.5,0.0,-2.5
61,34,2,1,2.5,1.25,-1.25
61,35,1,1,1.25,1.25,0.0
61,36,0,2,0.0,2.5,2.5
61,37,3,2,3.75,2.5,-1.25
61,38,2,1,2.5,1.25,-1.25
61,39,1,2,1.25,2.5,1.25
61,40,5,4,6.25,5.0,-1.25
61,41,0,1,0.0,1.25,1.25
61,42,0,1,0.0,1.25,1.25
61,43,3,2,3.75,2.5,-1.25
61,44,4,1,5.0,1.25,-3.75
61,45,1,2,1.25,2.5,1.25
61,46,4,1,5.0,1.25,-3.75
61,47,1,1,1.25,1.25,0.0
61,48,0,1,0.0,1.25,1.25
61,49,0,1,0.0,1.25,1.25
61,50,2,2,2.5,2.5,0.0
61,51,1,0,1.25,0.0,-1.25
61,52,0,2,0.0,2.5,2.5
61,53,2,1,2.5,1.25,-1.25
61,54,0,0,0.0,0.0,0.0
61,55,3,0,3.75,0.0,-3.75
61,56,0,0,0.0,0.0,0.0
61,57,1,1,1.25,1.25,0.0
61,58,1,2,1.25,2.5,1.25
61,59,2,1,2.5,1.25,-1.25
61,60,0,1,0.0,1.25,1.25
61,61,5,0,6.25,0.0,-6.25
61,62,2,0,2.5,0.0,-2.5
61,63,0,4,0.0,5.0,5.0
61,64,2,0,2.5,0.0,-2.5
61,65,0,1,0.0,1.25,1.25
61,66,0,1,0.0,1.25,1.25
61,67,0,1,0.0,1.25,1.25
61,68,1,2,1.25,2.5,1.25
61,69,1,5,1.25,6.25,5.0
61,70,0,0,0.0,0.0,0.0
61,71,1,3,1.25,3.75,2.5
61,72,0,2,0.0,2.5,2.5
61,73,1,1,1.25,1.25,0.0
61,74,1,0,1.25,0.0,-1.25
61,75,2,1,2.5,1.25,-1.25
61,76,0,1,0.0,1.25,1.25
61,77,0,3,0.0,3.75,3.75
61,78,1,0,1.25,0.0,-1.25
61,79,0,0,0.0,0.0,0.0
61,80,2,1,2.5,1.25,-1.25
61,81,3,0,3.75,0.0,-3.75
61,82,8,2,10.0,2.5,-7.5
61,83,3,0,3.75,0.0,-3.75
61,84,0,0,0.0,0.0,0.0
61,85,2,1,2.5,1.25,-1.25
61,86,2,4,2.5,5.0,2.5
61,87,2,1,2.5,1.25,-1.25
61,88,1,0,1.25,0.0,-1.25
61,89,1,0,1.25,0.0,-1.25
61,90,0,1,0.0,1.25,1.25
61,91,0,0,0.0,0.0,0.0
61,92,1,3,1.25,3.75,2.5
61,93,0,2,0.0,2.5,2.5
61,94,1,3,1.25,3.75,2.5
61,95,2,1,2.5,1.25,-1.25
61,96,0,4,0.0,5.0,5.0
61,97,3,3,3.75,3.75,0.0
61,98,5,0,6.25,0.0,-6.25
61,99,1,1,1.25,1.25,0.0
61,100,0,1,0.0,1.25,1.25
61,101,0,3,0.0,3.75,3.75
61,102,0,2,0.0,2.5,2.5
61,103,0,3,0.0,3.75,3.75
61,104,3,2,3.75,2.5,-1.25
61,105,0,0,0.0,0.0,0.0
61,106,3,1,3.75,1.25,-2.5
61,107,0,1,0.0,1.25,1.25
61,108,5,2,6.25,2.5,-3.75
61,109,1,2,1.25,2.5,1.25
61,110,4,1,5.0,1.25,-3.75
61,111,0,0,0.0,0.0,0.0
61,112,0,4,0.0,5.0,5.0
61,113,0,1,0.0,1.25,1.25
61,114,2,0,2.5,0.0,-2.5
61,115,1,2,1.25,2.5,1.25
61,116,1,2,1.25,2.5,1.25
61,117,2,1,2.5,1.25,-1.25
61,118,4,1,5.0,1.25,-3.75
61,119,0,0,0.0,0.0,0.0
61,120,0,2,0.0,2.5,2.5
61,121,0,4,0.0,5.0,5.0
61,122,0,2,0.0,2.5,2.5
61,123,0,0,0.0,0.0,0.0
61,124,1,0,1.25,0.0,-1.25
61,125,0,0,0.0,0.0,0.0
61,126,1,0,1.25,0.0,-1.25
61,127,1,2,1.25,2.5,1.25
61,128,1,0,1.25,0.0,-1.25
61,129,2,3,2.5,3.75,1.25
61,130,1,0,1.25,0.0,-1.25
61,131,0,0,0.0,0.0,0.0
61,132,4,1,5.0,1.25,-3.75
61,133,2,0,2.5,0.0,-2.5
61,134,1,3,1.25,3.75,2.5
62,0,0,0,0.0,0.0,0.0
62,1,0,0,0.0,0.0,0.0
62,2,1,1,1.25,1.25,0.0
62,3,3,0,3.75,0.0,-3.75
62,4,4,2,5.0,2.5,-2.5
62,5,1,0,1.25,0.0,-1.25
62,6,1,1,1.25,1.25,0.0
62,7,2,6,2.5,7.5,5.0
62,8,0,4,0.0,5.0,5.0
62,9,1,3,1.25,3.75,2.5
62,10,1,0,1.25,0.0,-1.25
62,11,3,3,3.75,3.75,0.0
62,12,2,3,2.5,3.75,1.25
62,13,4,8,5.0,10.0,5.0
62,14,7,2,8.75,2.5,-6.25
62,15,7,3,8.75,3.75,-5.0
62,16,3,2,3.75,2.5,-1.25
62,17,4,7,5.0,8.75,3.75
62,18,2,3,2.5,3.75,1.25
62,19,5,4,6.25,5.0,-1.25
62,20,1,6,1.25,7.5,6.25
62,21,4,3,5.0,3.75,-1.25
62,22,4,1,5.0,1.25,-3.75
62,23,4,6,5.0,7.5,2.5
62,24,6,2,7.5,2.5,-5.0
62,25,6,3,7.5,3.75,-3.75
62,26,4,2,5.0,2.5,-2.5
62,27,2,5,2.5,6.25,3.75
62,28,8,5,10.0,6.25,-3.75
62,29,5,3,6.25,3.75,-2.5
62,30,3,2,3.75,2.5,-1.25
62,31,7,5,8.75,6.25,-2.5
62,32,7,2,8.75,2.5,-6.25
62,33,4,5,5.0,6.25,1.25
62,34,4,4,5.0,5.0,0.0
62,35,3,7,3.75,8.75,5.0
62,36,3,2,3.75,2.5,-1.25
62,37,3,4,3.75,5.0,1.25
62,38,6,3,7.5,3.75,-3.75
62,39,5,5,6.25,6.25,0.0
62,40,5,7,6.25,8.75,2.5
62,41,5,4,6.25,5.0,-1.25
62,42,4,5,5.0,6.25,1.25
62,43,4,2,5.0,2.5,-2.5
62,44,3,3,3.75,3.75,0.0
62,45,3,5,3.75,6.25,2.5
62,46,3,2,3.75,2.5,-1.25
62,47,5,5,6.25,6.25,0.0
62,48,3,8,3.75,10.0,6.25
62,49,4,4,5.0,5.0,0.0
62,50,6,8,7.5,10.0,2.5
62,51,4,4,5.0,5.0,0.0
62,52,6,8,7.5,10.0,2.5
62,53,4,5,5.0,6.25,1.25
62,54,5,9,6.25,11.25,5.0
62,55,5,3,6.25,3.75,-2.5
62,56,6,4,7.5,5.0,-2.5
62,57,4,6,5.0,7.5,2.5
62,58,4,1,5.0,1.25,-3.75
62,59,7,7,8.75,8.75,0.0
62,60,4,5,5.0,6.25,1.25
62,61,2,4,2.5,5.0,2.5
62,62,4,3,5.0,3.75,-1.25
62,63,2,3,2.5,3.75,1.25
62,64,4,6,5.0,7.5,2.5
62,65,6,7,7.5,8.75,1.25
62,66,5,2,6.25,2.5,-3.75
62,67,2,5,2.5,6.25,3.75
62,68,4,6,5.0,7.5,2.5
62,69,6,7,7.5,8.75,1.25
62,70,5,3,6.25,3.75,-2.5
62,71,7,3,8.75,3.75,-5.0
62,72,2,7,2.5,8.75,6.25
62,73,2,3,2.5,3.75,1.25
62,74,7,2,8.75,2.5,-6.25
62,75,5,3,6.25,3.75,-2.5
62,76,0,2,0.0,2.5,2.5
62,77,3,3,3.75,3.75,0.0
62,78,5,0,6.25,0.0,-6.25
62,79,4,6,5.0,7.5,2.5
62,80,3,5,3.75,6.25,2.5
62,81,7,5,8.75,6.25,-2.5
62,82,2,6,2.5,7.5,5.0
62,83,7,3,8.75,3.75,-5.0
62,84,3,1,3.75,1.25,-2.5
62,85,4,1,5.0,1.25,-3.75
62,86,9,7,11.25,8.75,-2.5
62,87,2,5,2.5,6.25,3.75
62,88,4,4,5.0,5.0,0.0
62,89,5,4,6.25,5.0,-1.25
62,90,3,2,3.75,2.5,-1.25
62,91,4,5,5.0,6.25,1.25
62,92,2,3,2.5,3.75,1.25
62,93,7,10,8.75,12.5,3.75
62,94,2,1,2.5,1.25,-1.25
62,95,2,7,2.5,8.75,6.25
62,96,2,4,2.5,5.0,2.5
62,97,0,1,0.0,1.25,1.25
62,98,1,3,1.25,3.75,2.5
62,99,4,2,5.0,2.5,-2.5
62,100,1,9,1.25,11.25,10.0
62,101,4,6,5.0,7.5,2.5
62,102,2,4,2.5,5.0,2.5
62,103,4,4,5.0,5.0,0.0
62,104,2,8,2.5,10.0,7.5
62,105,5,6,6.25,7.5,1.25
62,106,4,5,5.0,6.25,1.25
62,107,5,9,6.25,11.25,5.0
62,108,4,8,5.0,10.0,5.0
62,109,3,4,3.75,5.0,1.25
62,110,6,1,7.5,1.25,-6.25
62,111,4,5,5.0,6.25,1.25
62,112,5,3,6.25,3.75,-2.5
62,113,5,2,6.25,2.5,-3.75
62,114,9,4,11.25,5.0,-6.25
62,115,2,0,2.5,0.0,-2.5
62,116,1,10,1.25,12.5,11.25
62,117,2,4,2.5,5.0,2.5
62,118,6,6,7.5,7.5,0.0
62,119,5,5,6.25,6.25,0.0
62,120,2,5,2.5,6.25,3.75
62,121,5,6,6.25,7.5,1.25
62,122,4,4,5.0,5.0,0.0
62,123,4,4,5.0,5.0,0.0
62,124,2,3,2.5,3.75,1.25
62,125,4,3,5.0,3.75,-1.25
62,126,1,3,1.25,3.75,2.5
62,127,5,5,6.25,6.25,0.0
62,128,2,4,2.5,5.0,2.5
62,129,2,3,2.5,3.75,1.25
62,130,6,2,7.5,2.5,-5.0
62,131,7,8,8.75,10.0,1.25
62,132,6,1,7.5,1.25,-6.25
62,133,4,3,5.0,3.75,-1.25
62,134,1,6,1.25,7.5,6.25
63,0,14,10,17.5,12.5,-5.0
63,1,6,12,7.5,15.0,7.5
63,2,8,19,10.0,23.75,13.75
63,3,8,9,10.0,11.25,1.25
63,4,6,5,7.5,6.25,-1.25
63,5,2,10,2.5,12.5,10.0
63,6,10,11,12.5,13.75,1.25
63,7,11,12,13.75,15.0,1.25
63,8,8,7,10.0,8.75,-1.25
63,9,9,11,11.25,13.75,2.5
63,10,7,9,8.75,11.25,2.5
63,11,6,7,7.5,8.75,1.25
63,12,8,7,10.0,8.75,-1.25
63,13,10,10,12.5,12.5,0.0
63,14,9,7,11.25,8.75,-2.5
63,15,5,5,6.25,6.25,0.0
63,16,8,3,10.0,3.75,-6.25
63,17,4,6,5.0,7.5,2.5
63,18,8,10,10.0,12.5,2.5
63,19,10,7,12.5,8.75,-3.75
63,20,5,16,6.25,20.0,13.75
63,21,7,11,8.75,13.75,5.0
63,22,8,5,10.0,6.25,-3.75
63,23,8,3,10.0,3.75,-6.25
63,24,5,10,6.25,12.5,6.25
63,25,9,7,11.25,8.75,-2.5
63,26,10,8,12.5,10.0,-2.5
63,27,3,16,3.75,20.0,16.25
63,28,8,10,10.0,12.5,2.5
63,29,8,7,10.0,8.75,-1.25
63,30,6,11,7.5,13.75,6.25
63,31,4,9,5.0,11.25,6.25
63,32,14,6,17.5,7.5,-10.0
63,33,10,8,12.5,10.0,-2.5
63,34,8,9,10.0,11.25,1.25
63,35,4,9,5.0,11.25,6.25
63,36,1,9,1.25,11.25,10.0
63,37,5,4,6.25,5.0,-1.25
63,38,4,5,5.0,6.25,1.25
63,39,10,5,12.5,6.25,-6.25
63,40,8,3,10.0,3.75,-6.25
63,41,10,8,12.5,10.0,-2.5
63,42,12,7,15.0,8.75,-6.25
63,43,3,11,3.75,13.75,10.0
63,44,6,12,7.5,15.0,7.5
63,45,9,8,11.25,10.0,-1.25
63,46,3,5,3.75,6.25,2.5
63,47,6,6,7.5,7.5,0.0
63,48,10,11,12.5,13.75,1.25
63,49,5,9,6.25,11.25,5.0
63,50,9,9,11.25,11.25,0.0
63,51,7,9,8.75,11.25,2.5
63,52,14,4,17.5,5.0,-12.5
63,53,8,7,10.0,8.75,-1.25
63,54,4,11,5.0,13.75,8.75
63,55,1,4,1.25,5.0,3.75
63,56,6,7,7.5,8.75,1.25
63,57,7,9,8.75,11.25,2.5
63,58,8,10,10.0,12.5,2.5
63,59,3,12,3.75,15.0,11.25
63,60,8,11,10.0,13.75,3.75
63,61,11,6,13.75,7.5,-6.25
63,62,6,15,7.5,18.75,11.25
63,63,5,9,6.25,11.25,5.0
63,64,8,8,10.0,10.0,0.0
63,65,7,7,8.75,8.75,0.0
63,66,6,6,7.5,7.5,0.0
63,67,7,4,8.75,5.0,-3.75
63,68,4,10,5.0,12.5,7.5
63,69,6,14,7.5,17.5,10.0
63,70,5,11,6.25,13.75,7.5
63,71,11,7,13.75,8.75,-5.0
63,72,11,7,13.75,8.75,-5.0
63,73,3,9,3.75,11.25,7.5
63,74,4,12,5.0,15.0,10.0
63,75,5,7,6.25,8.75,2.5
63,76,9,13,11.25,16.25,5.0
63,77,3,11,3.75,13.75,10.0
63,78,6,7,7.5,8.75,1.25
63,79,11,7,13.75,8.75,-5.0
63,80,10,8,12.5,10.0,-2.5
63,81,9,5,11.25,6.25,-5.0
63,82,7,6,8.75,7.5,-1.25
63,83,14,4,17.5,5.0,-12.5
63,84,7,6,8.75,7.5,-1.25
63,85,8,5,10.0,6.25,-3.75
63,86,5,8,6.25,10.0,3.75
63,87,13,12,16.25,15.0,-1.25
63,88,11,6,13.75,7.5,-6.25
63,89,5,12,6.25,15.0,8.75
63,90,6,4,7.5,5.0,-2.5
63,91,3,4,3.75,5.0,1.25
63,92,8,9,10.0,11.25,1.25
63,93,5,5,6.25,6.25,0.0
63,94,5,4,6.25,5.0,-1.25
63,95,11,8,13.75,10.0,-3.75
63,96,2,4,2.5,5.0,2.5
63,97,8,12,10.0,15.0,5.0
63,98,3,10,3.75,12.5,8.75
63,99,7,6,8.75,7.5,-1.25
63,100,6,10,7.5,12.5,5.0
63,101,6,9,7.5,11.25,3.75
63,102,6,7,7.5,8.75,1.25
63,103,7,6,8.75,7.5,-1.25
63,104,7,2,8.75,2.5,-6.25
63,105,7,8,8.75,10.0,1.25
63,106,6,5,7.5,6.25,-1.25
63,107,4,7,5.0,8.75,3.75
63,108,5,7,6.25,8.75,2.5
63,109,8,1,10.0,1.25,-8.75
63,110,5,5,6.25,6.25,0.0
63,111,2,6,2.5,7.5,5.0
63,112,2,2,2.5,2.5,0.0
63,113,8,4,10.0,5.0,-5.0
63,114,8,5,10.0,6.25,-3.75
63,115,7,3,8.75,3.75,-5.0
63,116,6,10,7.5,12.5,5.0
63,117,3,7,3.75,8.75,5.0
63,118,7,3,8.75,3.75,-5.0
63,119,5,7,6.25,8.75,2.5
63,120,8,3,10.0,3.75,-6.25
63,121,4,9,5.0,11.25,6.25
63,122,6,13,7.5,16.25,8.75
63,123,7,7,8.75,8.75,0.0
63,124,7,5,8.75,6.25,-2.5
63,125,7,8,8.75,10.0,1.25
63,126,6,8,7.5,10.0,2.5
63,127,4,4,5.0,5.0,0.0
63,128,3,7,3.75,8.75,5.0
63,129,4,5,5.0,6.25,1.25
63,130,4,3,5.0,3.75,-1.25
63,131,7,7,8.75,8.75,0.0
63,132,10,6,12.5,7.5,-5.0
63,133,4,5,5.0,6.25,1.25
63,134,8,3,10.0,3.75,-6.25
64,0,2,3,2.5,3.75,1.25
64,1,1,2,1.25,2.5,1.25
64,2,0,1,0.0,1.25,1.25
64,3,0,1,0.0,1.25,1.25
64,4,0,1,0.0,1.25,1.25
64,5,2,1,2.5,1.25,-1.25
64,6,1,3,1.25,3.75,2.5
64,7,1,2,1.25,2.5,1.25
64,8,0,1,0.0,1.25,1.25
64,9,1,3,1.25,3.75,2.5
64,10,2,1,2.5,1.25,-1.25
64,11,1,3,1.25,3.75,2.5
64,12,1,4,1.25,5.0,3.75
64,13,0,0,0.0,0.0,0.0
64,14,1,1,1.25,1.25,0.0
64,15,0,1,0.0,1.25,1.25
64,16,1,1,1.25,1.25,0.0
64,17,1,3,1.25,3.75,2.5
64,18,1,2,1.25,2.5,1.25
64,19,2,0,2.5,0.0,-2.5
64,20,0,0,0.0,0.0,0.0
64,21,1,2,1.25,2.5,1.25
64,22,3,3,3.75,3.75,0.0
64,23,1,5,1.25,6.25,5.0
64,24,3,3,3.75,3.75,0.0
64,25,0,4,0.0,5.0,5.0
64,26,3,4,3.75,5.0,1.25
64,27,2,1,2.5,1.25,-1.25
64,28,2,1,2.5,1.25,-1.25
64,29,0,2,0.0,2.5,2.5
64,30,0,0,0.0,0.0,0.0
64,31,1,2,1.25,2.5,1.25
64,32,0,2,0.0,2.5,2.5
64,33,0,2,0.0,2.5,2.5
64,34,2,3,2.5,3.75,1.25
64,35,1,0,1.25,0.0,-1.25
64,36,2,2,2.5,2.5,0.0
64,37,1,0,1.25,0.0,-1.25
64,38,0,1,0.0,1.25,1.25
64,39,1,1,1.25,1.25,0.0
64,40,2,1,2.5,1.25,-1.25
64,41,1,1,1.25,1.25,0.0
64,42,2,2,2.5,2.5,0.0
64,43,0,1,0.0,1.25,1.25
64,44,1,0,1.25,0.0,-1.25
64,45,1,3,1.25,3.75,2.5
64,46,1,0,1.25,0.0,-1.25
64,47,1,2,1.25,2.5,1.25
64,48,0,0,0.0,0.0,0.0
64,49,1,3,1.25,3.75,2.5
64,50,0,1,0.0,1.25,1.25
64,51,2,2,2.5,2.5,0.0
64,52,1,2,1.25,2.5,1.25
64,53,1,0,1.25,0.0,-1.25
64,54,1,0,1.25,0.0,-1.25
64,55,0,3,0.0,3.75,3.75
64,56,0,0,0.0,0.0,0.0
64,57,2,0,2.5,0.0,-2.5
64,58,2,1,2.5,1.25,-1.25
64,59,1,1,1.25,1.25,0.0
64,60,2,3,2.5,3.75,1.25
64,61,0,2,0.0,2.5,2.5
64,62,0,1,0.0,1.25,1.25
64,63,1,4,1.25,5.0,3.75
64,64,1,3,1.25,3.75,2.5
64,65,2,1,2.5,1.25,-1.25
64,66,2,0,2.5,0.0,-2.5
64,67,0,1,0.0,1.25,1.25
64,68,0,1,0.0,1.25,1.25
64,69,1,0,1.25,0.0,-1.25
64,70,3,4,3.75,5.0,1.25
64,71,1,3,1.25,3.75,2.5
64,72,2,3,2.5,3.75,1.25
64,73,1,2,1.25,2.5,1.25
64,74,0,2,0.0,2.5,2.5
64,75,1,1,1.25,1.25,0.0
64,76,3,0,3.75,0.0,-3.75
64,77,0,1,0.0,1.25,1.25
64,78,3,2,3.75,2.5,-1.25
64,79,0,3,0.0,3.75,3.75
64,80,0,1,0.0,1.25,1.25
64,81,0,0,0.0,0.0,0.0
64,82,1,0,1.25,0.0,-1.25
64,83,2,1,2.5,1.25,-1.25
64,84,1,1,1.25,1.25,0.0
64,85,1,4,1.25,5.0,3.75
64,86,1,1,1.25,1.25,0.0
64,87,0,0,0.0,0.0,0.0
64,88,0,0,0.0,0.0,0.0
64,89,0,2,0.0,2.5,2.5
64,90,1,3,1.25,3.75,2.5
64,91,2,2,2.5,2.5,0.0
64,92,0,0,0.0,0.0,0.0
64,93,1,1,1.25,1.25,0.0
64,94,1,2,1.25,2.5,1.25
64,95,0,3,0.0,3.75,3.75
64,96,3,0,3.75,0.0,-3.75
64,97,3,6,3.75,7.5,3.75
64,98,2,3,2.5,3.75,1.25
64,99,2,2,2.5,2.5,0.0
64,100,1,0,1.25,0.0,-1.25
64,101,1,4,1.25,5.0,3.75
64,102,1,2,1.25,2.5,1.25
64,103,3,1,3.75,1.25,-2.5
64,104,2,1,2.5,1.25,-1.25
64,105,1,3,1.25,3.75,2.5
64,106,0,1,0.0,1.25,1.25
64,107,2,2,2.5,2.5,0.0
64,108,0,1,0.0,1.25,1.25
64,109,1,1,1.25,1.25,0.0
64,110,2,2,2.5,2.5,0.0
64,111,0,0,0.0,0.0,0.0
64,112,2,0,2.5,0.0,-2.5
64,113,0,0,0.0,0.0,0.0
64,114,1,0,1.25,0.0,-1.25
64,115,2,1,2.5,1.25,-1.25
64,116,1,0,1.25,0.0,-1.25
64,117,3,0,3.75,0.0,-3.75
64,118,0,1,0.0,1.25,1.25
64,119,2,1,2.5,1.25,-1.25
64,120,1,1,1.25,1.25,0.0
64,121,0,1,0.0,1.25,1.25
64,122,1,1,1.25,1.25,0.0
64,123,1,1,1.25,1.25,0.0
64,124,0,2,0.0,2.5,2.5
64,125,3,1,3.75,1.25,-2.5
64,126,1,2,1.25,2.5,1.25
64,127,4,2,5.0,2.5,-2.5
64,128,0,1,0.0,1.25,1.25
64,129,3,3,3.75,3.75,0.0
64,130,1,2,1.25,2.5,1.25
64,131,2,1,2.5,1.25,-1.25
64,132,1,0,1.25,0.0,-1.25
64,133,0,1,0.0,1.25,1.25
64,134,0,4,0.0,5.0,5.0
65,0,4,2,5.0,2.5,-2.5
65,1,5,3,6.25,3.75,-2.5
65,2,2,4,2.5,5.0,2.5
65,3,1,4,1.25,5.0,3.75
65,4,4,4,5.0,5.0,0.0
65,5,4,4,5.0,5.0,0.0
65,6,3,3,3.75,3.75,0.0
65,7,1,0,1.25,0.0,-1.25
65,8,1,6,1.25,7.5,6.25
65,9,2,2,2.5,2.5,0.0
65,10,4,3,5.0,3.75,-1.25
65,11,5,3,6.25,3.75,-2.5
65,12,5,1,6.25,1.25,-5.0
65,13,5,4,6.25,5.0,-1.25
65,14,5,2,6.25,2.5,-3.75
65,15,2,2,2.5,2.5,0.0
65,16,4,5,5.0,6.25,1.25
65,17,0,0,0.0,0.0,0.0
65,18,3,2,3.75,2.5,-1.25
65,19,4,2,5.0,2.5,-2.5
65,20,6,0,7.5,0.0,-7.5
65,21,3,0,3.75,0.0,-3.75
65,22,3,5,3.75,6.25,2.5
65,23,3,2,3.75,2.5,-1.25
65,24,2,0,2.5,0.0,-2.5
65,25,3,3,3.75,3.75,0.0
65,26,3,4,3.75,5.0,1.25
65,27,1,4,1.25,5.0,3.75
65,28,2,0,2.5,0.0,-2.5
65,29,0,1,0.0,1.25,1.25
65,30,4,0,5.0,0.0,-5.0
65,31,3,2,3.75,2.5,-1.25
65,32,2,0,2.5,0.0,-2.5
65,33,3,2,3.75,2.5,-1.25
65,34,2,3,2.5,3.75,1.25
65,35,0,2,0.0,2.5,2.5
65,36,4,4,5.0,5.0,0.0
65,37,4,7,5.0,8.75,3.75
65,38,5,3,6.25,3.75,-2.5
65,39,1,1,1.25,1.25,0.0
65,40,5,4,6.25,5.0,-1.25
65,41,1,2,1.25,2.5,1.25
65,42,0,2,0.0,2.5,2.5
65,43,0,0,0.0,0.0,0.0
65,44,2,0,2.5,0.0,-2.5
65,45,2,2,2.5,2.5,0.0
65,46,4,2,5.0,2.5,-2.5
65,47,4,5,5.0,6.25,1.25
65,48,4,2,5.0,2.5,-2.5
65,49,2,1,2.5,1.25,-1.25
65,50,6,1,7.5,1.25,-6.25
65,51,2,2,2.5,2.5,0.0
65,52,4,4,5.0,5.0,0.0
65,53,1,1,1.25,1.25,0.0
65,54,3,3,3.75,3.75,0.0
65,55,3,0,3.75,0.0,-3.75
65,56,0,3,0.0,3.75,3.75
65,57,3,6,3.75,7.5,3.75
65,58,2,2,2.5,2.5,0.0
65,59,2,1,2.5,1.25,-1.25
65,60,2,2,2.5,2.5,0.0
65,61,1,3,1.25,3.75,2.5
65,62,2,3,2.5,3.75,1.25
65,63,0,2,0.0,2.5,2.5
65,64,2,1,2.5,1.25,-1.25
65,65,2,2,2.5,2.5,0.0
65,66,2,4,2.5,5.0,2.5
65,67,5,0,6.25,0.0,-6.25
65,68,2,1,2.5,1.25,-1.25
65,69,2,3,2.5,3.75,1.25
65,70,6,4,7.5,5.0,-2.5
65,71,2,3,2.5,3.75,1.25
65,72,2,5,2.5,6.25,3.75
65,73,5,5,6.25,6.25,0.0
65,74,3,5,3.75,6.25,2.5
65,75,6,4,7.5,5.0,-2.5
65,76,7,5,8.75,6.25,-2.5
65,77,3,6,3.75,7.5,3.75
65,78,2,3,2.5,3.75,1.25
65,79,4,4,5.0,5.0,0.0
65,80,0,2,0.0,2.5,2.5
65,81,0,1,0.0,1.25,1.25
65,82,6,3,7.5,3.75,-3.75
65,83,2,0,2.5,0.0,-2.5
65,84,5,2,6.25,2.5,-3.75
65,85,3,2,3.75,2.5,-1.25
65,86,2,4,2.5,5.0,2.5
65,87,5,4,6.25,5.0,-1.25
65,88,0,1,0.0,1.25,1.25
65,89,3,0,3.75,0.0,-3.75
65,90,2,1,2.5,1.25,-1.25
65,91,1,6,1.25,7.5,6.25
65,92,1,6,1.25,7.5,6.25
65,93,2,0,2.5,0.0,-2.5
65,94,1,4,1.25,5.0,3.75
65,95,2,2,2.5,2.5,0.0
65,96,2,2,2.5,2.5,0.0
65,97,2,0,2.5,0.0,-2.5
65,98,4,1,5.0,1.25,-3.75
65,99,4,3,5.0,3.75,-1.25
65,100,1,0,1.25,0.0,-1.25
65,101,4,2,5.0,2.5,-2.5
65,102,4,4,5.0,5.0,0.0
65,103,2,1,2.5,1.25,-1.25
65,104,5,0,6.25,0.0,-6.25
65,105,2,1,2.5,1.25,-1.25
65,106,0,4,0.0,5.0,5.0
65,107,5,2,6.25,2.5,-3.75
65,108,3,6,3.75,7.5,3.75
65,109,5,4,6.25,5.0,-1.25
65,110,3,1,3.75,1.25,-2.5
65,111,6,4,7.5,5.0,-2.5
65,112,2,1,2.5,1.25,-1.25
65,113,4,1,5.0,1.25,-3.75
65,114,3,2,3.75,2.5,-1.25
65,115,2,3,2.5,3.75,1.25
65,116,4,3,5.0,3.75,-1.25
65,117,0,3,0.0,3.75,3.75
65,118,3,2,3.75,2.5,-1.25
65,119,1,3,1.25,3.75,2.5
65,120,4,1,5.0,1.25,-3.75
65,121,4,4,5.0,5.0,0.0
65,122,0,1,0.0,1.25,1.25
65,123,1,3,1.25,3.75,2.5
65,124,10,2,12.5,2.5,-10.0
65,125,2,3,2.5,3.75,1.25
65,126,5,3,6.25,3.75,-2.5
65,127,2,2,2.5,2.5,0.0
65,128,2,1,2.5,1.25,-1.25
65,129,2,2,2.5,2.5,0.0
65,130,4,6,5.0,7.5,2.5
65,131,3,2,3.75,2.5,-1.25
65,132,4,3,5.0,3.75,-1.25
65,133,3,5,3.75,6.25,2.5
65,134,5,2,6.25,2.5,-3.75
66,0,1,4,1.25,5.0,3.75
66,1,6,8,7.5,10.0,2.5
66,2,4,2,5.0,2.5,-2.5
66,3,4,3,5.0,3.75,-1.25
66,4,4,3,5.0,3.75,-1.25
66,5,4,3,5.0,3.75,-1.25
66,6,5,3,6.25,3.75,-2.5
66,7,5,1,6.25,1.25,-5.0
66,8,3,2,3.75,2.5,-1.25
66,9,5,0,6.25,0.0,-6.25
66,10,1,2,1.25,2.5,1.25
66,11,4,3,5.0,3.75,-1.25
66,12,3,0,3.75,0.0,-3.75
66,13,5,0,6.25,0.0,-6.25
66,14,3,3,3.75,3.75,0.0
66,15,3,0,3.75,0.0,-3.75
66,16,6,7,7.5,8.75,1.25
66,17,0,0,0.0,0.0,0.0
66,18,0,0,0.0,0.0,0.0
66,19,2,2,2.5,2.5,0.0
66,20,2,1,2.5,1.25,-1.25
66,21,0,3,0.0,3.75,3.75
66,22,4,1,5.0,1.25,-3.75
66,23,2,4,2.5,5.0,2.5
66,24,6,0,7.5,0.0,-7.5
66,25,7,1,8.75,1.25,-7.5
66,26,1,4,1.25,5.0,3.75
66,27,1,0,1.25,0.0,-1.25
66,28,1,0,1.25,0.0,-1.25
66,29,1,0,1.25,0.0,-1.25
66,30,0,0,0.0,0.0,0.0
66,31,5,2,6.25,2.5,-3.75
66,32,5,3,6.25,3.75,-2.5
66,33,0,0,0.0,0.0,0.0
66,34,6,2,7.5,2.5,-5.0
66,35,1,0,1.25,0.0,-1.25
66,36,0,8,0.0,10.0,10.0
66,37,1,4,1.25,5.0,3.75
66,38,6,6,7.5,7.5,0.0
66,39,3,3,3.75,3.75,0.0
66,40,0,1,0.0,1.25,1.25
66,41,5,12,6.25,15.0,8.75
66,42,7,0,8.75,0.0,-8.75
66,43,0,6,0.0,7.5,7.5
66,44,2,0,2.5,0.0,-2.5
66,45,2,4,2.5,5.0,2.5
66,46,3,6,3.75,7.5,3.75
66,47,2,0,2.5,0.0,-2.5
66,48,3,0,3.75,0.0,-3.75
66,49,4,2,5.0,2.5,-2.5
66,50,3,0,3.75,0.0,-3.75
66,51,2,0,2.5,0.0,-2.5
66,52,0,1,0.0,1.25,1.25
66,53,0,2,0.0,2.5,2.5
66,54,1,1,1.25,1.25,0.0
66,55,3,2,3.75,2.5,-1.25
66,56,0,1,0.0,1.25,1.25
66,57,0,0,0.0,0.0,0.0
66,58,0,0,0.0,0.0,0.0
66,59,0,3,0.0,3.75,3.75
66,60,1,1,1.25,1.25,0.0
66,61,0,2,0.0,2.5,2.5
66,62,0,1,0.0,1.25,1.25
66,63,0,1,0.0,1.25,1.25
66,64,7,1,8.75,1.25,-7.5
66,65,2,5,2.5,6.25,3.75
66,66,1,1,1.25,1.25,0.0
66,67,4,2,5.0,2.5,-2.5
66,68,1,0,1.25,0.0,-1.25
66,69,1,0,1.25,0.0,-1.25
66,70,1,0,1.25,0.0,-1.25
66,71,4,1,5.0,1.25,-3.75
66,72,3,2,3.75,2.5,-1.25
66,73,2,0,2.5,0.0,-2.5
66,74,1,2,1.25,2.5,1.25
66,75,5,1,6.25,1.25,-5.0
66,76,1,1,1.25,1.25,0.0
66,77,3,0,3.75,0.0,-3.75
66,78,0,5,0.0,6.25,6.25
66,79,1,0,1.25,0.0,-1.25
66,80,2,0,2.5,0.0,-2.5
66,81,1,3,1.25,3.75,2.5
66,82,0,1,0.0,1.25,1.25
66,83,0,1,0.0,1.25,1.25
66,84,2,1,2.5,1.25,-1.25
66,85,1,0,1.25,0.0,-1.25
66,86,2,0,2.5,0.0,-2.5
66,87,1,3,1.25,3.75,2.5
66,88,4,1,5.0,1.25,-3.75
66,89,3,0,3.75,0.0,-3.75
66,90,3,1,3.75,1.25,-2.5
66,91,2,4,2.5,5.0,2.5
66,92,2,1,2.5,1.25,-1.25
66,93,0,0,0.0,0.0,0.0
66,94,1,0,1.25,0.0,-1.25
66,95,1,1,1.25,1.25,0.0
66,96,2,0,2.5,0.0,-2.5
66,97,1,1,1.25,1.25,0.0
66,98,0,3,0.0,3.75,3.75
66,99,7,2,8.75,2.5,-6.25
66,100,1,1,1.25,1.25,0.0
66,101,1,2,1.25,2.5,1.25
66,102,2,3,2.5,3.75,1.25
66,103,2,3,2.5,3.75,1.25
66,104,4,1,5.0,1.25,-3.75
66,105,4,0,5.0,0.0,-5.0
66,106,2,0,2.5,0.0,-2.5
66,107,1,1,1.25,1.25,0.0
66,108,6,4,7.5,5.0,-2.5
66,109,1,0,1.25,0.0,-1.25
66,110,7,5,8.75,6.25,-2.5
66,111,0,0,0.0,0.0,0.0
66,112,2,2,2.5,2.5,0.0
66,113,1,7,1.25,8.75,7.5
66,114,3,4,3.75,5.0,1.25
66,115,3,1,3.75,1.25,-2.5
66,116,2,3,2.5,3.75,1.25
66,117,2,0,2.5,0.0,-2.5
66,118,0,0,0.0,0.0,0.0
66,119,2,1,2.5,1.25,-1.25
66,120,0,1,0.0,1.25,1.25
66,121,0,0,0.0,0.0,0.0
66,122,3,0,3.75,0.0,-3.75
66,123,0,1,0.0,1.25,1.25
66,124,0,0,0.0,0.0,0.0
66,125,3,1,3.75,1.25,-2.5
66,126,0,1,0.0,1.25,1.25
66,127,0,3,0.0,3.75,3.75
66,128,4,4,5.0,5.0,0.0
66,129,0,3,0.0,3.75,3.75
66,130,0,0,0.0,0.0,0.0
66,131,0,1,0.0,1.25,1.25
66,132,0,2,0.0,2.5,2.5
66,133,1,3,1.25,3.75,2.5
66,134,2,1,2.5,1.25,-1.25
67,0,1,0,1.25,0.0,-1.25
67,1,0,1,0.0,1.25,1.25
67,2,0,0,0.0,0.0,0.0
67,3,0,1,0.0,1.25,1.25
67,4,0,2,0.0,2.5,2.5
67,5,5,0,6.25,0.0,-6.25
67,6,2,0,2.5,0.0,-2.5
67,7,1,0,1.25,0.0,-1.25
67,8,0,0,0.0,0.0,0.0
67,9,0,0,0.0,0.0,0.0
67,10,0,0,0.0,0.0,0.0
67,11,2,0,2.5,0.0,-2.5
67,12,0,0,0.0,0.0,0.0
67,13,2,0,2.5,0.0,-2.5
67,14,0,2,0.0,2.5,2.5
67,15,1,0,1.25,0.0,-1.25
67,16,0,1,0.0,1.25,1.25
67,17,0,0,0.0,0.0,0.0
67,18,0,0,0.0,0.0,0.0
67,19,2,0,2.5,0.0,-2.5
67,20,0,0,0.0,0.0,0.0
67,21,0,0,0.0,0.0,0.0
67,22,0,0,0.0,0.0,0.0
67,23,2,1,2.5,1.25,-1.25
67,24,2,0,2.5,0.0,-2.5
67,25,0,0,0.0,0.0,0.0
67,26,0,0,0.0,0.0,0.0
67,27,0,0,0.0,0.0,0.0
67,28,0,0,0.0,0.0,0.0
67,29,0,0,0.0,0.0,0.0
67,30,0,0,0.0,0.0,0.0
67,31,1,0,1.25,0.0,-1.25
67,32,0,0,0.0,0.0,0.0
67,33,0,0,0.0,0.0,0.0
67,34,2,1,2.5,1.25,-1.25
67,35,0,0,0.0,0.0,0.0
67,36,0,0,0.0,0.0,0.0
67,37,0,0,0.0,0.0,0.0
67,38,4,0,5.0,0.0,-5.0
67,39,2,0,2.5,0.0,-2.5
67,40,0,2,0.0,2.5,2.5
67,41,0,2,0.0,2.5,2.5
67,42,0,0,0.0,0.0,0.0
67,43,0,1,0.0,1.25,1.25
67,44,0,0,0.0,0.0,0.0
67,45,0,0,0.0,0.0,0.0
67,46,1,0,1.25,0.0,-1.25
67,47,0,0,0.0,0.0,0.0
67,48,2,0,2.5,0.0,-2.5
67,49,1,0,1.25,0.0,-1.25
67,50,1,0,1.25,0.0,-1.25
67,51,1,0,1.25,0.0,-1.25
67,52,0,0,0.0,0.0,0.0
67,53,1,1,1.25,1.25,0.0
67,54,0,0,0.0,0.0,0.0
67,55,0,0,0.0,0.0,0.0
67,56,0,0,0.0,0.0,0.0
67,57,0,0,0.0,0.0,0.0
67,58,0,0,0.0,0.0,0.0
67,59,0,0,0.0,0.0,0.0
67,60,0,0,0.0,0.0,0.0
67,61,0,0,0.0,0.0,0.0
67,62,0,0,0.0,0.0,0.0
67,63,0,1,0.0,1.25,1.25
67,64,0,0,0.0,0.0,0.0
67,65,0,4,0.0,5.0,5.0
67,66,1,1,1.25,1.25,0.0
67,67,0,0,0.0,0.0,0.0
67,68,1,1,1.25,1.25,0.0
67,69,2,0,2.5,0.0,-2.5
67,70,0,0,0.0,0.0,0.0
67,71,5,0,6.25,0.0,-6.25
67,72,1,0,1.25,0.0,-1.25
67,73,0,0,0.0,0.0,0.0
67,74,0,0,0.0,0.0,0.0
67,75,4,0,5.0,0.0,-5.0
67,76,1,1,1.25,1.25,0.0
67,77,0,1,0.0,1.25,1.25
67,78,1,1,1.25,1.25,0.0
67,79,1,0,1.25,0.0,-1.25
67,80,4,1,5.0,1.25,-3.75
67,81,0,1,0.0,1.25,1.25
67,82,1,0,1.25,0.0,-1.25
67,83,0,0,0.0,0.0,0.0
67,84,1,0,1.25,0.0,-1.25
67,85,1,3,1.25,3.75,2.5
67,86,2,0,2.5,0.0,-2.5
67,87,0,0,0.0,0.0,0.0
67,88,0,0,0.0,0.0,0.0
67,89,0,0,0.0,0.0,0.0
67,90,0,1,0.0,1.25,1.25
67,91,0,0,0.0,0.0,0.0
67,92,0,0,0.0,0.0,0.0
67,93,0,0,0.0,0.0,0.0
67,94,1,0,1.25,0.0,-1.25
67,95,1,0,1.25,0.0,-1.25
67,96,1,1,1.25,1.25,0.0
67,97,0,0,0.0,0.0,0.0
67,98,0,1,0.0,1.25,1.25
67,99,0,1,0.0,1.25,1.25
67,100,1,0,1.25,0.0,-1.25
67,101,0,1,0.0,1.25,1.25
67,102,0,1,0.0,1.25,1.25
67,103,0,4,0.0,5.0,5.0
67,104,1,0,1.25,0.0,-1.25
67,105,2,0,2.5,0.0,-2.5
67,106,0,0,0.0,0.0,0.0
67,107,0,2,0.0,2.5,2.5
67,108,0,0,0.0,0.0,0.0
67,109,0,0,0.0,0.0,0.0
67,110,1,1,1.25,1.25,0.0
67,111,0,0,0.0,0.0,0.0
67,112,0,0,0.0,0.0,0.0
67,113,0,1,0.0,1.25,1.25
67,114,1,0,1.25,0.0,-1.25
67,115,0,1,0.0,1.25,1.25
67,116,0,0,0.0,0.0,0.0
67,117,1,0,1.25,0.0,-1.25
67,118,1,0,1.25,0.0,-1.25
67,119,0,1,0.0,1.25,1.25
67,120,0,0,0.0,0.0,0.0
67,121,0,0,0.0,0.0,0.0
67,122,0,0,0.0,0.0,0.0
67,123,0,0,0.0,0.0,0.0
67,124,0,0,0.0,0.0,0.0
67,125,1,0,1.25,0.0,-1.25
67,126,0,0,0.0,0.0,0.0
67,127,0,0,0.0,0.0,0.0
67,128,0,0,0.0,0.0,0.0
67,129,0,0,0.0,0.0,0.0
67,130,1,0,1.25,0.0,-1.25
67,131,0,0,0.0,0.0,0.0
67,132,0,0,0.0,0.0,0.0
67,133,0,1,0.0,1.25,1.25
67,134,2,0,2.5,0.0,-2.5
68,0,0,2,0.0,2.5,2.5
68,1,3,0,3.75,0.0,-3.75
68,2,2,0,2.5,0.0,-2.5
68,3,0,2,0.0,2.5,2.5
68,4,0,1,0.0,1.25,1.25
68,5,3,0,3.75,0.0,-3.75
68,6,4,0,5.0,0.0,-5.0
68,7,2,0,2.5,0.0,-2.5
68,8,2,2,2.5,2.5,0.0
68,9,4,0,5.0,0.0,-5.0
68,10,1,3,1.25,3.75,2.5
68,11,4,0,5.0,0.0,-5.0
68,12,0,0,0.0,0.0,0.0
68,13,5,1,6.25,1.25,-5.0
68,14,0,0,0.0,0.0,0.0
68,15,0,0,0.0,0.0,0.0
68,16,1,2,1.25,2.5,1.25
68,17,1,0,1.25,0.0,-1.25
68,18,0,0,0.0,0.0,0.0
68,19,3,0,3.75,0.0,-3.75
68,20,0,1,0.0,1.25,1.25
68,21,0,2,0.0,2.5,2.5
68,22,1,0,1.25,0.0,-1.25
68,23,0,0,0.0,0.0,0.0
68,24,3,0,3.75,0.0,-3.75
68,25,2,2,2.5,2.5,0.0
68,26,0,2,0.0,2.5,2.5
68,27,0,0,0.0,0.0,0.0
68,28,0,0,0.0,0.0,0.0
68,29,1,0,1.25,0.0,-1.25
68,30,0,0,0.0,0.0,0.0
68,31,1,0,1.25,0.0,-1.25
68,32,0,0,0.0,0.0,0.0
68,33,0,0,0.0,0.0,0.0
68,34,1,1,1.25,1.25,0.0
68,35,0,0,0.0,0.0,0.0
68,36,0,0,0.0,0.0,0.0
68,37,0,5,0.0,6.25,6.25
68,38,1,0,1.25,0.0,-1.25
68,39,2,1,2.5,1.25,-1.25
68,40,0,0,0.0,0.0,0.0
68,41,0,2,0.0,2.5,2.5
68,42,1,0,1.25,0.0,-1.25
68,43,0,0,0.0,0.0,0.0
68,44,0,0,0.0,0.0,0.0
68,45,0,1,0.0,1.25,1.25
68,46,2,0,2.5,0.0,-2.5
68,47,1,0,1.25,0.0,-1.25
68,48,0,0,0.0,0.0,0.0
68,49,0,0,0.0,0.0,0.0
68,50,0,0,0.0,0.0,0.0
68,51,0,0,0.0,0.0,0.0
68,52,0,0,0.0,0.0,0.0
68,53,0,0,0.0,0.0,0.0
68,54,1,0,1.25,0.0,-1.25
68,55,0,0,0.0,0.0,0.0
68,56,1,0,1.25,0.0,-1.25
68,57,0,0,0.0,0.0,0.0
68,58,0,0,0.0,0.0,0.0
68,59,2,0,2.5,0.0,-2.5
68,60,0,4,0.0,5.0,5.0
68,61,0,3,0.0,3.75,3.75
68,62,0,3,0.0,3.75,3.75
68,63,0,2,0.0,2.5,2.5
68,64,2,1,2.5,1.25,-1.25
68,65,0,2,0.0,2.5,2.5
68,66,0,2,0.0,2.5,2.5
68,67,1,1,1.25,1.25,0.0
68,68,2,2,2.5,2.5,0.0
68,69,2,0,2.5,0.0,-2.5
68,70,1,1,1.25,1.25,0.0
68,71,3,0,3.75,0.0,-3.75
68,72,0,1,0.0,1.25,1.25
68,73,2,0,2.5,0.0,-2.5
68,74,2,1,2.5,1.25,-1.25
68,75,0,0,0.0,0.0,0.0
68,76,3,2,3.75,2.5,-1.25
68,77,0,0,0.0,0.0,0.0
68,78,1,1,1.25,1.25,0.0
68,79,1,0,1.25,0.0,-1.25
68,80,2,1,2.5,1.25,-1.25
68,81,1,2,1.25,2.5,1.25
68,82,0,1,0.0,1.25,1.25
68,83,0,0,0.0,0.0,0.0
68,84,0,0,0.0,0.0,0.0
68,85,1,1,1.25,1.25,0.0
68,86,1,0,1.25,0.0,-1.25
68,87,0,0,0.0,0.0,0.0
68,88,1,0,1.25,0.0,-1.25
68,89,1,0,1.25,0.0,-1.25
68,90,0,0,0.0,0.0,0.0
68,91,3,1,3.75,1.25,-2.5
68,92,0,1,0.0,1.25,1.25
68,93,0,0,0.0,0.0,0.0
68,94,1,0,1.25,0.0,-1.25
68,95,2,0,2.5,0.0,-2.5
68,96,1,2,1.25,2.5,1.25
68,97,0,1,0.0,1.25,1.25
68,98,0,4,0.0,5.0,5.0
68,99,1,0,1.25,0.0,-1.25
68,100,2,1,2.5,1.25,-1.25
68,101,2,2,2.5,2.5,0.0
68,102,1,0,1.25,0.0,-1.25
68,103,1,3,1.25,3.75,2.5
68,104,1,1,1.25,1.25,0.0
68,105,5,0,6.25,0.0,-6.25
68,106,2,1,2.5,1.25,-1.25
68,107,0,1,0.0,1.25,1.25
68,108,1,1,1.25,1.25,0.0
68,109,0,0,0.0,0.0,0.0
68,110,4,5,5.0,6.25,1.25
68,111,1,0,1.25,0.0,-1.25
68,112,3,0,3.75,0.0,-3.75
68,113,0,2,0.0,2.5,2.5
68,114,1,0,1.25,0.0,-1.25
68,115,0,0,0.0,0.0,0.0
68,116,0,0,0.0,0.0,0.0
68,117,2,0,2.5,0.0,-2.5
68,118,3,2,3.75,2.5,-1.25
68,119,1,0,1.25,0.0,-1.25
68,120,0,0,0.0,0.0,0.0
68,121,0,0,0.0,0.0,0.0
68,122,0,0,0.0,0.0,0.0
68,123,0,0,0.0,0.0,0.0
68,124,0,0,0.0,0.0,0.0
68,125,0,1,0.0,1.25,1.25
68,126,0,0,0.0,0.0,0.0
68,127,1,1,1.25,1.25,0.0
68,128,0,2,0.0,2.5,2.5
68,129,0,0,0.0,0.0,0.0
68,130,2,0,2.5,0.0,-2.5
68,131,2,2,2.5,2.5,0.0
68,132,0,0,0.0,0.0,0.0
68,133,0,1,0.0,1.25,1.25
68,134,0,0,0.0,0.0,0.0
69,0,0,1,0.0,1.25,1.25
69,1,0,0,0.0,0.0,0.0
69,2,1,0,1.25,0.0,-1.25
69,3,0,0,0.0,0.0,0.0
69,4,0,0,0.0,0.0,0.0
69,5,1,0,1.25,0.0,-1.25
69,6,0,0,0.0,0.0,0.0
69,7,0,0,0.0,0.0,0.0
69,8,0,0,0.0,0.0,0.0
69,9,0,0,0.0,0.0,0.0
69,10,0,0,0.0,0.0,0.0
69,11,0,0,0.0,0.0,0.0
69,12,0,0,0.0,0.0,0.0
69,13,1,0,1.25,0.0,-1.25
69,14,0,0,0.0,0.0,0.0
69,15,0,3,0.0,3.75,3.75
69,16,0,0,0.0,0.0,0.0
69,17,0,0,0.0,0.0,0.0
69,18,1,0,1.25,0.0,-1.25
69,19,1,0,1.25,0.0,-1.25
69,20,0,0,0.0,0.0,0.0
69,21,0,5,0.0,6.25,6.25
69,22,0,0,0.0,0.0,0.0
69,23,0,0,0.0,0.0,0.0
69,24,0,0,0.0,0.0,0.0
69,25,0,0,0.0,0.0,0.0
69,26,0,0,0.0,0.0,0.0
69,27,0,0,0.0,0.0,0.0
69,28,0,0,0.0,0.0,0.0
69,29,0,0,0.0,0.0,0.0
69,30,0,0,0.0,0.0,0.0
69,31,0,1,0.0,1.25,1.25
69,32,2,1,2.5,1.25,-1.25
69,33,0,0,0.0,0.0,0.0
69,34,0,0,0.0,0.0,0.0
69,35,1,0,1.25,0.0,-1.25
69,36,0,1,0.0,1.25,1.25
69,37,1,0,1.25,0.0,-1.25
69,38,0,1,0.0,1.25,1.25
69,39,0,2,0.0,2.5,2.5
69,40,0,0,0.0,0.0,0.0
69,41,0,7,0.0,8.75,8.75
69,42,0,0,0.0,0.0,0.0
69,43,0,0,0.0,0.0,0.0
69,44,0,0,0.0,0.0,0.0
69,45,0,0,0.0,0.0,0.0
69,46,0,0,0.0,0.0,0.0
69,47,0,1,0.0,1.25,1.25
69,48,0,0,0.0,0.0,0.0
69,49,0,3,0.0,3.75,3.75
69,50,2,0,2.5,0.0,-2.5
69,51,0,0,0.0,0.0,0.0
69,52,0,0,0.0,0.0,0.0
69,53,0,0,0.0,0.0,0.0
69,54,1,0,1.25,0.0,-1.25
69,55,0,0,0.0,0.0,0.0
69,56,0,0,0.0,0.0,0.0
69,57,0,0,0.0,0.0,0.0
69,58,4,0,5.0,0.0,-5.0
69,59,1,0,1.25,0.0,-1.25
69,60,0,1,0.0,1.25,1.25
69,61,3,0,3.75,0.0,-3.75
69,62,0,0,0.0,0.0,0.0
69,63,0,2,0.0,2.5,2.5
69,64,0,1,0.0,1.25,1.25
69,65,0,0,0.0,0.0,0.0
69,66,0,0,0.0,0.0,0.0
69,67,2,1,2.5,1.25,-1.25
69,68,0,1,0.0,1.25,1.25
69,69,0,1,0.0,1.25,1.25
69,70,1,0,1.25,0.0,-1.25
69,71,0,0,0.0,0.0,0.0
69,72,0,1,0.0,1.25,1.25
69,73,0,0,0.0,0.0,0.0
69,74,0,0,0.0,0.0,0.0
69,75,0,0,0.0,0.0,0.0
69,76,0,0,0.0,0.0,0.0
69,77,3,0,3.75,0.0,-3.75
69,78,0,0,0.0,0.0,0.0
69,79,0,0,0.0,0.0,0.0
69,80,0,0,0.0,0.0,0.0
69,81,0,1,0.0,1.25,1.25
69,82,0,1,0.0,1.25,1.25
69,83,1,0,1.25,0.0,-1.25
69,84,0,2,0.0,2.5,2.5
69,85,0,0,0.0,0.0,0.0
69,86,0,0,0.0,0.0,0.0
69,87,0,0,0.0,0.0,0.0
69,88,4,3,5.0,3.75,-1.25
69,89,0,0,0.0,0.0,0.0
69,90,0,1,0.0,1.25,1.25
69,91,0,1,0.0,1.25,1.25
69,92,0,0,0.0,0.0,0.0
69,93,0,0,0.0,0.0,0.0
69,94,0,0,0.0,0.0,0.0
69,95,0,0,0.0,0.0,0.0
69,96,0,0,0.0,0.0,0.0
69,97,0,0,0.0,0.0,0.0
69,98,0,2,0.0,2.5,2.5
69,99,0,0,0.0,0.0,0.0
69,100,0,0,0.0,0.0,0.0
69,101,0,1,0.0,1.25,1.25
69,102,0,0,0.0,0.0,0.0
69,103,0,3,0.0,3.75,3.75
69,104,0,0,0.0,0.0,0.0
69,105,0,0,0.0,0.0,0.0
69,106,0,0,0.0,0.0,0.0
69,107,1,0,1.25,0.0,-1.25
69,108,1,0,1.25,0.0,-1.25
69,109,0,0,0.0,0.0,0.0
69,110,4,3,5.0,3.75,-1.25
69,111,0,0,0.0,0.0,0.0
69,112,0,0,0.0,0.0,0.0
69,113,0,8,0.0,10.0,10.0
69,114,0,1,0.0,1.25,1.25
69,115,1,3,1.25,3.75,2.5
69,116,0,0,0.0,0.0,0.0
69,117,4,0,5.0,0.0,-5.0
69,118,0,0,0.0,0.0,0.0
69,119,3,0,3.75,0.0,-3.75
69,120,2,1,2.5,1.25,-1.25
69,121,0,0,0.0,0.0,0.0
69,122,0,0,0.0,0.0,0.0
69,123,0,0,0.0,0.0,0.0
69,124,0,0,0.0,0.0,0.0
69,125,0,0,0.0,0.0,0.0
69,126,0,1,0.0,1.25,1.25
69,127,1,2,1.25,2.5,1.25
69,128,0,0,0.0,0.0,0.0
69,129,0,1,0.0,1.25,1.25
69,130,0,0,0.0,0.0,0.0
69,131,1,0,1.25,0.0,-1.25
69,132,0,0,0.0,0.0,0.0
69,133,0,0,0.0,0.0,0.0
69,134,0,1,0.0,1.25,1.25
70,0,0,0,0.0,0.0,0.0
70,1,1,1,1.25,1.25,0.0
70,2,1,0,1.25,0.0,-1.25
70,3,0,2,0.0,2.5,2.5
70,4,5,0,6.25,0.0,-6.25
70,5,3,1,3.75,1.25,-2.5
70,6,1,1,1.25,1.25,0.0
70,7,1,0,1.25,0.0,-1.25
70,8,1,0,1.25,0.0,-1.25
70,9,1,1,1.25,1.25,0.0
70,10,0,0,0.0,0.0,0.0
70,11,1,0,1.25,0.0,-1.25
70,12,1,0,1.25,0.0,-1.25
70,13,0,0,0.0,0.0,0.0
70,14,0,0,0.0,0.0,0.0
70,15,1,1,1.25,1.25,0.0
70,16,0,2,0.0,2.5,2.5
70,17,4,0,5.0,0.0,-5.0
70,18,0,0,0.0,0.0,0.0
70,19,1,1,1.25,1.25,0.0
70,20,0,0,0.0,0.0,0.0
70,21,0,4,0.0,5.0,5.0
70,22,2,2,2.5,2.5,0.0
70,23,0,3,0.0,3.75,3.75
70,24,1,0,1.25,0.0,-1.25
70,25,2,2,2.5,2.5,0.0
70,26,0,2,0.0,2.5,2.5
70,27,0,0,0.0,0.0,0.0
70,28,0,0,0.0,0.0,0.0
70,29,0,1,0.0,1.25,1.25
70,30,0,3,0.0,3.75,3.75
70,31,1,1,1.25,1.25,0.0
70,32,4,3,5.0,3.75,-1.25
70,33,4,0,5.0,0.0,-5.0
70,34,0,2,0.0,2.5,2.5
70,35,2,0,2.5,0.0,-2.5
70,36,1,0,1.25,0.0,-1.25
70,37,0,2,0.0,2.5,2.5
70,38,2,2,2.5,2.5,0.0
70,39,0,1,0.0,1.25,1.25
70,40,0,0,0.0,0.0,0.0
70,41,2,6,2.5,7.5,5.0
70,42,2,0,2.5,0.0,-2.5
70,43,1,4,1.25,5.0,3.75
70,44,0,0,0.0,0.0,0.0
70,45,0,2,0.0,2.5,2.5
70,46,0,1,0.0,1.25,1.25
70,47,0,0,0.0,0.0,0.0
70,48,2,0,2.5,0.0,-2.5
70,49,0,2,0.0,2.5,2.5
70,50,1,1,1.25,1.25,0.0
70,51,0,0,0.0,0.0,0.0
70,52,1,0,1.25,0.0,-1.25
70,53,4,1,5.0,1.25,-3.75
70,54,0,0,0.0,0.0,0.0
70,55,2,1,2.5,1.25,-1.25
70,56,0,0,0.0,0.0,0.0
70,57,0,0,0.0,0.0,0.0
70,58,0,0,0.0,0.0,0.0
70,59,0,3,0.0,3.75,3.75
70,60,0,3,0.0,3.75,3.75
70,61,0,1,0.0,1.25,1.25
70,62,1,0,1.25,0.0,-1.25
70,63,0,4,0.0,5.0,5.0
70,64,5,1,6.25,1.25,-5.0
70,65,1,3,1.25,3.75,2.5
70,66,0,0,0.0,0.0,0.0
70,67,2,2,2.5,2.5,0.0
70,68,1,1,1.25,1.25,0.0
70,69,0,4,0.0,5.0,5.0
70,70,0,1,0.0,1.25,1.25
70,71,3,1,3.75,1.25,-2.5
70,72,0,1,0.0,1.25,1.25
70,73,4,0,5.0,0.0,-5.0
70,74,2,3,2.5,3.75,1.25
70,75,2,0,2.5,0.0,-2.5
70,76,0,2,0.0,2.5,2.5
70,77,1,0,1.25,0.0,-1.25
70,78,0,1,0.0,1.25,1.25
70,79,1,0,1.25,0.0,-1.25
70,80,0,1,0.0,1.25,1.25
70,81,0,2,0.0,2.5,2.5
70,82,1,1,1.25,1.25,0.0
70,83,1,2,1.25,2.5,1.25
70,84,2,2,2.5,2.5,0.0
70,85,0,4,0.0,5.0,5.0
70,86,3,0,3.75,0.0,-3.75
70,87,2,1,2.5,1.25,-1.25
70,88,2,2,2.5,2.5,0.0
70,89,1,3,1.25,3.75,2.5
70,90,0,1,0.0,1.25,1.25
70,91,0,0,0.0,0.0,0.0
70,92,0,2,0.0,2.5,2.5
70,93,0,5,0.0,6.25,6.25
70,94,5,0,6.25,0.0,-6.25
70,95,1,0,1.25,0.0,-1.25
70,96,0,2,0.0,2.5,2.5
70,97,0,1,0.0,1.25,1.25
70,98,0,1,0.0,1.25,1.25
70,99,1,0,1.25,0.0,-1.25
70,100,2,0,2.5,0.0,-2.5
70,101,0,0,0.0,0.0,0.0
70,102,0,0,0.0,0.0,0.0
70,103,0,1,0.0,1.25,1.25
70,104,2,0,2.5,0.0,-2.5
70,105,0,0,0.0,0.0,0.0
70,106,0,2,0.0,2.5,2.5
70,107,0,0,0.0,0.0,0.0
70,108,0,3,0.0,3.75,3.75
70,109,1,1,1.25,1.25,0.0
70,110,0,4,0.0,5.0,5.0
70,111,0,0,0.0,0.0,0.0
70,112,0,3,0.0,3.75,3.75
70,113,0,3,0.0,3.75,3.75
70,114,0,1,0.0,1.25,1.25
70,115,3,1,3.75,1.25,-2.5
70,116,0,0,0.0,0.0,0.0
70,117,1,0,1.25,0.0,-1.25
70,118,1,1,1.25,1.25,0.0
70,119,1,0,1.25,0.0,-1.25
70,120,3,0,3.75,0.0,-3.75
70,121,0,0,0.0,0.0,0.0
70,122,0,0,0.0,0.0,0.0
70,123,0,0,0.0,0.0,0.0
70,124,1,0,1.25,0.0,-1.25
70,125,0,3,0.0,3.75,3.75
70,126,0,0,0.0,0.0,0.0
70,127,0,1,0.0,1.25,1.25
70,128,2,0,2.5,0.0,-2.5
70,129,2,2,2.5,2.5,0.0
70,130,0,0,0.0,0.0,0.0
70,131,0,0,0.0,0.0,0.0
70,132,1,2,1.25,2.5,1.25
70,133,0,1,0.0,1.25,1.25
70,134,1,0,1.25,0.0,-1.25
71,0,0,1,0.0,1.25,1.25
71,1,2,0,2.5,0.0,-2.5
71,2,4,1,5.0,1.25,-3.75
71,3,2,3,2.5,3.75,1.25
71,4,4,1,5.0,1.25,-3.75
71,5,16,2,20.0,2.5,-17.5
71,6,0,3,0.0,3.75,3.75
71,7,1,1,1.25,1.25,0.0
71,8,3,3,3.75,3.75,0.0
71,9,1,4,1.25,5.0,3.75
71,10,2,0,2.5,0.0,-2.5
71,11,5,0,6.25,0.0,-6.25
71,12,2,0,2.5,0.0,-2.5
71,13,3,0,3.75,0.0,-3.75
71,14,4,2,5.0,2.5,-2.5
71,15,5,3,6.25,3.75,-2.5
71,16,1,7,1.25,8.75,7.5
71,17,0,0,0.0,0.0,0.0
71,18,4,0,5.0,0.0,-5.0
71,19,0,0,0.0,0.0,0.0
71,20,0,3,0.0,3.75,3.75
71,21,1,1,1.25,1.25,0.0
71,22,6,5,7.5,6.25,-1.25
71,23,2,14,2.5,17.5,15.0
71,24,6,0,7.5,0.0,-7.5
71,25,4,3,5.0,3.75,-1.25
71,26,0,3,0.0,3.75,3.75
71,27,0,0,0.0,0.0,0.0
71,28,0,0,0.0,0.0,0.0
71,29,0,0,0.0,0.0,0.0
71,30,0,2,0.0,2.5,2.5
71,31,5,4,6.25,5.0,-1.25
71,32,12,7,15.0,8.75,-6.25
71,33,9,0,11.25,0.0,-11.25
71,34,0,13,0.0,16.25,16.25
71,35,8,0,10.0,0.0,-10.0
71,36,0,1,0.0,1.25,1.25
71,37,2,3,2.5,3.75,1.25
71,38,0,2,0.0,2.5,2.5
71,39,1,0,1.25,0.0,-1.25
71,40,0,1,0.0,1.25,1.25
71,41,3,14,3.75,17.5,13.75
71,42,10,0,12.5,0.0,-12.5
71,43,4,9,5.0,11.25,6.25
71,44,0,0,0.0,0.0,0.0
71,45,0,3,0.0,3.75,3.75
71,46,5,1,6.25,1.25,-5.0
71,47,1,0,1.25,0.0,-1.25
71,48,5,1,6.25,1.25,-5.0
71,49,1,3,1.25,3.75,2.5
71,50,11,4,13.75,5.0,-8.75
71,51,0,2,0.0,2.5,2.5
71,52,1,0,1.25,0.0,-1.25
71,53,2,2,2.5,2.5,0.0
71,54,1,2,1.25,2.5,1.25
71,55,2,5,2.5,6.25,3.75
71,56,2,1,2.5,1.25,-1.25
71,57,1,1,1.25,1.25,0.0
71,58,0,0,0.0,0.0,0.0
71,59,0,4,0.0,5.0,5.0
71,60,0,5,0.0,6.25,6.25
71,61,3,2,3.75,2.5,-1.25
71,62,3,0,3.75,0.0,-3.75
71,63,0,6,0.0,7.5,7.5
71,64,2,0,2.5,0.0,-2.5
71,65,0,5,0.0,6.25,6.25
71,66,0,0,0.0,0.0,0.0
71,67,6,0,7.5,0.0,-7.5
71,68,1,0,1.25,0.0,-1.25
71,69,1,6,1.25,7.5,6.25
71,70,0,3,0.0,3.75,3.75
71,71,4,0,5.0,0.0,-5.0
71,72,0,1,0.0,1.25,1.25
71,73,5,0,6.25,0.0,-6.25
71,74,3,8,3.75,10.0,6.25
71,75,4,0,5.0,0.0,-5.0
71,76,1,1,1.25,1.25,0.0
71,77,0,0,0.0,0.0,0.0
71,78,0,6,0.0,7.5,7.5
71,79,1,0,1.25,0.0,-1.25
71,80,1,3,1.25,3.75,2.5
71,81,0,0,0.0,0.0,0.0
71,82,2,0,2.5,0.0,-2.5
71,83,3,2,3.75,2.5,-1.25
71,84,0,5,0.0,6.25,6.25
71,85,0,0,0.0,0.0,0.0
71,86,3,0,3.75,0.0,-3.75
71,87,3,0,3.75,0.0,-3.75
71,88,10,3,12.5,3.75,-8.75
71,89,0,0,0.0,0.0,0.0
71,90,0,0,0.0,0.0,0.0
71,91,4,2,5.0,2.5,-2.5
71,92,0,0,0.0,0.0,0.0
71,93,1,3,1.25,3.75,2.5
71,94,2,0,2.5,0.0,-2.5
71,95,3,0,3.75,0.0,-3.75
71,96,0,3,0.0,3.75,3.75
71,97,0,0,0.0,0.0,0.0
71,98,0,2,0.0,2.5,2.5
71,99,4,1,5.0,1.25,-3.75
71,100,4,1,5.0,1.25,-3.75
71,101,3,0,3.75,0.0,-3.75
71,102,0,2,0.0,2.5,2.5
71,103,2,5,2.5,6.25,3.75
71,104,7,0,8.75,0.0,-8.75
71,105,0,0,0.0,0.0,0.0
71,106,0,1,0.0,1.25,1.25
71,107,1,4,1.25,5.0,3.75
71,108,0,6,0.0,7.5,7.5
71,109,0,0,0.0,0.0,0.0
71,110,4,5,5.0,6.25,1.25
71,111,1,0,1.25,0.0,-1.25
71,112,0,1,0.0,1.25,1.25
71,113,0,6,0.0,7.5,7.5
71,114,1,0,1.25,0.0,-1.25
71,115,2,6,2.5,7.5,5.0
71,116,0,0,0.0,0.0,0.0
71,117,1,0,1.25,0.0,-1.25
71,118,0,0,0.0,0.0,0.0
71,119,0,1,0.0,1.25,1.25
71,120,1,0,1.25,0.0,-1.25
71,121,0,0,0.0,0.0,0.0
71,122,0,0,0.0,0.0,0.0
71,123,0,5,0.0,6.25,6.25
71,124,1,0,1.25,0.0,-1.25
71,125,0,6,0.0,7.5,7.5
71,126,0,0,0.0,0.0,0.0
71,127,1,10,1.25,12.5,11.25
71,128,3,0,3.75,0.0,-3.75
71,129,0,2,0.0,2.5,2.5
71,130,0,0,0.0,0.0,0.0
71,131,0,0,0.0,0.0,0.0
71,132,1,4,1.25,5.0,3.75
71,133,0,3,0.0,3.75,3.75
71,134,2,0,2.5,0.0,-2.5
72,0,0,0,0.0,0.0,0.0
72,1,0,0,0.0,0.0,0.0
72,2,0,0,0.0,0.0,0.0
72,3,0,0,0.0,0.0,0.0
72,4,0,0,0.0,0.0,0.0
72,5,0,0,0.0,0.0,0.0
72,6,0,0,0.0,0.0,0.0
72,7,0,0,0.0,0.0,0.0
72,8,0,0,0.0,0.0,0.0
72,9,0,0,0.0,0.0,0.0
72,10,0,0,0.0,0.0,0.0
72,11,0,0,0.0,0.0,0.0
72,12,0,0,0.0,0.0,0.0
72,13,0,0,0.0,0.0,0.0
72,14,0,0,0.0,0.0,0.0
72,15,0,0,0.0,0.0,0.0
72,16,0,0,0.0,0.0,0.0
72,17,0,0,0.0,0.0,0.0
72,18,0,0,0.0,0.0,0.0
72,19,0,0,0.0,0.0,0.0
72,20,0,0,0.0,0.0,0.0
72,21,0,0,0.0,0.0,0.0
72,22,0,0,0.0,0.0,0.0
72,23,0,0,0.0,0.0,0.0
72,24,0,0,0.0,0.0,0.0
72,25,0,0,0.0,0.0,0.0
72,26,0,0,0.0,0.0,0.0
72,27,0,0,0.0,0.0,0.0
72,28,0,0,0.0,0.0,0.0
72,29,0,0,0.0,0.0,0.0
72,30,0,0,0.0,0.0,0.0
72,31,0,0,0.0,0.0,0.0
72,32,0,0,0.0,0.0,0.0
72,33,0,0,0.0,0.0,0.0
72,34,0,0,0.0,0.0,0.0
72,35,0,0,0.0,0.0,0.0
72,36,0,0,0.0,0.0,0.0
72,37,0,0,0.0,0.0,0.0
72,38,0,0,0.0,0.0,0.0
72,39,0,0,0.0,0.0,0.0
72,40,0,0,0.0,0.0,0.0
72,41,0,0,0.0,0.0,0.0
72,42,1,0,1.25,0.0,-1.25
72,43,0,0,0.0,0.0,0.0
72,44,0,0,0.0,0.0,0.0
72,45,0,0,0.0,0.0,0.0
72,46,0,0,0.0,0.0,0.0
72,47,0,0,0.0,0.0,0.0
72,48,0,0,0.0,0.0,0.0
72,49,0,0,0.0,0.0,0.0
72,50,0,0,0.0,0.0,0.0
72,51,0,0,0.0,0.0,0.0
72,52,0,0,0.0,0.0,0.0
72,53,0,0,0.0,0.0,0.0
72,54,0,0,0.0,0.0,0.0
72,55,2,0,2.5,0.0,-2.5
72,56,0,0,0.0,0.0,0.0
72,57,0,0,0.0,0.0,0.0
72,58,0,0,0.0,0.0,0.0
72,59,0,1,0.0,1.25,1.25
72,60,0,0,0.0,0.0,0.0
72,61,0,0,0.0,0.0,0.0
72,62,1,0,1.25,0.0,-1.25
72,63,0,2,0.0,2.5,2.5
72,64,0,1,0.0,1.25,1.25
72,65,0,2,0.0,2.5,2.5
72,66,0,0,0.0,0.0,0.0
72,67,0,0,0.0,0.0,0.0
72,68,0,0,0.0,0.0,0.0
72,69,0,2,0.0,2.5,2.5
72,70,0,1,0.0,1.25,1.25
72,71,1,1,1.25,1.25,0.0
72,72,0,0,0.0,0.0,0.0
72,73,3,0,3.75,0.0,-3.75
72,74,1,4,1.25,5.0,3.75
72,75,2,0,2.5,0.0,-2.5
72,76,0,0,0.0,0.0,0.0
72,77,1,0,1.25,0.0,-1.25
72,78,0,1,0.0,1.25,1.25
72,79,0,1,0.0,1.25,1.25
72,80,0,1,0.0,1.25,1.25
72,81,0,0,0.0,0.0,0.0
72,82,0,0,0.0,0.0,0.0
72,83,1,0,1.25,0.0,-1.25
72,84,0,0,0.0,0.0,0.0
72,85,0,0,0.0,0.0,0.0
72,86,0,0,0.0,0.0,0.0
72,87,0,0,0.0,0.0,0.0
72,88,0,0,0.0,0.0,0.0
72,89,0,0,0.0,0.0,0.0
72,90,0,0,0.0,0.0,0.0
72,91,0,1,0.0,1.25,1.25
72,92,0,0,0.0,0.0,0.0
72,93,0,0,0.0,0.0,0.0
72,94,0,0,0.0,0.0,0.0
72,95,0,0,0.0,0.0,0.0
72,96,0,1,0.0,1.25,1.25
72,97,0,1,0.0,1.25,1.25
72,98,0,0,0.0,0.0,0.0
72,99,0,0,0.0,0.0,0.0
72,100,1,0,1.25,0.0,-1.25
72,101,0,0,0.0,0.0,0.0
72,102,0,0,0.0,0.0,0.0
72,103,0,2,0.0,2.5,2.5
72,104,4,0,5.0,0.0,-5.0
72,105,0,0,0.0,0.0,0.0
72,106,0,0,0.0,0.0,0.0
72,107,0,0,0.0,0.0,0.0
72,108,0,1,0.0,1.25,1.25
72,109,0,0,0.0,0.0,0.0
72,110,0,3,0.0,3.75,3.75
72,111,0,0,0.0,0.0,0.0
72,112,0,0,0.0,0.0,0.0
72,113,1,0,1.25,0.0,-1.25
72,114,0,0,0.0,0.0,0.0
72,115,0,2,0.0,2.5,2.5
72,116,0,0,0.0,0.0,0.0
72,117,0,0,0.0,0.0,0.0
72,118,0,0,0.0,0.0,0.0
72,119,0,0,0.0,0.0,0.0
72,120,2,0,2.5,0.0,-2.5
72,121,0,0,0.0,0.0,0.0
72,122,0,0,0.0,0.0,0.0
72,123,0,0,0.0,0.0,0.0
72,124,0,0,0.0,0.0,0.0
72,125,0,0,0.0,0.0,0.0
72,126,0,0,0.0,0.0,0.0
72,127,0,3,0.0,3.75,3.75
72,128,0,0,0.0,0.0,0.0
72,129,0,0,0.0,0.0,0.0
72,130,0,0,0.0,0.0,0.0
72,131,0,0,0.0,0.0,0.0
72,132,0,0,0.0,0.0,0.0
72,133,0,1,0.0,1.25,1.25
72,134,0,0,0.0,0.0,0.0
73,0,0,0,0.0,0.0,0.0
73,1,1,0,1.25,0.0,-1.25
73,2,1,1,1.25,1.25,0.0
73,3,0,0,0.0,0.0,0.0
73,4,3,3,3.75,3.75,0.0
73,5,0,1,0.0,1.25,1.25
73,6,0,1,0.0,1.25,1.25
73,7,0,3,0.0,3.75,3.75
73,8,2,0,2.5,0.0,-2.5
73,9,3,4,3.75,5.0,1.25
73,10,1,2,1.25,2.5,1.25
73,11,2,3,2.5,3.75,1.25
73,12,1,0,1.25,0.0,-1.25
73,13,4,1,5.0,1.25,-3.75
73,14,0,1,0.0,1.25,1.25
73,15,1,2,1.25,2.5,1.25
73,16,3,3,3.75,3.75,0.0
73,17,2,0,2.5,0.0,-2.5
73,18,2,0,2.5,0.0,-2.5
73,19,0,0,0.0,0.0,0.0
73,20,0,0,0.0,0.0,0.0
73,21,1,1,1.25,1.25,0.0
73,22,4,4,5.0,5.0,0.0
73,23,1,4,1.25,5.0,3.75
73,24,0,1,0.0,1.25,1.25
73,25,0,4,0.0,5.0,5.0
73,26,0,1,0.0,1.25,1.25
73,27,5,0,6.25,0.0,-6.25
73,28,1,2,1.25,2.5,1.25
73,29,3,0,3.75,0.0,-3.75
73,30,0,0,0.0,0.0,0.0
73,31,2,4,2.5,5.0,2.5
73,32,4,6,5.0,7.5,2.5
73,33,4,1,5.0,1.25,-3.75
73,34,1,2,1.25,2.5,1.25
73,35,3,0,3.75,0.0,-3.75
73,36,0,0,0.0,0.0,0.0
73,37,2,1,2.5,1.25,-1.25
73,38,4,0,5.0,0.0,-5.0
73,39,2,4,2.5,5.0,2.5
73,40,1,0,1.25,0.0,-1.25
73,41,1,1,1.25,1.25,0.0
73,42,3,0,3.75,0.0,-3.75
73,43,1,1,1.25,1.25,0.0
73,44,0,0,0.0,0.0,0.0
73,45,0,0,0.0,0.0,0.0
73,46,0,0,0.0,0.0,0.0
73,47,1,0,1.25,0.0,-1.25
73,48,1,0,1.25,0.0,-1.25
73,49,0,1,0.0,1.25,1.25
73,50,0,0,0.0,0.0,0.0
73,51,1,0,1.25,0.0,-1.25
73,52,1,6,1.25,7.5,6.25
73,53,3,3,3.75,3.75,0.0
73,54,1,1,1.25,1.25,0.0
73,55,3,4,3.75,5.0,1.25
73,56,4,0,5.0,0.0,-5.0
73,57,2,4,2.5,5.0,2.5
73,58,2,1,2.5,1.25,-1.25
73,59,0,1,0.0,1.25,1.25
73,60,1,0,1.25,0.0,-1.25
73,61,4,0,5.0,0.0,-5.0
73,62,4,1,5.0,1.25,-3.75
73,63,0,2,0.0,2.5,2.5
73,64,3,1,3.75,1.25,-2.5
73,65,1,2,1.25,2.5,1.25
73,66,1,1,1.25,1.25,0.0
73,67,4,5,5.0,6.25,1.25
73,68,0,0,0.0,0.0,0.0
73,69,1,0,1.25,0.0,-1.25
73,70,0,0,0.0,0.0,0.0
73,71,0,0,0.0,0.0,0.0
73,72,0,0,0.0,0.0,0.0
73,73,2,0,2.5,0.0,-2.5
73,74,1,0,1.25,0.0,-1.25
73,75,2,0,2.5,0.0,-2.5
73,76,2,0,2.5,0.0,-2.5
73,77,0,0,0.0,0.0,0.0
73,78,0,2,0.0,2.5,2.5
73,79,0,0,0.0,0.0,0.0
73,80,0,0,0.0,0.0,0.0
73,81,0,0,0.0,0.0,0.0
73,82,0,0,0.0,0.0,0.0
73,83,1,0,1.25,0.0,-1.25
73,84,0,0,0.0,0.0,0.0
73,85,1,2,1.25,2.5,1.25
73,86,1,1,1.25,1.25,0.0
73,87,0,1,0.0,1.25,1.25
73,88,2,3,2.5,3.75,1.25
73,89,0,0,0.0,0.0,0.0
73,90,0,1,0.0,1.25,1.25
73,91,1,0,1.25,0.0,-1.25
73,92,0,0,0.0,0.0,0.0
73,93,0,0,0.0,0.0,0.0
73,94,0,0,0.0,0.0,0.0
73,95,0,0,0.0,0.0,0.0
73,96,1,4,1.25,5.0,3.75
73,97,1,0,1.25,0.0,-1.25
73,98,0,3,0.0,3.75,3.75
73,99,0,1,0.0,1.25,1.25
73,100,0,3,0.0,3.75,3.75
73,101,2,0,2.5,0.0,-2.5
73,102,0,0,0.0,0.0,0.0
73,103,1,0,1.25,0.0,-1.25
73,104,1,2,1.25,2.5,1.25
73,105,0,3,0.0,3.75,3.75
73,106,2,1,2.5,1.25,-1.25
73,107,0,2,0.0,2.5,2.5
73,108,0,1,0.0,1.25,1.25
73,109,1,0,1.25,0.0,-1.25
73,110,0,0,0.0,0.0,0.0
73,111,1,0,1.25,0.0,-1.25
73,112,0,1,0.0,1.25,1.25
73,113,0,5,0.0,6.25,6.25
73,114,1,4,1.25,5.0,3.75
73,115,1,3,1.25,3.75,2.5
73,116,0,1,0.0,1.25,1.25
73,117,2,2,2.5,2.5,0.0
73,118,0,3,0.0,3.75,3.75
73,119,1,1,1.25,1.25,0.0
73,120,1,0,1.25,0.0,-1.25
73,121,1,0,1.25,0.0,-1.25
73,122,0,0,0.0,0.0,0.0
73,123,0,0,0.0,0.0,0.0
73,124,0,0,0.0,0.0,0.0
73,125,4,5,5.0,6.25,1.25
73,126,3,1,3.75,1.25,-2.5
73,127,0,1,0.0,1.25,1.25
73,128,2,2,2.5,2.5,0.0
73,129,0,0,0.0,0.0,0.0
73,130,0,0,0.0,0.0,0.0
73,131,2,2,2.5,2.5,0.0
73,132,1,0,1.25,0.0,-1.25
73,133,1,3,1.25,3.75,2.5
73,134,6,1,7.5,1.25,-6.25
74,0,2,6,2.5,7.5,5.0
74,1,10,2,12.5,2.5,-10.0
74,2,8,6,10.0,7.5,-2.5
74,3,3,2,3.75,2.5,-1.25
74,4,2,5,2.5,6.25,3.75
74,5,3,7,3.75,8.75,5.0
74,6,5,1,6.25,1.25,-5.0
74,7,5,7,6.25,8.75,2.5
74,8,5,4,6.25,5.0,-1.25
74,9,1,7,1.25,8.75,7.5
74,10,4,3,5.0,3.75,-1.25
74,11,4,3,5.0,3.75,-1.25
74,12,5,2,6.25,2.5,-3.75
74,13,4,6,5.0,7.5,2.5
74,14,1,5,1.25,6.25,5.0
74,15,3,6,3.75,7.5,3.75
74,16,3,0,3.75,0.0,-3.75
74,17,5,7,6.25,8.75,2.5
74,18,6,6,7.5,7.5,0.0
74,19,7,8,8.75,10.0,1.25
74,20,2,4,2.5,5.0,2.5
74,21,4,0,5.0,0.0,-5.0
74,22,1,3,1.25,3.75,2.5
74,23,3,6,3.75,7.5,3.75
74,24,4,3,5.0,3.75,-1.25
74,25,2,2,2.5,2.5,0.0
74,26,2,4,2.5,5.0,2.5
74,27,4,4,5.0,5.0,0.0
74,28,3,2,3.75,2.5,-1.25
74,29,3,5,3.75,6.25,2.5
74,30,2,4,2.5,5.0,2.5
74,31,0,2,0.0,2.5,2.5
74,32,1,0,1.25,0.0,-1.25
74,33,1,4,1.25,5.0,3.75
74,34,4,4,5.0,5.0,0.0
74,35,4,3,5.0,3.75,-1.25
74,36,4,7,5.0,8.75,3.75
74,37,0,0,0.0,0.0,0.0
74,38,1,4,1.25,5.0,3.75
74,39,3,2,3.75,2.5,-1.25
74,40,2,4,2.5,5.0,2.5
74,41,7,5,8.75,6.25,-2.5
74,42,2,2,2.5,2.5,0.0
74,43,3,3,3.75,3.75,0.0
74,44,5,3,6.25,3.75,-2.5
74,45,5,2,6.25,2.5,-3.75
74,46,1,6,1.25,7.5,6.25
74,47,5,2,6.25,2.5,-3.75
74,48,5,5,6.25,6.25,0.0
74,49,9,1,11.25,1.25,-10.0
74,50,2,3,2.5,3.75,1.25
74,51,3,1,3.75,1.25,-2.5
74,52,7,2,8.75,2.5,-6.25
74,53,4,5,5.0,6.25,1.25
74,54,3,3,3.75,3.75,0.0
74,55,0,3,0.0,3.75,3.75
74,56,3,5,3.75,6.25,2.5
74,57,4,4,5.0,5.0,0.0
74,58,6,7,7.5,8.75,1.25
74,59,2,4,2.5,5.0,2.5
74,60,1,3,1.25,3.75,2.5
74,61,4,2,5.0,2.5,-2.5
74,62,5,4,6.25,5.0,-1.25
74,63,9,3,11.25,3.75,-7.5
74,64,0,0,0.0,0.0,0.0
74,65,5,0,6.25,0.0,-6.25
74,66,3,6,3.75,7.5,3.75
74,67,5,4,6.25,5.0,-1.25
74,68,1,5,1.25,6.25,5.0
74,69,6,0,7.5,0.0,-7.5
74,70,1,5,1.25,6.25,5.0
74,71,3,3,3.75,3.75,0.0
74,72,7,4,8.75,5.0,-3.75
74,73,5,4,6.25,5.0,-1.25
74,74,5,4,6.25,5.0,-1.25
74,75,5,6,6.25,7.5,1.25
74,76,3,4,3.75,5.0,1.25
74,77,7,3,8.75,3.75,-5.0
74,78,2,4,2.5,5.0,2.5
74,79,5,3,6.25,3.75,-2.5
74,80,8,1,10.0,1.25,-8.75
74,81,2,4,2.5,5.0,2.5
74,82,5,7,6.25,8.75,2.5
74,83,3,3,3.75,3.75,0.0
74,84,9,6,11.25,7.5,-3.75
74,85,3,1,3.75,1.25,-2.5
74,86,1,3,1.25,3.75,2.5
74,87,4,4,5.0,5.0,0.0
74,88,1,7,1.25,8.75,7.5
74,89,6,3,7.5,3.75,-3.75
74,90,8,1,10.0,1.25,-8.75
74,91,7,7,8.75,8.75,0.0
74,92,7,3,8.75,3.75,-5.0
74,93,3,5,3.75,6.25,2.5
74,94,1,9,1.25,11.25,10.0
74,95,4,6,5.0,7.5,2.5
74,96,1,4,1.25,5.0,3.75
74,97,2,5,2.5,6.25,3.75
74,98,1,6,1.25,7.5,6.25
74,99,6,5,7.5,6.25,-1.25
74,100,6,3,7.5,3.75,-3.75
74,101,3,1,3.75,1.25,-2.5
74,102,3,5,3.75,6.25,2.5
74,103,3,3,3.75,3.75,0.0
74,104,3,5,3.75,6.25,2.5
74,105,5,7,6.25,8.75,2.5
74,106,7,6,8.75,7.5,-1.25
74,107,2,9,2.5,11.25,8.75
74,108,4,5,5.0,6.25,1.25
74,109,4,4,5.0,5.0,0.0
74,110,4,3,5.0,3.75,-1.25
74,111,5,5,6.25,6.25,0.0
74,112,3,4,3.75,5.0,1.25
74,113,2,3,2.5,3.75,1.25
74,114,5,2,6.25,2.5,-3.75
74,115,2,2,2.5,2.5,0.0
74,116,7,4,8.75,5.0,-3.75
74,117,3,1,3.75,1.25,-2.5
74,118,6,1,7.5,1.25,-6.25
74,119,6,5,7.5,6.25,-1.25
74,120,6,3,7.5,3.75,-3.75
74,121,4,4,5.0,5.0,0.0
74,122,5,5,6.25,6.25,0.0
74,123,3,2,3.75,2.5,-1.25
74,124,6,5,7.5,6.25,-1.25
74,125,3,1,3.75,1.25,-2.5
74,126,2,4,2.5,5.0,2.5
74,127,2,4,2.5,5.0,2.5
74,128,6,3,7.5,3.75,-3.75
74,129,5,5,6.25,6.25,0.0
74,130,3,2,3.75,2.5,-1.25
74,131,4,4,5.0,5.0,0.0
74,132,5,0,6.25,0.0,-6.25
74,133,4,7,5.0,8.75,3.75
74,134,9,5,11.25,6.25,-5.0
75,0,0,2,0.0,2.5,2.5
75,1,0,0,0.0,0.0,0.0
75,2,0,0,0.0,0.0,0.0
75,3,2,0,2.5,0.0,-2.5
75,4,0,0,0.0,0.0,0.0
75,5,0,0,0.0,0.0,0.0
75,6,0,0,0.0,0.0,0.0
75,7,0,1,0.0,1.25,1.25
75,8,0,0,0.0,0.0,0.0
75,9,1,3,1.25,3.75,2.5
75,10,1,1,1.25,1.25,0.0
75,11,1,0,1.25,0.0,-1.25
75,12,1,3,1.25,3.75,2.5
75,13,0,1,0.0,1.25,1.25
75,14,0,0,0.0,0.0,0.0
75,15,2,0,2.5,0.0,-2.5
75,16,0,0,0.0,0.0,0.0
75,17,0,1,0.0,1.25,1.25
75,18,0,1,0.0,1.25,1.25
75,19,0,0,0.0,0.0,0.0
75,20,2,0,2.5,0.0,-2.5
75,21,1,1,1.25,1.25,0.0
75,22,0,0,0.0,0.0,0.0
75,23,0,0,0.0,0.0,0.0
75,24,6,1,7.5,1.25,-6.25
75,25,0,0,0.0,0.0,0.0
75,26,0,0,0.0,0.0,0.0
75,27,0,0,0.0,0.0,0.0
75,28,0,0,0.0,0.0,0.0
75,29,0,0,0.0,0.0,0.0
75,30,0,0,0.0,0.0,0.0
75,31,0,1,0.0,1.25,1.25
75,32,2,0,2.5,0.0,-2.5
75,33,0,0,0.0,0.0,0.0
75,34,1,0,1.25,0.0,-1.25
75,35,1,0,1.25,0.0,-1.25
75,36,0,2,0.0,2.5,2.5
75,37,1,1,1.25,1.25,0.0
75,38,0,2,0.0,2.5,2.5
75,39,1,0,1.25,0.0,-1.25
75,40,0,0,0.0,0.0,0.0
75,41,1,1,1.25,1.25,0.0
75,42,6,0,7.5,0.0,-7.5
75,43,5,2,6.25,2.5,-3.75
75,44,2,0,2.5,0.0,-2.5
75,45,1,0,1.25,0.0,-1.25
75,46,0,0,0.0,0.0,0.0
75,47,0,1,0.0,1.25,1.25
75,48,1,0,1.25,0.0,-1.25
75,49,0,1,0.0,1.25,1.25
75,50,2,0,2.5,0.0,-2.5
75,51,1,0,1.25,0.0,-1.25
75,52,0,1,0.0,1.25,1.25
75,53,0,0,0.0,0.0,0.0
75,54,0,1,0.0,1.25,1.25
75,55,0,0,0.0,0.0,0.0
75,56,0,2,0.0,2.5,2.5
75,57,0,1,0.0,1.25,1.25
75,58,1,0,1.25,0.0,-1.25
75,59,0,0,0.0,0.0,0.0
75,60,0,0,0.0,0.0,0.0
75,61,0,0,0.0,0.0,0.0
75,62,0,1,0.0,1.25,1.25
75,63,1,0,1.25,0.0,-1.25
75,64,0,1,0.0,1.25,1.25
75,65,0,1,0.0,1.25,1.25
75,66,0,1,0.0,1.25,1.25
75,67,1,0,1.25,0.0,-1.25
75,68,0,0,0.0,0.0,0.0
75,69,2,0,2.5,0.0,-2.5
75,70,0,1,0.0,1.25,1.25
75,71,1,0,1.25,0.0,-1.25
75,72,2,2,2.5,2.5,0.0
75,73,0,0,0.0,0.0,0.0
75,74,0,1,0.0,1.25,1.25
75,75,3,0,3.75,0.0,-3.75
75,76,1,2,1.25,2.5,1.25
75,77,0,0,0.0,0.0,0.0
75,78,2,0,2.5,0.0,-2.5
75,79,1,0,1.25,0.0,-1.25
75,80,0,2,0.0,2.5,2.5
75,81,0,0,0.0,0.0,0.0
75,82,1,1,1.25,1.25,0.0
75,83,2,0,2.5,0.0,-2.5
75,84,0,0,0.0,0.0,0.0
75,85,0,0,0.0,0.0,0.0
75,86,0,0,0.0,0.0,0.0
75,87,2,1,2.5,1.25,-1.25
75,88,1,0,1.25,0.0,-1.25
75,89,1,0,1.25,0.0,-1.25
75,90,0,1,0.0,1.25,1.25
75,91,0,0,0.0,0.0,0.0
75,92,0,3,0.0,3.75,3.75
75,93,1,0,1.25,0.0,-1.25
75,94,0,0,0.0,0.0,0.0
75,95,0,0,0.0,0.0,0.0
75,96,0,1,0.0,1.25,1.25
75,97,0,0,0.0,0.0,0.0
75,98,0,1,0.0,1.25,1.25
75,99,1,0,1.25,0.0,-1.25
75,100,1,1,1.25,1.25,0.0
75,101,0,1,0.0,1.25,1.25
75,102,0,0,0.0,0.0,0.0
75,103,0,1,0.0,1.25,1.25
75,104,0,0,0.0,0.0,0.0
75,105,0,1,0.0,1.25,1.25
75,106,0,1,0.0,1.25,1.25
75,107,0,0,0.0,0.0,0.0
75,108,0,0,0.0,0.0,0.0
75,109,0,0,0.0,0.0,0.0
75,110,0,0,0.0,0.0,0.0
75,111,0,1,0.0,1.25,1.25
75,112,0,1,0.0,1.25,1.25
75,113,2,0,2.5,0.0,-2.5
75,114,0,0,0.0,0.0,0.0
75,115,0,0,0.0,0.0,0.0
75,116,0,1,0.0,1.25,1.25
75,117,0,1,0.0,1.25,1.25
75,118,0,2,0.0,2.5,2.5
75,119,0,0,0.0,0.0,0.0
75,120,0,2,0.0,2.5,2.5
75,121,1,1,1.25,1.25,0.0
75,122,0,0,0.0,0.0,0.0
75,123,1,0,1.25,0.0,-1.25
75,124,0,0,0.0,0.0,0.0
75,125,0,1,0.0,1.25,1.25
75,126,3,0,3.75,0.0,-3.75
75,127,0,0,0.0,0.0,0.0
75,128,0,0,0.0,0.0,0.0
75,129,0,0,0.0,0.0,0.0
75,130,0,0,0.0,0.0,0.0
75,131,0,0,0.0,0.0,0.0
75,132,1,2,1.25,2.5,1.25
75,133,0,2,0.0,2.5,2.5
75,134,1,1,1.25,1.25,0.0
