unit_id,trial_id,baseline_count,response_count,baseline_rate_hz,response_rate_hz,rate_difference_hz
0,0,3,1,3.75,1.25,-2.5
0,1,2,1,2.5,1.25,-1.25
0,2,0,0,0.0,0.0,0.0
0,3,0,1,0.0,1.25,1.25
0,4,2,0,2.5,0.0,-2.5
0,5,0,0,0.0,0.0,0.0
0,6,0,0,0.0,0.0,0.0
0,7,0,0,0.0,0.0,0.0
0,8,0,2,0.0,2.5,2.5
0,9,0,0,0.0,0.0,0.0
0,10,0,0,0.0,0.0,0.0
0,11,1,1,1.25,1.25,0.0
0,12,0,1,0.0,1.25,1.25
0,13,1,1,1.25,1.25,0.0
0,14,1,0,1.25,0.0,-1.25
0,15,1,1,1.25,1.25,0.0
0,16,0,1,0.0,1.25,1.25
0,17,0,0,0.0,0.0,0.0
0,18,2,0,2.5,0.0,-2.5
0,19,0,0,0.0,0.0,0.0
0,20,0,2,0.0,2.5,2.5
0,21,0,0,0.0,0.0,0.0
0,22,0,0,0.0,0.0,0.0
0,23,0,0,0.0,0.0,0.0
0,24,1,0,1.25,0.0,-1.25
0,25,1,1,1.25,1.25,0.0
0,26,0,1,0.0,1.25,1.25
0,27,2,1,2.5,1.25,-1.25
0,28,0,1,0.0,1.25,1.25
0,29,1,0,1.25,0.0,-1.25
0,30,1,1,1.25,1.25,0.0
0,31,0,0,0.0,0.0,0.0
0,32,0,4,0.0,5.0,5.0
0,33,0,0,0.0,0.0,0.0
0,34,1,1,1.25,1.25,0.0
0,35,0,6,0.0,7.5,7.5
0,36,4,0,5.0,0.0,-5.0
0,37,0,3,0.0,3.75,3.75
0,38,2,3,2.5,3.75,1.25
0,39,0,0,0.0,0.0,0.0
0,40,0,3,0.0,3.75,3.75
0,41,0,1,0.0,1.25,1.25
0,42,0,5,0.0,6.25,6.25
0,43,4,2,5.0,2.5,-2.5
0,44,0,0,0.0,0.0,0.0
0,45,1,1,1.25,1.25,0.0
0,46,0,1,0.0,1.25,1.25
0,47,0,2,0.0,2.5,2.5
0,48,1,0,1.25,0.0,-1.25
0,49,0,3,0.0,3.75,3.75
0,50,0,2,0.0,2.5,2.5
0,51,0,0,0.0,0.0,0.0
0,52,0,0,0.0,0.0,0.0
0,53,0,6,0.0,7.5,7.5
0,54,2,3,2.5,3.75,1.25
0,55,1,1,1.25,1.25,0.0
0,56,0,0,0.0,0.0,0.0
0,57,2,0,2.5,0.0,-2.5
0,58,0,2,0.0,2.5,2.5
0,59,0,0,0.0,0.0,0.0
0,60,0,0,0.0,0.0,0.0
0,61,0,2,0.0,2.5,2.5
0,62,0,0,0.0,0.0,0.0
0,63,0,1,0.0,1.25,1.25
0,64,0,2,0.0,2.5,2.5
0,65,0,1,0.0,1.25,1.25
0,66,1,1,1.25,1.25,0.0
0,67,0,2,0.0,2.5,2.5
0,68,1,1,1.25,1.25,0.0
0,69,0,3,0.0,3.75,3.75
0,70,0,0,0.0,0.0,0.0
0,71,0,1,0.0,1.25,1.25
0,72,0,1,0.0,1.25,1.25
0,73,1,0,1.25,0.0,-1.25
0,74,2,2,2.5,2.5,0.0
0,75,1,1,1.25,1.25,0.0
0,76,0,0,0.0,0.0,0.0
0,77,1,0,1.25,0.0,-1.25
0,78,1,0,1.25,0.0,-1.25
0,79,0,0,0.0,0.0,0.0
0,80,0,0,0.0,0.0,0.0
0,81,0,0,0.0,0.0,0.0
0,82,0,0,0.0,0.0,0.0
0,83,1,0,1.25,0.0,-1.25
0,84,0,3,0.0,3.75,3.75
0,85,0,0,0.0,0.0,0.0
0,86,0,0,0.0,0.0,0.0
0,87,0,2,0.0,2.5,2.5
0,88,0,0,0.0,0.0,0.0
0,89,0,0,0.0,0.0,0.0
0,90,1,0,1.25,0.0,-1.25
0,91,1,0,1.25,0.0,-1.25
0,92,1,1,1.25,1.25,0.0
0,93,0,1,0.0,1.25,1.25
0,94,0,0,0.0,0.0,0.0
0,95,0,0,0.0,0.0,0.0
0,96,0,1,0.0,1.25,1.25
0,97,3,1,3.75,1.25,-2.5
0,98,0,0,0.0,0.0,0.0
0,99,0,2,0.0,2.5,2.5
0,100,0,0,0.0,0.0,0.0
0,101,0,0,0.0,0.0,0.0
0,102,0,3,0.0,3.75,3.75
0,103,1,0,1.25,0.0,-1.25
0,104,0,2,0.0,2.5,2.5
0,105,0,2,0.0,2.5,2.5
0,106,0,3,0.0,3.75,3.75
0,107,4,4,5.0,5.0,0.0
0,108,0,6,0.0,7.5,7.5
0,109,1,0,1.25,0.0,-1.25
0,110,1,1,1.25,1.25,0.0
0,111,0,0,0.0,0.0,0.0
0,112,2,1,2.5,1.25,-1.25
0,113,0,2,0.0,2.5,2.5
0,114,0,0,0.0,0.0,0.0
0,115,2,1,2.5,1.25,-1.25
0,116,1,5,1.25,6.25,5.0
0,117,0,1,0.0,1.25,1.25
0,118,1,1,1.25,1.25,0.0
0,119,0,0,0.0,0.0,0.0
0,120,1,1,1.25,1.25,0.0
0,121,2,0,2.5,0.0,-2.5
0,122,2,3,2.5,3.75,1.25
0,123,0,2,0.0,2.5,2.5
0,124,1,0,1.25,0.0,-1.25
0,125,2,0,2.5,0.0,-2.5
0,126,0,0,0.0,0.0,0.0
0,127,0,1,0.0,1.25,1.25
0,128,1,1,1.25,1.25,0.0
0,129,1,0,1.25,0.0,-1.25
0,130,0,1,0.0,1.25,1.25
0,131,1,0,1.25,0.0,-1.25
0,132,1,2,1.25,2.5,1.25
0,133,1,1,1.25,1.25,0.0
0,134,1,1,1.25,1.25,0.0
1,0,0,0,0.0,0.0,0.0
1,1,0,3,0.0,3.75,3.75
1,2,0,0,0.0,0.0,0.0
1,3,0,0,0.0,0.0,0.0
1,4,0,0,0.0,0.0,0.0
1,5,0,0,0.0,0.0,0.0
1,6,0,1,0.0,1.25,1.25
1,7,0,0,0.0,0.0,0.0
1,8,0,0,0.0,0.0,0.0
1,9,0,1,0.0,1.25,1.25
1,10,0,0,0.0,0.0,0.0
1,11,0,0,0.0,0.0,0.0
1,12,0,0,0.0,0.0,0.0
1,13,0,0,0.0,0.0,0.0
1,14,0,0,0.0,0.0,0.0
1,15,1,0,1.25,0.0,-1.25
1,16,0,0,0.0,0.0,0.0
1,17,0,0,0.0,0.0,0.0
1,18,1,0,1.25,0.0,-1.25
1,19,0,0,0.0,0.0,0.0
1,20,0,0,0.0,0.0,0.0
1,21,0,0,0.0,0.0,0.0
1,22,0,1,0.0,1.25,1.25
1,23,0,0,0.0,0.0,0.0
1,24,0,0,0.0,0.0,0.0
1,25,0,0,0.0,0.0,0.0
1,26,0,0,0.0,0.0,0.0
1,27,0,1,0.0,1.25,1.25
1,28,1,4,1.25,5.0,3.75
1,29,0,0,0.0,0.0,0.0
1,30,1,0,1.25,0.0,-1.25
1,31,0,0,0.0,0.0,0.0
1,32,0,0,0.0,0.0,0.0
1,33,0,0,0.0,0.0,0.0
1,34,2,1,2.5,1.25,-1.25
1,35,0,0,0.0,0.0,0.0
1,36,0,0,0.0,0.0,0.0
1,37,0,0,0.0,0.0,0.0
1,38,0,2,0.0,2.5,2.5
1,39,1,0,1.25,0.0,-1.25
1,40,0,0,0.0,0.0,0.0
1,41,0,0,0.0,0.0,0.0
1,42,0,1,0.0,1.25,1.25
1,43,0,0,0.0,0.0,0.0
1,44,0,0,0.0,0.0,0.0
1,45,0,0,0.0,0.0,0.0
1,46,0,0,0.0,0.0,0.0
1,47,0,0,0.0,0.0,0.0
1,48,1,1,1.25,1.25,0.0
1,49,0,0,0.0,0.0,0.0
1,50,0,0,0.0,0.0,0.0
1,51,0,0,0.0,0.0,0.0
1,52,0,0,0.0,0.0,0.0
1,53,0,0,0.0,0.0,0.0
1,54,0,1,0.0,1.25,1.25
1,55,1,0,1.25,0.0,-1.25
1,56,0,0,0.0,0.0,0.0
1,57,1,0,1.25,0.0,-1.25
1,58,0,1,0.0,1.25,1.25
1,59,0,0,0.0,0.0,0.0
1,60,0,0,0.0,0.0,0.0
1,61,0,0,0.0,0.0,0.0
1,62,0,0,0.0,0.0,0.0
1,63,0,1,0.0,1.25,1.25
1,64,0,0,0.0,0.0,0.0
1,65,0,0,0.0,0.0,0.0
1,66,0,1,0.0,1.25,1.25
1,67,0,2,0.0,2.5,2.5
1,68,0,0,0.0,0.0,0.0
1,69,0,0,0.0,0.0,0.0
1,70,0,0,0.0,0.0,0.0
1,71,0,0,0.0,0.0,0.0
1,72,0,0,0.0,0.0,0.0
1,73,0,0,0.0,0.0,0.0
1,74,0,0,0.0,0.0,0.0
1,75,0,0,0.0,0.0,0.0
1,76,0,0,0.0,0.0,0.0
1,77,0,0,0.0,0.0,0.0
1,78,0,0,0.0,0.0,0.0
1,79,0,0,0.0,0.0,0.0
1,80,0,0,0.0,0.0,0.0
1,81,0,0,0.0,0.0,0.0
1,82,0,0,0.0,0.0,0.0
1,83,0,3,0.0,3.75,3.75
1,84,0,1,0.0,1.25,1.25
1,85,0,0,0.0,0.0,0.0
1,86,0,0,0.0,0.0,0.0
1,87,0,0,0.0,0.0,0.0
1,88,0,0,0.0,0.0,0.0
1,89,0,0,0.0,0.0,0.0
1,90,0,0,0.0,0.0,0.0
1,91,0,0,0.0,0.0,0.0
1,92,0,0,0.0,0.0,0.0
1,93,0,2,0.0,2.5,2.5
1,94,0,0,0.0,0.0,0.0
1,95,0,0,0.0,0.0,0.0
1,96,0,0,0.0,0.0,0.0
1,97,0,0,0.0,0.0,0.0
1,98,0,0,0.0,0.0,0.0
1,99,1,0,1.25,0.0,-1.25
1,100,0,0,0.0,0.0,0.0
1,101,0,0,0.0,0.0,0.0
1,102,0,2,0.0,2.5,2.5
1,103,0,2,0.0,2.5,2.5
1,104,0,0,0.0,0.0,0.0
1,105,0,0,0.0,0.0,0.0
1,106,0,0,0.0,0.0,0.0
1,107,0,0,0.0,0.0,0.0
1,108,0,1,0.0,1.25,1.25
1,109,0,1,0.0,1.25,1.25
1,110,0,0,0.0,0.0,0.0
1,111,0,0,0.0,0.0,0.0
1,112,0,0,0.0,0.0,0.0
1,113,0,0,0.0,0.0,0.0
1,114,0,0,0.0,0.0,0.0
1,115,0,0,0.0,0.0,0.0
1,116,0,3,0.0,3.75,3.75
1,117,0,0,0.0,0.0,0.0
1,118,0,0,0.0,0.0,0.0
1,119,0,0,0.0,0.0,0.0
1,120,0,1,0.0,1.25,1.25
1,121,1,0,1.25,0.0,-1.25
1,122,0,2,0.0,2.5,2.5
1,123,0,1,0.0,1.25,1.25
1,124,0,0,0.0,0.0,0.0
1,125,0,0,0.0,0.0,0.0
1,126,1,0,1.25,0.0,-1.25
1,127,0,0,0.0,0.0,0.0
1,128,0,0,0.0,0.0,0.0
1,129,0,0,0.0,0.0,0.0
1,130,0,0,0.0,0.0,0.0
1,131,0,0,0.0,0.0,0.0
1,132,0,0,0.0,0.0,0.0
1,133,0,0,0.0,0.0,0.0
1,134,0,0,0.0,0.0,0.0
2,0,0,0,0.0,0.0,0.0
2,1,0,0,0.0,0.0,0.0
2,2,0,0,0.0,0.0,0.0
2,3,0,0,0.0,0.0,0.0
2,4,0,0,0.0,0.0,0.0
2,5,0,0,0.0,0.0,0.0
2,6,0,0,0.0,0.0,0.0
2,7,0,1,0.0,1.25,1.25
2,8,0,0,0.0,0.0,0.0
2,9,0,0,0.0,0.0,0.0
2,10,0,0,0.0,0.0,0.0
2,11,0,0,0.0,0.0,0.0
2,12,0,0,0.0,0.0,0.0
2,13,1,0,1.25,0.0,-1.25
2,14,0,1,0.0,1.25,1.25
2,15,0,0,0.0,0.0,0.0
2,16,0,0,0.0,0.0,0.0
2,17,0,0,0.0,0.0,0.0
2,18,0,0,0.0,0.0,0.0
2,19,1,0,1.25,0.0,-1.25
2,20,0,0,0.0,0.0,0.0
2,21,0,0,0.0,0.0,0.0
2,22,0,0,0.0,0.0,0.0
2,23,0,0,0.0,0.0,0.0
2,24,0,0,0.0,0.0,0.0
2,25,0,1,0.0,1.25,1.25
2,26,0,0,0.0,0.0,0.0
2,27,0,0,0.0,0.0,0.0
2,28,0,0,0.0,0.0,0.0
2,29,0,0,0.0,0.0,0.0
2,30,0,0,0.0,0.0,0.0
2,31,0,0,0.0,0.0,0.0
2,32,0,0,0.0,0.0,0.0
2,33,0,0,0.0,0.0,0.0
2,34,0,0,0.0,0.0,0.0
2,35,0,0,0.0,0.0,0.0
2,36,0,0,0.0,0.0,0.0
2,37,2,0,2.5,0.0,-2.5
2,38,0,0,0.0,0.0,0.0
2,39,0,0,0.0,0.0,0.0
2,40,0,0,0.0,0.0,0.0
2,41,0,0,0.0,0.0,0.0
2,42,0,0,0.0,0.0,0.0
2,43,1,0,1.25,0.0,-1.25
2,44,0,2,0.0,2.5,2.5
2,45,0,0,0.0,0.0,0.0
2,46,0,0,0.0,0.0,0.0
2,47,2,0,2.5,0.0,-2.5
2,48,0,0,0.0,0.0,0.0
2,49,0,0,0.0,0.0,0.0
2,50,1,0,1.25,0.0,-1.25
2,51,0,0,0.0,0.0,0.0
2,52,0,0,0.0,0.0,0.0
2,53,0,0,0.0,0.0,0.0
2,54,0,0,0.0,0.0,0.0
2,55,0,0,0.0,0.0,0.0
2,56,0,0,0.0,0.0,0.0
2,57,1,0,1.25,0.0,-1.25
2,58,0,0,0.0,0.0,0.0
2,59,0,0,0.0,0.0,0.0
2,60,0,0,0.0,0.0,0.0
2,61,0,0,0.0,0.0,0.0
2,62,0,0,0.0,0.0,0.0
2,63,0,1,0.0,1.25,1.25
2,64,0,0,0.0,0.0,0.0
2,65,0,0,0.0,0.0,0.0
2,66,0,0,0.0,0.0,0.0
2,67,0,0,0.0,0.0,0.0
2,68,0,0,0.0,0.0,0.0
2,69,0,0,0.0,0.0,0.0
2,70,0,0,0.0,0.0,0.0
2,71,0,0,0.0,0.0,0.0
2,72,0,0,0.0,0.0,0.0
2,73,0,0,0.0,0.0,0.0
2,74,0,0,0.0,0.0,0.0
2,75,0,0,0.0,0.0,0.0
2,76,0,0,0.0,0.0,0.0
2,77,0,0,0.0,0.0,0.0
2,78,0,0,0.0,0.0,0.0
2,79,0,0,0.0,0.0,0.0
2,80,0,0,0.0,0.0,0.0
2,81,0,0,0.0,0.0,0.0
2,82,0,0,0.0,0.0,0.0
2,83,0,0,0.0,0.0,0.0
2,84,0,1,0.0,1.25,1.25
2,85,0,0,0.0,0.0,0.0
2,86,0,0,0.0,0.0,0.0
2,87,0,0,0.0,0.0,0.0
2,88,0,0,0.0,0.0,0.0
2,89,0,0,0.0,0.0,0.0
2,90,0,0,0.0,0.0,0.0
2,91,0,0,0.0,0.0,0.0
2,92,0,1,0.0,1.25,1.25
2,93,0,1,0.0,1.25,1.25
2,94,1,0,1.25,0.0,-1.25
2,95,0,0,0.0,0.0,0.0
2,96,0,0,0.0,0.0,0.0
2,97,0,0,0.0,0.0,0.0
2,98,0,0,0.0,0.0,0.0
2,99,0,0,0.0,0.0,0.0
2,100,0,0,0.0,0.0,0.0
2,101,0,0,0.0,0.0,0.0
2,102,0,3,0.0,3.75,3.75
2,103,0,0,0.0,0.0,0.0
2,104,0,1,0.0,1.25,1.25
2,105,0,0,0.0,0.0,0.0
2,106,0,0,0.0,0.0,0.0
2,107,0,0,0.0,0.0,0.0
2,108,0,2,0.0,2.5,2.5
2,109,0,0,0.0,0.0,0.0
2,110,0,0,0.0,0.0,0.0
2,111,1,0,1.25,0.0,-1.25
2,112,0,0,0.0,0.0,0.0
2,113,0,0,0.0,0.0,0.0
2,114,0,0,0.0,0.0,0.0
2,115,0,0,0.0,0.0,0.0
2,116,0,0,0.0,0.0,0.0
2,117,0,0,0.0,0.0,0.0
2,118,0,0,0.0,0.0,0.0
2,119,1,0,1.25,0.0,-1.25
2,120,0,0,0.0,0.0,0.0
2,121,0,0,0.0,0.0,0.0
2,122,0,0,0.0,0.0,0.0
2,123,1,0,1.25,0.0,-1.25
2,124,0,0,0.0,0.0,0.0
2,125,0,0,0.0,0.0,0.0
2,126,0,0,0.0,0.0,0.0
2,127,0,0,0.0,0.0,0.0
2,128,0,0,0.0,0.0,0.0
2,129,0,0,0.0,0.0,0.0
2,130,0,0,0.0,0.0,0.0
2,131,0,0,0.0,0.0,0.0
2,132,0,0,0.0,0.0,0.0
2,133,0,0,0.0,0.0,0.0
2,134,0,0,0.0,0.0,0.0
3,0,14,8,17.5,10.0,-7.5
3,1,18,10,22.5,12.5,-10.0
3,2,11,7,13.75,8.75,-5.0
3,3,14,9,17.5,11.25,-6.25
3,4,13,14,16.25,17.5,1.25
3,5,22,12,27.5,15.0,-12.5
3,6,10,14,12.5,17.5,5.0
3,7,13,18,16.25,22.5,6.25
3,8,16,16,20.0,20.0,0.0
3,9,20,12,25.0,15.0,-10.0
3,10,20,12,25.0,15.0,-10.0
3,11,16,10,20.0,12.5,-7.5
3,12,14,12,17.5,15.0,-2.5
3,13,19,10,23.75,12.5,-11.25
3,14,23,13,28.75,16.25,-12.5
3,15,15,15,18.75,18.75,0.0
3,16,16,10,20.0,12.5,-7.5
3,17,14,10,17.5,12.5,-5.0
3,18,14,16,17.5,20.0,2.5
3,19,11,12,13.75,15.0,1.25
3,20,17,12,21.25,15.0,-6.25
3,21,18,10,22.5,12.5,-10.0
3,22,9,13,11.25,16.25,5.0
3,23,17,9,21.25,11.25,-10.0
3,24,13,14,16.25,17.5,1.25
3,25,15,14,18.75,17.5,-1.25
3,26,12,8,15.0,10.0,-5.0
3,27,15,7,18.75,8.75,-10.0
3,28,24,9,30.0,11.25,-18.75
3,29,17,12,21.25,15.0,-6.25
3,30,16,5,20.0,6.25,-13.75
3,31,16,14,20.0,17.5,-2.5
3,32,16,11,20.0,13.75,-6.25
3,33,18,11,22.5,13.75,-8.75
3,34,16,12,20.0,15.0,-5.0
3,35,13,12,16.25,15.0,-1.25
3,36,12,10,15.0,12.5,-2.5
3,37,15,8,18.75,10.0,-8.75
3,38,17,11,21.25,13.75,-7.5
3,39,6,7,7.5,8.75,1.25
3,40,13,11,16.25,13.75,-2.5
3,41,16,8,20.0,10.0,-10.0
3,42,13,13,16.25,16.25,0.0
3,43,22,10,27.5,12.5,-15.0
3,44,12,14,15.0,17.5,2.5
3,45,21,13,26.25,16.25,-10.0
3,46,15,13,18.75,16.25,-2.5
3,47,16,9,20.0,11.25,-8.75
3,48,13,9,16.25,11.25,-5.0
3,49,13,9,16.25,11.25,-5.0
3,50,20,12,25.0,15.0,-10.0
3,51,16,11,20.0,13.75,-6.25
3,52,13,14,16.25,17.5,1.25
3,53,16,19,20.0,23.75,3.75
3,54,22,9,27.5,11.25,-16.25
3,55,16,11,20.0,13.75,-6.25
3,56,18,12,22.5,15.0,-7.5
3,57,17,7,21.25,8.75,-12.5
3,58,17,13,21.25,16.25,-5.0
3,59,14,8,17.5,10.0,-7.5
3,60,16,6,20.0,7.5,-12.5
3,61,7,11,8.75,13.75,5.0
3,62,13,12,16.25,15.0,-1.25
3,63,17,10,21.25,12.5,-8.75
3,64,16,12,20.0,15.0,-5.0
3,65,25,9,31.25,11.25,-20.0
3,66,10,9,12.5,11.25,-1.25
3,67,16,23,20.0,28.75,8.75
3,68,21,5,26.25,6.25,-20.0
3,69,12,15,15.0,18.75,3.75
3,70,23,15,28.75,18.75,-10.0
3,71,11,16,13.75,20.0,6.25
3,72,10,13,12.5,16.25,3.75
3,73,20,16,25.0,20.0,-5.0
3,74,13,11,16.25,13.75,-2.5
3,75,20,14,25.0,17.5,-7.5
3,76,7,17,8.75,21.25,12.5
3,77,11,15,13.75,18.75,5.0
3,78,20,15,25.0,18.75,-6.25
3,79,15,8,18.75,10.0,-8.75
3,80,10,13,12.5,16.25,3.75
3,81,18,11,22.5,13.75,-8.75
3,82,14,9,17.5,11.25,-6.25
3,83,15,13,18.75,16.25,-2.5
3,84,21,11,26.25,13.75,-12.5
3,85,16,10,20.0,12.5,-7.5
3,86,16,12,20.0,15.0,-5.0
3,87,8,8,10.0,10.0,0.0
3,88,10,13,12.5,16.25,3.75
3,89,18,10,22.5,12.5,-10.0
3,90,15,11,18.75,13.75,-5.0
3,91,13,11,16.25,13.75,-2.5
3,92,13,12,16.25,15.0,-1.25
3,93,19,18,23.75,22.5,-1.25
3,94,14,7,17.5,8.75,-8.75
3,95,9,9,11.25,11.25,0.0
3,96,14,4,17.5,5.0,-12.5
3,97,13,14,16.25,17.5,1.25
3,98,16,14,20.0,17.5,-2.5
3,99,9,13,11.25,16.25,5.0
3,100,19,12,23.75,15.0,-8.75
3,101,11,11,13.75,13.75,0.0
3,102,19,12,23.75,15.0,-8.75
3,103,11,13,13.75,16.25,2.5
3,104,13,6,16.25,7.5,-8.75
3,105,15,10,18.75,12.5,-6.25
3,106,19,11,23.75,13.75,-10.0
3,107,9,13,11.25,16.25,5.0
3,108,9,12,11.25,15.0,3.75
3,109,24,12,30.0,15.0,-15.0
3,110,18,7,22.5,8.75,-13.75
3,111,19,14,23.75,17.5,-6.25
3,112,16,8,20.0,10.0,-10.0
3,113,18,13,22.5,16.25,-6.25
3,114,29,8,36.25,10.0,-26.25
3,115,10,10,12.5,12.5,0.0
3,116,18,10,22.5,12.5,-10.0
3,117,16,20,20.0,25.0,5.0
3,118,14,8,17.5,10.0,-7.5
3,119,11,13,13.75,16.25,2.5
3,120,15,8,18.75,10.0,-8.75
3,121,16,12,20.0,15.0,-5.0
3,122,21,15,26.25,18.75,-7.5
3,123,15,12,18.75,15.0,-3.75
3,124,18,11,22.5,13.75,-8.75
3,125,27,8,33.75,10.0,-23.75
3,126,15,14,18.75,17.5,-1.25
3,127,11,8,13.75,10.0,-3.75
3,128,26,11,32.5,13.75,-18.75
3,129,15,10,18.75,12.5,-6.25
3,130,22,15,27.5,18.75,-8.75
3,131,18,13,22.5,16.25,-6.25
3,132,14,11,17.5,13.75,-3.75
3,133,12,13,15.0,16.25,1.25
3,134,13,9,16.25,11.25,-5.0
4,0,0,1,0.0,1.25,1.25
4,1,0,1,0.0,1.25,1.25
4,2,0,0,0.0,0.0,0.0
4,3,0,0,0.0,0.0,0.0
4,4,1,0,1.25,0.0,-1.25
4,5,1,0,1.25,0.0,-1.25
4,6,0,0,0.0,0.0,0.0
4,7,0,1,0.0,1.25,1.25
4,8,1,0,1.25,0.0,-1.25
4,9,1,0,1.25,0.0,-1.25
4,10,0,0,0.0,0.0,0.0
4,11,0,0,0.0,0.0,0.0
4,12,2,2,2.5,2.5,0.0
4,13,0,1,0.0,1.25,1.25
4,14,1,1,1.25,1.25,0.0
4,15,0,0,0.0,0.0,0.0
4,16,3,0,3.75,0.0,-3.75
4,17,1,0,1.25,0.0,-1.25
4,18,0,0,0.0,0.0,0.0
4,19,0,2,0.0,2.5,2.5
4,20,1,0,1.25,0.0,-1.25
4,21,1,0,1.25,0.0,-1.25
4,22,0,0,0.0,0.0,0.0
4,23,1,0,1.25,0.0,-1.25
4,24,2,0,2.5,0.0,-2.5
4,25,0,1,0.0,1.25,1.25
4,26,0,1,0.0,1.25,1.25
4,27,0,1,0.0,1.25,1.25
4,28,2,0,2.5,0.0,-2.5
4,29,0,0,0.0,0.0,0.0
4,30,0,1,0.0,1.25,1.25
4,31,1,0,1.25,0.0,-1.25
4,32,0,1,0.0,1.25,1.25
4,33,2,0,2.5,0.0,-2.5
4,34,0,1,0.0,1.25,1.25
4,35,2,0,2.5,0.0,-2.5
4,36,0,1,0.0,1.25,1.25
4,37,2,0,2.5,0.0,-2.5
4,38,1,2,1.25,2.5,1.25
4,39,0,2,0.0,2.5,2.5
4,40,1,2,1.25,2.5,1.25
4,41,1,0,1.25,0.0,-1.25
4,42,0,0,0.0,0.0,0.0
4,43,0,0,0.0,0.0,0.0
4,44,1,1,1.25,1.25,0.0
4,45,1,2,1.25,2.5,1.25
4,46,1,0,1.25,0.0,-1.25
4,47,0,2,0.0,2.5,2.5
4,48,2,0,2.5,0.0,-2.5
4,49,0,0,0.0,0.0,0.0
4,50,2,0,2.5,0.0,-2.5
4,51,0,0,0.0,0.0,0.0
4,52,1,0,1.25,0.0,-1.25
4,53,1,0,1.25,0.0,-1.25
4,54,1,0,1.25,0.0,-1.25
4,55,3,0,3.75,0.0,-3.75
4,56,0,0,0.0,0.0,0.0
4,57,1,0,1.25,0.0,-1.25
4,58,0,0,0.0,0.0,0.0
4,59,1,0,1.25,0.0,-1.25
4,60,2,0,2.5,0.0,-2.5
4,61,1,2,1.25,2.5,1.25
4,62,0,0,0.0,0.0,0.0
4,63,0,1,0.0,1.25,1.25
4,64,2,1,2.5,1.25,-1.25
4,65,0,0,0.0,0.0,0.0
4,66,0,0,0.0,0.0,0.0
4,67,0,0,0.0,0.0,0.0
4,68,0,0,0.0,0.0,0.0
4,69,0,1,0.0,1.25,1.25
4,70,0,0,0.0,0.0,0.0
4,71,0,0,0.0,0.0,0.0
4,72,0,0,0.0,0.0,0.0
4,73,0,0,0.0,0.0,0.0
4,74,0,0,0.0,0.0,0.0
4,75,0,0,0.0,0.0,0.0
4,76,0,0,0.0,0.0,0.0
4,77,1,0,1.25,0.0,-1.25
4,78,2,1,2.5,1.25,-1.25
4,79,0,0,0.0,0.0,0.0
4,80,0,0,0.0,0.0,0.0
4,81,1,0,1.25,0.0,-1.25
4,82,0,1,0.0,1.25,1.25
4,83,1,0,1.25,0.0,-1.25
4,84,0,0,0.0,0.0,0.0
4,85,2,0,2.5,0.0,-2.5
4,86,2,0,2.5,0.0,-2.5
4,87,0,0,0.0,0.0,0.0
4,88,1,1,1.25,1.25,0.0
4,89,0,0,0.0,0.0,0.0
4,90,0,0,0.0,0.0,0.0
4,91,0,0,0.0,0.0,0.0
4,92,1,0,1.25,0.0,-1.25
4,93,0,1,0.0,1.25,1.25
4,94,1,0,1.25,0.0,-1.25
4,95,0,1,0.0,1.25,1.25
4,96,1,0,1.25,0.0,-1.25
4,97,2,0,2.5,0.0,-2.5
4,98,0,0,0.0,0.0,0.0
4,99,0,0,0.0,0.0,0.0
4,100,1,1,1.25,1.25,0.0
4,101,4,0,5.0,0.0,-5.0
4,102,0,1,0.0,1.25,1.25
4,103,2,0,2.5,0.0,-2.5
4,104,2,1,2.5,1.25,-1.25
4,105,0,0,0.0,0.0,0.0
4,106,2,0,2.5,0.0,-2.5
4,107,2,0,2.5,0.0,-2.5
4,108,2,0,2.5,0.0,-2.5
4,109,0,1,0.0,1.25,1.25
4,110,1,0,1.25,0.0,-1.25
4,111,0,1,0.0,1.25,1.25
4,112,3,1,3.75,1.25,-2.5
4,113,1,0,1.25,0.0,-1.25
4,114,0,1,0.0,1.25,1.25
4,115,1,0,1.25,0.0,-1.25
4,116,2,0,2.5,0.0,-2.5
4,117,0,0,0.0,0.0,0.0
4,118,3,0,3.75,0.0,-3.75
4,119,2,1,2.5,1.25,-1.25
4,120,0,0,0.0,0.0,0.0
4,121,1,0,1.25,0.0,-1.25
4,122,0,2,0.0,2.5,2.5
4,123,1,0,1.25,0.0,-1.25
4,124,1,1,1.25,1.25,0.0
4,125,3,0,3.75,0.0,-3.75
4,126,2,0,2.5,0.0,-2.5
4,127,0,0,0.0,0.0,0.0
4,128,0,1,0.0,1.25,1.25
4,129,0,0,0.0,0.0,0.0
4,130,0,0,0.0,0.0,0.0
4,131,0,0,0.0,0.0,0.0
4,132,1,0,1.25,0.0,-1.25
4,133,1,0,1.25,0.0,-1.25
4,134,0,0,0.0,0.0,0.0
5,0,1,1,1.25,1.25,0.0
5,1,3,1,3.75,1.25,-2.5
5,2,1,0,1.25,0.0,-1.25
5,3,0,3,0.0,3.75,3.75
5,4,2,2,2.5,2.5,0.0
5,5,1,2,1.25,2.5,1.25
5,6,1,0,1.25,0.0,-1.25
5,7,1,2,1.25,2.5,1.25
5,8,2,1,2.5,1.25,-1.25
5,9,2,2,2.5,2.5,0.0
5,10,1,0,1.25,0.0,-1.25
5,11,1,0,1.25,0.0,-1.25
5,12,3,1,3.75,1.25,-2.5
5,13,0,2,0.0,2.5,2.5
5,14,0,3,0.0,3.75,3.75
5,15,1,3,1.25,3.75,2.5
5,16,8,3,10.0,3.75,-6.25
5,17,2,1,2.5,1.25,-1.25
5,18,1,2,1.25,2.5,1.25
5,19,7,2,8.75,2.5,-6.25
5,20,3,3,3.75,3.75,0.0
5,21,3,6,3.75,7.5,3.75
5,22,1,1,1.25,1.25,0.0
5,23,4,2,5.0,2.5,-2.5
5,24,1,4,1.25,5.0,3.75
5,25,3,1,3.75,1.25,-2.5
5,26,4,1,5.0,1.25,-3.75
5,27,3,1,3.75,1.25,-2.5
5,28,1,4,1.25,5.0,3.75
5,29,3,3,3.75,3.75,0.0
5,30,1,2,1.25,2.5,1.25
5,31,5,1,6.25,1.25,-5.0
5,32,5,0,6.25,0.0,-6.25
5,33,2,3,2.5,3.75,1.25
5,34,4,1,5.0,1.25,-3.75
5,35,3,3,3.75,3.75,0.0
5,36,2,1,2.5,1.25,-1.25
5,37,5,1,6.25,1.25,-5.0
5,38,2,2,2.5,2.5,0.0
5,39,2,7,2.5,8.75,6.25
5,40,2,4,2.5,5.0,2.5
5,41,1,4,1.25,5.0,3.75
5,42,3,4,3.75,5.0,1.25
5,43,2,0,2.5,0.0,-2.5
5,44,5,2,6.25,2.5,-3.75
5,45,1,2,1.25,2.5,1.25
5,46,2,4,2.5,5.0,2.5
5,47,4,5,5.0,6.25,1.25
5,48,1,2,1.25,2.5,1.25
5,49,5,5,6.25,6.25,0.0
5,50,2,3,2.5,3.75,1.25
5,51,4,3,5.0,3.75,-1.25
5,52,2,2,2.5,2.5,0.0
5,53,5,3,6.25,3.75,-2.5
5,54,2,1,2.5,1.25,-1.25
5,55,2,2,2.5,2.5,0.0
5,56,2,5,2.5,6.25,3.75
5,57,3,4,3.75,5.0,1.25
5,58,4,2,5.0,2.5,-2.5
5,59,4,1,5.0,1.25,-3.75
5,60,2,3,2.5,3.75,1.25
5,61,5,3,6.25,3.75,-2.5
5,62,3,7,3.75,8.75,5.0
5,63,1,5,1.25,6.25,5.0
5,64,3,1,3.75,1.25,-2.5
5,65,5,4,6.25,5.0,-1.25
5,66,2,2,2.5,2.5,0.0
5,67,3,4,3.75,5.0,1.25
5,68,1,2,1.25,2.5,1.25
5,69,5,1,6.25,1.25,-5.0
5,70,3,7,3.75,8.75,5.0
5,71,3,1,3.75,1.25,-2.5
5,72,2,3,2.5,3.75,1.25
5,73,5,3,6.25,3.75,-2.5
5,74,4,2,5.0,2.5,-2.5
5,75,4,0,5.0,0.0,-5.0
5,76,4,3,5.0,3.75,-1.25
5,77,2,4,2.5,5.0,2.5
5,78,3,1,3.75,1.25,-2.5
5,79,6,5,7.5,6.25,-1.25
5,80,4,2,5.0,2.5,-2.5
5,81,4,4,5.0,5.0,0.0
5,82,3,4,3.75,5.0,1.25
5,83,3,3,3.75,3.75,0.0
5,84,3,3,3.75,3.75,0.0
5,85,1,6,1.25,7.5,6.25
5,86,2,4,2.5,5.0,2.5
5,87,2,6,2.5,7.5,5.0
5,88,4,4,5.0,5.0,0.0
5,89,4,1,5.0,1.25,-3.75
5,90,2,4,2.5,5.0,2.5
5,91,3,2,3.75,2.5,-1.25
5,92,1,2,1.25,2.5,1.25
5,93,4,2,5.0,2.5,-2.5
5,94,0,5,0.0,6.25,6.25
5,95,3,1,3.75,1.25,-2.5
5,96,2,4,2.5,5.0,2.5
5,97,2,5,2.5,6.25,3.75
5,98,5,5,6.25,6.25,0.0
5,99,1,8,1.25,10.0,8.75
5,100,4,0,5.0,0.0,-5.0
5,101,4,4,5.0,5.0,0.0
5,102,2,2,2.5,2.5,0.0
5,103,3,3,3.75,3.75,0.0
5,104,2,2,2.5,2.5,0.0
5,105,7,4,8.75,5.0,-3.75
5,106,5,4,6.25,5.0,-1.25
5,107,3,1,3.75,1.25,-2.5
5,108,7,4,8.75,5.0,-3.75
5,109,5,2,6.25,2.5,-3.75
5,110,1,6,1.25,7.5,6.25
5,111,3,1,3.75,1.25,-2.5
5,112,3,3,3.75,3.75,0.0
5,113,4,5,5.0,6.25,1.25
5,114,2,5,2.5,6.25,3.75
5,115,3,3,3.75,3.75,0.0
5,116,5,5,6.25,6.25,0.0
5,117,4,1,5.0,1.25,-3.75
5,118,1,2,1.25,2.5,1.25
5,119,6,6,7.5,7.5,0.0
5,120,2,3,2.5,3.75,1.25
5,121,2,4,2.5,5.0,2.5
5,122,4,3,5.0,3.75,-1.25
5,123,8,3,10.0,3.75,-6.25
5,124,2,7,2.5,8.75,6.25
5,125,1,3,1.25,3.75,2.5
5,126,4,0,5.0,0.0,-5.0
5,127,6,6,7.5,7.5,0.0
5,128,3,7,3.75,8.75,5.0
5,129,4,2,5.0,2.5,-2.5
5,130,4,4,5.0,5.0,0.0
5,131,3,1,3.75,1.25,-2.5
5,132,4,3,5.0,3.75,-1.25
5,133,2,4,2.5,5.0,2.5
5,134,3,6,3.75,7.5,3.75
6,0,19,11,23.75,13.75,-10.0
6,1,12,11,15.0,13.75,-1.25
6,2,12,8,15.0,10.0,-5.0
6,3,10,12,12.5,15.0,2.5
6,4,13,14,16.25,17.5,1.25
6,5,8,7,10.0,8.75,-1.25
6,6,6,9,7.5,11.25,3.75
6,7,9,10,11.25,12.5,1.25
6,8,13,8,16.25,10.0,-6.25
6,9,12,12,15.0,15.0,0.0
6,10,9,8,11.25,10.0,-1.25
6,11,9,7,11.25,8.75,-2.5
6,12,10,5,12.5,6.25,-6.25
6,13,8,11,10.0,13.75,3.75
6,14,6,7,7.5,8.75,1.25
6,15,15,12,18.75,15.0,-3.75
6,16,5,10,6.25,12.5,6.25
6,17,13,8,16.25,10.0,-6.25
6,18,9,10,11.25,12.5,1.25
6,19,10,13,12.5,16.25,3.75
6,20,4,10,5.0,12.5,7.5
6,21,3,4,3.75,5.0,1.25
6,22,12,7,15.0,8.75,-6.25
6,23,10,4,12.5,5.0,-7.5
6,24,6,7,7.5,8.75,1.25
6,25,6,10,7.5,12.5,5.0
6,26,5,15,6.25,18.75,12.5
6,27,14,14,17.5,17.5,0.0
6,28,7,15,8.75,18.75,10.0
6,29,3,5,3.75,6.25,2.5
6,30,13,5,16.25,6.25,-10.0
6,31,8,7,10.0,8.75,-1.25
6,32,7,6,8.75,7.5,-1.25
6,33,12,8,15.0,10.0,-5.0
6,34,5,8,6.25,10.0,3.75
6,35,14,8,17.5,10.0,-7.5
6,36,13,13,16.25,16.25,0.0
6,37,4,5,5.0,6.25,1.25
6,38,9,4,11.25,5.0,-6.25
6,39,11,9,13.75,11.25,-2.5
6,40,6,9,7.5,11.25,3.75
6,41,16,7,20.0,8.75,-11.25
6,42,10,7,12.5,8.75,-3.75
6,43,7,11,8.75,13.75,5.0
6,44,8,10,10.0,12.5,2.5
6,45,13,8,16.25,10.0,-6.25
6,46,6,6,7.5,7.5,0.0
6,47,8,6,10.0,7.5,-2.5
6,48,8,7,10.0,8.75,-1.25
6,49,6,6,7.5,7.5,0.0
6,50,4,8,5.0,10.0,5.0
6,51,6,7,7.5,8.75,1.25
6,52,9,6,11.25,7.5,-3.75
6,53,6,9,7.5,11.25,3.75
6,54,6,10,7.5,12.5,5.0
6,55,6,7,7.5,8.75,1.25
6,56,7,10,8.75,12.5,3.75
6,57,11,3,13.75,3.75,-10.0
6,58,7,5,8.75,6.25,-2.5
6,59,5,8,6.25,10.0,3.75
6,60,5,7,6.25,8.75,2.5
6,61,6,11,7.5,13.75,6.25
6,62,9,12,11.25,15.0,3.75
6,63,7,4,8.75,5.0,-3.75
6,64,7,9,8.75,11.25,2.5
6,65,6,9,7.5,11.25,3.75
6,66,5,8,6.25,10.0,3.75
6,67,7,3,8.75,3.75,-5.0
6,68,14,5,17.5,6.25,-11.25
6,69,11,5,13.75,6.25,-7.5
6,70,5,4,6.25,5.0,-1.25
6,71,4,7,5.0,8.75,3.75
6,72,8,4,10.0,5.0,-5.0
6,73,8,4,10.0,5.0,-5.0
6,74,5,7,6.25,8.75,2.5
6,75,15,7,18.75,8.75,-10.0
6,76,13,4,16.25,5.0,-11.25
6,77,5,2,6.25,2.5,-3.75
6,78,7,8,8.75,10.0,1.25
6,79,8,7,10.0,8.75,-1.25
6,80,11,9,13.75,11.25,-2.5
6,81,8,7,10.0,8.75,-1.25
6,82,5,11,6.25,13.75,7.5
6,83,8,2,10.0,2.5,-7.5
6,84,4,4,5.0,5.0,0.0
6,85,7,7,8.75,8.75,0.0
6,86,2,6,2.5,7.5,5.0
6,87,12,8,15.0,10.0,-5.0
6,88,12,9,15.0,11.25,-3.75
6,89,6,9,7.5,11.25,3.75
6,90,8,12,10.0,15.0,5.0
6,91,8,4,10.0,5.0,-5.0
6,92,10,9,12.5,11.25,-1.25
6,93,12,7,15.0,8.75,-6.25
6,94,6,7,7.5,8.75,1.25
6,95,6,8,7.5,10.0,2.5
6,96,6,6,7.5,7.5,0.0
6,97,8,7,10.0,8.75,-1.25
6,98,4,9,5.0,11.25,6.25
6,99,7,1,8.75,1.25,-7.5
6,100,7,13,8.75,16.25,7.5
6,101,5,8,6.25,10.0,3.75
6,102,7,10,8.75,12.5,3.75
6,103,5,6,6.25,7.5,1.25
6,104,9,6,11.25,7.5,-3.75
6,105,4,4,5.0,5.0,0.0
6,106,7,7,8.75,8.75,0.0
6,107,8,7,10.0,8.75,-1.25
6,108,4,8,5.0,10.0,5.0
6,109,9,5,11.25,6.25,-5.0
6,110,11,4,13.75,5.0,-8.75
6,111,4,9,5.0,11.25,6.25
6,112,9,9,11.25,11.25,0.0
6,113,3,12,3.75,15.0,11.25
6,114,8,5,10.0,6.25,-3.75
6,115,9,8,11.25,10.0,-1.25
6,116,4,6,5.0,7.5,2.5
6,117,6,11,7.5,13.75,6.25
6,118,3,4,3.75,5.0,1.25
6,119,5,11,6.25,13.75,7.5
6,120,12,11,15.0,13.75,-1.25
6,121,9,5,11.25,6.25,-5.0
6,122,10,7,12.5,8.75,-3.75
6,123,8,8,10.0,10.0,0.0
6,124,7,7,8.75,8.75,0.0
6,125,3,2,3.75,2.5,-1.25
6,126,4,10,5.0,12.5,7.5
6,127,4,5,5.0,6.25,1.25
6,128,7,6,8.75,7.5,-1.25
6,129,6,7,7.5,8.75,1.25
6,130,5,8,6.25,10.0,3.75
6,131,6,11,7.5,13.75,6.25
6,132,7,8,8.75,10.0,1.25
6,133,10,10,12.5,12.5,0.0
6,134,2,3,2.5,3.75,1.25
7,0,8,8,10.0,10.0,0.0
7,1,7,6,8.75,7.5,-1.25
7,2,9,7,11.25,8.75,-2.5
7,3,13,8,16.25,10.0,-6.25
7,4,13,7,16.25,8.75,-7.5
7,5,14,10,17.5,12.5,-5.0
7,6,8,10,10.0,12.5,2.5
7,7,14,6,17.5,7.5,-10.0
7,8,7,11,8.75,13.75,5.0
7,9,13,6,16.25,7.5,-8.75
7,10,11,10,13.75,12.5,-1.25
7,11,13,5,16.25,6.25,-10.0
7,12,6,5,7.5,6.25,-1.25
7,13,10,8,12.5,10.0,-2.5
7,14,4,7,5.0,8.75,3.75
7,15,14,10,17.5,12.5,-5.0
7,16,11,12,13.75,15.0,1.25
7,17,8,12,10.0,15.0,5.0
7,18,9,6,11.25,7.5,-3.75
7,19,14,10,17.5,12.5,-5.0
7,20,14,17,17.5,21.25,3.75
7,21,12,6,15.0,7.5,-7.5
7,22,9,13,11.25,16.25,5.0
7,23,9,8,11.25,10.0,-1.25
7,24,9,11,11.25,13.75,2.5
7,25,11,5,13.75,6.25,-7.5
7,26,4,6,5.0,7.5,2.5
7,27,10,5,12.5,6.25,-6.25
7,28,10,6,12.5,7.5,-5.0
7,29,8,7,10.0,8.75,-1.25
7,30,7,8,8.75,10.0,1.25
7,31,13,5,16.25,6.25,-10.0
7,32,8,5,10.0,6.25,-3.75
7,33,11,8,13.75,10.0,-3.75
7,34,8,12,10.0,15.0,5.0
7,35,7,9,8.75,11.25,2.5
7,36,9,11,11.25,13.75,2.5
7,37,11,5,13.75,6.25,-7.5
7,38,6,10,7.5,12.5,5.0
7,39,10,15,12.5,18.75,6.25
7,40,5,7,6.25,8.75,2.5
7,41,7,7,8.75,8.75,0.0
7,42,9,7,11.25,8.75,-2.5
7,43,11,5,13.75,6.25,-7.5
7,44,12,10,15.0,12.5,-2.5
7,45,9,10,11.25,12.5,1.25
7,46,10,3,12.5,3.75,-8.75
7,47,12,9,15.0,11.25,-3.75
7,48,6,15,7.5,18.75,11.25
7,49,11,6,13.75,7.5,-6.25
7,50,6,9,7.5,11.25,3.75
7,51,12,11,15.0,13.75,-1.25
7,52,6,7,7.5,8.75,1.25
7,53,6,8,7.5,10.0,2.5
7,54,7,8,8.75,10.0,1.25
7,55,3,3,3.75,3.75,0.0
7,56,9,10,11.25,12.5,1.25
7,57,12,8,15.0,10.0,-5.0
7,58,8,6,10.0,7.5,-2.5
7,59,8,9,10.0,11.25,1.25
7,60,11,20,13.75,25.0,11.25
7,61,12,6,15.0,7.5,-7.5
7,62,12,7,15.0,8.75,-6.25
7,63,10,7,12.5,8.75,-3.75
7,64,7,3,8.75,3.75,-5.0
7,65,13,5,16.25,6.25,-10.0
7,66,10,9,12.5,11.25,-1.25
7,67,8,12,10.0,15.0,5.0
7,68,11,9,13.75,11.25,-2.5
7,69,11,8,13.75,10.0,-3.75
7,70,10,7,12.5,8.75,-3.75
7,71,9,15,11.25,18.75,7.5
7,72,10,12,12.5,15.0,2.5
7,73,9,8,11.25,10.0,-1.25
7,74,11,10,13.75,12.5,-1.25
7,75,11,7,13.75,8.75,-5.0
7,76,8,8,10.0,10.0,0.0
7,77,6,7,7.5,8.75,1.25
7,78,4,6,5.0,7.5,2.5
7,79,6,3,7.5,3.75,-3.75
7,80,13,5,16.25,6.25,-10.0
7,81,14,6,17.5,7.5,-10.0
7,82,12,8,15.0,10.0,-5.0
7,83,6,4,7.5,5.0,-2.5
7,84,10,12,12.5,15.0,2.5
7,85,11,11,13.75,13.75,0.0
7,86,15,14,18.75,17.5,-1.25
7,87,6,10,7.5,12.5,5.0
7,88,14,7,17.5,8.75,-8.75
7,89,9,7,11.25,8.75,-2.5
7,90,7,4,8.75,5.0,-3.75
7,91,9,7,11.25,8.75,-2.5
7,92,4,8,5.0,10.0,5.0
7,93,8,10,10.0,12.5,2.5
7,94,6,4,7.5,5.0,-2.5
7,95,6,5,7.5,6.25,-1.25
7,96,5,12,6.25,15.0,8.75
7,97,10,6,12.5,7.5,-5.0
7,98,6,11,7.5,13.75,6.25
7,99,6,13,7.5,16.25,8.75
7,100,13,7,16.25,8.75,-7.5
7,101,8,5,10.0,6.25,-3.75
7,102,13,9,16.25,11.25,-5.0
7,103,10,7,12.5,8.75,-3.75
7,104,13,9,16.25,11.25,-5.0
7,105,13,4,16.25,5.0,-11.25
7,106,4,7,5.0,8.75,3.75
7,107,6,8,7.5,10.0,2.5
7,108,8,9,10.0,11.25,1.25
7,109,5,4,6.25,5.0,-1.25
7,110,6,7,7.5,8.75,1.25
7,111,9,6,11.25,7.5,-3.75
7,112,11,3,13.75,3.75,-10.0
7,113,4,9,5.0,11.25,6.25
7,114,8,5,10.0,6.25,-3.75
7,115,7,7,8.75,8.75,0.0
7,116,5,4,6.25,5.0,-1.25
7,117,9,9,11.25,11.25,0.0
7,118,8,5,10.0,6.25,-3.75
7,119,15,10,18.75,12.5,-6.25
7,120,2,5,2.5,6.25,3.75
7,121,6,6,7.5,7.5,0.0
7,122,15,6,18.75,7.5,-11.25
7,123,9,4,11.25,5.0,-6.25
7,124,6,6,7.5,7.5,0.0
7,125,8,3,10.0,3.75,-6.25
7,126,8,11,10.0,13.75,3.75
7,127,12,12,15.0,15.0,0.0
7,128,8,5,10.0,6.25,-3.75
7,129,12,6,15.0,7.5,-7.5
7,130,8,10,10.0,12.5,2.5
7,131,8,16,10.0,20.0,10.0
7,132,5,5,6.25,6.25,0.0
7,133,5,6,6.25,7.5,1.25
7,134,13,10,16.25,12.5,-3.75
8,0,2,1,2.5,1.25,-1.25
8,1,4,3,5.0,3.75,-1.25
8,2,5,2,6.25,2.5,-3.75
8,3,1,2,1.25,2.5,1.25
8,4,1,2,1.25,2.5,1.25
8,5,2,3,2.5,3.75,1.25
8,6,4,2,5.0,2.5,-2.5
8,7,4,5,5.0,6.25,1.25
8,8,1,3,1.25,3.75,2.5
8,9,2,2,2.5,2.5,0.0
8,10,4,2,5.0,2.5,-2.5
8,11,0,6,0.0,7.5,7.5
8,12,1,2,1.25,2.5,1.25
8,13,3,2,3.75,2.5,-1.25
8,14,3,6,3.75,7.5,3.75
8,15,1,3,1.25,3.75,2.5
8,16,3,4,3.75,5.0,1.25
8,17,2,2,2.5,2.5,0.0
8,18,4,2,5.0,2.5,-2.5
8,19,1,1,1.25,1.25,0.0
8,20,5,1,6.25,1.25,-5.0
8,21,0,2,0.0,2.5,2.5
8,22,2,7,2.5,8.75,6.25
8,23,3,5,3.75,6.25,2.5
8,24,2,3,2.5,3.75,1.25
8,25,2,2,2.5,2.5,0.0
8,26,2,2,2.5,2.5,0.0
8,27,5,2,6.25,2.5,-3.75
8,28,3,0,3.75,0.0,-3.75
8,29,2,1,2.5,1.25,-1.25
8,30,0,2,0.0,2.5,2.5
8,31,0,4,0.0,5.0,5.0
8,32,3,2,3.75,2.5,-1.25
8,33,2,3,2.5,3.75,1.25
8,34,2,5,2.5,6.25,3.75
8,35,2,4,2.5,5.0,2.5
8,36,1,2,1.25,2.5,1.25
8,37,1,2,1.25,2.5,1.25
8,38,1,0,1.25,0.0,-1.25
8,39,4,1,5.0,1.25,-3.75
8,40,2,1,2.5,1.25,-1.25
8,41,1,2,1.25,2.5,1.25
8,42,1,3,1.25,3.75,2.5
8,43,0,3,0.0,3.75,3.75
8,44,1,5,1.25,6.25,5.0
8,45,0,2,0.0,2.5,2.5
8,46,1,3,1.25,3.75,2.5
8,47,3,2,3.75,2.5,-1.25
8,48,2,2,2.5,2.5,0.0
8,49,5,5,6.25,6.25,0.0
8,50,1,6,1.25,7.5,6.25
8,51,2,4,2.5,5.0,2.5
8,52,1,2,1.25,2.5,1.25
8,53,4,5,5.0,6.25,1.25
8,54,2,0,2.5,0.0,-2.5
8,55,4,3,5.0,3.75,-1.25
8,56,3,3,3.75,3.75,0.0
8,57,4,3,5.0,3.75,-1.25
8,58,5,3,6.25,3.75,-2.5
8,59,5,1,6.25,1.25,-5.0
8,60,3,2,3.75,2.5,-1.25
8,61,2,3,2.5,3.75,1.25
8,62,3,3,3.75,3.75,0.0
8,63,1,5,1.25,6.25,5.0
8,64,2,3,2.5,3.75,1.25
8,65,3,5,3.75,6.25,2.5
8,66,5,1,6.25,1.25,-5.0
8,67,3,6,3.75,7.5,3.75
8,68,2,4,2.5,5.0,2.5
8,69,3,9,3.75,11.25,7.5
8,70,3,3,3.75,3.75,0.0
8,71,6,6,7.5,7.5,0.0
8,72,3,3,3.75,3.75,0.0
8,73,4,3,5.0,3.75,-1.25
8,74,1,3,1.25,3.75,2.5
8,75,2,2,2.5,2.5,0.0
8,76,2,4,2.5,5.0,2.5
8,77,1,3,1.25,3.75,2.5
8,78,3,5,3.75,6.25,2.5
8,79,2,2,2.5,2.5,0.0
8,80,2,2,2.5,2.5,0.0
8,81,6,2,7.5,2.5,-5.0
8,82,3,3,3.75,3.75,0.0
8,83,1,4,1.25,5.0,3.75
8,84,3,3,3.75,3.75,0.0
8,85,1,3,1.25,3.75,2.5
8,86,4,6,5.0,7.5,2.5
8,87,1,1,1.25,1.25,0.0
8,88,4,3,5.0,3.75,-1.25
8,89,3,2,3.75,2.5,-1.25
8,90,3,2,3.75,2.5,-1.25
8,91,2,2,2.5,2.5,0.0
8,92,1,2,1.25,2.5,1.25
8,93,4,2,5.0,2.5,-2.5
8,94,1,1,1.25,1.25,0.0
8,95,2,2,2.5,2.5,0.0
8,96,2,2,2.5,2.5,0.0
8,97,5,3,6.25,3.75,-2.5
8,98,4,5,5.0,6.25,1.25
8,99,1,3,1.25,3.75,2.5
8,100,1,3,1.25,3.75,2.5
8,101,8,5,10.0,6.25,-3.75
8,102,0,2,0.0,2.5,2.5
8,103,5,2,6.25,2.5,-3.75
8,104,3,3,3.75,3.75,0.0
8,105,3,1,3.75,1.25,-2.5
8,106,3,3,3.75,3.75,0.0
8,107,1,4,1.25,5.0,3.75
8,108,3,3,3.75,3.75,0.0
8,109,3,1,3.75,1.25,-2.5
8,110,1,2,1.25,2.5,1.25
8,111,3,0,3.75,0.0,-3.75
8,112,1,4,1.25,5.0,3.75
8,113,2,3,2.5,3.75,1.25
8,114,3,3,3.75,3.75,0.0
8,115,4,5,5.0,6.25,1.25
8,116,0,4,0.0,5.0,5.0
8,117,0,4,0.0,5.0,5.0
8,118,2,3,2.5,3.75,1.25
8,119,1,4,1.25,5.0,3.75
8,120,0,2,0.0,2.5,2.5
8,121,4,3,5.0,3.75,-1.25
8,122,5,4,6.25,5.0,-1.25
8,123,4,1,5.0,1.25,-3.75
8,124,2,2,2.5,2.5,0.0
8,125,2,9,2.5,11.25,8.75
8,126,1,3,1.25,3.75,2.5
8,127,3,6,3.75,7.5,3.75
8,128,4,1,5.0,1.25,-3.75
8,129,2,2,2.5,2.5,0.0
8,130,2,3,2.5,3.75,1.25
8,131,2,2,2.5,2.5,0.0
8,132,2,3,2.5,3.75,1.25
8,133,4,2,5.0,2.5,-2.5
8,134,3,3,3.75,3.75,0.0
9,0,0,0,0.0,0.0,0.0
9,1,0,0,0.0,0.0,0.0
9,2,0,0,0.0,0.0,0.0
9,3,0,0,0.0,0.0,0.0
9,4,0,0,0.0,0.0,0.0
9,5,0,0,0.0,0.0,0.0
9,6,0,0,0.0,0.0,0.0
9,7,0,0,0.0,0.0,0.0
9,8,0,0,0.0,0.0,0.0
9,9,0,0,0.0,0.0,0.0
9,10,0,0,0.0,0.0,0.0
9,11,0,0,0.0,0.0,0.0
9,12,0,0,0.0,0.0,0.0
9,13,0,0,0.0,0.0,0.0
9,14,0,0,0.0,0.0,0.0
9,15,0,0,0.0,0.0,0.0
9,16,0,0,0.0,0.0,0.0
9,17,0,0,0.0,0.0,0.0
9,18,0,0,0.0,0.0,0.0
9,19,0,0,0.0,0.0,0.0
9,20,0,0,0.0,0.0,0.0
9,21,0,0,0.0,0.0,0.0
9,22,0,0,0.0,0.0,0.0
9,23,0,0,0.0,0.0,0.0
9,24,0,0,0.0,0.0,0.0
9,25,0,0,0.0,0.0,0.0
9,26,0,0,0.0,0.0,0.0
9,27,0,0,0.0,0.0,0.0
9,28,1,0,1.25,0.0,-1.25
9,29,0,0,0.0,0.0,0.0
9,30,0,0,0.0,0.0,0.0
9,31,1,0,1.25,0.0,-1.25
9,32,0,0,0.0,0.0,0.0
9,33,1,1,1.25,1.25,0.0
9,34,0,1,0.0,1.25,1.25
9,35,0,0,0.0,0.0,0.0
9,36,0,0,0.0,0.0,0.0
9,37,0,0,0.0,0.0,0.0
9,38,0,0,0.0,0.0,0.0
9,39,0,0,0.0,0.0,0.0
9,40,0,1,0.0,1.25,1.25
9,41,0,1,0.0,1.25,1.25
9,42,2,0,2.5,0.0,-2.5
9,43,0,2,0.0,2.5,2.5
9,44,1,2,1.25,2.5,1.25
9,45,0,0,0.0,0.0,0.0
9,46,0,2,0.0,2.5,2.5
9,47,1,5,1.25,6.25,5.0
9,48,0,2,0.0,2.5,2.5
9,49,0,3,0.0,3.75,3.75
9,50,2,0,2.5,0.0,-2.5
9,51,5,2,6.25,2.5,-3.75
9,52,0,0,0.0,0.0,0.0
9,53,1,2,1.25,2.5,1.25
9,54,1,0,1.25,0.0,-1.25
9,55,0,0,0.0,0.0,0.0
9,56,1,0,1.25,0.0,-1.25
9,57,0,0,0.0,0.0,0.0
9,58,1,0,1.25,0.0,-1.25
9,59,1,0,1.25,0.0,-1.25
9,60,1,1,1.25,1.25,0.0
9,61,1,0,1.25,0.0,-1.25
9,62,3,1,3.75,1.25,-2.5
9,63,1,0,1.25,0.0,-1.25
9,64,0,2,0.0,2.5,2.5
9,65,0,2,0.0,2.5,2.5
9,66,0,1,0.0,1.25,1.25
9,67,1,0,1.25,0.0,-1.25
9,68,0,1,0.0,1.25,1.25
9,69,1,2,1.25,2.5,1.25
9,70,0,1,0.0,1.25,1.25
9,71,0,3,0.0,3.75,3.75
9,72,1,2,1.25,2.5,1.25
9,73,0,1,0.0,1.25,1.25
9,74,1,1,1.25,1.25,0.0
9,75,0,3,0.0,3.75,3.75
9,76,2,2,2.5,2.5,0.0
9,77,1,1,1.25,1.25,0.0
9,78,0,0,0.0,0.0,0.0
9,79,1,1,1.25,1.25,0.0
9,80,2,3,2.5,3.75,1.25
9,81,0,3,0.0,3.75,3.75
9,82,2,1,2.5,1.25,-1.25
9,83,0,1,0.0,1.25,1.25
9,84,1,1,1.25,1.25,0.0
9,85,1,2,1.25,2.5,1.25
9,86,0,0,0.0,0.0,0.0
9,87,0,1,0.0,1.25,1.25
9,88,2,0,2.5,0.0,-2.5
9,89,0,1,0.0,1.25,1.25
9,90,0,0,0.0,0.0,0.0
9,91,1,2,1.25,2.5,1.25
9,92,2,1,2.5,1.25,-1.25
9,93,2,2,2.5,2.5,0.0
9,94,0,2,0.0,2.5,2.5
9,95,1,2,1.25,2.5,1.25
9,96,1,0,1.25,0.0,-1.25
9,97,2,1,2.5,1.25,-1.25
9,98,1,0,1.25,0.0,-1.25
9,99,0,0,0.0,0.0,0.0
9,100,4,0,5.0,0.0,-5.0
9,101,0,0,0.0,0.0,0.0
9,102,2,1,2.5,1.25,-1.25
9,103,0,2,0.0,2.5,2.5
9,104,1,3,1.25,3.75,2.5
9,105,1,0,1.25,0.0,-1.25
9,106,1,0,1.25,0.0,-1.25
9,107,0,1,0.0,1.25,1.25
9,108,1,1,1.25,1.25,0.0
9,109,0,2,0.0,2.5,2.5
9,110,3,0,3.75,0.0,-3.75
9,111,1,1,1.25,1.25,0.0
9,112,3,2,3.75,2.5,-1.25
9,113,0,1,0.0,1.25,1.25
9,114,2,2,2.5,2.5,0.0
9,115,2,0,2.5,0.0,-2.5
9,116,0,0,0.0,0.0,0.0
9,117,0,1,0.0,1.25,1.25
9,118,3,2,3.75,2.5,-1.25
9,119,2,1,2.5,1.25,-1.25
9,120,1,1,1.25,1.25,0.0
9,121,0,1,0.0,1.25,1.25
9,122,0,1,0.0,1.25,1.25
9,123,1,0,1.25,0.0,-1.25
9,124,1,1,1.25,1.25,0.0
9,125,0,1,0.0,1.25,1.25
9,126,3,1,3.75,1.25,-2.5
9,127,1,2,1.25,2.5,1.25
9,128,1,0,1.25,0.0,-1.25
9,129,0,0,0.0,0.0,0.0
9,130,2,1,2.5,1.25,-1.25
9,131,0,0,0.0,0.0,0.0
9,132,1,0,1.25,0.0,-1.25
9,133,1,0,1.25,0.0,-1.25
9,134,1,0,1.25,0.0,-1.25
10,0,0,0,0.0,0.0,0.0
10,1,0,0,0.0,0.0,0.0
10,2,0,0,0.0,0.0,0.0
10,3,0,0,0.0,0.0,0.0
10,4,1,0,1.25,0.0,-1.25
10,5,0,0,0.0,0.0,0.0
10,6,0,0,0.0,0.0,0.0
10,7,1,0,1.25,0.0,-1.25
10,8,0,0,0.0,0.0,0.0
10,9,0,0,0.0,0.0,0.0
10,10,1,0,1.25,0.0,-1.25
10,11,0,0,0.0,0.0,0.0
10,12,0,1,0.0,1.25,1.25
10,13,0,1,0.0,1.25,1.25
10,14,1,0,1.25,0.0,-1.25
10,15,0,0,0.0,0.0,0.0
10,16,0,0,0.0,0.0,0.0
10,17,0,0,0.0,0.0,0.0
10,18,0,0,0.0,0.0,0.0
10,19,0,2,0.0,2.5,2.5
10,20,0,2,0.0,2.5,2.5
10,21,1,1,1.25,1.25,0.0
10,22,0,0,0.0,0.0,0.0
10,23,0,0,0.0,0.0,0.0
10,24,2,1,2.5,1.25,-1.25
10,25,1,0,1.25,0.0,-1.25
10,26,2,1,2.5,1.25,-1.25
10,27,1,1,1.25,1.25,0.0
10,28,0,2,0.0,2.5,2.5
10,29,0,1,0.0,1.25,1.25
10,30,0,2,0.0,2.5,2.5
10,31,0,1,0.0,1.25,1.25
10,32,0,1,0.0,1.25,1.25
10,33,1,1,1.25,1.25,0.0
10,34,1,0,1.25,0.0,-1.25
10,35,2,0,2.5,0.0,-2.5
10,36,1,2,1.25,2.5,1.25
10,37,1,1,1.25,1.25,0.0
10,38,3,2,3.75,2.5,-1.25
10,39,0,1,0.0,1.25,1.25
10,40,2,2,2.5,2.5,0.0
10,41,1,1,1.25,1.25,0.0
10,42,0,0,0.0,0.0,0.0
10,43,3,3,3.75,3.75,0.0
10,44,2,1,2.5,1.25,-1.25
10,45,2,1,2.5,1.25,-1.25
10,46,0,2,0.0,2.5,2.5
10,47,4,1,5.0,1.25,-3.75
10,48,0,1,0.0,1.25,1.25
10,49,1,0,1.25,0.0,-1.25
10,50,0,0,0.0,0.0,0.0
10,51,1,0,1.25,0.0,-1.25
10,52,2,0,2.5,0.0,-2.5
10,53,0,0,0.0,0.0,0.0
10,54,0,2,0.0,2.5,2.5
10,55,2,4,2.5,5.0,2.5
10,56,1,1,1.25,1.25,0.0
10,57,3,5,3.75,6.25,2.5
10,58,2,2,2.5,2.5,0.0
10,59,0,1,0.0,1.25,1.25
10,60,1,1,1.25,1.25,0.0
10,61,1,0,1.25,0.0,-1.25
10,62,2,1,2.5,1.25,-1.25
10,63,1,1,1.25,1.25,0.0
10,64,1,0,1.25,0.0,-1.25
10,65,2,1,2.5,1.25,-1.25
10,66,1,0,1.25,0.0,-1.25
10,67,2,0,2.5,0.0,-2.5
10,68,0,2,0.0,2.5,2.5
10,69,4,0,5.0,0.0,-5.0
10,70,4,2,5.0,2.5,-2.5
10,71,2,2,2.5,2.5,0.0
10,72,2,1,2.5,1.25,-1.25
10,73,0,2,0.0,2.5,2.5
10,74,3,1,3.75,1.25,-2.5
10,75,1,0,1.25,0.0,-1.25
10,76,0,0,0.0,0.0,0.0
10,77,2,0,2.5,0.0,-2.5
10,78,2,0,2.5,0.0,-2.5
10,79,0,1,0.0,1.25,1.25
10,80,3,3,3.75,3.75,0.0
10,81,0,0,0.0,0.0,0.0
10,82,1,3,1.25,3.75,2.5
10,83,0,0,0.0,0.0,0.0
10,84,4,1,5.0,1.25,-3.75
10,85,2,2,2.5,2.5,0.0
10,86,0,1,0.0,1.25,1.25
10,87,3,3,3.75,3.75,0.0
10,88,1,0,1.25,0.0,-1.25
10,89,2,2,2.5,2.5,0.0
10,90,0,3,0.0,3.75,3.75
10,91,1,0,1.25,0.0,-1.25
10,92,1,3,1.25,3.75,2.5
10,93,3,3,3.75,3.75,0.0
10,94,4,1,5.0,1.25,-3.75
10,95,0,1,0.0,1.25,1.25
10,96,0,1,0.0,1.25,1.25
10,97,0,0,0.0,0.0,0.0
10,98,0,1,0.0,1.25,1.25
10,99,1,0,1.25,0.0,-1.25
10,100,2,0,2.5,0.0,-2.5
10,101,0,0,0.0,0.0,0.0
10,102,1,0,1.25,0.0,-1.25
10,103,0,0,0.0,0.0,0.0
10,104,1,0,1.25,0.0,-1.25
10,105,0,0,0.0,0.0,0.0
10,106,1,1,1.25,1.25,0.0
10,107,1,1,1.25,1.25,0.0
10,108,1,0,1.25,0.0,-1.25
10,109,0,1,0.0,1.25,1.25
10,110,2,1,2.5,1.25,-1.25
10,111,1,1,1.25,1.25,0.0
10,112,1,0,1.25,0.0,-1.25
10,113,1,1,1.25,1.25,0.0
10,114,2,1,2.5,1.25,-1.25
10,115,1,1,1.25,1.25,0.0
10,116,1,2,1.25,2.5,1.25
10,117,2,2,2.5,2.5,0.0
10,118,0,0,0.0,0.0,0.0
10,119,1,0,1.25,0.0,-1.25
10,120,3,1,3.75,1.25,-2.5
10,121,0,1,0.0,1.25,1.25
10,122,3,2,3.75,2.5,-1.25
10,123,2,1,2.5,1.25,-1.25
10,124,0,1,0.0,1.25,1.25
10,125,2,0,2.5,0.0,-2.5
10,126,3,1,3.75,1.25,-2.5
10,127,1,0,1.25,0.0,-1.25
10,128,1,3,1.25,3.75,2.5
10,129,2,3,2.5,3.75,1.25
10,130,0,1,0.0,1.25,1.25
10,131,2,3,2.5,3.75,1.25
10,132,1,1,1.25,1.25,0.0
10,133,1,1,1.25,1.25,0.0
10,134,0,1,0.0,1.25,1.25
11,0,16,22,20.0,27.5,7.5
11,1,11,21,13.75,26.25,12.5
11,2,10,19,12.5,23.75,11.25
11,3,17,18,21.25,22.5,1.25
11,4,12,10,15.0,12.5,-2.5
11,5,12,13,15.0,16.25,1.25
11,6,16,22,20.0,27.5,7.5
11,7,9,15,11.25,18.75,7.5
11,8,20,16,25.0,20.0,-5.0
11,9,8,14,10.0,17.5,7.5
11,10,15,24,18.75,30.0,11.25
11,11,19,18,23.75,22.5,-1.25
11,12,19,15,23.75,18.75,-5.0
11,13,12,20,15.0,25.0,10.0
11,14,12,17,15.0,21.25,6.25
11,15,20,18,25.0,22.5,-2.5
11,16,15,19,18.75,23.75,5.0
11,17,13,19,16.25,23.75,7.5
11,18,18,17,22.5,21.25,-1.25
11,19,16,16,20.0,20.0,0.0
11,20,17,17,21.25,21.25,0.0
11,21,19,20,23.75,25.0,1.25
11,22,16,15,20.0,18.75,-1.25
11,23,12,17,15.0,21.25,6.25
11,24,12,16,15.0,20.0,5.0
11,25,16,24,20.0,30.0,10.0
11,26,13,15,16.25,18.75,2.5
11,27,12,21,15.0,26.25,11.25
11,28,16,21,20.0,26.25,6.25
11,29,16,16,20.0,20.0,0.0
11,30,21,15,26.25,18.75,-7.5
11,31,18,18,22.5,22.5,0.0
11,32,16,12,20.0,15.0,-5.0
11,33,13,11,16.25,13.75,-2.5
11,34,17,16,21.25,20.0,-1.25
11,35,13,11,16.25,13.75,-2.5
11,36,15,18,18.75,22.5,3.75
11,37,19,25,23.75,31.25,7.5
11,38,19,17,23.75,21.25,-2.5
11,39,13,16,16.25,20.0,3.75
11,40,14,14,17.5,17.5,0.0
11,41,17,15,21.25,18.75,-2.5
11,42,18,18,22.5,22.5,0.0
11,43,16,14,20.0,17.5,-2.5
11,44,14,21,17.5,26.25,8.75
11,45,10,16,12.5,20.0,7.5
11,46,16,18,20.0,22.5,2.5
11,47,10,14,12.5,17.5,5.0
11,48,20,9,25.0,11.25,-13.75
11,49,19,14,23.75,17.5,-6.25
11,50,15,14,18.75,17.5,-1.25
11,51,15,10,18.75,12.5,-6.25
11,52,20,14,25.0,17.5,-7.5
11,53,17,15,21.25,18.75,-2.5
11,54,15,19,18.75,23.75,5.0
11,55,13,6,16.25,7.5,-8.75
11,56,13,21,16.25,26.25,10.0
11,57,13,14,16.25,17.5,1.25
11,58,20,15,25.0,18.75,-6.25
11,59,13,20,16.25,25.0,8.75
11,60,20,20,25.0,25.0,0.0
11,61,10,16,12.5,20.0,7.5
11,62,10,18,12.5,22.5,10.0
11,63,15,19,18.75,23.75,5.0
11,64,13,18,16.25,22.5,6.25
11,65,7,16,8.75,20.0,11.25
11,66,15,18,18.75,22.5,3.75
11,67,10,16,12.5,20.0,7.5
11,68,21,16,26.25,20.0,-6.25
11,69,10,16,12.5,20.0,7.5
11,70,16,17,20.0,21.25,1.25
11,71,16,18,20.0,22.5,2.5
11,72,14,15,17.5,18.75,1.25
11,73,15,17,18.75,21.25,2.5
11,74,13,14,16.25,17.5,1.25
11,75,14,15,17.5,18.75,1.25
11,76,18,19,22.5,23.75,1.25
11,77,21,17,26.25,21.25,-5.0
11,78,14,12,17.5,15.0,-2.5
11,79,18,14,22.5,17.5,-5.0
11,80,17,14,21.25,17.5,-3.75
11,81,10,12,12.5,15.0,2.5
11,82,21,14,26.25,17.5,-8.75
11,83,16,14,20.0,17.5,-2.5
11,84,11,9,13.75,11.25,-2.5
11,85,17,12,21.25,15.0,-6.25
11,86,15,13,18.75,16.25,-2.5
11,87,17,13,21.25,16.25,-5.0
11,88,14,13,17.5,16.25,-1.25
11,89,13,16,16.25,20.0,3.75
11,90,14,14,17.5,17.5,0.0
11,91,14,15,17.5,18.75,1.25
11,92,15,13,18.75,16.25,-2.5
11,93,9,11,11.25,13.75,2.5
11,94,16,11,20.0,13.75,-6.25
11,95,16,13,20.0,16.25,-3.75
11,96,17,18,21.25,22.5,1.25
11,97,11,16,13.75,20.0,6.25
11,98,13,16,16.25,20.0,3.75
11,99,23,17,28.75,21.25,-7.5
11,100,11,15,13.75,18.75,5.0
11,101,12,12,15.0,15.0,0.0
11,102,11,15,13.75,18.75,5.0
11,103,13,17,16.25,21.25,5.0
11,104,13,15,16.25,18.75,2.5
11,105,10,16,12.5,20.0,7.5
11,106,16,17,20.0,21.25,1.25
11,107,15,12,18.75,15.0,-3.75
11,108,17,24,21.25,30.0,8.75
11,109,21,15,26.25,18.75,-7.5
11,110,13,17,16.25,21.25,5.0
11,111,15,18,18.75,22.5,3.75
11,112,12,14,15.0,17.5,2.5
11,113,18,18,22.5,22.5,0.0
11,114,11,16,13.75,20.0,6.25
11,115,14,13,17.5,16.25,-1.25
11,116,20,16,25.0,20.0,-5.0
11,117,17,15,21.25,18.75,-2.5
11,118,14,13,17.5,16.25,-1.25
11,119,23,12,28.75,15.0,-13.75
11,120,13,16,16.25,20.0,3.75
11,121,20,14,25.0,17.5,-7.5
11,122,16,11,20.0,13.75,-6.25
11,123,16,19,20.0,23.75,3.75
11,124,19,18,23.75,22.5,-1.25
11,125,13,13,16.25,16.25,0.0
11,126,14,16,17.5,20.0,2.5
11,127,17,15,21.25,18.75,-2.5
11,128,14,19,17.5,23.75,6.25
11,129,9,10,11.25,12.5,1.25
11,130,16,16,20.0,20.0,0.0
11,131,15,7,18.75,8.75,-10.0
11,132,16,16,20.0,20.0,0.0
11,133,17,20,21.25,25.0,3.75
11,134,19,12,23.75,15.0,-8.75
12,0,14,14,17.5,17.5,0.0
12,1,14,18,17.5,22.5,5.0
12,2,15,9,18.75,11.25,-7.5
12,3,11,10,13.75,12.5,-1.25
12,4,17,14,21.25,17.5,-3.75
12,5,10,12,12.5,15.0,2.5
12,6,7,10,8.75,12.5,3.75
12,7,20,10,25.0,12.5,-12.5
12,8,12,11,15.0,13.75,-1.25
12,9,16,13,20.0,16.25,-3.75
12,10,14,10,17.5,12.5,-5.0
12,11,15,13,18.75,16.25,-2.5
12,12,8,11,10.0,13.75,3.75
12,13,13,17,16.25,21.25,5.0
12,14,9,16,11.25,20.0,8.75
12,15,15,16,18.75,20.0,1.25
12,16,14,18,17.5,22.5,5.0
12,17,12,13,15.0,16.25,1.25
12,18,18,11,22.5,13.75,-8.75
12,19,9,10,11.25,12.5,1.25
12,20,14,14,17.5,17.5,0.0
12,21,13,11,16.25,13.75,-2.5
12,22,14,10,17.5,12.5,-5.0
12,23,13,13,16.25,16.25,0.0
12,24,14,13,17.5,16.25,-1.25
12,25,16,14,20.0,17.5,-2.5
12,26,8,8,10.0,10.0,0.0
12,27,17,12,21.25,15.0,-6.25
12,28,10,14,12.5,17.5,5.0
12,29,15,18,18.75,22.5,3.75
12,30,17,8,21.25,10.0,-11.25
12,31,8,14,10.0,17.5,7.5
12,32,7,14,8.75,17.5,8.75
12,33,14,12,17.5,15.0,-2.5
12,34,13,15,16.25,18.75,2.5
12,35,13,13,16.25,16.25,0.0
12,36,14,13,17.5,16.25,-1.25
12,37,10,18,12.5,22.5,10.0
12,38,11,15,13.75,18.75,5.0
12,39,9,14,11.25,17.5,6.25
12,40,12,9,15.0,11.25,-3.75
12,41,12,14,15.0,17.5,2.5
12,42,13,13,16.25,16.25,0.0
12,43,15,13,18.75,16.25,-2.5
12,44,17,14,21.25,17.5,-3.75
12,45,12,13,15.0,16.25,1.25
12,46,10,16,12.5,20.0,7.5
12,47,17,10,21.25,12.5,-8.75
12,48,12,13,15.0,16.25,1.25
12,49,12,17,15.0,21.25,6.25
12,50,14,11,17.5,13.75,-3.75
12,51,17,12,21.25,15.0,-6.25
12,52,11,14,13.75,17.5,3.75
12,53,12,14,15.0,17.5,2.5
12,54,14,8,17.5,10.0,-7.5
12,55,12,11,15.0,13.75,-1.25
12,56,15,10,18.75,12.5,-6.25
12,57,10,12,12.5,15.0,2.5
12,58,10,11,12.5,13.75,1.25
12,59,14,16,17.5,20.0,2.5
12,60,7,6,8.75,7.5,-1.25
12,61,16,15,20.0,18.75,-1.25
12,62,14,15,17.5,18.75,1.25
12,63,8,11,10.0,13.75,3.75
12,64,14,12,17.5,15.0,-2.5
12,65,13,10,16.25,12.5,-3.75
12,66,10,9,12.5,11.25,-1.25
12,67,7,11,8.75,13.75,5.0
12,68,14,10,17.5,12.5,-5.0
12,69,9,11,11.25,13.75,2.5
12,70,12,12,15.0,15.0,0.0
12,71,11,11,13.75,13.75,0.0
12,72,11,8,13.75,10.0,-3.75
12,73,16,11,20.0,13.75,-6.25
12,74,12,11,15.0,13.75,-1.25
12,75,6,8,7.5,10.0,2.5
12,76,10,18,12.5,22.5,10.0
12,77,14,10,17.5,12.5,-5.0
12,78,11,5,13.75,6.25,-7.5
12,79,9,8,11.25,10.0,-1.25
12,80,10,10,12.5,12.5,0.0
12,81,11,13,13.75,16.25,2.5
12,82,12,6,15.0,7.5,-7.5
12,83,9,7,11.25,8.75,-2.5
12,84,11,9,13.75,11.25,-2.5
12,85,13,13,16.25,16.25,0.0
12,86,13,10,16.25,12.5,-3.75
12,87,10,18,12.5,22.5,10.0
12,88,15,10,18.75,12.5,-6.25
12,89,9,11,11.25,13.75,2.5
12,90,15,11,18.75,13.75,-5.0
12,91,12,16,15.0,20.0,5.0
12,92,10,16,12.5,20.0,7.5
12,93,7,16,8.75,20.0,11.25
12,94,11,14,13.75,17.5,3.75
12,95,12,10,15.0,12.5,-2.5
12,96,11,10,13.75,12.5,-1.25
12,97,11,14,13.75,17.5,3.75
12,98,7,12,8.75,15.0,6.25
12,99,10,15,12.5,18.75,6.25
12,100,10,9,12.5,11.25,-1.25
12,101,7,11,8.75,13.75,5.0
12,102,12,13,15.0,16.25,1.25
12,103,11,11,13.75,13.75,0.0
12,104,11,9,13.75,11.25,-2.5
12,105,13,10,16.25,12.5,-3.75
12,106,9,9,11.25,11.25,0.0
12,107,12,12,15.0,15.0,0.0
12,108,8,15,10.0,18.75,8.75
12,109,5,15,6.25,18.75,12.5
12,110,7,9,8.75,11.25,2.5
12,111,12,16,15.0,20.0,5.0
12,112,16,15,20.0,18.75,-1.25
12,113,9,12,11.25,15.0,3.75
12,114,7,14,8.75,17.5,8.75
12,115,13,15,16.25,18.75,2.5
12,116,10,8,12.5,10.0,-2.5
12,117,8,18,10.0,22.5,12.5
12,118,9,8,11.25,10.0,-1.25
12,119,12,15,15.0,18.75,3.75
12,120,13,7,16.25,8.75,-7.5
12,121,12,8,15.0,10.0,-5.0
12,122,7,7,8.75,8.75,0.0
12,123,10,6,12.5,7.5,-5.0
12,124,8,10,10.0,12.5,2.5
12,125,10,5,12.5,6.25,-6.25
12,126,14,12,17.5,15.0,-2.5
12,127,13,8,16.25,10.0,-6.25
12,128,12,13,15.0,16.25,1.25
12,129,5,14,6.25,17.5,11.25
12,130,13,11,16.25,13.75,-2.5
12,131,11,11,13.75,13.75,0.0
12,132,10,15,12.5,18.75,6.25
12,133,5,5,6.25,6.25,0.0
12,134,9,12,11.25,15.0,3.75
13,0,0,0,0.0,0.0,0.0
13,1,0,0,0.0,0.0,0.0
13,2,0,0,0.0,0.0,0.0
13,3,0,0,0.0,0.0,0.0
13,4,0,0,0.0,0.0,0.0
13,5,0,0,0.0,0.0,0.0
13,6,0,0,0.0,0.0,0.0
13,7,0,0,0.0,0.0,0.0
13,8,0,0,0.0,0.0,0.0
13,9,0,0,0.0,0.0,0.0
13,10,0,0,0.0,0.0,0.0
13,11,0,0,0.0,0.0,0.0
13,12,0,0,0.0,0.0,0.0
13,13,0,0,0.0,0.0,0.0
13,14,0,0,0.0,0.0,0.0
13,15,0,0,0.0,0.0,0.0
13,16,0,0,0.0,0.0,0.0
13,17,0,0,0.0,0.0,0.0
13,18,0,0,0.0,0.0,0.0
13,19,0,0,0.0,0.0,0.0
13,20,0,0,0.0,0.0,0.0
13,21,0,0,0.0,0.0,0.0
13,22,0,0,0.0,0.0,0.0
13,23,0,0,0.0,0.0,0.0
13,24,0,0,0.0,0.0,0.0
13,25,0,0,0.0,0.0,0.0
13,26,0,0,0.0,0.0,0.0
13,27,0,0,0.0,0.0,0.0
13,28,0,0,0.0,0.0,0.0
13,29,0,0,0.0,0.0,0.0
13,30,0,0,0.0,0.0,0.0
13,31,0,0,0.0,0.0,0.0
13,32,0,0,0.0,0.0,0.0
13,33,0,0,0.0,0.0,0.0
13,34,0,0,0.0,0.0,0.0
13,35,0,0,0.0,0.0,0.0
13,36,0,0,0.0,0.0,0.0
13,37,0,0,0.0,0.0,0.0
13,38,0,0,0.0,0.0,0.0
13,39,0,0,0.0,0.0,0.0
13,40,0,0,0.0,0.0,0.0
13,41,0,0,0.0,0.0,0.0
13,42,0,0,0.0,0.0,0.0
13,43,0,0,0.0,0.0,0.0
13,44,0,0,0.0,0.0,0.0
13,45,0,0,0.0,0.0,0.0
13,46,0,0,0.0,0.0,0.0
13,47,0,0,0.0,0.0,0.0
13,48,0,0,0.0,0.0,0.0
13,49,0,0,0.0,0.0,0.0
13,50,0,0,0.0,0.0,0.0
13,51,0,0,0.0,0.0,0.0
13,52,0,0,0.0,0.0,0.0
13,53,0,0,0.0,0.0,0.0
13,54,0,0,0.0,0.0,0.0
13,55,1,0,1.25,0.0,-1.25
13,56,1,2,1.25,2.5,1.25
13,57,2,1,2.5,1.25,-1.25
13,58,1,2,1.25,2.5,1.25
13,59,2,1,2.5,1.25,-1.25
13,60,0,1,0.0,1.25,1.25
13,61,1,1,1.25,1.25,0.0
13,62,1,1,1.25,1.25,0.0
13,63,0,1,0.0,1.25,1.25
13,64,1,1,1.25,1.25,0.0
13,65,2,0,2.5,0.0,-2.5
13,66,1,1,1.25,1.25,0.0
13,67,1,2,1.25,2.5,1.25
13,68,1,2,1.25,2.5,1.25
13,69,1,1,1.25,1.25,0.0
13,70,0,2,0.0,2.5,2.5
13,71,3,1,3.75,1.25,-2.5
13,72,0,1,0.0,1.25,1.25
13,73,0,2,0.0,2.5,2.5
13,74,1,2,1.25,2.5,1.25
13,75,2,1,2.5,1.25,-1.25
13,76,1,2,1.25,2.5,1.25
13,77,2,1,2.5,1.25,-1.25
13,78,2,2,2.5,2.5,0.0
13,79,1,1,1.25,1.25,0.0
13,80,3,1,3.75,1.25,-2.5
13,81,0,1,0.0,1.25,1.25
13,82,0,3,0.0,3.75,3.75
13,83,4,2,5.0,2.5,-2.5
13,84,0,1,0.0,1.25,1.25
13,85,1,1,1.25,1.25,0.0
13,86,2,0,2.5,0.0,-2.5
13,87,2,3,2.5,3.75,1.25
13,88,1,0,1.25,0.0,-1.25
13,89,2,2,2.5,2.5,0.0
13,90,1,2,1.25,2.5,1.25
13,91,1,3,1.25,3.75,2.5
13,92,2,2,2.5,2.5,0.0
13,93,1,3,1.25,3.75,2.5
13,94,3,1,3.75,1.25,-2.5
13,95,0,1,0.0,1.25,1.25
13,96,0,1,0.0,1.25,1.25
13,97,2,2,2.5,2.5,0.0
13,98,1,4,1.25,5.0,3.75
13,99,0,3,0.0,3.75,3.75
13,100,0,2,0.0,2.5,2.5
13,101,1,0,1.25,0.0,-1.25
13,102,1,3,1.25,3.75,2.5
13,103,4,2,5.0,2.5,-2.5
13,104,1,2,1.25,2.5,1.25
13,105,0,2,0.0,2.5,2.5
13,106,2,2,2.5,2.5,0.0
13,107,1,4,1.25,5.0,3.75
13,108,3,1,3.75,1.25,-2.5
13,109,1,3,1.25,3.75,2.5
13,110,2,4,2.5,5.0,2.5
13,111,0,1,0.0,1.25,1.25
13,112,2,3,2.5,3.75,1.25
13,113,1,1,1.25,1.25,0.0
13,114,4,1,5.0,1.25,-3.75
13,115,1,3,1.25,3.75,2.5
13,116,3,1,3.75,1.25,-2.5
13,117,2,0,2.5,0.0,-2.5
13,118,3,3,3.75,3.75,0.0
13,119,1,2,1.25,2.5,1.25
13,120,0,4,0.0,5.0,5.0
13,121,4,2,5.0,2.5,-2.5
13,122,2,0,2.5,0.0,-2.5
13,123,1,1,1.25,1.25,0.0
13,124,1,0,1.25,0.0,-1.25
13,125,3,2,3.75,2.5,-1.25
13,126,1,1,1.25,1.25,0.0
13,127,5,3,6.25,3.75,-2.5
13,128,3,3,3.75,3.75,0.0
13,129,1,2,1.25,2.5,1.25
13,130,0,1,0.0,1.25,1.25
13,131,1,0,1.25,0.0,-1.25
13,132,0,0,0.0,0.0,0.0
13,133,1,1,1.25,1.25,0.0
13,134,1,4,1.25,5.0,3.75
14,0,0,0,0.0,0.0,0.0
14,1,0,0,0.0,0.0,0.0
14,2,0,0,0.0,0.0,0.0
14,3,0,0,0.0,0.0,0.0
14,4,0,0,0.0,0.0,0.0
14,5,0,0,0.0,0.0,0.0
14,6,0,0,0.0,0.0,0.0
14,7,0,0,0.0,0.0,0.0
14,8,0,0,0.0,0.0,0.0
14,9,0,0,0.0,0.0,0.0
14,10,0,0,0.0,0.0,0.0
14,11,0,0,0.0,0.0,0.0
14,12,0,0,0.0,0.0,0.0
14,13,0,0,0.0,0.0,0.0
14,14,0,0,0.0,0.0,0.0
14,15,1,0,1.25,0.0,-1.25
14,16,0,0,0.0,0.0,0.0
14,17,0,0,0.0,0.0,0.0
14,18,0,0,0.0,0.0,0.0
14,19,0,0,0.0,0.0,0.0
14,20,0,0,0.0,0.0,0.0
14,21,0,0,0.0,0.0,0.0
14,22,0,1,0.0,1.25,1.25
14,23,1,0,1.25,0.0,-1.25
14,24,0,0,0.0,0.0,0.0
14,25,0,0,0.0,0.0,0.0
14,26,1,0,1.25,0.0,-1.25
14,27,0,1,0.0,1.25,1.25
14,28,0,0,0.0,0.0,0.0
14,29,0,0,0.0,0.0,0.0
14,30,0,0,0.0,0.0,0.0
14,31,0,0,0.0,0.0,0.0
14,32,0,0,0.0,0.0,0.0
14,33,0,0,0.0,0.0,0.0
14,34,0,1,0.0,1.25,1.25
14,35,0,0,0.0,0.0,0.0
14,36,0,0,0.0,0.0,0.0
14,37,0,0,0.0,0.0,0.0
14,38,0,1,0.0,1.25,1.25
14,39,1,1,1.25,1.25,0.0
14,40,0,1,0.0,1.25,1.25
14,41,1,1,1.25,1.25,0.0
14,42,0,0,0.0,0.0,0.0
14,43,0,0,0.0,0.0,0.0
14,44,0,0,0.0,0.0,0.0
14,45,0,0,0.0,0.0,0.0
14,46,0,0,0.0,0.0,0.0
14,47,0,1,0.0,1.25,1.25
14,48,0,3,0.0,3.75,3.75
14,49,0,0,0.0,0.0,0.0
14,50,1,0,1.25,0.0,-1.25
14,51,0,0,0.0,0.0,0.0
14,52,0,1,0.0,1.25,1.25
14,53,0,2,0.0,2.5,2.5
14,54,1,0,1.25,0.0,-1.25
14,55,0,2,0.0,2.5,2.5
14,56,0,0,0.0,0.0,0.0
14,57,1,1,1.25,1.25,0.0
14,58,1,0,1.25,0.0,-1.25
14,59,2,1,2.5,1.25,-1.25
14,60,0,2,0.0,2.5,2.5
14,61,0,0,0.0,0.0,0.0
14,62,1,1,1.25,1.25,0.0
14,63,0,1,0.0,1.25,1.25
14,64,0,0,0.0,0.0,0.0
14,65,1,0,1.25,0.0,-1.25
14,66,0,1,0.0,1.25,1.25
14,67,3,2,3.75,2.5,-1.25
14,68,1,0,1.25,0.0,-1.25
14,69,2,1,2.5,1.25,-1.25
14,70,1,1,1.25,1.25,0.0
14,71,0,2,0.0,2.5,2.5
14,72,0,1,0.0,1.25,1.25
14,73,0,0,0.0,0.0,0.0
14,74,0,1,0.0,1.25,1.25
14,75,2,0,2.5,0.0,-2.5
14,76,0,1,0.0,1.25,1.25
14,77,3,1,3.75,1.25,-2.5
14,78,1,1,1.25,1.25,0.0
14,79,2,1,2.5,1.25,-1.25
14,80,0,0,0.0,0.0,0.0
14,81,1,0,1.25,0.0,-1.25
14,82,0,1,0.0,1.25,1.25
14,83,0,1,0.0,1.25,1.25
14,84,3,1,3.75,1.25,-2.5
14,85,0,0,0.0,0.0,0.0
14,86,0,1,0.0,1.25,1.25
14,87,1,0,1.25,0.0,-1.25
14,88,0,1,0.0,1.25,1.25
14,89,2,0,2.5,0.0,-2.5
14,90,0,0,0.0,0.0,0.0
14,91,0,2,0.0,2.5,2.5
14,92,0,0,0.0,0.0,0.0
14,93,1,2,1.25,2.5,1.25
14,94,0,0,0.0,0.0,0.0
14,95,0,2,0.0,2.5,2.5
14,96,1,0,1.25,0.0,-1.25
14,97,2,0,2.5,0.0,-2.5
14,98,2,1,2.5,1.25,-1.25
14,99,0,1,0.0,1.25,1.25
14,100,1,2,1.25,2.5,1.25
14,101,3,1,3.75,1.25,-2.5
14,102,2,1,2.5,1.25,-1.25
14,103,0,0,0.0,0.0,0.0
14,104,2,0,2.5,0.0,-2.5
14,105,1,2,1.25,2.5,1.25
14,106,0,0,0.0,0.0,0.0
14,107,1,2,1.25,2.5,1.25
14,108,1,0,1.25,0.0,-1.25
14,109,0,0,0.0,0.0,0.0
14,110,1,0,1.25,0.0,-1.25
14,111,2,1,2.5,1.25,-1.25
14,112,0,0,0.0,0.0,0.0
14,113,1,2,1.25,2.5,1.25
14,114,3,1,3.75,1.25,-2.5
14,115,0,0,0.0,0.0,0.0
14,116,0,1,0.0,1.25,1.25
14,117,1,1,1.25,1.25,0.0
14,118,1,0,1.25,0.0,-1.25
14,119,3,0,3.75,0.0,-3.75
14,120,2,0,2.5,0.0,-2.5
14,121,1,1,1.25,1.25,0.0
14,122,1,2,1.25,2.5,1.25
14,123,0,0,0.0,0.0,0.0
14,124,0,0,0.0,0.0,0.0
14,125,1,0,1.25,0.0,-1.25
14,126,1,1,1.25,1.25,0.0
14,127,0,1,0.0,1.25,1.25
14,128,0,0,0.0,0.0,0.0
14,129,2,0,2.5,0.0,-2.5
14,130,1,0,1.25,0.0,-1.25
14,131,0,0,0.0,0.0,0.0
14,132,0,0,0.0,0.0,0.0
14,133,1,0,1.25,0.0,-1.25
14,134,0,1,0.0,1.25,1.25
15,0,0,0,0.0,0.0,0.0
15,1,1,0,1.25,0.0,-1.25
15,2,0,0,0.0,0.0,0.0
15,3,0,0,0.0,0.0,0.0
15,4,0,0,0.0,0.0,0.0
15,5,1,1,1.25,1.25,0.0
15,6,3,1,3.75,1.25,-2.5
15,7,1,1,1.25,1.25,0.0
15,8,2,1,2.5,1.25,-1.25
15,9,0,1,0.0,1.25,1.25
15,10,1,1,1.25,1.25,0.0
15,11,1,1,1.25,1.25,0.0
15,12,0,1,0.0,1.25,1.25
15,13,0,1,0.0,1.25,1.25
15,14,0,1,0.0,1.25,1.25
15,15,1,0,1.25,0.0,-1.25
15,16,1,0,1.25,0.0,-1.25
15,17,0,0,0.0,0.0,0.0
15,18,3,0,3.75,0.0,-3.75
15,19,2,0,2.5,0.0,-2.5
15,20,0,2,0.0,2.5,2.5
15,21,1,1,1.25,1.25,0.0
15,22,0,0,0.0,0.0,0.0
15,23,3,1,3.75,1.25,-2.5
15,24,1,0,1.25,0.0,-1.25
15,25,0,1,0.0,1.25,1.25
15,26,0,1,0.0,1.25,1.25
15,27,0,0,0.0,0.0,0.0
15,28,0,1,0.0,1.25,1.25
15,29,0,0,0.0,0.0,0.0
15,30,1,2,1.25,2.5,1.25
15,31,1,0,1.25,0.0,-1.25
15,32,1,0,1.25,0.0,-1.25
15,33,0,1,0.0,1.25,1.25
15,34,0,1,0.0,1.25,1.25
15,35,2,0,2.5,0.0,-2.5
15,36,0,1,0.0,1.25,1.25
15,37,2,0,2.5,0.0,-2.5
15,38,1,1,1.25,1.25,0.0
15,39,0,0,0.0,0.0,0.0
15,40,2,0,2.5,0.0,-2.5
15,41,1,0,1.25,0.0,-1.25
15,42,3,2,3.75,2.5,-1.25
15,43,0,1,0.0,1.25,1.25
15,44,3,0,3.75,0.0,-3.75
15,45,0,0,0.0,0.0,0.0
15,46,0,1,0.0,1.25,1.25
15,47,2,1,2.5,1.25,-1.25
15,48,1,1,1.25,1.25,0.0
15,49,1,1,1.25,1.25,0.0
15,50,0,1,0.0,1.25,1.25
15,51,0,0,0.0,0.0,0.0
15,52,2,1,2.5,1.25,-1.25
15,53,1,1,1.25,1.25,0.0
15,54,2,3,2.5,3.75,1.25
15,55,1,0,1.25,0.0,-1.25
15,56,1,1,1.25,1.25,0.0
15,57,2,1,2.5,1.25,-1.25
15,58,1,1,1.25,1.25,0.0
15,59,1,3,1.25,3.75,2.5
15,60,2,2,2.5,2.5,0.0
15,61,1,1,1.25,1.25,0.0
15,62,1,0,1.25,0.0,-1.25
15,63,0,1,0.0,1.25,1.25
15,64,1,0,1.25,0.0,-1.25
15,65,3,2,3.75,2.5,-1.25
15,66,0,1,0.0,1.25,1.25
15,67,1,1,1.25,1.25,0.0
15,68,1,1,1.25,1.25,0.0
15,69,1,1,1.25,1.25,0.0
15,70,0,0,0.0,0.0,0.0
15,71,1,0,1.25,0.0,-1.25
15,72,2,1,2.5,1.25,-1.25
15,73,0,1,0.0,1.25,1.25
15,74,3,2,3.75,2.5,-1.25
15,75,1,2,1.25,2.5,1.25
15,76,1,2,1.25,2.5,1.25
15,77,1,1,1.25,1.25,0.0
15,78,4,0,5.0,0.0,-5.0
15,79,3,1,3.75,1.25,-2.5
15,80,1,2,1.25,2.5,1.25
15,81,0,2,0.0,2.5,2.5
15,82,0,0,0.0,0.0,0.0
15,83,1,0,1.25,0.0,-1.25
15,84,0,0,0.0,0.0,0.0
15,85,2,0,2.5,0.0,-2.5
15,86,0,1,0.0,1.25,1.25
15,87,1,0,1.25,0.0,-1.25
15,88,1,0,1.25,0.0,-1.25
15,89,0,0,0.0,0.0,0.0
15,90,1,0,1.25,0.0,-1.25
15,91,0,1,0.0,1.25,1.25
15,92,1,1,1.25,1.25,0.0
15,93,1,2,1.25,2.5,1.25
15,94,0,0,0.0,0.0,0.0
15,95,0,1,0.0,1.25,1.25
15,96,0,0,0.0,0.0,0.0
15,97,2,2,2.5,2.5,0.0
15,98,0,2,0.0,2.5,2.5
15,99,2,1,2.5,1.25,-1.25
15,100,3,0,3.75,0.0,-3.75
15,101,1,0,1.25,0.0,-1.25
15,102,2,1,2.5,1.25,-1.25
15,103,0,2,0.0,2.5,2.5
15,104,0,3,0.0,3.75,3.75
15,105,3,0,3.75,0.0,-3.75
15,106,0,0,0.0,0.0,0.0
15,107,1,0,1.25,0.0,-1.25
15,108,3,0,3.75,0.0,-3.75
15,109,0,1,0.0,1.25,1.25
15,110,0,1,0.0,1.25,1.25
15,111,2,0,2.5,0.0,-2.5
15,112,1,0,1.25,0.0,-1.25
15,113,0,0,0.0,0.0,0.0
15,114,0,0,0.0,0.0,0.0
15,115,0,0,0.0,0.0,0.0
15,116,0,2,0.0,2.5,2.5
15,117,2,0,2.5,0.0,-2.5
15,118,0,3,0.0,3.75,3.75
15,119,0,1,0.0,1.25,1.25
15,120,0,1,0.0,1.25,1.25
15,121,0,2,0.0,2.5,2.5
15,122,1,1,1.25,1.25,0.0
15,123,0,3,0.0,3.75,3.75
15,124,1,0,1.25,0.0,-1.25
15,125,0,1,0.0,1.25,1.25
15,126,3,1,3.75,1.25,-2.5
15,127,3,1,3.75,1.25,-2.5
15,128,3,0,3.75,0.0,-3.75
15,129,1,2,1.25,2.5,1.25
15,130,1,1,1.25,1.25,0.0
15,131,0,1,0.0,1.25,1.25
15,132,3,0,3.75,0.0,-3.75
15,133,1,2,1.25,2.5,1.25
15,134,1,0,1.25,0.0,-1.25
16,0,4,2,5.0,2.5,-2.5
16,1,2,0,2.5,0.0,-2.5
16,2,4,4,5.0,5.0,0.0
16,3,9,1,11.25,1.25,-10.0
16,4,6,3,7.5,3.75,-3.75
16,5,8,2,10.0,2.5,-7.5
16,6,2,4,2.5,5.0,2.5
16,7,1,4,1.25,5.0,3.75
16,8,3,1,3.75,1.25,-2.5
16,9,5,2,6.25,2.5,-3.75
16,10,5,4,6.25,5.0,-1.25
16,11,6,2,7.5,2.5,-5.0
16,12,1,1,1.25,1.25,0.0
16,13,2,2,2.5,2.5,0.0
16,14,3,3,3.75,3.75,0.0
16,15,3,3,3.75,3.75,0.0
16,16,3,2,3.75,2.5,-1.25
16,17,1,1,1.25,1.25,0.0
16,18,2,2,2.5,2.5,0.0
16,19,2,5,2.5,6.25,3.75
16,20,3,2,3.75,2.5,-1.25
16,21,4,3,5.0,3.75,-1.25
16,22,2,6,2.5,7.5,5.0
16,23,5,5,6.25,6.25,0.0
16,24,2,3,2.5,3.75,1.25
16,25,6,2,7.5,2.5,-5.0
16,26,2,4,2.5,5.0,2.5
16,27,4,3,5.0,3.75,-1.25
16,28,2,7,2.5,8.75,6.25
16,29,3,2,3.75,2.5,-1.25
16,30,3,0,3.75,0.0,-3.75
16,31,5,0,6.25,0.0,-6.25
16,32,2,4,2.5,5.0,2.5
16,33,3,4,3.75,5.0,1.25
16,34,4,7,5.0,8.75,3.75
16,35,1,3,1.25,3.75,2.5
16,36,3,1,3.75,1.25,-2.5
16,37,2,3,2.5,3.75,1.25
16,38,4,3,5.0,3.75,-1.25
16,39,4,4,5.0,5.0,0.0
16,40,5,2,6.25,2.5,-3.75
16,41,2,3,2.5,3.75,1.25
16,42,5,1,6.25,1.25,-5.0
16,43,3,1,3.75,1.25,-2.5
16,44,1,4,1.25,5.0,3.75
16,45,3,4,3.75,5.0,1.25
16,46,2,3,2.5,3.75,1.25
16,47,4,4,5.0,5.0,0.0
16,48,8,5,10.0,6.25,-3.75
16,49,5,1,6.25,1.25,-5.0
16,50,5,3,6.25,3.75,-2.5
16,51,5,2,6.25,2.5,-3.75
16,52,1,4,1.25,5.0,3.75
16,53,4,1,5.0,1.25,-3.75
16,54,6,1,7.5,1.25,-6.25
16,55,4,3,5.0,3.75,-1.25
16,56,4,1,5.0,1.25,-3.75
16,57,1,3,1.25,3.75,2.5
16,58,2,3,2.5,3.75,1.25
16,59,2,4,2.5,5.0,2.5
16,60,1,2,1.25,2.5,1.25
16,61,4,2,5.0,2.5,-2.5
16,62,4,1,5.0,1.25,-3.75
16,63,3,3,3.75,3.75,0.0
16,64,3,4,3.75,5.0,1.25
16,65,1,3,1.25,3.75,2.5
16,66,1,5,1.25,6.25,5.0
16,67,1,4,1.25,5.0,3.75
16,68,1,5,1.25,6.25,5.0
16,69,0,3,0.0,3.75,3.75
16,70,6,7,7.5,8.75,1.25
16,71,2,4,2.5,5.0,2.5
16,72,6,3,7.5,3.75,-3.75
16,73,4,3,5.0,3.75,-1.25
16,74,2,4,2.5,5.0,2.5
16,75,4,2,5.0,2.5,-2.5
16,76,3,4,3.75,5.0,1.25
16,77,5,1,6.25,1.25,-5.0
16,78,3,2,3.75,2.5,-1.25
16,79,2,4,2.5,5.0,2.5
16,80,4,4,5.0,5.0,0.0
16,81,2,5,2.5,6.25,3.75
16,82,2,6,2.5,7.5,5.0
16,83,4,3,5.0,3.75,-1.25
16,84,4,6,5.0,7.5,2.5
16,85,6,1,7.5,1.25,-6.25
16,86,4,3,5.0,3.75,-1.25
16,87,1,1,1.25,1.25,0.0
16,88,6,1,7.5,1.25,-6.25
16,89,3,2,3.75,2.5,-1.25
16,90,4,3,5.0,3.75,-1.25
16,91,4,2,5.0,2.5,-2.5
16,92,1,1,1.25,1.25,0.0
16,93,4,2,5.0,2.5,-2.5
16,94,2,1,2.5,1.25,-1.25
16,95,5,4,6.25,5.0,-1.25
16,96,5,4,6.25,5.0,-1.25
16,97,2,2,2.5,2.5,0.0
16,98,3,2,3.75,2.5,-1.25
16,99,3,2,3.75,2.5,-1.25
16,100,0,5,0.0,6.25,6.25
16,101,4,0,5.0,0.0,-5.0
16,102,2,3,2.5,3.75,1.25
16,103,3,3,3.75,3.75,0.0
16,104,2,5,2.5,6.25,3.75
16,105,2,4,2.5,5.0,2.5
16,106,0,3,0.0,3.75,3.75
16,107,4,2,5.0,2.5,-2.5
16,108,1,2,1.25,2.5,1.25
16,109,1,3,1.25,3.75,2.5
16,110,2,1,2.5,1.25,-1.25
16,111,2,3,2.5,3.75,1.25
16,112,8,0,10.0,0.0,-10.0
16,113,4,3,5.0,3.75,-1.25
16,114,4,4,5.0,5.0,0.0
16,115,4,3,5.0,3.75,-1.25
16,116,5,4,6.25,5.0,-1.25
16,117,3,2,3.75,2.5,-1.25
16,118,1,1,1.25,1.25,0.0
16,119,4,1,5.0,1.25,-3.75
16,120,5,2,6.25,2.5,-3.75
16,121,2,5,2.5,6.25,3.75
16,122,2,1,2.5,1.25,-1.25
16,123,1,3,1.25,3.75,2.5
16,124,2,3,2.5,3.75,1.25
16,125,1,3,1.25,3.75,2.5
16,126,4,6,5.0,7.5,2.5
16,127,0,1,0.0,1.25,1.25
16,128,2,3,2.5,3.75,1.25
16,129,0,3,0.0,3.75,3.75
16,130,4,0,5.0,0.0,-5.0
16,131,2,3,2.5,3.75,1.25
16,132,3,2,3.75,2.5,-1.25
16,133,5,7,6.25,8.75,2.5
16,134,4,4,5.0,5.0,0.0
17,0,9,15,11.25,18.75,7.5
17,1,20,13,25.0,16.25,-8.75
17,2,14,7,17.5,8.75,-8.75
17,3,15,12,18.75,15.0,-3.75
17,4,11,13,13.75,16.25,2.5
17,5,13,20,16.25,25.0,8.75
17,6,11,15,13.75,18.75,5.0
17,7,19,19,23.75,23.75,0.0
17,8,6,13,7.5,16.25,8.75
17,9,13,9,16.25,11.25,-5.0
17,10,13,7,16.25,8.75,-7.5
17,11,22,11,27.5,13.75,-13.75
17,12,12,19,15.0,23.75,8.75
17,13,13,12,16.25,15.0,-1.25
17,14,17,17,21.25,21.25,0.0
17,15,15,12,18.75,15.0,-3.75
17,16,19,13,23.75,16.25,-7.5
17,17,13,10,16.25,12.5,-3.75
17,18,16,16,20.0,20.0,0.0
17,19,14,8,17.5,10.0,-7.5
17,20,11,21,13.75,26.25,12.5
17,21,13,17,16.25,21.25,5.0
17,22,16,13,20.0,16.25,-3.75
17,23,19,17,23.75,21.25,-2.5
17,24,17,11,21.25,13.75,-7.5
17,25,9,10,11.25,12.5,1.25
17,26,15,12,18.75,15.0,-3.75
17,27,6,10,7.5,12.5,5.0
17,28,15,16,18.75,20.0,1.25
17,29,10,8,12.5,10.0,-2.5
17,30,20,11,25.0,13.75,-11.25
17,31,20,20,25.0,25.0,0.0
17,32,15,4,18.75,5.0,-13.75
17,33,16,12,20.0,15.0,-5.0
17,34,12,13,15.0,16.25,1.25
17,35,12,14,15.0,17.5,2.5
17,36,13,14,16.25,17.5,1.25
17,37,12,15,15.0,18.75,3.75
17,38,11,15,13.75,18.75,5.0
17,39,12,15,15.0,18.75,3.75
17,40,10,17,12.5,21.25,8.75
17,41,14,11,17.5,13.75,-3.75
17,42,9,14,11.25,17.5,6.25
17,43,14,13,17.5,16.25,-1.25
17,44,16,9,20.0,11.25,-8.75
17,45,12,10,15.0,12.5,-2.5
17,46,18,13,22.5,16.25,-6.25
17,47,14,8,17.5,10.0,-7.5
17,48,15,7,18.75,8.75,-10.0
17,49,11,8,13.75,10.0,-3.75
17,50,14,14,17.5,17.5,0.0
17,51,13,12,16.25,15.0,-1.25
17,52,14,13,17.5,16.25,-1.25
17,53,10,16,12.5,20.0,7.5
17,54,13,13,16.25,16.25,0.0
17,55,13,7,16.25,8.75,-7.5
17,56,14,15,17.5,18.75,1.25
17,57,14,12,17.5,15.0,-2.5
17,58,10,11,12.5,13.75,1.25
17,59,13,10,16.25,12.5,-3.75
17,60,19,11,23.75,13.75,-10.0
17,61,16,11,20.0,13.75,-6.25
17,62,21,15,26.25,18.75,-7.5
17,63,13,15,16.25,18.75,2.5
17,64,15,10,18.75,12.5,-6.25
17,65,17,11,21.25,13.75,-7.5
17,66,15,8,18.75,10.0,-8.75
17,67,10,11,12.5,13.75,1.25
17,68,15,20,18.75,25.0,6.25
17,69,13,13,16.25,16.25,0.0
17,70,10,13,12.5,16.25,3.75
17,71,11,18,13.75,22.5,8.75
17,72,10,7,12.5,8.75,-3.75
17,73,15,10,18.75,12.5,-6.25
17,74,14,13,17.5,16.25,-1.25
17,75,11,17,13.75,21.25,7.5
17,76,10,6,12.5,7.5,-5.0
17,77,11,14,13.75,17.5,3.75
17,78,8,15,10.0,18.75,8.75
17,79,9,16,11.25,20.0,8.75
17,80,14,19,17.5,23.75,6.25
17,81,16,6,20.0,7.5,-12.5
17,82,13,11,16.25,13.75,-2.5
17,83,17,9,21.25,11.25,-10.0
17,84,11,9,13.75,11.25,-2.5
17,85,5,12,6.25,15.0,8.75
17,86,12,15,15.0,18.75,3.75
17,87,19,15,23.75,18.75,-5.0
17,88,16,12,20.0,15.0,-5.0
17,89,15,13,18.75,16.25,-2.5
17,90,11,10,13.75,12.5,-1.25
17,91,14,13,17.5,16.25,-1.25
17,92,13,13,16.25,16.25,0.0
17,93,16,14,20.0,17.5,-2.5
17,94,14,14,17.5,17.5,0.0
17,95,15,6,18.75,7.5,-11.25
17,96,11,17,13.75,21.25,7.5
17,97,12,13,15.0,16.25,1.25
17,98,17,9,21.25,11.25,-10.0
17,99,9,12,11.25,15.0,3.75
17,100,11,12,13.75,15.0,1.25
17,101,9,8,11.25,10.0,-1.25
17,102,18,18,22.5,22.5,0.0
17,103,15,16,18.75,20.0,1.25
17,104,15,16,18.75,20.0,1.25
17,105,13,14,16.25,17.5,1.25
17,106,16,9,20.0,11.25,-8.75
17,107,9,15,11.25,18.75,7.5
17,108,11,14,13.75,17.5,3.75
17,109,18,21,22.5,26.25,3.75
17,110,10,8,12.5,10.0,-2.5
17,111,5,11,6.25,13.75,7.5
17,112,14,10,17.5,12.5,-5.0
17,113,13,15,16.25,18.75,2.5
17,114,10,15,12.5,18.75,6.25
17,115,13,9,16.25,11.25,-5.0
17,116,6,12,7.5,15.0,7.5
17,117,17,15,21.25,18.75,-2.5
17,118,10,7,12.5,8.75,-3.75
17,119,12,9,15.0,11.25,-3.75
17,120,12,14,15.0,17.5,2.5
17,121,10,8,12.5,10.0,-2.5
17,122,12,14,15.0,17.5,2.5
17,123,9,16,11.25,20.0,8.75
17,124,15,11,18.75,13.75,-5.0
17,125,11,12,13.75,15.0,1.25
17,126,13,9,16.25,11.25,-5.0
17,127,11,13,13.75,16.25,2.5
17,128,17,9,21.25,11.25,-10.0
17,129,15,9,18.75,11.25,-7.5
17,130,15,14,18.75,17.5,-1.25
17,131,17,12,21.25,15.0,-6.25
17,132,11,11,13.75,13.75,0.0
17,133,9,8,11.25,10.0,-1.25
17,134,12,7,15.0,8.75,-6.25
18,0,1,2,1.25,2.5,1.25
18,1,3,1,3.75,1.25,-2.5
18,2,1,6,1.25,7.5,6.25
18,3,4,3,5.0,3.75,-1.25
18,4,4,1,5.0,1.25,-3.75
18,5,3,0,3.75,0.0,-3.75
18,6,5,2,6.25,2.5,-3.75
18,7,4,4,5.0,5.0,0.0
18,8,5,3,6.25,3.75,-2.5
18,9,3,1,3.75,1.25,-2.5
18,10,2,4,2.5,5.0,2.5
18,11,1,6,1.25,7.5,6.25
18,12,3,5,3.75,6.25,2.5
18,13,6,4,7.5,5.0,-2.5
18,14,2,3,2.5,3.75,1.25
18,15,2,5,2.5,6.25,3.75
18,16,4,3,5.0,3.75,-1.25
18,17,5,3,6.25,3.75,-2.5
18,18,3,9,3.75,11.25,7.5
18,19,1,0,1.25,0.0,-1.25
18,20,1,4,1.25,5.0,3.75
18,21,3,4,3.75,5.0,1.25
18,22,3,5,3.75,6.25,2.5
18,23,4,2,5.0,2.5,-2.5
18,24,3,6,3.75,7.5,3.75
18,25,2,1,2.5,1.25,-1.25
18,26,4,4,5.0,5.0,0.0
18,27,3,3,3.75,3.75,0.0
18,28,3,2,3.75,2.5,-1.25
18,29,4,2,5.0,2.5,-2.5
18,30,1,1,1.25,1.25,0.0
18,31,1,2,1.25,2.5,1.25
18,32,2,2,2.5,2.5,0.0
18,33,3,2,3.75,2.5,-1.25
18,34,3,4,3.75,5.0,1.25
18,35,3,9,3.75,11.25,7.5
18,36,4,4,5.0,5.0,0.0
18,37,1,3,1.25,3.75,2.5
18,38,3,1,3.75,1.25,-2.5
18,39,1,5,1.25,6.25,5.0
18,40,3,3,3.75,3.75,0.0
18,41,4,2,5.0,2.5,-2.5
18,42,3,3,3.75,3.75,0.0
18,43,3,6,3.75,7.5,3.75
18,44,2,2,2.5,2.5,0.0
18,45,4,2,5.0,2.5,-2.5
18,46,3,3,3.75,3.75,0.0
18,47,3,4,3.75,5.0,1.25
18,48,4,8,5.0,10.0,5.0
18,49,5,3,6.25,3.75,-2.5
18,50,3,4,3.75,5.0,1.25
18,51,3,4,3.75,5.0,1.25
18,52,2,2,2.5,2.5,0.0
18,53,4,3,5.0,3.75,-1.25
18,54,4,2,5.0,2.5,-2.5
18,55,5,3,6.25,3.75,-2.5
18,56,3,2,3.75,2.5,-1.25
18,57,4,4,5.0,5.0,0.0
18,58,7,4,8.75,5.0,-3.75
18,59,4,4,5.0,5.0,0.0
18,60,2,3,2.5,3.75,1.25
18,61,1,7,1.25,8.75,7.5
18,62,5,5,6.25,6.25,0.0
18,63,3,4,3.75,5.0,1.25
18,64,6,5,7.5,6.25,-1.25
18,65,5,6,6.25,7.5,1.25
18,66,4,5,5.0,6.25,1.25
18,67,2,3,2.5,3.75,1.25
18,68,0,4,0.0,5.0,5.0
18,69,1,4,1.25,5.0,3.75
18,70,4,5,5.0,6.25,1.25
18,71,4,4,5.0,5.0,0.0
18,72,3,5,3.75,6.25,2.5
18,73,2,5,2.5,6.25,3.75
18,74,3,2,3.75,2.5,-1.25
18,75,4,4,5.0,5.0,0.0
18,76,2,4,2.5,5.0,2.5
18,77,8,4,10.0,5.0,-5.0
18,78,4,7,5.0,8.75,3.75
18,79,2,5,2.5,6.25,3.75
18,80,3,2,3.75,2.5,-1.25
18,81,5,3,6.25,3.75,-2.5
18,82,2,1,2.5,1.25,-1.25
18,83,4,5,5.0,6.25,1.25
18,84,3,3,3.75,3.75,0.0
18,85,5,3,6.25,3.75,-2.5
18,86,3,2,3.75,2.5,-1.25
18,87,4,6,5.0,7.5,2.5
18,88,3,1,3.75,1.25,-2.5
18,89,5,5,6.25,6.25,0.0
18,90,1,4,1.25,5.0,3.75
18,91,3,1,3.75,1.25,-2.5
18,92,5,5,6.25,6.25,0.0
18,93,7,3,8.75,3.75,-5.0
18,94,3,5,3.75,6.25,2.5
18,95,5,5,6.25,6.25,0.0
18,96,3,4,3.75,5.0,1.25
18,97,4,3,5.0,3.75,-1.25
18,98,3,5,3.75,6.25,2.5
18,99,7,1,8.75,1.25,-7.5
18,100,2,4,2.5,5.0,2.5
18,101,4,5,5.0,6.25,1.25
18,102,4,7,5.0,8.75,3.75
18,103,2,5,2.5,6.25,3.75
18,104,1,5,1.25,6.25,5.0
18,105,4,5,5.0,6.25,1.25
18,106,7,4,8.75,5.0,-3.75
18,107,8,5,10.0,6.25,-3.75
18,108,3,4,3.75,5.0,1.25
18,109,1,6,1.25,7.5,6.25
18,110,3,4,3.75,5.0,1.25
18,111,4,5,5.0,6.25,1.25
18,112,4,3,5.0,3.75,-1.25
18,113,5,3,6.25,3.75,-2.5
18,114,4,5,5.0,6.25,1.25
18,115,3,5,3.75,6.25,2.5
18,116,7,2,8.75,2.5,-6.25
18,117,1,4,1.25,5.0,3.75
18,118,5,5,6.25,6.25,0.0
18,119,2,4,2.5,5.0,2.5
18,120,6,7,7.5,8.75,1.25
18,121,3,2,3.75,2.5,-1.25
18,122,5,3,6.25,3.75,-2.5
18,123,3,5,3.75,6.25,2.5
18,124,4,2,5.0,2.5,-2.5
18,125,4,5,5.0,6.25,1.25
18,126,4,5,5.0,6.25,1.25
18,127,4,2,5.0,2.5,-2.5
18,128,6,5,7.5,6.25,-1.25
18,129,3,4,3.75,5.0,1.25
18,130,2,6,2.5,7.5,5.0
18,131,4,3,5.0,3.75,-1.25
18,132,5,4,6.25,5.0,-1.25
18,133,3,3,3.75,3.75,0.0
18,134,2,1,2.5,1.25,-1.25
19,0,0,0,0.0,0.0,0.0
19,1,0,0,0.0,0.0,0.0
19,2,0,1,0.0,1.25,1.25
19,3,1,1,1.25,1.25,0.0
19,4,0,0,0.0,0.0,0.0
19,5,0,0,0.0,0.0,0.0
19,6,0,0,0.0,0.0,0.0
19,7,0,1,0.0,1.25,1.25
19,8,1,0,1.25,0.0,-1.25
19,9,0,0,0.0,0.0,0.0
19,10,0,1,0.0,1.25,1.25
19,11,1,2,1.25,2.5,1.25
19,12,1,0,1.25,0.0,-1.25
19,13,1,2,1.25,2.5,1.25
19,14,1,0,1.25,0.0,-1.25
19,15,0,0,0.0,0.0,0.0
19,16,0,0,0.0,0.0,0.0
19,17,1,0,1.25,0.0,-1.25
19,18,0,0,0.0,0.0,0.0
19,19,2,0,2.5,0.0,-2.5
19,20,0,0,0.0,0.0,0.0
19,21,0,0,0.0,0.0,0.0
19,22,0,6,0.0,7.5,7.5
19,23,1,0,1.25,0.0,-1.25
19,24,2,0,2.5,0.0,-2.5
19,25,0,0,0.0,0.0,0.0
19,26,0,1,0.0,1.25,1.25
19,27,0,0,0.0,0.0,0.0
19,28,1,3,1.25,3.75,2.5
19,29,2,1,2.5,1.25,-1.25
19,30,0,1,0.0,1.25,1.25
19,31,0,0,0.0,0.0,0.0
19,32,0,0,0.0,0.0,0.0
19,33,0,1,0.0,1.25,1.25
19,34,0,0,0.0,0.0,0.0
19,35,0,0,0.0,0.0,0.0
19,36,1,0,1.25,0.0,-1.25
19,37,0,0,0.0,0.0,0.0
19,38,1,0,1.25,0.0,-1.25
19,39,0,3,0.0,3.75,3.75
19,40,0,1,0.0,1.25,1.25
19,41,0,2,0.0,2.5,2.5
19,42,1,3,1.25,3.75,2.5
19,43,0,0,0.0,0.0,0.0
19,44,1,0,1.25,0.0,-1.25
19,45,1,0,1.25,0.0,-1.25
19,46,0,0,0.0,0.0,0.0
19,47,0,2,0.0,2.5,2.5
19,48,0,1,0.0,1.25,1.25
19,49,0,1,0.0,1.25,1.25
19,50,0,2,0.0,2.5,2.5
19,51,0,0,0.0,0.0,0.0
19,52,0,3,0.0,3.75,3.75
19,53,1,0,1.25,0.0,-1.25
19,54,0,0,0.0,0.0,0.0
19,55,3,0,3.75,0.0,-3.75
19,56,0,2,0.0,2.5,2.5
19,57,0,0,0.0,0.0,0.0
19,58,0,3,0.0,3.75,3.75
19,59,1,0,1.25,0.0,-1.25
19,60,0,0,0.0,0.0,0.0
19,61,2,0,2.5,0.0,-2.5
19,62,2,1,2.5,1.25,-1.25
19,63,1,0,1.25,0.0,-1.25
19,64,0,0,0.0,0.0,0.0
19,65,0,0,0.0,0.0,0.0
19,66,0,0,0.0,0.0,0.0
19,67,0,0,0.0,0.0,0.0
19,68,0,0,0.0,0.0,0.0
19,69,1,0,1.25,0.0,-1.25
19,70,0,0,0.0,0.0,0.0
19,71,1,5,1.25,6.25,5.0
19,72,0,0,0.0,0.0,0.0
19,73,0,1,0.0,1.25,1.25
19,74,1,1,1.25,1.25,0.0
19,75,0,0,0.0,0.0,0.0
19,76,2,0,2.5,0.0,-2.5
19,77,1,1,1.25,1.25,0.0
19,78,0,0,0.0,0.0,0.0
19,79,1,0,1.25,0.0,-1.25
19,80,1,1,1.25,1.25,0.0
19,81,0,0,0.0,0.0,0.0
19,82,0,3,0.0,3.75,3.75
19,83,1,0,1.25,0.0,-1.25
19,84,0,0,0.0,0.0,0.0
19,85,0,2,0.0,2.5,2.5
19,86,0,1,0.0,1.25,1.25
19,87,0,0,0.0,0.0,0.0
19,88,0,1,0.0,1.25,1.25
19,89,0,2,0.0,2.5,2.5
19,90,1,0,1.25,0.0,-1.25
19,91,0,2,0.0,2.5,2.5
19,92,1,0,1.25,0.0,-1.25
19,93,0,4,0.0,5.0,5.0
19,94,0,4,0.0,5.0,5.0
19,95,0,0,0.0,0.0,0.0
19,96,2,0,2.5,0.0,-2.5
19,97,0,0,0.0,0.0,0.0
19,98,1,0,1.25,0.0,-1.25
19,99,0,0,0.0,0.0,0.0
19,100,0,0,0.0,0.0,0.0
19,101,0,2,0.0,2.5,2.5
19,102,1,0,1.25,0.0,-1.25
19,103,0,2,0.0,2.5,2.5
19,104,6,0,7.5,0.0,-7.5
19,105,0,1,0.0,1.25,1.25
19,106,0,0,0.0,0.0,0.0
19,107,1,0,1.25,0.0,-1.25
19,108,0,1,0.0,1.25,1.25
19,109,1,7,1.25,8.75,7.5
19,110,1,0,1.25,0.0,-1.25
19,111,0,1,0.0,1.25,1.25
19,112,1,1,1.25,1.25,0.0
19,113,2,0,2.5,0.0,-2.5
19,114,1,0,1.25,0.0,-1.25
19,115,2,0,2.5,0.0,-2.5
19,116,0,2,0.0,2.5,2.5
19,117,0,0,0.0,0.0,0.0
19,118,0,2,0.0,2.5,2.5
19,119,0,0,0.0,0.0,0.0
19,120,1,0,1.25,0.0,-1.25
19,121,1,1,1.25,1.25,0.0
19,122,1,0,1.25,0.0,-1.25
19,123,1,1,1.25,1.25,0.0
19,124,1,0,1.25,0.0,-1.25
19,125,0,0,0.0,0.0,0.0
19,126,2,0,2.5,0.0,-2.5
19,127,1,0,1.25,0.0,-1.25
19,128,1,1,1.25,1.25,0.0
19,129,0,1,0.0,1.25,1.25
19,130,0,0,0.0,0.0,0.0
19,131,0,1,0.0,1.25,1.25
19,132,2,0,2.5,0.0,-2.5
19,133,0,1,0.0,1.25,1.25
19,134,1,1,1.25,1.25,0.0
20,0,1,1,1.25,1.25,0.0
20,1,2,2,2.5,2.5,0.0
20,2,1,2,1.25,2.5,1.25
20,3,1,0,1.25,0.0,-1.25
20,4,1,0,1.25,0.0,-1.25
20,5,0,0,0.0,0.0,0.0
20,6,0,0,0.0,0.0,0.0
20,7,0,0,0.0,0.0,0.0
20,8,1,0,1.25,0.0,-1.25
20,9,0,0,0.0,0.0,0.0
20,10,0,0,0.0,0.0,0.0
20,11,0,0,0.0,0.0,0.0
20,12,0,0,0.0,0.0,0.0
20,13,0,0,0.0,0.0,0.0
20,14,0,0,0.0,0.0,0.0
20,15,0,0,0.0,0.0,0.0
20,16,0,3,0.0,3.75,3.75
20,17,0,0,0.0,0.0,0.0
20,18,0,0,0.0,0.0,0.0
20,19,0,0,0.0,0.0,0.0
20,20,0,2,0.0,2.5,2.5
20,21,1,0,1.25,0.0,-1.25
20,22,1,8,1.25,10.0,8.75
20,23,0,0,0.0,0.0,0.0
20,24,1,1,1.25,1.25,0.0
20,25,0,0,0.0,0.0,0.0
20,26,0,0,0.0,0.0,0.0
20,27,0,0,0.0,0.0,0.0
20,28,0,2,0.0,2.5,2.5
20,29,0,2,0.0,2.5,2.5
20,30,0,2,0.0,2.5,2.5
20,31,0,1,0.0,1.25,1.25
20,32,1,0,1.25,0.0,-1.25
20,33,0,2,0.0,2.5,2.5
20,34,0,0,0.0,0.0,0.0
20,35,0,1,0.0,1.25,1.25
20,36,2,1,2.5,1.25,-1.25
20,37,2,0,2.5,0.0,-2.5
20,38,0,0,0.0,0.0,0.0
20,39,0,3,0.0,3.75,3.75
20,40,0,0,0.0,0.0,0.0
20,41,1,0,1.25,0.0,-1.25
20,42,1,1,1.25,1.25,0.0
20,43,0,0,0.0,0.0,0.0
20,44,2,1,2.5,1.25,-1.25
20,45,0,2,0.0,2.5,2.5
20,46,1,0,1.25,0.0,-1.25
20,47,0,0,0.0,0.0,0.0
20,48,0,0,0.0,0.0,0.0
20,49,0,0,0.0,0.0,0.0
20,50,0,0,0.0,0.0,0.0
20,51,0,1,0.0,1.25,1.25
20,52,0,0,0.0,0.0,0.0
20,53,0,0,0.0,0.0,0.0
20,54,0,0,0.0,0.0,0.0
20,55,0,0,0.0,0.0,0.0
20,56,2,2,2.5,2.5,0.0
20,57,1,0,1.25,0.0,-1.25
20,58,0,4,0.0,5.0,5.0
20,59,0,0,0.0,0.0,0.0
20,60,0,0,0.0,0.0,0.0
20,61,0,1,0.0,1.25,1.25
20,62,0,0,0.0,0.0,0.0
20,63,0,1,0.0,1.25,1.25
20,64,1,0,1.25,0.0,-1.25
20,65,0,0,0.0,0.0,0.0
20,66,1,0,1.25,0.0,-1.25
20,67,0,0,0.0,0.0,0.0
20,68,3,3,3.75,3.75,0.0
20,69,0,2,0.0,2.5,2.5
20,70,3,2,3.75,2.5,-1.25
20,71,0,0,0.0,0.0,0.0
20,72,1,0,1.25,0.0,-1.25
20,73,5,0,6.25,0.0,-6.25
20,74,0,0,0.0,0.0,0.0
20,75,0,0,0.0,0.0,0.0
20,76,0,1,0.0,1.25,1.25
20,77,1,2,1.25,2.5,1.25
20,78,0,0,0.0,0.0,0.0
20,79,3,0,3.75,0.0,-3.75
20,80,2,0,2.5,0.0,-2.5
20,81,3,4,3.75,5.0,1.25
20,82,0,0,0.0,0.0,0.0
20,83,4,3,5.0,3.75,-1.25
20,84,2,1,2.5,1.25,-1.25
20,85,2,0,2.5,0.0,-2.5
20,86,4,2,5.0,2.5,-2.5
20,87,2,0,2.5,0.0,-2.5
20,88,3,2,3.75,2.5,-1.25
20,89,1,2,1.25,2.5,1.25
20,90,1,0,1.25,0.0,-1.25
20,91,0,1,0.0,1.25,1.25
20,92,1,0,1.25,0.0,-1.25
20,93,0,0,0.0,0.0,0.0
20,94,3,2,3.75,2.5,-1.25
20,95,0,0,0.0,0.0,0.0
20,96,5,2,6.25,2.5,-3.75
20,97,1,1,1.25,1.25,0.0
20,98,1,1,1.25,1.25,0.0
20,99,0,0,0.0,0.0,0.0
20,100,1,0,1.25,0.0,-1.25
20,101,1,4,1.25,5.0,3.75
20,102,2,1,2.5,1.25,-1.25
20,103,0,1,0.0,1.25,1.25
20,104,1,0,1.25,0.0,-1.25
20,105,2,0,2.5,0.0,-2.5
20,106,1,3,1.25,3.75,2.5
20,107,1,1,1.25,1.25,0.0
20,108,1,0,1.25,0.0,-1.25
20,109,3,2,3.75,2.5,-1.25
20,110,2,0,2.5,0.0,-2.5
20,111,0,0,0.0,0.0,0.0
20,112,0,0,0.0,0.0,0.0
20,113,0,0,0.0,0.0,0.0
20,114,1,1,1.25,1.25,0.0
20,115,0,0,0.0,0.0,0.0
20,116,0,3,0.0,3.75,3.75
20,117,0,0,0.0,0.0,0.0
20,118,0,0,0.0,0.0,0.0
20,119,1,3,1.25,3.75,2.5
20,120,0,0,0.0,0.0,0.0
20,121,2,0,2.5,0.0,-2.5
20,122,3,1,3.75,1.25,-2.5
20,123,1,1,1.25,1.25,0.0
20,124,0,2,0.0,2.5,2.5
20,125,0,0,0.0,0.0,0.0
20,126,4,1,5.0,1.25,-3.75
20,127,0,5,0.0,6.25,6.25
20,128,0,1,0.0,1.25,1.25
20,129,1,4,1.25,5.0,3.75
20,130,1,1,1.25,1.25,0.0
20,131,0,2,0.0,2.5,2.5
20,132,0,0,0.0,0.0,0.0
20,133,0,2,0.0,2.5,2.5
20,134,1,2,1.25,2.5,1.25
21,0,0,0,0.0,0.0,0.0
21,1,0,0,0.0,0.0,0.0
21,2,0,0,0.0,0.0,0.0
21,3,0,0,0.0,0.0,0.0
21,4,0,0,0.0,0.0,0.0
21,5,0,0,0.0,0.0,0.0
21,6,1,1,1.25,1.25,0.0
21,7,0,0,0.0,0.0,0.0
21,8,0,0,0.0,0.0,0.0
21,9,0,0,0.0,0.0,0.0
21,10,0,0,0.0,0.0,0.0
21,11,0,0,0.0,0.0,0.0
21,12,1,0,1.25,0.0,-1.25
21,13,0,1,0.0,1.25,1.25
21,14,0,0,0.0,0.0,0.0
21,15,0,0,0.0,0.0,0.0
21,16,0,0,0.0,0.0,0.0
21,17,0,0,0.0,0.0,0.0
21,18,0,0,0.0,0.0,0.0
21,19,0,0,0.0,0.0,0.0
21,20,0,1,0.0,1.25,1.25
21,21,0,3,0.0,3.75,3.75
21,22,1,1,1.25,1.25,0.0
21,23,0,0,0.0,0.0,0.0
21,24,0,1,0.0,1.25,1.25
21,25,0,0,0.0,0.0,0.0
21,26,0,0,0.0,0.0,0.0
21,27,0,0,0.0,0.0,0.0
21,28,0,1,0.0,1.25,1.25
21,29,1,0,1.25,0.0,-1.25
21,30,0,0,0.0,0.0,0.0
21,31,0,0,0.0,0.0,0.0
21,32,1,1,1.25,1.25,0.0
21,33,0,0,0.0,0.0,0.0
21,34,0,0,0.0,0.0,0.0
21,35,0,2,0.0,2.5,2.5
21,36,0,0,0.0,0.0,0.0
21,37,0,1,0.0,1.25,1.25
21,38,0,0,0.0,0.0,0.0
21,39,0,0,0.0,0.0,0.0
21,40,0,0,0.0,0.0,0.0
21,41,0,1,0.0,1.25,1.25
21,42,0,2,0.0,2.5,2.5
21,43,0,0,0.0,0.0,0.0
21,44,0,0,0.0,0.0,0.0
21,45,0,0,0.0,0.0,0.0
21,46,0,0,0.0,0.0,0.0
21,47,0,0,0.0,0.0,0.0
21,48,0,0,0.0,0.0,0.0
21,49,1,0,1.25,0.0,-1.25
21,50,0,3,0.0,3.75,3.75
21,51,0,0,0.0,0.0,0.0
21,52,0,0,0.0,0.0,0.0
21,53,0,0,0.0,0.0,0.0
21,54,0,1,0.0,1.25,1.25
21,55,0,0,0.0,0.0,0.0
21,56,0,0,0.0,0.0,0.0
21,57,0,0,0.0,0.0,0.0
21,58,1,0,1.25,0.0,-1.25
21,59,0,1,0.0,1.25,1.25
21,60,0,0,0.0,0.0,0.0
21,61,0,0,0.0,0.0,0.0
21,62,1,0,1.25,0.0,-1.25
21,63,0,0,0.0,0.0,0.0
21,64,0,0,0.0,0.0,0.0
21,65,0,0,0.0,0.0,0.0
21,66,0,0,0.0,0.0,0.0
21,67,0,0,0.0,0.0,0.0
21,68,0,0,0.0,0.0,0.0
21,69,0,0,0.0,0.0,0.0
21,70,0,0,0.0,0.0,0.0
21,71,2,0,2.5,0.0,-2.5
21,72,0,0,0.0,0.0,0.0
21,73,0,0,0.0,0.0,0.0
21,74,0,0,0.0,0.0,0.0
21,75,0,0,0.0,0.0,0.0
21,76,0,0,0.0,0.0,0.0
21,77,0,0,0.0,0.0,0.0
21,78,0,0,0.0,0.0,0.0
21,79,1,2,1.25,2.5,1.25
21,80,1,0,1.25,0.0,-1.25
21,81,4,10,5.0,12.5,7.5
21,82,0,0,0.0,0.0,0.0
21,83,0,0,0.0,0.0,0.0
21,84,0,1,0.0,1.25,1.25
21,85,0,0,0.0,0.0,0.0
21,86,0,0,0.0,0.0,0.0
21,87,0,0,0.0,0.0,0.0
21,88,0,0,0.0,0.0,0.0
21,89,0,0,0.0,0.0,0.0
21,90,0,0,0.0,0.0,0.0
21,91,0,0,0.0,0.0,0.0
21,92,0,0,0.0,0.0,0.0
21,93,1,0,1.25,0.0,-1.25
21,94,0,0,0.0,0.0,0.0
21,95,0,0,0.0,0.0,0.0
21,96,0,0,0.0,0.0,0.0
21,97,0,0,0.0,0.0,0.0
21,98,0,0,0.0,0.0,0.0
21,99,0,2,0.0,2.5,2.5
21,100,0,1,0.0,1.25,1.25
21,101,0,0,0.0,0.0,0.0
21,102,0,0,0.0,0.0,0.0
21,103,0,1,0.0,1.25,1.25
21,104,0,0,0.0,0.0,0.0
21,105,0,0,0.0,0.0,0.0
21,106,1,1,1.25,1.25,0.0
21,107,1,0,1.25,0.0,-1.25
21,108,0,0,0.0,0.0,0.0
21,109,0,2,0.0,2.5,2.5
21,110,0,0,0.0,0.0,0.0
21,111,0,0,0.0,0.0,0.0
21,112,0,0,0.0,0.0,0.0
21,113,0,0,0.0,0.0,0.0
21,114,0,0,0.0,0.0,0.0
21,115,0,0,0.0,0.0,0.0
21,116,3,1,3.75,1.25,-2.5
21,117,0,0,0.0,0.0,0.0
21,118,0,2,0.0,2.5,2.5
21,119,0,0,0.0,0.0,0.0
21,120,2,1,2.5,1.25,-1.25
21,121,0,0,0.0,0.0,0.0
21,122,0,0,0.0,0.0,0.0
21,123,0,0,0.0,0.0,0.0
21,124,1,0,1.25,0.0,-1.25
21,125,1,0,1.25,0.0,-1.25
21,126,0,0,0.0,0.0,0.0
21,127,0,0,0.0,0.0,0.0
21,128,0,0,0.0,0.0,0.0
21,129,0,0,0.0,0.0,0.0
21,130,0,0,0.0,0.0,0.0
21,131,0,0,0.0,0.0,0.0
21,132,0,0,0.0,0.0,0.0
21,133,0,0,0.0,0.0,0.0
21,134,0,0,0.0,0.0,0.0
23,0,4,5,5.0,6.25,1.25
23,1,5,2,6.25,2.5,-3.75
23,2,1,1,1.25,1.25,0.0
23,3,8,3,10.0,3.75,-6.25
23,4,2,4,2.5,5.0,2.5
23,5,4,6,5.0,7.5,2.5
23,6,4,1,5.0,1.25,-3.75
23,7,4,4,5.0,5.0,0.0
23,8,4,5,5.0,6.25,1.25
23,9,3,6,3.75,7.5,3.75
23,10,4,4,5.0,5.0,0.0
23,11,5,7,6.25,8.75,2.5
23,12,6,7,7.5,8.75,1.25
23,13,2,2,2.5,2.5,0.0
23,14,3,2,3.75,2.5,-1.25
23,15,3,3,3.75,3.75,0.0
23,16,1,2,1.25,2.5,1.25
23,17,2,1,2.5,1.25,-1.25
23,18,2,4,2.5,5.0,2.5
23,19,4,5,5.0,6.25,1.25
23,20,3,2,3.75,2.5,-1.25
23,21,2,0,2.5,0.0,-2.5
23,22,0,1,0.0,1.25,1.25
23,23,2,4,2.5,5.0,2.5
23,24,3,2,3.75,2.5,-1.25
23,25,6,2,7.5,2.5,-5.0
23,26,5,5,6.25,6.25,0.0
23,27,3,4,3.75,5.0,1.25
23,28,7,2,8.75,2.5,-6.25
23,29,4,0,5.0,0.0,-5.0
23,30,3,3,3.75,3.75,0.0
23,31,3,2,3.75,2.5,-1.25
23,32,5,3,6.25,3.75,-2.5
23,33,5,1,6.25,1.25,-5.0
23,34,4,4,5.0,5.0,0.0
23,35,6,4,7.5,5.0,-2.5
23,36,0,0,0.0,0.0,0.0
23,37,6,3,7.5,3.75,-3.75
23,38,2,2,2.5,2.5,0.0
23,39,6,2,7.5,2.5,-5.0
23,40,7,5,8.75,6.25,-2.5
23,41,4,5,5.0,6.25,1.25
23,42,1,4,1.25,5.0,3.75
23,43,4,6,5.0,7.5,2.5
23,44,5,5,6.25,6.25,0.0
23,45,6,2,7.5,2.5,-5.0
23,46,1,2,1.25,2.5,1.25
23,47,3,6,3.75,7.5,3.75
23,48,3,2,3.75,2.5,-1.25
23,49,3,1,3.75,1.25,-2.5
23,50,8,4,10.0,5.0,-5.0
23,51,4,8,5.0,10.0,5.0
23,52,4,3,5.0,3.75,-1.25
23,53,0,3,0.0,3.75,3.75
23,54,6,6,7.5,7.5,0.0
23,55,5,2,6.25,2.5,-3.75
23,56,5,2,6.25,2.5,-3.75
23,57,4,2,5.0,2.5,-2.5
23,58,6,2,7.5,2.5,-5.0
23,59,3,2,3.75,2.5,-1.25
23,60,4,2,5.0,2.5,-2.5
23,61,0,3,0.0,3.75,3.75
23,62,4,2,5.0,2.5,-2.5
23,63,5,2,6.25,2.5,-3.75
23,64,1,1,1.25,1.25,0.0
23,65,5,3,6.25,3.75,-2.5
23,66,8,3,10.0,3.75,-6.25
23,67,5,4,6.25,5.0,-1.25
23,68,2,2,2.5,2.5,0.0
23,69,0,1,0.0,1.25,1.25
23,70,0,0,0.0,0.0,0.0
23,71,0,1,0.0,1.25,1.25
23,72,1,0,1.25,0.0,-1.25
23,73,1,0,1.25,0.0,-1.25
23,74,1,0,1.25,0.0,-1.25
23,75,0,0,0.0,0.0,0.0
23,76,1,0,1.25,0.0,-1.25
23,77,0,1,0.0,1.25,1.25
23,78,1,0,1.25,0.0,-1.25
23,79,1,2,1.25,2.5,1.25
23,80,1,3,1.25,3.75,2.5
23,81,0,1,0.0,1.25,1.25
23,82,0,0,0.0,0.0,0.0
23,83,0,0,0.0,0.0,0.0
23,84,0,2,0.0,2.5,2.5
23,85,0,1,0.0,1.25,1.25
23,86,1,1,1.25,1.25,0.0
23,87,0,0,0.0,0.0,0.0
23,88,1,1,1.25,1.25,0.0
23,89,1,0,1.25,0.0,-1.25
23,90,0,0,0.0,0.0,0.0
23,91,1,0,1.25,0.0,-1.25
23,92,3,0,3.75,0.0,-3.75
23,93,4,2,5.0,2.5,-2.5
23,94,0,1,0.0,1.25,1.25
23,95,0,2,0.0,2.5,2.5
23,96,0,3,0.0,3.75,3.75
23,97,1,4,1.25,5.0,3.75
23,98,1,0,1.25,0.0,-1.25
23,99,3,4,3.75,5.0,1.25
23,100,3,2,3.75,2.5,-1.25
23,101,0,0,0.0,0.0,0.0
23,102,2,1,2.5,1.25,-1.25
23,103,1,2,1.25,2.5,1.25
23,104,0,2,0.0,2.5,2.5
23,105,1,3,1.25,3.75,2.5
23,106,3,1,3.75,1.25,-2.5
23,107,3,0,3.75,0.0,-3.75
23,108,1,1,1.25,1.25,0.0
23,109,0,0,0.0,0.0,0.0
23,110,1,2,1.25,2.5,1.25
23,111,9,4,11.25,5.0,-6.25
23,112,4,3,5.0,3.75,-1.25
23,113,1,2,1.25,2.5,1.25
23,114,5,3,6.25,3.75,-2.5
23,115,2,1,2.5,1.25,-1.25
23,116,0,1,0.0,1.25,1.25
23,117,2,5,2.5,6.25,3.75
23,118,6,2,7.5,2.5,-5.0
23,119,5,1,6.25,1.25,-5.0
23,120,1,3,1.25,3.75,2.5
23,121,2,2,2.5,2.5,0.0
23,122,2,4,2.5,5.0,2.5
23,123,2,1,2.5,1.25,-1.25
23,124,3,6,3.75,7.5,3.75
23,125,3,6,3.75,7.5,3.75
23,126,1,0,1.25,0.0,-1.25
23,127,1,1,1.25,1.25,0.0
23,128,2,1,2.5,1.25,-1.25
23,129,1,1,1.25,1.25,0.0
23,130,0,0,0.0,0.0,0.0
23,131,2,3,2.5,3.75,1.25
23,132,0,3,0.0,3.75,3.75
23,133,3,0,3.75,0.0,-3.75
23,134,4,8,5.0,10.0,5.0
24,0,0,0,0.0,0.0,0.0
24,1,3,2,3.75,2.5,-1.25
24,2,1,2,1.25,2.5,1.25
24,3,1,2,1.25,2.5,1.25
24,4,0,0,0.0,0.0,0.0
24,5,0,0,0.0,0.0,0.0
24,6,1,0,1.25,0.0,-1.25
24,7,2,0,2.5,0.0,-2.5
24,8,0,0,0.0,0.0,0.0
24,9,1,1,1.25,1.25,0.0
24,10,0,0,0.0,0.0,0.0
24,11,2,2,2.5,2.5,0.0
24,12,1,0,1.25,0.0,-1.25
24,13,0,1,0.0,1.25,1.25
24,14,0,0,0.0,0.0,0.0
24,15,3,0,3.75,0.0,-3.75
24,16,4,5,5.0,6.25,1.25
24,17,2,1,2.5,1.25,-1.25
24,18,0,0,0.0,0.0,0.0
24,19,2,0,2.5,0.0,-2.5
24,20,0,0,0.0,0.0,0.0
24,21,0,0,0.0,0.0,0.0
24,22,0,0,0.0,0.0,0.0
24,23,1,0,1.25,0.0,-1.25
24,24,0,0,0.0,0.0,0.0
24,25,0,0,0.0,0.0,0.0
24,26,0,0,0.0,0.0,0.0
24,27,0,0,0.0,0.0,0.0
24,28,0,0,0.0,0.0,0.0
24,29,0,0,0.0,0.0,0.0
24,30,0,0,0.0,0.0,0.0
24,31,0,1,0.0,1.25,1.25
24,32,0,1,0.0,1.25,1.25
24,33,0,0,0.0,0.0,0.0
24,34,0,0,0.0,0.0,0.0
24,35,0,0,0.0,0.0,0.0
24,36,2,1,2.5,1.25,-1.25
24,37,0,0,0.0,0.0,0.0
24,38,0,0,0.0,0.0,0.0
24,39,1,0,1.25,0.0,-1.25
24,40,2,0,2.5,0.0,-2.5
24,41,0,0,0.0,0.0,0.0
24,42,0,0,0.0,0.0,0.0
24,43,0,0,0.0,0.0,0.0
24,44,1,0,1.25,0.0,-1.25
24,45,0,0,0.0,0.0,0.0
24,46,0,1,0.0,1.25,1.25
24,47,0,0,0.0,0.0,0.0
24,48,1,0,1.25,0.0,-1.25
24,49,1,1,1.25,1.25,0.0
24,50,0,0,0.0,0.0,0.0
24,51,0,0,0.0,0.0,0.0
24,52,0,0,0.0,0.0,0.0
24,53,1,1,1.25,1.25,0.0
24,54,1,0,1.25,0.0,-1.25
24,55,0,1,0.0,1.25,1.25
24,56,0,0,0.0,0.0,0.0
24,57,0,0,0.0,0.0,0.0
24,58,0,1,0.0,1.25,1.25
24,59,0,0,0.0,0.0,0.0
24,60,0,0,0.0,0.0,0.0
24,61,0,0,0.0,0.0,0.0
24,62,0,0,0.0,0.0,0.0
24,63,0,1,0.0,1.25,1.25
24,64,1,1,1.25,1.25,0.0
24,65,0,0,0.0,0.0,0.0
24,66,0,0,0.0,0.0,0.0
24,67,0,0,0.0,0.0,0.0
24,68,0,0,0.0,0.0,0.0
24,69,0,0,0.0,0.0,0.0
24,70,0,0,0.0,0.0,0.0
24,71,0,0,0.0,0.0,0.0
24,72,0,0,0.0,0.0,0.0
24,73,0,0,0.0,0.0,0.0
24,74,0,0,0.0,0.0,0.0
24,75,0,0,0.0,0.0,0.0
24,76,0,0,0.0,0.0,0.0
24,77,0,0,0.0,0.0,0.0
24,78,0,0,0.0,0.0,0.0
24,79,0,0,0.0,0.0,0.0
24,80,0,0,0.0,0.0,0.0
24,81,0,0,0.0,0.0,0.0
24,82,0,0,0.0,0.0,0.0
24,83,0,0,0.0,0.0,0.0
24,84,0,0,0.0,0.0,0.0
24,85,0,0,0.0,0.0,0.0
24,86,0,0,0.0,0.0,0.0
24,87,0,0,0.0,0.0,0.0
24,88,0,0,0.0,0.0,0.0
24,89,0,0,0.0,0.0,0.0
24,90,0,0,0.0,0.0,0.0
24,91,0,0,0.0,0.0,0.0
24,92,0,0,0.0,0.0,0.0
24,93,0,0,0.0,0.0,0.0
24,94,0,0,0.0,0.0,0.0
24,95,0,0,0.0,0.0,0.0
24,96,1,0,1.25,0.0,-1.25
24,97,1,0,1.25,0.0,-1.25
24,98,1,1,1.25,1.25,0.0
24,99,0,1,0.0,1.25,1.25
24,100,2,1,2.5,1.25,-1.25
24,101,0,0,0.0,0.0,0.0
24,102,0,0,0.0,0.0,0.0
24,103,0,0,0.0,0.0,0.0
24,104,0,0,0.0,0.0,0.0
24,105,0,0,0.0,0.0,0.0
24,106,0,0,0.0,0.0,0.0
24,107,1,0,1.25,0.0,-1.25
24,108,0,0,0.0,0.0,0.0
24,109,0,0,0.0,0.0,0.0
24,110,0,0,0.0,0.0,0.0
24,111,0,1,0.0,1.25,1.25
24,112,0,0,0.0,0.0,0.0
24,113,0,0,0.0,0.0,0.0
24,114,0,0,0.0,0.0,0.0
24,115,1,0,1.25,0.0,-1.25
24,116,0,2,0.0,2.5,2.5
24,117,2,1,2.5,1.25,-1.25
24,118,0,0,0.0,0.0,0.0
24,119,1,0,1.25,0.0,-1.25
24,120,1,2,1.25,2.5,1.25
24,121,5,1,6.25,1.25,-5.0
24,122,0,0,0.0,0.0,0.0
24,123,0,0,0.0,0.0,0.0
24,124,0,0,0.0,0.0,0.0
24,125,1,0,1.25,0.0,-1.25
24,126,0,0,0.0,0.0,0.0
24,127,0,0,0.0,0.0,0.0
24,128,5,6,6.25,7.5,1.25
24,129,1,0,1.25,0.0,-1.25
24,130,0,0,0.0,0.0,0.0
24,131,1,0,1.25,0.0,-1.25
24,132,1,1,1.25,1.25,0.0
24,133,1,0,1.25,0.0,-1.25
24,134,0,0,0.0,0.0,0.0
25,0,0,0,0.0,0.0,0.0
25,1,0,0,0.0,0.0,0.0
25,2,0,0,0.0,0.0,0.0
25,3,0,2,0.0,2.5,2.5
25,4,0,0,0.0,0.0,0.0
25,5,0,3,0.0,3.75,3.75
25,6,0,0,0.0,0.0,0.0
25,7,0,0,0.0,0.0,0.0
25,8,0,3,0.0,3.75,3.75
25,9,2,3,2.5,3.75,1.25
25,10,3,0,3.75,0.0,-3.75
25,11,0,0,0.0,0.0,0.0
25,12,0,0,0.0,0.0,0.0
25,13,0,0,0.0,0.0,0.0
25,14,2,0,2.5,0.0,-2.5
25,15,0,0,0.0,0.0,0.0
25,16,0,0,0.0,0.0,0.0
25,17,0,1,0.0,1.25,1.25
25,18,4,0,5.0,0.0,-5.0
25,19,0,0,0.0,0.0,0.0
25,20,1,0,1.25,0.0,-1.25
25,21,0,0,0.0,0.0,0.0
25,22,0,0,0.0,0.0,0.0
25,23,2,0,2.5,0.0,-2.5
25,24,1,2,1.25,2.5,1.25
25,25,0,0,0.0,0.0,0.0
25,26,0,1,0.0,1.25,1.25
25,27,1,0,1.25,0.0,-1.25
25,28,0,0,0.0,0.0,0.0
25,29,0,0,0.0,0.0,0.0
25,30,0,0,0.0,0.0,0.0
25,31,0,1,0.0,1.25,1.25
25,32,0,0,0.0,0.0,0.0
25,33,0,0,0.0,0.0,0.0
25,34,0,0,0.0,0.0,0.0
25,35,0,0,0.0,0.0,0.0
25,36,1,0,1.25,0.0,-1.25
25,37,1,0,1.25,0.0,-1.25
25,38,0,0,0.0,0.0,0.0
25,39,0,0,0.0,0.0,0.0
25,40,0,1,0.0,1.25,1.25
25,41,0,0,0.0,0.0,0.0
25,42,2,0,2.5,0.0,-2.5
25,43,0,0,0.0,0.0,0.0
25,44,1,0,1.25,0.0,-1.25
25,45,1,0,1.25,0.0,-1.25
25,46,0,0,0.0,0.0,0.0
25,47,0,4,0.0,5.0,5.0
25,48,0,0,0.0,0.0,0.0
25,49,0,0,0.0,0.0,0.0
25,50,1,1,1.25,1.25,0.0
25,51,0,0,0.0,0.0,0.0
25,52,0,0,0.0,0.0,0.0
25,53,1,1,1.25,1.25,0.0
25,54,2,2,2.5,2.5,0.0
25,55,0,0,0.0,0.0,0.0
25,56,3,0,3.75,0.0,-3.75
25,57,0,0,0.0,0.0,0.0
25,58,0,0,0.0,0.0,0.0
25,59,0,1,0.0,1.25,1.25
25,60,0,0,0.0,0.0,0.0
25,61,0,0,0.0,0.0,0.0
25,62,0,0,0.0,0.0,0.0
25,63,0,0,0.0,0.0,0.0
25,64,0,0,0.0,0.0,0.0
25,65,0,0,0.0,0.0,0.0
25,66,1,0,1.25,0.0,-1.25
25,67,0,0,0.0,0.0,0.0
25,68,0,0,0.0,0.0,0.0
25,69,1,2,1.25,2.5,1.25
25,70,1,1,1.25,1.25,0.0
25,71,1,0,1.25,0.0,-1.25
25,72,0,0,0.0,0.0,0.0
25,73,0,0,0.0,0.0,0.0
25,74,1,2,1.25,2.5,1.25
25,75,0,0,0.0,0.0,0.0
25,76,0,1,0.0,1.25,1.25
25,77,0,1,0.0,1.25,1.25
25,78,0,0,0.0,0.0,0.0
25,79,2,1,2.5,1.25,-1.25
25,80,2,0,2.5,0.0,-2.5
25,81,0,1,0.0,1.25,1.25
25,82,1,0,1.25,0.0,-1.25
25,83,2,4,2.5,5.0,2.5
25,84,3,1,3.75,1.25,-2.5
25,85,1,1,1.25,1.25,0.0
25,86,4,0,5.0,0.0,-5.0
25,87,0,0,0.0,0.0,0.0
25,88,2,1,2.5,1.25,-1.25
25,89,2,2,2.5,2.5,0.0
25,90,3,3,3.75,3.75,0.0
25,91,1,0,1.25,0.0,-1.25
25,92,0,2,0.0,2.5,2.5
25,93,0,1,0.0,1.25,1.25
25,94,0,0,0.0,0.0,0.0
25,95,0,3,0.0,3.75,3.75
25,96,2,1,2.5,1.25,-1.25
25,97,0,0,0.0,0.0,0.0
25,98,0,0,0.0,0.0,0.0
25,99,0,4,0.0,5.0,5.0
25,100,0,2,0.0,2.5,2.5
25,101,4,1,5.0,1.25,-3.75
25,102,4,0,5.0,0.0,-5.0
25,103,3,0,3.75,0.0,-3.75
25,104,0,2,0.0,2.5,2.5
25,105,0,0,0.0,0.0,0.0
25,106,0,0,0.0,0.0,0.0
25,107,0,0,0.0,0.0,0.0
25,108,0,0,0.0,0.0,0.0
25,109,0,0,0.0,0.0,0.0
25,110,0,0,0.0,0.0,0.0
25,111,0,0,0.0,0.0,0.0
25,112,2,4,2.5,5.0,2.5
25,113,1,1,1.25,1.25,0.0
25,114,2,1,2.5,1.25,-1.25
25,115,0,0,0.0,0.0,0.0
25,116,0,0,0.0,0.0,0.0
25,117,0,0,0.0,0.0,0.0
25,118,1,2,1.25,2.5,1.25
25,119,0,3,0.0,3.75,3.75
25,120,0,0,0.0,0.0,0.0
25,121,0,5,0.0,6.25,6.25
25,122,0,0,0.0,0.0,0.0
25,123,0,0,0.0,0.0,0.0
25,124,0,1,0.0,1.25,1.25
25,125,0,0,0.0,0.0,0.0
25,126,1,0,1.25,0.0,-1.25
25,127,0,0,0.0,0.0,0.0
25,128,0,0,0.0,0.0,0.0
25,129,0,0,0.0,0.0,0.0
25,130,0,0,0.0,0.0,0.0
25,131,2,0,2.5,0.0,-2.5
25,132,0,1,0.0,1.25,1.25
25,133,0,0,0.0,0.0,0.0
25,134,0,1,0.0,1.25,1.25
26,0,1,0,1.25,0.0,-1.25
26,1,1,0,1.25,0.0,-1.25
26,2,1,0,1.25,0.0,-1.25
26,3,1,0,1.25,0.0,-1.25
26,4,1,0,1.25,0.0,-1.25
26,5,1,1,1.25,1.25,0.0
26,6,1,0,1.25,0.0,-1.25
26,7,1,0,1.25,0.0,-1.25
26,8,1,1,1.25,1.25,0.0
26,9,0,1,0.0,1.25,1.25
26,10,1,0,1.25,0.0,-1.25
26,11,1,0,1.25,0.0,-1.25
26,12,1,0,1.25,0.0,-1.25
26,13,1,1,1.25,1.25,0.0
26,14,1,1,1.25,1.25,0.0
26,15,1,0,1.25,0.0,-1.25
26,16,1,1,1.25,1.25,0.0
26,17,1,1,1.25,1.25,0.0
26,18,0,1,0.0,1.25,1.25
26,19,1,0,1.25,0.0,-1.25
26,20,1,0,1.25,0.0,-1.25
26,21,1,0,1.25,0.0,-1.25
26,22,0,1,0.0,1.25,1.25
26,23,1,1,1.25,1.25,0.0
26,24,1,1,1.25,1.25,0.0
26,25,0,0,0.0,0.0,0.0
26,26,1,0,1.25,0.0,-1.25
26,27,0,1,0.0,1.25,1.25
26,28,1,0,1.25,0.0,-1.25
26,29,1,1,1.25,1.25,0.0
26,30,1,0,1.25,0.0,-1.25
26,31,0,1,0.0,1.25,1.25
26,32,1,1,1.25,1.25,0.0
26,33,1,0,1.25,0.0,-1.25
26,34,1,1,1.25,1.25,0.0
26,35,0,0,0.0,0.0,0.0
26,36,1,1,1.25,1.25,0.0
26,37,1,1,1.25,1.25,0.0
26,38,1,1,1.25,1.25,0.0
26,39,1,0,1.25,0.0,-1.25
26,40,0,0,0.0,0.0,0.0
26,41,1,1,1.25,1.25,0.0
26,42,1,1,1.25,1.25,0.0
26,43,1,0,1.25,0.0,-1.25
26,44,1,0,1.25,0.0,-1.25
26,45,0,1,0.0,1.25,1.25
26,46,1,1,1.25,1.25,0.0
26,47,0,0,0.0,0.0,0.0
26,48,1,0,1.25,0.0,-1.25
26,49,0,0,0.0,0.0,0.0
26,50,1,0,1.25,0.0,-1.25
26,51,0,0,0.0,0.0,0.0
26,52,1,1,1.25,1.25,0.0
26,53,0,1,0.0,1.25,1.25
26,54,0,0,0.0,0.0,0.0
26,55,0,1,0.0,1.25,1.25
26,56,0,1,0.0,1.25,1.25
26,57,0,1,0.0,1.25,1.25
26,58,1,0,1.25,0.0,-1.25
26,59,0,1,0.0,1.25,1.25
26,60,0,1,0.0,1.25,1.25
26,61,0,1,0.0,1.25,1.25
26,62,0,0,0.0,0.0,0.0
26,63,1,0,1.25,0.0,-1.25
26,64,1,1,1.25,1.25,0.0
26,65,0,0,0.0,0.0,0.0
26,66,1,0,1.25,0.0,-1.25
26,67,1,1,1.25,1.25,0.0
26,68,1,1,1.25,1.25,0.0
26,69,1,0,1.25,0.0,-1.25
26,70,0,1,0.0,1.25,1.25
26,71,1,1,1.25,1.25,0.0
26,72,1,1,1.25,1.25,0.0
26,73,1,0,1.25,0.0,-1.25
26,74,0,1,0.0,1.25,1.25
26,75,1,1,1.25,1.25,0.0
26,76,0,0,0.0,0.0,0.0
26,77,1,0,1.25,0.0,-1.25
26,78,0,1,0.0,1.25,1.25
26,79,1,0,1.25,0.0,-1.25
26,80,0,0,0.0,0.0,0.0
26,81,0,1,0.0,1.25,1.25
26,82,1,1,1.25,1.25,0.0
26,83,1,1,1.25,1.25,0.0
26,84,1,1,1.25,1.25,0.0
26,85,0,0,0.0,0.0,0.0
26,86,1,1,1.25,1.25,0.0
26,87,0,0,0.0,0.0,0.0
26,88,0,0,0.0,0.0,0.0
26,89,0,1,0.0,1.25,1.25
26,90,1,0,1.25,0.0,-1.25
26,91,0,0,0.0,0.0,0.0
26,92,0,1,0.0,1.25,1.25
26,93,0,0,0.0,0.0,0.0
26,94,0,1,0.0,1.25,1.25
26,95,0,1,0.0,1.25,1.25
26,96,1,1,1.25,1.25,0.0
26,97,1,0,1.25,0.0,-1.25
26,98,0,1,0.0,1.25,1.25
26,99,1,1,1.25,1.25,0.0
26,100,1,0,1.25,0.0,-1.25
26,101,0,1,0.0,1.25,1.25
26,102,0,0,0.0,0.0,0.0
26,103,0,0,0.0,0.0,0.0
26,104,1,0,1.25,0.0,-1.25
26,105,0,0,0.0,0.0,0.0
26,106,1,0,1.25,0.0,-1.25
26,107,0,0,0.0,0.0,0.0
26,108,0,0,0.0,0.0,0.0
26,109,1,1,1.25,1.25,0.0
26,110,1,0,1.25,0.0,-1.25
26,111,0,0,0.0,0.0,0.0
26,112,1,1,1.25,1.25,0.0
26,113,1,0,1.25,0.0,-1.25
26,114,1,1,1.25,1.25,0.0
26,115,0,0,0.0,0.0,0.0
26,116,0,0,0.0,0.0,0.0
26,117,0,1,0.0,1.25,1.25
26,118,1,0,1.25,0.0,-1.25
26,119,1,0,1.25,0.0,-1.25
26,120,1,0,1.25,0.0,-1.25
26,121,0,1,0.0,1.25,1.25
26,122,1,0,1.25,0.0,-1.25
26,123,1,1,1.25,1.25,0.0
26,124,1,0,1.25,0.0,-1.25
26,125,0,0,0.0,0.0,0.0
26,126,1,1,1.25,1.25,0.0
26,127,0,1,0.0,1.25,1.25
26,128,0,1,0.0,1.25,1.25
26,129,0,1,0.0,1.25,1.25
26,130,0,0,0.0,0.0,0.0
26,131,0,0,0.0,0.0,0.0
26,132,0,1,0.0,1.25,1.25
26,133,0,0,0.0,0.0,0.0
26,134,1,1,1.25,1.25,0.0
27,0,3,1,3.75,1.25,-2.5
27,1,1,0,1.25,0.0,-1.25
27,2,2,0,2.5,0.0,-2.5
27,3,1,0,1.25,0.0,-1.25
27,4,0,0,0.0,0.0,0.0
27,5,0,2,0.0,2.5,2.5
27,6,0,0,0.0,0.0,0.0
27,7,0,0,0.0,0.0,0.0
27,8,0,1,0.0,1.25,1.25
27,9,2,1,2.5,1.25,-1.25
27,10,2,0,2.5,0.0,-2.5
27,11,0,1,0.0,1.25,1.25
27,12,0,4,0.0,5.0,5.0
27,13,1,2,1.25,2.5,1.25
27,14,0,0,0.0,0.0,0.0
27,15,0,0,0.0,0.0,0.0
27,16,0,1,0.0,1.25,1.25
27,17,0,1,0.0,1.25,1.25
27,18,0,2,0.0,2.5,2.5
27,19,0,5,0.0,6.25,6.25
27,20,3,0,3.75,0.0,-3.75
27,21,0,4,0.0,5.0,5.0
27,22,2,3,2.5,3.75,1.25
27,23,5,2,6.25,2.5,-3.75
27,24,1,3,1.25,3.75,2.5
27,25,1,1,1.25,1.25,0.0
27,26,2,2,2.5,2.5,0.0
27,27,1,1,1.25,1.25,0.0
27,28,3,0,3.75,0.0,-3.75
27,29,1,1,1.25,1.25,0.0
27,30,1,1,1.25,1.25,0.0
27,31,0,0,0.0,0.0,0.0
27,32,0,1,0.0,1.25,1.25
27,33,0,0,0.0,0.0,0.0
27,34,0,0,0.0,0.0,0.0
27,35,1,0,1.25,0.0,-1.25
27,36,0,0,0.0,0.0,0.0
27,37,0,2,0.0,2.5,2.5
27,38,0,1,0.0,1.25,1.25
27,39,1,0,1.25,0.0,-1.25
27,40,1,2,1.25,2.5,1.25
27,41,0,0,0.0,0.0,0.0
27,42,0,1,0.0,1.25,1.25
27,43,0,1,0.0,1.25,1.25
27,44,1,0,1.25,0.0,-1.25
27,45,0,2,0.0,2.5,2.5
27,46,3,0,3.75,0.0,-3.75
27,47,1,2,1.25,2.5,1.25
27,48,0,0,0.0,0.0,0.0
27,49,0,0,0.0,0.0,0.0
27,50,2,0,2.5,0.0,-2.5
27,51,1,4,1.25,5.0,3.75
27,52,0,0,0.0,0.0,0.0
27,53,0,0,0.0,0.0,0.0
27,54,2,0,2.5,0.0,-2.5
27,55,1,0,1.25,0.0,-1.25
27,56,0,1,0.0,1.25,1.25
27,57,1,0,1.25,0.0,-1.25
27,58,0,1,0.0,1.25,1.25
27,59,0,1,0.0,1.25,1.25
27,60,0,2,0.0,2.5,2.5
27,61,0,0,0.0,0.0,0.0
27,62,0,0,0.0,0.0,0.0
27,63,2,0,2.5,0.0,-2.5
27,64,0,1,0.0,1.25,1.25
27,65,4,1,5.0,1.25,-3.75
27,66,4,1,5.0,1.25,-3.75
27,67,0,0,0.0,0.0,0.0
27,68,2,3,2.5,3.75,1.25
27,69,0,0,0.0,0.0,0.0
27,70,8,2,10.0,2.5,-7.5
27,71,0,0,0.0,0.0,0.0
27,72,0,1,0.0,1.25,1.25
27,73,2,0,2.5,0.0,-2.5
27,74,0,0,0.0,0.0,0.0
27,75,0,1,0.0,1.25,1.25
27,76,0,0,0.0,0.0,0.0
27,77,0,3,0.0,3.75,3.75
27,78,0,1,0.0,1.25,1.25
27,79,0,1,0.0,1.25,1.25
27,80,0,0,0.0,0.0,0.0
27,81,1,2,1.25,2.5,1.25
27,82,0,1,0.0,1.25,1.25
27,83,0,3,0.0,3.75,3.75
27,84,0,0,0.0,0.0,0.0
27,85,0,1,0.0,1.25,1.25
27,86,1,0,1.25,0.0,-1.25
27,87,1,0,1.25,0.0,-1.25
27,88,0,0,0.0,0.0,0.0
27,89,0,0,0.0,0.0,0.0
27,90,0,0,0.0,0.0,0.0
27,91,3,0,3.75,0.0,-3.75
27,92,2,2,2.5,2.5,0.0
27,93,0,0,0.0,0.0,0.0
27,94,0,1,0.0,1.25,1.25
27,95,3,0,3.75,0.0,-3.75
27,96,1,0,1.25,0.0,-1.25
27,97,0,0,0.0,0.0,0.0
27,98,0,1,0.0,1.25,1.25
27,99,0,2,0.0,2.5,2.5
27,100,1,1,1.25,1.25,0.0
27,101,5,1,6.25,1.25,-5.0
27,102,1,2,1.25,2.5,1.25
27,103,1,0,1.25,0.0,-1.25
27,104,0,0,0.0,0.0,0.0
27,105,0,1,0.0,1.25,1.25
27,106,1,0,1.25,0.0,-1.25
27,107,0,0,0.0,0.0,0.0
27,108,0,0,0.0,0.0,0.0
27,109,1,0,1.25,0.0,-1.25
27,110,3,0,3.75,0.0,-3.75
27,111,0,2,0.0,2.5,2.5
27,112,4,0,5.0,0.0,-5.0
27,113,1,0,1.25,0.0,-1.25
27,114,5,1,6.25,1.25,-5.0
27,115,0,1,0.0,1.25,1.25
27,116,0,1,0.0,1.25,1.25
27,117,1,4,1.25,5.0,3.75
27,118,2,2,2.5,2.5,0.0
27,119,6,2,7.5,2.5,-5.0
27,120,1,1,1.25,1.25,0.0
27,121,1,1,1.25,1.25,0.0
27,122,1,0,1.25,0.0,-1.25
27,123,0,2,0.0,2.5,2.5
27,124,1,0,1.25,0.0,-1.25
27,125,0,0,0.0,0.0,0.0
27,126,1,0,1.25,0.0,-1.25
27,127,0,0,0.0,0.0,0.0
27,128,1,0,1.25,0.0,-1.25
27,129,0,0,0.0,0.0,0.0
27,130,1,0,1.25,0.0,-1.25
27,131,1,0,1.25,0.0,-1.25
27,132,0,2,0.0,2.5,2.5
27,133,1,0,1.25,0.0,-1.25
27,134,1,0,1.25,0.0,-1.25
28,0,2,4,2.5,5.0,2.5
28,1,1,1,1.25,1.25,0.0
28,2,2,2,2.5,2.5,0.0
28,3,6,7,7.5,8.75,1.25
28,4,6,1,7.5,1.25,-6.25
28,5,0,1,0.0,1.25,1.25
28,6,2,1,2.5,1.25,-1.25
28,7,3,4,3.75,5.0,1.25
28,8,3,3,3.75,3.75,0.0
28,9,0,2,0.0,2.5,2.5
28,10,2,2,2.5,2.5,0.0
28,11,4,3,5.0,3.75,-1.25
28,12,2,4,2.5,5.0,2.5
28,13,4,1,5.0,1.25,-3.75
28,14,0,1,0.0,1.25,1.25
28,15,4,0,5.0,0.0,-5.0
28,16,1,6,1.25,7.5,6.25
28,17,2,3,2.5,3.75,1.25
28,18,2,1,2.5,1.25,-1.25
28,19,3,2,3.75,2.5,-1.25
28,20,1,4,1.25,5.0,3.75
28,21,3,2,3.75,2.5,-1.25
28,22,3,3,3.75,3.75,0.0
28,23,1,2,1.25,2.5,1.25
28,24,1,1,1.25,1.25,0.0
28,25,3,4,3.75,5.0,1.25
28,26,4,3,5.0,3.75,-1.25
28,27,2,3,2.5,3.75,1.25
28,28,6,7,7.5,8.75,1.25
28,29,7,2,8.75,2.5,-6.25
28,30,4,7,5.0,8.75,3.75
28,31,3,7,3.75,8.75,5.0
28,32,3,2,3.75,2.5,-1.25
28,33,3,7,3.75,8.75,5.0
28,34,7,0,8.75,0.0,-8.75
28,35,1,6,1.25,7.5,6.25
28,36,3,4,3.75,5.0,1.25
28,37,2,2,2.5,2.5,0.0
28,38,3,3,3.75,3.75,0.0
28,39,0,5,0.0,6.25,6.25
28,40,1,5,1.25,6.25,5.0
28,41,2,3,2.5,3.75,1.25
28,42,3,2,3.75,2.5,-1.25
28,43,2,3,2.5,3.75,1.25
28,44,4,0,5.0,0.0,-5.0
28,45,0,3,0.0,3.75,3.75
28,46,1,3,1.25,3.75,2.5
28,47,2,0,2.5,0.0,-2.5
28,48,3,4,3.75,5.0,1.25
28,49,4,2,5.0,2.5,-2.5
28,50,2,1,2.5,1.25,-1.25
28,51,12,1,15.0,1.25,-13.75
28,52,4,3,5.0,3.75,-1.25
28,53,1,4,1.25,5.0,3.75
28,54,0,1,0.0,1.25,1.25
28,55,4,3,5.0,3.75,-1.25
28,56,3,5,3.75,6.25,2.5
28,57,2,3,2.5,3.75,1.25
28,58,2,2,2.5,2.5,0.0
28,59,1,2,1.25,2.5,1.25
28,60,1,0,1.25,0.0,-1.25
28,61,2,1,2.5,1.25,-1.25
28,62,5,4,6.25,5.0,-1.25
28,63,2,7,2.5,8.75,6.25
28,64,5,5,6.25,6.25,0.0
28,65,3,11,3.75,13.75,10.0
28,66,5,1,6.25,1.25,-5.0
28,67,1,3,1.25,3.75,2.5
28,68,9,0,11.25,0.0,-11.25
28,69,3,7,3.75,8.75,5.0
28,70,2,10,2.5,12.5,10.0
28,71,1,3,1.25,3.75,2.5
28,72,3,0,3.75,0.0,-3.75
28,73,0,1,0.0,1.25,1.25
28,74,4,8,5.0,10.0,5.0
28,75,2,2,2.5,2.5,0.0
28,76,4,5,5.0,6.25,1.25
28,77,4,6,5.0,7.5,2.5
28,78,5,8,6.25,10.0,3.75
28,79,2,1,2.5,1.25,-1.25
28,80,6,6,7.5,7.5,0.0
28,81,1,1,1.25,1.25,0.0
28,82,3,5,3.75,6.25,2.5
28,83,3,4,3.75,5.0,1.25
28,84,4,4,5.0,5.0,0.0
28,85,4,2,5.0,2.5,-2.5
28,86,3,0,3.75,0.0,-3.75
28,87,0,4,0.0,5.0,5.0
28,88,5,3,6.25,3.75,-2.5
28,89,3,5,3.75,6.25,2.5
28,90,7,0,8.75,0.0,-8.75
28,91,8,5,10.0,6.25,-3.75
28,92,2,6,2.5,7.5,5.0
28,93,4,1,5.0,1.25,-3.75
28,94,3,4,3.75,5.0,1.25
28,95,8,7,10.0,8.75,-1.25
28,96,6,3,7.5,3.75,-3.75
28,97,4,9,5.0,11.25,6.25
28,98,3,2,3.75,2.5,-1.25
28,99,0,2,0.0,2.5,2.5
28,100,1,0,1.25,0.0,-1.25
28,101,1,1,1.25,1.25,0.0
28,102,2,3,2.5,3.75,1.25
28,103,2,2,2.5,2.5,0.0
28,104,1,1,1.25,1.25,0.0
28,105,1,2,1.25,2.5,1.25
28,106,3,2,3.75,2.5,-1.25
28,107,5,0,6.25,0.0,-6.25
28,108,3,2,3.75,2.5,-1.25
28,109,1,3,1.25,3.75,2.5
28,110,5,1,6.25,1.25,-5.0
28,111,1,2,1.25,2.5,1.25
28,112,0,2,0.0,2.5,2.5
28,113,0,0,0.0,0.0,0.0
28,114,2,1,2.5,1.25,-1.25
28,115,0,1,0.0,1.25,1.25
28,116,3,1,3.75,1.25,-2.5
28,117,3,4,3.75,5.0,1.25
28,118,3,4,3.75,5.0,1.25
28,119,2,2,2.5,2.5,0.0
28,120,5,1,6.25,1.25,-5.0
28,121,6,3,7.5,3.75,-3.75
28,122,4,1,5.0,1.25,-3.75
28,123,2,1,2.5,1.25,-1.25
28,124,1,0,1.25,0.0,-1.25
28,125,2,2,2.5,2.5,0.0
28,126,5,2,6.25,2.5,-3.75
28,127,2,4,2.5,5.0,2.5
28,128,0,1,0.0,1.25,1.25
28,129,2,1,2.5,1.25,-1.25
28,130,1,0,1.25,0.0,-1.25
28,131,2,1,2.5,1.25,-1.25
28,132,1,3,1.25,3.75,2.5
28,133,0,6,0.0,7.5,7.5
28,134,4,1,5.0,1.25,-3.75
29,0,1,0,1.25,0.0,-1.25
29,1,3,4,3.75,5.0,1.25
29,2,0,0,0.0,0.0,0.0
29,3,1,1,1.25,1.25,0.0
29,4,0,1,0.0,1.25,1.25
29,5,2,0,2.5,0.0,-2.5
29,6,1,1,1.25,1.25,0.0
29,7,0,1,0.0,1.25,1.25
29,8,1,4,1.25,5.0,3.75
29,9,1,0,1.25,0.0,-1.25
29,10,5,0,6.25,0.0,-6.25
29,11,1,4,1.25,5.0,3.75
29,12,3,2,3.75,2.5,-1.25
29,13,1,3,1.25,3.75,2.5
29,14,2,0,2.5,0.0,-2.5
29,15,5,5,6.25,6.25,0.0
29,16,2,0,2.5,0.0,-2.5
29,17,1,1,1.25,1.25,0.0
29,18,4,2,5.0,2.5,-2.5
29,19,5,3,6.25,3.75,-2.5
29,20,2,1,2.5,1.25,-1.25
29,21,0,4,0.0,5.0,5.0
29,22,2,2,2.5,2.5,0.0
29,23,0,0,0.0,0.0,0.0
29,24,2,0,2.5,0.0,-2.5
29,25,4,0,5.0,0.0,-5.0
29,26,4,4,5.0,5.0,0.0
29,27,0,0,0.0,0.0,0.0
29,28,1,2,1.25,2.5,1.25
29,29,1,1,1.25,1.25,0.0
29,30,0,0,0.0,0.0,0.0
29,31,1,0,1.25,0.0,-1.25
29,32,5,5,6.25,6.25,0.0
29,33,1,0,1.25,0.0,-1.25
29,34,0,5,0.0,6.25,6.25
29,35,1,0,1.25,0.0,-1.25
29,36,4,1,5.0,1.25,-3.75
29,37,0,6,0.0,7.5,7.5
29,38,0,0,0.0,0.0,0.0
29,39,0,1,0.0,1.25,1.25
29,40,3,0,3.75,0.0,-3.75
29,41,1,0,1.25,0.0,-1.25
29,42,3,0,3.75,0.0,-3.75
29,43,5,0,6.25,0.0,-6.25
29,44,1,1,1.25,1.25,0.0
29,45,2,1,2.5,1.25,-1.25
29,46,0,1,0.0,1.25,1.25
29,47,1,0,1.25,0.0,-1.25
29,48,5,2,6.25,2.5,-3.75
29,49,4,1,5.0,1.25,-3.75
29,50,0,2,0.0,2.5,2.5
29,51,4,1,5.0,1.25,-3.75
29,52,0,2,0.0,2.5,2.5
29,53,3,1,3.75,1.25,-2.5
29,54,1,3,1.25,3.75,2.5
29,55,1,2,1.25,2.5,1.25
29,56,0,0,0.0,0.0,0.0
29,57,2,0,2.5,0.0,-2.5
29,58,6,5,7.5,6.25,-1.25
29,59,0,1,0.0,1.25,1.25
29,60,6,1,7.5,1.25,-6.25
29,61,2,5,2.5,6.25,3.75
29,62,1,1,1.25,1.25,0.0
29,63,0,0,0.0,0.0,0.0
29,64,1,3,1.25,3.75,2.5
29,65,0,0,0.0,0.0,0.0
29,66,2,1,2.5,1.25,-1.25
29,67,1,1,1.25,1.25,0.0
29,68,0,1,0.0,1.25,1.25
29,69,1,2,1.25,2.5,1.25
29,70,0,0,0.0,0.0,0.0
29,71,0,1,0.0,1.25,1.25
29,72,0,0,0.0,0.0,0.0
29,73,0,0,0.0,0.0,0.0
29,74,2,1,2.5,1.25,-1.25
29,75,1,1,1.25,1.25,0.0
29,76,0,3,0.0,3.75,3.75
29,77,1,0,1.25,0.0,-1.25
29,78,2,4,2.5,5.0,2.5
29,79,0,1,0.0,1.25,1.25
29,80,1,0,1.25,0.0,-1.25
29,81,1,1,1.25,1.25,0.0
29,82,2,2,2.5,2.5,0.0
29,83,0,4,0.0,5.0,5.0
29,84,0,3,0.0,3.75,3.75
29,85,4,2,5.0,2.5,-2.5
29,86,3,1,3.75,1.25,-2.5
29,87,0,1,0.0,1.25,1.25
29,88,2,4,2.5,5.0,2.5
29,89,5,2,6.25,2.5,-3.75
29,90,5,5,6.25,6.25,0.0
29,91,2,0,2.5,0.0,-2.5
29,92,2,0,2.5,0.0,-2.5
29,93,0,1,0.0,1.25,1.25
29,94,2,2,2.5,2.5,0.0
29,95,0,0,0.0,0.0,0.0
29,96,0,2,0.0,2.5,2.5
29,97,0,2,0.0,2.5,2.5
29,98,1,0,1.25,0.0,-1.25
29,99,1,0,1.25,0.0,-1.25
29,100,3,0,3.75,0.0,-3.75
29,101,5,4,6.25,5.0,-1.25
29,102,5,5,6.25,6.25,0.0
29,103,2,0,2.5,0.0,-2.5
29,104,0,1,0.0,1.25,1.25
29,105,2,3,2.5,3.75,1.25
29,106,6,1,7.5,1.25,-6.25
29,107,3,3,3.75,3.75,0.0
29,108,4,3,5.0,3.75,-1.25
29,109,2,2,2.5,2.5,0.0
29,110,3,2,3.75,2.5,-1.25
29,111,3,5,3.75,6.25,2.5
29,112,5,6,6.25,7.5,1.25
29,113,8,3,10.0,3.75,-6.25
29,114,5,5,6.25,6.25,0.0
29,115,0,1,0.0,1.25,1.25
29,116,6,2,7.5,2.5,-5.0
29,117,0,1,0.0,1.25,1.25
29,118,3,3,3.75,3.75,0.0
29,119,1,3,1.25,3.75,2.5
29,120,3,0,3.75,0.0,-3.75
29,121,1,0,1.25,0.0,-1.25
29,122,1,0,1.25,0.0,-1.25
29,123,2,0,2.5,0.0,-2.5
29,124,1,2,1.25,2.5,1.25
29,125,0,2,0.0,2.5,2.5
29,126,3,4,3.75,5.0,1.25
29,127,2,3,2.5,3.75,1.25
29,128,3,2,3.75,2.5,-1.25
29,129,2,0,2.5,0.0,-2.5
29,130,0,1,0.0,1.25,1.25
29,131,2,0,2.5,0.0,-2.5
29,132,4,0,5.0,0.0,-5.0
29,133,0,1,0.0,1.25,1.25
29,134,1,1,1.25,1.25,0.0
30,0,1,0,1.25,0.0,-1.25
30,1,2,0,2.5,0.0,-2.5
30,2,0,0,0.0,0.0,0.0
30,3,0,0,0.0,0.0,0.0
30,4,0,0,0.0,0.0,0.0
30,5,2,2,2.5,2.5,0.0
30,6,1,0,1.25,0.0,-1.25
30,7,0,0,0.0,0.0,0.0
30,8,2,1,2.5,1.25,-1.25
30,9,1,0,1.25,0.0,-1.25
30,10,0,0,0.0,0.0,0.0
30,11,0,0,0.0,0.0,0.0
30,12,1,0,1.25,0.0,-1.25
30,13,0,0,0.0,0.0,0.0
30,14,0,0,0.0,0.0,0.0
30,15,0,1,0.0,1.25,1.25
30,16,1,0,1.25,0.0,-1.25
30,17,0,1,0.0,1.25,1.25
30,18,2,1,2.5,1.25,-1.25
30,19,0,1,0.0,1.25,1.25
30,20,0,0,0.0,0.0,0.0
30,21,0,1,0.0,1.25,1.25
30,22,0,0,0.0,0.0,0.0
30,23,0,5,0.0,6.25,6.25
30,24,0,1,0.0,1.25,1.25
30,25,0,0,0.0,0.0,0.0
30,26,0,0,0.0,0.0,0.0
30,27,0,1,0.0,1.25,1.25
30,28,0,0,0.0,0.0,0.0
30,29,0,0,0.0,0.0,0.0
30,30,0,0,0.0,0.0,0.0
30,31,2,1,2.5,1.25,-1.25
30,32,0,0,0.0,0.0,0.0
30,33,0,1,0.0,1.25,1.25
30,34,0,1,0.0,1.25,1.25
30,35,0,3,0.0,3.75,3.75
30,36,0,3,0.0,3.75,3.75
30,37,0,1,0.0,1.25,1.25
30,38,0,2,0.0,2.5,2.5
30,39,0,1,0.0,1.25,1.25
30,40,4,0,5.0,0.0,-5.0
30,41,0,0,0.0,0.0,0.0
30,42,0,1,0.0,1.25,1.25
30,43,0,0,0.0,0.0,0.0
30,44,0,0,0.0,0.0,0.0
30,45,0,0,0.0,0.0,0.0
30,46,0,0,0.0,0.0,0.0
30,47,0,0,0.0,0.0,0.0
30,48,1,1,1.25,1.25,0.0
30,49,0,0,0.0,0.0,0.0
30,50,2,0,2.5,0.0,-2.5
30,51,0,0,0.0,0.0,0.0
30,52,0,0,0.0,0.0,0.0
30,53,0,1,0.0,1.25,1.25
30,54,0,0,0.0,0.0,0.0
30,55,0,0,0.0,0.0,0.0
30,56,2,2,2.5,2.5,0.0
30,57,0,1,0.0,1.25,1.25
30,58,0,0,0.0,0.0,0.0
30,59,0,0,0.0,0.0,0.0
30,60,0,0,0.0,0.0,0.0
30,61,1,0,1.25,0.0,-1.25
30,62,1,2,1.25,2.5,1.25
30,63,0,0,0.0,0.0,0.0
30,64,1,1,1.25,1.25,0.0
30,65,0,1,0.0,1.25,1.25
30,66,0,2,0.0,2.5,2.5
30,67,0,0,0.0,0.0,0.0
30,68,3,0,3.75,0.0,-3.75
30,69,2,1,2.5,1.25,-1.25
30,70,2,0,2.5,0.0,-2.5
30,71,0,0,0.0,0.0,0.0
30,72,0,2,0.0,2.5,2.5
30,73,0,0,0.0,0.0,0.0
30,74,1,2,1.25,2.5,1.25
30,75,0,0,0.0,0.0,0.0
30,76,0,0,0.0,0.0,0.0
30,77,2,0,2.5,0.0,-2.5
30,78,0,0,0.0,0.0,0.0
30,79,0,0,0.0,0.0,0.0
30,80,0,1,0.0,1.25,1.25
30,81,1,0,1.25,0.0,-1.25
30,82,2,1,2.5,1.25,-1.25
30,83,0,0,0.0,0.0,0.0
30,84,0,0,0.0,0.0,0.0
30,85,0,0,0.0,0.0,0.0
30,86,1,0,1.25,0.0,-1.25
30,87,1,0,1.25,0.0,-1.25
30,88,0,2,0.0,2.5,2.5
30,89,0,1,0.0,1.25,1.25
30,90,0,0,0.0,0.0,0.0
30,91,0,0,0.0,0.0,0.0
30,92,2,0,2.5,0.0,-2.5
30,93,2,1,2.5,1.25,-1.25
30,94,2,0,2.5,0.0,-2.5
30,95,0,0,0.0,0.0,0.0
30,96,0,0,0.0,0.0,0.0
30,97,0,0,0.0,0.0,0.0
30,98,0,0,0.0,0.0,0.0
30,99,0,1,0.0,1.25,1.25
30,100,1,1,1.25,1.25,0.0
30,101,1,1,1.25,1.25,0.0
30,102,1,1,1.25,1.25,0.0
30,103,1,0,1.25,0.0,-1.25
30,104,0,0,0.0,0.0,0.0
30,105,0,1,0.0,1.25,1.25
30,106,0,0,0.0,0.0,0.0
30,107,2,0,2.5,0.0,-2.5
30,108,0,0,0.0,0.0,0.0
30,109,0,3,0.0,3.75,3.75
30,110,0,2,0.0,2.5,2.5
30,111,0,2,0.0,2.5,2.5
30,112,0,1,0.0,1.25,1.25
30,113,0,1,0.0,1.25,1.25
30,114,2,0,2.5,0.0,-2.5
30,115,0,0,0.0,0.0,0.0
30,116,0,0,0.0,0.0,0.0
30,117,1,3,1.25,3.75,2.5
30,118,0,1,0.0,1.25,1.25
30,119,2,1,2.5,1.25,-1.25
30,120,0,1,0.0,1.25,1.25
30,121,4,0,5.0,0.0,-5.0
30,122,2,1,2.5,1.25,-1.25
30,123,0,0,0.0,0.0,0.0
30,124,0,0,0.0,0.0,0.0
30,125,0,0,0.0,0.0,0.0
30,126,0,4,0.0,5.0,5.0
30,127,0,2,0.0,2.5,2.5
30,128,2,0,2.5,0.0,-2.5
30,129,0,0,0.0,0.0,0.0
30,130,0,1,0.0,1.25,1.25
30,131,0,2,0.0,2.5,2.5
30,132,2,0,2.5,0.0,-2.5
30,133,0,4,0.0,5.0,5.0
30,134,0,0,0.0,0.0,0.0
31,0,0,0,0.0,0.0,0.0
31,1,0,0,0.0,0.0,0.0
31,2,0,2,0.0,2.5,2.5
31,3,6,0,7.5,0.0,-7.5
31,4,3,2,3.75,2.5,-1.25
31,5,1,1,1.25,1.25,0.0
31,6,2,0,2.5,0.0,-2.5
31,7,1,0,1.25,0.0,-1.25
31,8,5,6,6.25,7.5,1.25
31,9,1,0,1.25,0.0,-1.25
31,10,0,2,0.0,2.5,2.5
31,11,0,3,0.0,3.75,3.75
31,12,0,1,0.0,1.25,1.25
31,13,2,5,2.5,6.25,3.75
31,14,0,2,0.0,2.5,2.5
31,15,2,1,2.5,1.25,-1.25
31,16,0,0,0.0,0.0,0.0
31,17,2,1,2.5,1.25,-1.25
31,18,0,1,0.0,1.25,1.25
31,19,2,4,2.5,5.0,2.5
31,20,2,2,2.5,2.5,0.0
31,21,2,3,2.5,3.75,1.25
31,22,1,1,1.25,1.25,0.0
31,23,1,3,1.25,3.75,2.5
31,24,0,1,0.0,1.25,1.25
31,25,0,0,0.0,0.0,0.0
31,26,1,1,1.25,1.25,0.0
31,27,1,1,1.25,1.25,0.0
31,28,3,1,3.75,1.25,-2.5
31,29,6,2,7.5,2.5,-5.0
31,30,2,11,2.5,13.75,11.25
31,31,4,2,5.0,2.5,-2.5
31,32,0,4,0.0,5.0,5.0
31,33,1,2,1.25,2.5,1.25
31,34,6,0,7.5,0.0,-7.5
31,35,0,5,0.0,6.25,6.25
31,36,1,2,1.25,2.5,1.25
31,37,4,0,5.0,0.0,-5.0
31,38,1,2,1.25,2.5,1.25
31,39,4,1,5.0,1.25,-3.75
31,40,2,2,2.5,2.5,0.0
31,41,5,3,6.25,3.75,-2.5
31,42,3,2,3.75,2.5,-1.25
31,43,3,3,3.75,3.75,0.0
31,44,1,2,1.25,2.5,1.25
31,45,5,2,6.25,2.5,-3.75
31,46,3,2,3.75,2.5,-1.25
31,47,2,5,2.5,6.25,3.75
31,48,5,0,6.25,0.0,-6.25
31,49,17,7,21.25,8.75,-12.5
31,50,2,1,2.5,1.25,-1.25
31,51,1,1,1.25,1.25,0.0
31,52,4,0,5.0,0.0,-5.0
31,53,5,3,6.25,3.75,-2.5
31,54,1,1,1.25,1.25,0.0
31,55,0,2,0.0,2.5,2.5
31,56,0,0,0.0,0.0,0.0
31,57,2,0,2.5,0.0,-2.5
31,58,0,2,0.0,2.5,2.5
31,59,1,4,1.25,5.0,3.75
31,60,3,2,3.75,2.5,-1.25
31,61,5,1,6.25,1.25,-5.0
31,62,4,1,5.0,1.25,-3.75
31,63,3,4,3.75,5.0,1.25
31,64,1,2,1.25,2.5,1.25
31,65,1,3,1.25,3.75,2.5
31,66,0,2,0.0,2.5,2.5
31,67,1,1,1.25,1.25,0.0
31,68,1,0,1.25,0.0,-1.25
31,69,2,3,2.5,3.75,1.25
31,70,0,2,0.0,2.5,2.5
31,71,0,0,0.0,0.0,0.0
31,72,0,1,0.0,1.25,1.25
31,73,1,1,1.25,1.25,0.0
31,74,4,2,5.0,2.5,-2.5
31,75,1,2,1.25,2.5,1.25
31,76,1,0,1.25,0.0,-1.25
31,77,1,0,1.25,0.0,-1.25
31,78,0,7,0.0,8.75,8.75
31,79,1,1,1.25,1.25,0.0
31,80,1,1,1.25,1.25,0.0
31,81,0,0,0.0,0.0,0.0
31,82,2,2,2.5,2.5,0.0
31,83,0,0,0.0,0.0,0.0
31,84,0,0,0.0,0.0,0.0
31,85,0,0,0.0,0.0,0.0
31,86,0,1,0.0,1.25,1.25
31,87,2,0,2.5,0.0,-2.5
31,88,1,4,1.25,5.0,3.75
31,89,0,2,0.0,2.5,2.5
31,90,0,1,0.0,1.25,1.25
31,91,0,7,0.0,8.75,8.75
31,92,2,0,2.5,0.0,-2.5
31,93,3,2,3.75,2.5,-1.25
31,94,1,3,1.25,3.75,2.5
31,95,2,0,2.5,0.0,-2.5
31,96,1,5,1.25,6.25,5.0
31,97,1,2,1.25,2.5,1.25
31,98,4,0,5.0,0.0,-5.0
31,99,2,0,2.5,0.0,-2.5
31,100,1,1,1.25,1.25,0.0
31,101,0,3,0.0,3.75,3.75
31,102,1,1,1.25,1.25,0.0
31,103,3,5,3.75,6.25,2.5
31,104,2,4,2.5,5.0,2.5
31,105,1,0,1.25,0.0,-1.25
31,106,2,0,2.5,0.0,-2.5
31,107,2,0,2.5,0.0,-2.5
31,108,1,0,1.25,0.0,-1.25
31,109,0,0,0.0,0.0,0.0
31,110,1,2,1.25,2.5,1.25
31,111,1,2,1.25,2.5,1.25
31,112,3,3,3.75,3.75,0.0
31,113,4,0,5.0,0.0,-5.0
31,114,0,2,0.0,2.5,2.5
31,115,0,2,0.0,2.5,2.5
31,116,0,1,0.0,1.25,1.25
31,117,2,0,2.5,0.0,-2.5
31,118,1,0,1.25,0.0,-1.25
31,119,2,1,2.5,1.25,-1.25
31,120,4,1,5.0,1.25,-3.75
31,121,4,0,5.0,0.0,-5.0
31,122,3,0,3.75,0.0,-3.75
31,123,1,0,1.25,0.0,-1.25
31,124,5,5,6.25,6.25,0.0
31,125,2,1,2.5,1.25,-1.25
31,126,1,3,1.25,3.75,2.5
31,127,1,0,1.25,0.0,-1.25
31,128,2,1,2.5,1.25,-1.25
31,129,8,1,10.0,1.25,-8.75
31,130,0,1,0.0,1.25,1.25
31,131,3,4,3.75,5.0,1.25
31,132,2,0,2.5,0.0,-2.5
31,133,0,1,0.0,1.25,1.25
31,134,1,0,1.25,0.0,-1.25
