unit_id,trial_id,baseline_count,response_count,baseline_rate_hz,response_rate_hz,rate_difference_hz
0,0,0,0,0.0,0.0,0.0
0,1,1,2,1.25,2.5,1.25
0,2,0,1,0.0,1.25,1.25
0,3,1,0,1.25,0.0,-1.25
0,4,0,2,0.0,2.5,2.5
0,5,0,0,0.0,0.0,0.0
0,6,2,0,2.5,0.0,-2.5
0,7,0,0,0.0,0.0,0.0
0,8,1,0,1.25,0.0,-1.25
0,9,1,1,1.25,1.25,0.0
0,10,1,1,1.25,1.25,0.0
0,11,1,0,1.25,0.0,-1.25
0,12,0,1,0.0,1.25,1.25
0,13,1,0,1.25,0.0,-1.25
0,14,0,0,0.0,0.0,0.0
0,15,2,0,2.5,0.0,-2.5
0,16,0,1,0.0,1.25,1.25
0,17,0,0,0.0,0.0,0.0
0,18,1,1,1.25,1.25,0.0
0,19,1,2,1.25,2.5,1.25
0,20,1,1,1.25,1.25,0.0
0,21,0,1,0.0,1.25,1.25
0,22,2,0,2.5,0.0,-2.5
0,23,4,10,5.0,12.5,7.5
0,24,0,0,0.0,0.0,0.0
0,25,0,0,0.0,0.0,0.0
0,26,0,1,0.0,1.25,1.25
0,27,0,2,0.0,2.5,2.5
0,28,0,2,0.0,2.5,2.5
0,29,0,0,0.0,0.0,0.0
0,30,2,0,2.5,0.0,-2.5
0,31,2,0,2.5,0.0,-2.5
0,32,0,1,0.0,1.25,1.25
0,33,0,0,0.0,0.0,0.0
0,34,0,0,0.0,0.0,0.0
0,35,0,0,0.0,0.0,0.0
0,36,0,0,0.0,0.0,0.0
0,37,0,0,0.0,0.0,0.0
0,38,0,0,0.0,0.0,0.0
0,39,0,20,0.0,25.0,25.0
0,40,0,0,0.0,0.0,0.0
0,41,0,0,0.0,0.0,0.0
0,42,1,0,1.25,0.0,-1.25
0,43,1,0,1.25,0.0,-1.25
0,44,0,0,0.0,0.0,0.0
0,45,1,2,1.25,2.5,1.25
0,46,0,0,0.0,0.0,0.0
0,47,0,0,0.0,0.0,0.0
0,48,0,0,0.0,0.0,0.0
0,49,1,0,1.25,0.0,-1.25
0,50,0,2,0.0,2.5,2.5
0,51,0,0,0.0,0.0,0.0
0,52,2,2,2.5,2.5,0.0
0,53,1,0,1.25,0.0,-1.25
0,54,1,0,1.25,0.0,-1.25
0,55,0,0,0.0,0.0,0.0
0,56,2,0,2.5,0.0,-2.5
0,57,2,0,2.5,0.0,-2.5
0,58,2,1,2.5,1.25,-1.25
0,59,2,1,2.5,1.25,-1.25
0,60,0,2,0.0,2.5,2.5
0,61,0,0,0.0,0.0,0.0
0,62,0,0,0.0,0.0,0.0
0,63,1,0,1.25,0.0,-1.25
0,64,0,1,0.0,1.25,1.25
0,65,0,0,0.0,0.0,0.0
0,66,0,0,0.0,0.0,0.0
0,67,0,0,0.0,0.0,0.0
0,68,1,0,1.25,0.0,-1.25
0,69,0,0,0.0,0.0,0.0
0,70,0,0,0.0,0.0,0.0
0,71,0,0,0.0,0.0,0.0
0,72,1,0,1.25,0.0,-1.25
0,73,1,0,1.25,0.0,-1.25
0,74,0,0,0.0,0.0,0.0
0,75,1,3,1.25,3.75,2.5
0,76,0,0,0.0,0.0,0.0
0,77,0,0,0.0,0.0,0.0
0,78,1,0,1.25,0.0,-1.25
0,79,0,1,0.0,1.25,1.25
0,80,1,0,1.25,0.0,-1.25
0,81,0,0,0.0,0.0,0.0
0,82,0,0,0.0,0.0,0.0
0,83,0,0,0.0,0.0,0.0
0,84,0,1,0.0,1.25,1.25
0,85,0,0,0.0,0.0,0.0
0,86,0,0,0.0,0.0,0.0
0,87,0,4,0.0,5.0,5.0
0,88,0,0,0.0,0.0,0.0
0,89,0,1,0.0,1.25,1.25
0,90,3,0,3.75,0.0,-3.75
0,91,1,1,1.25,1.25,0.0
0,92,0,0,0.0,0.0,0.0
0,93,0,1,0.0,1.25,1.25
0,94,0,1,0.0,1.25,1.25
0,95,0,0,0.0,0.0,0.0
0,96,1,1,1.25,1.25,0.0
0,97,1,0,1.25,0.0,-1.25
0,98,0,0,0.0,0.0,0.0
0,99,0,0,0.0,0.0,0.0
0,100,0,0,0.0,0.0,0.0
0,101,0,1,0.0,1.25,1.25
0,102,0,1,0.0,1.25,1.25
0,103,0,1,0.0,1.25,1.25
0,104,0,0,0.0,0.0,0.0
0,105,1,0,1.25,0.0,-1.25
0,106,2,2,2.5,2.5,0.0
0,107,0,1,0.0,1.25,1.25
0,108,0,0,0.0,0.0,0.0
0,109,0,0,0.0,0.0,0.0
0,110,1,0,1.25,0.0,-1.25
0,111,3,0,3.75,0.0,-3.75
0,112,1,0,1.25,0.0,-1.25
0,113,0,0,0.0,0.0,0.0
0,114,0,0,0.0,0.0,0.0
0,115,0,0,0.0,0.0,0.0
0,116,0,0,0.0,0.0,0.0
0,117,1,0,1.25,0.0,-1.25
0,118,0,0,0.0,0.0,0.0
0,119,0,1,0.0,1.25,1.25
0,120,0,0,0.0,0.0,0.0
0,121,0,1,0.0,1.25,1.25
0,122,0,0,0.0,0.0,0.0
0,123,0,0,0.0,0.0,0.0
0,124,0,0,0.0,0.0,0.0
0,125,0,0,0.0,0.0,0.0
0,126,0,0,0.0,0.0,0.0
0,127,0,0,0.0,0.0,0.0
0,128,0,0,0.0,0.0,0.0
0,129,0,0,0.0,0.0,0.0
0,130,0,0,0.0,0.0,0.0
0,131,2,2,2.5,2.5,0.0
0,132,0,0,0.0,0.0,0.0
0,133,0,0,0.0,0.0,0.0
0,134,0,0,0.0,0.0,0.0
1,0,1,0,1.25,0.0,-1.25
1,1,1,0,1.25,0.0,-1.25
1,2,2,1,2.5,1.25,-1.25
1,3,0,2,0.0,2.5,2.5
1,4,1,3,1.25,3.75,2.5
1,5,0,0,0.0,0.0,0.0
1,6,0,0,0.0,0.0,0.0
1,7,0,0,0.0,0.0,0.0
1,8,1,0,1.25,0.0,-1.25
1,9,1,0,1.25,0.0,-1.25
1,10,1,1,1.25,1.25,0.0
1,11,1,0,1.25,0.0,-1.25
1,12,0,1,0.0,1.25,1.25
1,13,1,1,1.25,1.25,0.0
1,14,0,0,0.0,0.0,0.0
1,15,0,0,0.0,0.0,0.0
1,16,0,1,0.0,1.25,1.25
1,17,0,0,0.0,0.0,0.0
1,18,1,0,1.25,0.0,-1.25
1,19,0,1,0.0,1.25,1.25
1,20,0,0,0.0,0.0,0.0
1,21,1,0,1.25,0.0,-1.25
1,22,0,0,0.0,0.0,0.0
1,23,10,11,12.5,13.75,1.25
1,24,0,0,0.0,0.0,0.0
1,25,0,0,0.0,0.0,0.0
1,26,0,1,0.0,1.25,1.25
1,27,2,0,2.5,0.0,-2.5
1,28,1,2,1.25,2.5,1.25
1,29,0,0,0.0,0.0,0.0
1,30,0,0,0.0,0.0,0.0
1,31,0,0,0.0,0.0,0.0
1,32,0,1,0.0,1.25,1.25
1,33,0,0,0.0,0.0,0.0
1,34,0,0,0.0,0.0,0.0
1,35,0,0,0.0,0.0,0.0
1,36,0,0,0.0,0.0,0.0
1,37,0,0,0.0,0.0,0.0
1,38,0,0,0.0,0.0,0.0
1,39,2,30,2.5,37.5,35.0
1,40,0,0,0.0,0.0,0.0
1,41,0,0,0.0,0.0,0.0
1,42,0,0,0.0,0.0,0.0
1,43,1,2,1.25,2.5,1.25
1,44,0,1,0.0,1.25,1.25
1,45,1,0,1.25,0.0,-1.25
1,46,1,0,1.25,0.0,-1.25
1,47,0,0,0.0,0.0,0.0
1,48,0,0,0.0,0.0,0.0
1,49,0,0,0.0,0.0,0.0
1,50,0,0,0.0,0.0,0.0
1,51,0,0,0.0,0.0,0.0
1,52,1,0,1.25,0.0,-1.25
1,53,0,0,0.0,0.0,0.0
1,54,0,0,0.0,0.0,0.0
1,55,0,0,0.0,0.0,0.0
1,56,1,1,1.25,1.25,0.0
1,57,0,0,0.0,0.0,0.0
1,58,0,3,0.0,3.75,3.75
1,59,4,0,5.0,0.0,-5.0
1,60,0,1,0.0,1.25,1.25
1,61,0,2,0.0,2.5,2.5
1,62,1,0,1.25,0.0,-1.25
1,63,0,1,0.0,1.25,1.25
1,64,0,0,0.0,0.0,0.0
1,65,1,0,1.25,0.0,-1.25
1,66,0,0,0.0,0.0,0.0
1,67,0,0,0.0,0.0,0.0
1,68,0,0,0.0,0.0,0.0
1,69,0,0,0.0,0.0,0.0
1,70,0,0,0.0,0.0,0.0
1,71,0,0,0.0,0.0,0.0
1,72,0,1,0.0,1.25,1.25
1,73,0,1,0.0,1.25,1.25
1,74,1,0,1.25,0.0,-1.25
1,75,1,2,1.25,2.5,1.25
1,76,0,0,0.0,0.0,0.0
1,77,1,0,1.25,0.0,-1.25
1,78,1,0,1.25,0.0,-1.25
1,79,1,0,1.25,0.0,-1.25
1,80,1,3,1.25,3.75,2.5
1,81,0,0,0.0,0.0,0.0
1,82,2,1,2.5,1.25,-1.25
1,83,0,0,0.0,0.0,0.0
1,84,1,1,1.25,1.25,0.0
1,85,0,1,0.0,1.25,1.25
1,86,1,0,1.25,0.0,-1.25
1,87,0,0,0.0,0.0,0.0
1,88,0,1,0.0,1.25,1.25
1,89,1,0,1.25,0.0,-1.25
1,90,0,2,0.0,2.5,2.5
1,91,0,2,0.0,2.5,2.5
1,92,1,0,1.25,0.0,-1.25
1,93,0,0,0.0,0.0,0.0
1,94,0,2,0.0,2.5,2.5
1,95,0,0,0.0,0.0,0.0
1,96,1,0,1.25,0.0,-1.25
1,97,1,0,1.25,0.0,-1.25
1,98,0,0,0.0,0.0,0.0
1,99,0,0,0.0,0.0,0.0
1,100,0,0,0.0,0.0,0.0
1,101,0,0,0.0,0.0,0.0
1,102,0,0,0.0,0.0,0.0
1,103,0,0,0.0,0.0,0.0
1,104,0,1,0.0,1.25,1.25
1,105,0,0,0.0,0.0,0.0
1,106,0,3,0.0,3.75,3.75
1,107,0,0,0.0,0.0,0.0
1,108,0,1,0.0,1.25,1.25
1,109,0,0,0.0,0.0,0.0
1,110,2,0,2.5,0.0,-2.5
1,111,0,1,0.0,1.25,1.25
1,112,0,1,0.0,1.25,1.25
1,113,0,0,0.0,0.0,0.0
1,114,0,1,0.0,1.25,1.25
1,115,0,1,0.0,1.25,1.25
1,116,0,0,0.0,0.0,0.0
1,117,0,1,0.0,1.25,1.25
1,118,0,0,0.0,0.0,0.0
1,119,0,0,0.0,0.0,0.0
1,120,1,0,1.25,0.0,-1.25
1,121,0,0,0.0,0.0,0.0
1,122,1,0,1.25,0.0,-1.25
1,123,0,2,0.0,2.5,2.5
1,124,0,0,0.0,0.0,0.0
1,125,0,1,0.0,1.25,1.25
1,126,1,0,1.25,0.0,-1.25
1,127,0,0,0.0,0.0,0.0
1,128,0,0,0.0,0.0,0.0
1,129,0,0,0.0,0.0,0.0
1,130,0,0,0.0,0.0,0.0
1,131,1,2,1.25,2.5,1.25
1,132,0,1,0.0,1.25,1.25
1,133,0,0,0.0,0.0,0.0
1,134,0,0,0.0,0.0,0.0
2,0,0,0,0.0,0.0,0.0
2,1,0,0,0.0,0.0,0.0
2,2,0,2,0.0,2.5,2.5
2,3,0,0,0.0,0.0,0.0
2,4,0,1,0.0,1.25,1.25
2,5,0,0,0.0,0.0,0.0
2,6,0,0,0.0,0.0,0.0
2,7,0,0,0.0,0.0,0.0
2,8,0,0,0.0,0.0,0.0
2,9,0,1,0.0,1.25,1.25
2,10,0,1,0.0,1.25,1.25
2,11,0,0,0.0,0.0,0.0
2,12,0,3,0.0,3.75,3.75
2,13,1,0,1.25,0.0,-1.25
2,14,3,1,3.75,1.25,-2.5
2,15,0,0,0.0,0.0,0.0
2,16,0,1,0.0,1.25,1.25
2,17,0,0,0.0,0.0,0.0
2,18,0,2,0.0,2.5,2.5
2,19,0,0,0.0,0.0,0.0
2,20,0,0,0.0,0.0,0.0
2,21,3,0,3.75,0.0,-3.75
2,22,0,3,0.0,3.75,3.75
2,23,1,2,1.25,2.5,1.25
2,24,0,2,0.0,2.5,2.5
2,25,0,2,0.0,2.5,2.5
2,26,1,2,1.25,2.5,1.25
2,27,0,1,0.0,1.25,1.25
2,28,0,0,0.0,0.0,0.0
2,29,0,0,0.0,0.0,0.0
2,30,0,0,0.0,0.0,0.0
2,31,0,0,0.0,0.0,0.0
2,32,1,1,1.25,1.25,0.0
2,33,1,0,1.25,0.0,-1.25
2,34,0,0,0.0,0.0,0.0
2,35,0,0,0.0,0.0,0.0
2,36,0,0,0.0,0.0,0.0
2,37,0,0,0.0,0.0,0.0
2,38,0,0,0.0,0.0,0.0
2,39,1,0,1.25,0.0,-1.25
2,40,0,0,0.0,0.0,0.0
2,41,0,0,0.0,0.0,0.0
2,42,0,0,0.0,0.0,0.0
2,43,1,1,1.25,1.25,0.0
2,44,0,0,0.0,0.0,0.0
2,45,1,1,1.25,1.25,0.0
2,46,0,1,0.0,1.25,1.25
2,47,0,0,0.0,0.0,0.0
2,48,0,0,0.0,0.0,0.0
2,49,0,0,0.0,0.0,0.0
2,50,0,0,0.0,0.0,0.0
2,51,1,1,1.25,1.25,0.0
2,52,0,0,0.0,0.0,0.0
2,53,1,0,1.25,0.0,-1.25
2,54,1,1,1.25,1.25,0.0
2,55,0,1,0.0,1.25,1.25
2,56,1,2,1.25,2.5,1.25
2,57,0,0,0.0,0.0,0.0
2,58,0,2,0.0,2.5,2.5
2,59,1,5,1.25,6.25,5.0
2,60,1,0,1.25,0.0,-1.25
2,61,0,2,0.0,2.5,2.5
2,62,1,0,1.25,0.0,-1.25
2,63,1,0,1.25,0.0,-1.25
2,64,0,0,0.0,0.0,0.0
2,65,1,0,1.25,0.0,-1.25
2,66,0,0,0.0,0.0,0.0
2,67,0,0,0.0,0.0,0.0
2,68,1,1,1.25,1.25,0.0
2,69,1,1,1.25,1.25,0.0
2,70,1,0,1.25,0.0,-1.25
2,71,0,0,0.0,0.0,0.0
2,72,3,0,3.75,0.0,-3.75
2,73,0,2,0.0,2.5,2.5
2,74,3,0,3.75,0.0,-3.75
2,75,0,0,0.0,0.0,0.0
2,76,0,1,0.0,1.25,1.25
2,77,0,0,0.0,0.0,0.0
2,78,0,0,0.0,0.0,0.0
2,79,0,0,0.0,0.0,0.0
2,80,0,2,0.0,2.5,2.5
2,81,2,0,2.5,0.0,-2.5
2,82,1,0,1.25,0.0,-1.25
2,83,0,1,0.0,1.25,1.25
2,84,0,0,0.0,0.0,0.0
2,85,0,1,0.0,1.25,1.25
2,86,0,2,0.0,2.5,2.5
2,87,1,0,1.25,0.0,-1.25
2,88,0,1,0.0,1.25,1.25
2,89,0,0,0.0,0.0,0.0
2,90,1,2,1.25,2.5,1.25
2,91,0,0,0.0,0.0,0.0
2,92,0,0,0.0,0.0,0.0
2,93,1,2,1.25,2.5,1.25
2,94,2,4,2.5,5.0,2.5
2,95,2,0,2.5,0.0,-2.5
2,96,3,4,3.75,5.0,1.25
2,97,1,4,1.25,5.0,3.75
2,98,1,1,1.25,1.25,0.0
2,99,2,4,2.5,5.0,2.5
2,100,1,2,1.25,2.5,1.25
2,101,0,0,0.0,0.0,0.0
2,102,5,1,6.25,1.25,-5.0
2,103,1,2,1.25,2.5,1.25
2,104,2,0,2.5,0.0,-2.5
2,105,4,0,5.0,0.0,-5.0
2,106,0,0,0.0,0.0,0.0
2,107,0,0,0.0,0.0,0.0
2,108,2,3,2.5,3.75,1.25
2,109,1,1,1.25,1.25,0.0
2,110,0,0,0.0,0.0,0.0
2,111,0,0,0.0,0.0,0.0
2,112,0,0,0.0,0.0,0.0
2,113,1,5,1.25,6.25,5.0
2,114,0,2,0.0,2.5,2.5
2,115,0,0,0.0,0.0,0.0
2,116,1,1,1.25,1.25,0.0
2,117,4,4,5.0,5.0,0.0
2,118,3,1,3.75,1.25,-2.5
2,119,0,0,0.0,0.0,0.0
2,120,0,0,0.0,0.0,0.0
2,121,2,0,2.5,0.0,-2.5
2,122,4,1,5.0,1.25,-3.75
2,123,1,2,1.25,2.5,1.25
2,124,2,2,2.5,2.5,0.0
2,125,0,0,0.0,0.0,0.0
2,126,0,0,0.0,0.0,0.0
2,127,0,0,0.0,0.0,0.0
2,128,0,2,0.0,2.5,2.5
2,129,3,2,3.75,2.5,-1.25
2,130,0,0,0.0,0.0,0.0
2,131,0,0,0.0,0.0,0.0
2,132,1,0,1.25,0.0,-1.25
2,133,2,1,2.5,1.25,-1.25
2,134,0,0,0.0,0.0,0.0
3,0,6,7,7.5,8.75,1.25
3,1,3,2,3.75,2.5,-1.25
3,2,4,4,5.0,5.0,0.0
3,3,3,2,3.75,2.5,-1.25
3,4,2,3,2.5,3.75,1.25
3,5,0,0,0.0,0.0,0.0
3,6,0,0,0.0,0.0,0.0
3,7,0,0,0.0,0.0,0.0
3,8,1,2,1.25,2.5,1.25
3,9,3,4,3.75,5.0,1.25
3,10,2,2,2.5,2.5,0.0
3,11,3,6,3.75,7.5,3.75
3,12,5,2,6.25,2.5,-3.75
3,13,8,2,10.0,2.5,-7.5
3,14,2,2,2.5,2.5,0.0
3,15,5,2,6.25,2.5,-3.75
3,16,6,3,7.5,3.75,-3.75
3,17,6,6,7.5,7.5,0.0
3,18,4,6,5.0,7.5,2.5
3,19,7,5,8.75,6.25,-2.5
3,20,2,3,2.5,3.75,1.25
3,21,3,3,3.75,3.75,0.0
3,22,6,6,7.5,7.5,0.0
3,23,15,12,18.75,15.0,-3.75
3,24,5,4,6.25,5.0,-1.25
3,25,7,5,8.75,6.25,-2.5
3,26,6,4,7.5,5.0,-2.5
3,27,13,6,16.25,7.5,-8.75
3,28,1,2,1.25,2.5,1.25
3,29,4,5,5.0,6.25,1.25
3,30,3,1,3.75,1.25,-2.5
3,31,3,2,3.75,2.5,-1.25
3,32,5,7,6.25,8.75,2.5
3,33,6,6,7.5,7.5,0.0
3,34,2,0,2.5,0.0,-2.5
3,35,2,0,2.5,0.0,-2.5
3,36,5,4,6.25,5.0,-1.25
3,37,1,0,1.25,0.0,-1.25
3,38,0,0,0.0,0.0,0.0
3,39,0,0,0.0,0.0,0.0
3,40,0,0,0.0,0.0,0.0
3,41,0,0,0.0,0.0,0.0
3,42,3,1,3.75,1.25,-2.5
3,43,4,5,5.0,6.25,1.25
3,44,6,8,7.5,10.0,2.5
3,45,3,2,3.75,2.5,-1.25
3,46,9,6,11.25,7.5,-3.75
3,47,5,2,6.25,2.5,-3.75
3,48,6,8,7.5,10.0,2.5
3,49,5,3,6.25,3.75,-2.5
3,50,5,5,6.25,6.25,0.0
3,51,4,9,5.0,11.25,6.25
3,52,4,6,5.0,7.5,2.5
3,53,3,8,3.75,10.0,6.25
3,54,7,2,8.75,2.5,-6.25
3,55,8,5,10.0,6.25,-3.75
3,56,3,2,3.75,2.5,-1.25
3,57,4,5,5.0,6.25,1.25
3,58,2,5,2.5,6.25,3.75
3,59,5,7,6.25,8.75,2.5
3,60,6,5,7.5,6.25,-1.25
3,61,3,2,3.75,2.5,-1.25
3,62,7,6,8.75,7.5,-1.25
3,63,7,5,8.75,6.25,-2.5
3,64,7,6,8.75,7.5,-1.25
3,65,4,0,5.0,0.0,-5.0
3,66,0,0,0.0,0.0,0.0
3,67,4,5,5.0,6.25,1.25
3,68,7,6,8.75,7.5,-1.25
3,69,7,7,8.75,8.75,0.0
3,70,10,5,12.5,6.25,-6.25
3,71,8,4,10.0,5.0,-5.0
3,72,10,10,12.5,12.5,0.0
3,73,2,6,2.5,7.5,5.0
3,74,7,2,8.75,2.5,-6.25
3,75,2,6,2.5,7.5,5.0
3,76,4,1,5.0,1.25,-3.75
3,77,0,2,0.0,2.5,2.5
3,78,7,7,8.75,8.75,0.0
3,79,5,13,6.25,16.25,10.0
3,80,3,6,3.75,7.5,3.75
3,81,1,3,1.25,3.75,2.5
3,82,1,14,1.25,17.5,16.25
3,83,3,2,3.75,2.5,-1.25
3,84,6,4,7.5,5.0,-2.5
3,85,6,3,7.5,3.75,-3.75
3,86,4,4,5.0,5.0,0.0
3,87,4,2,5.0,2.5,-2.5
3,88,8,8,10.0,10.0,0.0
3,89,9,9,11.25,11.25,0.0
3,90,6,4,7.5,5.0,-2.5
3,91,7,4,8.75,5.0,-3.75
3,92,7,3,8.75,3.75,-5.0
3,93,4,4,5.0,5.0,0.0
3,94,3,4,3.75,5.0,1.25
3,95,2,5,2.5,6.25,3.75
3,96,3,2,3.75,2.5,-1.25
3,97,3,1,3.75,1.25,-2.5
3,98,2,3,2.5,3.75,1.25
3,99,0,0,0.0,0.0,0.0
3,100,1,2,1.25,2.5,1.25
3,101,4,6,5.0,7.5,2.5
3,102,9,5,11.25,6.25,-5.0
3,103,6,5,7.5,6.25,-1.25
3,104,4,4,5.0,5.0,0.0
3,105,1,4,1.25,5.0,3.75
3,106,2,0,2.5,0.0,-2.5
3,107,2,1,2.5,1.25,-1.25
3,108,4,2,5.0,2.5,-2.5
3,109,4,2,5.0,2.5,-2.5
3,110,0,0,0.0,0.0,0.0
3,111,0,0,0.0,0.0,0.0
3,112,1,1,1.25,1.25,0.0
3,113,0,2,0.0,2.5,2.5
3,114,4,1,5.0,1.25,-3.75
3,115,0,1,0.0,1.25,1.25
3,116,1,3,1.25,3.75,2.5
3,117,1,2,1.25,2.5,1.25
3,118,3,2,3.75,2.5,-1.25
3,119,0,0,0.0,0.0,0.0
3,120,0,0,0.0,0.0,0.0
3,121,5,2,6.25,2.5,-3.75
3,122,4,0,5.0,0.0,-5.0
3,123,0,1,0.0,1.25,1.25
3,124,2,2,2.5,2.5,0.0
3,125,0,0,0.0,0.0,0.0
3,126,0,0,0.0,0.0,0.0
3,127,1,8,1.25,10.0,8.75
3,128,8,4,10.0,5.0,-5.0
3,129,2,4,2.5,5.0,2.5
3,130,7,3,8.75,3.75,-5.0
3,131,4,4,5.0,5.0,0.0
3,132,3,3,3.75,3.75,0.0
3,133,3,3,3.75,3.75,0.0
3,134,0,0,0.0,0.0,0.0
4,0,0,0,0.0,0.0,0.0
4,1,0,0,0.0,0.0,0.0
4,2,0,0,0.0,0.0,0.0
4,3,0,0,0.0,0.0,0.0
4,4,0,0,0.0,0.0,0.0
4,5,0,0,0.0,0.0,0.0
4,6,0,0,0.0,0.0,0.0
4,7,0,0,0.0,0.0,0.0
4,8,0,0,0.0,0.0,0.0
4,9,0,0,0.0,0.0,0.0
4,10,0,0,0.0,0.0,0.0
4,11,0,0,0.0,0.0,0.0
4,12,0,0,0.0,0.0,0.0
4,13,0,0,0.0,0.0,0.0
4,14,0,0,0.0,0.0,0.0
4,15,0,0,0.0,0.0,0.0
4,16,0,1,0.0,1.25,1.25
4,17,0,0,0.0,0.0,0.0
4,18,0,0,0.0,0.0,0.0
4,19,0,0,0.0,0.0,0.0
4,20,1,0,1.25,0.0,-1.25
4,21,1,0,1.25,0.0,-1.25
4,22,2,0,2.5,0.0,-2.5
4,23,1,1,1.25,1.25,0.0
4,24,3,0,3.75,0.0,-3.75
4,25,2,1,2.5,1.25,-1.25
4,26,2,0,2.5,0.0,-2.5
4,27,1,2,1.25,2.5,1.25
4,28,0,0,0.0,0.0,0.0
4,29,0,0,0.0,0.0,0.0
4,30,0,0,0.0,0.0,0.0
4,31,0,2,0.0,2.5,2.5
4,32,0,2,0.0,2.5,2.5
4,33,0,0,0.0,0.0,0.0
4,34,3,0,3.75,0.0,-3.75
4,35,0,0,0.0,0.0,0.0
4,36,0,0,0.0,0.0,0.0
4,37,0,0,0.0,0.0,0.0
4,38,0,0,0.0,0.0,0.0
4,39,0,0,0.0,0.0,0.0
4,40,0,0,0.0,0.0,0.0
4,41,0,0,0.0,0.0,0.0
4,42,2,0,2.5,0.0,-2.5
4,43,2,2,2.5,2.5,0.0
4,44,0,1,0.0,1.25,1.25
4,45,0,0,0.0,0.0,0.0
4,46,1,0,1.25,0.0,-1.25
4,47,0,0,0.0,0.0,0.0
4,48,1,0,1.25,0.0,-1.25
4,49,0,0,0.0,0.0,0.0
4,50,0,0,0.0,0.0,0.0
4,51,0,0,0.0,0.0,0.0
4,52,0,0,0.0,0.0,0.0
4,53,2,1,2.5,1.25,-1.25
4,54,1,1,1.25,1.25,0.0
4,55,0,0,0.0,0.0,0.0
4,56,0,0,0.0,0.0,0.0
4,57,0,0,0.0,0.0,0.0
4,58,0,0,0.0,0.0,0.0
4,59,1,1,1.25,1.25,0.0
4,60,0,0,0.0,0.0,0.0
4,61,4,1,5.0,1.25,-3.75
4,62,0,0,0.0,0.0,0.0
4,63,0,0,0.0,0.0,0.0
4,64,0,5,0.0,6.25,6.25
4,65,0,0,0.0,0.0,0.0
4,66,0,0,0.0,0.0,0.0
4,67,1,1,1.25,1.25,0.0
4,68,0,0,0.0,0.0,0.0
4,69,0,2,0.0,2.5,2.5
4,70,0,0,0.0,0.0,0.0
4,71,0,0,0.0,0.0,0.0
4,72,0,0,0.0,0.0,0.0
4,73,2,0,2.5,0.0,-2.5
4,74,1,0,1.25,0.0,-1.25
4,75,0,0,0.0,0.0,0.0
4,76,0,2,0.0,2.5,2.5
4,77,1,0,1.25,0.0,-1.25
4,78,0,2,0.0,2.5,2.5
4,79,2,1,2.5,1.25,-1.25
4,80,4,1,5.0,1.25,-3.75
4,81,0,1,0.0,1.25,1.25
4,82,1,0,1.25,0.0,-1.25
4,83,1,0,1.25,0.0,-1.25
4,84,0,1,0.0,1.25,1.25
4,85,0,1,0.0,1.25,1.25
4,86,1,0,1.25,0.0,-1.25
4,87,1,1,1.25,1.25,0.0
4,88,0,1,0.0,1.25,1.25
4,89,0,1,0.0,1.25,1.25
4,90,0,0,0.0,0.0,0.0
4,91,0,2,0.0,2.5,2.5
4,92,0,2,0.0,2.5,2.5
4,93,0,1,0.0,1.25,1.25
4,94,2,0,2.5,0.0,-2.5
4,95,0,1,0.0,1.25,1.25
4,96,0,0,0.0,0.0,0.0
4,97,0,0,0.0,0.0,0.0
4,98,0,0,0.0,0.0,0.0
4,99,0,0,0.0,0.0,0.0
4,100,0,2,0.0,2.5,2.5
4,101,0,0,0.0,0.0,0.0
4,102,0,2,0.0,2.5,2.5
4,103,1,2,1.25,2.5,1.25
4,104,3,1,3.75,1.25,-2.5
4,105,0,0,0.0,0.0,0.0
4,106,0,0,0.0,0.0,0.0
4,107,0,0,0.0,0.0,0.0
4,108,2,0,2.5,0.0,-2.5
4,109,3,0,3.75,0.0,-3.75
4,110,2,0,2.5,0.0,-2.5
4,111,1,0,1.25,0.0,-1.25
4,112,0,1,0.0,1.25,1.25
4,113,2,3,2.5,3.75,1.25
4,114,0,1,0.0,1.25,1.25
4,115,1,1,1.25,1.25,0.0
4,116,0,1,0.0,1.25,1.25
4,117,2,0,2.5,0.0,-2.5
4,118,0,0,0.0,0.0,0.0
4,119,0,0,0.0,0.0,0.0
4,120,0,0,0.0,0.0,0.0
4,121,0,0,0.0,0.0,0.0
4,122,1,2,1.25,2.5,1.25
4,123,0,0,0.0,0.0,0.0
4,124,0,0,0.0,0.0,0.0
4,125,0,0,0.0,0.0,0.0
4,126,0,0,0.0,0.0,0.0
4,127,0,0,0.0,0.0,0.0
4,128,1,0,1.25,0.0,-1.25
4,129,0,1,0.0,1.25,1.25
4,130,0,0,0.0,0.0,0.0
4,131,0,0,0.0,0.0,0.0
4,132,1,0,1.25,0.0,-1.25
4,133,0,0,0.0,0.0,0.0
4,134,0,0,0.0,0.0,0.0
5,0,0,0,0.0,0.0,0.0
5,1,0,0,0.0,0.0,0.0
5,2,0,0,0.0,0.0,0.0
5,3,0,0,0.0,0.0,0.0
5,4,0,0,0.0,0.0,0.0
5,5,0,0,0.0,0.0,0.0
5,6,0,0,0.0,0.0,0.0
5,7,0,0,0.0,0.0,0.0
5,8,0,0,0.0,0.0,0.0
5,9,0,1,0.0,1.25,1.25
5,10,0,1,0.0,1.25,1.25
5,11,2,0,2.5,0.0,-2.5
5,12,0,0,0.0,0.0,0.0
5,13,0,0,0.0,0.0,0.0
5,14,0,0,0.0,0.0,0.0
5,15,0,0,0.0,0.0,0.0
5,16,0,0,0.0,0.0,0.0
5,17,0,0,0.0,0.0,0.0
5,18,0,0,0.0,0.0,0.0
5,19,0,0,0.0,0.0,0.0
5,20,0,0,0.0,0.0,0.0
5,21,1,2,1.25,2.5,1.25
5,22,3,0,3.75,0.0,-3.75
5,23,1,0,1.25,0.0,-1.25
5,24,1,0,1.25,0.0,-1.25
5,25,1,0,1.25,0.0,-1.25
5,26,0,0,0.0,0.0,0.0
5,27,0,1,0.0,1.25,1.25
5,28,0,0,0.0,0.0,0.0
5,29,0,0,0.0,0.0,0.0
5,30,0,0,0.0,0.0,0.0
5,31,0,0,0.0,0.0,0.0
5,32,0,0,0.0,0.0,0.0
5,33,0,1,0.0,1.25,1.25
5,34,0,0,0.0,0.0,0.0
5,35,0,0,0.0,0.0,0.0
5,36,0,0,0.0,0.0,0.0
5,37,0,0,0.0,0.0,0.0
5,38,0,0,0.0,0.0,0.0
5,39,0,0,0.0,0.0,0.0
5,40,0,0,0.0,0.0,0.0
5,41,0,0,0.0,0.0,0.0
5,42,1,1,1.25,1.25,0.0
5,43,1,2,1.25,2.5,1.25
5,44,1,0,1.25,0.0,-1.25
5,45,0,0,0.0,0.0,0.0
5,46,0,0,0.0,0.0,0.0
5,47,0,0,0.0,0.0,0.0
5,48,0,0,0.0,0.0,0.0
5,49,0,0,0.0,0.0,0.0
5,50,0,1,0.0,1.25,1.25
5,51,0,0,0.0,0.0,0.0
5,52,1,0,1.25,0.0,-1.25
5,53,1,0,1.25,0.0,-1.25
5,54,1,2,1.25,2.5,1.25
5,55,3,0,3.75,0.0,-3.75
5,56,0,0,0.0,0.0,0.0
5,57,1,0,1.25,0.0,-1.25
5,58,1,1,1.25,1.25,0.0
5,59,1,1,1.25,1.25,0.0
5,60,0,3,0.0,3.75,3.75
5,61,1,1,1.25,1.25,0.0
5,62,0,0,0.0,0.0,0.0
5,63,0,0,0.0,0.0,0.0
5,64,1,3,1.25,3.75,2.5
5,65,0,0,0.0,0.0,0.0
5,66,0,0,0.0,0.0,0.0
5,67,0,0,0.0,0.0,0.0
5,68,1,1,1.25,1.25,0.0
5,69,1,1,1.25,1.25,0.0
5,70,1,0,1.25,0.0,-1.25
5,71,0,0,0.0,0.0,0.0
5,72,0,0,0.0,0.0,0.0
5,73,0,0,0.0,0.0,0.0
5,74,1,0,1.25,0.0,-1.25
5,75,0,0,0.0,0.0,0.0
5,76,0,4,0.0,5.0,5.0
5,77,1,3,1.25,3.75,2.5
5,78,2,1,2.5,1.25,-1.25
5,79,1,0,1.25,0.0,-1.25
5,80,1,0,1.25,0.0,-1.25
5,81,0,1,0.0,1.25,1.25
5,82,1,1,1.25,1.25,0.0
5,83,0,0,0.0,0.0,0.0
5,84,3,2,3.75,2.5,-1.25
5,85,1,1,1.25,1.25,0.0
5,86,0,0,0.0,0.0,0.0
5,87,1,1,1.25,1.25,0.0
5,88,1,1,1.25,1.25,0.0
5,89,1,1,1.25,1.25,0.0
5,90,0,1,0.0,1.25,1.25
5,91,0,0,0.0,0.0,0.0
5,92,0,0,0.0,0.0,0.0
5,93,0,0,0.0,0.0,0.0
5,94,6,0,7.5,0.0,-7.5
5,95,2,0,2.5,0.0,-2.5
5,96,1,1,1.25,1.25,0.0
5,97,0,0,0.0,0.0,0.0
5,98,1,2,1.25,2.5,1.25
5,99,0,0,0.0,0.0,0.0
5,100,0,1,0.0,1.25,1.25
5,101,0,0,0.0,0.0,0.0
5,102,1,3,1.25,3.75,2.5
5,103,2,1,2.5,1.25,-1.25
5,104,1,2,1.25,2.5,1.25
5,105,1,1,1.25,1.25,0.0
5,106,0,0,0.0,0.0,0.0
5,107,0,0,0.0,0.0,0.0
5,108,1,0,1.25,0.0,-1.25
5,109,1,1,1.25,1.25,0.0
5,110,0,0,0.0,0.0,0.0
5,111,0,0,0.0,0.0,0.0
5,112,2,0,2.5,0.0,-2.5
5,113,0,1,0.0,1.25,1.25
5,114,0,0,0.0,0.0,0.0
5,115,0,0,0.0,0.0,0.0
5,116,2,1,2.5,1.25,-1.25
5,117,1,0,1.25,0.0,-1.25
5,118,0,0,0.0,0.0,0.0
5,119,0,0,0.0,0.0,0.0
5,120,0,0,0.0,0.0,0.0
5,121,0,2,0.0,2.5,2.5
5,122,0,0,0.0,0.0,0.0
5,123,0,0,0.0,0.0,0.0
5,124,0,0,0.0,0.0,0.0
5,125,0,0,0.0,0.0,0.0
5,126,0,0,0.0,0.0,0.0
5,127,0,2,0.0,2.5,2.5
5,128,1,1,1.25,1.25,0.0
5,129,1,2,1.25,2.5,1.25
5,130,0,0,0.0,0.0,0.0
5,131,0,1,0.0,1.25,1.25
5,132,0,0,0.0,0.0,0.0
5,133,0,0,0.0,0.0,0.0
5,134,0,0,0.0,0.0,0.0
6,0,10,14,12.5,17.5,5.0
6,1,2,11,2.5,13.75,11.25
6,2,10,5,12.5,6.25,-6.25
6,3,11,10,13.75,12.5,-1.25
6,4,17,13,21.25,16.25,-5.0
6,5,9,6,11.25,7.5,-3.75
6,6,7,12,8.75,15.0,6.25
6,7,6,7,7.5,8.75,1.25
6,8,10,7,12.5,8.75,-3.75
6,9,6,5,7.5,6.25,-1.25
6,10,10,7,12.5,8.75,-3.75
6,11,5,8,6.25,10.0,3.75
6,12,4,6,5.0,7.5,2.5
6,13,7,2,8.75,2.5,-6.25
6,14,8,11,10.0,13.75,3.75
6,15,5,6,6.25,7.5,1.25
6,16,7,5,8.75,6.25,-2.5
6,17,8,0,10.0,0.0,-10.0
6,18,6,10,7.5,12.5,5.0
6,19,8,5,10.0,6.25,-3.75
6,20,2,9,2.5,11.25,8.75
6,21,3,8,3.75,10.0,6.25
6,22,0,9,0.0,11.25,11.25
6,23,0,11,0.0,13.75,13.75
6,24,2,6,2.5,7.5,5.0
6,25,9,1,11.25,1.25,-10.0
6,26,10,7,12.5,8.75,-3.75
6,27,7,10,8.75,12.5,3.75
6,28,2,13,2.5,16.25,13.75
6,29,9,9,11.25,11.25,0.0
6,30,4,7,5.0,8.75,3.75
6,31,11,6,13.75,7.5,-6.25
6,32,4,13,5.0,16.25,11.25
6,33,1,12,1.25,15.0,13.75
6,34,5,3,6.25,3.75,-2.5
6,35,2,4,2.5,5.0,2.5
6,36,7,11,8.75,13.75,5.0
6,37,2,14,2.5,17.5,15.0
6,38,7,6,8.75,7.5,-1.25
6,39,0,4,0.0,5.0,5.0
6,40,9,16,11.25,20.0,8.75
6,41,9,7,11.25,8.75,-2.5
6,42,5,11,6.25,13.75,7.5
6,43,6,12,7.5,15.0,7.5
6,44,14,7,17.5,8.75,-8.75
6,45,1,12,1.25,15.0,13.75
6,46,7,13,8.75,16.25,7.5
6,47,9,5,11.25,6.25,-5.0
6,48,8,12,10.0,15.0,5.0
6,49,6,10,7.5,12.5,5.0
6,50,2,6,2.5,7.5,5.0
6,51,4,10,5.0,12.5,7.5
6,52,4,4,5.0,5.0,0.0
6,53,6,1,7.5,1.25,-6.25
6,54,11,11,13.75,13.75,0.0
6,55,9,4,11.25,5.0,-6.25
6,56,2,2,2.5,2.5,0.0
6,57,8,3,10.0,3.75,-6.25
6,58,3,11,3.75,13.75,10.0
6,59,1,11,1.25,13.75,12.5
6,60,9,9,11.25,11.25,0.0
6,61,15,6,18.75,7.5,-11.25
6,62,4,4,5.0,5.0,0.0
6,63,2,11,2.5,13.75,11.25
6,64,10,0,12.5,0.0,-12.5
6,65,4,0,5.0,0.0,-5.0
6,66,4,9,5.0,11.25,6.25
6,67,5,10,6.25,12.5,6.25
6,68,8,5,10.0,6.25,-3.75
6,69,9,1,11.25,1.25,-10.0
6,70,12,5,15.0,6.25,-8.75
6,71,3,10,3.75,12.5,8.75
6,72,4,14,5.0,17.5,12.5
6,73,7,6,8.75,7.5,-1.25
6,74,4,13,5.0,16.25,11.25
6,75,7,10,8.75,12.5,3.75
6,76,7,2,8.75,2.5,-6.25
6,77,2,5,2.5,6.25,3.75
6,78,6,4,7.5,5.0,-2.5
6,79,4,2,5.0,2.5,-2.5
6,80,14,2,17.5,2.5,-15.0
6,81,4,5,5.0,6.25,1.25
6,82,12,1,15.0,1.25,-13.75
6,83,8,7,10.0,8.75,-1.25
6,84,4,4,5.0,5.0,0.0
6,85,3,2,3.75,2.5,-1.25
6,86,2,4,2.5,5.0,2.5
6,87,5,5,6.25,6.25,0.0
6,88,3,10,3.75,12.5,8.75
6,89,2,2,2.5,2.5,0.0
6,90,5,3,6.25,3.75,-2.5
6,91,4,4,5.0,5.0,0.0
6,92,6,4,7.5,5.0,-2.5
6,93,1,9,1.25,11.25,10.0
6,94,7,0,8.75,0.0,-8.75
6,95,7,4,8.75,5.0,-3.75
6,96,0,6,0.0,7.5,7.5
6,97,7,2,8.75,2.5,-6.25
6,98,4,5,5.0,6.25,1.25
6,99,1,12,1.25,15.0,13.75
6,100,8,6,10.0,7.5,-2.5
6,101,5,6,6.25,7.5,1.25
6,102,8,15,10.0,18.75,8.75
6,103,8,19,10.0,23.75,13.75
6,104,4,5,5.0,6.25,1.25
6,105,2,1,2.5,1.25,-1.25
6,106,0,7,0.0,8.75,8.75
6,107,1,5,1.25,6.25,5.0
6,108,3,2,3.75,2.5,-1.25
6,109,4,5,5.0,6.25,1.25
6,110,5,1,6.25,1.25,-5.0
6,111,2,6,2.5,7.5,5.0
6,112,3,1,3.75,1.25,-2.5
6,113,2,9,2.5,11.25,8.75
6,114,3,6,3.75,7.5,3.75
6,115,4,3,5.0,3.75,-1.25
6,116,3,1,3.75,1.25,-2.5
6,117,1,4,1.25,5.0,3.75
6,118,6,4,7.5,5.0,-2.5
6,119,8,4,10.0,5.0,-5.0
6,120,7,3,8.75,3.75,-5.0
6,121,5,1,6.25,1.25,-5.0
6,122,11,5,13.75,6.25,-7.5
6,123,7,11,8.75,13.75,5.0
6,124,8,8,10.0,10.0,0.0
6,125,2,2,2.5,2.5,0.0
6,126,6,1,7.5,1.25,-6.25
6,127,4,6,5.0,7.5,2.5
6,128,8,1,10.0,1.25,-8.75
6,129,2,13,2.5,16.25,13.75
6,130,6,3,7.5,3.75,-3.75
6,131,8,1,10.0,1.25,-8.75
6,132,5,10,6.25,12.5,6.25
6,133,2,1,2.5,1.25,-1.25
6,134,5,7,6.25,8.75,2.5
7,0,3,3,3.75,3.75,0.0
7,1,3,1,3.75,1.25,-2.5
7,2,2,2,2.5,2.5,0.0
7,3,2,0,2.5,0.0,-2.5
7,4,1,1,1.25,1.25,0.0
7,5,2,5,2.5,6.25,3.75
7,6,2,1,2.5,1.25,-1.25
7,7,2,1,2.5,1.25,-1.25
7,8,2,1,2.5,1.25,-1.25
7,9,3,2,3.75,2.5,-1.25
7,10,4,2,5.0,2.5,-2.5
7,11,1,7,1.25,8.75,7.5
7,12,4,5,5.0,6.25,1.25
7,13,2,1,2.5,1.25,-1.25
7,14,0,4,0.0,5.0,5.0
7,15,0,0,0.0,0.0,0.0
7,16,1,4,1.25,5.0,3.75
7,17,1,4,1.25,5.0,3.75
7,18,0,2,0.0,2.5,2.5
7,19,3,2,3.75,2.5,-1.25
7,20,3,1,3.75,1.25,-2.5
7,21,4,7,5.0,8.75,3.75
7,22,2,4,2.5,5.0,2.5
7,23,3,2,3.75,2.5,-1.25
7,24,4,1,5.0,1.25,-3.75
7,25,2,7,2.5,8.75,6.25
7,26,0,2,0.0,2.5,2.5
7,27,3,1,3.75,1.25,-2.5
7,28,1,2,1.25,2.5,1.25
7,29,2,6,2.5,7.5,5.0
7,30,3,1,3.75,1.25,-2.5
7,31,0,2,0.0,2.5,2.5
7,32,1,0,1.25,0.0,-1.25
7,33,1,3,1.25,3.75,2.5
7,34,2,8,2.5,10.0,7.5
7,35,1,4,1.25,5.0,3.75
7,36,0,1,0.0,1.25,1.25
7,37,1,1,1.25,1.25,0.0
7,38,3,2,3.75,2.5,-1.25
7,39,1,0,1.25,0.0,-1.25
7,40,11,2,13.75,2.5,-11.25
7,41,1,8,1.25,10.0,8.75
7,42,1,2,1.25,2.5,1.25
7,43,4,0,5.0,0.0,-5.0
7,44,3,3,3.75,3.75,0.0
7,45,4,2,5.0,2.5,-2.5
7,46,0,5,0.0,6.25,6.25
7,47,2,0,2.5,0.0,-2.5
7,48,4,2,5.0,2.5,-2.5
7,49,2,1,2.5,1.25,-1.25
7,50,3,5,3.75,6.25,2.5
7,51,0,2,0.0,2.5,2.5
7,52,5,4,6.25,5.0,-1.25
7,53,5,2,6.25,2.5,-3.75
7,54,9,2,11.25,2.5,-8.75
7,55,2,4,2.5,5.0,2.5
7,56,6,1,7.5,1.25,-6.25
7,57,4,1,5.0,1.25,-3.75
7,58,3,0,3.75,0.0,-3.75
7,59,6,1,7.5,1.25,-6.25
7,60,3,5,3.75,6.25,2.5
7,61,4,0,5.0,0.0,-5.0
7,62,1,4,1.25,5.0,3.75
7,63,1,1,1.25,1.25,0.0
7,64,7,4,8.75,5.0,-3.75
7,65,3,5,3.75,6.25,2.5
7,66,3,0,3.75,0.0,-3.75
7,67,0,5,0.0,6.25,6.25
7,68,5,5,6.25,6.25,0.0
7,69,0,1,0.0,1.25,1.25
7,70,3,1,3.75,1.25,-2.5
7,71,0,0,0.0,0.0,0.0
7,72,2,1,2.5,1.25,-1.25
7,73,2,1,2.5,1.25,-1.25
7,74,2,2,2.5,2.5,0.0
7,75,3,2,3.75,2.5,-1.25
7,76,4,4,5.0,5.0,0.0
7,77,0,1,0.0,1.25,1.25
7,78,2,2,2.5,2.5,0.0
7,79,6,1,7.5,1.25,-6.25
7,80,0,3,0.0,3.75,3.75
7,81,1,5,1.25,6.25,5.0
7,82,2,1,2.5,1.25,-1.25
7,83,0,0,0.0,0.0,0.0
7,84,0,1,0.0,1.25,1.25
7,85,0,1,0.0,1.25,1.25
7,86,1,3,1.25,3.75,2.5
7,87,0,4,0.0,5.0,5.0
7,88,2,2,2.5,2.5,0.0
7,89,1,12,1.25,15.0,13.75
7,90,5,2,6.25,2.5,-3.75
7,91,0,0,0.0,0.0,0.0
7,92,4,4,5.0,5.0,0.0
7,93,6,3,7.5,3.75,-3.75
7,94,1,8,1.25,10.0,8.75
7,95,1,7,1.25,8.75,7.5
7,96,3,3,3.75,3.75,0.0
7,97,2,9,2.5,11.25,8.75
7,98,1,2,1.25,2.5,1.25
7,99,2,3,2.5,3.75,1.25
7,100,7,0,8.75,0.0,-8.75
7,101,1,5,1.25,6.25,5.0
7,102,5,3,6.25,3.75,-2.5
7,103,4,1,5.0,1.25,-3.75
7,104,5,4,6.25,5.0,-1.25
7,105,4,7,5.0,8.75,3.75
7,106,3,1,3.75,1.25,-2.5
7,107,4,2,5.0,2.5,-2.5
7,108,3,6,3.75,7.5,3.75
7,109,3,2,3.75,2.5,-1.25
7,110,2,7,2.5,8.75,6.25
7,111,2,1,2.5,1.25,-1.25
7,112,0,2,0.0,2.5,2.5
7,113,5,4,6.25,5.0,-1.25
7,114,3,0,3.75,0.0,-3.75
7,115,4,2,5.0,2.5,-2.5
7,116,4,1,5.0,1.25,-3.75
7,117,3,1,3.75,1.25,-2.5
7,118,1,5,1.25,6.25,5.0
7,119,3,4,3.75,5.0,1.25
7,120,4,9,5.0,11.25,6.25
7,121,1,5,1.25,6.25,5.0
7,122,1,2,1.25,2.5,1.25
7,123,4,4,5.0,5.0,0.0
7,124,1,3,1.25,3.75,2.5
7,125,3,3,3.75,3.75,0.0
7,126,2,1,2.5,1.25,-1.25
7,127,4,3,5.0,3.75,-1.25
7,128,4,4,5.0,5.0,0.0
7,129,3,2,3.75,2.5,-1.25
7,130,0,5,0.0,6.25,6.25
7,131,1,2,1.25,2.5,1.25
7,132,2,3,2.5,3.75,1.25
7,133,2,4,2.5,5.0,2.5
7,134,0,3,0.0,3.75,3.75
8,0,1,0,1.25,0.0,-1.25
8,1,1,1,1.25,1.25,0.0
8,2,1,2,1.25,2.5,1.25
8,3,3,1,3.75,1.25,-2.5
8,4,2,3,2.5,3.75,1.25
8,5,2,1,2.5,1.25,-1.25
8,6,1,0,1.25,0.0,-1.25
8,7,0,1,0.0,1.25,1.25
8,8,0,1,0.0,1.25,1.25
8,9,3,1,3.75,1.25,-2.5
8,10,3,1,3.75,1.25,-2.5
8,11,0,2,0.0,2.5,2.5
8,12,2,5,2.5,6.25,3.75
8,13,2,2,2.5,2.5,0.0
8,14,1,0,1.25,0.0,-1.25
8,15,1,3,1.25,3.75,2.5
8,16,0,0,0.0,0.0,0.0
8,17,2,1,2.5,1.25,-1.25
8,18,2,2,2.5,2.5,0.0
8,19,1,2,1.25,2.5,1.25
8,20,2,1,2.5,1.25,-1.25
8,21,1,3,1.25,3.75,2.5
8,22,2,1,2.5,1.25,-1.25
8,23,0,0,0.0,0.0,0.0
8,24,1,2,1.25,2.5,1.25
8,25,1,4,1.25,5.0,3.75
8,26,2,1,2.5,1.25,-1.25
8,27,4,0,5.0,0.0,-5.0
8,28,2,0,2.5,0.0,-2.5
8,29,3,1,3.75,1.25,-2.5
8,30,1,2,1.25,2.5,1.25
8,31,2,3,2.5,3.75,1.25
8,32,1,2,1.25,2.5,1.25
8,33,0,2,0.0,2.5,2.5
8,34,1,0,1.25,0.0,-1.25
8,35,3,0,3.75,0.0,-3.75
8,36,1,1,1.25,1.25,0.0
8,37,2,2,2.5,2.5,0.0
8,38,0,2,0.0,2.5,2.5
8,39,1,3,1.25,3.75,2.5
8,40,1,1,1.25,1.25,0.0
8,41,3,0,3.75,0.0,-3.75
8,42,1,1,1.25,1.25,0.0
8,43,0,4,0.0,5.0,5.0
8,44,2,3,2.5,3.75,1.25
8,45,2,2,2.5,2.5,0.0
8,46,2,1,2.5,1.25,-1.25
8,47,1,1,1.25,1.25,0.0
8,48,4,3,5.0,3.75,-1.25
8,49,0,0,0.0,0.0,0.0
8,50,5,0,6.25,0.0,-6.25
8,51,1,3,1.25,3.75,2.5
8,52,2,2,2.5,2.5,0.0
8,53,0,2,0.0,2.5,2.5
8,54,1,3,1.25,3.75,2.5
8,55,2,2,2.5,2.5,0.0
8,56,0,2,0.0,2.5,2.5
8,57,2,1,2.5,1.25,-1.25
8,58,2,1,2.5,1.25,-1.25
8,59,0,2,0.0,2.5,2.5
8,60,1,0,1.25,0.0,-1.25
8,61,0,2,0.0,2.5,2.5
8,62,2,0,2.5,0.0,-2.5
8,63,2,0,2.5,0.0,-2.5
8,64,1,3,1.25,3.75,2.5
8,65,5,0,6.25,0.0,-6.25
8,66,1,0,1.25,0.0,-1.25
8,67,4,2,5.0,2.5,-2.5
8,68,0,3,0.0,3.75,3.75
8,69,2,1,2.5,1.25,-1.25
8,70,1,0,1.25,0.0,-1.25
8,71,1,3,1.25,3.75,2.5
8,72,1,1,1.25,1.25,0.0
8,73,3,0,3.75,0.0,-3.75
8,74,2,1,2.5,1.25,-1.25
8,75,1,2,1.25,2.5,1.25
8,76,2,2,2.5,2.5,0.0
8,77,2,0,2.5,0.0,-2.5
8,78,0,1,0.0,1.25,1.25
8,79,1,4,1.25,5.0,3.75
8,80,0,2,0.0,2.5,2.5
8,81,1,1,1.25,1.25,0.0
8,82,2,2,2.5,2.5,0.0
8,83,1,1,1.25,1.25,0.0
8,84,2,2,2.5,2.5,0.0
8,85,0,1,0.0,1.25,1.25
8,86,0,3,0.0,3.75,3.75
8,87,1,0,1.25,0.0,-1.25
8,88,1,0,1.25,0.0,-1.25
8,89,1,0,1.25,0.0,-1.25
8,90,1,3,1.25,3.75,2.5
8,91,1,1,1.25,1.25,0.0
8,92,1,2,1.25,2.5,1.25
8,93,0,1,0.0,1.25,1.25
8,94,0,2,0.0,2.5,2.5
8,95,2,0,2.5,0.0,-2.5
8,96,2,3,2.5,3.75,1.25
8,97,0,2,0.0,2.5,2.5
8,98,2,0,2.5,0.0,-2.5
8,99,0,3,0.0,3.75,3.75
8,100,0,1,0.0,1.25,1.25
8,101,3,0,3.75,0.0,-3.75
8,102,2,0,2.5,0.0,-2.5
8,103,1,1,1.25,1.25,0.0
8,104,1,2,1.25,2.5,1.25
8,105,0,1,0.0,1.25,1.25
8,106,1,2,1.25,2.5,1.25
8,107,1,1,1.25,1.25,0.0
8,108,2,0,2.5,0.0,-2.5
8,109,1,1,1.25,1.25,0.0
8,110,1,1,1.25,1.25,0.0
8,111,1,0,1.25,0.0,-1.25
8,112,2,3,2.5,3.75,1.25
8,113,1,2,1.25,2.5,1.25
8,114,3,3,3.75,3.75,0.0
8,115,0,0,0.0,0.0,0.0
8,116,1,2,1.25,2.5,1.25
8,117,1,3,1.25,3.75,2.5
8,118,0,1,0.0,1.25,1.25
8,119,0,2,0.0,2.5,2.5
8,120,0,3,0.0,3.75,3.75
8,121,4,0,5.0,0.0,-5.0
8,122,0,3,0.0,3.75,3.75
8,123,1,2,1.25,2.5,1.25
8,124,1,2,1.25,2.5,1.25
8,125,0,1,0.0,1.25,1.25
8,126,1,2,1.25,2.5,1.25
8,127,0,1,0.0,1.25,1.25
8,128,1,1,1.25,1.25,0.0
8,129,0,3,0.0,3.75,3.75
8,130,0,2,0.0,2.5,2.5
8,131,0,3,0.0,3.75,3.75
8,132,1,0,1.25,0.0,-1.25
8,133,2,0,2.5,0.0,-2.5
8,134,1,1,1.25,1.25,0.0
9,0,3,1,3.75,1.25,-2.5
9,1,1,1,1.25,1.25,0.0
9,2,0,1,0.0,1.25,1.25
9,3,1,2,1.25,2.5,1.25
9,4,2,1,2.5,1.25,-1.25
9,5,1,1,1.25,1.25,0.0
9,6,2,3,2.5,3.75,1.25
9,7,1,4,1.25,5.0,3.75
9,8,1,2,1.25,2.5,1.25
9,9,1,2,1.25,2.5,1.25
9,10,1,1,1.25,1.25,0.0
9,11,0,1,0.0,1.25,1.25
9,12,0,1,0.0,1.25,1.25
9,13,1,2,1.25,2.5,1.25
9,14,1,2,1.25,2.5,1.25
9,15,1,0,1.25,0.0,-1.25
9,16,1,0,1.25,0.0,-1.25
9,17,2,2,2.5,2.5,0.0
9,18,2,0,2.5,0.0,-2.5
9,19,1,1,1.25,1.25,0.0
9,20,1,0,1.25,0.0,-1.25
9,21,2,0,2.5,0.0,-2.5
9,22,2,0,2.5,0.0,-2.5
9,23,1,2,1.25,2.5,1.25
9,24,1,0,1.25,0.0,-1.25
9,25,1,2,1.25,2.5,1.25
9,26,3,1,3.75,1.25,-2.5
9,27,0,1,0.0,1.25,1.25
9,28,2,0,2.5,0.0,-2.5
9,29,0,2,0.0,2.5,2.5
9,30,1,1,1.25,1.25,0.0
9,31,1,1,1.25,1.25,0.0
9,32,1,0,1.25,0.0,-1.25
9,33,2,2,2.5,2.5,0.0
9,34,1,2,1.25,2.5,1.25
9,35,2,1,2.5,1.25,-1.25
9,36,1,1,1.25,1.25,0.0
9,37,1,0,1.25,0.0,-1.25
9,38,1,1,1.25,1.25,0.0
9,39,1,0,1.25,0.0,-1.25
9,40,1,2,1.25,2.5,1.25
9,41,0,1,0.0,1.25,1.25
9,42,1,1,1.25,1.25,0.0
9,43,1,1,1.25,1.25,0.0
9,44,0,1,0.0,1.25,1.25
9,45,2,0,2.5,0.0,-2.5
9,46,1,0,1.25,0.0,-1.25
9,47,1,1,1.25,1.25,0.0
9,48,1,1,1.25,1.25,0.0
9,49,1,1,1.25,1.25,0.0
9,50,1,1,1.25,1.25,0.0
9,51,1,1,1.25,1.25,0.0
9,52,1,1,1.25,1.25,0.0
9,53,1,1,1.25,1.25,0.0
9,54,2,0,2.5,0.0,-2.5
9,55,1,2,1.25,2.5,1.25
9,56,2,0,2.5,0.0,-2.5
9,57,1,2,1.25,2.5,1.25
9,58,1,1,1.25,1.25,0.0
9,59,0,1,0.0,1.25,1.25
9,60,2,0,2.5,0.0,-2.5
9,61,0,1,0.0,1.25,1.25
9,62,0,3,0.0,3.75,3.75
9,63,0,2,0.0,2.5,2.5
9,64,2,1,2.5,1.25,-1.25
9,65,1,1,1.25,1.25,0.0
9,66,1,3,1.25,3.75,2.5
9,67,1,1,1.25,1.25,0.0
9,68,2,1,2.5,1.25,-1.25
9,69,1,2,1.25,2.5,1.25
9,70,1,2,1.25,2.5,1.25
9,71,0,1,0.0,1.25,1.25
9,72,3,1,3.75,1.25,-2.5
9,73,1,0,1.25,0.0,-1.25
9,74,1,2,1.25,2.5,1.25
9,75,3,2,3.75,2.5,-1.25
9,76,1,1,1.25,1.25,0.0
9,77,1,0,1.25,0.0,-1.25
9,78,0,3,0.0,3.75,3.75
9,79,1,2,1.25,2.5,1.25
9,80,0,0,0.0,0.0,0.0
9,81,1,1,1.25,1.25,0.0
9,82,3,1,3.75,1.25,-2.5
9,83,1,1,1.25,1.25,0.0
9,84,1,1,1.25,1.25,0.0
9,85,1,1,1.25,1.25,0.0
9,86,1,2,1.25,2.5,1.25
9,87,2,2,2.5,2.5,0.0
9,88,1,3,1.25,3.75,2.5
9,89,2,2,2.5,2.5,0.0
9,90,0,1,0.0,1.25,1.25
9,91,1,4,1.25,5.0,3.75
9,92,0,1,0.0,1.25,1.25
9,93,1,1,1.25,1.25,0.0
9,94,1,1,1.25,1.25,0.0
9,95,1,2,1.25,2.5,1.25
9,96,1,1,1.25,1.25,0.0
9,97,1,3,1.25,3.75,2.5
9,98,2,0,2.5,0.0,-2.5
9,99,1,2,1.25,2.5,1.25
9,100,1,0,1.25,0.0,-1.25
9,101,1,1,1.25,1.25,0.0
9,102,1,1,1.25,1.25,0.0
9,103,1,1,1.25,1.25,0.0
9,104,2,1,2.5,1.25,-1.25
9,105,1,0,1.25,0.0,-1.25
9,106,1,1,1.25,1.25,0.0
9,107,3,1,3.75,1.25,-2.5
9,108,1,0,1.25,0.0,-1.25
9,109,0,1,0.0,1.25,1.25
9,110,1,1,1.25,1.25,0.0
9,111,1,1,1.25,1.25,0.0
9,112,1,1,1.25,1.25,0.0
9,113,0,1,0.0,1.25,1.25
9,114,0,1,0.0,1.25,1.25
9,115,1,1,1.25,1.25,0.0
9,116,2,2,2.5,2.5,0.0
9,117,0,0,0.0,0.0,0.0
9,118,1,1,1.25,1.25,0.0
9,119,2,1,2.5,1.25,-1.25
9,120,1,1,1.25,1.25,0.0
9,121,1,1,1.25,1.25,0.0
9,122,0,1,0.0,1.25,1.25
9,123,1,1,1.25,1.25,0.0
9,124,1,2,1.25,2.5,1.25
9,125,1,0,1.25,0.0,-1.25
9,126,0,1,0.0,1.25,1.25
9,127,1,1,1.25,1.25,0.0
9,128,2,4,2.5,5.0,2.5
9,129,1,1,1.25,1.25,0.0
9,130,1,1,1.25,1.25,0.0
9,131,0,2,0.0,2.5,2.5
9,132,1,1,1.25,1.25,0.0
9,133,1,1,1.25,1.25,0.0
9,134,1,2,1.25,2.5,1.25
10,0,0,2,0.0,2.5,2.5
10,1,0,0,0.0,0.0,0.0
10,2,2,0,2.5,0.0,-2.5
10,3,0,0,0.0,0.0,0.0
10,4,0,0,0.0,0.0,0.0
10,5,0,1,0.0,1.25,1.25
10,6,1,1,1.25,1.25,0.0
10,7,1,2,1.25,2.5,1.25
10,8,0,1,0.0,1.25,1.25
10,9,0,1,0.0,1.25,1.25
10,10,3,1,3.75,1.25,-2.5
10,11,0,2,0.0,2.5,2.5
10,12,0,0,0.0,0.0,0.0
10,13,1,1,1.25,1.25,0.0
10,14,0,0,0.0,0.0,0.0
10,15,0,2,0.0,2.5,2.5
10,16,1,1,1.25,1.25,0.0
10,17,0,2,0.0,2.5,2.5
10,18,0,2,0.0,2.5,2.5
10,19,0,0,0.0,0.0,0.0
10,20,2,0,2.5,0.0,-2.5
10,21,0,1,0.0,1.25,1.25
10,22,1,0,1.25,0.0,-1.25
10,23,0,0,0.0,0.0,0.0
10,24,1,1,1.25,1.25,0.0
10,25,0,3,0.0,3.75,3.75
10,26,0,1,0.0,1.25,1.25
10,27,0,1,0.0,1.25,1.25
10,28,1,4,1.25,5.0,3.75
10,29,0,1,0.0,1.25,1.25
10,30,2,0,2.5,0.0,-2.5
10,31,1,0,1.25,0.0,-1.25
10,32,1,1,1.25,1.25,0.0
10,33,1,1,1.25,1.25,0.0
10,34,0,2,0.0,2.5,2.5
10,35,2,0,2.5,0.0,-2.5
10,36,0,0,0.0,0.0,0.0
10,37,0,0,0.0,0.0,0.0
10,38,0,0,0.0,0.0,0.0
10,39,0,2,0.0,2.5,2.5
10,40,1,2,1.25,2.5,1.25
10,41,1,0,1.25,0.0,-1.25
10,42,0,0,0.0,0.0,0.0
10,43,0,0,0.0,0.0,0.0
10,44,3,0,3.75,0.0,-3.75
10,45,0,1,0.0,1.25,1.25
10,46,1,1,1.25,1.25,0.0
10,47,0,0,0.0,0.0,0.0
10,48,0,0,0.0,0.0,0.0
10,49,0,0,0.0,0.0,0.0
10,50,0,0,0.0,0.0,0.0
10,51,0,0,0.0,0.0,0.0
10,52,0,0,0.0,0.0,0.0
10,53,0,0,0.0,0.0,0.0
10,54,0,0,0.0,0.0,0.0
10,55,0,0,0.0,0.0,0.0
10,56,1,1,1.25,1.25,0.0
10,57,1,0,1.25,0.0,-1.25
10,58,2,1,2.5,1.25,-1.25
10,59,1,0,1.25,0.0,-1.25
10,60,2,0,2.5,0.0,-2.5
10,61,1,1,1.25,1.25,0.0
10,62,2,1,2.5,1.25,-1.25
10,63,0,1,0.0,1.25,1.25
10,64,1,1,1.25,1.25,0.0
10,65,0,0,0.0,0.0,0.0
10,66,0,2,0.0,2.5,2.5
10,67,1,0,1.25,0.0,-1.25
10,68,0,1,0.0,1.25,1.25
10,69,2,1,2.5,1.25,-1.25
10,70,1,0,1.25,0.0,-1.25
10,71,1,1,1.25,1.25,0.0
10,72,0,2,0.0,2.5,2.5
10,73,0,2,0.0,2.5,2.5
10,74,1,0,1.25,0.0,-1.25
10,75,1,0,1.25,0.0,-1.25
10,76,0,2,0.0,2.5,2.5
10,77,0,0,0.0,0.0,0.0
10,78,0,1,0.0,1.25,1.25
10,79,1,1,1.25,1.25,0.0
10,80,0,1,0.0,1.25,1.25
10,81,1,0,1.25,0.0,-1.25
10,82,1,0,1.25,0.0,-1.25
10,83,2,0,2.5,0.0,-2.5
10,84,0,0,0.0,0.0,0.0
10,85,0,0,0.0,0.0,0.0
10,86,1,0,1.25,0.0,-1.25
10,87,0,1,0.0,1.25,1.25
10,88,0,1,0.0,1.25,1.25
10,89,0,0,0.0,0.0,0.0
10,90,0,0,0.0,0.0,0.0
10,91,1,2,1.25,2.5,1.25
10,92,2,1,2.5,1.25,-1.25
10,93,1,2,1.25,2.5,1.25
10,94,1,1,1.25,1.25,0.0
10,95,0,0,0.0,0.0,0.0
10,96,1,0,1.25,0.0,-1.25
10,97,1,1,1.25,1.25,0.0
10,98,1,0,1.25,0.0,-1.25
10,99,2,0,2.5,0.0,-2.5
10,100,1,1,1.25,1.25,0.0
10,101,0,1,0.0,1.25,1.25
10,102,0,2,0.0,2.5,2.5
10,103,0,1,0.0,1.25,1.25
10,104,0,0,0.0,0.0,0.0
10,105,0,0,0.0,0.0,0.0
10,106,1,2,1.25,2.5,1.25
10,107,1,0,1.25,0.0,-1.25
10,108,1,0,1.25,0.0,-1.25
10,109,2,0,2.5,0.0,-2.5
10,110,0,0,0.0,0.0,0.0
10,111,0,2,0.0,2.5,2.5
10,112,0,0,0.0,0.0,0.0
10,113,1,1,1.25,1.25,0.0
10,114,1,1,1.25,1.25,0.0
10,115,0,0,0.0,0.0,0.0
10,116,1,0,1.25,0.0,-1.25
10,117,1,0,1.25,0.0,-1.25
10,118,0,1,0.0,1.25,1.25
10,119,1,0,1.25,0.0,-1.25
10,120,0,1,0.0,1.25,1.25
10,121,0,1,0.0,1.25,1.25
10,122,0,0,0.0,0.0,0.0
10,123,2,1,2.5,1.25,-1.25
10,124,0,0,0.0,0.0,0.0
10,125,0,0,0.0,0.0,0.0
10,126,0,0,0.0,0.0,0.0
10,127,1,1,1.25,1.25,0.0
10,128,0,0,0.0,0.0,0.0
10,129,1,1,1.25,1.25,0.0
10,130,0,0,0.0,0.0,0.0
10,131,0,0,0.0,0.0,0.0
10,132,0,0,0.0,0.0,0.0
10,133,0,1,0.0,1.25,1.25
10,134,0,0,0.0,0.0,0.0
11,0,0,0,0.0,0.0,0.0
11,1,0,0,0.0,0.0,0.0
11,2,0,1,0.0,1.25,1.25
11,3,0,0,0.0,0.0,0.0
11,4,1,0,1.25,0.0,-1.25
11,5,1,3,1.25,3.75,2.5
11,6,1,0,1.25,0.0,-1.25
11,7,1,0,1.25,0.0,-1.25
11,8,0,0,0.0,0.0,0.0
11,9,0,1,0.0,1.25,1.25
11,10,1,1,1.25,1.25,0.0
11,11,0,1,0.0,1.25,1.25
11,12,1,1,1.25,1.25,0.0
11,13,1,1,1.25,1.25,0.0
11,14,2,3,2.5,3.75,1.25
11,15,1,2,1.25,2.5,1.25
11,16,0,2,0.0,2.5,2.5
11,17,1,0,1.25,0.0,-1.25
11,18,0,0,0.0,0.0,0.0
11,19,0,1,0.0,1.25,1.25
11,20,0,0,0.0,0.0,0.0
11,21,0,2,0.0,2.5,2.5
11,22,0,1,0.0,1.25,1.25
11,23,1,0,1.25,0.0,-1.25
11,24,0,0,0.0,0.0,0.0
11,25,0,0,0.0,0.0,0.0
11,26,0,0,0.0,0.0,0.0
11,27,1,1,1.25,1.25,0.0
11,28,0,1,0.0,1.25,1.25
11,29,4,2,5.0,2.5,-2.5
11,30,0,0,0.0,0.0,0.0
11,31,0,1,0.0,1.25,1.25
11,32,0,1,0.0,1.25,1.25
11,33,0,2,0.0,2.5,2.5
11,34,0,0,0.0,0.0,0.0
11,35,1,1,1.25,1.25,0.0
11,36,0,0,0.0,0.0,0.0
11,37,0,0,0.0,0.0,0.0
11,38,0,0,0.0,0.0,0.0
11,39,0,0,0.0,0.0,0.0
11,40,0,1,0.0,1.25,1.25
11,41,1,0,1.25,0.0,-1.25
11,42,0,0,0.0,0.0,0.0
11,43,0,1,0.0,1.25,1.25
11,44,0,3,0.0,3.75,3.75
11,45,0,1,0.0,1.25,1.25
11,46,1,1,1.25,1.25,0.0
11,47,1,1,1.25,1.25,0.0
11,48,0,1,0.0,1.25,1.25
11,49,2,0,2.5,0.0,-2.5
11,50,0,0,0.0,0.0,0.0
11,51,0,0,0.0,0.0,0.0
11,52,1,0,1.25,0.0,-1.25
11,53,0,0,0.0,0.0,0.0
11,54,0,0,0.0,0.0,0.0
11,55,0,0,0.0,0.0,0.0
11,56,0,0,0.0,0.0,0.0
11,57,0,1,0.0,1.25,1.25
11,58,1,2,1.25,2.5,1.25
11,59,0,1,0.0,1.25,1.25
11,60,2,0,2.5,0.0,-2.5
11,61,2,2,2.5,2.5,0.0
11,62,1,1,1.25,1.25,0.0
11,63,1,0,1.25,0.0,-1.25
11,64,1,0,1.25,0.0,-1.25
11,65,1,1,1.25,1.25,0.0
11,66,2,1,2.5,1.25,-1.25
11,67,0,3,0.0,3.75,3.75
11,68,0,0,0.0,0.0,0.0
11,69,3,0,3.75,0.0,-3.75
11,70,1,0,1.25,0.0,-1.25
11,71,0,1,0.0,1.25,1.25
11,72,0,3,0.0,3.75,3.75
11,73,0,0,0.0,0.0,0.0
11,74,0,0,0.0,0.0,0.0
11,75,0,0,0.0,0.0,0.0
11,76,0,1,0.0,1.25,1.25
11,77,0,0,0.0,0.0,0.0
11,78,3,0,3.75,0.0,-3.75
11,79,0,2,0.0,2.5,2.5
11,80,0,0,0.0,0.0,0.0
11,81,0,0,0.0,0.0,0.0
11,82,0,0,0.0,0.0,0.0
11,83,0,1,0.0,1.25,1.25
11,84,0,1,0.0,1.25,1.25
11,85,0,0,0.0,0.0,0.0
11,86,0,0,0.0,0.0,0.0
11,87,0,0,0.0,0.0,0.0
11,88,1,0,1.25,0.0,-1.25
11,89,1,0,1.25,0.0,-1.25
11,90,0,1,0.0,1.25,1.25
11,91,1,0,1.25,0.0,-1.25
11,92,0,0,0.0,0.0,0.0
11,93,1,1,1.25,1.25,0.0
11,94,0,0,0.0,0.0,0.0
11,95,0,0,0.0,0.0,0.0
11,96,0,2,0.0,2.5,2.5
11,97,1,0,1.25,0.0,-1.25
11,98,1,0,1.25,0.0,-1.25
11,99,0,0,0.0,0.0,0.0
11,100,0,2,0.0,2.5,2.5
11,101,1,1,1.25,1.25,0.0
11,102,0,0,0.0,0.0,0.0
11,103,1,0,1.25,0.0,-1.25
11,104,0,0,0.0,0.0,0.0
11,105,0,1,0.0,1.25,1.25
11,106,0,0,0.0,0.0,0.0
11,107,0,1,0.0,1.25,1.25
11,108,0,1,0.0,1.25,1.25
11,109,1,0,1.25,0.0,-1.25
11,110,1,2,1.25,2.5,1.25
11,111,1,2,1.25,2.5,1.25
11,112,0,1,0.0,1.25,1.25
11,113,0,0,0.0,0.0,0.0
11,114,0,3,0.0,3.75,3.75
11,115,0,0,0.0,0.0,0.0
11,116,0,0,0.0,0.0,0.0
11,117,0,0,0.0,0.0,0.0
11,118,0,0,0.0,0.0,0.0
11,119,4,0,5.0,0.0,-5.0
11,120,0,0,0.0,0.0,0.0
11,121,0,0,0.0,0.0,0.0
11,122,1,2,1.25,2.5,1.25
11,123,0,0,0.0,0.0,0.0
11,124,0,2,0.0,2.5,2.5
11,125,1,1,1.25,1.25,0.0
11,126,0,0,0.0,0.0,0.0
11,127,0,1,0.0,1.25,1.25
11,128,2,0,2.5,0.0,-2.5
11,129,0,0,0.0,0.0,0.0
11,130,1,0,1.25,0.0,-1.25
11,131,0,1,0.0,1.25,1.25
11,132,2,0,2.5,0.0,-2.5
11,133,0,3,0.0,3.75,3.75
11,134,1,1,1.25,1.25,0.0
12,0,0,5,0.0,6.25,6.25
12,1,0,0,0.0,0.0,0.0
12,2,0,0,0.0,0.0,0.0
12,3,0,2,0.0,2.5,2.5
12,4,0,0,0.0,0.0,0.0
12,5,0,0,0.0,0.0,0.0
12,6,0,0,0.0,0.0,0.0
12,7,0,0,0.0,0.0,0.0
12,8,0,0,0.0,0.0,0.0
12,9,0,0,0.0,0.0,0.0
12,10,0,0,0.0,0.0,0.0
12,11,0,0,0.0,0.0,0.0
12,12,0,0,0.0,0.0,0.0
12,13,0,0,0.0,0.0,0.0
12,14,0,0,0.0,0.0,0.0
12,15,0,0,0.0,0.0,0.0
12,16,0,0,0.0,0.0,0.0
12,17,0,0,0.0,0.0,0.0
12,18,0,2,0.0,2.5,2.5
12,19,0,0,0.0,0.0,0.0
12,20,0,1,0.0,1.25,1.25
12,21,1,0,1.25,0.0,-1.25
12,22,0,0,0.0,0.0,0.0
12,23,0,0,0.0,0.0,0.0
12,24,0,0,0.0,0.0,0.0
12,25,0,0,0.0,0.0,0.0
12,26,0,0,0.0,0.0,0.0
12,27,1,0,1.25,0.0,-1.25
12,28,0,0,0.0,0.0,0.0
12,29,0,0,0.0,0.0,0.0
12,30,0,0,0.0,0.0,0.0
12,31,0,0,0.0,0.0,0.0
12,32,0,0,0.0,0.0,0.0
12,33,0,0,0.0,0.0,0.0
12,34,0,0,0.0,0.0,0.0
12,35,0,0,0.0,0.0,0.0
12,36,0,0,0.0,0.0,0.0
12,37,0,0,0.0,0.0,0.0
12,38,0,0,0.0,0.0,0.0
12,39,0,2,0.0,2.5,2.5
12,40,1,0,1.25,0.0,-1.25
12,41,0,0,0.0,0.0,0.0
12,42,0,0,0.0,0.0,0.0
12,43,0,0,0.0,0.0,0.0
12,44,0,0,0.0,0.0,0.0
12,45,0,0,0.0,0.0,0.0
12,46,0,2,0.0,2.5,2.5
12,47,0,0,0.0,0.0,0.0
12,48,0,0,0.0,0.0,0.0
12,49,0,0,0.0,0.0,0.0
12,50,0,1,0.0,1.25,1.25
12,51,0,0,0.0,0.0,0.0
12,52,0,0,0.0,0.0,0.0
12,53,0,0,0.0,0.0,0.0
12,54,0,0,0.0,0.0,0.0
12,55,0,0,0.0,0.0,0.0
12,56,0,0,0.0,0.0,0.0
12,57,0,0,0.0,0.0,0.0
12,58,0,0,0.0,0.0,0.0
12,59,0,2,0.0,2.5,2.5
12,60,0,0,0.0,0.0,0.0
12,61,0,0,0.0,0.0,0.0
12,62,0,0,0.0,0.0,0.0
12,63,0,0,0.0,0.0,0.0
12,64,0,0,0.0,0.0,0.0
12,65,0,0,0.0,0.0,0.0
12,66,0,0,0.0,0.0,0.0
12,67,0,0,0.0,0.0,0.0
12,68,0,0,0.0,0.0,0.0
12,69,0,0,0.0,0.0,0.0
12,70,0,0,0.0,0.0,0.0
12,71,0,0,0.0,0.0,0.0
12,72,0,0,0.0,0.0,0.0
12,73,0,0,0.0,0.0,0.0
12,74,0,0,0.0,0.0,0.0
12,75,0,0,0.0,0.0,0.0
12,76,0,3,0.0,3.75,3.75
12,77,0,0,0.0,0.0,0.0
12,78,0,0,0.0,0.0,0.0
12,79,0,0,0.0,0.0,0.0
12,80,0,0,0.0,0.0,0.0
12,81,0,0,0.0,0.0,0.0
12,82,0,0,0.0,0.0,0.0
12,83,0,0,0.0,0.0,0.0
12,84,0,0,0.0,0.0,0.0
12,85,0,0,0.0,0.0,0.0
12,86,0,0,0.0,0.0,0.0
12,87,0,0,0.0,0.0,0.0
12,88,0,1,0.0,1.25,1.25
12,89,0,0,0.0,0.0,0.0
12,90,0,0,0.0,0.0,0.0
12,91,0,0,0.0,0.0,0.0
12,92,0,0,0.0,0.0,0.0
12,93,0,0,0.0,0.0,0.0
12,94,0,0,0.0,0.0,0.0
12,95,0,0,0.0,0.0,0.0
12,96,0,0,0.0,0.0,0.0
12,97,0,0,0.0,0.0,0.0
12,98,0,0,0.0,0.0,0.0
12,99,0,0,0.0,0.0,0.0
12,100,0,0,0.0,0.0,0.0
12,101,0,0,0.0,0.0,0.0
12,102,0,0,0.0,0.0,0.0
12,103,0,0,0.0,0.0,0.0
12,104,0,0,0.0,0.0,0.0
12,105,0,0,0.0,0.0,0.0
12,106,0,0,0.0,0.0,0.0
12,107,0,0,0.0,0.0,0.0
12,108,0,0,0.0,0.0,0.0
12,109,0,0,0.0,0.0,0.0
12,110,0,0,0.0,0.0,0.0
12,111,0,0,0.0,0.0,0.0
12,112,0,0,0.0,0.0,0.0
12,113,0,0,0.0,0.0,0.0
12,114,0,0,0.0,0.0,0.0
12,115,0,0,0.0,0.0,0.0
12,116,0,0,0.0,0.0,0.0
12,117,0,0,0.0,0.0,0.0
12,118,0,0,0.0,0.0,0.0
12,119,0,0,0.0,0.0,0.0
12,120,1,0,1.25,0.0,-1.25
12,121,0,0,0.0,0.0,0.0
12,122,0,0,0.0,0.0,0.0
12,123,0,0,0.0,0.0,0.0
12,124,0,0,0.0,0.0,0.0
12,125,0,0,0.0,0.0,0.0
12,126,0,0,0.0,0.0,0.0
12,127,0,0,0.0,0.0,0.0
12,128,0,0,0.0,0.0,0.0
12,129,0,0,0.0,0.0,0.0
12,130,0,0,0.0,0.0,0.0
12,131,0,0,0.0,0.0,0.0
12,132,0,0,0.0,0.0,0.0
12,133,0,0,0.0,0.0,0.0
12,134,0,0,0.0,0.0,0.0
13,0,1,3,1.25,3.75,2.5
13,1,0,1,0.0,1.25,1.25
13,2,0,2,0.0,2.5,2.5
13,3,0,0,0.0,0.0,0.0
13,4,0,0,0.0,0.0,0.0
13,5,1,2,1.25,2.5,1.25
13,6,1,2,1.25,2.5,1.25
13,7,1,7,1.25,8.75,7.5
13,8,0,1,0.0,1.25,1.25
13,9,1,1,1.25,1.25,0.0
13,10,0,1,0.0,1.25,1.25
13,11,0,0,0.0,0.0,0.0
13,12,1,2,1.25,2.5,1.25
13,13,0,2,0.0,2.5,2.5
13,14,1,1,1.25,1.25,0.0
13,15,0,0,0.0,0.0,0.0
13,16,2,2,2.5,2.5,0.0
13,17,0,0,0.0,0.0,0.0
13,18,0,0,0.0,0.0,0.0
13,19,1,0,1.25,0.0,-1.25
13,20,0,1,0.0,1.25,1.25
13,21,1,4,1.25,5.0,3.75
13,22,2,6,2.5,7.5,5.0
13,23,1,6,1.25,7.5,6.25
13,24,0,6,0.0,7.5,7.5
13,25,3,0,3.75,0.0,-3.75
13,26,1,0,1.25,0.0,-1.25
13,27,0,1,0.0,1.25,1.25
13,28,1,0,1.25,0.0,-1.25
13,29,1,3,1.25,3.75,2.5
13,30,1,1,1.25,1.25,0.0
13,31,0,0,0.0,0.0,0.0
13,32,1,1,1.25,1.25,0.0
13,33,0,0,0.0,0.0,0.0
13,34,1,3,1.25,3.75,2.5
13,35,4,8,5.0,10.0,5.0
13,36,1,6,1.25,7.5,6.25
13,37,0,5,0.0,6.25,6.25
13,38,1,3,1.25,3.75,2.5
13,39,1,0,1.25,0.0,-1.25
13,40,0,0,0.0,0.0,0.0
13,41,1,0,1.25,0.0,-1.25
13,42,0,2,0.0,2.5,2.5
13,43,0,2,0.0,2.5,2.5
13,44,1,4,1.25,5.0,3.75
13,45,1,0,1.25,0.0,-1.25
13,46,0,4,0.0,5.0,5.0
13,47,1,0,1.25,0.0,-1.25
13,48,2,0,2.5,0.0,-2.5
13,49,1,0,1.25,0.0,-1.25
13,50,0,1,0.0,1.25,1.25
13,51,2,1,2.5,1.25,-1.25
13,52,0,1,0.0,1.25,1.25
13,53,2,0,2.5,0.0,-2.5
13,54,0,2,0.0,2.5,2.5
13,55,5,0,6.25,0.0,-6.25
13,56,0,1,0.0,1.25,1.25
13,57,1,0,1.25,0.0,-1.25
13,58,1,0,1.25,0.0,-1.25
13,59,0,2,0.0,2.5,2.5
13,60,0,1,0.0,1.25,1.25
13,61,0,2,0.0,2.5,2.5
13,62,2,0,2.5,0.0,-2.5
13,63,2,1,2.5,1.25,-1.25
13,64,2,1,2.5,1.25,-1.25
13,65,3,1,3.75,1.25,-2.5
13,66,2,6,2.5,7.5,5.0
13,67,2,2,2.5,2.5,0.0
13,68,0,1,0.0,1.25,1.25
13,69,1,2,1.25,2.5,1.25
13,70,0,1,0.0,1.25,1.25
13,71,0,2,0.0,2.5,2.5
13,72,0,2,0.0,2.5,2.5
13,73,0,1,0.0,1.25,1.25
13,74,0,3,0.0,3.75,3.75
13,75,1,0,1.25,0.0,-1.25
13,76,1,1,1.25,1.25,0.0
13,77,0,1,0.0,1.25,1.25
13,78,4,3,5.0,3.75,-1.25
13,79,1,2,1.25,2.5,1.25
13,80,2,5,2.5,6.25,3.75
13,81,0,0,0.0,0.0,0.0
13,82,0,0,0.0,0.0,0.0
13,83,0,0,0.0,0.0,0.0
13,84,1,1,1.25,1.25,0.0
13,85,0,2,0.0,2.5,2.5
13,86,8,2,10.0,2.5,-7.5
13,87,2,2,2.5,2.5,0.0
13,88,2,4,2.5,5.0,2.5
13,89,3,0,3.75,0.0,-3.75
13,90,3,9,3.75,11.25,7.5
13,91,1,0,1.25,0.0,-1.25
13,92,0,2,0.0,2.5,2.5
13,93,2,0,2.5,0.0,-2.5
13,94,0,1,0.0,1.25,1.25
13,95,1,2,1.25,2.5,1.25
13,96,0,0,0.0,0.0,0.0
13,97,0,0,0.0,0.0,0.0
13,98,1,10,1.25,12.5,11.25
13,99,0,0,0.0,0.0,0.0
13,100,0,0,0.0,0.0,0.0
13,101,1,10,1.25,12.5,11.25
13,102,4,8,5.0,10.0,5.0
13,103,3,0,3.75,0.0,-3.75
13,104,0,0,0.0,0.0,0.0
13,105,0,0,0.0,0.0,0.0
13,106,0,2,0.0,2.5,2.5
13,107,2,6,2.5,7.5,5.0
13,108,0,0,0.0,0.0,0.0
13,109,2,0,2.5,0.0,-2.5
13,110,1,0,1.25,0.0,-1.25
13,111,2,4,2.5,5.0,2.5
13,112,0,2,0.0,2.5,2.5
13,113,0,1,0.0,1.25,1.25
13,114,2,1,2.5,1.25,-1.25
13,115,0,0,0.0,0.0,0.0
13,116,1,6,1.25,7.5,6.25
13,117,3,2,3.75,2.5,-1.25
13,118,4,4,5.0,5.0,0.0
13,119,0,0,0.0,0.0,0.0
13,120,2,0,2.5,0.0,-2.5
13,121,1,2,1.25,2.5,1.25
13,122,2,3,2.5,3.75,1.25
13,123,2,2,2.5,2.5,0.0
13,124,1,1,1.25,1.25,0.0
13,125,0,4,0.0,5.0,5.0
13,126,0,2,0.0,2.5,2.5
13,127,6,2,7.5,2.5,-5.0
13,128,0,7,0.0,8.75,8.75
13,129,1,1,1.25,1.25,0.0
13,130,0,2,0.0,2.5,2.5
13,131,1,3,1.25,3.75,2.5
13,132,1,3,1.25,3.75,2.5
13,133,2,2,2.5,2.5,0.0
13,134,0,6,0.0,7.5,7.5
14,0,0,6,0.0,7.5,7.5
14,1,0,0,0.0,0.0,0.0
14,2,0,0,0.0,0.0,0.0
14,3,0,2,0.0,2.5,2.5
14,4,0,0,0.0,0.0,0.0
14,5,0,3,0.0,3.75,3.75
14,6,0,0,0.0,0.0,0.0
14,7,0,0,0.0,0.0,0.0
14,8,0,0,0.0,0.0,0.0
14,9,0,0,0.0,0.0,0.0
14,10,0,0,0.0,0.0,0.0
14,11,0,1,0.0,1.25,1.25
14,12,0,0,0.0,0.0,0.0
14,13,1,0,1.25,0.0,-1.25
14,14,0,1,0.0,1.25,1.25
14,15,0,0,0.0,0.0,0.0
14,16,0,0,0.0,0.0,0.0
14,17,0,1,0.0,1.25,1.25
14,18,0,2,0.0,2.5,2.5
14,19,0,0,0.0,0.0,0.0
14,20,0,0,0.0,0.0,0.0
14,21,0,0,0.0,0.0,0.0
14,22,0,0,0.0,0.0,0.0
14,23,0,2,0.0,2.5,2.5
14,24,0,1,0.0,1.25,1.25
14,25,0,2,0.0,2.5,2.5
14,26,0,1,0.0,1.25,1.25
14,27,0,0,0.0,0.0,0.0
14,28,0,0,0.0,0.0,0.0
14,29,0,0,0.0,0.0,0.0
14,30,0,0,0.0,0.0,0.0
14,31,0,2,0.0,2.5,2.5
14,32,0,0,0.0,0.0,0.0
14,33,0,0,0.0,0.0,0.0
14,34,0,3,0.0,3.75,3.75
14,35,0,0,0.0,0.0,0.0
14,36,0,0,0.0,0.0,0.0
14,37,0,1,0.0,1.25,1.25
14,38,0,0,0.0,0.0,0.0
14,39,1,2,1.25,2.5,1.25
14,40,0,1,0.0,1.25,1.25
14,41,0,2,0.0,2.5,2.5
14,42,0,0,0.0,0.0,0.0
14,43,0,0,0.0,0.0,0.0
14,44,0,0,0.0,0.0,0.0
14,45,0,1,0.0,1.25,1.25
14,46,0,3,0.0,3.75,3.75
14,47,0,0,0.0,0.0,0.0
14,48,0,0,0.0,0.0,0.0
14,49,1,0,1.25,0.0,-1.25
14,50,1,0,1.25,0.0,-1.25
14,51,0,0,0.0,0.0,0.0
14,52,0,2,0.0,2.5,2.5
14,53,0,0,0.0,0.0,0.0
14,54,0,0,0.0,0.0,0.0
14,55,0,1,0.0,1.25,1.25
14,56,0,0,0.0,0.0,0.0
14,57,0,0,0.0,0.0,0.0
14,58,0,0,0.0,0.0,0.0
14,59,0,1,0.0,1.25,1.25
14,60,0,0,0.0,0.0,0.0
14,61,5,2,6.25,2.5,-3.75
14,62,4,0,5.0,0.0,-5.0
14,63,0,0,0.0,0.0,0.0
14,64,0,2,0.0,2.5,2.5
14,65,0,1,0.0,1.25,1.25
14,66,0,0,0.0,0.0,0.0
14,67,0,0,0.0,0.0,0.0
14,68,0,0,0.0,0.0,0.0
14,69,0,0,0.0,0.0,0.0
14,70,0,0,0.0,0.0,0.0
14,71,0,0,0.0,0.0,0.0
14,72,0,0,0.0,0.0,0.0
14,73,0,0,0.0,0.0,0.0
14,74,0,0,0.0,0.0,0.0
14,75,0,0,0.0,0.0,0.0
14,76,1,3,1.25,3.75,2.5
14,77,0,0,0.0,0.0,0.0
14,78,0,0,0.0,0.0,0.0
14,79,0,0,0.0,0.0,0.0
14,80,0,0,0.0,0.0,0.0
14,81,0,0,0.0,0.0,0.0
14,82,0,0,0.0,0.0,0.0
14,83,0,0,0.0,0.0,0.0
14,84,0,0,0.0,0.0,0.0
14,85,0,0,0.0,0.0,0.0
14,86,0,0,0.0,0.0,0.0
14,87,0,0,0.0,0.0,0.0
14,88,0,1,0.0,1.25,1.25
14,89,1,2,1.25,2.5,1.25
14,90,0,0,0.0,0.0,0.0
14,91,0,0,0.0,0.0,0.0
14,92,0,0,0.0,0.0,0.0
14,93,0,0,0.0,0.0,0.0
14,94,0,1,0.0,1.25,1.25
14,95,0,0,0.0,0.0,0.0
14,96,0,1,0.0,1.25,1.25
14,97,0,1,0.0,1.25,1.25
14,98,0,0,0.0,0.0,0.0
14,99,0,0,0.0,0.0,0.0
14,100,0,0,0.0,0.0,0.0
14,101,0,0,0.0,0.0,0.0
14,102,0,0,0.0,0.0,0.0
14,103,0,0,0.0,0.0,0.0
14,104,0,0,0.0,0.0,0.0
14,105,0,3,0.0,3.75,3.75
14,106,0,0,0.0,0.0,0.0
14,107,0,0,0.0,0.0,0.0
14,108,0,0,0.0,0.0,0.0
14,109,0,0,0.0,0.0,0.0
14,110,0,0,0.0,0.0,0.0
14,111,0,0,0.0,0.0,0.0
14,112,0,0,0.0,0.0,0.0
14,113,0,0,0.0,0.0,0.0
14,114,0,0,0.0,0.0,0.0
14,115,0,0,0.0,0.0,0.0
14,116,0,0,0.0,0.0,0.0
14,117,0,0,0.0,0.0,0.0
14,118,0,0,0.0,0.0,0.0
14,119,1,0,1.25,0.0,-1.25
14,120,0,1,0.0,1.25,1.25
14,121,0,0,0.0,0.0,0.0
14,122,0,0,0.0,0.0,0.0
14,123,0,0,0.0,0.0,0.0
14,124,0,0,0.0,0.0,0.0
14,125,0,0,0.0,0.0,0.0
14,126,0,0,0.0,0.0,0.0
14,127,0,0,0.0,0.0,0.0
14,128,0,0,0.0,0.0,0.0
14,129,0,0,0.0,0.0,0.0
14,130,0,0,0.0,0.0,0.0
14,131,0,0,0.0,0.0,0.0
14,132,0,0,0.0,0.0,0.0
14,133,0,0,0.0,0.0,0.0
14,134,0,0,0.0,0.0,0.0
15,0,0,1,0.0,1.25,1.25
15,1,0,1,0.0,1.25,1.25
15,2,0,0,0.0,0.0,0.0
15,3,1,0,1.25,0.0,-1.25
15,4,0,0,0.0,0.0,0.0
15,5,0,0,0.0,0.0,0.0
15,6,0,0,0.0,0.0,0.0
15,7,1,0,1.25,0.0,-1.25
15,8,2,0,2.5,0.0,-2.5
15,9,0,0,0.0,0.0,0.0
15,10,0,3,0.0,3.75,3.75
15,11,0,0,0.0,0.0,0.0
15,12,0,0,0.0,0.0,0.0
15,13,0,0,0.0,0.0,0.0
15,14,1,1,1.25,1.25,0.0
15,15,1,0,1.25,0.0,-1.25
15,16,0,1,0.0,1.25,1.25
15,17,0,0,0.0,0.0,0.0
15,18,0,0,0.0,0.0,0.0
15,19,1,0,1.25,0.0,-1.25
15,20,1,0,1.25,0.0,-1.25
15,21,0,0,0.0,0.0,0.0
15,22,0,0,0.0,0.0,0.0
15,23,0,0,0.0,0.0,0.0
15,24,0,0,0.0,0.0,0.0
15,25,0,0,0.0,0.0,0.0
15,26,1,2,1.25,2.5,1.25
15,27,0,2,0.0,2.5,2.5
15,28,0,1,0.0,1.25,1.25
15,29,1,0,1.25,0.0,-1.25
15,30,0,2,0.0,2.5,2.5
15,31,0,0,0.0,0.0,0.0
15,32,1,2,1.25,2.5,1.25
15,33,0,2,0.0,2.5,2.5
15,34,0,1,0.0,1.25,1.25
15,35,6,4,7.5,5.0,-2.5
15,36,1,0,1.25,0.0,-1.25
15,37,0,2,0.0,2.5,2.5
15,38,0,3,0.0,3.75,3.75
15,39,0,0,0.0,0.0,0.0
15,40,3,0,3.75,0.0,-3.75
15,41,0,0,0.0,0.0,0.0
15,42,1,0,1.25,0.0,-1.25
15,43,2,1,2.5,1.25,-1.25
15,44,0,0,0.0,0.0,0.0
15,45,1,0,1.25,0.0,-1.25
15,46,1,2,1.25,2.5,1.25
15,47,1,0,1.25,0.0,-1.25
15,48,0,1,0.0,1.25,1.25
15,49,0,0,0.0,0.0,0.0
15,50,0,1,0.0,1.25,1.25
15,51,0,0,0.0,0.0,0.0
15,52,0,0,0.0,0.0,0.0
15,53,1,1,1.25,1.25,0.0
15,54,0,1,0.0,1.25,1.25
15,55,1,1,1.25,1.25,0.0
15,56,1,0,1.25,0.0,-1.25
15,57,1,1,1.25,1.25,0.0
15,58,6,3,7.5,3.75,-3.75
15,59,0,1,0.0,1.25,1.25
15,60,0,0,0.0,0.0,0.0
15,61,4,1,5.0,1.25,-3.75
15,62,0,0,0.0,0.0,0.0
15,63,1,1,1.25,1.25,0.0
15,64,1,0,1.25,0.0,-1.25
15,65,0,0,0.0,0.0,0.0
15,66,0,0,0.0,0.0,0.0
15,67,1,3,1.25,3.75,2.5
15,68,0,0,0.0,0.0,0.0
15,69,2,1,2.5,1.25,-1.25
15,70,1,2,1.25,2.5,1.25
15,71,1,0,1.25,0.0,-1.25
15,72,0,0,0.0,0.0,0.0
15,73,1,0,1.25,0.0,-1.25
15,74,0,0,0.0,0.0,0.0
15,75,2,2,2.5,2.5,0.0
15,76,1,0,1.25,0.0,-1.25
15,77,3,0,3.75,0.0,-3.75
15,78,0,1,0.0,1.25,1.25
15,79,0,1,0.0,1.25,1.25
15,80,2,0,2.5,0.0,-2.5
15,81,1,1,1.25,1.25,0.0
15,82,1,2,1.25,2.5,1.25
15,83,1,3,1.25,3.75,2.5
15,84,1,0,1.25,0.0,-1.25
15,85,1,2,1.25,2.5,1.25
15,86,2,1,2.5,1.25,-1.25
15,87,4,1,5.0,1.25,-3.75
15,88,0,1,0.0,1.25,1.25
15,89,1,3,1.25,3.75,2.5
15,90,0,2,0.0,2.5,2.5
15,91,1,1,1.25,1.25,0.0
15,92,1,1,1.25,1.25,0.0
15,93,0,2,0.0,2.5,2.5
15,94,1,1,1.25,1.25,0.0
15,95,1,1,1.25,1.25,0.0
15,96,0,1,0.0,1.25,1.25
15,97,1,2,1.25,2.5,1.25
15,98,2,2,2.5,2.5,0.0
15,99,2,0,2.5,0.0,-2.5
15,100,1,1,1.25,1.25,0.0
15,101,0,1,0.0,1.25,1.25
15,102,1,1,1.25,1.25,0.0
15,103,1,2,1.25,2.5,1.25
15,104,3,2,3.75,2.5,-1.25
15,105,3,3,3.75,3.75,0.0
15,106,0,2,0.0,2.5,2.5
15,107,3,0,3.75,0.0,-3.75
15,108,4,0,5.0,0.0,-5.0
15,109,1,1,1.25,1.25,0.0
15,110,3,1,3.75,1.25,-2.5
15,111,1,1,1.25,1.25,0.0
15,112,2,0,2.5,0.0,-2.5
15,113,2,3,2.5,3.75,1.25
15,114,2,0,2.5,0.0,-2.5
15,115,2,1,2.5,1.25,-1.25
15,116,0,4,0.0,5.0,5.0
15,117,0,0,0.0,0.0,0.0
15,118,1,5,1.25,6.25,5.0
15,119,0,0,0.0,0.0,0.0
15,120,2,1,2.5,1.25,-1.25
15,121,1,5,1.25,6.25,5.0
15,122,0,0,0.0,0.0,0.0
15,123,2,2,2.5,2.5,0.0
15,124,6,4,7.5,5.0,-2.5
15,125,1,2,1.25,2.5,1.25
15,126,2,2,2.5,2.5,0.0
15,127,2,2,2.5,2.5,0.0
15,128,0,2,0.0,2.5,2.5
15,129,1,2,1.25,2.5,1.25
15,130,0,1,0.0,1.25,1.25
15,131,0,0,0.0,0.0,0.0
15,132,0,2,0.0,2.5,2.5
15,133,2,1,2.5,1.25,-1.25
15,134,1,1,1.25,1.25,0.0
16,0,16,11,20.0,13.75,-6.25
16,1,1,18,1.25,22.5,21.25
16,2,6,6,7.5,7.5,0.0
16,3,6,7,7.5,8.75,1.25
16,4,5,8,6.25,10.0,3.75
16,5,5,10,6.25,12.5,6.25
16,6,4,6,5.0,7.5,2.5
16,7,2,4,2.5,5.0,2.5
16,8,7,7,8.75,8.75,0.0
16,9,4,8,5.0,10.0,5.0
16,10,5,4,6.25,5.0,-1.25
16,11,2,2,2.5,2.5,0.0
16,12,6,7,7.5,8.75,1.25
16,13,6,15,7.5,18.75,11.25
16,14,12,10,15.0,12.5,-2.5
16,15,2,3,2.5,3.75,1.25
16,16,10,7,12.5,8.75,-3.75
16,17,5,2,6.25,2.5,-3.75
16,18,6,7,7.5,8.75,1.25
16,19,2,8,2.5,10.0,7.5
16,20,4,5,5.0,6.25,1.25
16,21,8,6,10.0,7.5,-2.5
16,22,5,13,6.25,16.25,10.0
16,23,0,3,0.0,3.75,3.75
16,24,6,8,7.5,10.0,2.5
16,25,3,6,3.75,7.5,3.75
16,26,5,10,6.25,12.5,6.25
16,27,4,1,5.0,1.25,-3.75
16,28,4,7,5.0,8.75,3.75
16,29,6,8,7.5,10.0,2.5
16,30,9,10,11.25,12.5,1.25
16,31,3,3,3.75,3.75,0.0
16,32,9,6,11.25,7.5,-3.75
16,33,1,4,1.25,5.0,3.75
16,34,3,9,3.75,11.25,7.5
16,35,11,11,13.75,13.75,0.0
16,36,8,3,10.0,3.75,-6.25
16,37,3,5,3.75,6.25,2.5
16,38,5,6,6.25,7.5,1.25
16,39,6,3,7.5,3.75,-3.75
16,40,8,6,10.0,7.5,-2.5
16,41,5,2,6.25,2.5,-3.75
16,42,3,7,3.75,8.75,5.0
16,43,3,5,3.75,6.25,2.5
16,44,6,2,7.5,2.5,-5.0
16,45,3,5,3.75,6.25,2.5
16,46,7,9,8.75,11.25,2.5
16,47,8,7,10.0,8.75,-1.25
16,48,4,1,5.0,1.25,-3.75
16,49,6,9,7.5,11.25,3.75
16,50,3,7,3.75,8.75,5.0
16,51,4,6,5.0,7.5,2.5
16,52,5,2,6.25,2.5,-3.75
16,53,4,4,5.0,5.0,0.0
16,54,9,8,11.25,10.0,-1.25
16,55,4,2,5.0,2.5,-2.5
16,56,3,7,3.75,8.75,5.0
16,57,2,2,2.5,2.5,0.0
16,58,7,5,8.75,6.25,-2.5
16,59,6,7,7.5,8.75,1.25
16,60,3,4,3.75,5.0,1.25
16,61,9,1,11.25,1.25,-10.0
16,62,9,5,11.25,6.25,-5.0
16,63,5,9,6.25,11.25,5.0
16,64,6,4,7.5,5.0,-2.5
16,65,4,0,5.0,0.0,-5.0
16,66,2,11,2.5,13.75,11.25
16,67,7,9,8.75,11.25,2.5
16,68,2,4,2.5,5.0,2.5
16,69,3,7,3.75,8.75,5.0
16,70,6,9,7.5,11.25,3.75
16,71,2,3,2.5,3.75,1.25
16,72,5,5,6.25,6.25,0.0
16,73,6,9,7.5,11.25,3.75
16,74,6,7,7.5,8.75,1.25
16,75,6,2,7.5,2.5,-5.0
16,76,11,11,13.75,13.75,0.0
16,77,5,6,6.25,7.5,1.25
16,78,6,8,7.5,10.0,2.5
16,79,5,5,6.25,6.25,0.0
16,80,9,8,11.25,10.0,-1.25
16,81,5,4,6.25,5.0,-1.25
16,82,6,8,7.5,10.0,2.5
16,83,13,3,16.25,3.75,-12.5
16,84,9,8,11.25,10.0,-1.25
16,85,9,6,11.25,7.5,-3.75
16,86,5,9,6.25,11.25,5.0
16,87,6,5,7.5,6.25,-1.25
16,88,9,4,11.25,5.0,-6.25
16,89,13,3,16.25,3.75,-12.5
16,90,4,9,5.0,11.25,6.25
16,91,10,8,12.5,10.0,-2.5
16,92,5,3,6.25,3.75,-2.5
16,93,4,3,5.0,3.75,-1.25
16,94,5,1,6.25,1.25,-5.0
16,95,4,6,5.0,7.5,2.5
16,96,2,5,2.5,6.25,3.75
16,97,5,7,6.25,8.75,2.5
16,98,8,10,10.0,12.5,2.5
16,99,7,6,8.75,7.5,-1.25
16,100,3,6,3.75,7.5,3.75
16,101,6,6,7.5,7.5,0.0
16,102,6,7,7.5,8.75,1.25
16,103,8,7,10.0,8.75,-1.25
16,104,22,3,27.5,3.75,-23.75
16,105,2,7,2.5,8.75,6.25
16,106,8,3,10.0,3.75,-6.25
16,107,8,1,10.0,1.25,-8.75
16,108,9,10,11.25,12.5,1.25
16,109,8,6,10.0,7.5,-2.5
16,110,6,3,7.5,3.75,-3.75
16,111,11,10,13.75,12.5,-1.25
16,112,4,13,5.0,16.25,11.25
16,113,7,4,8.75,5.0,-3.75
16,114,11,3,13.75,3.75,-10.0
16,115,10,13,12.5,16.25,3.75
16,116,7,4,8.75,5.0,-3.75
16,117,6,9,7.5,11.25,3.75
16,118,4,9,5.0,11.25,6.25
16,119,7,10,8.75,12.5,3.75
16,120,5,9,6.25,11.25,5.0
16,121,4,8,5.0,10.0,5.0
16,122,11,6,13.75,7.5,-6.25
16,123,5,10,6.25,12.5,6.25
16,124,4,11,5.0,13.75,8.75
16,125,8,11,10.0,13.75,3.75
16,126,8,6,10.0,7.5,-2.5
16,127,2,13,2.5,16.25,13.75
16,128,9,5,11.25,6.25,-5.0
16,129,6,7,7.5,8.75,1.25
16,130,6,8,7.5,10.0,2.5
16,131,2,4,2.5,5.0,2.5
16,132,5,5,6.25,6.25,0.0
16,133,9,3,11.25,3.75,-7.5
16,134,1,3,1.25,3.75,2.5
17,0,0,8,0.0,10.0,10.0
17,1,2,1,2.5,1.25,-1.25
17,2,1,2,1.25,2.5,1.25
17,3,3,2,3.75,2.5,-1.25
17,4,2,2,2.5,2.5,0.0
17,5,2,0,2.5,0.0,-2.5
17,6,0,5,0.0,6.25,6.25
17,7,1,3,1.25,3.75,2.5
17,8,2,1,2.5,1.25,-1.25
17,9,2,3,2.5,3.75,1.25
17,10,1,0,1.25,0.0,-1.25
17,11,0,1,0.0,1.25,1.25
17,12,3,0,3.75,0.0,-3.75
17,13,1,1,1.25,1.25,0.0
17,14,2,7,2.5,8.75,6.25
17,15,0,1,0.0,1.25,1.25
17,16,0,3,0.0,3.75,3.75
17,17,1,2,1.25,2.5,1.25
17,18,0,3,0.0,3.75,3.75
17,19,0,1,0.0,1.25,1.25
17,20,1,0,1.25,0.0,-1.25
17,21,2,3,2.5,3.75,1.25
17,22,1,6,1.25,7.5,6.25
17,23,1,1,1.25,1.25,0.0
17,24,1,2,1.25,2.5,1.25
17,25,1,0,1.25,0.0,-1.25
17,26,1,1,1.25,1.25,0.0
17,27,0,4,0.0,5.0,5.0
17,28,2,5,2.5,6.25,3.75
17,29,2,2,2.5,2.5,0.0
17,30,0,1,0.0,1.25,1.25
17,31,0,0,0.0,0.0,0.0
17,32,0,0,0.0,0.0,0.0
17,33,1,0,1.25,0.0,-1.25
17,34,0,3,0.0,3.75,3.75
17,35,1,2,1.25,2.5,1.25
17,36,0,0,0.0,0.0,0.0
17,37,3,2,3.75,2.5,-1.25
17,38,0,2,0.0,2.5,2.5
17,39,1,3,1.25,3.75,2.5
17,40,0,2,0.0,2.5,2.5
17,41,1,1,1.25,1.25,0.0
17,42,0,3,0.0,3.75,3.75
17,43,1,0,1.25,0.0,-1.25
17,44,1,0,1.25,0.0,-1.25
17,45,0,3,0.0,3.75,3.75
17,46,1,2,1.25,2.5,1.25
17,47,1,2,1.25,2.5,1.25
17,48,2,1,2.5,1.25,-1.25
17,49,2,0,2.5,0.0,-2.5
17,50,1,2,1.25,2.5,1.25
17,51,0,4,0.0,5.0,5.0
17,52,2,1,2.5,1.25,-1.25
17,53,3,0,3.75,0.0,-3.75
17,54,4,2,5.0,2.5,-2.5
17,55,1,1,1.25,1.25,0.0
17,56,1,1,1.25,1.25,0.0
17,57,2,3,2.5,3.75,1.25
17,58,2,0,2.5,0.0,-2.5
17,59,0,6,0.0,7.5,7.5
17,60,0,2,0.0,2.5,2.5
17,61,4,3,5.0,3.75,-1.25
17,62,1,0,1.25,0.0,-1.25
17,63,1,1,1.25,1.25,0.0
17,64,0,0,0.0,0.0,0.0
17,65,1,0,1.25,0.0,-1.25
17,66,2,2,2.5,2.5,0.0
17,67,0,2,0.0,2.5,2.5
17,68,2,0,2.5,0.0,-2.5
17,69,0,3,0.0,3.75,3.75
17,70,1,0,1.25,0.0,-1.25
17,71,1,3,1.25,3.75,2.5
17,72,2,0,2.5,0.0,-2.5
17,73,2,0,2.5,0.0,-2.5
17,74,1,2,1.25,2.5,1.25
17,75,1,1,1.25,1.25,0.0
17,76,3,3,3.75,3.75,0.0
17,77,4,3,5.0,3.75,-1.25
17,78,4,1,5.0,1.25,-3.75
17,79,1,1,1.25,1.25,0.0
17,80,0,0,0.0,0.0,0.0
17,81,0,3,0.0,3.75,3.75
17,82,2,3,2.5,3.75,1.25
17,83,2,2,2.5,2.5,0.0
17,84,3,2,3.75,2.5,-1.25
17,85,2,0,2.5,0.0,-2.5
17,86,0,3,0.0,3.75,3.75
17,87,0,1,0.0,1.25,1.25
17,88,2,1,2.5,1.25,-1.25
17,89,3,0,3.75,0.0,-3.75
17,90,0,1,0.0,1.25,1.25
17,91,2,3,2.5,3.75,1.25
17,92,1,1,1.25,1.25,0.0
17,93,1,2,1.25,2.5,1.25
17,94,0,0,0.0,0.0,0.0
17,95,1,3,1.25,3.75,2.5
17,96,1,2,1.25,2.5,1.25
17,97,1,1,1.25,1.25,0.0
17,98,1,1,1.25,1.25,0.0
17,99,2,1,2.5,1.25,-1.25
17,100,1,1,1.25,1.25,0.0
17,101,2,0,2.5,0.0,-2.5
17,102,2,2,2.5,2.5,0.0
17,103,1,2,1.25,2.5,1.25
17,104,6,2,7.5,2.5,-5.0
17,105,0,3,0.0,3.75,3.75
17,106,1,1,1.25,1.25,0.0
17,107,3,2,3.75,2.5,-1.25
17,108,2,0,2.5,0.0,-2.5
17,109,0,1,0.0,1.25,1.25
17,110,1,0,1.25,0.0,-1.25
17,111,1,2,1.25,2.5,1.25
17,112,1,0,1.25,0.0,-1.25
17,113,0,1,0.0,1.25,1.25
17,114,2,0,2.5,0.0,-2.5
17,115,1,1,1.25,1.25,0.0
17,116,2,2,2.5,2.5,0.0
17,117,2,2,2.5,2.5,0.0
17,118,0,4,0.0,5.0,5.0
17,119,0,6,0.0,7.5,7.5
17,120,1,1,1.25,1.25,0.0
17,121,2,0,2.5,0.0,-2.5
17,122,0,2,0.0,2.5,2.5
17,123,1,2,1.25,2.5,1.25
17,124,3,0,3.75,0.0,-3.75
17,125,0,0,0.0,0.0,0.0
17,126,0,0,0.0,0.0,0.0
17,127,0,1,0.0,1.25,1.25
17,128,2,2,2.5,2.5,0.0
17,129,1,0,1.25,0.0,-1.25
17,130,1,1,1.25,1.25,0.0
17,131,0,1,0.0,1.25,1.25
17,132,1,3,1.25,3.75,2.5
17,133,1,2,1.25,2.5,1.25
17,134,0,1,0.0,1.25,1.25
18,0,0,0,0.0,0.0,0.0
18,1,0,0,0.0,0.0,0.0
18,2,0,0,0.0,0.0,0.0
18,3,0,0,0.0,0.0,0.0
18,4,0,0,0.0,0.0,0.0
18,5,0,0,0.0,0.0,0.0
18,6,1,1,1.25,1.25,0.0
18,7,0,1,0.0,1.25,1.25
18,8,0,0,0.0,0.0,0.0
18,9,0,2,0.0,2.5,2.5
18,10,0,0,0.0,0.0,0.0
18,11,0,0,0.0,0.0,0.0
18,12,0,1,0.0,1.25,1.25
18,13,0,2,0.0,2.5,2.5
18,14,0,0,0.0,0.0,0.0
18,15,0,0,0.0,0.0,0.0
18,16,0,0,0.0,0.0,0.0
18,17,0,1,0.0,1.25,1.25
18,18,0,0,0.0,0.0,0.0
18,19,0,0,0.0,0.0,0.0
18,20,0,2,0.0,2.5,2.5
18,21,0,1,0.0,1.25,1.25
18,22,0,2,0.0,2.5,2.5
18,23,0,0,0.0,0.0,0.0
18,24,0,0,0.0,0.0,0.0
18,25,0,0,0.0,0.0,0.0
18,26,0,0,0.0,0.0,0.0
18,27,0,0,0.0,0.0,0.0
18,28,1,0,1.25,0.0,-1.25
18,29,0,1,0.0,1.25,1.25
18,30,0,0,0.0,0.0,0.0
18,31,0,0,0.0,0.0,0.0
18,32,1,0,1.25,0.0,-1.25
18,33,0,1,0.0,1.25,1.25
18,34,0,0,0.0,0.0,0.0
18,35,0,0,0.0,0.0,0.0
18,36,0,0,0.0,0.0,0.0
18,37,0,0,0.0,0.0,0.0
18,38,0,0,0.0,0.0,0.0
18,39,0,0,0.0,0.0,0.0
18,40,0,0,0.0,0.0,0.0
18,41,0,0,0.0,0.0,0.0
18,42,0,1,0.0,1.25,1.25
18,43,0,0,0.0,0.0,0.0
18,44,1,0,1.25,0.0,-1.25
18,45,0,0,0.0,0.0,0.0
18,46,0,0,0.0,0.0,0.0
18,47,0,2,0.0,2.5,2.5
18,48,0,0,0.0,0.0,0.0
18,49,0,0,0.0,0.0,0.0
18,50,0,0,0.0,0.0,0.0
18,51,0,0,0.0,0.0,0.0
18,52,0,0,0.0,0.0,0.0
18,53,0,0,0.0,0.0,0.0
18,54,0,0,0.0,0.0,0.0
18,55,0,0,0.0,0.0,0.0
18,56,0,1,0.0,1.25,1.25
18,57,0,0,0.0,0.0,0.0
18,58,0,0,0.0,0.0,0.0
18,59,0,0,0.0,0.0,0.0
18,60,0,0,0.0,0.0,0.0
18,61,0,0,0.0,0.0,0.0
18,62,0,0,0.0,0.0,0.0
18,63,0,0,0.0,0.0,0.0
18,64,2,1,2.5,1.25,-1.25
18,65,2,0,2.5,0.0,-2.5
18,66,0,0,0.0,0.0,0.0
18,67,0,0,0.0,0.0,0.0
18,68,0,0,0.0,0.0,0.0
18,69,0,0,0.0,0.0,0.0
18,70,0,0,0.0,0.0,0.0
18,71,0,0,0.0,0.0,0.0
18,72,0,0,0.0,0.0,0.0
18,73,0,0,0.0,0.0,0.0
18,74,0,0,0.0,0.0,0.0
18,75,0,0,0.0,0.0,0.0
18,76,0,0,0.0,0.0,0.0
18,77,0,0,0.0,0.0,0.0
18,78,1,0,1.25,0.0,-1.25
18,79,0,0,0.0,0.0,0.0
18,80,0,0,0.0,0.0,0.0
18,81,0,0,0.0,0.0,0.0
18,82,0,0,0.0,0.0,0.0
18,83,0,0,0.0,0.0,0.0
18,84,0,0,0.0,0.0,0.0
18,85,0,0,0.0,0.0,0.0
18,86,0,0,0.0,0.0,0.0
18,87,0,0,0.0,0.0,0.0
18,88,0,0,0.0,0.0,0.0
18,89,0,0,0.0,0.0,0.0
18,90,0,0,0.0,0.0,0.0
18,91,0,0,0.0,0.0,0.0
18,92,0,0,0.0,0.0,0.0
18,93,0,0,0.0,0.0,0.0
18,94,0,0,0.0,0.0,0.0
18,95,1,0,1.25,0.0,-1.25
18,96,0,0,0.0,0.0,0.0
18,97,0,0,0.0,0.0,0.0
18,98,0,0,0.0,0.0,0.0
18,99,0,0,0.0,0.0,0.0
18,100,0,0,0.0,0.0,0.0
18,101,0,0,0.0,0.0,0.0
18,102,0,0,0.0,0.0,0.0
18,103,1,0,1.25,0.0,-1.25
18,104,0,0,0.0,0.0,0.0
18,105,0,0,0.0,0.0,0.0
18,106,0,0,0.0,0.0,0.0
18,107,0,1,0.0,1.25,1.25
18,108,0,0,0.0,0.0,0.0
18,109,0,0,0.0,0.0,0.0
18,110,1,0,1.25,0.0,-1.25
18,111,0,0,0.0,0.0,0.0
18,112,0,0,0.0,0.0,0.0
18,113,0,0,0.0,0.0,0.0
18,114,0,0,0.0,0.0,0.0
18,115,0,0,0.0,0.0,0.0
18,116,0,0,0.0,0.0,0.0
18,117,0,0,0.0,0.0,0.0
18,118,0,0,0.0,0.0,0.0
18,119,0,0,0.0,0.0,0.0
18,120,0,0,0.0,0.0,0.0
18,121,0,0,0.0,0.0,0.0
18,122,0,0,0.0,0.0,0.0
18,123,0,0,0.0,0.0,0.0
18,124,0,0,0.0,0.0,0.0
18,125,0,0,0.0,0.0,0.0
18,126,0,0,0.0,0.0,0.0
18,127,0,0,0.0,0.0,0.0
18,128,0,0,0.0,0.0,0.0
18,129,0,0,0.0,0.0,0.0
18,130,0,0,0.0,0.0,0.0
18,131,0,0,0.0,0.0,0.0
18,132,0,0,0.0,0.0,0.0
18,133,0,0,0.0,0.0,0.0
18,134,0,0,0.0,0.0,0.0
19,0,0,3,0.0,3.75,3.75
19,1,0,1,0.0,1.25,1.25
19,2,0,0,0.0,0.0,0.0
19,3,0,0,0.0,0.0,0.0
19,4,0,0,0.0,0.0,0.0
19,5,0,0,0.0,0.0,0.0
19,6,0,0,0.0,0.0,0.0
19,7,0,0,0.0,0.0,0.0
19,8,0,0,0.0,0.0,0.0
19,9,0,0,0.0,0.0,0.0
19,10,0,0,0.0,0.0,0.0
19,11,0,0,0.0,0.0,0.0
19,12,0,0,0.0,0.0,0.0
19,13,0,1,0.0,1.25,1.25
19,14,0,0,0.0,0.0,0.0
19,15,0,0,0.0,0.0,0.0
19,16,1,0,1.25,0.0,-1.25
19,17,0,0,0.0,0.0,0.0
19,18,0,0,0.0,0.0,0.0
19,19,0,0,0.0,0.0,0.0
19,20,0,0,0.0,0.0,0.0
19,21,0,0,0.0,0.0,0.0
19,22,0,0,0.0,0.0,0.0
19,23,0,1,0.0,1.25,1.25
19,24,0,0,0.0,0.0,0.0
19,25,0,0,0.0,0.0,0.0
19,26,0,0,0.0,0.0,0.0
19,27,0,0,0.0,0.0,0.0
19,28,0,0,0.0,0.0,0.0
19,29,0,0,0.0,0.0,0.0
19,30,0,0,0.0,0.0,0.0
19,31,0,0,0.0,0.0,0.0
19,32,0,0,0.0,0.0,0.0
19,33,0,2,0.0,2.5,2.5
19,34,0,1,0.0,1.25,1.25
19,35,0,0,0.0,0.0,0.0
19,36,1,0,1.25,0.0,-1.25
19,37,0,1,0.0,1.25,1.25
19,38,0,0,0.0,0.0,0.0
19,39,1,1,1.25,1.25,0.0
19,40,1,0,1.25,0.0,-1.25
19,41,0,0,0.0,0.0,0.0
19,42,0,0,0.0,0.0,0.0
19,43,0,0,0.0,0.0,0.0
19,44,1,0,1.25,0.0,-1.25
19,45,0,0,0.0,0.0,0.0
19,46,0,1,0.0,1.25,1.25
19,47,0,0,0.0,0.0,0.0
19,48,0,0,0.0,0.0,0.0
19,49,1,0,1.25,0.0,-1.25
19,50,0,0,0.0,0.0,0.0
19,51,0,0,0.0,0.0,0.0
19,52,0,0,0.0,0.0,0.0
19,53,0,0,0.0,0.0,0.0
19,54,0,0,0.0,0.0,0.0
19,55,0,0,0.0,0.0,0.0
19,56,0,0,0.0,0.0,0.0
19,57,0,1,0.0,1.25,1.25
19,58,0,0,0.0,0.0,0.0
19,59,0,0,0.0,0.0,0.0
19,60,0,0,0.0,0.0,0.0
19,61,0,0,0.0,0.0,0.0
19,62,0,0,0.0,0.0,0.0
19,63,1,0,1.25,0.0,-1.25
19,64,0,0,0.0,0.0,0.0
19,65,0,0,0.0,0.0,0.0
19,66,0,1,0.0,1.25,1.25
19,67,0,0,0.0,0.0,0.0
19,68,0,0,0.0,0.0,0.0
19,69,0,0,0.0,0.0,0.0
19,70,0,0,0.0,0.0,0.0
19,71,0,0,0.0,0.0,0.0
19,72,0,1,0.0,1.25,1.25
19,73,0,0,0.0,0.0,0.0
19,74,0,0,0.0,0.0,0.0
19,75,0,0,0.0,0.0,0.0
19,76,1,0,1.25,0.0,-1.25
19,77,0,0,0.0,0.0,0.0
19,78,0,0,0.0,0.0,0.0
19,79,0,0,0.0,0.0,0.0
19,80,0,0,0.0,0.0,0.0
19,81,0,0,0.0,0.0,0.0
19,82,0,0,0.0,0.0,0.0
19,83,2,0,2.5,0.0,-2.5
19,84,0,0,0.0,0.0,0.0
19,85,0,0,0.0,0.0,0.0
19,86,0,0,0.0,0.0,0.0
19,87,0,1,0.0,1.25,1.25
19,88,3,1,3.75,1.25,-2.5
19,89,3,0,3.75,0.0,-3.75
19,90,0,0,0.0,0.0,0.0
19,91,0,0,0.0,0.0,0.0
19,92,0,0,0.0,0.0,0.0
19,93,0,0,0.0,0.0,0.0
19,94,0,0,0.0,0.0,0.0
19,95,0,0,0.0,0.0,0.0
19,96,0,1,0.0,1.25,1.25
19,97,0,0,0.0,0.0,0.0
19,98,0,0,0.0,0.0,0.0
19,99,0,0,0.0,0.0,0.0
19,100,0,0,0.0,0.0,0.0
19,101,0,0,0.0,0.0,0.0
19,102,0,1,0.0,1.25,1.25
19,103,0,0,0.0,0.0,0.0
19,104,2,0,2.5,0.0,-2.5
19,105,0,0,0.0,0.0,0.0
19,106,2,1,2.5,1.25,-1.25
19,107,0,0,0.0,0.0,0.0
19,108,0,0,0.0,0.0,0.0
19,109,0,0,0.0,0.0,0.0
19,110,0,0,0.0,0.0,0.0
19,111,0,1,0.0,1.25,1.25
19,112,2,0,2.5,0.0,-2.5
19,113,0,0,0.0,0.0,0.0
19,114,0,0,0.0,0.0,0.0
19,115,0,0,0.0,0.0,0.0
19,116,0,0,0.0,0.0,0.0
19,117,1,0,1.25,0.0,-1.25
19,118,0,0,0.0,0.0,0.0
19,119,2,1,2.5,1.25,-1.25
19,120,0,0,0.0,0.0,0.0
19,121,2,0,2.5,0.0,-2.5
19,122,0,1,0.0,1.25,1.25
19,123,0,1,0.0,1.25,1.25
19,124,0,0,0.0,0.0,0.0
19,125,0,1,0.0,1.25,1.25
19,126,0,0,0.0,0.0,0.0
19,127,0,0,0.0,0.0,0.0
19,128,0,0,0.0,0.0,0.0
19,129,0,0,0.0,0.0,0.0
19,130,1,0,1.25,0.0,-1.25
19,131,0,0,0.0,0.0,0.0
19,132,0,0,0.0,0.0,0.0
19,133,0,1,0.0,1.25,1.25
19,134,0,0,0.0,0.0,0.0
20,0,0,2,0.0,2.5,2.5
20,1,0,0,0.0,0.0,0.0
20,2,0,2,0.0,2.5,2.5
20,3,0,2,0.0,2.5,2.5
20,4,0,0,0.0,0.0,0.0
20,5,0,0,0.0,0.0,0.0
20,6,0,1,0.0,1.25,1.25
20,7,0,0,0.0,0.0,0.0
20,8,0,0,0.0,0.0,0.0
20,9,0,0,0.0,0.0,0.0
20,10,0,0,0.0,0.0,0.0
20,11,0,0,0.0,0.0,0.0
20,12,0,0,0.0,0.0,0.0
20,13,0,0,0.0,0.0,0.0
20,14,0,0,0.0,0.0,0.0
20,15,0,0,0.0,0.0,0.0
20,16,0,0,0.0,0.0,0.0
20,17,0,0,0.0,0.0,0.0
20,18,0,0,0.0,0.0,0.0
20,19,0,0,0.0,0.0,0.0
20,20,0,0,0.0,0.0,0.0
20,21,1,0,1.25,0.0,-1.25
20,22,0,1,0.0,1.25,1.25
20,23,0,1,0.0,1.25,1.25
20,24,0,1,0.0,1.25,1.25
20,25,0,0,0.0,0.0,0.0
20,26,0,0,0.0,0.0,0.0
20,27,0,0,0.0,0.0,0.0
20,28,0,0,0.0,0.0,0.0
20,29,0,0,0.0,0.0,0.0
20,30,0,0,0.0,0.0,0.0
20,31,0,0,0.0,0.0,0.0
20,32,0,0,0.0,0.0,0.0
20,33,0,0,0.0,0.0,0.0
20,34,0,0,0.0,0.0,0.0
20,35,0,0,0.0,0.0,0.0
20,36,0,0,0.0,0.0,0.0
20,37,0,1,0.0,1.25,1.25
20,38,0,0,0.0,0.0,0.0
20,39,0,1,0.0,1.25,1.25
20,40,0,0,0.0,0.0,0.0
20,41,0,0,0.0,0.0,0.0
20,42,0,0,0.0,0.0,0.0
20,43,0,0,0.0,0.0,0.0
20,44,0,0,0.0,0.0,0.0
20,45,0,0,0.0,0.0,0.0
20,46,0,2,0.0,2.5,2.5
20,47,0,0,0.0,0.0,0.0
20,48,0,0,0.0,0.0,0.0
20,49,0,0,0.0,0.0,0.0
20,50,0,2,0.0,2.5,2.5
20,51,0,0,0.0,0.0,0.0
20,52,0,0,0.0,0.0,0.0
20,53,0,0,0.0,0.0,0.0
20,54,0,0,0.0,0.0,0.0
20,55,0,0,0.0,0.0,0.0
20,56,0,0,0.0,0.0,0.0
20,57,0,0,0.0,0.0,0.0
20,58,0,0,0.0,0.0,0.0
20,59,0,1,0.0,1.25,1.25
20,60,0,0,0.0,0.0,0.0
20,61,0,0,0.0,0.0,0.0
20,62,0,0,0.0,0.0,0.0
20,63,0,0,0.0,0.0,0.0
20,64,0,0,0.0,0.0,0.0
20,65,0,0,0.0,0.0,0.0
20,66,0,0,0.0,0.0,0.0
20,67,0,0,0.0,0.0,0.0
20,68,0,0,0.0,0.0,0.0
20,69,0,0,0.0,0.0,0.0
20,70,0,0,0.0,0.0,0.0
20,71,0,0,0.0,0.0,0.0
20,72,0,0,0.0,0.0,0.0
20,73,0,0,0.0,0.0,0.0
20,74,0,0,0.0,0.0,0.0
20,75,0,0,0.0,0.0,0.0
20,76,1,3,1.25,3.75,2.5
20,77,0,0,0.0,0.0,0.0
20,78,1,0,1.25,0.0,-1.25
20,79,0,0,0.0,0.0,0.0
20,80,0,0,0.0,0.0,0.0
20,81,0,0,0.0,0.0,0.0
20,82,0,0,0.0,0.0,0.0
20,83,0,1,0.0,1.25,1.25
20,84,0,0,0.0,0.0,0.0
20,85,0,0,0.0,0.0,0.0
20,86,0,0,0.0,0.0,0.0
20,87,0,0,0.0,0.0,0.0
20,88,1,1,1.25,1.25,0.0
20,89,0,0,0.0,0.0,0.0
20,90,0,0,0.0,0.0,0.0
20,91,0,0,0.0,0.0,0.0
20,92,0,0,0.0,0.0,0.0
20,93,0,0,0.0,0.0,0.0
20,94,0,0,0.0,0.0,0.0
20,95,0,0,0.0,0.0,0.0
20,96,0,2,0.0,2.5,2.5
20,97,0,0,0.0,0.0,0.0
20,98,0,0,0.0,0.0,0.0
20,99,0,0,0.0,0.0,0.0
20,100,0,0,0.0,0.0,0.0
20,101,0,0,0.0,0.0,0.0
20,102,0,0,0.0,0.0,0.0
20,103,0,0,0.0,0.0,0.0
20,104,3,0,3.75,0.0,-3.75
20,105,0,0,0.0,0.0,0.0
20,106,0,0,0.0,0.0,0.0
20,107,0,0,0.0,0.0,0.0
20,108,0,0,0.0,0.0,0.0
20,109,0,0,0.0,0.0,0.0
20,110,0,0,0.0,0.0,0.0
20,111,0,0,0.0,0.0,0.0
20,112,0,0,0.0,0.0,0.0
20,113,0,0,0.0,0.0,0.0
20,114,0,0,0.0,0.0,0.0
20,115,0,0,0.0,0.0,0.0
20,116,0,0,0.0,0.0,0.0
20,117,1,0,1.25,0.0,-1.25
20,118,0,0,0.0,0.0,0.0
20,119,0,0,0.0,0.0,0.0
20,120,0,0,0.0,0.0,0.0
20,121,0,0,0.0,0.0,0.0
20,122,0,0,0.0,0.0,0.0
20,123,0,0,0.0,0.0,0.0
20,124,0,0,0.0,0.0,0.0
20,125,0,0,0.0,0.0,0.0
20,126,0,0,0.0,0.0,0.0
20,127,0,0,0.0,0.0,0.0
20,128,0,0,0.0,0.0,0.0
20,129,0,0,0.0,0.0,0.0
20,130,1,0,1.25,0.0,-1.25
20,131,0,0,0.0,0.0,0.0
20,132,0,0,0.0,0.0,0.0
20,133,0,0,0.0,0.0,0.0
20,134,0,0,0.0,0.0,0.0
21,0,2,28,2.5,35.0,32.5
21,1,3,27,3.75,33.75,30.0
21,2,7,6,8.75,7.5,-1.25
21,3,7,7,8.75,8.75,0.0
21,4,3,7,3.75,8.75,5.0
21,5,3,6,3.75,7.5,3.75
21,6,16,10,20.0,12.5,-7.5
21,7,9,11,11.25,13.75,2.5
21,8,6,3,7.5,3.75,-3.75
21,9,2,8,2.5,10.0,7.5
21,10,13,13,16.25,16.25,0.0
21,11,2,8,2.5,10.0,7.5
21,12,9,19,11.25,23.75,12.5
21,13,2,4,2.5,5.0,2.5
21,14,7,5,8.75,6.25,-2.5
21,15,3,15,3.75,18.75,15.0
21,16,10,6,12.5,7.5,-5.0
21,17,5,2,6.25,2.5,-3.75
21,18,3,5,3.75,6.25,2.5
21,19,2,6,2.5,7.5,5.0
21,20,4,2,5.0,2.5,-2.5
21,21,1,11,1.25,13.75,12.5
21,22,4,9,5.0,11.25,6.25
21,23,5,8,6.25,10.0,3.75
21,24,3,22,3.75,27.5,23.75
21,25,14,1,17.5,1.25,-16.25
21,26,1,3,1.25,3.75,2.5
21,27,7,11,8.75,13.75,5.0
21,28,7,17,8.75,21.25,12.5
21,29,5,13,6.25,16.25,10.0
21,30,7,9,8.75,11.25,2.5
21,31,5,8,6.25,10.0,3.75
21,32,0,14,0.0,17.5,17.5
21,33,2,7,2.5,8.75,6.25
21,34,4,10,5.0,12.5,7.5
21,35,8,9,10.0,11.25,1.25
21,36,9,19,11.25,23.75,12.5
21,37,7,18,8.75,22.5,13.75
21,38,4,15,5.0,18.75,13.75
21,39,5,8,6.25,10.0,3.75
21,40,3,14,3.75,17.5,13.75
21,41,10,4,12.5,5.0,-7.5
21,42,2,4,2.5,5.0,2.5
21,43,7,8,8.75,10.0,1.25
21,44,4,25,5.0,31.25,26.25
21,45,2,4,2.5,5.0,2.5
21,46,1,10,1.25,12.5,11.25
21,47,3,6,3.75,7.5,3.75
21,48,8,7,10.0,8.75,-1.25
21,49,12,6,15.0,7.5,-7.5
21,50,7,7,8.75,8.75,0.0
21,51,4,8,5.0,10.0,5.0
21,52,2,6,2.5,7.5,5.0
21,53,9,3,11.25,3.75,-7.5
21,54,4,13,5.0,16.25,11.25
21,55,7,2,8.75,2.5,-6.25
21,56,0,10,0.0,12.5,12.5
21,57,7,12,8.75,15.0,6.25
21,58,8,6,10.0,7.5,-2.5
21,59,2,7,2.5,8.75,6.25
21,60,11,4,13.75,5.0,-8.75
21,61,15,16,18.75,20.0,1.25
21,62,6,2,7.5,2.5,-5.0
21,63,2,12,2.5,15.0,12.5
21,64,11,3,13.75,3.75,-10.0
21,65,7,6,8.75,7.5,-1.25
21,66,2,22,2.5,27.5,25.0
21,67,2,11,2.5,13.75,11.25
21,68,0,4,0.0,5.0,5.0
21,69,9,20,11.25,25.0,13.75
21,70,8,5,10.0,6.25,-3.75
21,71,3,7,3.75,8.75,5.0
21,72,13,13,16.25,16.25,0.0
21,73,5,9,6.25,11.25,5.0
21,74,2,11,2.5,13.75,11.25
21,75,5,12,6.25,15.0,8.75
21,76,2,11,2.5,13.75,11.25
21,77,10,11,12.5,13.75,1.25
21,78,5,5,6.25,6.25,0.0
21,79,6,6,7.5,7.5,0.0
21,80,8,13,10.0,16.25,6.25
21,81,12,20,15.0,25.0,10.0
21,82,8,9,10.0,11.25,1.25
21,83,5,10,6.25,12.5,6.25
21,84,7,4,8.75,5.0,-3.75
21,85,15,7,18.75,8.75,-10.0
21,86,6,5,7.5,6.25,-1.25
21,87,8,11,10.0,13.75,3.75
21,88,10,21,12.5,26.25,13.75
21,89,9,6,11.25,7.5,-3.75
21,90,18,31,22.5,38.75,16.25
21,91,9,10,11.25,12.5,1.25
21,92,5,8,6.25,10.0,3.75
21,93,5,15,6.25,18.75,12.5
21,94,9,9,11.25,11.25,0.0
21,95,10,13,12.5,16.25,3.75
21,96,14,6,17.5,7.5,-10.0
21,97,5,8,6.25,10.0,3.75
21,98,6,20,7.5,25.0,17.5
21,99,7,8,8.75,10.0,1.25
21,100,2,12,2.5,15.0,12.5
21,101,5,19,6.25,23.75,17.5
21,102,11,9,13.75,11.25,-2.5
21,103,11,5,13.75,6.25,-7.5
21,104,7,2,8.75,2.5,-6.25
21,105,8,11,10.0,13.75,3.75
21,106,8,4,10.0,5.0,-5.0
21,107,8,13,10.0,16.25,6.25
21,108,6,6,7.5,7.5,0.0
21,109,5,8,6.25,10.0,3.75
21,110,5,14,6.25,17.5,11.25
21,111,8,8,10.0,10.0,0.0
21,112,5,8,6.25,10.0,3.75
21,113,7,14,8.75,17.5,8.75
21,114,8,16,10.0,20.0,10.0
21,115,2,6,2.5,7.5,5.0
21,116,2,4,2.5,5.0,2.5
21,117,11,14,13.75,17.5,3.75
21,118,2,9,2.5,11.25,8.75
21,119,13,6,16.25,7.5,-8.75
21,120,11,10,13.75,12.5,-1.25
21,121,5,7,6.25,8.75,2.5
21,122,11,11,13.75,13.75,0.0
21,123,10,14,12.5,17.5,5.0
21,124,7,9,8.75,11.25,2.5
21,125,3,12,3.75,15.0,11.25
21,126,5,7,6.25,8.75,2.5
21,127,15,9,18.75,11.25,-7.5
21,128,10,5,12.5,6.25,-6.25
21,129,3,12,3.75,15.0,11.25
21,130,6,9,7.5,11.25,3.75
21,131,7,6,8.75,7.5,-1.25
21,132,10,16,12.5,20.0,7.5
21,133,8,6,10.0,7.5,-2.5
21,134,9,8,11.25,10.0,-1.25
22,0,4,2,5.0,2.5,-2.5
22,1,0,1,0.0,1.25,1.25
22,2,0,0,0.0,0.0,0.0
22,3,0,2,0.0,2.5,2.5
22,4,1,0,1.25,0.0,-1.25
22,5,1,3,1.25,3.75,2.5
22,6,0,2,0.0,2.5,2.5
22,7,1,3,1.25,3.75,2.5
22,8,0,1,0.0,1.25,1.25
22,9,1,7,1.25,8.75,7.5
22,10,0,10,0.0,12.5,12.5
22,11,0,2,0.0,2.5,2.5
22,12,1,4,1.25,5.0,3.75
22,13,1,0,1.25,0.0,-1.25
22,14,2,0,2.5,0.0,-2.5
22,15,0,3,0.0,3.75,3.75
22,16,0,0,0.0,0.0,0.0
22,17,0,0,0.0,0.0,0.0
22,18,0,2,0.0,2.5,2.5
22,19,0,4,0.0,5.0,5.0
22,20,0,0,0.0,0.0,0.0
22,21,1,5,1.25,6.25,5.0
22,22,0,0,0.0,0.0,0.0
22,23,0,0,0.0,0.0,0.0
22,24,0,7,0.0,8.75,8.75
22,25,1,1,1.25,1.25,0.0
22,26,1,0,1.25,0.0,-1.25
22,27,0,4,0.0,5.0,5.0
22,28,1,2,1.25,2.5,1.25
22,29,0,0,0.0,0.0,0.0
22,30,0,0,0.0,0.0,0.0
22,31,1,2,1.25,2.5,1.25
22,32,1,0,1.25,0.0,-1.25
22,33,0,0,0.0,0.0,0.0
22,34,0,1,0.0,1.25,1.25
22,35,8,3,10.0,3.75,-6.25
22,36,0,1,0.0,1.25,1.25
22,37,2,2,2.5,2.5,0.0
22,38,1,8,1.25,10.0,8.75
22,39,3,0,3.75,0.0,-3.75
22,40,1,1,1.25,1.25,0.0
22,41,1,1,1.25,1.25,0.0
22,42,1,0,1.25,0.0,-1.25
22,43,2,2,2.5,2.5,0.0
22,44,1,10,1.25,12.5,11.25
22,45,0,1,0.0,1.25,1.25
22,46,0,0,0.0,0.0,0.0
22,47,1,1,1.25,1.25,0.0
22,48,2,6,2.5,7.5,5.0
22,49,1,4,1.25,5.0,3.75
22,50,1,0,1.25,0.0,-1.25
22,51,1,1,1.25,1.25,0.0
22,52,0,0,0.0,0.0,0.0
22,53,0,0,0.0,0.0,0.0
22,54,0,2,0.0,2.5,2.5
22,55,0,0,0.0,0.0,0.0
22,56,0,1,0.0,1.25,1.25
22,57,1,0,1.25,0.0,-1.25
22,58,7,0,8.75,0.0,-8.75
22,59,0,0,0.0,0.0,0.0
22,60,0,0,0.0,0.0,0.0
22,61,1,0,1.25,0.0,-1.25
22,62,2,3,2.5,3.75,1.25
22,63,0,0,0.0,0.0,0.0
22,64,1,1,1.25,1.25,0.0
22,65,0,1,0.0,1.25,1.25
22,66,0,6,0.0,7.5,7.5
22,67,1,0,1.25,0.0,-1.25
22,68,4,0,5.0,0.0,-5.0
22,69,1,1,1.25,1.25,0.0
22,70,1,2,1.25,2.5,1.25
22,71,1,1,1.25,1.25,0.0
22,72,0,0,0.0,0.0,0.0
22,73,3,1,3.75,1.25,-2.5
22,74,0,0,0.0,0.0,0.0
22,75,0,0,0.0,0.0,0.0
22,76,1,1,1.25,1.25,0.0
22,77,0,3,0.0,3.75,3.75
22,78,1,3,1.25,3.75,2.5
22,79,0,2,0.0,2.5,2.5
22,80,0,1,0.0,1.25,1.25
22,81,2,0,2.5,0.0,-2.5
22,82,3,1,3.75,1.25,-2.5
22,83,0,0,0.0,0.0,0.0
22,84,2,0,2.5,0.0,-2.5
22,85,0,2,0.0,2.5,2.5
22,86,0,1,0.0,1.25,1.25
22,87,0,3,0.0,3.75,3.75
22,88,0,0,0.0,0.0,0.0
22,89,0,0,0.0,0.0,0.0
22,90,1,0,1.25,0.0,-1.25
22,91,0,1,0.0,1.25,1.25
22,92,1,0,1.25,0.0,-1.25
22,93,0,0,0.0,0.0,0.0
22,94,0,0,0.0,0.0,0.0
22,95,0,2,0.0,2.5,2.5
22,96,0,0,0.0,0.0,0.0
22,97,0,0,0.0,0.0,0.0
22,98,0,4,0.0,5.0,5.0
22,99,0,0,0.0,0.0,0.0
22,100,0,3,0.0,3.75,3.75
22,101,0,2,0.0,2.5,2.5
22,102,0,0,0.0,0.0,0.0
22,103,0,0,0.0,0.0,0.0
22,104,0,0,0.0,0.0,0.0
22,105,0,2,0.0,2.5,2.5
22,106,0,2,0.0,2.5,2.5
22,107,1,2,1.25,2.5,1.25
22,108,0,0,0.0,0.0,0.0
22,109,5,0,6.25,0.0,-6.25
22,110,1,0,1.25,0.0,-1.25
22,111,2,2,2.5,2.5,0.0
22,112,0,0,0.0,0.0,0.0
22,113,1,0,1.25,0.0,-1.25
22,114,0,0,0.0,0.0,0.0
22,115,0,3,0.0,3.75,3.75
22,116,0,0,0.0,0.0,0.0
22,117,1,3,1.25,3.75,2.5
22,118,2,0,2.5,0.0,-2.5
22,119,1,3,1.25,3.75,2.5
22,120,1,1,1.25,1.25,0.0
22,121,1,1,1.25,1.25,0.0
22,122,0,4,0.0,5.0,5.0
22,123,1,1,1.25,1.25,0.0
22,124,0,2,0.0,2.5,2.5
22,125,1,1,1.25,1.25,0.0
22,126,0,0,0.0,0.0,0.0
22,127,0,0,0.0,0.0,0.0
22,128,3,0,3.75,0.0,-3.75
22,129,0,0,0.0,0.0,0.0
22,130,1,1,1.25,1.25,0.0
22,131,0,1,0.0,1.25,1.25
22,132,1,0,1.25,0.0,-1.25
22,133,1,0,1.25,0.0,-1.25
22,134,1,0,1.25,0.0,-1.25
23,0,0,0,0.0,0.0,0.0
23,1,0,0,0.0,0.0,0.0
23,2,0,0,0.0,0.0,0.0
23,3,1,1,1.25,1.25,0.0
23,4,1,0,1.25,0.0,-1.25
23,5,1,0,1.25,0.0,-1.25
23,6,0,1,0.0,1.25,1.25
23,7,1,0,1.25,0.0,-1.25
23,8,0,0,0.0,0.0,0.0
23,9,0,0,0.0,0.0,0.0
23,10,0,0,0.0,0.0,0.0
23,11,1,0,1.25,0.0,-1.25
23,12,0,1,0.0,1.25,1.25
23,13,1,0,1.25,0.0,-1.25
23,14,0,0,0.0,0.0,0.0
23,15,0,1,0.0,1.25,1.25
23,16,0,0,0.0,0.0,0.0
23,17,0,0,0.0,0.0,0.0
23,18,0,1,0.0,1.25,1.25
23,19,0,0,0.0,0.0,0.0
23,20,0,0,0.0,0.0,0.0
23,21,0,1,0.0,1.25,1.25
23,22,1,1,1.25,1.25,0.0
23,23,2,0,2.5,0.0,-2.5
23,24,0,0,0.0,0.0,0.0
23,25,0,0,0.0,0.0,0.0
23,26,0,0,0.0,0.0,0.0
23,27,0,0,0.0,0.0,0.0
23,28,0,0,0.0,0.0,0.0
23,29,1,3,1.25,3.75,2.5
23,30,0,0,0.0,0.0,0.0
23,31,0,0,0.0,0.0,0.0
23,32,0,0,0.0,0.0,0.0
23,33,1,0,1.25,0.0,-1.25
23,34,0,0,0.0,0.0,0.0
23,35,0,0,0.0,0.0,0.0
23,36,0,0,0.0,0.0,0.0
23,37,0,0,0.0,0.0,0.0
23,38,0,0,0.0,0.0,0.0
23,39,0,0,0.0,0.0,0.0
23,40,0,1,0.0,1.25,1.25
23,41,3,0,3.75,0.0,-3.75
23,42,0,0,0.0,0.0,0.0
23,43,0,2,0.0,2.5,2.5
23,44,0,0,0.0,0.0,0.0
23,45,1,0,1.25,0.0,-1.25
23,46,0,0,0.0,0.0,0.0
23,47,0,0,0.0,0.0,0.0
23,48,1,0,1.25,0.0,-1.25
23,49,1,0,1.25,0.0,-1.25
23,50,0,0,0.0,0.0,0.0
23,51,0,0,0.0,0.0,0.0
23,52,2,0,2.5,0.0,-2.5
23,53,2,0,2.5,0.0,-2.5
23,54,0,0,0.0,0.0,0.0
23,55,1,0,1.25,0.0,-1.25
23,56,0,0,0.0,0.0,0.0
23,57,1,1,1.25,1.25,0.0
23,58,0,0,0.0,0.0,0.0
23,59,0,0,0.0,0.0,0.0
23,60,1,1,1.25,1.25,0.0
23,61,0,0,0.0,0.0,0.0
23,62,1,0,1.25,0.0,-1.25
23,63,0,0,0.0,0.0,0.0
23,64,0,0,0.0,0.0,0.0
23,65,2,0,2.5,0.0,-2.5
23,66,0,1,0.0,1.25,1.25
23,67,0,0,0.0,0.0,0.0
23,68,0,0,0.0,0.0,0.0
23,69,1,0,1.25,0.0,-1.25
23,70,0,1,0.0,1.25,1.25
23,71,0,0,0.0,0.0,0.0
23,72,0,1,0.0,1.25,1.25
23,73,1,0,1.25,0.0,-1.25
23,74,0,0,0.0,0.0,0.0
23,75,0,1,0.0,1.25,1.25
23,76,1,0,1.25,0.0,-1.25
23,77,1,1,1.25,1.25,0.0
23,78,0,0,0.0,0.0,0.0
23,79,1,0,1.25,0.0,-1.25
23,80,0,0,0.0,0.0,0.0
23,81,0,0,0.0,0.0,0.0
23,82,0,0,0.0,0.0,0.0
23,83,0,0,0.0,0.0,0.0
23,84,0,0,0.0,0.0,0.0
23,85,1,0,1.25,0.0,-1.25
23,86,2,0,2.5,0.0,-2.5
23,87,0,0,0.0,0.0,0.0
23,88,0,0,0.0,0.0,0.0
23,89,0,0,0.0,0.0,0.0
23,90,0,0,0.0,0.0,0.0
23,91,0,0,0.0,0.0,0.0
23,92,0,0,0.0,0.0,0.0
23,93,0,0,0.0,0.0,0.0
23,94,0,0,0.0,0.0,0.0
23,95,0,0,0.0,0.0,0.0
23,96,1,0,1.25,0.0,-1.25
23,97,0,2,0.0,2.5,2.5
23,98,0,0,0.0,0.0,0.0
23,99,0,0,0.0,0.0,0.0
23,100,0,0,0.0,0.0,0.0
23,101,0,0,0.0,0.0,0.0
23,102,0,1,0.0,1.25,1.25
23,103,0,0,0.0,0.0,0.0
23,104,0,0,0.0,0.0,0.0
23,105,0,0,0.0,0.0,0.0
23,106,0,0,0.0,0.0,0.0
23,107,0,2,0.0,2.5,2.5
23,108,0,0,0.0,0.0,0.0
23,109,0,0,0.0,0.0,0.0
23,110,0,0,0.0,0.0,0.0
23,111,0,0,0.0,0.0,0.0
23,112,0,0,0.0,0.0,0.0
23,113,0,0,0.0,0.0,0.0
23,114,0,0,0.0,0.0,0.0
23,115,0,0,0.0,0.0,0.0
23,116,0,1,0.0,1.25,1.25
23,117,0,0,0.0,0.0,0.0
23,118,0,0,0.0,0.0,0.0
23,119,0,0,0.0,0.0,0.0
23,120,0,0,0.0,0.0,0.0
23,121,0,0,0.0,0.0,0.0
23,122,0,0,0.0,0.0,0.0
23,123,1,0,1.25,0.0,-1.25
23,124,0,0,0.0,0.0,0.0
23,125,0,0,0.0,0.0,0.0
23,126,0,0,0.0,0.0,0.0
23,127,0,3,0.0,3.75,3.75
23,128,0,0,0.0,0.0,0.0
23,129,0,0,0.0,0.0,0.0
23,130,0,0,0.0,0.0,0.0
23,131,0,1,0.0,1.25,1.25
23,132,0,0,0.0,0.0,0.0
23,133,0,0,0.0,0.0,0.0
23,134,0,0,0.0,0.0,0.0
24,0,0,7,0.0,8.75,8.75
24,1,0,0,0.0,0.0,0.0
24,2,3,1,3.75,1.25,-2.5
24,3,0,5,0.0,6.25,6.25
24,4,0,2,0.0,2.5,2.5
24,5,0,2,0.0,2.5,2.5
24,6,0,0,0.0,0.0,0.0
24,7,0,0,0.0,0.0,0.0
24,8,3,3,3.75,3.75,0.0
24,9,0,2,0.0,2.5,2.5
24,10,2,0,2.5,0.0,-2.5
24,11,0,0,0.0,0.0,0.0
24,12,0,0,0.0,0.0,0.0
24,13,0,0,0.0,0.0,0.0
24,14,0,1,0.0,1.25,1.25
24,15,0,1,0.0,1.25,1.25
24,16,0,4,0.0,5.0,5.0
24,17,0,0,0.0,0.0,0.0
24,18,1,4,1.25,5.0,3.75
24,19,0,0,0.0,0.0,0.0
24,20,0,0,0.0,0.0,0.0
24,21,0,0,0.0,0.0,0.0
24,22,1,3,1.25,3.75,2.5
24,23,0,1,0.0,1.25,1.25
24,24,0,0,0.0,0.0,0.0
24,25,0,0,0.0,0.0,0.0
24,26,0,0,0.0,0.0,0.0
24,27,0,0,0.0,0.0,0.0
24,28,1,0,1.25,0.0,-1.25
24,29,0,0,0.0,0.0,0.0
24,30,1,0,1.25,0.0,-1.25
24,31,0,0,0.0,0.0,0.0
24,32,2,1,2.5,1.25,-1.25
24,33,0,1,0.0,1.25,1.25
24,34,0,0,0.0,0.0,0.0
24,35,0,0,0.0,0.0,0.0
24,36,0,2,0.0,2.5,2.5
24,37,0,4,0.0,5.0,5.0
24,38,1,0,1.25,0.0,-1.25
24,39,0,3,0.0,3.75,3.75
24,40,0,0,0.0,0.0,0.0
24,41,0,0,0.0,0.0,0.0
24,42,2,1,2.5,1.25,-1.25
24,43,0,0,0.0,0.0,0.0
24,44,0,0,0.0,0.0,0.0
24,45,0,0,0.0,0.0,0.0
24,46,0,3,0.0,3.75,3.75
24,47,0,0,0.0,0.0,0.0
24,48,0,0,0.0,0.0,0.0
24,49,2,0,2.5,0.0,-2.5
24,50,1,1,1.25,1.25,0.0
24,51,0,0,0.0,0.0,0.0
24,52,0,0,0.0,0.0,0.0
24,53,0,0,0.0,0.0,0.0
24,54,0,0,0.0,0.0,0.0
24,55,0,0,0.0,0.0,0.0
24,56,0,1,0.0,1.25,1.25
24,57,0,0,0.0,0.0,0.0
24,58,0,0,0.0,0.0,0.0
24,59,0,6,0.0,7.5,7.5
24,60,0,0,0.0,0.0,0.0
24,61,0,1,0.0,1.25,1.25
24,62,0,0,0.0,0.0,0.0
24,63,0,0,0.0,0.0,0.0
24,64,0,0,0.0,0.0,0.0
24,65,0,0,0.0,0.0,0.0
24,66,0,0,0.0,0.0,0.0
24,67,0,0,0.0,0.0,0.0
24,68,0,0,0.0,0.0,0.0
24,69,0,0,0.0,0.0,0.0
24,70,0,4,0.0,5.0,5.0
24,71,0,0,0.0,0.0,0.0
24,72,0,0,0.0,0.0,0.0
24,73,0,0,0.0,0.0,0.0
24,74,0,0,0.0,0.0,0.0
24,75,0,0,0.0,0.0,0.0
24,76,0,3,0.0,3.75,3.75
24,77,0,0,0.0,0.0,0.0
24,78,0,1,0.0,1.25,1.25
24,79,0,1,0.0,1.25,1.25
24,80,1,0,1.25,0.0,-1.25
24,81,1,0,1.25,0.0,-1.25
24,82,0,1,0.0,1.25,1.25
24,83,1,0,1.25,0.0,-1.25
24,84,0,0,0.0,0.0,0.0
24,85,0,0,0.0,0.0,0.0
24,86,0,0,0.0,0.0,0.0
24,87,0,0,0.0,0.0,0.0
24,88,0,0,0.0,0.0,0.0
24,89,0,0,0.0,0.0,0.0
24,90,0,1,0.0,1.25,1.25
24,91,1,2,1.25,2.5,1.25
24,92,0,0,0.0,0.0,0.0
24,93,0,0,0.0,0.0,0.0
24,94,0,0,0.0,0.0,0.0
24,95,0,0,0.0,0.0,0.0
24,96,1,0,1.25,0.0,-1.25
24,97,0,0,0.0,0.0,0.0
24,98,0,0,0.0,0.0,0.0
24,99,0,0,0.0,0.0,0.0
24,100,0,0,0.0,0.0,0.0
24,101,0,1,0.0,1.25,1.25
24,102,0,0,0.0,0.0,0.0
24,103,0,0,0.0,0.0,0.0
24,104,0,0,0.0,0.0,0.0
24,105,0,0,0.0,0.0,0.0
24,106,0,0,0.0,0.0,0.0
24,107,1,0,1.25,0.0,-1.25
24,108,0,1,0.0,1.25,1.25
24,109,0,1,0.0,1.25,1.25
24,110,0,0,0.0,0.0,0.0
24,111,0,0,0.0,0.0,0.0
24,112,0,0,0.0,0.0,0.0
24,113,0,2,0.0,2.5,2.5
24,114,4,2,5.0,2.5,-2.5
24,115,0,0,0.0,0.0,0.0
24,116,0,0,0.0,0.0,0.0
24,117,0,0,0.0,0.0,0.0
24,118,0,0,0.0,0.0,0.0
24,119,0,0,0.0,0.0,0.0
24,120,0,0,0.0,0.0,0.0
24,121,0,0,0.0,0.0,0.0
24,122,1,1,1.25,1.25,0.0
24,123,0,0,0.0,0.0,0.0
24,124,0,0,0.0,0.0,0.0
24,125,0,0,0.0,0.0,0.0
24,126,0,0,0.0,0.0,0.0
24,127,0,0,0.0,0.0,0.0
24,128,0,0,0.0,0.0,0.0
24,129,0,1,0.0,1.25,1.25
24,130,1,0,1.25,0.0,-1.25
24,131,0,0,0.0,0.0,0.0
24,132,0,0,0.0,0.0,0.0
24,133,0,0,0.0,0.0,0.0
24,134,0,0,0.0,0.0,0.0
25,0,5,5,6.25,6.25,0.0
25,1,0,0,0.0,0.0,0.0
25,2,1,0,1.25,0.0,-1.25
25,3,1,2,1.25,2.5,1.25
25,4,0,1,0.0,1.25,1.25
25,5,2,3,2.5,3.75,1.25
25,6,0,0,0.0,0.0,0.0
25,7,2,3,2.5,3.75,1.25
25,8,0,2,0.0,2.5,2.5
25,9,1,6,1.25,7.5,6.25
25,10,0,1,0.0,1.25,1.25
25,11,0,1,0.0,1.25,1.25
25,12,0,3,0.0,3.75,3.75
25,13,1,1,1.25,1.25,0.0
25,14,2,2,2.5,2.5,0.0
25,15,0,2,0.0,2.5,2.5
25,16,1,3,1.25,3.75,2.5
25,17,0,0,0.0,0.0,0.0
25,18,0,3,0.0,3.75,3.75
25,19,0,2,0.0,2.5,2.5
25,20,1,1,1.25,1.25,0.0
25,21,1,1,1.25,1.25,0.0
25,22,1,4,1.25,5.0,3.75
25,23,0,2,0.0,2.5,2.5
25,24,1,1,1.25,1.25,0.0
25,25,0,0,0.0,0.0,0.0
25,26,0,1,0.0,1.25,1.25
25,27,0,1,0.0,1.25,1.25
25,28,0,0,0.0,0.0,0.0
25,29,0,0,0.0,0.0,0.0
25,30,1,0,1.25,0.0,-1.25
25,31,0,0,0.0,0.0,0.0
25,32,1,1,1.25,1.25,0.0
25,33,1,0,1.25,0.0,-1.25
25,34,0,2,0.0,2.5,2.5
25,35,3,4,3.75,5.0,1.25
25,36,0,0,0.0,0.0,0.0
25,37,1,4,1.25,5.0,3.75
25,38,1,0,1.25,0.0,-1.25
25,39,3,5,3.75,6.25,2.5
25,40,4,2,5.0,2.5,-2.5
25,41,0,1,0.0,1.25,1.25
25,42,1,0,1.25,0.0,-1.25
25,43,3,0,3.75,0.0,-3.75
25,44,0,2,0.0,2.5,2.5
25,45,2,3,2.5,3.75,1.25
25,46,2,4,2.5,5.0,2.5
25,47,0,0,0.0,0.0,0.0
25,48,2,4,2.5,5.0,2.5
25,49,1,4,1.25,5.0,3.75
25,50,2,1,2.5,1.25,-1.25
25,51,2,1,2.5,1.25,-1.25
25,52,0,1,0.0,1.25,1.25
25,53,1,0,1.25,0.0,-1.25
25,54,1,0,1.25,0.0,-1.25
25,55,2,1,2.5,1.25,-1.25
25,56,1,0,1.25,0.0,-1.25
25,57,1,1,1.25,1.25,0.0
25,58,2,1,2.5,1.25,-1.25
25,59,2,7,2.5,8.75,6.25
25,60,0,0,0.0,0.0,0.0
25,61,1,0,1.25,0.0,-1.25
25,62,0,1,0.0,1.25,1.25
25,63,1,2,1.25,2.5,1.25
25,64,1,2,1.25,2.5,1.25
25,65,0,1,0.0,1.25,1.25
25,66,1,1,1.25,1.25,0.0
25,67,0,1,0.0,1.25,1.25
25,68,1,3,1.25,3.75,2.5
25,69,0,2,0.0,2.5,2.5
25,70,0,2,0.0,2.5,2.5
25,71,0,0,0.0,0.0,0.0
25,72,0,1,0.0,1.25,1.25
25,73,1,1,1.25,1.25,0.0
25,74,0,3,0.0,3.75,3.75
25,75,1,0,1.25,0.0,-1.25
25,76,3,1,3.75,1.25,-2.5
25,77,1,1,1.25,1.25,0.0
25,78,1,3,1.25,3.75,2.5
25,79,2,2,2.5,2.5,0.0
25,80,0,1,0.0,1.25,1.25
25,81,1,0,1.25,0.0,-1.25
25,82,5,1,6.25,1.25,-5.0
25,83,0,1,0.0,1.25,1.25
25,84,0,3,0.0,3.75,3.75
25,85,4,1,5.0,1.25,-3.75
25,86,4,3,5.0,3.75,-1.25
25,87,2,0,2.5,0.0,-2.5
25,88,2,0,2.5,0.0,-2.5
25,89,1,0,1.25,0.0,-1.25
25,90,0,1,0.0,1.25,1.25
25,91,1,0,1.25,0.0,-1.25
25,92,5,2,6.25,2.5,-3.75
25,93,0,1,0.0,1.25,1.25
25,94,2,0,2.5,0.0,-2.5
25,95,8,2,10.0,2.5,-7.5
25,96,0,0,0.0,0.0,0.0
25,97,2,2,2.5,2.5,0.0
25,98,0,0,0.0,0.0,0.0
25,99,0,2,0.0,2.5,2.5
25,100,0,0,0.0,0.0,0.0
25,101,0,0,0.0,0.0,0.0
25,102,1,0,1.25,0.0,-1.25
25,103,2,0,2.5,0.0,-2.5
25,104,2,4,2.5,5.0,2.5
25,105,1,1,1.25,1.25,0.0
25,106,1,0,1.25,0.0,-1.25
25,107,2,0,2.5,0.0,-2.5
25,108,0,0,0.0,0.0,0.0
25,109,1,2,1.25,2.5,1.25
25,110,1,0,1.25,0.0,-1.25
25,111,1,0,1.25,0.0,-1.25
25,112,3,3,3.75,3.75,0.0
25,113,1,0,1.25,0.0,-1.25
25,114,0,3,0.0,3.75,3.75
25,115,1,1,1.25,1.25,0.0
25,116,3,2,3.75,2.5,-1.25
25,117,1,0,1.25,0.0,-1.25
25,118,0,3,0.0,3.75,3.75
25,119,1,0,1.25,0.0,-1.25
25,120,1,0,1.25,0.0,-1.25
25,121,2,0,2.5,0.0,-2.5
25,122,2,0,2.5,0.0,-2.5
25,123,2,1,2.5,1.25,-1.25
25,124,0,0,0.0,0.0,0.0
25,125,0,0,0.0,0.0,0.0
25,126,1,2,1.25,2.5,1.25
25,127,0,1,0.0,1.25,1.25
25,128,0,0,0.0,0.0,0.0
25,129,3,1,3.75,1.25,-2.5
25,130,1,0,1.25,0.0,-1.25
25,131,2,1,2.5,1.25,-1.25
25,132,0,1,0.0,1.25,1.25
25,133,1,0,1.25,0.0,-1.25
25,134,1,1,1.25,1.25,0.0
26,0,0,0,0.0,0.0,0.0
26,1,0,1,0.0,1.25,1.25
26,2,0,0,0.0,0.0,0.0
26,3,0,0,0.0,0.0,0.0
26,4,0,0,0.0,0.0,0.0
26,5,0,0,0.0,0.0,0.0
26,6,0,1,0.0,1.25,1.25
26,7,0,0,0.0,0.0,0.0
26,8,0,0,0.0,0.0,0.0
26,9,0,0,0.0,0.0,0.0
26,10,0,0,0.0,0.0,0.0
26,11,0,0,0.0,0.0,0.0
26,12,0,0,0.0,0.0,0.0
26,13,0,0,0.0,0.0,0.0
26,14,0,0,0.0,0.0,0.0
26,15,0,1,0.0,1.25,1.25
26,16,0,0,0.0,0.0,0.0
26,17,0,0,0.0,0.0,0.0
26,18,0,0,0.0,0.0,0.0
26,19,0,0,0.0,0.0,0.0
26,20,0,0,0.0,0.0,0.0
26,21,0,0,0.0,0.0,0.0
26,22,0,0,0.0,0.0,0.0
26,23,0,0,0.0,0.0,0.0
26,24,0,0,0.0,0.0,0.0
26,25,0,0,0.0,0.0,0.0
26,26,0,0,0.0,0.0,0.0
26,27,0,0,0.0,0.0,0.0
26,28,0,0,0.0,0.0,0.0
26,29,0,0,0.0,0.0,0.0
26,30,0,0,0.0,0.0,0.0
26,31,0,1,0.0,1.25,1.25
26,32,0,2,0.0,2.5,2.5
26,33,0,1,0.0,1.25,1.25
26,34,1,0,1.25,0.0,-1.25
26,35,0,0,0.0,0.0,0.0
26,36,0,0,0.0,0.0,0.0
26,37,0,0,0.0,0.0,0.0
26,38,0,0,0.0,0.0,0.0
26,39,0,0,0.0,0.0,0.0
26,40,0,0,0.0,0.0,0.0
26,41,0,0,0.0,0.0,0.0
26,42,0,1,0.0,1.25,1.25
26,43,0,0,0.0,0.0,0.0
26,44,0,0,0.0,0.0,0.0
26,45,0,0,0.0,0.0,0.0
26,46,0,0,0.0,0.0,0.0
26,47,0,0,0.0,0.0,0.0
26,48,0,0,0.0,0.0,0.0
26,49,1,1,1.25,1.25,0.0
26,50,0,0,0.0,0.0,0.0
26,51,0,0,0.0,0.0,0.0
26,52,0,0,0.0,0.0,0.0
26,53,0,0,0.0,0.0,0.0
26,54,0,1,0.0,1.25,1.25
26,55,0,0,0.0,0.0,0.0
26,56,0,0,0.0,0.0,0.0
26,57,0,0,0.0,0.0,0.0
26,58,0,2,0.0,2.5,2.5
26,59,0,0,0.0,0.0,0.0
26,60,0,0,0.0,0.0,0.0
26,61,0,0,0.0,0.0,0.0
26,62,0,0,0.0,0.0,0.0
26,63,0,1,0.0,1.25,1.25
26,64,0,0,0.0,0.0,0.0
26,65,0,0,0.0,0.0,0.0
26,66,0,0,0.0,0.0,0.0
26,67,0,0,0.0,0.0,0.0
26,68,0,0,0.0,0.0,0.0
26,69,0,0,0.0,0.0,0.0
26,70,0,0,0.0,0.0,0.0
26,71,0,0,0.0,0.0,0.0
26,72,0,1,0.0,1.25,1.25
26,73,0,0,0.0,0.0,0.0
26,74,0,0,0.0,0.0,0.0
26,75,0,0,0.0,0.0,0.0
26,76,0,0,0.0,0.0,0.0
26,77,0,0,0.0,0.0,0.0
26,78,0,0,0.0,0.0,0.0
26,79,0,0,0.0,0.0,0.0
26,80,0,0,0.0,0.0,0.0
26,81,2,0,2.5,0.0,-2.5
26,82,1,0,1.25,0.0,-1.25
26,83,0,1,0.0,1.25,1.25
26,84,0,0,0.0,0.0,0.0
26,85,0,0,0.0,0.0,0.0
26,86,0,0,0.0,0.0,0.0
26,87,0,0,0.0,0.0,0.0
26,88,0,0,0.0,0.0,0.0
26,89,0,0,0.0,0.0,0.0
26,90,0,0,0.0,0.0,0.0
26,91,0,1,0.0,1.25,1.25
26,92,0,0,0.0,0.0,0.0
26,93,0,1,0.0,1.25,1.25
26,94,0,0,0.0,0.0,0.0
26,95,0,0,0.0,0.0,0.0
26,96,0,0,0.0,0.0,0.0
26,97,0,0,0.0,0.0,0.0
26,98,0,0,0.0,0.0,0.0
26,99,0,0,0.0,0.0,0.0
26,100,0,0,0.0,0.0,0.0
26,101,0,0,0.0,0.0,0.0
26,102,0,0,0.0,0.0,0.0
26,103,0,0,0.0,0.0,0.0
26,104,5,0,6.25,0.0,-6.25
26,105,0,0,0.0,0.0,0.0
26,106,0,0,0.0,0.0,0.0
26,107,0,0,0.0,0.0,0.0
26,108,0,0,0.0,0.0,0.0
26,109,0,0,0.0,0.0,0.0
26,110,0,0,0.0,0.0,0.0
26,111,0,0,0.0,0.0,0.0
26,112,0,0,0.0,0.0,0.0
26,113,0,0,0.0,0.0,0.0
26,114,0,0,0.0,0.0,0.0
26,115,0,0,0.0,0.0,0.0
26,116,0,0,0.0,0.0,0.0
26,117,1,0,1.25,0.0,-1.25
26,118,0,0,0.0,0.0,0.0
26,119,0,0,0.0,0.0,0.0
26,120,0,0,0.0,0.0,0.0
26,121,2,0,2.5,0.0,-2.5
26,122,0,0,0.0,0.0,0.0
26,123,0,0,0.0,0.0,0.0
26,124,0,0,0.0,0.0,0.0
26,125,0,0,0.0,0.0,0.0
26,126,0,0,0.0,0.0,0.0
26,127,0,0,0.0,0.0,0.0
26,128,0,0,0.0,0.0,0.0
26,129,0,0,0.0,0.0,0.0
26,130,1,0,1.25,0.0,-1.25
26,131,0,0,0.0,0.0,0.0
26,132,0,0,0.0,0.0,0.0
26,133,0,0,0.0,0.0,0.0
26,134,0,0,0.0,0.0,0.0
27,0,0,2,0.0,2.5,2.5
27,1,4,1,5.0,1.25,-3.75
27,2,1,0,1.25,0.0,-1.25
27,3,0,1,0.0,1.25,1.25
27,4,0,0,0.0,0.0,0.0
27,5,0,1,0.0,1.25,1.25
27,6,0,0,0.0,0.0,0.0
27,7,0,1,0.0,1.25,1.25
27,8,0,2,0.0,2.5,2.5
27,9,1,0,1.25,0.0,-1.25
27,10,1,2,1.25,2.5,1.25
27,11,1,1,1.25,1.25,0.0
27,12,1,0,1.25,0.0,-1.25
27,13,0,1,0.0,1.25,1.25
27,14,2,2,2.5,2.5,0.0
27,15,1,0,1.25,0.0,-1.25
27,16,1,0,1.25,0.0,-1.25
27,17,0,0,0.0,0.0,0.0
27,18,0,0,0.0,0.0,0.0
27,19,0,0,0.0,0.0,0.0
27,20,0,0,0.0,0.0,0.0
27,21,0,1,0.0,1.25,1.25
27,22,0,0,0.0,0.0,0.0
27,23,0,0,0.0,0.0,0.0
27,24,0,0,0.0,0.0,0.0
27,25,3,0,3.75,0.0,-3.75
27,26,0,1,0.0,1.25,1.25
27,27,0,0,0.0,0.0,0.0
27,28,1,0,1.25,0.0,-1.25
27,29,0,1,0.0,1.25,1.25
27,30,0,0,0.0,0.0,0.0
27,31,0,0,0.0,0.0,0.0
27,32,2,0,2.5,0.0,-2.5
27,33,0,3,0.0,3.75,3.75
27,34,1,2,1.25,2.5,1.25
27,35,1,1,1.25,1.25,0.0
27,36,2,0,2.5,0.0,-2.5
27,37,0,3,0.0,3.75,3.75
27,38,0,2,0.0,2.5,2.5
27,39,0,0,0.0,0.0,0.0
27,40,2,0,2.5,0.0,-2.5
27,41,1,0,1.25,0.0,-1.25
27,42,0,1,0.0,1.25,1.25
27,43,0,0,0.0,0.0,0.0
27,44,1,2,1.25,2.5,1.25
27,45,1,2,1.25,2.5,1.25
27,46,1,0,1.25,0.0,-1.25
27,47,2,3,2.5,3.75,1.25
27,48,3,0,3.75,0.0,-3.75
27,49,3,1,3.75,1.25,-2.5
27,50,0,0,0.0,0.0,0.0
27,51,1,2,1.25,2.5,1.25
27,52,0,0,0.0,0.0,0.0
27,53,0,1,0.0,1.25,1.25
27,54,0,0,0.0,0.0,0.0
27,55,5,1,6.25,1.25,-5.0
27,56,1,3,1.25,3.75,2.5
27,57,2,0,2.5,0.0,-2.5
27,58,1,0,1.25,0.0,-1.25
27,59,1,0,1.25,0.0,-1.25
27,60,0,1,0.0,1.25,1.25
27,61,1,0,1.25,0.0,-1.25
27,62,0,0,0.0,0.0,0.0
27,63,2,0,2.5,0.0,-2.5
27,64,0,1,0.0,1.25,1.25
27,65,0,3,0.0,3.75,3.75
27,66,2,1,2.5,1.25,-1.25
27,67,0,0,0.0,0.0,0.0
27,68,0,1,0.0,1.25,1.25
27,69,1,2,1.25,2.5,1.25
27,70,0,0,0.0,0.0,0.0
27,71,1,0,1.25,0.0,-1.25
27,72,1,0,1.25,0.0,-1.25
27,73,0,0,0.0,0.0,0.0
27,74,0,0,0.0,0.0,0.0
27,75,2,0,2.5,0.0,-2.5
27,76,2,2,2.5,2.5,0.0
27,77,0,1,0.0,1.25,1.25
27,78,1,1,1.25,1.25,0.0
27,79,1,1,1.25,1.25,0.0
27,80,2,1,2.5,1.25,-1.25
27,81,1,2,1.25,2.5,1.25
27,82,2,1,2.5,1.25,-1.25
27,83,0,0,0.0,0.0,0.0
27,84,0,0,0.0,0.0,0.0
27,85,1,1,1.25,1.25,0.0
27,86,3,3,3.75,3.75,0.0
27,87,1,0,1.25,0.0,-1.25
27,88,0,1,0.0,1.25,1.25
27,89,1,0,1.25,0.0,-1.25
27,90,0,3,0.0,3.75,3.75
27,91,0,1,0.0,1.25,1.25
27,92,3,2,3.75,2.5,-1.25
27,93,0,0,0.0,0.0,0.0
27,94,0,0,0.0,0.0,0.0
27,95,0,0,0.0,0.0,0.0
27,96,0,1,0.0,1.25,1.25
27,97,1,1,1.25,1.25,0.0
27,98,0,2,0.0,2.5,2.5
27,99,0,1,0.0,1.25,1.25
27,100,0,1,0.0,1.25,1.25
27,101,0,1,0.0,1.25,1.25
27,102,2,1,2.5,1.25,-1.25
27,103,1,1,1.25,1.25,0.0
27,104,2,0,2.5,0.0,-2.5
27,105,2,2,2.5,2.5,0.0
27,106,2,1,2.5,1.25,-1.25
27,107,0,2,0.0,2.5,2.5
27,108,1,1,1.25,1.25,0.0
27,109,0,0,0.0,0.0,0.0
27,110,0,1,0.0,1.25,1.25
27,111,0,3,0.0,3.75,3.75
27,112,1,1,1.25,1.25,0.0
27,113,1,1,1.25,1.25,0.0
27,114,3,0,3.75,0.0,-3.75
27,115,1,0,1.25,0.0,-1.25
27,116,1,2,1.25,2.5,1.25
27,117,1,0,1.25,0.0,-1.25
27,118,0,1,0.0,1.25,1.25
27,119,5,0,6.25,0.0,-6.25
27,120,2,2,2.5,2.5,0.0
27,121,2,0,2.5,0.0,-2.5
27,122,2,0,2.5,0.0,-2.5
27,123,1,2,1.25,2.5,1.25
27,124,2,0,2.5,0.0,-2.5
27,125,0,0,0.0,0.0,0.0
27,126,1,2,1.25,2.5,1.25
27,127,1,2,1.25,2.5,1.25
27,128,0,1,0.0,1.25,1.25
27,129,1,1,1.25,1.25,0.0
27,130,1,0,1.25,0.0,-1.25
27,131,1,1,1.25,1.25,0.0
27,132,1,0,1.25,0.0,-1.25
27,133,0,0,0.0,0.0,0.0
27,134,2,0,2.5,0.0,-2.5
28,0,0,0,0.0,0.0,0.0
28,1,0,0,0.0,0.0,0.0
28,2,0,0,0.0,0.0,0.0
28,3,0,0,0.0,0.0,0.0
28,4,0,0,0.0,0.0,0.0
28,5,0,0,0.0,0.0,0.0
28,6,0,0,0.0,0.0,0.0
28,7,0,0,0.0,0.0,0.0
28,8,0,1,0.0,1.25,1.25
28,9,0,0,0.0,0.0,0.0
28,10,0,0,0.0,0.0,0.0
28,11,0,0,0.0,0.0,0.0
28,12,0,0,0.0,0.0,0.0
28,13,0,0,0.0,0.0,0.0
28,14,0,0,0.0,0.0,0.0
28,15,0,4,0.0,5.0,5.0
28,16,0,0,0.0,0.0,0.0
28,17,0,0,0.0,0.0,0.0
28,18,0,0,0.0,0.0,0.0
28,19,0,0,0.0,0.0,0.0
28,20,0,0,0.0,0.0,0.0
28,21,0,0,0.0,0.0,0.0
28,22,0,1,0.0,1.25,1.25
28,23,0,2,0.0,2.5,2.5
28,24,0,0,0.0,0.0,0.0
28,25,0,0,0.0,0.0,0.0
28,26,0,0,0.0,0.0,0.0
28,27,0,0,0.0,0.0,0.0
28,28,0,0,0.0,0.0,0.0
28,29,0,0,0.0,0.0,0.0
28,30,0,0,0.0,0.0,0.0
28,31,0,0,0.0,0.0,0.0
28,32,0,1,0.0,1.25,1.25
28,33,0,0,0.0,0.0,0.0
28,34,0,0,0.0,0.0,0.0
28,35,0,0,0.0,0.0,0.0
28,36,0,2,0.0,2.5,2.5
28,37,0,0,0.0,0.0,0.0
28,38,0,0,0.0,0.0,0.0
28,39,0,0,0.0,0.0,0.0
28,40,0,0,0.0,0.0,0.0
28,41,0,0,0.0,0.0,0.0
28,42,0,0,0.0,0.0,0.0
28,43,0,0,0.0,0.0,0.0
28,44,0,0,0.0,0.0,0.0
28,45,0,0,0.0,0.0,0.0
28,46,1,3,1.25,3.75,2.5
28,47,2,0,2.5,0.0,-2.5
28,48,0,0,0.0,0.0,0.0
28,49,0,0,0.0,0.0,0.0
28,50,0,1,0.0,1.25,1.25
28,51,0,2,0.0,2.5,2.5
28,52,0,0,0.0,0.0,0.0
28,53,0,0,0.0,0.0,0.0
28,54,0,0,0.0,0.0,0.0
28,55,0,0,0.0,0.0,0.0
28,56,0,0,0.0,0.0,0.0
28,57,0,0,0.0,0.0,0.0
28,58,0,0,0.0,0.0,0.0
28,59,0,1,0.0,1.25,1.25
28,60,0,0,0.0,0.0,0.0
28,61,0,1,0.0,1.25,1.25
28,62,0,0,0.0,0.0,0.0
28,63,0,0,0.0,0.0,0.0
28,64,0,0,0.0,0.0,0.0
28,65,0,0,0.0,0.0,0.0
28,66,0,0,0.0,0.0,0.0
28,67,0,0,0.0,0.0,0.0
28,68,0,0,0.0,0.0,0.0
28,69,0,0,0.0,0.0,0.0
28,70,0,1,0.0,1.25,1.25
28,71,0,0,0.0,0.0,0.0
28,72,0,1,0.0,1.25,1.25
28,73,0,0,0.0,0.0,0.0
28,74,0,0,0.0,0.0,0.0
28,75,0,0,0.0,0.0,0.0
28,76,0,1,0.0,1.25,1.25
28,77,0,0,0.0,0.0,0.0
28,78,0,0,0.0,0.0,0.0
28,79,0,0,0.0,0.0,0.0
28,80,0,0,0.0,0.0,0.0
28,81,0,0,0.0,0.0,0.0
28,82,2,0,2.5,0.0,-2.5
28,83,0,0,0.0,0.0,0.0
28,84,0,1,0.0,1.25,1.25
28,85,1,0,1.25,0.0,-1.25
28,86,0,0,0.0,0.0,0.0
28,87,0,0,0.0,0.0,0.0
28,88,0,0,0.0,0.0,0.0
28,89,0,0,0.0,0.0,0.0
28,90,0,0,0.0,0.0,0.0
28,91,0,0,0.0,0.0,0.0
28,92,0,0,0.0,0.0,0.0
28,93,0,0,0.0,0.0,0.0
28,94,0,0,0.0,0.0,0.0
28,95,1,0,1.25,0.0,-1.25
28,96,0,1,0.0,1.25,1.25
28,97,0,0,0.0,0.0,0.0
28,98,0,0,0.0,0.0,0.0
28,99,0,0,0.0,0.0,0.0
28,100,0,0,0.0,0.0,0.0
28,101,0,0,0.0,0.0,0.0
28,102,1,0,1.25,0.0,-1.25
28,103,0,0,0.0,0.0,0.0
28,104,0,0,0.0,0.0,0.0
28,105,0,0,0.0,0.0,0.0
28,106,0,0,0.0,0.0,0.0
28,107,0,0,0.0,0.0,0.0
28,108,0,0,0.0,0.0,0.0
28,109,0,1,0.0,1.25,1.25
28,110,0,0,0.0,0.0,0.0
28,111,0,0,0.0,0.0,0.0
28,112,0,0,0.0,0.0,0.0
28,113,0,1,0.0,1.25,1.25
28,114,0,0,0.0,0.0,0.0
28,115,0,0,0.0,0.0,0.0
28,116,0,0,0.0,0.0,0.0
28,117,0,0,0.0,0.0,0.0
28,118,0,0,0.0,0.0,0.0
28,119,0,0,0.0,0.0,0.0
28,120,0,0,0.0,0.0,0.0
28,121,0,0,0.0,0.0,0.0
28,122,0,0,0.0,0.0,0.0
28,123,0,0,0.0,0.0,0.0
28,124,0,0,0.0,0.0,0.0
28,125,0,0,0.0,0.0,0.0
28,126,0,0,0.0,0.0,0.0
28,127,0,0,0.0,0.0,0.0
28,128,0,0,0.0,0.0,0.0
28,129,0,1,0.0,1.25,1.25
28,130,0,0,0.0,0.0,0.0
28,131,0,0,0.0,0.0,0.0
28,132,0,0,0.0,0.0,0.0
28,133,0,0,0.0,0.0,0.0
28,134,0,0,0.0,0.0,0.0
29,0,3,3,3.75,3.75,0.0
29,1,1,8,1.25,10.0,8.75
29,2,1,2,1.25,2.5,1.25
29,3,2,1,2.5,1.25,-1.25
29,4,3,1,3.75,1.25,-2.5
29,5,0,1,0.0,1.25,1.25
29,6,6,5,7.5,6.25,-1.25
29,7,0,3,0.0,3.75,3.75
29,8,2,3,2.5,3.75,1.25
29,9,3,1,3.75,1.25,-2.5
29,10,4,3,5.0,3.75,-1.25
29,11,1,3,1.25,3.75,2.5
29,12,2,1,2.5,1.25,-1.25
29,13,2,2,2.5,2.5,0.0
29,14,5,3,6.25,3.75,-2.5
29,15,3,2,3.75,2.5,-1.25
29,16,3,1,3.75,1.25,-2.5
29,17,1,1,1.25,1.25,0.0
29,18,1,1,1.25,1.25,0.0
29,19,1,1,1.25,1.25,0.0
29,20,1,0,1.25,0.0,-1.25
29,21,4,3,5.0,3.75,-1.25
29,22,2,4,2.5,5.0,2.5
29,23,1,5,1.25,6.25,5.0
29,24,3,3,3.75,3.75,0.0
29,25,2,3,2.5,3.75,1.25
29,26,0,1,0.0,1.25,1.25
29,27,3,6,3.75,7.5,3.75
29,28,4,3,5.0,3.75,-1.25
29,29,2,1,2.5,1.25,-1.25
29,30,1,5,1.25,6.25,5.0
29,31,0,1,0.0,1.25,1.25
29,32,1,3,1.25,3.75,2.5
29,33,1,2,1.25,2.5,1.25
29,34,2,5,2.5,6.25,3.75
29,35,1,3,1.25,3.75,2.5
29,36,0,1,0.0,1.25,1.25
29,37,0,4,0.0,5.0,5.0
29,38,1,1,1.25,1.25,0.0
29,39,3,1,3.75,1.25,-2.5
29,40,1,2,1.25,2.5,1.25
29,41,4,5,5.0,6.25,1.25
29,42,1,2,1.25,2.5,1.25
29,43,2,0,2.5,0.0,-2.5
29,44,3,3,3.75,3.75,0.0
29,45,1,4,1.25,5.0,3.75
29,46,2,4,2.5,5.0,2.5
29,47,2,2,2.5,2.5,0.0
29,48,2,3,2.5,3.75,1.25
29,49,8,6,10.0,7.5,-2.5
29,50,2,3,2.5,3.75,1.25
29,51,2,1,2.5,1.25,-1.25
29,52,0,1,0.0,1.25,1.25
29,53,2,0,2.5,0.0,-2.5
29,54,1,3,1.25,3.75,2.5
29,55,1,1,1.25,1.25,0.0
29,56,1,3,1.25,3.75,2.5
29,57,2,2,2.5,2.5,0.0
29,58,1,3,1.25,3.75,2.5
29,59,1,2,1.25,2.5,1.25
29,60,2,2,2.5,2.5,0.0
29,61,3,3,3.75,3.75,0.0
29,62,4,3,5.0,3.75,-1.25
29,63,5,1,6.25,1.25,-5.0
29,64,5,3,6.25,3.75,-2.5
29,65,2,4,2.5,5.0,2.5
29,66,3,1,3.75,1.25,-2.5
29,67,4,3,5.0,3.75,-1.25
29,68,2,1,2.5,1.25,-1.25
29,69,3,2,3.75,2.5,-1.25
29,70,1,1,1.25,1.25,0.0
29,71,3,2,3.75,2.5,-1.25
29,72,5,1,6.25,1.25,-5.0
29,73,0,3,0.0,3.75,3.75
29,74,0,4,0.0,5.0,5.0
29,75,2,3,2.5,3.75,1.25
29,76,1,3,1.25,3.75,2.5
29,77,6,2,7.5,2.5,-5.0
29,78,4,1,5.0,1.25,-3.75
29,79,1,3,1.25,3.75,2.5
29,80,5,2,6.25,2.5,-3.75
29,81,4,7,5.0,8.75,3.75
29,82,0,2,0.0,2.5,2.5
29,83,2,3,2.5,3.75,1.25
29,84,4,2,5.0,2.5,-2.5
29,85,4,0,5.0,0.0,-5.0
29,86,2,1,2.5,1.25,-1.25
29,87,1,3,1.25,3.75,2.5
29,88,3,6,3.75,7.5,3.75
29,89,2,2,2.5,2.5,0.0
29,90,3,4,3.75,5.0,1.25
29,91,3,2,3.75,2.5,-1.25
29,92,2,2,2.5,2.5,0.0
29,93,2,5,2.5,6.25,3.75
29,94,2,2,2.5,2.5,0.0
29,95,0,3,0.0,3.75,3.75
29,96,3,3,3.75,3.75,0.0
29,97,1,1,1.25,1.25,0.0
29,98,1,2,1.25,2.5,1.25
29,99,1,2,1.25,2.5,1.25
29,100,1,1,1.25,1.25,0.0
29,101,2,4,2.5,5.0,2.5
29,102,2,3,2.5,3.75,1.25
29,103,2,3,2.5,3.75,1.25
29,104,6,3,7.5,3.75,-3.75
29,105,3,3,3.75,3.75,0.0
29,106,2,0,2.5,0.0,-2.5
29,107,3,0,3.75,0.0,-3.75
29,108,5,0,6.25,0.0,-6.25
29,109,2,1,2.5,1.25,-1.25
29,110,1,2,1.25,2.5,1.25
29,111,4,5,5.0,6.25,1.25
29,112,2,2,2.5,2.5,0.0
29,113,3,1,3.75,1.25,-2.5
29,114,1,1,1.25,1.25,0.0
29,115,1,2,1.25,2.5,1.25
29,116,4,2,5.0,2.5,-2.5
29,117,1,1,1.25,1.25,0.0
29,118,1,0,1.25,0.0,-1.25
29,119,1,1,1.25,1.25,0.0
29,120,2,1,2.5,1.25,-1.25
29,121,2,0,2.5,0.0,-2.5
29,122,1,4,1.25,5.0,3.75
29,123,4,3,5.0,3.75,-1.25
29,124,2,1,2.5,1.25,-1.25
29,125,0,1,0.0,1.25,1.25
29,126,0,2,0.0,2.5,2.5
29,127,0,3,0.0,3.75,3.75
29,128,0,0,0.0,0.0,0.0
29,129,3,1,3.75,1.25,-2.5
29,130,0,0,0.0,0.0,0.0
29,131,2,1,2.5,1.25,-1.25
29,132,2,0,2.5,0.0,-2.5
29,133,3,1,3.75,1.25,-2.5
29,134,0,1,0.0,1.25,1.25
30,0,2,2,2.5,2.5,0.0
30,1,1,0,1.25,0.0,-1.25
30,2,0,0,0.0,0.0,0.0
30,3,0,0,0.0,0.0,0.0
30,4,1,1,1.25,1.25,0.0
30,5,0,2,0.0,2.5,2.5
30,6,2,1,2.5,1.25,-1.25
30,7,0,0,0.0,0.0,0.0
30,8,2,1,2.5,1.25,-1.25
30,9,2,2,2.5,2.5,0.0
30,10,2,4,2.5,5.0,2.5
30,11,1,1,1.25,1.25,0.0
30,12,1,0,1.25,0.0,-1.25
30,13,0,1,0.0,1.25,1.25
30,14,0,2,0.0,2.5,2.5
30,15,0,2,0.0,2.5,2.5
30,16,0,0,0.0,0.0,0.0
30,17,2,0,2.5,0.0,-2.5
30,18,0,1,0.0,1.25,1.25
30,19,0,2,0.0,2.5,2.5
30,20,0,0,0.0,0.0,0.0
30,21,1,1,1.25,1.25,0.0
30,22,0,2,0.0,2.5,2.5
30,23,0,0,0.0,0.0,0.0
30,24,1,2,1.25,2.5,1.25
30,25,2,0,2.5,0.0,-2.5
30,26,0,0,0.0,0.0,0.0
30,27,2,4,2.5,5.0,2.5
30,28,0,0,0.0,0.0,0.0
30,29,2,1,2.5,1.25,-1.25
30,30,1,2,1.25,2.5,1.25
30,31,2,2,2.5,2.5,0.0
30,32,0,2,0.0,2.5,2.5
30,33,0,0,0.0,0.0,0.0
30,34,0,2,0.0,2.5,2.5
30,35,1,3,1.25,3.75,2.5
30,36,0,0,0.0,0.0,0.0
30,37,1,2,1.25,2.5,1.25
30,38,1,3,1.25,3.75,2.5
30,39,0,1,0.0,1.25,1.25
30,40,1,2,1.25,2.5,1.25
30,41,1,0,1.25,0.0,-1.25
30,42,1,0,1.25,0.0,-1.25
30,43,0,0,0.0,0.0,0.0
30,44,0,6,0.0,7.5,7.5
30,45,0,0,0.0,0.0,0.0
30,46,0,1,0.0,1.25,1.25
30,47,0,2,0.0,2.5,2.5
30,48,0,1,0.0,1.25,1.25
30,49,4,2,5.0,2.5,-2.5
30,50,0,2,0.0,2.5,2.5
30,51,2,1,2.5,1.25,-1.25
30,52,0,0,0.0,0.0,0.0
30,53,1,1,1.25,1.25,0.0
30,54,1,0,1.25,0.0,-1.25
30,55,1,0,1.25,0.0,-1.25
30,56,0,1,0.0,1.25,1.25
30,57,1,1,1.25,1.25,0.0
30,58,2,0,2.5,0.0,-2.5
30,59,0,2,0.0,2.5,2.5
30,60,0,0,0.0,0.0,0.0
30,61,2,0,2.5,0.0,-2.5
30,62,2,1,2.5,1.25,-1.25
30,63,1,1,1.25,1.25,0.0
30,64,0,2,0.0,2.5,2.5
30,65,0,2,0.0,2.5,2.5
30,66,4,2,5.0,2.5,-2.5
30,67,0,1,0.0,1.25,1.25
30,68,0,0,0.0,0.0,0.0
30,69,2,1,2.5,1.25,-1.25
30,70,1,2,1.25,2.5,1.25
30,71,1,1,1.25,1.25,0.0
30,72,1,0,1.25,0.0,-1.25
30,73,1,2,1.25,2.5,1.25
30,74,0,1,0.0,1.25,1.25
30,75,0,2,0.0,2.5,2.5
30,76,0,3,0.0,3.75,3.75
30,77,2,3,2.5,3.75,1.25
30,78,0,3,0.0,3.75,3.75
30,79,1,1,1.25,1.25,0.0
30,80,0,0,0.0,0.0,0.0
30,81,0,2,0.0,2.5,2.5
30,82,1,0,1.25,0.0,-1.25
30,83,1,2,1.25,2.5,1.25
30,84,1,0,1.25,0.0,-1.25
30,85,0,0,0.0,0.0,0.0
30,86,1,1,1.25,1.25,0.0
30,87,1,0,1.25,0.0,-1.25
30,88,3,1,3.75,1.25,-2.5
30,89,2,1,2.5,1.25,-1.25
30,90,3,0,3.75,0.0,-3.75
30,91,1,1,1.25,1.25,0.0
30,92,2,1,2.5,1.25,-1.25
30,93,3,0,3.75,0.0,-3.75
30,94,0,2,0.0,2.5,2.5
30,95,2,3,2.5,3.75,1.25
30,96,3,0,3.75,0.0,-3.75
30,97,1,1,1.25,1.25,0.0
30,98,0,3,0.0,3.75,3.75
30,99,1,0,1.25,0.0,-1.25
30,100,0,3,0.0,3.75,3.75
30,101,0,1,0.0,1.25,1.25
30,102,2,0,2.5,0.0,-2.5
30,103,2,3,2.5,3.75,1.25
30,104,1,2,1.25,2.5,1.25
30,105,1,0,1.25,0.0,-1.25
30,106,1,1,1.25,1.25,0.0
30,107,1,1,1.25,1.25,0.0
30,108,1,1,1.25,1.25,0.0
30,109,1,0,1.25,0.0,-1.25
30,110,1,0,1.25,0.0,-1.25
30,111,1,2,1.25,2.5,1.25
30,112,1,0,1.25,0.0,-1.25
30,113,0,1,0.0,1.25,1.25
30,114,0,0,0.0,0.0,0.0
30,115,0,2,0.0,2.5,2.5
30,116,3,3,3.75,3.75,0.0
30,117,1,3,1.25,3.75,2.5
30,118,0,1,0.0,1.25,1.25
30,119,3,0,3.75,0.0,-3.75
30,120,0,0,0.0,0.0,0.0
30,121,3,2,3.75,2.5,-1.25
30,122,1,3,1.25,3.75,2.5
30,123,0,2,0.0,2.5,2.5
30,124,1,2,1.25,2.5,1.25
30,125,1,1,1.25,1.25,0.0
30,126,0,2,0.0,2.5,2.5
30,127,1,1,1.25,1.25,0.0
30,128,2,0,2.5,0.0,-2.5
30,129,0,0,0.0,0.0,0.0
30,130,0,2,0.0,2.5,2.5
30,131,0,1,0.0,1.25,1.25
30,132,0,1,0.0,1.25,1.25
30,133,2,1,2.5,1.25,-1.25
30,134,0,1,0.0,1.25,1.25
31,0,1,0,1.25,0.0,-1.25
31,1,2,0,2.5,0.0,-2.5
31,2,0,1,0.0,1.25,1.25
31,3,2,0,2.5,0.0,-2.5
31,4,0,0,0.0,0.0,0.0
31,5,0,0,0.0,0.0,0.0
31,6,1,0,1.25,0.0,-1.25
31,7,0,0,0.0,0.0,0.0
31,8,0,0,0.0,0.0,0.0
31,9,0,5,0.0,6.25,6.25
31,10,1,0,1.25,0.0,-1.25
31,11,1,0,1.25,0.0,-1.25
31,12,2,0,2.5,0.0,-2.5
31,13,0,0,0.0,0.0,0.0
31,14,0,1,0.0,1.25,1.25
31,15,1,0,1.25,0.0,-1.25
31,16,0,0,0.0,0.0,0.0
31,17,3,0,3.75,0.0,-3.75
31,18,0,0,0.0,0.0,0.0
31,19,0,0,0.0,0.0,0.0
31,20,1,0,1.25,0.0,-1.25
31,21,0,5,0.0,6.25,6.25
31,22,0,1,0.0,1.25,1.25
31,23,1,0,1.25,0.0,-1.25
31,24,0,0,0.0,0.0,0.0
31,25,1,0,1.25,0.0,-1.25
31,26,0,0,0.0,0.0,0.0
31,27,2,1,2.5,1.25,-1.25
31,28,1,0,1.25,0.0,-1.25
31,29,0,3,0.0,3.75,3.75
31,30,0,0,0.0,0.0,0.0
31,31,2,0,2.5,0.0,-2.5
31,32,0,0,0.0,0.0,0.0
31,33,0,0,0.0,0.0,0.0
31,34,0,0,0.0,0.0,0.0
31,35,1,0,1.25,0.0,-1.25
31,36,0,0,0.0,0.0,0.0
31,37,0,0,0.0,0.0,0.0
31,38,0,0,0.0,0.0,0.0
31,39,0,0,0.0,0.0,0.0
31,40,0,0,0.0,0.0,0.0
31,41,4,0,5.0,0.0,-5.0
31,42,0,1,0.0,1.25,1.25
31,43,0,0,0.0,0.0,0.0
31,44,0,1,0.0,1.25,1.25
31,45,1,0,1.25,0.0,-1.25
31,46,0,0,0.0,0.0,0.0
31,47,1,0,1.25,0.0,-1.25
31,48,0,1,0.0,1.25,1.25
31,49,0,0,0.0,0.0,0.0
31,50,5,1,6.25,1.25,-5.0
31,51,0,0,0.0,0.0,0.0
31,52,1,2,1.25,2.5,1.25
31,53,8,0,10.0,0.0,-10.0
31,54,0,0,0.0,0.0,0.0
31,55,1,0,1.25,0.0,-1.25
31,56,0,0,0.0,0.0,0.0
31,57,0,0,0.0,0.0,0.0
31,58,0,0,0.0,0.0,0.0
31,59,0,0,0.0,0.0,0.0
31,60,4,2,5.0,2.5,-2.5
31,61,3,4,3.75,5.0,1.25
31,62,1,0,1.25,0.0,-1.25
31,63,1,2,1.25,2.5,1.25
31,64,0,0,0.0,0.0,0.0
31,65,3,1,3.75,1.25,-2.5
31,66,2,4,2.5,5.0,2.5
31,67,1,0,1.25,0.0,-1.25
31,68,0,0,0.0,0.0,0.0
31,69,0,0,0.0,0.0,0.0
31,70,1,1,1.25,1.25,0.0
31,71,2,2,2.5,2.5,0.0
31,72,3,0,3.75,0.0,-3.75
31,73,2,0,2.5,0.0,-2.5
31,74,2,1,2.5,1.25,-1.25
31,75,2,1,2.5,1.25,-1.25
31,76,4,1,5.0,1.25,-3.75
31,77,1,0,1.25,0.0,-1.25
31,78,2,0,2.5,0.0,-2.5
31,79,3,0,3.75,0.0,-3.75
31,80,0,0,0.0,0.0,0.0
31,81,0,0,0.0,0.0,0.0
31,82,0,1,0.0,1.25,1.25
31,83,1,0,1.25,0.0,-1.25
31,84,0,0,0.0,0.0,0.0
31,85,0,0,0.0,0.0,0.0
31,86,0,0,0.0,0.0,0.0
31,87,0,0,0.0,0.0,0.0
31,88,2,1,2.5,1.25,-1.25
31,89,0,0,0.0,0.0,0.0
31,90,0,0,0.0,0.0,0.0
31,91,1,0,1.25,0.0,-1.25
31,92,0,0,0.0,0.0,0.0
31,93,0,0,0.0,0.0,0.0
31,94,0,0,0.0,0.0,0.0
31,95,0,0,0.0,0.0,0.0
31,96,1,0,1.25,0.0,-1.25
31,97,1,0,1.25,0.0,-1.25
31,98,0,1,0.0,1.25,1.25
31,99,0,0,0.0,0.0,0.0
31,100,0,0,0.0,0.0,0.0
31,101,0,0,0.0,0.0,0.0
31,102,1,0,1.25,0.0,-1.25
31,103,0,1,0.0,1.25,1.25
31,104,0,0,0.0,0.0,0.0
31,105,0,0,0.0,0.0,0.0
31,106,0,1,0.0,1.25,1.25
31,107,0,1,0.0,1.25,1.25
31,108,1,0,1.25,0.0,-1.25
31,109,1,1,1.25,1.25,0.0
31,110,0,0,0.0,0.0,0.0
31,111,0,1,0.0,1.25,1.25
31,112,0,0,0.0,0.0,0.0
31,113,0,0,0.0,0.0,0.0
31,114,0,0,0.0,0.0,0.0
31,115,0,0,0.0,0.0,0.0
31,116,0,0,0.0,0.0,0.0
31,117,0,1,0.0,1.25,1.25
31,118,1,0,1.25,0.0,-1.25
31,119,1,0,1.25,0.0,-1.25
31,120,1,0,1.25,0.0,-1.25
31,121,0,0,0.0,0.0,0.0
31,122,0,0,0.0,0.0,0.0
31,123,0,0,0.0,0.0,0.0
31,124,0,0,0.0,0.0,0.0
31,125,0,0,0.0,0.0,0.0
31,126,0,0,0.0,0.0,0.0
31,127,0,0,0.0,0.0,0.0
31,128,0,0,0.0,0.0,0.0
31,129,0,2,0.0,2.5,2.5
31,130,0,1,0.0,1.25,1.25
31,131,6,0,7.5,0.0,-7.5
31,132,1,1,1.25,1.25,0.0
31,133,0,0,0.0,0.0,0.0
31,134,0,0,0.0,0.0,0.0
32,0,6,1,7.5,1.25,-6.25
32,1,4,1,5.0,1.25,-3.75
32,2,2,1,2.5,1.25,-1.25
32,3,2,1,2.5,1.25,-1.25
32,4,2,3,2.5,3.75,1.25
32,5,0,0,0.0,0.0,0.0
32,6,1,0,1.25,0.0,-1.25
32,7,0,0,0.0,0.0,0.0
32,8,0,1,0.0,1.25,1.25
32,9,0,1,0.0,1.25,1.25
32,10,1,2,1.25,2.5,1.25
32,11,0,0,0.0,0.0,0.0
32,12,3,1,3.75,1.25,-2.5
32,13,1,1,1.25,1.25,0.0
32,14,4,0,5.0,0.0,-5.0
32,15,0,1,0.0,1.25,1.25
32,16,1,2,1.25,2.5,1.25
32,17,3,0,3.75,0.0,-3.75
32,18,2,0,2.5,0.0,-2.5
32,19,1,1,1.25,1.25,0.0
32,20,3,2,3.75,2.5,-1.25
32,21,3,2,3.75,2.5,-1.25
32,22,3,2,3.75,2.5,-1.25
32,23,0,0,0.0,0.0,0.0
32,24,1,3,1.25,3.75,2.5
32,25,1,4,1.25,5.0,3.75
32,26,4,1,5.0,1.25,-3.75
32,27,3,1,3.75,1.25,-2.5
32,28,2,3,2.5,3.75,1.25
32,29,2,5,2.5,6.25,3.75
32,30,1,2,1.25,2.5,1.25
32,31,0,1,0.0,1.25,1.25
32,32,0,1,0.0,1.25,1.25
32,33,1,0,1.25,0.0,-1.25
32,34,1,2,1.25,2.5,1.25
32,35,1,1,1.25,1.25,0.0
32,36,1,3,1.25,3.75,2.5
32,37,1,1,1.25,1.25,0.0
32,38,0,0,0.0,0.0,0.0
32,39,2,1,2.5,1.25,-1.25
32,40,0,2,0.0,2.5,2.5
32,41,2,0,2.5,0.0,-2.5
32,42,2,1,2.5,1.25,-1.25
32,43,3,4,3.75,5.0,1.25
32,44,2,0,2.5,0.0,-2.5
32,45,3,1,3.75,1.25,-2.5
32,46,1,0,1.25,0.0,-1.25
32,47,3,4,3.75,5.0,1.25
32,48,3,2,3.75,2.5,-1.25
32,49,1,0,1.25,0.0,-1.25
32,50,3,1,3.75,1.25,-2.5
32,51,0,0,0.0,0.0,0.0
32,52,1,1,1.25,1.25,0.0
32,53,5,1,6.25,1.25,-5.0
32,54,1,1,1.25,1.25,0.0
32,55,1,0,1.25,0.0,-1.25
32,56,4,1,5.0,1.25,-3.75
32,57,1,1,1.25,1.25,0.0
32,58,3,1,3.75,1.25,-2.5
32,59,1,0,1.25,0.0,-1.25
32,60,1,0,1.25,0.0,-1.25
32,61,2,1,2.5,1.25,-1.25
32,62,1,0,1.25,0.0,-1.25
32,63,0,0,0.0,0.0,0.0
32,64,1,0,1.25,0.0,-1.25
32,65,3,2,3.75,2.5,-1.25
32,66,2,1,2.5,1.25,-1.25
32,67,1,3,1.25,3.75,2.5
32,68,5,1,6.25,1.25,-5.0
32,69,3,0,3.75,0.0,-3.75
32,70,6,2,7.5,2.5,-5.0
32,71,2,0,2.5,0.0,-2.5
32,72,3,2,3.75,2.5,-1.25
32,73,0,1,0.0,1.25,1.25
32,74,0,3,0.0,3.75,3.75
32,75,1,1,1.25,1.25,0.0
32,76,0,2,0.0,2.5,2.5
32,77,2,6,2.5,7.5,5.0
32,78,3,1,3.75,1.25,-2.5
32,79,4,2,5.0,2.5,-2.5
32,80,2,0,2.5,0.0,-2.5
32,81,0,2,0.0,2.5,2.5
32,82,0,1,0.0,1.25,1.25
32,83,0,2,0.0,2.5,2.5
32,84,3,2,3.75,2.5,-1.25
32,85,3,2,3.75,2.5,-1.25
32,86,1,0,1.25,0.0,-1.25
32,87,1,1,1.25,1.25,0.0
32,88,6,5,7.5,6.25,-1.25
32,89,0,2,0.0,2.5,2.5
32,90,1,3,1.25,3.75,2.5
32,91,2,0,2.5,0.0,-2.5
32,92,2,0,2.5,0.0,-2.5
32,93,3,1,3.75,1.25,-2.5
32,94,2,0,2.5,0.0,-2.5
32,95,1,1,1.25,1.25,0.0
32,96,3,0,3.75,0.0,-3.75
32,97,3,2,3.75,2.5,-1.25
32,98,1,1,1.25,1.25,0.0
32,99,3,1,3.75,1.25,-2.5
32,100,4,2,5.0,2.5,-2.5
32,101,2,2,2.5,2.5,0.0
32,102,2,1,2.5,1.25,-1.25
32,103,1,1,1.25,1.25,0.0
32,104,8,1,10.0,1.25,-8.75
32,105,1,1,1.25,1.25,0.0
32,106,2,3,2.5,3.75,1.25
32,107,0,1,0.0,1.25,1.25
32,108,1,0,1.25,0.0,-1.25
32,109,1,4,1.25,5.0,3.75
32,110,2,3,2.5,3.75,1.25
32,111,1,1,1.25,1.25,0.0
32,112,3,0,3.75,0.0,-3.75
32,113,1,2,1.25,2.5,1.25
32,114,1,1,1.25,1.25,0.0
32,115,4,3,5.0,3.75,-1.25
32,116,4,1,5.0,1.25,-3.75
32,117,5,4,6.25,5.0,-1.25
32,118,3,0,3.75,0.0,-3.75
32,119,4,6,5.0,7.5,2.5
32,120,3,2,3.75,2.5,-1.25
32,121,2,2,2.5,2.5,0.0
32,122,0,0,0.0,0.0,0.0
32,123,0,1,0.0,1.25,1.25
32,124,1,0,1.25,0.0,-1.25
32,125,0,1,0.0,1.25,1.25
32,126,1,0,1.25,0.0,-1.25
32,127,4,2,5.0,2.5,-2.5
32,128,0,0,0.0,0.0,0.0
32,129,2,2,2.5,2.5,0.0
32,130,1,2,1.25,2.5,1.25
32,131,5,0,6.25,0.0,-6.25
32,132,0,0,0.0,0.0,0.0
32,133,0,1,0.0,1.25,1.25
32,134,1,0,1.25,0.0,-1.25
33,0,2,4,2.5,5.0,2.5
33,1,2,3,2.5,3.75,1.25
33,2,0,3,0.0,3.75,3.75
33,3,2,1,2.5,1.25,-1.25
33,4,0,1,0.0,1.25,1.25
33,5,0,1,0.0,1.25,1.25
33,6,0,0,0.0,0.0,0.0
33,7,0,0,0.0,0.0,0.0
33,8,2,4,2.5,5.0,2.5
33,9,2,1,2.5,1.25,-1.25
33,10,2,3,2.5,3.75,1.25
33,11,1,6,1.25,7.5,6.25
33,12,1,1,1.25,1.25,0.0
33,13,3,3,3.75,3.75,0.0
33,14,2,4,2.5,5.0,2.5
33,15,0,2,0.0,2.5,2.5
33,16,1,1,1.25,1.25,0.0
33,17,6,1,7.5,1.25,-6.25
33,18,2,1,2.5,1.25,-1.25
33,19,1,1,1.25,1.25,0.0
33,20,1,5,1.25,6.25,5.0
33,21,1,5,1.25,6.25,5.0
33,22,4,2,5.0,2.5,-2.5
33,23,2,2,2.5,2.5,0.0
33,24,1,0,1.25,0.0,-1.25
33,25,1,2,1.25,2.5,1.25
33,26,2,4,2.5,5.0,2.5
33,27,0,5,0.0,6.25,6.25
33,28,2,2,2.5,2.5,0.0
33,29,0,0,0.0,0.0,0.0
33,30,0,1,0.0,1.25,1.25
33,31,0,0,0.0,0.0,0.0
33,32,3,2,3.75,2.5,-1.25
33,33,6,5,7.5,6.25,-1.25
33,34,2,3,2.5,3.75,1.25
33,35,0,2,0.0,2.5,2.5
33,36,3,2,3.75,2.5,-1.25
33,37,4,0,5.0,0.0,-5.0
33,38,1,1,1.25,1.25,0.0
33,39,2,2,2.5,2.5,0.0
33,40,4,0,5.0,0.0,-5.0
33,41,3,0,3.75,0.0,-3.75
33,42,2,1,2.5,1.25,-1.25
33,43,4,2,5.0,2.5,-2.5
33,44,6,4,7.5,5.0,-2.5
33,45,5,4,6.25,5.0,-1.25
33,46,4,1,5.0,1.25,-3.75
33,47,5,1,6.25,1.25,-5.0
33,48,0,0,0.0,0.0,0.0
33,49,2,3,2.5,3.75,1.25
33,50,1,4,1.25,5.0,3.75
33,51,0,1,0.0,1.25,1.25
33,52,2,3,2.5,3.75,1.25
33,53,1,1,1.25,1.25,0.0
33,54,0,5,0.0,6.25,6.25
33,55,2,2,2.5,2.5,0.0
33,56,4,4,5.0,5.0,0.0
33,57,3,1,3.75,1.25,-2.5
33,58,1,3,1.25,3.75,2.5
33,59,2,1,2.5,1.25,-1.25
33,60,3,0,3.75,0.0,-3.75
33,61,1,1,1.25,1.25,0.0
33,62,0,2,0.0,2.5,2.5
33,63,2,3,2.5,3.75,1.25
33,64,1,0,1.25,0.0,-1.25
33,65,1,1,1.25,1.25,0.0
33,66,1,1,1.25,1.25,0.0
33,67,1,2,1.25,2.5,1.25
33,68,1,1,1.25,1.25,0.0
33,69,3,3,3.75,3.75,0.0
33,70,3,3,3.75,3.75,0.0
33,71,2,1,2.5,1.25,-1.25
33,72,3,1,3.75,1.25,-2.5
33,73,0,2,0.0,2.5,2.5
33,74,0,3,0.0,3.75,3.75
33,75,3,2,3.75,2.5,-1.25
33,76,0,2,0.0,2.5,2.5
33,77,2,6,2.5,7.5,5.0
33,78,3,2,3.75,2.5,-1.25
33,79,1,5,1.25,6.25,5.0
33,80,1,0,1.25,0.0,-1.25
33,81,4,0,5.0,0.0,-5.0
33,82,4,3,5.0,3.75,-1.25
33,83,2,1,2.5,1.25,-1.25
33,84,3,1,3.75,1.25,-2.5
33,85,2,2,2.5,2.5,0.0
33,86,2,4,2.5,5.0,2.5
33,87,2,4,2.5,5.0,2.5
33,88,0,2,0.0,2.5,2.5
33,89,6,4,7.5,5.0,-2.5
33,90,1,3,1.25,3.75,2.5
33,91,0,4,0.0,5.0,5.0
33,92,2,4,2.5,5.0,2.5
33,93,6,4,7.5,5.0,-2.5
33,94,0,2,0.0,2.5,2.5
33,95,1,3,1.25,3.75,2.5
33,96,4,3,5.0,3.75,-1.25
33,97,0,4,0.0,5.0,5.0
33,98,1,1,1.25,1.25,0.0
33,99,1,1,1.25,1.25,0.0
33,100,3,1,3.75,1.25,-2.5
33,101,3,0,3.75,0.0,-3.75
33,102,5,3,6.25,3.75,-2.5
33,103,1,8,1.25,10.0,8.75
33,104,3,6,3.75,7.5,3.75
33,105,1,5,1.25,6.25,5.0
33,106,1,1,1.25,1.25,0.0
33,107,1,0,1.25,0.0,-1.25
33,108,1,0,1.25,0.0,-1.25
33,109,0,4,0.0,5.0,5.0
33,110,4,3,5.0,3.75,-1.25
33,111,1,2,1.25,2.5,1.25
33,112,1,4,1.25,5.0,3.75
33,113,4,5,5.0,6.25,1.25
33,114,4,2,5.0,2.5,-2.5
33,115,1,1,1.25,1.25,0.0
33,116,0,0,0.0,0.0,0.0
33,117,2,2,2.5,2.5,0.0
33,118,3,3,3.75,3.75,0.0
33,119,5,5,6.25,6.25,0.0
33,120,2,0,2.5,0.0,-2.5
33,121,0,2,0.0,2.5,2.5
33,122,3,8,3.75,10.0,6.25
33,123,4,5,5.0,6.25,1.25
33,124,3,2,3.75,2.5,-1.25
33,125,1,3,1.25,3.75,2.5
33,126,1,1,1.25,1.25,0.0
33,127,0,1,0.0,1.25,1.25
33,128,2,1,2.5,1.25,-1.25
33,129,4,5,5.0,6.25,1.25
33,130,0,3,0.0,3.75,3.75
33,131,2,4,2.5,5.0,2.5
33,132,0,0,0.0,0.0,0.0
33,133,0,0,0.0,0.0,0.0
33,134,3,5,3.75,6.25,2.5
34,0,0,7,0.0,8.75,8.75
34,1,4,1,5.0,1.25,-3.75
34,2,3,1,3.75,1.25,-2.5
34,3,8,6,10.0,7.5,-2.5
34,4,7,4,8.75,5.0,-3.75
34,5,3,0,3.75,0.0,-3.75
34,6,8,3,10.0,3.75,-6.25
34,7,4,2,5.0,2.5,-2.5
34,8,6,2,7.5,2.5,-5.0
34,9,1,5,1.25,6.25,5.0
34,10,0,0,0.0,0.0,0.0
34,11,7,3,8.75,3.75,-5.0
34,12,6,5,7.5,6.25,-1.25
34,13,7,0,8.75,0.0,-8.75
34,14,0,4,0.0,5.0,5.0
34,15,4,8,5.0,10.0,5.0
34,16,11,7,13.75,8.75,-5.0
34,17,6,3,7.5,3.75,-3.75
34,18,5,1,6.25,1.25,-5.0
34,19,11,6,13.75,7.5,-6.25
34,20,8,3,10.0,3.75,-6.25
34,21,1,2,1.25,2.5,1.25
34,22,8,3,10.0,3.75,-6.25
34,23,6,5,7.5,6.25,-1.25
34,24,7,6,8.75,7.5,-1.25
34,25,10,0,12.5,0.0,-12.5
34,26,6,0,7.5,0.0,-7.5
34,27,5,2,6.25,2.5,-3.75
34,28,1,0,1.25,0.0,-1.25
34,29,6,6,7.5,7.5,0.0
34,30,1,3,1.25,3.75,2.5
34,31,1,0,1.25,0.0,-1.25
34,32,3,1,3.75,1.25,-2.5
34,33,5,2,6.25,2.5,-3.75
34,34,8,0,10.0,0.0,-10.0
34,35,2,0,2.5,0.0,-2.5
34,36,1,8,1.25,10.0,8.75
34,37,1,3,1.25,3.75,2.5
34,38,0,3,0.0,3.75,3.75
34,39,0,4,0.0,5.0,5.0
34,40,0,1,0.0,1.25,1.25
34,41,4,1,5.0,1.25,-3.75
34,42,3,7,3.75,8.75,5.0
34,43,0,5,0.0,6.25,6.25
34,44,1,0,1.25,0.0,-1.25
34,45,7,7,8.75,8.75,0.0
34,46,3,5,3.75,6.25,2.5
34,47,1,0,1.25,0.0,-1.25
34,48,9,5,11.25,6.25,-5.0
34,49,0,1,0.0,1.25,1.25
34,50,1,1,1.25,1.25,0.0
34,51,4,3,5.0,3.75,-1.25
34,52,3,6,3.75,7.5,3.75
34,53,8,2,10.0,2.5,-7.5
34,54,1,0,1.25,0.0,-1.25
34,55,7,2,8.75,2.5,-6.25
34,56,9,0,11.25,0.0,-11.25
34,57,3,1,3.75,1.25,-2.5
34,58,0,0,0.0,0.0,0.0
34,59,3,6,3.75,7.5,3.75
34,60,6,3,7.5,3.75,-3.75
34,61,5,8,6.25,10.0,3.75
34,62,5,1,6.25,1.25,-5.0
34,63,5,5,6.25,6.25,0.0
34,64,6,5,7.5,6.25,-1.25
34,65,12,0,15.0,0.0,-15.0
34,66,0,2,0.0,2.5,2.5
34,67,6,2,7.5,2.5,-5.0
34,68,7,7,8.75,8.75,0.0
34,69,8,2,10.0,2.5,-7.5
34,70,4,2,5.0,2.5,-2.5
34,71,3,7,3.75,8.75,5.0
34,72,3,2,3.75,2.5,-1.25
34,73,6,4,7.5,5.0,-2.5
34,74,11,2,13.75,2.5,-11.25
34,75,6,8,7.5,10.0,2.5
34,76,5,1,6.25,1.25,-5.0
34,77,0,8,0.0,10.0,10.0
34,78,9,1,11.25,1.25,-10.0
34,79,6,8,7.5,10.0,2.5
34,80,1,11,1.25,13.75,12.5
34,81,4,3,5.0,3.75,-1.25
34,82,0,0,0.0,0.0,0.0
34,83,6,6,7.5,7.5,0.0
34,84,3,1,3.75,1.25,-2.5
34,85,4,4,5.0,5.0,0.0
34,86,5,1,6.25,1.25,-5.0
34,87,5,3,6.25,3.75,-2.5
34,88,4,6,5.0,7.5,2.5
34,89,0,0,0.0,0.0,0.0
34,90,6,4,7.5,5.0,-2.5
34,91,4,3,5.0,3.75,-1.25
34,92,4,4,5.0,5.0,0.0
34,93,0,1,0.0,1.25,1.25
34,94,6,1,7.5,1.25,-6.25
34,95,2,1,2.5,1.25,-1.25
34,96,1,0,1.25,0.0,-1.25
34,97,2,0,2.5,0.0,-2.5
34,98,2,4,2.5,5.0,2.5
34,99,1,4,1.25,5.0,3.75
34,100,1,0,1.25,0.0,-1.25
34,101,5,4,6.25,5.0,-1.25
34,102,1,2,1.25,2.5,1.25
34,103,3,1,3.75,1.25,-2.5
34,104,0,2,0.0,2.5,2.5
34,105,1,1,1.25,1.25,0.0
34,106,6,10,7.5,12.5,5.0
34,107,6,2,7.5,2.5,-5.0
34,108,3,0,3.75,0.0,-3.75
34,109,2,3,2.5,3.75,1.25
34,110,5,3,6.25,3.75,-2.5
34,111,1,0,1.25,0.0,-1.25
34,112,4,0,5.0,0.0,-5.0
34,113,3,5,3.75,6.25,2.5
34,114,1,3,1.25,3.75,2.5
34,115,1,2,1.25,2.5,1.25
34,116,1,1,1.25,1.25,0.0
34,117,1,0,1.25,0.0,-1.25
34,118,3,1,3.75,1.25,-2.5
34,119,1,0,1.25,0.0,-1.25
34,120,1,3,1.25,3.75,2.5
34,121,3,4,3.75,5.0,1.25
34,122,1,1,1.25,1.25,0.0
34,123,2,1,2.5,1.25,-1.25
34,124,0,0,0.0,0.0,0.0
34,125,3,0,3.75,0.0,-3.75
34,126,6,5,7.5,6.25,-1.25
34,127,5,4,6.25,5.0,-1.25
34,128,2,0,2.5,0.0,-2.5
34,129,3,3,3.75,3.75,0.0
34,130,2,4,2.5,5.0,2.5
34,131,4,3,5.0,3.75,-1.25
34,132,6,3,7.5,3.75,-3.75
34,133,1,3,1.25,3.75,2.5
34,134,3,3,3.75,3.75,0.0
35,0,10,2,12.5,2.5,-10.0
35,1,7,5,8.75,6.25,-2.5
35,2,6,4,7.5,5.0,-2.5
35,3,4,3,5.0,3.75,-1.25
35,4,7,6,8.75,7.5,-1.25
35,5,1,3,1.25,3.75,2.5
35,6,1,3,1.25,3.75,2.5
35,7,4,1,5.0,1.25,-3.75
35,8,6,4,7.5,5.0,-2.5
35,9,9,4,11.25,5.0,-6.25
35,10,0,5,0.0,6.25,6.25
35,11,7,9,8.75,11.25,2.5
35,12,4,5,5.0,6.25,1.25
35,13,7,1,8.75,1.25,-7.5
35,14,7,2,8.75,2.5,-6.25
35,15,6,4,7.5,5.0,-2.5
35,16,5,6,6.25,7.5,1.25
35,17,2,8,2.5,10.0,7.5
35,18,5,4,6.25,5.0,-1.25
35,19,2,7,2.5,8.75,6.25
35,20,8,5,10.0,6.25,-3.75
35,21,3,4,3.75,5.0,1.25
35,22,9,4,11.25,5.0,-6.25
35,23,6,4,7.5,5.0,-2.5
35,24,5,6,6.25,7.5,1.25
35,25,7,1,8.75,1.25,-7.5
35,26,9,4,11.25,5.0,-6.25
35,27,5,3,6.25,3.75,-2.5
35,28,7,3,8.75,3.75,-5.0
35,29,5,4,6.25,5.0,-1.25
35,30,6,7,7.5,8.75,1.25
35,31,1,2,1.25,2.5,1.25
35,32,8,5,10.0,6.25,-3.75
35,33,8,1,10.0,1.25,-8.75
35,34,3,3,3.75,3.75,0.0
35,35,6,5,7.5,6.25,-1.25
35,36,6,3,7.5,3.75,-3.75
35,37,10,4,12.5,5.0,-7.5
35,38,6,2,7.5,2.5,-5.0
35,39,4,4,5.0,5.0,0.0
35,40,2,2,2.5,2.5,0.0
35,41,3,2,3.75,2.5,-1.25
35,42,4,7,5.0,8.75,3.75
35,43,4,2,5.0,2.5,-2.5
35,44,3,3,3.75,3.75,0.0
35,45,7,4,8.75,5.0,-3.75
35,46,6,12,7.5,15.0,7.5
35,47,2,4,2.5,5.0,2.5
35,48,4,2,5.0,2.5,-2.5
35,49,6,7,7.5,8.75,1.25
35,50,4,5,5.0,6.25,1.25
35,51,8,10,10.0,12.5,2.5
35,52,3,9,3.75,11.25,7.5
35,53,7,6,8.75,7.5,-1.25
35,54,12,4,15.0,5.0,-10.0
35,55,7,7,8.75,8.75,0.0
35,56,6,5,7.5,6.25,-1.25
35,57,3,4,3.75,5.0,1.25
35,58,6,4,7.5,5.0,-2.5
35,59,6,5,7.5,6.25,-1.25
35,60,3,1,3.75,1.25,-2.5
35,61,5,2,6.25,2.5,-3.75
35,62,5,5,6.25,6.25,0.0
35,63,3,4,3.75,5.0,1.25
35,64,2,8,2.5,10.0,7.5
35,65,1,3,1.25,3.75,2.5
35,66,5,5,6.25,6.25,0.0
35,67,6,5,7.5,6.25,-1.25
35,68,6,12,7.5,15.0,7.5
35,69,8,4,10.0,5.0,-5.0
35,70,7,6,8.75,7.5,-1.25
35,71,7,3,8.75,3.75,-5.0
35,72,5,5,6.25,6.25,0.0
35,73,8,1,10.0,1.25,-8.75
35,74,7,4,8.75,5.0,-3.75
35,75,3,4,3.75,5.0,1.25
35,76,6,5,7.5,6.25,-1.25
35,77,9,1,11.25,1.25,-10.0
35,78,5,1,6.25,1.25,-5.0
35,79,6,5,7.5,6.25,-1.25
35,80,5,6,6.25,7.5,1.25
35,81,11,9,13.75,11.25,-2.5
35,82,1,5,1.25,6.25,5.0
35,83,8,11,10.0,13.75,3.75
35,84,8,2,10.0,2.5,-7.5
35,85,8,9,10.0,11.25,1.25
35,86,5,3,6.25,3.75,-2.5
35,87,1,4,1.25,5.0,3.75
35,88,4,6,5.0,7.5,2.5
35,89,5,4,6.25,5.0,-1.25
35,90,4,2,5.0,2.5,-2.5
35,91,10,5,12.5,6.25,-6.25
35,92,14,8,17.5,10.0,-7.5
35,93,0,4,0.0,5.0,5.0
35,94,3,14,3.75,17.5,13.75
35,95,3,4,3.75,5.0,1.25
35,96,9,5,11.25,6.25,-5.0
35,97,5,6,6.25,7.5,1.25
35,98,11,5,13.75,6.25,-7.5
35,99,6,3,7.5,3.75,-3.75
35,100,11,2,13.75,2.5,-11.25
35,101,21,4,26.25,5.0,-21.25
35,102,7,4,8.75,5.0,-3.75
35,103,5,4,6.25,5.0,-1.25
35,104,8,1,10.0,1.25,-8.75
35,105,3,6,3.75,7.5,3.75
35,106,10,6,12.5,7.5,-5.0
35,107,5,0,6.25,0.0,-6.25
35,108,17,5,21.25,6.25,-15.0
35,109,8,4,10.0,5.0,-5.0
35,110,4,3,5.0,3.75,-1.25
35,111,10,4,12.5,5.0,-7.5
35,112,6,5,7.5,6.25,-1.25
35,113,9,2,11.25,2.5,-8.75
35,114,6,2,7.5,2.5,-5.0
35,115,3,8,3.75,10.0,6.25
35,116,6,6,7.5,7.5,0.0
35,117,4,1,5.0,1.25,-3.75
35,118,1,1,1.25,1.25,0.0
35,119,2,11,2.5,13.75,11.25
35,120,5,2,6.25,2.5,-3.75
35,121,5,7,6.25,8.75,2.5
35,122,9,15,11.25,18.75,7.5
35,123,3,7,3.75,8.75,5.0
35,124,2,5,2.5,6.25,3.75
35,125,3,3,3.75,3.75,0.0
35,126,3,6,3.75,7.5,3.75
35,127,4,4,5.0,5.0,0.0
35,128,5,4,6.25,5.0,-1.25
35,129,8,1,10.0,1.25,-8.75
35,130,5,7,6.25,8.75,2.5
35,131,4,7,5.0,8.75,3.75
35,132,2,3,2.5,3.75,1.25
35,133,2,4,2.5,5.0,2.5
35,134,5,1,6.25,1.25,-5.0
36,0,10,3,12.5,3.75,-8.75
36,1,4,3,5.0,3.75,-1.25
36,2,2,4,2.5,5.0,2.5
36,3,3,4,3.75,5.0,1.25
36,4,1,5,1.25,6.25,5.0
36,5,0,0,0.0,0.0,0.0
36,6,1,0,1.25,0.0,-1.25
36,7,0,0,0.0,0.0,0.0
36,8,5,2,6.25,2.5,-3.75
36,9,2,1,2.5,1.25,-1.25
36,10,4,1,5.0,1.25,-3.75
36,11,1,4,1.25,5.0,3.75
36,12,1,6,1.25,7.5,6.25
36,13,1,4,1.25,5.0,3.75
36,14,2,4,2.5,5.0,2.5
36,15,1,4,1.25,5.0,3.75
36,16,3,6,3.75,7.5,3.75
36,17,1,3,1.25,3.75,2.5
36,18,2,3,2.5,3.75,1.25
36,19,1,3,1.25,3.75,2.5
36,20,2,3,2.5,3.75,1.25
36,21,3,7,3.75,8.75,5.0
36,22,3,2,3.75,2.5,-1.25
36,23,3,1,3.75,1.25,-2.5
36,24,2,1,2.5,1.25,-1.25
36,25,1,1,1.25,1.25,0.0
36,26,3,3,3.75,3.75,0.0
36,27,3,4,3.75,5.0,1.25
36,28,2,7,2.5,8.75,6.25
36,29,0,1,0.0,1.25,1.25
36,30,0,0,0.0,0.0,0.0
36,31,0,3,0.0,3.75,3.75
36,32,2,2,2.5,2.5,0.0
36,33,3,4,3.75,5.0,1.25
36,34,2,3,2.5,3.75,1.25
36,35,4,1,5.0,1.25,-3.75
36,36,3,3,3.75,3.75,0.0
36,37,0,3,0.0,3.75,3.75
36,38,1,2,1.25,2.5,1.25
36,39,5,2,6.25,2.5,-3.75
36,40,2,0,2.5,0.0,-2.5
36,41,1,0,1.25,0.0,-1.25
36,42,2,1,2.5,1.25,-1.25
36,43,2,5,2.5,6.25,3.75
36,44,0,4,0.0,5.0,5.0
36,45,0,1,0.0,1.25,1.25
36,46,2,2,2.5,2.5,0.0
36,47,2,3,2.5,3.75,1.25
36,48,7,3,8.75,3.75,-5.0
36,49,3,7,3.75,8.75,5.0
36,50,2,5,2.5,6.25,3.75
36,51,2,1,2.5,1.25,-1.25
36,52,4,4,5.0,5.0,0.0
36,53,2,2,2.5,2.5,0.0
36,54,9,4,11.25,5.0,-6.25
36,55,3,4,3.75,5.0,1.25
36,56,2,1,2.5,1.25,-1.25
36,57,2,8,2.5,10.0,7.5
36,58,2,6,2.5,7.5,5.0
36,59,4,6,5.0,7.5,2.5
36,60,6,7,7.5,8.75,1.25
36,61,5,6,6.25,7.5,1.25
36,62,3,5,3.75,6.25,2.5
36,63,5,3,6.25,3.75,-2.5
36,64,4,1,5.0,1.25,-3.75
36,65,2,1,2.5,1.25,-1.25
36,66,2,3,2.5,3.75,1.25
36,67,3,6,3.75,7.5,3.75
36,68,4,2,5.0,2.5,-2.5
36,69,3,3,3.75,3.75,0.0
36,70,5,3,6.25,3.75,-2.5
36,71,0,2,0.0,2.5,2.5
36,72,4,4,5.0,5.0,0.0
36,73,0,1,0.0,1.25,1.25
36,74,1,2,1.25,2.5,1.25
36,75,4,4,5.0,5.0,0.0
36,76,5,5,6.25,6.25,0.0
36,77,3,14,3.75,17.5,13.75
36,78,6,6,7.5,7.5,0.0
36,79,4,2,5.0,2.5,-2.5
36,80,6,6,7.5,7.5,0.0
36,81,4,1,5.0,1.25,-3.75
36,82,4,3,5.0,3.75,-1.25
36,83,3,3,3.75,3.75,0.0
36,84,3,6,3.75,7.5,3.75
36,85,4,2,5.0,2.5,-2.5
36,86,1,3,1.25,3.75,2.5
36,87,7,5,8.75,6.25,-2.5
36,88,4,7,5.0,8.75,3.75
36,89,4,8,5.0,10.0,5.0
36,90,4,4,5.0,5.0,0.0
36,91,2,4,2.5,5.0,2.5
36,92,5,5,6.25,6.25,0.0
36,93,10,9,12.5,11.25,-1.25
36,94,5,1,6.25,1.25,-5.0
36,95,6,11,7.5,13.75,6.25
36,96,3,7,3.75,8.75,5.0
36,97,8,8,10.0,10.0,0.0
36,98,4,8,5.0,10.0,5.0
36,99,5,7,6.25,8.75,2.5
36,100,9,8,11.25,10.0,-1.25
36,101,1,5,1.25,6.25,5.0
36,102,6,7,7.5,8.75,1.25
36,103,8,1,10.0,1.25,-8.75
36,104,2,12,2.5,15.0,12.5
36,105,9,6,11.25,7.5,-3.75
36,106,5,12,6.25,15.0,8.75
36,107,5,9,6.25,11.25,5.0
36,108,5,7,6.25,8.75,2.5
36,109,7,8,8.75,10.0,1.25
36,110,4,4,5.0,5.0,0.0
36,111,3,8,3.75,10.0,6.25
36,112,6,10,7.5,12.5,5.0
36,113,1,6,1.25,7.5,6.25
36,114,6,9,7.5,11.25,3.75
36,115,9,11,11.25,13.75,2.5
36,116,5,8,6.25,10.0,3.75
36,117,1,11,1.25,13.75,12.5
36,118,9,9,11.25,11.25,0.0
36,119,2,8,2.5,10.0,7.5
36,120,12,5,15.0,6.25,-8.75
36,121,3,3,3.75,3.75,0.0
36,122,10,11,12.5,13.75,1.25
36,123,2,12,2.5,15.0,12.5
36,124,2,7,2.5,8.75,6.25
36,125,5,5,6.25,6.25,0.0
36,126,3,2,3.75,2.5,-1.25
36,127,0,6,0.0,7.5,7.5
36,128,6,9,7.5,11.25,3.75
36,129,9,8,11.25,10.0,-1.25
36,130,3,10,3.75,12.5,8.75
36,131,5,7,6.25,8.75,2.5
36,132,0,0,0.0,0.0,0.0
36,133,0,0,0.0,0.0,0.0
36,134,2,10,2.5,12.5,10.0
37,0,3,1,3.75,1.25,-2.5
37,1,1,4,1.25,5.0,3.75
37,2,8,3,10.0,3.75,-6.25
37,3,2,2,2.5,2.5,0.0
37,4,2,5,2.5,6.25,3.75
37,5,1,0,1.25,0.0,-1.25
37,6,0,2,0.0,2.5,2.5
37,7,0,0,0.0,0.0,0.0
37,8,4,3,5.0,3.75,-1.25
37,9,6,3,7.5,3.75,-3.75
37,10,3,10,3.75,12.5,8.75
37,11,0,3,0.0,3.75,3.75
37,12,6,3,7.5,3.75,-3.75
37,13,3,1,3.75,1.25,-2.5
37,14,9,1,11.25,1.25,-10.0
37,15,2,3,2.5,3.75,1.25
37,16,2,3,2.5,3.75,1.25
37,17,2,3,2.5,3.75,1.25
37,18,3,1,3.75,1.25,-2.5
37,19,1,3,1.25,3.75,2.5
37,20,4,0,5.0,0.0,-5.0
37,21,0,7,0.0,8.75,8.75
37,22,1,1,1.25,1.25,0.0
37,23,2,7,2.5,8.75,6.25
37,24,1,1,1.25,1.25,0.0
37,25,1,4,1.25,5.0,3.75
37,26,1,3,1.25,3.75,2.5
37,27,2,7,2.5,8.75,6.25
37,28,6,6,7.5,7.5,0.0
37,29,4,2,5.0,2.5,-2.5
37,30,2,3,2.5,3.75,1.25
37,31,3,4,3.75,5.0,1.25
37,32,0,2,0.0,2.5,2.5
37,33,1,0,1.25,0.0,-1.25
37,34,4,2,5.0,2.5,-2.5
37,35,4,3,5.0,3.75,-1.25
37,36,1,5,1.25,6.25,5.0
37,37,4,1,5.0,1.25,-3.75
37,38,3,1,3.75,1.25,-2.5
37,39,2,3,2.5,3.75,1.25
37,40,1,1,1.25,1.25,0.0
37,41,0,2,0.0,2.5,2.5
37,42,1,3,1.25,3.75,2.5
37,43,2,4,2.5,5.0,2.5
37,44,1,1,1.25,1.25,0.0
37,45,3,1,3.75,1.25,-2.5
37,46,2,6,2.5,7.5,5.0
37,47,2,3,2.5,3.75,1.25
37,48,1,3,1.25,3.75,2.5
37,49,0,1,0.0,1.25,1.25
37,50,1,2,1.25,2.5,1.25
37,51,1,4,1.25,5.0,3.75
37,52,3,2,3.75,2.5,-1.25
37,53,4,6,5.0,7.5,2.5
37,54,0,3,0.0,3.75,3.75
37,55,1,4,1.25,5.0,3.75
37,56,2,4,2.5,5.0,2.5
37,57,3,1,3.75,1.25,-2.5
37,58,1,3,1.25,3.75,2.5
37,59,3,1,3.75,1.25,-2.5
37,60,2,3,2.5,3.75,1.25
37,61,1,4,1.25,5.0,3.75
37,62,9,4,11.25,5.0,-6.25
37,63,3,4,3.75,5.0,1.25
37,64,3,5,3.75,6.25,2.5
37,65,0,2,0.0,2.5,2.5
37,66,1,4,1.25,5.0,3.75
37,67,2,0,2.5,0.0,-2.5
37,68,1,3,1.25,3.75,2.5
37,69,3,4,3.75,5.0,1.25
37,70,5,2,6.25,2.5,-3.75
37,71,3,0,3.75,0.0,-3.75
37,72,1,2,1.25,2.5,1.25
37,73,1,0,1.25,0.0,-1.25
37,74,0,0,0.0,0.0,0.0
37,75,0,0,0.0,0.0,0.0
37,76,2,1,2.5,1.25,-1.25
37,77,1,1,1.25,1.25,0.0
37,78,0,4,0.0,5.0,5.0
37,79,2,5,2.5,6.25,3.75
37,80,3,2,3.75,2.5,-1.25
37,81,4,1,5.0,1.25,-3.75
37,82,1,4,1.25,5.0,3.75
37,83,1,1,1.25,1.25,0.0
37,84,2,2,2.5,2.5,0.0
37,85,6,8,7.5,10.0,2.5
37,86,6,0,7.5,0.0,-7.5
37,87,0,6,0.0,7.5,7.5
37,88,1,2,1.25,2.5,1.25
37,89,7,2,8.75,2.5,-6.25
37,90,3,4,3.75,5.0,1.25
37,91,1,4,1.25,5.0,3.75
37,92,4,1,5.0,1.25,-3.75
37,93,2,1,2.5,1.25,-1.25
37,94,1,0,1.25,0.0,-1.25
37,95,3,4,3.75,5.0,1.25
37,96,0,5,0.0,6.25,6.25
37,97,2,3,2.5,3.75,1.25
37,98,1,3,1.25,3.75,2.5
37,99,1,1,1.25,1.25,0.0
37,100,3,2,3.75,2.5,-1.25
37,101,0,3,0.0,3.75,3.75
37,102,1,2,1.25,2.5,1.25
37,103,1,1,1.25,1.25,0.0
37,104,2,1,2.5,1.25,-1.25
37,105,3,2,3.75,2.5,-1.25
37,106,1,4,1.25,5.0,3.75
37,107,0,2,0.0,2.5,2.5
37,108,0,1,0.0,1.25,1.25
37,109,0,7,0.0,8.75,8.75
37,110,2,5,2.5,6.25,3.75
37,111,1,7,1.25,8.75,7.5
37,112,1,3,1.25,3.75,2.5
37,113,5,2,6.25,2.5,-3.75
37,114,2,2,2.5,2.5,0.0
37,115,0,1,0.0,1.25,1.25
37,116,6,5,7.5,6.25,-1.25
37,117,2,5,2.5,6.25,3.75
37,118,3,0,3.75,0.0,-3.75
37,119,2,5,2.5,6.25,3.75
37,120,3,3,3.75,3.75,0.0
37,121,1,4,1.25,5.0,3.75
37,122,2,0,2.5,0.0,-2.5
37,123,4,7,5.0,8.75,3.75
37,124,2,3,2.5,3.75,1.25
37,125,1,1,1.25,1.25,0.0
37,126,1,0,1.25,0.0,-1.25
37,127,1,3,1.25,3.75,2.5
37,128,4,1,5.0,1.25,-3.75
37,129,2,5,2.5,6.25,3.75
37,130,2,4,2.5,5.0,2.5
37,131,1,3,1.25,3.75,2.5
37,132,1,1,1.25,1.25,0.0
37,133,1,0,1.25,0.0,-1.25
37,134,1,1,1.25,1.25,0.0
38,0,1,1,1.25,1.25,0.0
38,1,1,2,1.25,2.5,1.25
38,2,2,2,2.5,2.5,0.0
38,3,1,1,1.25,1.25,0.0
38,4,3,3,3.75,3.75,0.0
38,5,0,0,0.0,0.0,0.0
38,6,0,0,0.0,0.0,0.0
38,7,0,0,0.0,0.0,0.0
38,8,0,0,0.0,0.0,0.0
38,9,2,1,2.5,1.25,-1.25
38,10,0,2,0.0,2.5,2.5
38,11,2,1,2.5,1.25,-1.25
38,12,1,1,1.25,1.25,0.0
38,13,0,1,0.0,1.25,1.25
38,14,1,0,1.25,0.0,-1.25
38,15,1,0,1.25,0.0,-1.25
38,16,2,2,2.5,2.5,0.0
38,17,4,1,5.0,1.25,-3.75
38,18,0,1,0.0,1.25,1.25
38,19,4,0,5.0,0.0,-5.0
38,20,3,1,3.75,1.25,-2.5
38,21,1,0,1.25,0.0,-1.25
38,22,2,0,2.5,0.0,-2.5
38,23,4,4,5.0,5.0,0.0
38,24,1,0,1.25,0.0,-1.25
38,25,0,0,0.0,0.0,0.0
38,26,0,2,0.0,2.5,2.5
38,27,1,1,1.25,1.25,0.0
38,28,2,1,2.5,1.25,-1.25
38,29,0,2,0.0,2.5,2.5
38,30,0,3,0.0,3.75,3.75
38,31,1,2,1.25,2.5,1.25
38,32,1,0,1.25,0.0,-1.25
38,33,3,2,3.75,2.5,-1.25
38,34,1,3,1.25,3.75,2.5
38,35,2,0,2.5,0.0,-2.5
38,36,1,3,1.25,3.75,2.5
38,37,1,0,1.25,0.0,-1.25
38,38,0,3,0.0,3.75,3.75
38,39,1,1,1.25,1.25,0.0
38,40,3,0,3.75,0.0,-3.75
38,41,0,0,0.0,0.0,0.0
38,42,0,0,0.0,0.0,0.0
38,43,4,2,5.0,2.5,-2.5
38,44,2,1,2.5,1.25,-1.25
38,45,0,0,0.0,0.0,0.0
38,46,2,0,2.5,0.0,-2.5
38,47,2,3,2.5,3.75,1.25
38,48,0,2,0.0,2.5,2.5
38,49,2,0,2.5,0.0,-2.5
38,50,0,1,0.0,1.25,1.25
38,51,1,1,1.25,1.25,0.0
38,52,0,3,0.0,3.75,3.75
38,53,3,1,3.75,1.25,-2.5
38,54,0,1,0.0,1.25,1.25
38,55,1,1,1.25,1.25,0.0
38,56,1,0,1.25,0.0,-1.25
38,57,1,1,1.25,1.25,0.0
38,58,0,2,0.0,2.5,2.5
38,59,1,3,1.25,3.75,2.5
38,60,1,0,1.25,0.0,-1.25
38,61,0,0,0.0,0.0,0.0
38,62,0,0,0.0,0.0,0.0
38,63,1,0,1.25,0.0,-1.25
38,64,1,0,1.25,0.0,-1.25
38,65,2,0,2.5,0.0,-2.5
38,66,2,0,2.5,0.0,-2.5
38,67,2,0,2.5,0.0,-2.5
38,68,2,1,2.5,1.25,-1.25
38,69,1,0,1.25,0.0,-1.25
38,70,0,1,0.0,1.25,1.25
38,71,5,0,6.25,0.0,-6.25
38,72,0,0,0.0,0.0,0.0
38,73,3,2,3.75,2.5,-1.25
38,74,1,3,1.25,3.75,2.5
38,75,1,3,1.25,3.75,2.5
38,76,1,3,1.25,3.75,2.5
38,77,3,2,3.75,2.5,-1.25
38,78,1,3,1.25,3.75,2.5
38,79,2,0,2.5,0.0,-2.5
38,80,6,0,7.5,0.0,-7.5
38,81,1,2,1.25,2.5,1.25
38,82,3,1,3.75,1.25,-2.5
38,83,0,1,0.0,1.25,1.25
38,84,1,0,1.25,0.0,-1.25
38,85,2,0,2.5,0.0,-2.5
38,86,1,0,1.25,0.0,-1.25
38,87,0,1,0.0,1.25,1.25
38,88,2,1,2.5,1.25,-1.25
38,89,1,1,1.25,1.25,0.0
38,90,1,1,1.25,1.25,0.0
38,91,3,2,3.75,2.5,-1.25
38,92,7,4,8.75,5.0,-3.75
38,93,0,0,0.0,0.0,0.0
38,94,1,0,1.25,0.0,-1.25
38,95,0,0,0.0,0.0,0.0
38,96,4,4,5.0,5.0,0.0
38,97,1,1,1.25,1.25,0.0
38,98,1,1,1.25,1.25,0.0
38,99,2,1,2.5,1.25,-1.25
38,100,1,2,1.25,2.5,1.25
38,101,1,1,1.25,1.25,0.0
38,102,1,1,1.25,1.25,0.0
38,103,2,1,2.5,1.25,-1.25
38,104,0,0,0.0,0.0,0.0
38,105,1,2,1.25,2.5,1.25
38,106,2,0,2.5,0.0,-2.5
38,107,1,1,1.25,1.25,0.0
38,108,2,2,2.5,2.5,0.0
38,109,0,2,0.0,2.5,2.5
38,110,1,0,1.25,0.0,-1.25
38,111,1,1,1.25,1.25,0.0
38,112,1,3,1.25,3.75,2.5
38,113,1,1,1.25,1.25,0.0
38,114,1,2,1.25,2.5,1.25
38,115,0,0,0.0,0.0,0.0
38,116,3,0,3.75,0.0,-3.75
38,117,1,0,1.25,0.0,-1.25
38,118,1,2,1.25,2.5,1.25
38,119,1,0,1.25,0.0,-1.25
38,120,0,1,0.0,1.25,1.25
38,121,1,1,1.25,1.25,0.0
38,122,1,1,1.25,1.25,0.0
38,123,0,1,0.0,1.25,1.25
38,124,0,0,0.0,0.0,0.0
38,125,1,1,1.25,1.25,0.0
38,126,0,1,0.0,1.25,1.25
38,127,0,3,0.0,3.75,3.75
38,128,1,4,1.25,5.0,3.75
38,129,1,2,1.25,2.5,1.25
38,130,1,5,1.25,6.25,5.0
38,131,1,2,1.25,2.5,1.25
38,132,3,1,3.75,1.25,-2.5
38,133,0,0,0.0,0.0,0.0
38,134,1,1,1.25,1.25,0.0
39,0,1,1,1.25,1.25,0.0
39,1,0,1,0.0,1.25,1.25
39,2,1,2,1.25,2.5,1.25
39,3,0,1,0.0,1.25,1.25
39,4,2,2,2.5,2.5,0.0
39,5,0,0,0.0,0.0,0.0
39,6,0,0,0.0,0.0,0.0
39,7,0,0,0.0,0.0,0.0
39,8,0,0,0.0,0.0,0.0
39,9,2,3,2.5,3.75,1.25
39,10,4,2,5.0,2.5,-2.5
39,11,1,2,1.25,2.5,1.25
39,12,2,5,2.5,6.25,3.75
39,13,4,0,5.0,0.0,-5.0
39,14,1,2,1.25,2.5,1.25
39,15,0,1,0.0,1.25,1.25
39,16,0,3,0.0,3.75,3.75
39,17,1,1,1.25,1.25,0.0
39,18,1,1,1.25,1.25,0.0
39,19,1,1,1.25,1.25,0.0
39,20,0,3,0.0,3.75,3.75
39,21,0,1,0.0,1.25,1.25
39,22,0,1,0.0,1.25,1.25
39,23,3,2,3.75,2.5,-1.25
39,24,0,1,0.0,1.25,1.25
39,25,1,2,1.25,2.5,1.25
39,26,2,2,2.5,2.5,0.0
39,27,0,1,0.0,1.25,1.25
39,28,1,1,1.25,1.25,0.0
39,29,0,1,0.0,1.25,1.25
39,30,0,0,0.0,0.0,0.0
39,31,0,1,0.0,1.25,1.25
39,32,1,1,1.25,1.25,0.0
39,33,1,1,1.25,1.25,0.0
39,34,1,2,1.25,2.5,1.25
39,35,1,3,1.25,3.75,2.5
39,36,2,0,2.5,0.0,-2.5
39,37,1,0,1.25,0.0,-1.25
39,38,0,0,0.0,0.0,0.0
39,39,0,0,0.0,0.0,0.0
39,40,0,0,0.0,0.0,0.0
39,41,1,0,1.25,0.0,-1.25
39,42,2,1,2.5,1.25,-1.25
39,43,1,1,1.25,1.25,0.0
39,44,0,2,0.0,2.5,2.5
39,45,1,1,1.25,1.25,0.0
39,46,1,1,1.25,1.25,0.0
39,47,1,1,1.25,1.25,0.0
39,48,0,0,0.0,0.0,0.0
39,49,0,0,0.0,0.0,0.0
39,50,2,1,2.5,1.25,-1.25
39,51,1,3,1.25,3.75,2.5
39,52,0,0,0.0,0.0,0.0
39,53,0,2,0.0,2.5,2.5
39,54,1,2,1.25,2.5,1.25
39,55,1,2,1.25,2.5,1.25
39,56,0,0,0.0,0.0,0.0
39,57,2,1,2.5,1.25,-1.25
39,58,2,2,2.5,2.5,0.0
39,59,0,4,0.0,5.0,5.0
39,60,0,3,0.0,3.75,3.75
39,61,1,3,1.25,3.75,2.5
39,62,2,0,2.5,0.0,-2.5
39,63,1,1,1.25,1.25,0.0
39,64,0,1,0.0,1.25,1.25
39,65,2,1,2.5,1.25,-1.25
39,66,0,0,0.0,0.0,0.0
39,67,6,2,7.5,2.5,-5.0
39,68,0,0,0.0,0.0,0.0
39,69,2,1,2.5,1.25,-1.25
39,70,0,2,0.0,2.5,2.5
39,71,0,2,0.0,2.5,2.5
39,72,1,1,1.25,1.25,0.0
39,73,0,0,0.0,0.0,0.0
39,74,0,0,0.0,0.0,0.0
39,75,1,2,1.25,2.5,1.25
39,76,0,0,0.0,0.0,0.0
39,77,1,2,1.25,2.5,1.25
39,78,2,1,2.5,1.25,-1.25
39,79,1,3,1.25,3.75,2.5
39,80,1,1,1.25,1.25,0.0
39,81,0,0,0.0,0.0,0.0
39,82,0,0,0.0,0.0,0.0
39,83,3,1,3.75,1.25,-2.5
39,84,3,0,3.75,0.0,-3.75
39,85,1,1,1.25,1.25,0.0
39,86,2,0,2.5,0.0,-2.5
39,87,0,1,0.0,1.25,1.25
39,88,1,1,1.25,1.25,0.0
39,89,1,1,1.25,1.25,0.0
39,90,0,0,0.0,0.0,0.0
39,91,0,2,0.0,2.5,2.5
39,92,2,0,2.5,0.0,-2.5
39,93,2,1,2.5,1.25,-1.25
39,94,2,1,2.5,1.25,-1.25
39,95,1,0,1.25,0.0,-1.25
39,96,2,0,2.5,0.0,-2.5
39,97,3,0,3.75,0.0,-3.75
39,98,0,5,0.0,6.25,6.25
39,99,1,2,1.25,2.5,1.25
39,100,1,2,1.25,2.5,1.25
39,101,1,5,1.25,6.25,5.0
39,102,0,0,0.0,0.0,0.0
39,103,1,2,1.25,2.5,1.25
39,104,2,2,2.5,2.5,0.0
39,105,1,0,1.25,0.0,-1.25
39,106,0,0,0.0,0.0,0.0
39,107,0,0,0.0,0.0,0.0
39,108,3,0,3.75,0.0,-3.75
39,109,0,2,0.0,2.5,2.5
39,110,1,1,1.25,1.25,0.0
39,111,0,1,0.0,1.25,1.25
39,112,1,1,1.25,1.25,0.0
39,113,2,1,2.5,1.25,-1.25
39,114,0,1,0.0,1.25,1.25
39,115,1,0,1.25,0.0,-1.25
39,116,1,1,1.25,1.25,0.0
39,117,1,1,1.25,1.25,0.0
39,118,5,0,6.25,0.0,-6.25
39,119,0,0,0.0,0.0,0.0
39,120,1,1,1.25,1.25,0.0
39,121,2,0,2.5,0.0,-2.5
39,122,0,1,0.0,1.25,1.25
39,123,0,1,0.0,1.25,1.25
39,124,1,1,1.25,1.25,0.0
39,125,0,0,0.0,0.0,0.0
39,126,0,1,0.0,1.25,1.25
39,127,0,0,0.0,0.0,0.0
39,128,1,1,1.25,1.25,0.0
39,129,0,0,0.0,0.0,0.0
39,130,3,0,3.75,0.0,-3.75
39,131,0,0,0.0,0.0,0.0
39,132,0,0,0.0,0.0,0.0
39,133,0,0,0.0,0.0,0.0
39,134,1,0,1.25,0.0,-1.25
40,0,1,1,1.25,1.25,0.0
40,1,5,6,6.25,7.5,1.25
40,2,2,1,2.5,1.25,-1.25
40,3,9,3,11.25,3.75,-7.5
40,4,6,2,7.5,2.5,-5.0
40,5,0,0,0.0,0.0,0.0
40,6,0,0,0.0,0.0,0.0
40,7,0,0,0.0,0.0,0.0
40,8,7,1,8.75,1.25,-7.5
40,9,0,6,0.0,7.5,7.5
40,10,2,0,2.5,0.0,-2.5
40,11,3,2,3.75,2.5,-1.25
40,12,5,3,6.25,3.75,-2.5
40,13,5,1,6.25,1.25,-5.0
40,14,2,3,2.5,3.75,1.25
40,15,4,2,5.0,2.5,-2.5
40,16,4,3,5.0,3.75,-1.25
40,17,4,2,5.0,2.5,-2.5
40,18,3,0,3.75,0.0,-3.75
40,19,7,3,8.75,3.75,-5.0
40,20,6,0,7.5,0.0,-7.5
40,21,0,0,0.0,0.0,0.0
40,22,3,3,3.75,3.75,0.0
40,23,7,10,8.75,12.5,3.75
40,24,2,5,2.5,6.25,3.75
40,25,5,0,6.25,0.0,-6.25
40,26,5,0,6.25,0.0,-6.25
40,27,7,3,8.75,3.75,-5.0
40,28,2,2,2.5,2.5,0.0
40,29,2,8,2.5,10.0,7.5
40,30,2,1,2.5,1.25,-1.25
40,31,2,1,2.5,1.25,-1.25
40,32,3,1,3.75,1.25,-2.5
40,33,8,1,10.0,1.25,-8.75
40,34,1,1,1.25,1.25,0.0
40,35,2,1,2.5,1.25,-1.25
40,36,3,3,3.75,3.75,0.0
40,37,2,1,2.5,1.25,-1.25
40,38,0,0,0.0,0.0,0.0
40,39,0,0,0.0,0.0,0.0
40,40,2,6,2.5,7.5,5.0
40,41,3,0,3.75,0.0,-3.75
40,42,3,4,3.75,5.0,1.25
40,43,2,6,2.5,7.5,5.0
40,44,3,1,3.75,1.25,-2.5
40,45,11,5,13.75,6.25,-7.5
40,46,0,1,0.0,1.25,1.25
40,47,3,2,3.75,2.5,-1.25
40,48,10,6,12.5,7.5,-5.0
40,49,3,3,3.75,3.75,0.0
40,50,6,2,7.5,2.5,-5.0
40,51,3,6,3.75,7.5,3.75
40,52,3,5,3.75,6.25,2.5
40,53,10,7,12.5,8.75,-3.75
40,54,4,1,5.0,1.25,-3.75
40,55,6,2,7.5,2.5,-5.0
40,56,6,0,7.5,0.0,-7.5
40,57,8,2,10.0,2.5,-7.5
40,58,0,0,0.0,0.0,0.0
40,59,4,3,5.0,3.75,-1.25
40,60,10,2,12.5,2.5,-10.0
40,61,10,7,12.5,8.75,-3.75
40,62,5,0,6.25,0.0,-6.25
40,63,0,7,0.0,8.75,8.75
40,64,4,4,5.0,5.0,0.0
40,65,6,0,7.5,0.0,-7.5
40,66,1,1,1.25,1.25,0.0
40,67,3,1,3.75,1.25,-2.5
40,68,4,2,5.0,2.5,-2.5
40,69,1,1,1.25,1.25,0.0
40,70,5,0,6.25,0.0,-6.25
40,71,5,4,6.25,5.0,-1.25
40,72,5,2,6.25,2.5,-3.75
40,73,0,1,0.0,1.25,1.25
40,74,2,1,2.5,1.25,-1.25
40,75,8,5,10.0,6.25,-3.75
40,76,3,4,3.75,5.0,1.25
40,77,7,3,8.75,3.75,-5.0
40,78,4,7,5.0,8.75,3.75
40,79,8,4,10.0,5.0,-5.0
40,80,2,4,2.5,5.0,2.5
40,81,2,4,2.5,5.0,2.5
40,82,1,4,1.25,5.0,3.75
40,83,4,3,5.0,3.75,-1.25
40,84,2,3,2.5,3.75,1.25
40,85,7,2,8.75,2.5,-6.25
40,86,6,0,7.5,0.0,-7.5
40,87,3,4,3.75,5.0,1.25
40,88,5,2,6.25,2.5,-3.75
40,89,1,0,1.25,0.0,-1.25
40,90,5,9,6.25,11.25,5.0
40,91,4,2,5.0,2.5,-2.5
40,92,5,5,6.25,6.25,0.0
40,93,1,0,1.25,0.0,-1.25
40,94,1,5,1.25,6.25,5.0
40,95,6,1,7.5,1.25,-6.25
40,96,3,4,3.75,5.0,1.25
40,97,4,2,5.0,2.5,-2.5
40,98,3,1,3.75,1.25,-2.5
40,99,7,1,8.75,1.25,-7.5
40,100,5,2,6.25,2.5,-3.75
40,101,0,5,0.0,6.25,6.25
40,102,4,1,5.0,1.25,-3.75
40,103,4,1,5.0,1.25,-3.75
40,104,0,0,0.0,0.0,0.0
40,105,2,1,2.5,1.25,-1.25
40,106,4,3,5.0,3.75,-1.25
40,107,3,1,3.75,1.25,-2.5
40,108,5,2,6.25,2.5,-3.75
40,109,2,6,2.5,7.5,5.0
40,110,2,4,2.5,5.0,2.5
40,111,1,1,1.25,1.25,0.0
40,112,5,2,6.25,2.5,-3.75
40,113,3,1,3.75,1.25,-2.5
40,114,0,0,0.0,0.0,0.0
40,115,0,5,0.0,6.25,6.25
40,116,3,1,3.75,1.25,-2.5
40,117,3,1,3.75,1.25,-2.5
40,118,3,3,3.75,3.75,0.0
40,119,3,1,3.75,1.25,-2.5
40,120,1,5,1.25,6.25,5.0
40,121,2,3,2.5,3.75,1.25
40,122,2,2,2.5,2.5,0.0
40,123,1,0,1.25,0.0,-1.25
40,124,0,0,0.0,0.0,0.0
40,125,2,1,2.5,1.25,-1.25
40,126,2,0,2.5,0.0,-2.5
40,127,1,0,1.25,0.0,-1.25
40,128,0,2,0.0,2.5,2.5
40,129,5,1,6.25,1.25,-5.0
40,130,4,4,5.0,5.0,0.0
40,131,5,3,6.25,3.75,-2.5
40,132,0,0,0.0,0.0,0.0
40,133,0,0,0.0,0.0,0.0
40,134,2,0,2.5,0.0,-2.5
41,0,6,2,7.5,2.5,-5.0
41,1,3,4,3.75,5.0,1.25
41,2,1,1,1.25,1.25,0.0
41,3,3,4,3.75,5.0,1.25
41,4,2,1,2.5,1.25,-1.25
41,5,1,3,1.25,3.75,2.5
41,6,3,1,3.75,1.25,-2.5
41,7,0,0,0.0,0.0,0.0
41,8,2,3,2.5,3.75,1.25
41,9,3,4,3.75,5.0,1.25
41,10,3,1,3.75,1.25,-2.5
41,11,0,1,0.0,1.25,1.25
41,12,3,1,3.75,1.25,-2.5
41,13,1,2,1.25,2.5,1.25
41,14,3,4,3.75,5.0,1.25
41,15,1,2,1.25,2.5,1.25
41,16,2,4,2.5,5.0,2.5
41,17,2,3,2.5,3.75,1.25
41,18,1,3,1.25,3.75,2.5
41,19,3,1,3.75,1.25,-2.5
41,20,1,3,1.25,3.75,2.5
41,21,2,3,2.5,3.75,1.25
41,22,1,2,1.25,2.5,1.25
41,23,1,4,1.25,5.0,3.75
41,24,4,3,5.0,3.75,-1.25
41,25,3,2,3.75,2.5,-1.25
41,26,0,2,0.0,2.5,2.5
41,27,0,1,0.0,1.25,1.25
41,28,1,3,1.25,3.75,2.5
41,29,0,3,0.0,3.75,3.75
41,30,1,2,1.25,2.5,1.25
41,31,1,2,1.25,2.5,1.25
41,32,1,2,1.25,2.5,1.25
41,33,1,3,1.25,3.75,2.5
41,34,1,4,1.25,5.0,3.75
41,35,2,2,2.5,2.5,0.0
41,36,2,3,2.5,3.75,1.25
41,37,1,2,1.25,2.5,1.25
41,38,1,4,1.25,5.0,3.75
41,39,3,1,3.75,1.25,-2.5
41,40,3,2,3.75,2.5,-1.25
41,41,1,4,1.25,5.0,3.75
41,42,1,2,1.25,2.5,1.25
41,43,2,3,2.5,3.75,1.25
41,44,3,2,3.75,2.5,-1.25
41,45,1,2,1.25,2.5,1.25
41,46,0,2,0.0,2.5,2.5
41,47,4,1,5.0,1.25,-3.75
41,48,0,4,0.0,5.0,5.0
41,49,3,1,3.75,1.25,-2.5
41,50,2,2,2.5,2.5,0.0
41,51,3,3,3.75,3.75,0.0
41,52,0,3,0.0,3.75,3.75
41,53,2,2,2.5,2.5,0.0
41,54,3,3,3.75,3.75,0.0
41,55,0,4,0.0,5.0,5.0
41,56,2,3,2.5,3.75,1.25
41,57,1,1,1.25,1.25,0.0
41,58,5,0,6.25,0.0,-6.25
41,59,1,2,1.25,2.5,1.25
41,60,1,4,1.25,5.0,3.75
41,61,2,1,2.5,1.25,-1.25
41,62,1,2,1.25,2.5,1.25
41,63,2,2,2.5,2.5,0.0
41,64,1,3,1.25,3.75,2.5
41,65,1,2,1.25,2.5,1.25
41,66,2,2,2.5,2.5,0.0
41,67,1,3,1.25,3.75,2.5
41,68,3,2,3.75,2.5,-1.25
41,69,3,2,3.75,2.5,-1.25
41,70,3,1,3.75,1.25,-2.5
41,71,2,4,2.5,5.0,2.5
41,72,0,1,0.0,1.25,1.25
41,73,3,2,3.75,2.5,-1.25
41,74,1,3,1.25,3.75,2.5
41,75,1,4,1.25,5.0,3.75
41,76,1,2,1.25,2.5,1.25
41,77,2,3,2.5,3.75,1.25
41,78,2,3,2.5,3.75,1.25
41,79,0,0,0.0,0.0,0.0
41,80,2,2,2.5,2.5,0.0
41,81,4,1,5.0,1.25,-3.75
41,82,2,3,2.5,3.75,1.25
41,83,3,3,3.75,3.75,0.0
41,84,2,1,2.5,1.25,-1.25
41,85,3,3,3.75,3.75,0.0
41,86,0,1,0.0,1.25,1.25
41,87,2,2,2.5,2.5,0.0
41,88,0,0,0.0,0.0,0.0
41,89,1,4,1.25,5.0,3.75
41,90,1,2,1.25,2.5,1.25
41,91,1,1,1.25,1.25,0.0
41,92,3,3,3.75,3.75,0.0
41,93,2,3,2.5,3.75,1.25
41,94,3,3,3.75,3.75,0.0
41,95,3,1,3.75,1.25,-2.5
41,96,2,2,2.5,2.5,0.0
41,97,2,2,2.5,2.5,0.0
41,98,1,1,1.25,1.25,0.0
41,99,0,3,0.0,3.75,3.75
41,100,1,2,1.25,2.5,1.25
41,101,2,4,2.5,5.0,2.5
41,102,2,2,2.5,2.5,0.0
41,103,2,3,2.5,3.75,1.25
41,104,6,1,7.5,1.25,-6.25
41,105,0,1,0.0,1.25,1.25
41,106,0,3,0.0,3.75,3.75
41,107,1,7,1.25,8.75,7.5
41,108,3,1,3.75,1.25,-2.5
41,109,1,2,1.25,2.5,1.25
41,110,0,2,0.0,2.5,2.5
41,111,2,3,2.5,3.75,1.25
41,112,2,2,2.5,2.5,0.0
41,113,2,3,2.5,3.75,1.25
41,114,3,1,3.75,1.25,-2.5
41,115,2,2,2.5,2.5,0.0
41,116,1,1,1.25,1.25,0.0
41,117,2,1,2.5,1.25,-1.25
41,118,3,3,3.75,3.75,0.0
41,119,2,0,2.5,0.0,-2.5
41,120,0,2,0.0,2.5,2.5
41,121,1,3,1.25,3.75,2.5
41,122,1,3,1.25,3.75,2.5
41,123,1,2,1.25,2.5,1.25
41,124,3,1,3.75,1.25,-2.5
41,125,2,2,2.5,2.5,0.0
41,126,2,0,2.5,0.0,-2.5
41,127,1,1,1.25,1.25,0.0
41,128,0,2,0.0,2.5,2.5
41,129,1,3,1.25,3.75,2.5
41,130,1,2,1.25,2.5,1.25
41,131,0,1,0.0,1.25,1.25
41,132,2,4,2.5,5.0,2.5
41,133,2,1,2.5,1.25,-1.25
41,134,0,0,0.0,0.0,0.0
42,0,0,0,0.0,0.0,0.0
42,1,0,0,0.0,0.0,0.0
42,2,0,0,0.0,0.0,0.0
42,3,0,0,0.0,0.0,0.0
42,4,0,0,0.0,0.0,0.0
42,5,0,0,0.0,0.0,0.0
42,6,0,0,0.0,0.0,0.0
42,7,0,0,0.0,0.0,0.0
42,8,0,0,0.0,0.0,0.0
42,9,0,0,0.0,0.0,0.0
42,10,0,0,0.0,0.0,0.0
42,11,0,0,0.0,0.0,0.0
42,12,0,0,0.0,0.0,0.0
42,13,1,0,1.25,0.0,-1.25
42,14,0,0,0.0,0.0,0.0
42,15,0,1,0.0,1.25,1.25
42,16,0,0,0.0,0.0,0.0
42,17,0,0,0.0,0.0,0.0
42,18,0,0,0.0,0.0,0.0
42,19,1,0,1.25,0.0,-1.25
42,20,0,0,0.0,0.0,0.0
42,21,0,0,0.0,0.0,0.0
42,22,0,0,0.0,0.0,0.0
42,23,0,0,0.0,0.0,0.0
42,24,0,0,0.0,0.0,0.0
42,25,0,0,0.0,0.0,0.0
42,26,0,0,0.0,0.0,0.0
42,27,1,0,1.25,0.0,-1.25
42,28,0,0,0.0,0.0,0.0
42,29,0,0,0.0,0.0,0.0
42,30,0,0,0.0,0.0,0.0
42,31,0,0,0.0,0.0,0.0
42,32,1,0,1.25,0.0,-1.25
42,33,0,0,0.0,0.0,0.0
42,34,0,0,0.0,0.0,0.0
42,35,0,0,0.0,0.0,0.0
42,36,0,1,0.0,1.25,1.25
42,37,0,0,0.0,0.0,0.0
42,38,0,0,0.0,0.0,0.0
42,39,0,0,0.0,0.0,0.0
42,40,0,0,0.0,0.0,0.0
42,41,0,0,0.0,0.0,0.0
42,42,0,0,0.0,0.0,0.0
42,43,0,0,0.0,0.0,0.0
42,44,0,0,0.0,0.0,0.0
42,45,0,0,0.0,0.0,0.0
42,46,0,0,0.0,0.0,0.0
42,47,0,0,0.0,0.0,0.0
42,48,0,0,0.0,0.0,0.0
42,49,0,0,0.0,0.0,0.0
42,50,0,0,0.0,0.0,0.0
42,51,0,0,0.0,0.0,0.0
42,52,0,0,0.0,0.0,0.0
42,53,1,0,1.25,0.0,-1.25
42,54,0,0,0.0,0.0,0.0
42,55,0,0,0.0,0.0,0.0
42,56,0,0,0.0,0.0,0.0
42,57,0,0,0.0,0.0,0.0
42,58,0,0,0.0,0.0,0.0
42,59,0,0,0.0,0.0,0.0
42,60,0,0,0.0,0.0,0.0
42,61,0,0,0.0,0.0,0.0
42,62,0,0,0.0,0.0,0.0
42,63,0,1,0.0,1.25,1.25
42,64,0,0,0.0,0.0,0.0
42,65,0,0,0.0,0.0,0.0
42,66,0,0,0.0,0.0,0.0
42,67,0,1,0.0,1.25,1.25
42,68,0,0,0.0,0.0,0.0
42,69,0,0,0.0,0.0,0.0
42,70,0,0,0.0,0.0,0.0
42,71,0,0,0.0,0.0,0.0
42,72,0,0,0.0,0.0,0.0
42,73,0,0,0.0,0.0,0.0
42,74,0,0,0.0,0.0,0.0
42,75,11,5,13.75,6.25,-7.5
42,76,6,0,7.5,0.0,-7.5
42,77,1,4,1.25,5.0,3.75
42,78,0,2,0.0,2.5,2.5
42,79,0,0,0.0,0.0,0.0
42,80,7,4,8.75,5.0,-3.75
42,81,0,1,0.0,1.25,1.25
42,82,4,1,5.0,1.25,-3.75
42,83,2,0,2.5,0.0,-2.5
42,84,0,0,0.0,0.0,0.0
42,85,2,4,2.5,5.0,2.5
42,86,5,2,6.25,2.5,-3.75
42,87,0,0,0.0,0.0,0.0
42,88,0,0,0.0,0.0,0.0
42,89,0,0,0.0,0.0,0.0
42,90,0,0,0.0,0.0,0.0
42,91,13,5,16.25,6.25,-10.0
42,92,21,13,26.25,16.25,-10.0
42,93,1,35,1.25,43.75,42.5
42,94,8,6,10.0,7.5,-2.5
42,95,9,4,11.25,5.0,-6.25
42,96,8,9,10.0,11.25,1.25
42,97,7,2,8.75,2.5,-6.25
42,98,1,2,1.25,2.5,1.25
42,99,5,10,6.25,12.5,6.25
42,100,0,0,0.0,0.0,0.0
42,101,6,9,7.5,11.25,3.75
42,102,5,0,6.25,0.0,-6.25
42,103,6,6,7.5,7.5,0.0
42,104,22,5,27.5,6.25,-21.25
42,105,4,1,5.0,1.25,-3.75
42,106,9,0,11.25,0.0,-11.25
42,107,0,0,0.0,0.0,0.0
42,108,0,0,0.0,0.0,0.0
42,109,0,0,0.0,0.0,0.0
42,110,0,0,0.0,0.0,0.0
42,111,0,0,0.0,0.0,0.0
42,112,0,0,0.0,0.0,0.0
42,113,0,0,0.0,0.0,0.0
42,114,7,3,8.75,3.75,-5.0
42,115,3,7,3.75,8.75,5.0
42,116,5,0,6.25,0.0,-6.25
42,117,2,4,2.5,5.0,2.5
42,118,8,6,10.0,7.5,-2.5
42,119,1,1,1.25,1.25,0.0
42,120,0,0,0.0,0.0,0.0
42,121,0,0,0.0,0.0,0.0
42,122,0,0,0.0,0.0,0.0
42,123,0,0,0.0,0.0,0.0
42,124,0,0,0.0,0.0,0.0
42,125,0,0,0.0,0.0,0.0
42,126,0,1,0.0,1.25,1.25
42,127,0,0,0.0,0.0,0.0
42,128,0,0,0.0,0.0,0.0
42,129,0,0,0.0,0.0,0.0
42,130,0,0,0.0,0.0,0.0
42,131,0,0,0.0,0.0,0.0
42,132,0,0,0.0,0.0,0.0
42,133,0,0,0.0,0.0,0.0
42,134,0,0,0.0,0.0,0.0
43,0,0,0,0.0,0.0,0.0
43,1,1,0,1.25,0.0,-1.25
43,2,0,0,0.0,0.0,0.0
43,3,0,0,0.0,0.0,0.0
43,4,0,0,0.0,0.0,0.0
43,5,0,0,0.0,0.0,0.0
43,6,0,0,0.0,0.0,0.0
43,7,0,0,0.0,0.0,0.0
43,8,0,0,0.0,0.0,0.0
43,9,0,0,0.0,0.0,0.0
43,10,0,0,0.0,0.0,0.0
43,11,0,0,0.0,0.0,0.0
43,12,0,0,0.0,0.0,0.0
43,13,0,0,0.0,0.0,0.0
43,14,0,0,0.0,0.0,0.0
43,15,1,0,1.25,0.0,-1.25
43,16,0,1,0.0,1.25,1.25
43,17,0,0,0.0,0.0,0.0
43,18,0,0,0.0,0.0,0.0
43,19,1,0,1.25,0.0,-1.25
43,20,0,0,0.0,0.0,0.0
43,21,0,0,0.0,0.0,0.0
43,22,0,1,0.0,1.25,1.25
43,23,0,0,0.0,0.0,0.0
43,24,0,1,0.0,1.25,1.25
43,25,0,1,0.0,1.25,1.25
43,26,0,0,0.0,0.0,0.0
43,27,0,0,0.0,0.0,0.0
43,28,0,0,0.0,0.0,0.0
43,29,0,0,0.0,0.0,0.0
43,30,1,0,1.25,0.0,-1.25
43,31,1,0,1.25,0.0,-1.25
43,32,0,0,0.0,0.0,0.0
43,33,0,0,0.0,0.0,0.0
43,34,0,0,0.0,0.0,0.0
43,35,1,0,1.25,0.0,-1.25
43,36,1,0,1.25,0.0,-1.25
43,37,2,0,2.5,0.0,-2.5
43,38,1,0,1.25,0.0,-1.25
43,39,1,0,1.25,0.0,-1.25
43,40,0,0,0.0,0.0,0.0
43,41,0,0,0.0,0.0,0.0
43,42,2,0,2.5,0.0,-2.5
43,43,0,0,0.0,0.0,0.0
43,44,0,0,0.0,0.0,0.0
43,45,0,0,0.0,0.0,0.0
43,46,0,1,0.0,1.25,1.25
43,47,0,0,0.0,0.0,0.0
43,48,0,0,0.0,0.0,0.0
43,49,0,0,0.0,0.0,0.0
43,50,0,0,0.0,0.0,0.0
43,51,0,0,0.0,0.0,0.0
43,52,0,0,0.0,0.0,0.0
43,53,0,1,0.0,1.25,1.25
43,54,0,0,0.0,0.0,0.0
43,55,0,0,0.0,0.0,0.0
43,56,0,0,0.0,0.0,0.0
43,57,1,0,1.25,0.0,-1.25
43,58,0,0,0.0,0.0,0.0
43,59,0,1,0.0,1.25,1.25
43,60,0,1,0.0,1.25,1.25
43,61,0,1,0.0,1.25,1.25
43,62,0,0,0.0,0.0,0.0
43,63,0,0,0.0,0.0,0.0
43,64,0,0,0.0,0.0,0.0
43,65,0,0,0.0,0.0,0.0
43,66,0,0,0.0,0.0,0.0
43,67,0,0,0.0,0.0,0.0
43,68,0,3,0.0,3.75,3.75
43,69,0,0,0.0,0.0,0.0
43,70,0,0,0.0,0.0,0.0
43,71,0,0,0.0,0.0,0.0
43,72,0,1,0.0,1.25,1.25
43,73,0,0,0.0,0.0,0.0
43,74,0,0,0.0,0.0,0.0
43,75,2,2,2.5,2.5,0.0
43,76,0,0,0.0,0.0,0.0
43,77,0,0,0.0,0.0,0.0
43,78,1,1,1.25,1.25,0.0
43,79,1,0,1.25,0.0,-1.25
43,80,2,0,2.5,0.0,-2.5
43,81,0,0,0.0,0.0,0.0
43,82,0,0,0.0,0.0,0.0
43,83,0,0,0.0,0.0,0.0
43,84,0,0,0.0,0.0,0.0
43,85,0,0,0.0,0.0,0.0
43,86,0,0,0.0,0.0,0.0
43,87,0,0,0.0,0.0,0.0
43,88,0,0,0.0,0.0,0.0
43,89,0,0,0.0,0.0,0.0
43,90,1,0,1.25,0.0,-1.25
43,91,0,0,0.0,0.0,0.0
43,92,1,0,1.25,0.0,-1.25
43,93,0,0,0.0,0.0,0.0
43,94,0,0,0.0,0.0,0.0
43,95,0,0,0.0,0.0,0.0
43,96,0,0,0.0,0.0,0.0
43,97,0,0,0.0,0.0,0.0
43,98,0,0,0.0,0.0,0.0
43,99,0,0,0.0,0.0,0.0
43,100,0,0,0.0,0.0,0.0
43,101,0,5,0.0,6.25,6.25
43,102,1,3,1.25,3.75,2.5
43,103,1,0,1.25,0.0,-1.25
43,104,0,0,0.0,0.0,0.0
43,105,0,1,0.0,1.25,1.25
43,106,0,0,0.0,0.0,0.0
43,107,0,0,0.0,0.0,0.0
43,108,0,0,0.0,0.0,0.0
43,109,0,0,0.0,0.0,0.0
43,110,0,1,0.0,1.25,1.25
43,111,0,0,0.0,0.0,0.0
43,112,0,0,0.0,0.0,0.0
43,113,0,0,0.0,0.0,0.0
43,114,0,0,0.0,0.0,0.0
43,115,0,0,0.0,0.0,0.0
43,116,0,1,0.0,1.25,1.25
43,117,1,0,1.25,0.0,-1.25
43,118,0,0,0.0,0.0,0.0
43,119,0,0,0.0,0.0,0.0
43,120,0,0,0.0,0.0,0.0
43,121,0,0,0.0,0.0,0.0
43,122,0,0,0.0,0.0,0.0
43,123,0,0,0.0,0.0,0.0
43,124,0,0,0.0,0.0,0.0
43,125,0,0,0.0,0.0,0.0
43,126,0,0,0.0,0.0,0.0
43,127,0,0,0.0,0.0,0.0
43,128,0,0,0.0,0.0,0.0
43,129,0,0,0.0,0.0,0.0
43,130,0,0,0.0,0.0,0.0
43,131,0,0,0.0,0.0,0.0
43,132,0,0,0.0,0.0,0.0
43,133,0,0,0.0,0.0,0.0
43,134,0,0,0.0,0.0,0.0
44,0,0,0,0.0,0.0,0.0
44,1,0,0,0.0,0.0,0.0
44,2,0,0,0.0,0.0,0.0
44,3,0,0,0.0,0.0,0.0
44,4,0,0,0.0,0.0,0.0
44,5,0,0,0.0,0.0,0.0
44,6,0,0,0.0,0.0,0.0
44,7,0,1,0.0,1.25,1.25
44,8,0,0,0.0,0.0,0.0
44,9,0,0,0.0,0.0,0.0
44,10,0,0,0.0,0.0,0.0
44,11,0,0,0.0,0.0,0.0
44,12,0,0,0.0,0.0,0.0
44,13,0,1,0.0,1.25,1.25
44,14,0,0,0.0,0.0,0.0
44,15,0,0,0.0,0.0,0.0
44,16,0,0,0.0,0.0,0.0
44,17,0,0,0.0,0.0,0.0
44,18,0,0,0.0,0.0,0.0
44,19,0,0,0.0,0.0,0.0
44,20,0,0,0.0,0.0,0.0
44,21,0,0,0.0,0.0,0.0
44,22,0,1,0.0,1.25,1.25
44,23,0,0,0.0,0.0,0.0
44,24,0,1,0.0,1.25,1.25
44,25,0,1,0.0,1.25,1.25
44,26,0,0,0.0,0.0,0.0
44,27,0,0,0.0,0.0,0.0
44,28,0,0,0.0,0.0,0.0
44,29,0,0,0.0,0.0,0.0
44,30,0,0,0.0,0.0,0.0
44,31,0,0,0.0,0.0,0.0
44,32,0,0,0.0,0.0,0.0
44,33,0,0,0.0,0.0,0.0
44,34,0,0,0.0,0.0,0.0
44,35,0,1,0.0,1.25,1.25
44,36,2,0,2.5,0.0,-2.5
44,37,1,0,1.25,0.0,-1.25
44,38,1,0,1.25,0.0,-1.25
44,39,2,0,2.5,0.0,-2.5
44,40,0,0,0.0,0.0,0.0
44,41,0,0,0.0,0.0,0.0
44,42,1,0,1.25,0.0,-1.25
44,43,1,1,1.25,1.25,0.0
44,44,0,0,0.0,0.0,0.0
44,45,0,0,0.0,0.0,0.0
44,46,0,0,0.0,0.0,0.0
44,47,0,0,0.0,0.0,0.0
44,48,0,0,0.0,0.0,0.0
44,49,0,0,0.0,0.0,0.0
44,50,0,0,0.0,0.0,0.0
44,51,0,0,0.0,0.0,0.0
44,52,0,1,0.0,1.25,1.25
44,53,0,1,0.0,1.25,1.25
44,54,0,0,0.0,0.0,0.0
44,55,0,2,0.0,2.5,2.5
44,56,0,0,0.0,0.0,0.0
44,57,1,0,1.25,0.0,-1.25
44,58,0,0,0.0,0.0,0.0
44,59,0,1,0.0,1.25,1.25
44,60,0,1,0.0,1.25,1.25
44,61,0,1,0.0,1.25,1.25
44,62,0,0,0.0,0.0,0.0
44,63,1,0,1.25,0.0,-1.25
44,64,0,0,0.0,0.0,0.0
44,65,1,0,1.25,0.0,-1.25
44,66,0,0,0.0,0.0,0.0
44,67,0,1,0.0,1.25,1.25
44,68,0,1,0.0,1.25,1.25
44,69,0,1,0.0,1.25,1.25
44,70,0,0,0.0,0.0,0.0
44,71,0,0,0.0,0.0,0.0
44,72,0,0,0.0,0.0,0.0
44,73,1,1,1.25,1.25,0.0
44,74,0,1,0.0,1.25,1.25
44,75,3,2,3.75,2.5,-1.25
44,76,0,0,0.0,0.0,0.0
44,77,0,0,0.0,0.0,0.0
44,78,1,1,1.25,1.25,0.0
44,79,2,0,2.5,0.0,-2.5
44,80,4,0,5.0,0.0,-5.0
44,81,0,0,0.0,0.0,0.0
44,82,0,0,0.0,0.0,0.0
44,83,0,0,0.0,0.0,0.0
44,84,0,0,0.0,0.0,0.0
44,85,0,0,0.0,0.0,0.0
44,86,0,0,0.0,0.0,0.0
44,87,0,0,0.0,0.0,0.0
44,88,0,0,0.0,0.0,0.0
44,89,0,0,0.0,0.0,0.0
44,90,1,0,1.25,0.0,-1.25
44,91,0,0,0.0,0.0,0.0
44,92,0,1,0.0,1.25,1.25
44,93,0,0,0.0,0.0,0.0
44,94,0,0,0.0,0.0,0.0
44,95,0,0,0.0,0.0,0.0
44,96,0,1,0.0,1.25,1.25
44,97,0,0,0.0,0.0,0.0
44,98,0,0,0.0,0.0,0.0
44,99,0,0,0.0,0.0,0.0
44,100,0,1,0.0,1.25,1.25
44,101,0,5,0.0,6.25,6.25
44,102,1,1,1.25,1.25,0.0
44,103,0,0,0.0,0.0,0.0
44,104,1,0,1.25,0.0,-1.25
44,105,0,0,0.0,0.0,0.0
44,106,0,0,0.0,0.0,0.0
44,107,0,0,0.0,0.0,0.0
44,108,0,0,0.0,0.0,0.0
44,109,0,0,0.0,0.0,0.0
44,110,0,0,0.0,0.0,0.0
44,111,0,0,0.0,0.0,0.0
44,112,0,0,0.0,0.0,0.0
44,113,0,0,0.0,0.0,0.0
44,114,0,0,0.0,0.0,0.0
44,115,0,0,0.0,0.0,0.0
44,116,0,0,0.0,0.0,0.0
44,117,1,0,1.25,0.0,-1.25
44,118,0,0,0.0,0.0,0.0
44,119,0,0,0.0,0.0,0.0
44,120,0,0,0.0,0.0,0.0
44,121,0,0,0.0,0.0,0.0
44,122,0,0,0.0,0.0,0.0
44,123,1,0,1.25,0.0,-1.25
44,124,0,0,0.0,0.0,0.0
44,125,0,0,0.0,0.0,0.0
44,126,0,1,0.0,1.25,1.25
44,127,0,0,0.0,0.0,0.0
44,128,0,0,0.0,0.0,0.0
44,129,0,0,0.0,0.0,0.0
44,130,0,2,0.0,2.5,2.5
44,131,0,0,0.0,0.0,0.0
44,132,0,0,0.0,0.0,0.0
44,133,0,0,0.0,0.0,0.0
44,134,0,0,0.0,0.0,0.0
45,0,1,0,1.25,0.0,-1.25
45,1,2,0,2.5,0.0,-2.5
45,2,2,0,2.5,0.0,-2.5
45,3,0,1,0.0,1.25,1.25
45,4,0,0,0.0,0.0,0.0
45,5,1,0,1.25,0.0,-1.25
45,6,0,1,0.0,1.25,1.25
45,7,2,0,2.5,0.0,-2.5
45,8,2,0,2.5,0.0,-2.5
45,9,2,0,2.5,0.0,-2.5
45,10,0,0,0.0,0.0,0.0
45,11,0,0,0.0,0.0,0.0
45,12,0,0,0.0,0.0,0.0
45,13,1,2,1.25,2.5,1.25
45,14,0,0,0.0,0.0,0.0
45,15,1,1,1.25,1.25,0.0
45,16,0,0,0.0,0.0,0.0
45,17,1,0,1.25,0.0,-1.25
45,18,0,0,0.0,0.0,0.0
45,19,1,0,1.25,0.0,-1.25
45,20,0,1,0.0,1.25,1.25
45,21,1,0,1.25,0.0,-1.25
45,22,1,1,1.25,1.25,0.0
45,23,0,0,0.0,0.0,0.0
45,24,0,0,0.0,0.0,0.0
45,25,1,0,1.25,0.0,-1.25
45,26,0,0,0.0,0.0,0.0
45,27,1,0,1.25,0.0,-1.25
45,28,0,0,0.0,0.0,0.0
45,29,1,0,1.25,0.0,-1.25
45,30,0,1,0.0,1.25,1.25
45,31,0,1,0.0,1.25,1.25
45,32,1,0,1.25,0.0,-1.25
45,33,1,1,1.25,1.25,0.0
45,34,0,0,0.0,0.0,0.0
45,35,1,0,1.25,0.0,-1.25
45,36,0,1,0.0,1.25,1.25
45,37,0,0,0.0,0.0,0.0
45,38,1,1,1.25,1.25,0.0
45,39,0,0,0.0,0.0,0.0
45,40,0,0,0.0,0.0,0.0
45,41,0,0,0.0,0.0,0.0
45,42,0,0,0.0,0.0,0.0
45,43,2,0,2.5,0.0,-2.5
45,44,0,0,0.0,0.0,0.0
45,45,0,1,0.0,1.25,1.25
45,46,1,0,1.25,0.0,-1.25
45,47,0,1,0.0,1.25,1.25
45,48,0,0,0.0,0.0,0.0
45,49,0,0,0.0,0.0,0.0
45,50,0,0,0.0,0.0,0.0
45,51,0,0,0.0,0.0,0.0
45,52,0,0,0.0,0.0,0.0
45,53,0,3,0.0,3.75,3.75
45,54,0,0,0.0,0.0,0.0
45,55,1,0,1.25,0.0,-1.25
45,56,1,0,1.25,0.0,-1.25
45,57,0,0,0.0,0.0,0.0
45,58,0,0,0.0,0.0,0.0
45,59,0,1,0.0,1.25,1.25
45,60,0,0,0.0,0.0,0.0
45,61,2,0,2.5,0.0,-2.5
45,62,1,2,1.25,2.5,1.25
45,63,4,1,5.0,1.25,-3.75
45,64,0,1,0.0,1.25,1.25
45,65,0,0,0.0,0.0,0.0
45,66,0,0,0.0,0.0,0.0
45,67,0,1,0.0,1.25,1.25
45,68,0,0,0.0,0.0,0.0
45,69,0,0,0.0,0.0,0.0
45,70,0,0,0.0,0.0,0.0
45,71,1,3,1.25,3.75,2.5
45,72,0,1,0.0,1.25,1.25
45,73,1,2,1.25,2.5,1.25
45,74,1,3,1.25,3.75,2.5
45,75,1,0,1.25,0.0,-1.25
45,76,2,1,2.5,1.25,-1.25
45,77,0,1,0.0,1.25,1.25
45,78,1,0,1.25,0.0,-1.25
45,79,0,0,0.0,0.0,0.0
45,80,0,0,0.0,0.0,0.0
45,81,0,0,0.0,0.0,0.0
45,82,1,0,1.25,0.0,-1.25
45,83,2,0,2.5,0.0,-2.5
45,84,0,0,0.0,0.0,0.0
45,85,1,0,1.25,0.0,-1.25
45,86,1,2,1.25,2.5,1.25
45,87,1,0,1.25,0.0,-1.25
45,88,2,0,2.5,0.0,-2.5
45,89,1,1,1.25,1.25,0.0
45,90,0,0,0.0,0.0,0.0
45,91,0,0,0.0,0.0,0.0
45,92,0,0,0.0,0.0,0.0
45,93,1,0,1.25,0.0,-1.25
45,94,1,0,1.25,0.0,-1.25
45,95,0,0,0.0,0.0,0.0
45,96,1,0,1.25,0.0,-1.25
45,97,0,0,0.0,0.0,0.0
45,98,1,0,1.25,0.0,-1.25
45,99,2,1,2.5,1.25,-1.25
45,100,0,0,0.0,0.0,0.0
45,101,2,0,2.5,0.0,-2.5
45,102,3,0,3.75,0.0,-3.75
45,103,1,0,1.25,0.0,-1.25
45,104,1,0,1.25,0.0,-1.25
45,105,0,0,0.0,0.0,0.0
45,106,1,0,1.25,0.0,-1.25
45,107,0,1,0.0,1.25,1.25
45,108,1,2,1.25,2.5,1.25
45,109,1,0,1.25,0.0,-1.25
45,110,1,0,1.25,0.0,-1.25
45,111,0,0,0.0,0.0,0.0
45,112,0,2,0.0,2.5,2.5
45,113,0,0,0.0,0.0,0.0
45,114,1,0,1.25,0.0,-1.25
45,115,1,0,1.25,0.0,-1.25
45,116,1,0,1.25,0.0,-1.25
45,117,0,0,0.0,0.0,0.0
45,118,0,1,0.0,1.25,1.25
45,119,2,0,2.5,0.0,-2.5
45,120,0,0,0.0,0.0,0.0
45,121,1,0,1.25,0.0,-1.25
45,122,0,1,0.0,1.25,1.25
45,123,0,0,0.0,0.0,0.0
45,124,2,1,2.5,1.25,-1.25
45,125,0,0,0.0,0.0,0.0
45,126,0,0,0.0,0.0,0.0
45,127,0,0,0.0,0.0,0.0
45,128,0,0,0.0,0.0,0.0
45,129,0,0,0.0,0.0,0.0
45,130,0,0,0.0,0.0,0.0
45,131,2,1,2.5,1.25,-1.25
45,132,1,0,1.25,0.0,-1.25
45,133,2,0,2.5,0.0,-2.5
45,134,0,0,0.0,0.0,0.0
46,0,0,0,0.0,0.0,0.0
46,1,0,0,0.0,0.0,0.0
46,2,0,0,0.0,0.0,0.0
46,3,0,0,0.0,0.0,0.0
46,4,0,0,0.0,0.0,0.0
46,5,0,0,0.0,0.0,0.0
46,6,0,0,0.0,0.0,0.0
46,7,0,0,0.0,0.0,0.0
46,8,0,0,0.0,0.0,0.0
46,9,0,0,0.0,0.0,0.0
46,10,0,0,0.0,0.0,0.0
46,11,0,0,0.0,0.0,0.0
46,12,0,0,0.0,0.0,0.0
46,13,0,1,0.0,1.25,1.25
46,14,0,0,0.0,0.0,0.0
46,15,0,0,0.0,0.0,0.0
46,16,0,0,0.0,0.0,0.0
46,17,0,0,0.0,0.0,0.0
46,18,0,0,0.0,0.0,0.0
46,19,1,0,1.25,0.0,-1.25
46,20,0,0,0.0,0.0,0.0
46,21,1,0,1.25,0.0,-1.25
46,22,0,1,0.0,1.25,1.25
46,23,0,0,0.0,0.0,0.0
46,24,0,2,0.0,2.5,2.5
46,25,0,2,0.0,2.5,2.5
46,26,0,0,0.0,0.0,0.0
46,27,0,0,0.0,0.0,0.0
46,28,0,0,0.0,0.0,0.0
46,29,0,0,0.0,0.0,0.0
46,30,3,0,3.75,0.0,-3.75
46,31,1,1,1.25,1.25,0.0
46,32,0,1,0.0,1.25,1.25
46,33,0,0,0.0,0.0,0.0
46,34,0,0,0.0,0.0,0.0
46,35,1,1,1.25,1.25,0.0
46,36,4,0,5.0,0.0,-5.0
46,37,4,0,5.0,0.0,-5.0
46,38,5,0,6.25,0.0,-6.25
46,39,1,0,1.25,0.0,-1.25
46,40,0,0,0.0,0.0,0.0
46,41,0,0,0.0,0.0,0.0
46,42,2,0,2.5,0.0,-2.5
46,43,0,1,0.0,1.25,1.25
46,44,0,0,0.0,0.0,0.0
46,45,0,0,0.0,0.0,0.0
46,46,0,1,0.0,1.25,1.25
46,47,0,0,0.0,0.0,0.0
46,48,0,0,0.0,0.0,0.0
46,49,0,0,0.0,0.0,0.0
46,50,0,0,0.0,0.0,0.0
46,51,0,0,0.0,0.0,0.0
46,52,0,0,0.0,0.0,0.0
46,53,0,0,0.0,0.0,0.0
46,54,0,0,0.0,0.0,0.0
46,55,0,1,0.0,1.25,1.25
46,56,0,0,0.0,0.0,0.0
46,57,1,0,1.25,0.0,-1.25
46,58,0,0,0.0,0.0,0.0
46,59,0,2,0.0,2.5,2.5
46,60,0,2,0.0,2.5,2.5
46,61,0,0,0.0,0.0,0.0
46,62,0,0,0.0,0.0,0.0
46,63,2,0,2.5,0.0,-2.5
46,64,0,0,0.0,0.0,0.0
46,65,0,0,0.0,0.0,0.0
46,66,0,0,0.0,0.0,0.0
46,67,0,6,0.0,7.5,7.5
46,68,1,5,1.25,6.25,5.0
46,69,0,1,0.0,1.25,1.25
46,70,0,0,0.0,0.0,0.0
46,71,0,0,0.0,0.0,0.0
46,72,0,1,0.0,1.25,1.25
46,73,1,0,1.25,0.0,-1.25
46,74,0,0,0.0,0.0,0.0
46,75,3,4,3.75,5.0,1.25
46,76,0,0,0.0,0.0,0.0
46,77,0,0,0.0,0.0,0.0
46,78,0,2,0.0,2.5,2.5
46,79,2,0,2.5,0.0,-2.5
46,80,3,0,3.75,0.0,-3.75
46,81,0,0,0.0,0.0,0.0
46,82,0,0,0.0,0.0,0.0
46,83,0,0,0.0,0.0,0.0
46,84,0,0,0.0,0.0,0.0
46,85,0,0,0.0,0.0,0.0
46,86,0,0,0.0,0.0,0.0
46,87,0,0,0.0,0.0,0.0
46,88,0,0,0.0,0.0,0.0
46,89,0,0,0.0,0.0,0.0
46,90,1,0,1.25,0.0,-1.25
46,91,0,0,0.0,0.0,0.0
46,92,0,0,0.0,0.0,0.0
46,93,0,0,0.0,0.0,0.0
46,94,0,0,0.0,0.0,0.0
46,95,0,0,0.0,0.0,0.0
46,96,0,0,0.0,0.0,0.0
46,97,0,0,0.0,0.0,0.0
46,98,0,0,0.0,0.0,0.0
46,99,0,0,0.0,0.0,0.0
46,100,0,0,0.0,0.0,0.0
46,101,0,5,0.0,6.25,6.25
46,102,2,4,2.5,5.0,2.5
46,103,0,0,0.0,0.0,0.0
46,104,0,0,0.0,0.0,0.0
46,105,0,0,0.0,0.0,0.0
46,106,0,1,0.0,1.25,1.25
46,107,0,0,0.0,0.0,0.0
46,108,0,0,0.0,0.0,0.0
46,109,0,0,0.0,0.0,0.0
46,110,0,0,0.0,0.0,0.0
46,111,0,0,0.0,0.0,0.0
46,112,0,0,0.0,0.0,0.0
46,113,0,0,0.0,0.0,0.0
46,114,0,0,0.0,0.0,0.0
46,115,0,0,0.0,0.0,0.0
46,116,0,1,0.0,1.25,1.25
46,117,1,0,1.25,0.0,-1.25
46,118,0,0,0.0,0.0,0.0
46,119,0,0,0.0,0.0,0.0
46,120,0,0,0.0,0.0,0.0
46,121,1,0,1.25,0.0,-1.25
46,122,0,0,0.0,0.0,0.0
46,123,0,0,0.0,0.0,0.0
46,124,0,0,0.0,0.0,0.0
46,125,0,0,0.0,0.0,0.0
46,126,0,0,0.0,0.0,0.0
46,127,0,0,0.0,0.0,0.0
46,128,0,0,0.0,0.0,0.0
46,129,0,0,0.0,0.0,0.0
46,130,0,2,0.0,2.5,2.5
46,131,0,0,0.0,0.0,0.0
46,132,0,0,0.0,0.0,0.0
46,133,0,0,0.0,0.0,0.0
46,134,0,0,0.0,0.0,0.0
47,0,0,0,0.0,0.0,0.0
47,1,0,0,0.0,0.0,0.0
47,2,0,0,0.0,0.0,0.0
47,3,0,1,0.0,1.25,1.25
47,4,1,1,1.25,1.25,0.0
47,5,1,1,1.25,1.25,0.0
47,6,0,0,0.0,0.0,0.0
47,7,0,2,0.0,2.5,2.5
47,8,0,1,0.0,1.25,1.25
47,9,0,0,0.0,0.0,0.0
47,10,2,2,2.5,2.5,0.0
47,11,0,0,0.0,0.0,0.0
47,12,0,0,0.0,0.0,0.0
47,13,0,0,0.0,0.0,0.0
47,14,0,1,0.0,1.25,1.25
47,15,0,0,0.0,0.0,0.0
47,16,0,0,0.0,0.0,0.0
47,17,0,1,0.0,1.25,1.25
47,18,1,0,1.25,0.0,-1.25
47,19,2,0,2.5,0.0,-2.5
47,20,1,0,1.25,0.0,-1.25
47,21,0,0,0.0,0.0,0.0
47,22,0,2,0.0,2.5,2.5
47,23,0,2,0.0,2.5,2.5
47,24,8,1,10.0,1.25,-8.75
47,25,8,0,10.0,0.0,-10.0
47,26,2,0,2.5,0.0,-2.5
47,27,0,5,0.0,6.25,6.25
47,28,1,0,1.25,0.0,-1.25
47,29,1,0,1.25,0.0,-1.25
47,30,1,1,1.25,1.25,0.0
47,31,1,0,1.25,0.0,-1.25
47,32,0,0,0.0,0.0,0.0
47,33,0,1,0.0,1.25,1.25
47,34,2,1,2.5,1.25,-1.25
47,35,1,3,1.25,3.75,2.5
47,36,0,1,0.0,1.25,1.25
47,37,2,0,2.5,0.0,-2.5
47,38,0,1,0.0,1.25,1.25
47,39,1,0,1.25,0.0,-1.25
47,40,0,0,0.0,0.0,0.0
47,41,1,0,1.25,0.0,-1.25
47,42,1,0,1.25,0.0,-1.25
47,43,0,1,0.0,1.25,1.25
47,44,0,7,0.0,8.75,8.75
47,45,2,1,2.5,1.25,-1.25
47,46,0,0,0.0,0.0,0.0
47,47,0,1,0.0,1.25,1.25
47,48,0,1,0.0,1.25,1.25
47,49,0,0,0.0,0.0,0.0
47,50,0,0,0.0,0.0,0.0
47,51,0,4,0.0,5.0,5.0
47,52,1,0,1.25,0.0,-1.25
47,53,1,1,1.25,1.25,0.0
47,54,1,4,1.25,5.0,3.75
47,55,2,1,2.5,1.25,-1.25
47,56,0,2,0.0,2.5,2.5
47,57,0,1,0.0,1.25,1.25
47,58,1,0,1.25,0.0,-1.25
47,59,1,1,1.25,1.25,0.0
47,60,1,1,1.25,1.25,0.0
47,61,2,2,2.5,2.5,0.0
47,62,2,0,2.5,0.0,-2.5
47,63,1,0,1.25,0.0,-1.25
47,64,0,1,0.0,1.25,1.25
47,65,1,1,1.25,1.25,0.0
47,66,1,0,1.25,0.0,-1.25
47,67,1,15,1.25,18.75,17.5
47,68,2,5,2.5,6.25,3.75
47,69,0,1,0.0,1.25,1.25
47,70,1,9,1.25,11.25,10.0
47,71,0,7,0.0,8.75,8.75
47,72,3,3,3.75,3.75,0.0
47,73,0,0,0.0,0.0,0.0
47,74,3,1,3.75,1.25,-2.5
47,75,3,3,3.75,3.75,0.0
47,76,0,3,0.0,3.75,3.75
47,77,2,3,2.5,3.75,1.25
47,78,1,7,1.25,8.75,7.5
47,79,0,0,0.0,0.0,0.0
47,80,0,0,0.0,0.0,0.0
47,81,0,0,0.0,0.0,0.0
47,82,0,1,0.0,1.25,1.25
47,83,0,2,0.0,2.5,2.5
47,84,1,2,1.25,2.5,1.25
47,85,2,0,2.5,0.0,-2.5
47,86,1,0,1.25,0.0,-1.25
47,87,1,0,1.25,0.0,-1.25
47,88,0,1,0.0,1.25,1.25
47,89,0,1,0.0,1.25,1.25
47,90,2,0,2.5,0.0,-2.5
47,91,2,3,2.5,3.75,1.25
47,92,0,2,0.0,2.5,2.5
47,93,0,4,0.0,5.0,5.0
47,94,2,1,2.5,1.25,-1.25
47,95,0,7,0.0,8.75,8.75
47,96,1,2,1.25,2.5,1.25
47,97,1,0,1.25,0.0,-1.25
47,98,0,2,0.0,2.5,2.5
47,99,0,1,0.0,1.25,1.25
47,100,0,2,0.0,2.5,2.5
47,101,1,1,1.25,1.25,0.0
47,102,0,7,0.0,8.75,8.75
47,103,1,0,1.25,0.0,-1.25
47,104,0,1,0.0,1.25,1.25
47,105,0,1,0.0,1.25,1.25
47,106,0,1,0.0,1.25,1.25
47,107,2,3,2.5,3.75,1.25
47,108,2,4,2.5,5.0,2.5
47,109,0,2,0.0,2.5,2.5
47,110,0,0,0.0,0.0,0.0
47,111,0,7,0.0,8.75,8.75
47,112,0,0,0.0,0.0,0.0
47,113,0,0,0.0,0.0,0.0
47,114,0,0,0.0,0.0,0.0
47,115,0,0,0.0,0.0,0.0
47,116,4,2,5.0,2.5,-2.5
47,117,0,0,0.0,0.0,0.0
47,118,1,4,1.25,5.0,3.75
47,119,0,1,0.0,1.25,1.25
47,120,0,0,0.0,0.0,0.0
47,121,0,0,0.0,0.0,0.0
47,122,4,1,5.0,1.25,-3.75
47,123,1,1,1.25,1.25,0.0
47,124,3,5,3.75,6.25,2.5
47,125,1,0,1.25,0.0,-1.25
47,126,3,1,3.75,1.25,-2.5
47,127,1,0,1.25,0.0,-1.25
47,128,0,1,0.0,1.25,1.25
47,129,0,1,0.0,1.25,1.25
47,130,2,3,2.5,3.75,1.25
47,131,4,2,5.0,2.5,-2.5
47,132,4,5,5.0,6.25,1.25
47,133,0,0,0.0,0.0,0.0
47,134,0,2,0.0,2.5,2.5
48,0,7,4,8.75,5.0,-3.75
48,1,3,4,3.75,5.0,1.25
48,2,1,4,1.25,5.0,3.75
48,3,1,5,1.25,6.25,5.0
48,4,2,1,2.5,1.25,-1.25
48,5,2,6,2.5,7.5,5.0
48,6,1,5,1.25,6.25,5.0
48,7,3,3,3.75,3.75,0.0
48,8,1,3,1.25,3.75,2.5
48,9,2,0,2.5,0.0,-2.5
48,10,3,3,3.75,3.75,0.0
48,11,2,1,2.5,1.25,-1.25
48,12,1,5,1.25,6.25,5.0
48,13,0,3,0.0,3.75,3.75
48,14,10,9,12.5,11.25,-1.25
48,15,8,3,10.0,3.75,-6.25
48,16,0,4,0.0,5.0,5.0
48,17,6,4,7.5,5.0,-2.5
48,18,1,4,1.25,5.0,3.75
48,19,7,1,8.75,1.25,-7.5
48,20,4,1,5.0,1.25,-3.75
48,21,0,0,0.0,0.0,0.0
48,22,3,11,3.75,13.75,10.0
48,23,0,1,0.0,1.25,1.25
48,24,1,0,1.25,0.0,-1.25
48,25,1,10,1.25,12.5,11.25
48,26,6,3,7.5,3.75,-3.75
48,27,4,11,5.0,13.75,8.75
48,28,9,5,11.25,6.25,-5.0
48,29,1,5,1.25,6.25,5.0
48,30,1,6,1.25,7.5,6.25
48,31,9,2,11.25,2.5,-8.75
48,32,3,5,3.75,6.25,2.5
48,33,1,2,1.25,2.5,1.25
48,34,6,0,7.5,0.0,-7.5
48,35,4,0,5.0,0.0,-5.0
48,36,2,1,2.5,1.25,-1.25
48,37,5,4,6.25,5.0,-1.25
48,38,0,6,0.0,7.5,7.5
48,39,3,2,3.75,2.5,-1.25
48,40,3,1,3.75,1.25,-2.5
48,41,5,9,6.25,11.25,5.0
48,42,7,3,8.75,3.75,-5.0
48,43,0,5,0.0,6.25,6.25
48,44,0,4,0.0,5.0,5.0
48,45,6,3,7.5,3.75,-3.75
48,46,3,7,3.75,8.75,5.0
48,47,3,5,3.75,6.25,2.5
48,48,4,2,5.0,2.5,-2.5
48,49,2,0,2.5,0.0,-2.5
48,50,4,2,5.0,2.5,-2.5
48,51,12,1,15.0,1.25,-13.75
48,52,1,2,1.25,2.5,1.25
48,53,1,9,1.25,11.25,10.0
48,54,3,6,3.75,7.5,3.75
48,55,6,5,7.5,6.25,-1.25
48,56,6,6,7.5,7.5,0.0
48,57,3,3,3.75,3.75,0.0
48,58,9,3,11.25,3.75,-7.5
48,59,1,3,1.25,3.75,2.5
48,60,2,6,2.5,7.5,5.0
48,61,3,1,3.75,1.25,-2.5
48,62,2,7,2.5,8.75,6.25
48,63,2,5,2.5,6.25,3.75
48,64,0,8,0.0,10.0,10.0
48,65,4,14,5.0,17.5,12.5
48,66,5,7,6.25,8.75,2.5
48,67,2,6,2.5,7.5,5.0
48,68,3,6,3.75,7.5,3.75
48,69,1,0,1.25,0.0,-1.25
48,70,0,3,0.0,3.75,3.75
48,71,4,7,5.0,8.75,3.75
48,72,2,2,2.5,2.5,0.0
48,73,4,10,5.0,12.5,7.5
48,74,2,3,2.5,3.75,1.25
48,75,0,3,0.0,3.75,3.75
48,76,1,4,1.25,5.0,3.75
48,77,0,0,0.0,0.0,0.0
48,78,0,0,0.0,0.0,0.0
48,79,2,4,2.5,5.0,2.5
48,80,4,5,5.0,6.25,1.25
48,81,2,3,2.5,3.75,1.25
48,82,0,2,0.0,2.5,2.5
48,83,1,4,1.25,5.0,3.75
48,84,0,1,0.0,1.25,1.25
48,85,6,13,7.5,16.25,8.75
48,86,1,5,1.25,6.25,5.0
48,87,0,6,0.0,7.5,7.5
48,88,0,0,0.0,0.0,0.0
48,89,0,3,0.0,3.75,3.75
48,90,2,5,2.5,6.25,3.75
48,91,1,2,1.25,2.5,1.25
48,92,3,1,3.75,1.25,-2.5
48,93,2,5,2.5,6.25,3.75
48,94,3,1,3.75,1.25,-2.5
48,95,1,6,1.25,7.5,6.25
48,96,2,0,2.5,0.0,-2.5
48,97,5,9,6.25,11.25,5.0
48,98,1,14,1.25,17.5,16.25
48,99,5,1,6.25,1.25,-5.0
48,100,2,9,2.5,11.25,8.75
48,101,2,1,2.5,1.25,-1.25
48,102,1,3,1.25,3.75,2.5
48,103,2,3,2.5,3.75,1.25
48,104,2,2,2.5,2.5,0.0
48,105,0,8,0.0,10.0,10.0
48,106,4,3,5.0,3.75,-1.25
48,107,8,5,10.0,6.25,-3.75
48,108,2,7,2.5,8.75,6.25
48,109,0,0,0.0,0.0,0.0
48,110,0,0,0.0,0.0,0.0
48,111,2,5,2.5,6.25,3.75
48,112,1,3,1.25,3.75,2.5
48,113,3,3,3.75,3.75,0.0
48,114,5,2,6.25,2.5,-3.75
48,115,2,0,2.5,0.0,-2.5
48,116,1,6,1.25,7.5,6.25
48,117,2,0,2.5,0.0,-2.5
48,118,2,4,2.5,5.0,2.5
48,119,2,0,2.5,0.0,-2.5
48,120,4,4,5.0,5.0,0.0
48,121,7,0,8.75,0.0,-8.75
48,122,1,4,1.25,5.0,3.75
48,123,3,3,3.75,3.75,0.0
48,124,1,1,1.25,1.25,0.0
48,125,0,3,0.0,3.75,3.75
48,126,4,3,5.0,3.75,-1.25
48,127,2,0,2.5,0.0,-2.5
48,128,1,11,1.25,13.75,12.5
48,129,6,2,7.5,2.5,-5.0
48,130,3,1,3.75,1.25,-2.5
48,131,0,2,0.0,2.5,2.5
48,132,7,6,8.75,7.5,-1.25
48,133,0,1,0.0,1.25,1.25
48,134,0,3,0.0,3.75,3.75
49,0,4,4,5.0,5.0,0.0
49,1,10,5,12.5,6.25,-6.25
49,2,2,2,2.5,2.5,0.0
49,3,8,7,10.0,8.75,-1.25
49,4,11,2,13.75,2.5,-11.25
49,5,5,3,6.25,3.75,-2.5
49,6,11,4,13.75,5.0,-8.75
49,7,10,4,12.5,5.0,-7.5
49,8,11,3,13.75,3.75,-10.0
49,9,4,8,5.0,10.0,5.0
49,10,1,3,1.25,3.75,2.5
49,11,11,2,13.75,2.5,-11.25
49,12,12,4,15.0,5.0,-10.0
49,13,5,1,6.25,1.25,-5.0
49,14,2,7,2.5,8.75,6.25
49,15,2,4,2.5,5.0,2.5
49,16,7,8,8.75,10.0,1.25
49,17,6,4,7.5,5.0,-2.5
49,18,11,2,13.75,2.5,-11.25
49,19,8,4,10.0,5.0,-5.0
49,20,13,4,16.25,5.0,-11.25
49,21,9,9,11.25,11.25,0.0
49,22,6,4,7.5,5.0,-2.5
49,23,8,4,10.0,5.0,-5.0
49,24,7,1,8.75,1.25,-7.5
49,25,11,2,13.75,2.5,-11.25
49,26,2,4,2.5,5.0,2.5
49,27,5,4,6.25,5.0,-1.25
49,28,3,1,3.75,1.25,-2.5
49,29,4,8,5.0,10.0,5.0
49,30,3,0,3.75,0.0,-3.75
49,31,6,3,7.5,3.75,-3.75
49,32,1,4,1.25,5.0,3.75
49,33,4,3,5.0,3.75,-1.25
49,34,1,2,1.25,2.5,1.25
49,35,1,4,1.25,5.0,3.75
49,36,3,3,3.75,3.75,0.0
49,37,1,1,1.25,1.25,0.0
49,38,3,5,3.75,6.25,2.5
49,39,3,4,3.75,5.0,1.25
49,40,2,3,2.5,3.75,1.25
49,41,8,3,10.0,3.75,-6.25
49,42,4,4,5.0,5.0,0.0
49,43,6,8,7.5,10.0,2.5
49,44,7,3,8.75,3.75,-5.0
49,45,7,9,8.75,11.25,2.5
49,46,3,2,3.75,2.5,-1.25
49,47,5,6,6.25,7.5,1.25
49,48,12,9,15.0,11.25,-3.75
49,49,5,1,6.25,1.25,-5.0
49,50,9,0,11.25,0.0,-11.25
49,51,3,3,3.75,3.75,0.0
49,52,7,12,8.75,15.0,6.25
49,53,6,0,7.5,0.0,-7.5
49,54,5,11,6.25,13.75,7.5
49,55,9,8,11.25,10.0,-1.25
49,56,6,8,7.5,10.0,2.5
49,57,7,6,8.75,7.5,-1.25
49,58,3,1,3.75,1.25,-2.5
49,59,10,6,12.5,7.5,-5.0
49,60,8,6,10.0,7.5,-2.5
49,61,7,7,8.75,8.75,0.0
49,62,8,1,10.0,1.25,-8.75
49,63,5,7,6.25,8.75,2.5
49,64,6,3,7.5,3.75,-3.75
49,65,5,1,6.25,1.25,-5.0
49,66,9,6,11.25,7.5,-3.75
49,67,5,3,6.25,3.75,-2.5
49,68,2,1,2.5,1.25,-1.25
49,69,6,1,7.5,1.25,-6.25
49,70,7,3,8.75,3.75,-5.0
49,71,4,4,5.0,5.0,0.0
49,72,6,2,7.5,2.5,-5.0
49,73,0,4,0.0,5.0,5.0
49,74,6,2,7.5,2.5,-5.0
49,75,8,5,10.0,6.25,-3.75
49,76,9,6,11.25,7.5,-3.75
49,77,14,0,17.5,0.0,-17.5
49,78,12,2,15.0,2.5,-12.5
49,79,10,7,12.5,8.75,-3.75
49,80,2,3,2.5,3.75,1.25
49,81,1,2,1.25,2.5,1.25
49,82,0,1,0.0,1.25,1.25
49,83,5,1,6.25,1.25,-5.0
49,84,10,3,12.5,3.75,-8.75
49,85,3,4,3.75,5.0,1.25
49,86,10,3,12.5,3.75,-8.75
49,87,8,9,10.0,11.25,1.25
49,88,3,3,3.75,3.75,0.0
49,89,4,2,5.0,2.5,-2.5
49,90,3,10,3.75,12.5,8.75
49,91,4,1,5.0,1.25,-3.75
49,92,9,5,11.25,6.25,-5.0
49,93,7,2,8.75,2.5,-6.25
49,94,8,7,10.0,8.75,-1.25
49,95,9,6,11.25,7.5,-3.75
49,96,8,3,10.0,3.75,-6.25
49,97,7,3,8.75,3.75,-5.0
49,98,5,6,6.25,7.5,1.25
49,99,5,3,6.25,3.75,-2.5
49,100,3,3,3.75,3.75,0.0
49,101,3,3,3.75,3.75,0.0
49,102,9,4,11.25,5.0,-6.25
49,103,1,3,1.25,3.75,2.5
49,104,3,10,3.75,12.5,8.75
49,105,6,2,7.5,2.5,-5.0
49,106,11,1,13.75,1.25,-12.5
49,107,9,0,11.25,0.0,-11.25
49,108,3,2,3.75,2.5,-1.25
49,109,3,2,3.75,2.5,-1.25
49,110,4,6,5.0,7.5,2.5
49,111,2,5,2.5,6.25,3.75
49,112,6,2,7.5,2.5,-5.0
49,113,1,5,1.25,6.25,5.0
49,114,2,4,2.5,5.0,2.5
49,115,10,1,12.5,1.25,-11.25
49,116,7,2,8.75,2.5,-6.25
49,117,6,5,7.5,6.25,-1.25
49,118,3,1,3.75,1.25,-2.5
49,119,4,2,5.0,2.5,-2.5
49,120,2,2,2.5,2.5,0.0
49,121,2,2,2.5,2.5,0.0
49,122,2,5,2.5,6.25,3.75
49,123,6,5,7.5,6.25,-1.25
49,124,1,1,1.25,1.25,0.0
49,125,2,1,2.5,1.25,-1.25
49,126,3,2,3.75,2.5,-1.25
49,127,7,11,8.75,13.75,5.0
49,128,2,4,2.5,5.0,2.5
49,129,1,6,1.25,7.5,6.25
49,130,4,1,5.0,1.25,-3.75
49,131,1,5,1.25,6.25,5.0
49,132,1,2,1.25,2.5,1.25
49,133,3,4,3.75,5.0,1.25
49,134,3,3,3.75,3.75,0.0
50,0,0,1,0.0,1.25,1.25
50,1,0,0,0.0,0.0,0.0
50,2,0,0,0.0,0.0,0.0
50,3,0,0,0.0,0.0,0.0
50,4,0,0,0.0,0.0,0.0
50,5,0,0,0.0,0.0,0.0
50,6,0,0,0.0,0.0,0.0
50,7,0,0,0.0,0.0,0.0
50,8,0,0,0.0,0.0,0.0
50,9,0,0,0.0,0.0,0.0
50,10,0,0,0.0,0.0,0.0
50,11,0,0,0.0,0.0,0.0
50,12,0,0,0.0,0.0,0.0
50,13,0,0,0.0,0.0,0.0
50,14,0,0,0.0,0.0,0.0
50,15,0,0,0.0,0.0,0.0
50,16,0,0,0.0,0.0,0.0
50,17,0,0,0.0,0.0,0.0
50,18,0,0,0.0,0.0,0.0
50,19,0,0,0.0,0.0,0.0
50,20,0,0,0.0,0.0,0.0
50,21,1,0,1.25,0.0,-1.25
50,22,0,0,0.0,0.0,0.0
50,23,0,0,0.0,0.0,0.0
50,24,0,1,0.0,1.25,1.25
50,25,0,0,0.0,0.0,0.0
50,26,0,0,0.0,0.0,0.0
50,27,0,0,0.0,0.0,0.0
50,28,0,0,0.0,0.0,0.0
50,29,0,0,0.0,0.0,0.0
50,30,0,0,0.0,0.0,0.0
50,31,1,0,1.25,0.0,-1.25
50,32,0,0,0.0,0.0,0.0
50,33,0,0,0.0,0.0,0.0
50,34,0,0,0.0,0.0,0.0
50,35,1,1,1.25,1.25,0.0
50,36,1,0,1.25,0.0,-1.25
50,37,2,0,2.5,0.0,-2.5
50,38,0,0,0.0,0.0,0.0
50,39,0,0,0.0,0.0,0.0
50,40,0,0,0.0,0.0,0.0
50,41,0,0,0.0,0.0,0.0
50,42,0,0,0.0,0.0,0.0
50,43,0,0,0.0,0.0,0.0
50,44,0,0,0.0,0.0,0.0
50,45,0,0,0.0,0.0,0.0
50,46,0,1,0.0,1.25,1.25
50,47,0,0,0.0,0.0,0.0
50,48,0,0,0.0,0.0,0.0
50,49,0,0,0.0,0.0,0.0
50,50,0,0,0.0,0.0,0.0
50,51,0,0,0.0,0.0,0.0
50,52,0,0,0.0,0.0,0.0
50,53,0,0,0.0,0.0,0.0
50,54,0,0,0.0,0.0,0.0
50,55,0,0,0.0,0.0,0.0
50,56,0,1,0.0,1.25,1.25
50,57,0,0,0.0,0.0,0.0
50,58,0,0,0.0,0.0,0.0
50,59,0,1,0.0,1.25,1.25
50,60,0,0,0.0,0.0,0.0
50,61,2,1,2.5,1.25,-1.25
50,62,0,0,0.0,0.0,0.0
50,63,0,0,0.0,0.0,0.0
50,64,0,0,0.0,0.0,0.0
50,65,0,0,0.0,0.0,0.0
50,66,0,0,0.0,0.0,0.0
50,67,0,0,0.0,0.0,0.0
50,68,0,3,0.0,3.75,3.75
50,69,0,0,0.0,0.0,0.0
50,70,0,0,0.0,0.0,0.0
50,71,0,0,0.0,0.0,0.0
50,72,0,0,0.0,0.0,0.0
50,73,0,0,0.0,0.0,0.0
50,74,0,0,0.0,0.0,0.0
50,75,0,2,0.0,2.5,2.5
50,76,0,0,0.0,0.0,0.0
50,77,0,0,0.0,0.0,0.0
50,78,0,0,0.0,0.0,0.0
50,79,1,0,1.25,0.0,-1.25
50,80,1,0,1.25,0.0,-1.25
50,81,0,1,0.0,1.25,1.25
50,82,0,0,0.0,0.0,0.0
50,83,0,0,0.0,0.0,0.0
50,84,0,0,0.0,0.0,0.0
50,85,0,0,0.0,0.0,0.0
50,86,0,0,0.0,0.0,0.0
50,87,0,0,0.0,0.0,0.0
50,88,0,0,0.0,0.0,0.0
50,89,0,0,0.0,0.0,0.0
50,90,0,0,0.0,0.0,0.0
50,91,0,0,0.0,0.0,0.0
50,92,0,0,0.0,0.0,0.0
50,93,0,1,0.0,1.25,1.25
50,94,0,0,0.0,0.0,0.0
50,95,0,0,0.0,0.0,0.0
50,96,0,0,0.0,0.0,0.0
50,97,0,0,0.0,0.0,0.0
50,98,0,0,0.0,0.0,0.0
50,99,0,1,0.0,1.25,1.25
50,100,0,0,0.0,0.0,0.0
50,101,0,2,0.0,2.5,2.5
50,102,1,3,1.25,3.75,2.5
50,103,0,0,0.0,0.0,0.0
50,104,0,1,0.0,1.25,1.25
50,105,0,0,0.0,0.0,0.0
50,106,0,0,0.0,0.0,0.0
50,107,0,0,0.0,0.0,0.0
50,108,0,0,0.0,0.0,0.0
50,109,0,0,0.0,0.0,0.0
50,110,0,0,0.0,0.0,0.0
50,111,0,0,0.0,0.0,0.0
50,112,0,0,0.0,0.0,0.0
50,113,0,0,0.0,0.0,0.0
50,114,0,0,0.0,0.0,0.0
50,115,0,0,0.0,0.0,0.0
50,116,0,1,0.0,1.25,1.25
50,117,1,0,1.25,0.0,-1.25
50,118,0,0,0.0,0.0,0.0
50,119,0,0,0.0,0.0,0.0
50,120,0,0,0.0,0.0,0.0
50,121,0,0,0.0,0.0,0.0
50,122,0,0,0.0,0.0,0.0
50,123,0,0,0.0,0.0,0.0
50,124,0,0,0.0,0.0,0.0
50,125,0,0,0.0,0.0,0.0
50,126,1,0,1.25,0.0,-1.25
50,127,0,0,0.0,0.0,0.0
50,128,0,0,0.0,0.0,0.0
50,129,0,0,0.0,0.0,0.0
50,130,0,1,0.0,1.25,1.25
50,131,0,0,0.0,0.0,0.0
50,132,0,0,0.0,0.0,0.0
50,133,0,0,0.0,0.0,0.0
50,134,0,0,0.0,0.0,0.0
51,0,0,0,0.0,0.0,0.0
51,1,0,0,0.0,0.0,0.0
51,2,0,4,0.0,5.0,5.0
51,3,0,4,0.0,5.0,5.0
51,4,0,1,0.0,1.25,1.25
51,5,0,0,0.0,0.0,0.0
51,6,2,0,2.5,0.0,-2.5
51,7,1,1,1.25,1.25,0.0
51,8,0,0,0.0,0.0,0.0
51,9,0,0,0.0,0.0,0.0
51,10,0,0,0.0,0.0,0.0
51,11,0,0,0.0,0.0,0.0
51,12,0,1,0.0,1.25,1.25
51,13,0,0,0.0,0.0,0.0
51,14,0,0,0.0,0.0,0.0
51,15,0,0,0.0,0.0,0.0
51,16,0,0,0.0,0.0,0.0
51,17,0,1,0.0,1.25,1.25
51,18,0,0,0.0,0.0,0.0
51,19,0,0,0.0,0.0,0.0
51,20,0,0,0.0,0.0,0.0
51,21,0,0,0.0,0.0,0.0
51,22,0,0,0.0,0.0,0.0
51,23,0,0,0.0,0.0,0.0
51,24,0,0,0.0,0.0,0.0
51,25,0,0,0.0,0.0,0.0
51,26,0,0,0.0,0.0,0.0
51,27,0,0,0.0,0.0,0.0
51,28,0,0,0.0,0.0,0.0
51,29,0,0,0.0,0.0,0.0
51,30,0,0,0.0,0.0,0.0
51,31,0,0,0.0,0.0,0.0
51,32,0,0,0.0,0.0,0.0
51,33,0,0,0.0,0.0,0.0
51,34,0,0,0.0,0.0,0.0
51,35,0,0,0.0,0.0,0.0
51,36,0,0,0.0,0.0,0.0
51,37,0,0,0.0,0.0,0.0
51,38,0,0,0.0,0.0,0.0
51,39,0,0,0.0,0.0,0.0
51,40,1,0,1.25,0.0,-1.25
51,41,0,0,0.0,0.0,0.0
51,42,0,1,0.0,1.25,1.25
51,43,0,0,0.0,0.0,0.0
51,44,0,0,0.0,0.0,0.0
51,45,0,0,0.0,0.0,0.0
51,46,0,0,0.0,0.0,0.0
51,47,0,0,0.0,0.0,0.0
51,48,0,0,0.0,0.0,0.0
51,49,0,0,0.0,0.0,0.0
51,50,0,0,0.0,0.0,0.0
51,51,0,0,0.0,0.0,0.0
51,52,0,1,0.0,1.25,1.25
51,53,0,0,0.0,0.0,0.0
51,54,0,0,0.0,0.0,0.0
51,55,0,0,0.0,0.0,0.0
51,56,0,0,0.0,0.0,0.0
51,57,0,0,0.0,0.0,0.0
51,58,0,0,0.0,0.0,0.0
51,59,0,0,0.0,0.0,0.0
51,60,0,0,0.0,0.0,0.0
51,61,0,0,0.0,0.0,0.0
51,62,0,0,0.0,0.0,0.0
51,63,0,0,0.0,0.0,0.0
51,64,0,0,0.0,0.0,0.0
51,65,1,0,1.25,0.0,-1.25
51,66,0,0,0.0,0.0,0.0
51,67,0,0,0.0,0.0,0.0
51,68,1,1,1.25,1.25,0.0
51,69,0,0,0.0,0.0,0.0
51,70,0,0,0.0,0.0,0.0
51,71,0,0,0.0,0.0,0.0
51,72,0,0,0.0,0.0,0.0
51,73,0,0,0.0,0.0,0.0
51,74,0,0,0.0,0.0,0.0
51,75,0,0,0.0,0.0,0.0
51,76,0,0,0.0,0.0,0.0
51,77,0,0,0.0,0.0,0.0
51,78,0,0,0.0,0.0,0.0
51,79,0,0,0.0,0.0,0.0
51,80,0,0,0.0,0.0,0.0
51,81,0,0,0.0,0.0,0.0
51,82,0,0,0.0,0.0,0.0
51,83,0,0,0.0,0.0,0.0
51,84,0,0,0.0,0.0,0.0
51,85,0,0,0.0,0.0,0.0
51,86,0,0,0.0,0.0,0.0
51,87,0,0,0.0,0.0,0.0
51,88,0,0,0.0,0.0,0.0
51,89,0,0,0.0,0.0,0.0
51,90,0,0,0.0,0.0,0.0
51,91,0,0,0.0,0.0,0.0
51,92,0,0,0.0,0.0,0.0
51,93,0,0,0.0,0.0,0.0
51,94,0,0,0.0,0.0,0.0
51,95,0,0,0.0,0.0,0.0
51,96,0,0,0.0,0.0,0.0
51,97,0,0,0.0,0.0,0.0
51,98,0,0,0.0,0.0,0.0
51,99,0,1,0.0,1.25,1.25
51,100,0,0,0.0,0.0,0.0
51,101,0,0,0.0,0.0,0.0
51,102,0,0,0.0,0.0,0.0
51,103,0,0,0.0,0.0,0.0
51,104,0,0,0.0,0.0,0.0
51,105,0,0,0.0,0.0,0.0
51,106,0,1,0.0,1.25,1.25
51,107,0,0,0.0,0.0,0.0
51,108,0,0,0.0,0.0,0.0
51,109,0,0,0.0,0.0,0.0
51,110,1,0,1.25,0.0,-1.25
51,111,0,0,0.0,0.0,0.0
51,112,0,0,0.0,0.0,0.0
51,113,0,0,0.0,0.0,0.0
51,114,0,0,0.0,0.0,0.0
51,115,1,0,1.25,0.0,-1.25
51,116,0,1,0.0,1.25,1.25
51,117,0,0,0.0,0.0,0.0
51,118,0,0,0.0,0.0,0.0
51,119,0,0,0.0,0.0,0.0
51,120,0,0,0.0,0.0,0.0
51,121,0,0,0.0,0.0,0.0
51,122,0,0,0.0,0.0,0.0
51,123,0,0,0.0,0.0,0.0
51,124,0,0,0.0,0.0,0.0
51,125,0,0,0.0,0.0,0.0
51,126,0,0,0.0,0.0,0.0
51,127,0,0,0.0,0.0,0.0
51,128,0,0,0.0,0.0,0.0
51,129,0,1,0.0,1.25,1.25
51,130,1,0,1.25,0.0,-1.25
51,131,0,0,0.0,0.0,0.0
51,132,0,1,0.0,1.25,1.25
51,133,0,0,0.0,0.0,0.0
51,134,0,0,0.0,0.0,0.0
52,0,3,0,3.75,0.0,-3.75
52,1,0,0,0.0,0.0,0.0
52,2,0,1,0.0,1.25,1.25
52,3,0,0,0.0,0.0,0.0
52,4,0,0,0.0,0.0,0.0
52,5,0,0,0.0,0.0,0.0
52,6,2,0,2.5,0.0,-2.5
52,7,0,0,0.0,0.0,0.0
52,8,0,1,0.0,1.25,1.25
52,9,1,0,1.25,0.0,-1.25
52,10,4,1,5.0,1.25,-3.75
52,11,0,0,0.0,0.0,0.0
52,12,0,0,0.0,0.0,0.0
52,13,0,1,0.0,1.25,1.25
52,14,1,0,1.25,0.0,-1.25
52,15,1,0,1.25,0.0,-1.25
52,16,0,1,0.0,1.25,1.25
52,17,0,0,0.0,0.0,0.0
52,18,0,0,0.0,0.0,0.0
52,19,1,3,1.25,3.75,2.5
52,20,0,0,0.0,0.0,0.0
52,21,1,1,1.25,1.25,0.0
52,22,0,2,0.0,2.5,2.5
52,23,1,1,1.25,1.25,0.0
52,24,0,0,0.0,0.0,0.0
52,25,1,1,1.25,1.25,0.0
52,26,0,0,0.0,0.0,0.0
52,27,1,2,1.25,2.5,1.25
52,28,1,1,1.25,1.25,0.0
52,29,0,0,0.0,0.0,0.0
52,30,0,0,0.0,0.0,0.0
52,31,2,2,2.5,2.5,0.0
52,32,0,0,0.0,0.0,0.0
52,33,0,2,0.0,2.5,2.5
52,34,0,1,0.0,1.25,1.25
52,35,0,0,0.0,0.0,0.0
52,36,1,1,1.25,1.25,0.0
52,37,2,0,2.5,0.0,-2.5
52,38,0,0,0.0,0.0,0.0
52,39,0,0,0.0,0.0,0.0
52,40,0,0,0.0,0.0,0.0
52,41,0,0,0.0,0.0,0.0
52,42,0,0,0.0,0.0,0.0
52,43,0,0,0.0,0.0,0.0
52,44,1,1,1.25,1.25,0.0
52,45,1,1,1.25,1.25,0.0
52,46,1,1,1.25,1.25,0.0
52,47,0,1,0.0,1.25,1.25
52,48,0,0,0.0,0.0,0.0
52,49,0,0,0.0,0.0,0.0
52,50,0,3,0.0,3.75,3.75
52,51,0,0,0.0,0.0,0.0
52,52,3,0,3.75,0.0,-3.75
52,53,0,1,0.0,1.25,1.25
52,54,2,1,2.5,1.25,-1.25
52,55,0,1,0.0,1.25,1.25
52,56,1,0,1.25,0.0,-1.25
52,57,0,2,0.0,2.5,2.5
52,58,1,1,1.25,1.25,0.0
52,59,0,2,0.0,2.5,2.5
52,60,0,1,0.0,1.25,1.25
52,61,0,1,0.0,1.25,1.25
52,62,0,1,0.0,1.25,1.25
52,63,1,1,1.25,1.25,0.0
52,64,1,2,1.25,2.5,1.25
52,65,0,0,0.0,0.0,0.0
52,66,0,0,0.0,0.0,0.0
52,67,0,0,0.0,0.0,0.0
52,68,2,1,2.5,1.25,-1.25
52,69,0,1,0.0,1.25,1.25
52,70,1,0,1.25,0.0,-1.25
52,71,0,0,0.0,0.0,0.0
52,72,0,0,0.0,0.0,0.0
52,73,0,1,0.0,1.25,1.25
52,74,2,0,2.5,0.0,-2.5
52,75,0,4,0.0,5.0,5.0
52,76,2,0,2.5,0.0,-2.5
52,77,0,0,0.0,0.0,0.0
52,78,1,0,1.25,0.0,-1.25
52,79,2,0,2.5,0.0,-2.5
52,80,0,3,0.0,3.75,3.75
52,81,0,1,0.0,1.25,1.25
52,82,0,0,0.0,0.0,0.0
52,83,0,1,0.0,1.25,1.25
52,84,0,1,0.0,1.25,1.25
52,85,1,1,1.25,1.25,0.0
52,86,0,1,0.0,1.25,1.25
52,87,0,0,0.0,0.0,0.0
52,88,0,0,0.0,0.0,0.0
52,89,0,0,0.0,0.0,0.0
52,90,1,0,1.25,0.0,-1.25
52,91,0,1,0.0,1.25,1.25
52,92,0,0,0.0,0.0,0.0
52,93,0,0,0.0,0.0,0.0
52,94,0,0,0.0,0.0,0.0
52,95,0,1,0.0,1.25,1.25
52,96,1,1,1.25,1.25,0.0
52,97,0,0,0.0,0.0,0.0
52,98,0,0,0.0,0.0,0.0
52,99,1,1,1.25,1.25,0.0
52,100,1,0,1.25,0.0,-1.25
52,101,2,0,2.5,0.0,-2.5
52,102,1,2,1.25,2.5,1.25
52,103,0,0,0.0,0.0,0.0
52,104,0,0,0.0,0.0,0.0
52,105,0,0,0.0,0.0,0.0
52,106,0,0,0.0,0.0,0.0
52,107,0,0,0.0,0.0,0.0
52,108,0,0,0.0,0.0,0.0
52,109,1,0,1.25,0.0,-1.25
52,110,1,0,1.25,0.0,-1.25
52,111,2,0,2.5,0.0,-2.5
52,112,0,2,0.0,2.5,2.5
52,113,0,0,0.0,0.0,0.0
52,114,0,1,0.0,1.25,1.25
52,115,0,1,0.0,1.25,1.25
52,116,0,0,0.0,0.0,0.0
52,117,1,1,1.25,1.25,0.0
52,118,0,1,0.0,1.25,1.25
52,119,0,0,0.0,0.0,0.0
52,120,0,0,0.0,0.0,0.0
52,121,0,0,0.0,0.0,0.0
52,122,1,0,1.25,0.0,-1.25
52,123,1,0,1.25,0.0,-1.25
52,124,0,1,0.0,1.25,1.25
52,125,0,0,0.0,0.0,0.0
52,126,0,0,0.0,0.0,0.0
52,127,0,1,0.0,1.25,1.25
52,128,0,0,0.0,0.0,0.0
52,129,0,0,0.0,0.0,0.0
52,130,0,0,0.0,0.0,0.0
52,131,0,1,0.0,1.25,1.25
52,132,2,0,2.5,0.0,-2.5
52,133,0,0,0.0,0.0,0.0
52,134,0,0,0.0,0.0,0.0
53,0,0,2,0.0,2.5,2.5
53,1,0,1,0.0,1.25,1.25
53,2,0,1,0.0,1.25,1.25
53,3,0,2,0.0,2.5,2.5
53,4,0,0,0.0,0.0,0.0
53,5,0,0,0.0,0.0,0.0
53,6,1,0,1.25,0.0,-1.25
53,7,0,0,0.0,0.0,0.0
53,8,0,2,0.0,2.5,2.5
53,9,0,1,0.0,1.25,1.25
53,10,0,2,0.0,2.5,2.5
53,11,0,0,0.0,0.0,0.0
53,12,1,0,1.25,0.0,-1.25
53,13,0,1,0.0,1.25,1.25
53,14,0,0,0.0,0.0,0.0
53,15,0,0,0.0,0.0,0.0
53,16,0,1,0.0,1.25,1.25
53,17,0,0,0.0,0.0,0.0
53,18,0,0,0.0,0.0,0.0
53,19,3,0,3.75,0.0,-3.75
53,20,0,1,0.0,1.25,1.25
53,21,1,1,1.25,1.25,0.0
53,22,1,1,1.25,1.25,0.0
53,23,1,0,1.25,0.0,-1.25
53,24,1,0,1.25,0.0,-1.25
53,25,0,0,0.0,0.0,0.0
53,26,1,0,1.25,0.0,-1.25
53,27,1,1,1.25,1.25,0.0
53,28,2,0,2.5,0.0,-2.5
53,29,0,0,0.0,0.0,0.0
53,30,0,0,0.0,0.0,0.0
53,31,0,2,0.0,2.5,2.5
53,32,1,0,1.25,0.0,-1.25
53,33,2,1,2.5,1.25,-1.25
53,34,0,1,0.0,1.25,1.25
53,35,0,0,0.0,0.0,0.0
53,36,0,0,0.0,0.0,0.0
53,37,2,0,2.5,0.0,-2.5
53,38,0,0,0.0,0.0,0.0
53,39,0,0,0.0,0.0,0.0
53,40,0,2,0.0,2.5,2.5
53,41,0,0,0.0,0.0,0.0
53,42,0,0,0.0,0.0,0.0
53,43,0,1,0.0,1.25,1.25
53,44,2,0,2.5,0.0,-2.5
53,45,0,0,0.0,0.0,0.0
53,46,1,0,1.25,0.0,-1.25
53,47,0,0,0.0,0.0,0.0
53,48,1,0,1.25,0.0,-1.25
53,49,0,0,0.0,0.0,0.0
53,50,0,2,0.0,2.5,2.5
53,51,2,1,2.5,1.25,-1.25
53,52,0,0,0.0,0.0,0.0
53,53,0,1,0.0,1.25,1.25
53,54,1,1,1.25,1.25,0.0
53,55,1,0,1.25,0.0,-1.25
53,56,0,1,0.0,1.25,1.25
53,57,0,1,0.0,1.25,1.25
53,58,0,0,0.0,0.0,0.0
53,59,0,0,0.0,0.0,0.0
53,60,0,0,0.0,0.0,0.0
53,61,2,2,2.5,2.5,0.0
53,62,1,0,1.25,0.0,-1.25
53,63,0,1,0.0,1.25,1.25
53,64,1,0,1.25,0.0,-1.25
53,65,0,0,0.0,0.0,0.0
53,66,0,0,0.0,0.0,0.0
53,67,0,0,0.0,0.0,0.0
53,68,1,1,1.25,1.25,0.0
53,69,0,0,0.0,0.0,0.0
53,70,0,0,0.0,0.0,0.0
53,71,0,0,0.0,0.0,0.0
53,72,0,1,0.0,1.25,1.25
53,73,0,0,0.0,0.0,0.0
53,74,1,0,1.25,0.0,-1.25
53,75,1,1,1.25,1.25,0.0
53,76,1,0,1.25,0.0,-1.25
53,77,0,1,0.0,1.25,1.25
53,78,0,0,0.0,0.0,0.0
53,79,2,0,2.5,0.0,-2.5
53,80,0,1,0.0,1.25,1.25
53,81,0,0,0.0,0.0,0.0
53,82,0,0,0.0,0.0,0.0
53,83,1,0,1.25,0.0,-1.25
53,84,0,0,0.0,0.0,0.0
53,85,0,0,0.0,0.0,0.0
53,86,2,0,2.5,0.0,-2.5
53,87,0,2,0.0,2.5,2.5
53,88,1,0,1.25,0.0,-1.25
53,89,0,0,0.0,0.0,0.0
53,90,0,2,0.0,2.5,2.5
53,91,1,1,1.25,1.25,0.0
53,92,1,0,1.25,0.0,-1.25
53,93,1,0,1.25,0.0,-1.25
53,94,1,1,1.25,1.25,0.0
53,95,2,1,2.5,1.25,-1.25
53,96,1,1,1.25,1.25,0.0
53,97,1,0,1.25,0.0,-1.25
53,98,1,0,1.25,0.0,-1.25
53,99,0,1,0.0,1.25,1.25
53,100,0,1,0.0,1.25,1.25
53,101,0,0,0.0,0.0,0.0
53,102,1,0,1.25,0.0,-1.25
53,103,1,0,1.25,0.0,-1.25
53,104,1,0,1.25,0.0,-1.25
53,105,2,0,2.5,0.0,-2.5
53,106,0,0,0.0,0.0,0.0
53,107,0,0,0.0,0.0,0.0
53,108,0,0,0.0,0.0,0.0
53,109,0,0,0.0,0.0,0.0
53,110,0,0,0.0,0.0,0.0
53,111,3,0,3.75,0.0,-3.75
53,112,2,0,2.5,0.0,-2.5
53,113,1,0,1.25,0.0,-1.25
53,114,0,0,0.0,0.0,0.0
53,115,0,0,0.0,0.0,0.0
53,116,0,0,0.0,0.0,0.0
53,117,0,1,0.0,1.25,1.25
53,118,0,0,0.0,0.0,0.0
53,119,0,0,0.0,0.0,0.0
53,120,0,0,0.0,0.0,0.0
53,121,1,0,1.25,0.0,-1.25
53,122,0,0,0.0,0.0,0.0
53,123,1,0,1.25,0.0,-1.25
53,124,0,1,0.0,1.25,1.25
53,125,0,0,0.0,0.0,0.0
53,126,0,0,0.0,0.0,0.0
53,127,0,0,0.0,0.0,0.0
53,128,0,2,0.0,2.5,2.5
53,129,1,0,1.25,0.0,-1.25
53,130,1,0,1.25,0.0,-1.25
53,131,2,0,2.5,0.0,-2.5
53,132,1,0,1.25,0.0,-1.25
53,133,0,0,0.0,0.0,0.0
53,134,0,0,0.0,0.0,0.0
54,0,1,2,1.25,2.5,1.25
54,1,1,2,1.25,2.5,1.25
54,2,2,3,2.5,3.75,1.25
54,3,3,2,3.75,2.5,-1.25
54,4,0,0,0.0,0.0,0.0
54,5,0,0,0.0,0.0,0.0
54,6,1,0,1.25,0.0,-1.25
54,7,1,1,1.25,1.25,0.0
54,8,1,0,1.25,0.0,-1.25
54,9,0,1,0.0,1.25,1.25
54,10,3,1,3.75,1.25,-2.5
54,11,4,0,5.0,0.0,-5.0
54,12,4,1,5.0,1.25,-3.75
54,13,1,1,1.25,1.25,0.0
54,14,2,0,2.5,0.0,-2.5
54,15,0,3,0.0,3.75,3.75
54,16,1,2,1.25,2.5,1.25
54,17,2,2,2.5,2.5,0.0
54,18,2,4,2.5,5.0,2.5
54,19,2,0,2.5,0.0,-2.5
54,20,3,1,3.75,1.25,-2.5
54,21,3,1,3.75,1.25,-2.5
54,22,4,2,5.0,2.5,-2.5
54,23,4,1,5.0,1.25,-3.75
54,24,1,2,1.25,2.5,1.25
54,25,2,2,2.5,2.5,0.0
54,26,2,2,2.5,2.5,0.0
54,27,3,3,3.75,3.75,0.0
54,28,0,2,0.0,2.5,2.5
54,29,0,0,0.0,0.0,0.0
54,30,0,0,0.0,0.0,0.0
54,31,2,0,2.5,0.0,-2.5
54,32,2,0,2.5,0.0,-2.5
54,33,2,2,2.5,2.5,0.0
54,34,1,2,1.25,2.5,1.25
54,35,0,1,0.0,1.25,1.25
54,36,1,0,1.25,0.0,-1.25
54,37,2,0,2.5,0.0,-2.5
54,38,1,2,1.25,2.5,1.25
54,39,0,2,0.0,2.5,2.5
54,40,2,0,2.5,0.0,-2.5
54,41,1,3,1.25,3.75,2.5
54,42,3,4,3.75,5.0,1.25
54,43,2,1,2.5,1.25,-1.25
54,44,0,2,0.0,2.5,2.5
54,45,1,2,1.25,2.5,1.25
54,46,1,4,1.25,5.0,3.75
54,47,0,1,0.0,1.25,1.25
54,48,2,3,2.5,3.75,1.25
54,49,1,0,1.25,0.0,-1.25
54,50,2,1,2.5,1.25,-1.25
54,51,3,2,3.75,2.5,-1.25
54,52,4,0,5.0,0.0,-5.0
54,53,1,2,1.25,2.5,1.25
54,54,0,1,0.0,1.25,1.25
54,55,1,2,1.25,2.5,1.25
54,56,1,2,1.25,2.5,1.25
54,57,0,1,0.0,1.25,1.25
54,58,2,5,2.5,6.25,3.75
54,59,2,4,2.5,5.0,2.5
54,60,0,1,0.0,1.25,1.25
54,61,1,3,1.25,3.75,2.5
54,62,2,0,2.5,0.0,-2.5
54,63,4,4,5.0,5.0,0.0
54,64,3,2,3.75,2.5,-1.25
54,65,0,0,0.0,0.0,0.0
54,66,2,2,2.5,2.5,0.0
54,67,0,0,0.0,0.0,0.0
54,68,0,1,0.0,1.25,1.25
54,69,0,0,0.0,0.0,0.0
54,70,0,0,0.0,0.0,0.0
54,71,1,1,1.25,1.25,0.0
54,72,2,1,2.5,1.25,-1.25
54,73,0,0,0.0,0.0,0.0
54,74,0,3,0.0,3.75,3.75
54,75,1,1,1.25,1.25,0.0
54,76,2,1,2.5,1.25,-1.25
54,77,1,3,1.25,3.75,2.5
54,78,1,1,1.25,1.25,0.0
54,79,1,1,1.25,1.25,0.0
54,80,2,0,2.5,0.0,-2.5
54,81,1,5,1.25,6.25,5.0
54,82,0,2,0.0,2.5,2.5
54,83,1,3,1.25,3.75,2.5
54,84,2,1,2.5,1.25,-1.25
54,85,1,3,1.25,3.75,2.5
54,86,3,2,3.75,2.5,-1.25
54,87,2,2,2.5,2.5,0.0
54,88,1,0,1.25,0.0,-1.25
54,89,1,3,1.25,3.75,2.5
54,90,2,2,2.5,2.5,0.0
54,91,1,1,1.25,1.25,0.0
54,92,2,2,2.5,2.5,0.0
54,93,1,1,1.25,1.25,0.0
54,94,0,2,0.0,2.5,2.5
54,95,2,0,2.5,0.0,-2.5
54,96,4,1,5.0,1.25,-3.75
54,97,0,0,0.0,0.0,0.0
54,98,1,0,1.25,0.0,-1.25
54,99,1,2,1.25,2.5,1.25
54,100,1,1,1.25,1.25,0.0
54,101,1,0,1.25,0.0,-1.25
54,102,2,0,2.5,0.0,-2.5
54,103,0,1,0.0,1.25,1.25
54,104,1,2,1.25,2.5,1.25
54,105,2,1,2.5,1.25,-1.25
54,106,2,1,2.5,1.25,-1.25
54,107,0,1,0.0,1.25,1.25
54,108,0,3,0.0,3.75,3.75
54,109,0,1,0.0,1.25,1.25
54,110,5,4,6.25,5.0,-1.25
54,111,1,3,1.25,3.75,2.5
54,112,1,2,1.25,2.5,1.25
54,113,1,1,1.25,1.25,0.0
54,114,1,2,1.25,2.5,1.25
54,115,3,3,3.75,3.75,0.0
54,116,0,2,0.0,2.5,2.5
54,117,1,0,1.25,0.0,-1.25
54,118,0,4,0.0,5.0,5.0
54,119,0,0,0.0,0.0,0.0
54,120,0,0,0.0,0.0,0.0
54,121,2,2,2.5,2.5,0.0
54,122,0,0,0.0,0.0,0.0
54,123,3,2,3.75,2.5,-1.25
54,124,2,1,2.5,1.25,-1.25
54,125,0,0,0.0,0.0,0.0
54,126,0,1,0.0,1.25,1.25
54,127,0,0,0.0,0.0,0.0
54,128,0,1,0.0,1.25,1.25
54,129,1,3,1.25,3.75,2.5
54,130,0,3,0.0,3.75,3.75
54,131,0,2,0.0,2.5,2.5
54,132,2,1,2.5,1.25,-1.25
54,133,0,2,0.0,2.5,2.5
54,134,0,1,0.0,1.25,1.25
55,0,0,0,0.0,0.0,0.0
55,1,0,0,0.0,0.0,0.0
55,2,0,1,0.0,1.25,1.25
55,3,0,0,0.0,0.0,0.0
55,4,0,3,0.0,3.75,3.75
55,5,0,1,0.0,1.25,1.25
55,6,0,0,0.0,0.0,0.0
55,7,1,0,1.25,0.0,-1.25
55,8,1,1,1.25,1.25,0.0
55,9,0,0,0.0,0.0,0.0
55,10,0,0,0.0,0.0,0.0
55,11,0,0,0.0,0.0,0.0
55,12,0,0,0.0,0.0,0.0
55,13,2,1,2.5,1.25,-1.25
55,14,0,0,0.0,0.0,0.0
55,15,0,0,0.0,0.0,0.0
55,16,1,6,1.25,7.5,6.25
55,17,0,1,0.0,1.25,1.25
55,18,2,2,2.5,2.5,0.0
55,19,1,0,1.25,0.0,-1.25
55,20,1,2,1.25,2.5,1.25
55,21,0,6,0.0,7.5,7.5
55,22,1,1,1.25,1.25,0.0
55,23,0,0,0.0,0.0,0.0
55,24,0,1,0.0,1.25,1.25
55,25,0,0,0.0,0.0,0.0
55,26,0,0,0.0,0.0,0.0
55,27,0,0,0.0,0.0,0.0
55,28,0,1,0.0,1.25,1.25
55,29,1,1,1.25,1.25,0.0
55,30,1,0,1.25,0.0,-1.25
55,31,0,0,0.0,0.0,0.0
55,32,1,1,1.25,1.25,0.0
55,33,3,1,3.75,1.25,-2.5
55,34,1,0,1.25,0.0,-1.25
55,35,0,1,0.0,1.25,1.25
55,36,1,0,1.25,0.0,-1.25
55,37,0,1,0.0,1.25,1.25
55,38,0,0,0.0,0.0,0.0
55,39,0,0,0.0,0.0,0.0
55,40,0,0,0.0,0.0,0.0
55,41,0,1,0.0,1.25,1.25
55,42,0,0,0.0,0.0,0.0
55,43,0,0,0.0,0.0,0.0
55,44,0,1,0.0,1.25,1.25
55,45,0,0,0.0,0.0,0.0
55,46,0,0,0.0,0.0,0.0
55,47,0,1,0.0,1.25,1.25
55,48,0,0,0.0,0.0,0.0
55,49,0,0,0.0,0.0,0.0
55,50,0,0,0.0,0.0,0.0
55,51,0,0,0.0,0.0,0.0
55,52,1,0,1.25,0.0,-1.25
55,53,1,0,1.25,0.0,-1.25
55,54,0,2,0.0,2.5,2.5
55,55,0,2,0.0,2.5,2.5
55,56,0,0,0.0,0.0,0.0
55,57,0,0,0.0,0.0,0.0
55,58,0,2,0.0,2.5,2.5
55,59,0,1,0.0,1.25,1.25
55,60,0,1,0.0,1.25,1.25
55,61,1,1,1.25,1.25,0.0
55,62,1,1,1.25,1.25,0.0
55,63,0,2,0.0,2.5,2.5
55,64,0,1,0.0,1.25,1.25
55,65,1,4,1.25,5.0,3.75
55,66,0,0,0.0,0.0,0.0
55,67,0,0,0.0,0.0,0.0
55,68,1,1,1.25,1.25,0.0
55,69,1,1,1.25,1.25,0.0
55,70,0,0,0.0,0.0,0.0
55,71,5,4,6.25,5.0,-1.25
55,72,3,0,3.75,0.0,-3.75
55,73,1,0,1.25,0.0,-1.25
55,74,3,1,3.75,1.25,-2.5
55,75,1,1,1.25,1.25,0.0
55,76,0,1,0.0,1.25,1.25
55,77,2,1,2.5,1.25,-1.25
55,78,0,0,0.0,0.0,0.0
55,79,0,0,0.0,0.0,0.0
55,80,5,0,6.25,0.0,-6.25
55,81,1,0,1.25,0.0,-1.25
55,82,0,1,0.0,1.25,1.25
55,83,1,2,1.25,2.5,1.25
55,84,4,1,5.0,1.25,-3.75
55,85,1,1,1.25,1.25,0.0
55,86,1,2,1.25,2.5,1.25
55,87,2,0,2.5,0.0,-2.5
55,88,5,1,6.25,1.25,-5.0
55,89,2,4,2.5,5.0,2.5
55,90,1,1,1.25,1.25,0.0
55,91,2,1,2.5,1.25,-1.25
55,92,1,0,1.25,0.0,-1.25
55,93,1,0,1.25,0.0,-1.25
55,94,0,0,0.0,0.0,0.0
55,95,0,0,0.0,0.0,0.0
55,96,0,0,0.0,0.0,0.0
55,97,0,0,0.0,0.0,0.0
55,98,0,0,0.0,0.0,0.0
55,99,0,0,0.0,0.0,0.0
55,100,0,0,0.0,0.0,0.0
55,101,0,0,0.0,0.0,0.0
55,102,0,0,0.0,0.0,0.0
55,103,0,1,0.0,1.25,1.25
55,104,0,3,0.0,3.75,3.75
55,105,0,0,0.0,0.0,0.0
55,106,1,0,1.25,0.0,-1.25
55,107,0,0,0.0,0.0,0.0
55,108,0,0,0.0,0.0,0.0
55,109,0,0,0.0,0.0,0.0
55,110,0,0,0.0,0.0,0.0
55,111,1,0,1.25,0.0,-1.25
55,112,0,1,0.0,1.25,1.25
55,113,2,2,2.5,2.5,0.0
55,114,0,0,0.0,0.0,0.0
55,115,1,4,1.25,5.0,3.75
55,116,0,0,0.0,0.0,0.0
55,117,1,2,1.25,2.5,1.25
55,118,0,1,0.0,1.25,1.25
55,119,1,0,1.25,0.0,-1.25
55,120,0,0,0.0,0.0,0.0
55,121,0,1,0.0,1.25,1.25
55,122,0,1,0.0,1.25,1.25
55,123,1,3,1.25,3.75,2.5
55,124,0,1,0.0,1.25,1.25
55,125,0,0,0.0,0.0,0.0
55,126,0,0,0.0,0.0,0.0
55,127,0,0,0.0,0.0,0.0
55,128,0,1,0.0,1.25,1.25
55,129,0,0,0.0,0.0,0.0
55,130,0,0,0.0,0.0,0.0
55,131,0,0,0.0,0.0,0.0
55,132,0,0,0.0,0.0,0.0
55,133,1,1,1.25,1.25,0.0
55,134,0,0,0.0,0.0,0.0
56,0,1,0,1.25,0.0,-1.25
56,1,1,0,1.25,0.0,-1.25
56,2,1,2,1.25,2.5,1.25
56,3,1,0,1.25,0.0,-1.25
56,4,1,2,1.25,2.5,1.25
56,5,0,0,0.0,0.0,0.0
56,6,3,0,3.75,0.0,-3.75
56,7,0,0,0.0,0.0,0.0
56,8,0,0,0.0,0.0,0.0
56,9,2,2,2.5,2.5,0.0
56,10,1,2,1.25,2.5,1.25
56,11,1,0,1.25,0.0,-1.25
56,12,1,2,1.25,2.5,1.25
56,13,1,0,1.25,0.0,-1.25
56,14,0,2,0.0,2.5,2.5
56,15,2,1,2.5,1.25,-1.25
56,16,4,0,5.0,0.0,-5.0
56,17,2,0,2.5,0.0,-2.5
56,18,3,2,3.75,2.5,-1.25
56,19,1,1,1.25,1.25,0.0
56,20,1,1,1.25,1.25,0.0
56,21,1,1,1.25,1.25,0.0
56,22,1,1,1.25,1.25,0.0
56,23,0,1,0.0,1.25,1.25
56,24,1,2,1.25,2.5,1.25
56,25,0,1,0.0,1.25,1.25
56,26,0,4,0.0,5.0,5.0
56,27,2,1,2.5,1.25,-1.25
56,28,2,2,2.5,2.5,0.0
56,29,0,0,0.0,0.0,0.0
56,30,0,0,0.0,0.0,0.0
56,31,2,2,2.5,2.5,0.0
56,32,0,4,0.0,5.0,5.0
56,33,1,1,1.25,1.25,0.0
56,34,1,4,1.25,5.0,3.75
56,35,1,1,1.25,1.25,0.0
56,36,0,1,0.0,1.25,1.25
56,37,3,0,3.75,0.0,-3.75
56,38,0,0,0.0,0.0,0.0
56,39,0,0,0.0,0.0,0.0
56,40,0,1,0.0,1.25,1.25
56,41,1,1,1.25,1.25,0.0
56,42,3,2,3.75,2.5,-1.25
56,43,0,0,0.0,0.0,0.0
56,44,1,1,1.25,1.25,0.0
56,45,1,2,1.25,2.5,1.25
56,46,1,1,1.25,1.25,0.0
56,47,2,2,2.5,2.5,0.0
56,48,0,0,0.0,0.0,0.0
56,49,1,1,1.25,1.25,0.0
56,50,3,4,3.75,5.0,1.25
56,51,2,2,2.5,2.5,0.0
56,52,2,0,2.5,0.0,-2.5
56,53,0,0,0.0,0.0,0.0
56,54,1,1,1.25,1.25,0.0
56,55,1,0,1.25,0.0,-1.25
56,56,0,0,0.0,0.0,0.0
56,57,1,0,1.25,0.0,-1.25
56,58,1,2,1.25,2.5,1.25
56,59,1,0,1.25,0.0,-1.25
56,60,1,0,1.25,0.0,-1.25
56,61,2,1,2.5,1.25,-1.25
56,62,2,2,2.5,2.5,0.0
56,63,0,2,0.0,2.5,2.5
56,64,0,0,0.0,0.0,0.0
56,65,0,1,0.0,1.25,1.25
56,66,0,0,0.0,0.0,0.0
56,67,0,2,0.0,2.5,2.5
56,68,1,1,1.25,1.25,0.0
56,69,3,3,3.75,3.75,0.0
56,70,0,0,0.0,0.0,0.0
56,71,2,1,2.5,1.25,-1.25
56,72,0,1,0.0,1.25,1.25
56,73,1,0,1.25,0.0,-1.25
56,74,2,0,2.5,0.0,-2.5
56,75,1,1,1.25,1.25,0.0
56,76,1,0,1.25,0.0,-1.25
56,77,1,2,1.25,2.5,1.25
56,78,1,0,1.25,0.0,-1.25
56,79,1,0,1.25,0.0,-1.25
56,80,0,0,0.0,0.0,0.0
56,81,0,0,0.0,0.0,0.0
56,82,0,1,0.0,1.25,1.25
56,83,0,1,0.0,1.25,1.25
56,84,0,1,0.0,1.25,1.25
56,85,4,0,5.0,0.0,-5.0
56,86,1,1,1.25,1.25,0.0
56,87,1,1,1.25,1.25,0.0
56,88,1,0,1.25,0.0,-1.25
56,89,0,0,0.0,0.0,0.0
56,90,1,0,1.25,0.0,-1.25
56,91,0,1,0.0,1.25,1.25
56,92,1,1,1.25,1.25,0.0
56,93,0,0,0.0,0.0,0.0
56,94,1,2,1.25,2.5,1.25
56,95,1,0,1.25,0.0,-1.25
56,96,0,1,0.0,1.25,1.25
56,97,1,0,1.25,0.0,-1.25
56,98,0,0,0.0,0.0,0.0
56,99,1,0,1.25,0.0,-1.25
56,100,1,0,1.25,0.0,-1.25
56,101,0,1,0.0,1.25,1.25
56,102,1,2,1.25,2.5,1.25
56,103,0,1,0.0,1.25,1.25
56,104,1,1,1.25,1.25,0.0
56,105,0,2,0.0,2.5,2.5
56,106,0,1,0.0,1.25,1.25
56,107,0,0,0.0,0.0,0.0
56,108,1,0,1.25,0.0,-1.25
56,109,0,1,0.0,1.25,1.25
56,110,1,0,1.25,0.0,-1.25
56,111,1,0,1.25,0.0,-1.25
56,112,1,0,1.25,0.0,-1.25
56,113,0,0,0.0,0.0,0.0
56,114,3,0,3.75,0.0,-3.75
56,115,0,2,0.0,2.5,2.5
56,116,1,0,1.25,0.0,-1.25
56,117,0,0,0.0,0.0,0.0
56,118,1,0,1.25,0.0,-1.25
56,119,0,1,0.0,1.25,1.25
56,120,0,1,0.0,1.25,1.25
56,121,1,0,1.25,0.0,-1.25
56,122,1,1,1.25,1.25,0.0
56,123,0,0,0.0,0.0,0.0
56,124,0,1,0.0,1.25,1.25
56,125,0,0,0.0,0.0,0.0
56,126,0,0,0.0,0.0,0.0
56,127,0,0,0.0,0.0,0.0
56,128,3,0,3.75,0.0,-3.75
56,129,3,0,3.75,0.0,-3.75
56,130,0,0,0.0,0.0,0.0
56,131,0,2,0.0,2.5,2.5
56,132,1,0,1.25,0.0,-1.25
56,133,1,0,1.25,0.0,-1.25
56,134,0,0,0.0,0.0,0.0
57,0,0,0,0.0,0.0,0.0
57,1,0,1,0.0,1.25,1.25
57,2,0,1,0.0,1.25,1.25
57,3,0,0,0.0,0.0,0.0
57,4,0,0,0.0,0.0,0.0
57,5,0,0,0.0,0.0,0.0
57,6,0,0,0.0,0.0,0.0
57,7,0,0,0.0,0.0,0.0
57,8,1,1,1.25,1.25,0.0
57,9,0,2,0.0,2.5,2.5
57,10,0,0,0.0,0.0,0.0
57,11,0,0,0.0,0.0,0.0
57,12,2,4,2.5,5.0,2.5
57,13,1,0,1.25,0.0,-1.25
57,14,1,0,1.25,0.0,-1.25
57,15,0,1,0.0,1.25,1.25
57,16,0,1,0.0,1.25,1.25
57,17,1,0,1.25,0.0,-1.25
57,18,0,0,0.0,0.0,0.0
57,19,1,1,1.25,1.25,0.0
57,20,0,2,0.0,2.5,2.5
57,21,0,2,0.0,2.5,2.5
57,22,0,1,0.0,1.25,1.25
57,23,0,1,0.0,1.25,1.25
57,24,2,3,2.5,3.75,1.25
57,25,0,0,0.0,0.0,0.0
57,26,1,1,1.25,1.25,0.0
57,27,0,1,0.0,1.25,1.25
57,28,1,0,1.25,0.0,-1.25
57,29,2,0,2.5,0.0,-2.5
57,30,0,0,0.0,0.0,0.0
57,31,0,2,0.0,2.5,2.5
57,32,0,0,0.0,0.0,0.0
57,33,0,1,0.0,1.25,1.25
57,34,0,0,0.0,0.0,0.0
57,35,0,2,0.0,2.5,2.5
57,36,2,1,2.5,1.25,-1.25
57,37,0,0,0.0,0.0,0.0
57,38,0,0,0.0,0.0,0.0
57,39,0,0,0.0,0.0,0.0
57,40,0,0,0.0,0.0,0.0
57,41,1,0,1.25,0.0,-1.25
57,42,0,0,0.0,0.0,0.0
57,43,2,0,2.5,0.0,-2.5
57,44,2,0,2.5,0.0,-2.5
57,45,1,0,1.25,0.0,-1.25
57,46,3,0,3.75,0.0,-3.75
57,47,0,1,0.0,1.25,1.25
57,48,0,1,0.0,1.25,1.25
57,49,1,0,1.25,0.0,-1.25
57,50,0,1,0.0,1.25,1.25
57,51,0,3,0.0,3.75,3.75
57,52,0,1,0.0,1.25,1.25
57,53,0,0,0.0,0.0,0.0
57,54,2,1,2.5,1.25,-1.25
57,55,1,1,1.25,1.25,0.0
57,56,1,0,1.25,0.0,-1.25
57,57,0,2,0.0,2.5,2.5
57,58,0,6,0.0,7.5,7.5
57,59,0,0,0.0,0.0,0.0
57,60,0,0,0.0,0.0,0.0
57,61,1,0,1.25,0.0,-1.25
57,62,2,1,2.5,1.25,-1.25
57,63,0,0,0.0,0.0,0.0
57,64,0,0,0.0,0.0,0.0
57,65,2,0,2.5,0.0,-2.5
57,66,1,0,1.25,0.0,-1.25
57,67,0,0,0.0,0.0,0.0
57,68,2,0,2.5,0.0,-2.5
57,69,0,0,0.0,0.0,0.0
57,70,0,0,0.0,0.0,0.0
57,71,0,0,0.0,0.0,0.0
57,72,1,1,1.25,1.25,0.0
57,73,0,1,0.0,1.25,1.25
57,74,1,1,1.25,1.25,0.0
57,75,1,3,1.25,3.75,2.5
57,76,2,1,2.5,1.25,-1.25
57,77,0,1,0.0,1.25,1.25
57,78,2,2,2.5,2.5,0.0
57,79,1,0,1.25,0.0,-1.25
57,80,1,0,1.25,0.0,-1.25
57,81,1,0,1.25,0.0,-1.25
57,82,2,1,2.5,1.25,-1.25
57,83,1,1,1.25,1.25,0.0
57,84,1,0,1.25,0.0,-1.25
57,85,0,0,0.0,0.0,0.0
57,86,0,0,0.0,0.0,0.0
57,87,0,1,0.0,1.25,1.25
57,88,0,0,0.0,0.0,0.0
57,89,0,2,0.0,2.5,2.5
57,90,0,0,0.0,0.0,0.0
57,91,1,0,1.25,0.0,-1.25
57,92,3,0,3.75,0.0,-3.75
57,93,0,0,0.0,0.0,0.0
57,94,0,5,0.0,6.25,6.25
57,95,1,1,1.25,1.25,0.0
57,96,0,2,0.0,2.5,2.5
57,97,0,0,0.0,0.0,0.0
57,98,0,0,0.0,0.0,0.0
57,99,1,1,1.25,1.25,0.0
57,100,0,2,0.0,2.5,2.5
57,101,1,1,1.25,1.25,0.0
57,102,0,1,0.0,1.25,1.25
57,103,2,0,2.5,0.0,-2.5
57,104,0,0,0.0,0.0,0.0
57,105,0,1,0.0,1.25,1.25
57,106,1,3,1.25,3.75,2.5
57,107,0,0,0.0,0.0,0.0
57,108,0,1,0.0,1.25,1.25
57,109,0,0,0.0,0.0,0.0
57,110,0,0,0.0,0.0,0.0
57,111,0,0,0.0,0.0,0.0
57,112,1,2,1.25,2.5,1.25
57,113,2,0,2.5,0.0,-2.5
57,114,0,0,0.0,0.0,0.0
57,115,1,0,1.25,0.0,-1.25
57,116,1,0,1.25,0.0,-1.25
57,117,0,0,0.0,0.0,0.0
57,118,1,2,1.25,2.5,1.25
57,119,0,0,0.0,0.0,0.0
57,120,0,0,0.0,0.0,0.0
57,121,2,0,2.5,0.0,-2.5
57,122,0,0,0.0,0.0,0.0
57,123,1,1,1.25,1.25,0.0
57,124,0,1,0.0,1.25,1.25
57,125,0,0,0.0,0.0,0.0
57,126,0,0,0.0,0.0,0.0
57,127,0,1,0.0,1.25,1.25
57,128,0,2,0.0,2.5,2.5
57,129,1,1,1.25,1.25,0.0
57,130,0,0,0.0,0.0,0.0
57,131,0,1,0.0,1.25,1.25
57,132,1,0,1.25,0.0,-1.25
57,133,1,0,1.25,0.0,-1.25
57,134,0,0,0.0,0.0,0.0
