unit_id,trial_id,baseline_count,response_count,baseline_rate_hz,response_rate_hz,rate_difference_hz
0,0,0,0,0.0,0.0,0.0
0,1,0,0,0.0,0.0,0.0
0,2,0,0,0.0,0.0,0.0
0,3,0,4,0.0,5.0,5.0
0,4,0,2,0.0,2.5,2.5
0,5,1,0,1.25,0.0,-1.25
0,6,2,0,2.5,0.0,-2.5
0,7,0,0,0.0,0.0,0.0
0,8,0,0,0.0,0.0,0.0
0,9,0,1,0.0,1.25,1.25
0,10,0,0,0.0,0.0,0.0
0,11,0,0,0.0,0.0,0.0
0,12,0,1,0.0,1.25,1.25
0,13,0,0,0.0,0.0,0.0
0,14,0,3,0.0,3.75,3.75
0,15,0,0,0.0,0.0,0.0
0,16,1,0,1.25,0.0,-1.25
0,17,0,0,0.0,0.0,0.0
0,18,0,0,0.0,0.0,0.0
0,19,0,0,0.0,0.0,0.0
0,20,0,0,0.0,0.0,0.0
0,21,0,0,0.0,0.0,0.0
0,22,0,0,0.0,0.0,0.0
0,23,0,0,0.0,0.0,0.0
0,24,0,1,0.0,1.25,1.25
0,25,0,0,0.0,0.0,0.0
0,26,1,0,1.25,0.0,-1.25
0,27,0,2,0.0,2.5,2.5
0,28,0,2,0.0,2.5,2.5
0,29,0,3,0.0,3.75,3.75
0,30,0,0,0.0,0.0,0.0
0,31,0,0,0.0,0.0,0.0
0,32,0,0,0.0,0.0,0.0
0,33,0,0,0.0,0.0,0.0
0,34,0,0,0.0,0.0,0.0
0,35,0,0,0.0,0.0,0.0
0,36,0,0,0.0,0.0,0.0
0,37,0,0,0.0,0.0,0.0
0,38,0,0,0.0,0.0,0.0
0,39,0,0,0.0,0.0,0.0
0,40,0,0,0.0,0.0,0.0
0,41,0,1,0.0,1.25,1.25
0,42,0,2,0.0,2.5,2.5
0,43,1,0,1.25,0.0,-1.25
0,44,0,0,0.0,0.0,0.0
0,45,0,0,0.0,0.0,0.0
0,46,0,2,0.0,2.5,2.5
0,47,0,0,0.0,0.0,0.0
0,48,0,0,0.0,0.0,0.0
0,49,0,1,0.0,1.25,1.25
0,50,1,0,1.25,0.0,-1.25
0,51,0,0,0.0,0.0,0.0
0,52,1,2,1.25,2.5,1.25
0,53,0,0,0.0,0.0,0.0
0,54,0,0,0.0,0.0,0.0
0,55,0,1,0.0,1.25,1.25
0,56,0,0,0.0,0.0,0.0
0,57,0,0,0.0,0.0,0.0
0,58,0,0,0.0,0.0,0.0
0,59,0,1,0.0,1.25,1.25
0,60,0,0,0.0,0.0,0.0
0,61,0,0,0.0,0.0,0.0
0,62,0,0,0.0,0.0,0.0
0,63,0,0,0.0,0.0,0.0
0,64,0,0,0.0,0.0,0.0
0,65,0,1,0.0,1.25,1.25
0,66,1,0,1.25,0.0,-1.25
0,67,0,0,0.0,0.0,0.0
0,68,0,1,0.0,1.25,1.25
0,69,0,1,0.0,1.25,1.25
0,70,0,0,0.0,0.0,0.0
0,71,0,0,0.0,0.0,0.0
0,72,1,0,1.25,0.0,-1.25
0,73,0,0,0.0,0.0,0.0
0,74,0,0,0.0,0.0,0.0
0,75,0,0,0.0,0.0,0.0
0,76,0,0,0.0,0.0,0.0
0,77,1,0,1.25,0.0,-1.25
0,78,0,5,0.0,6.25,6.25
0,79,0,1,0.0,1.25,1.25
0,80,0,0,0.0,0.0,0.0
0,81,0,1,0.0,1.25,1.25
0,82,0,0,0.0,0.0,0.0
0,83,1,0,1.25,0.0,-1.25
0,84,2,0,2.5,0.0,-2.5
0,85,0,0,0.0,0.0,0.0
0,86,0,0,0.0,0.0,0.0
0,87,0,0,0.0,0.0,0.0
0,89,0,2,0.0,2.5,2.5
0,90,0,2,0.0,2.5,2.5
0,91,0,0,0.0,0.0,0.0
0,92,0,0,0.0,0.0,0.0
0,93,0,0,0.0,0.0,0.0
0,94,0,0,0.0,0.0,0.0
0,95,0,0,0.0,0.0,0.0
0,96,0,1,0.0,1.25,1.25
0,97,1,0,1.25,0.0,-1.25
0,98,1,0,1.25,0.0,-1.25
0,99,0,0,0.0,0.0,0.0
0,100,0,0,0.0,0.0,0.0
0,101,0,1,0.0,1.25,1.25
0,102,0,0,0.0,0.0,0.0
0,103,0,1,0.0,1.25,1.25
0,104,0,0,0.0,0.0,0.0
0,105,0,0,0.0,0.0,0.0
0,106,0,0,0.0,0.0,0.0
0,107,0,0,0.0,0.0,0.0
1,0,1,0,1.25,0.0,-1.25
1,1,0,0,0.0,0.0,0.0
1,2,0,0,0.0,0.0,0.0
1,3,0,0,0.0,0.0,0.0
1,4,0,0,0.0,0.0,0.0
1,5,1,0,1.25,0.0,-1.25
1,6,0,0,0.0,0.0,0.0
1,7,1,0,1.25,0.0,-1.25
1,8,0,0,0.0,0.0,0.0
1,9,0,0,0.0,0.0,0.0
1,10,0,0,0.0,0.0,0.0
1,11,0,0,0.0,0.0,0.0
1,12,0,0,0.0,0.0,0.0
1,13,0,0,0.0,0.0,0.0
1,14,0,1,0.0,1.25,1.25
1,15,0,0,0.0,0.0,0.0
1,16,0,0,0.0,0.0,0.0
1,17,0,0,0.0,0.0,0.0
1,18,0,0,0.0,0.0,0.0
1,19,0,0,0.0,0.0,0.0
1,20,0,0,0.0,0.0,0.0
1,21,1,0,1.25,0.0,-1.25
1,22,0,0,0.0,0.0,0.0
1,23,0,0,0.0,0.0,0.0
1,24,0,0,0.0,0.0,0.0
1,25,0,0,0.0,0.0,0.0
1,26,0,0,0.0,0.0,0.0
1,27,0,0,0.0,0.0,0.0
1,28,0,0,0.0,0.0,0.0
1,29,0,0,0.0,0.0,0.0
1,30,0,0,0.0,0.0,0.0
1,31,1,1,1.25,1.25,0.0
1,32,0,0,0.0,0.0,0.0
1,33,0,0,0.0,0.0,0.0
1,34,0,0,0.0,0.0,0.0
1,35,0,1,0.0,1.25,1.25
1,36,0,0,0.0,0.0,0.0
1,37,0,0,0.0,0.0,0.0
1,38,0,0,0.0,0.0,0.0
1,39,0,0,0.0,0.0,0.0
1,40,0,0,0.0,0.0,0.0
1,41,1,0,1.25,0.0,-1.25
1,42,0,1,0.0,1.25,1.25
1,43,0,1,0.0,1.25,1.25
1,44,0,0,0.0,0.0,0.0
1,45,0,1,0.0,1.25,1.25
1,46,0,0,0.0,0.0,0.0
1,47,0,0,0.0,0.0,0.0
1,48,0,0,0.0,0.0,0.0
1,49,0,0,0.0,0.0,0.0
1,50,0,1,0.0,1.25,1.25
1,51,0,0,0.0,0.0,0.0
1,52,0,0,0.0,0.0,0.0
1,53,0,0,0.0,0.0,0.0
1,54,0,0,0.0,0.0,0.0
1,55,0,1,0.0,1.25,1.25
1,56,0,0,0.0,0.0,0.0
1,57,0,0,0.0,0.0,0.0
1,58,0,0,0.0,0.0,0.0
1,59,0,0,0.0,0.0,0.0
1,60,0,0,0.0,0.0,0.0
1,61,1,0,1.25,0.0,-1.25
1,62,0,0,0.0,0.0,0.0
1,63,0,0,0.0,0.0,0.0
1,64,0,0,0.0,0.0,0.0
1,65,0,0,0.0,0.0,0.0
1,66,0,0,0.0,0.0,0.0
1,67,0,0,0.0,0.0,0.0
1,68,0,0,0.0,0.0,0.0
1,69,0,1,0.0,1.25,1.25
1,70,0,0,0.0,0.0,0.0
1,71,0,0,0.0,0.0,0.0
1,72,0,0,0.0,0.0,0.0
1,73,0,0,0.0,0.0,0.0
1,74,0,0,0.0,0.0,0.0
1,75,0,0,0.0,0.0,0.0
1,76,0,0,0.0,0.0,0.0
1,77,0,0,0.0,0.0,0.0
1,78,1,0,1.25,0.0,-1.25
1,79,0,1,0.0,1.25,1.25
1,80,0,0,0.0,0.0,0.0
1,81,0,0,0.0,0.0,0.0
1,82,0,1,0.0,1.25,1.25
1,83,0,0,0.0,0.0,0.0
1,84,0,0,0.0,0.0,0.0
1,85,0,1,0.0,1.25,1.25
1,86,2,2,2.5,2.5,0.0
1,87,0,0,0.0,0.0,0.0
1,89,0,0,0.0,0.0,0.0
1,90,0,0,0.0,0.0,0.0
1,91,1,0,1.25,0.0,-1.25
1,92,0,0,0.0,0.0,0.0
1,93,1,0,1.25,0.0,-1.25
1,94,1,0,1.25,0.0,-1.25
1,95,1,0,1.25,0.0,-1.25
1,96,0,0,0.0,0.0,0.0
1,97,0,0,0.0,0.0,0.0
1,98,0,0,0.0,0.0,0.0
1,99,0,0,0.0,0.0,0.0
1,100,0,0,0.0,0.0,0.0
1,101,0,0,0.0,0.0,0.0
1,102,0,1,0.0,1.25,1.25
1,103,0,0,0.0,0.0,0.0
1,104,0,0,0.0,0.0,0.0
1,105,0,0,0.0,0.0,0.0
1,106,0,0,0.0,0.0,0.0
1,107,0,0,0.0,0.0,0.0
2,0,1,1,1.25,1.25,0.0
2,1,6,1,7.5,1.25,-6.25
2,2,0,0,0.0,0.0,0.0
2,3,1,0,1.25,0.0,-1.25
2,4,1,0,1.25,0.0,-1.25
2,5,1,0,1.25,0.0,-1.25
2,6,0,2,0.0,2.5,2.5
2,7,0,0,0.0,0.0,0.0
2,8,0,1,0.0,1.25,1.25
2,9,0,2,0.0,2.5,2.5
2,10,0,1,0.0,1.25,1.25
2,11,0,2,0.0,2.5,2.5
2,12,1,0,1.25,0.0,-1.25
2,13,0,0,0.0,0.0,0.0
2,14,0,0,0.0,0.0,0.0
2,15,0,2,0.0,2.5,2.5
2,16,0,1,0.0,1.25,1.25
2,17,0,0,0.0,0.0,0.0
2,18,0,1,0.0,1.25,1.25
2,19,0,3,0.0,3.75,3.75
2,20,0,0,0.0,0.0,0.0
2,21,0,0,0.0,0.0,0.0
2,22,0,4,0.0,5.0,5.0
2,23,0,1,0.0,1.25,1.25
2,24,0,2,0.0,2.5,2.5
2,25,3,2,3.75,2.5,-1.25
2,26,0,0,0.0,0.0,0.0
2,27,1,2,1.25,2.5,1.25
2,28,0,0,0.0,0.0,0.0
2,29,3,0,3.75,0.0,-3.75
2,30,0,0,0.0,0.0,0.0
2,31,0,2,0.0,2.5,2.5
2,32,1,0,1.25,0.0,-1.25
2,33,0,3,0.0,3.75,3.75
2,34,0,0,0.0,0.0,0.0
2,35,0,2,0.0,2.5,2.5
2,36,0,0,0.0,0.0,0.0
2,37,0,0,0.0,0.0,0.0
2,38,0,0,0.0,0.0,0.0
2,39,0,4,0.0,5.0,5.0
2,40,0,3,0.0,3.75,3.75
2,41,2,0,2.5,0.0,-2.5
2,42,0,4,0.0,5.0,5.0
2,43,0,0,0.0,0.0,0.0
2,44,0,1,0.0,1.25,1.25
2,45,0,0,0.0,0.0,0.0
2,46,0,0,0.0,0.0,0.0
2,47,2,0,2.5,0.0,-2.5
2,48,2,0,2.5,0.0,-2.5
2,49,0,0,0.0,0.0,0.0
2,50,4,4,5.0,5.0,0.0
2,51,4,0,5.0,0.0,-5.0
2,52,0,1,0.0,1.25,1.25
2,53,0,3,0.0,3.75,3.75
2,54,0,0,0.0,0.0,0.0
2,55,0,2,0.0,2.5,2.5
2,56,0,3,0.0,3.75,3.75
2,57,1,0,1.25,0.0,-1.25
2,58,0,0,0.0,0.0,0.0
2,59,0,0,0.0,0.0,0.0
2,60,1,4,1.25,5.0,3.75
2,61,0,0,0.0,0.0,0.0
2,62,1,0,1.25,0.0,-1.25
2,63,1,0,1.25,0.0,-1.25
2,64,0,1,0.0,1.25,1.25
2,65,0,0,0.0,0.0,0.0
2,66,0,0,0.0,0.0,0.0
2,67,0,2,0.0,2.5,2.5
2,68,0,1,0.0,1.25,1.25
2,69,3,0,3.75,0.0,-3.75
2,70,0,1,0.0,1.25,1.25
2,71,0,1,0.0,1.25,1.25
2,72,1,0,1.25,0.0,-1.25
2,73,0,1,0.0,1.25,1.25
2,74,0,1,0.0,1.25,1.25
2,75,3,1,3.75,1.25,-2.5
2,76,0,1,0.0,1.25,1.25
2,77,0,0,0.0,0.0,0.0
2,78,0,0,0.0,0.0,0.0
2,79,0,0,0.0,0.0,0.0
2,80,1,6,1.25,7.5,6.25
2,81,2,0,2.5,0.0,-2.5
2,82,1,1,1.25,1.25,0.0
2,83,0,1,0.0,1.25,1.25
2,84,3,0,3.75,0.0,-3.75
2,85,0,0,0.0,0.0,0.0
2,86,0,8,0.0,10.0,10.0
2,87,0,0,0.0,0.0,0.0
2,89,1,4,1.25,5.0,3.75
2,90,0,0,0.0,0.0,0.0
2,91,1,0,1.25,0.0,-1.25
2,92,2,1,2.5,1.25,-1.25
2,93,2,0,2.5,0.0,-2.5
2,94,1,4,1.25,5.0,3.75
2,95,0,0,0.0,0.0,0.0
2,96,0,2,0.0,2.5,2.5
2,97,2,0,2.5,0.0,-2.5
2,98,0,3,0.0,3.75,3.75
2,99,1,0,1.25,0.0,-1.25
2,100,0,0,0.0,0.0,0.0
2,101,4,0,5.0,0.0,-5.0
2,102,0,3,0.0,3.75,3.75
2,103,0,0,0.0,0.0,0.0
2,104,0,1,0.0,1.25,1.25
2,105,2,1,2.5,1.25,-1.25
2,106,0,0,0.0,0.0,0.0
2,107,0,3,0.0,3.75,3.75
3,0,3,4,3.75,5.0,1.25
3,1,7,2,8.75,2.5,-6.25
3,2,0,2,0.0,2.5,2.5
3,3,1,1,1.25,1.25,0.0
3,4,2,0,2.5,0.0,-2.5
3,5,0,5,0.0,6.25,6.25
3,6,3,2,3.75,2.5,-1.25
3,7,2,0,2.5,0.0,-2.5
3,8,1,2,1.25,2.5,1.25
3,9,2,0,2.5,0.0,-2.5
3,10,1,2,1.25,2.5,1.25
3,11,0,3,0.0,3.75,3.75
3,12,0,2,0.0,2.5,2.5
3,13,5,0,6.25,0.0,-6.25
3,14,0,4,0.0,5.0,5.0
3,15,3,1,3.75,1.25,-2.5
3,16,2,3,2.5,3.75,1.25
3,17,5,1,6.25,1.25,-5.0
3,18,3,0,3.75,0.0,-3.75
3,19,4,1,5.0,1.25,-3.75
3,20,0,2,0.0,2.5,2.5
3,21,1,2,1.25,2.5,1.25
3,22,1,2,1.25,2.5,1.25
3,23,3,1,3.75,1.25,-2.5
3,24,0,2,0.0,2.5,2.5
3,25,2,0,2.5,0.0,-2.5
3,26,3,2,3.75,2.5,-1.25
3,27,5,3,6.25,3.75,-2.5
3,28,0,1,0.0,1.25,1.25
3,29,6,3,7.5,3.75,-3.75
3,30,0,4,0.0,5.0,5.0
3,31,5,4,6.25,5.0,-1.25
3,32,0,2,0.0,2.5,2.5
3,33,2,3,2.5,3.75,1.25
3,34,2,2,2.5,2.5,0.0
3,35,1,3,1.25,3.75,2.5
3,36,2,4,2.5,5.0,2.5
3,37,0,4,0.0,5.0,5.0
3,38,2,0,2.5,0.0,-2.5
3,39,1,3,1.25,3.75,2.5
3,40,2,4,2.5,5.0,2.5
3,41,3,0,3.75,0.0,-3.75
3,42,1,4,1.25,5.0,3.75
3,43,2,0,2.5,0.0,-2.5
3,44,1,0,1.25,0.0,-1.25
3,45,1,7,1.25,8.75,7.5
3,46,1,1,1.25,1.25,0.0
3,47,4,1,5.0,1.25,-3.75
3,48,0,3,0.0,3.75,3.75
3,49,0,2,0.0,2.5,2.5
3,50,3,0,3.75,0.0,-3.75
3,51,3,1,3.75,1.25,-2.5
3,52,0,2,0.0,2.5,2.5
3,53,2,1,2.5,1.25,-1.25
3,54,4,2,5.0,2.5,-2.5
3,55,2,1,2.5,1.25,-1.25
3,56,1,1,1.25,1.25,0.0
3,57,2,0,2.5,0.0,-2.5
3,58,6,0,7.5,0.0,-7.5
3,59,0,2,0.0,2.5,2.5
3,60,0,3,0.0,3.75,3.75
3,61,2,0,2.5,0.0,-2.5
3,62,1,1,1.25,1.25,0.0
3,63,1,1,1.25,1.25,0.0
3,64,1,4,1.25,5.0,3.75
3,65,1,0,1.25,0.0,-1.25
3,66,1,1,1.25,1.25,0.0
3,67,1,1,1.25,1.25,0.0
3,68,0,1,0.0,1.25,1.25
3,69,2,0,2.5,0.0,-2.5
3,70,3,1,3.75,1.25,-2.5
3,71,0,3,0.0,3.75,3.75
3,72,1,3,1.25,3.75,2.5
3,73,0,0,0.0,0.0,0.0
3,74,4,2,5.0,2.5,-2.5
3,75,2,0,2.5,0.0,-2.5
3,76,1,1,1.25,1.25,0.0
3,77,0,3,0.0,3.75,3.75
3,78,1,1,1.25,1.25,0.0
3,79,2,2,2.5,2.5,0.0
3,80,4,0,5.0,0.0,-5.0
3,81,1,1,1.25,1.25,0.0
3,82,0,1,0.0,1.25,1.25
3,83,1,1,1.25,1.25,0.0
3,84,0,1,0.0,1.25,1.25
3,85,0,0,0.0,0.0,0.0
3,86,2,2,2.5,2.5,0.0
3,87,4,1,5.0,1.25,-3.75
3,89,1,2,1.25,2.5,1.25
3,90,0,3,0.0,3.75,3.75
3,91,2,0,2.5,0.0,-2.5
3,92,2,1,2.5,1.25,-1.25
3,93,0,1,0.0,1.25,1.25
3,94,3,3,3.75,3.75,0.0
3,95,2,1,2.5,1.25,-1.25
3,96,4,2,5.0,2.5,-2.5
3,97,0,1,0.0,1.25,1.25
3,98,0,3,0.0,3.75,3.75
3,99,3,2,3.75,2.5,-1.25
3,100,4,0,5.0,0.0,-5.0
3,101,1,2,1.25,2.5,1.25
3,102,2,5,2.5,6.25,3.75
3,103,2,0,2.5,0.0,-2.5
3,104,1,5,1.25,6.25,5.0
3,105,0,1,0.0,1.25,1.25
3,106,2,3,2.5,3.75,1.25
3,107,2,0,2.5,0.0,-2.5
4,0,0,0,0.0,0.0,0.0
4,1,0,0,0.0,0.0,0.0
4,2,0,0,0.0,0.0,0.0
4,3,0,1,0.0,1.25,1.25
4,4,0,0,0.0,0.0,0.0
4,5,0,0,0.0,0.0,0.0
4,6,0,0,0.0,0.0,0.0
4,7,0,0,0.0,0.0,0.0
4,8,0,0,0.0,0.0,0.0
4,9,0,0,0.0,0.0,0.0
4,10,0,0,0.0,0.0,0.0
4,11,0,0,0.0,0.0,0.0
4,12,1,0,1.25,0.0,-1.25
4,13,0,0,0.0,0.0,0.0
4,14,0,0,0.0,0.0,0.0
4,15,0,0,0.0,0.0,0.0
4,16,1,0,1.25,0.0,-1.25
4,17,0,0,0.0,0.0,0.0
4,18,0,0,0.0,0.0,0.0
4,19,0,0,0.0,0.0,0.0
4,20,0,0,0.0,0.0,0.0
4,21,1,0,1.25,0.0,-1.25
4,22,0,1,0.0,1.25,1.25
4,23,0,0,0.0,0.0,0.0
4,24,0,1,0.0,1.25,1.25
4,25,0,0,0.0,0.0,0.0
4,26,0,0,0.0,0.0,0.0
4,27,1,1,1.25,1.25,0.0
4,28,0,0,0.0,0.0,0.0
4,29,0,0,0.0,0.0,0.0
4,30,0,0,0.0,0.0,0.0
4,31,0,0,0.0,0.0,0.0
4,32,0,0,0.0,0.0,0.0
4,33,0,0,0.0,0.0,0.0
4,34,0,0,0.0,0.0,0.0
4,35,0,0,0.0,0.0,0.0
4,36,0,0,0.0,0.0,0.0
4,37,1,0,1.25,0.0,-1.25
4,38,1,0,1.25,0.0,-1.25
4,39,0,0,0.0,0.0,0.0
4,40,0,0,0.0,0.0,0.0
4,41,0,1,0.0,1.25,1.25
4,42,0,0,0.0,0.0,0.0
4,43,1,0,1.25,0.0,-1.25
4,44,0,0,0.0,0.0,0.0
4,45,0,0,0.0,0.0,0.0
4,46,1,0,1.25,0.0,-1.25
4,47,0,1,0.0,1.25,1.25
4,48,1,0,1.25,0.0,-1.25
4,49,0,0,0.0,0.0,0.0
4,50,0,0,0.0,0.0,0.0
4,51,0,0,0.0,0.0,0.0
4,52,0,0,0.0,0.0,0.0
4,53,0,0,0.0,0.0,0.0
4,54,0,0,0.0,0.0,0.0
4,55,0,0,0.0,0.0,0.0
4,56,0,1,0.0,1.25,1.25
4,57,0,0,0.0,0.0,0.0
4,58,0,0,0.0,0.0,0.0
4,59,0,1,0.0,1.25,1.25
4,60,1,1,1.25,1.25,0.0
4,61,0,0,0.0,0.0,0.0
4,62,0,0,0.0,0.0,0.0
4,63,0,0,0.0,0.0,0.0
4,64,0,0,0.0,0.0,0.0
4,65,1,0,1.25,0.0,-1.25
4,66,0,0,0.0,0.0,0.0
4,67,0,0,0.0,0.0,0.0
4,68,0,0,0.0,0.0,0.0
4,69,0,0,0.0,0.0,0.0
4,70,0,0,0.0,0.0,0.0
4,71,0,0,0.0,0.0,0.0
4,72,1,1,1.25,1.25,0.0
4,73,0,1,0.0,1.25,1.25
4,74,0,0,0.0,0.0,0.0
4,75,0,0,0.0,0.0,0.0
4,76,0,0,0.0,0.0,0.0
4,77,1,0,1.25,0.0,-1.25
4,78,0,0,0.0,0.0,0.0
4,79,0,2,0.0,2.5,2.5
4,80,1,0,1.25,0.0,-1.25
4,81,1,0,1.25,0.0,-1.25
4,82,0,0,0.0,0.0,0.0
4,83,0,0,0.0,0.0,0.0
4,84,0,1,0.0,1.25,1.25
4,85,0,0,0.0,0.0,0.0
4,86,0,0,0.0,0.0,0.0
4,87,0,0,0.0,0.0,0.0
4,89,0,1,0.0,1.25,1.25
4,90,1,2,1.25,2.5,1.25
4,91,0,1,0.0,1.25,1.25
4,92,0,0,0.0,0.0,0.0
4,93,0,0,0.0,0.0,0.0
4,94,0,2,0.0,2.5,2.5
4,95,0,0,0.0,0.0,0.0
4,96,0,1,0.0,1.25,1.25
4,97,1,1,1.25,1.25,0.0
4,98,0,0,0.0,0.0,0.0
4,99,0,0,0.0,0.0,0.0
4,100,0,0,0.0,0.0,0.0
4,101,0,1,0.0,1.25,1.25
4,102,0,0,0.0,0.0,0.0
4,103,1,1,1.25,1.25,0.0
4,104,1,0,1.25,0.0,-1.25
4,105,0,0,0.0,0.0,0.0
4,106,0,0,0.0,0.0,0.0
4,107,0,1,0.0,1.25,1.25
5,0,0,0,0.0,0.0,0.0
5,1,2,0,2.5,0.0,-2.5
5,2,0,0,0.0,0.0,0.0
5,3,0,0,0.0,0.0,0.0
5,4,0,0,0.0,0.0,0.0
5,5,2,0,2.5,0.0,-2.5
5,6,1,1,1.25,1.25,0.0
5,7,0,0,0.0,0.0,0.0
5,8,0,1,0.0,1.25,1.25
5,9,0,1,0.0,1.25,1.25
5,10,0,0,0.0,0.0,0.0
5,11,0,0,0.0,0.0,0.0
5,12,0,1,0.0,1.25,1.25
5,13,0,0,0.0,0.0,0.0
5,14,1,0,1.25,0.0,-1.25
5,15,0,1,0.0,1.25,1.25
5,16,0,1,0.0,1.25,1.25
5,17,0,0,0.0,0.0,0.0
5,18,1,1,1.25,1.25,0.0
5,19,0,2,0.0,2.5,2.5
5,20,1,0,1.25,0.0,-1.25
5,21,0,0,0.0,0.0,0.0
5,22,0,1,0.0,1.25,1.25
5,23,0,0,0.0,0.0,0.0
5,24,0,0,0.0,0.0,0.0
5,25,1,0,1.25,0.0,-1.25
5,26,0,1,0.0,1.25,1.25
5,27,0,0,0.0,0.0,0.0
5,28,0,0,0.0,0.0,0.0
5,29,0,1,0.0,1.25,1.25
5,30,0,0,0.0,0.0,0.0
5,31,0,0,0.0,0.0,0.0
5,32,1,0,1.25,0.0,-1.25
5,33,1,0,1.25,0.0,-1.25
5,34,0,0,0.0,0.0,0.0
5,35,0,0,0.0,0.0,0.0
5,36,0,0,0.0,0.0,0.0
5,37,0,1,0.0,1.25,1.25
5,38,0,0,0.0,0.0,0.0
5,39,0,0,0.0,0.0,0.0
5,40,0,0,0.0,0.0,0.0
5,41,3,0,3.75,0.0,-3.75
5,42,0,1,0.0,1.25,1.25
5,43,0,0,0.0,0.0,0.0
5,44,0,0,0.0,0.0,0.0
5,45,0,0,0.0,0.0,0.0
5,46,1,0,1.25,0.0,-1.25
5,47,0,1,0.0,1.25,1.25
5,48,0,0,0.0,0.0,0.0
5,49,0,0,0.0,0.0,0.0
5,50,0,3,0.0,3.75,3.75
5,51,1,0,1.25,0.0,-1.25
5,52,1,0,1.25,0.0,-1.25
5,53,0,0,0.0,0.0,0.0
5,54,1,0,1.25,0.0,-1.25
5,55,1,0,1.25,0.0,-1.25
5,56,0,1,0.0,1.25,1.25
5,57,0,0,0.0,0.0,0.0
5,58,0,0,0.0,0.0,0.0
5,59,1,1,1.25,1.25,0.0
5,60,0,2,0.0,2.5,2.5
5,61,1,1,1.25,1.25,0.0
5,62,1,1,1.25,1.25,0.0
5,63,0,0,0.0,0.0,0.0
5,64,0,1,0.0,1.25,1.25
5,65,0,0,0.0,0.0,0.0
5,66,0,0,0.0,0.0,0.0
5,67,1,0,1.25,0.0,-1.25
5,68,1,0,1.25,0.0,-1.25
5,69,1,0,1.25,0.0,-1.25
5,70,0,1,0.0,1.25,1.25
5,71,0,0,0.0,0.0,0.0
5,72,0,0,0.0,0.0,0.0
5,73,0,1,0.0,1.25,1.25
5,74,0,0,0.0,0.0,0.0
5,75,0,0,0.0,0.0,0.0
5,76,0,1,0.0,1.25,1.25
5,77,1,1,1.25,1.25,0.0
5,78,1,0,1.25,0.0,-1.25
5,79,0,0,0.0,0.0,0.0
5,80,0,0,0.0,0.0,0.0
5,81,0,0,0.0,0.0,0.0
5,82,0,0,0.0,0.0,0.0
5,83,0,0,0.0,0.0,0.0
5,84,0,1,0.0,1.25,1.25
5,85,0,0,0.0,0.0,0.0
5,86,0,0,0.0,0.0,0.0
5,87,1,0,1.25,0.0,-1.25
5,89,2,1,2.5,1.25,-1.25
5,90,0,0,0.0,0.0,0.0
5,91,1,1,1.25,1.25,0.0
5,92,1,0,1.25,0.0,-1.25
5,93,1,0,1.25,0.0,-1.25
5,94,0,0,0.0,0.0,0.0
5,95,0,0,0.0,0.0,0.0
5,96,1,0,1.25,0.0,-1.25
5,97,0,0,0.0,0.0,0.0
5,98,0,3,0.0,3.75,3.75
5,99,0,2,0.0,2.5,2.5
5,100,2,1,2.5,1.25,-1.25
5,101,0,0,0.0,0.0,0.0
5,102,1,0,1.25,0.0,-1.25
5,103,1,0,1.25,0.0,-1.25
5,104,0,0,0.0,0.0,0.0
5,105,1,0,1.25,0.0,-1.25
5,106,0,0,0.0,0.0,0.0
5,107,1,0,1.25,0.0,-1.25
6,0,0,0,0.0,0.0,0.0
6,1,0,0,0.0,0.0,0.0
6,2,0,0,0.0,0.0,0.0
6,3,0,14,0.0,17.5,17.5
6,4,0,3,0.0,3.75,3.75
6,5,4,0,5.0,0.0,-5.0
6,6,0,0,0.0,0.0,0.0
6,7,0,0,0.0,0.0,0.0
6,8,0,1,0.0,1.25,1.25
6,9,0,1,0.0,1.25,1.25
6,10,0,0,0.0,0.0,0.0
6,11,0,0,0.0,0.0,0.0
6,12,0,0,0.0,0.0,0.0
6,13,0,0,0.0,0.0,0.0
6,14,0,4,0.0,5.0,5.0
6,15,0,0,0.0,0.0,0.0
6,16,1,0,1.25,0.0,-1.25
6,17,0,0,0.0,0.0,0.0
6,18,0,0,0.0,0.0,0.0
6,19,0,0,0.0,0.0,0.0
6,20,0,0,0.0,0.0,0.0
6,21,0,0,0.0,0.0,0.0
6,22,0,0,0.0,0.0,0.0
6,23,0,0,0.0,0.0,0.0
6,24,0,0,0.0,0.0,0.0
6,25,0,0,0.0,0.0,0.0
6,26,0,0,0.0,0.0,0.0
6,27,2,5,2.5,6.25,3.75
6,28,0,2,0.0,2.5,2.5
6,29,0,11,0.0,13.75,13.75
6,30,0,0,0.0,0.0,0.0
6,31,0,0,0.0,0.0,0.0
6,32,0,0,0.0,0.0,0.0
6,33,0,0,0.0,0.0,0.0
6,34,4,1,5.0,1.25,-3.75
6,35,0,0,0.0,0.0,0.0
6,36,0,0,0.0,0.0,0.0
6,37,0,0,0.0,0.0,0.0
6,38,0,0,0.0,0.0,0.0
6,39,0,0,0.0,0.0,0.0
6,40,0,0,0.0,0.0,0.0
6,41,0,2,0.0,2.5,2.5
6,42,0,6,0.0,7.5,7.5
6,43,1,0,1.25,0.0,-1.25
6,44,0,0,0.0,0.0,0.0
6,45,0,0,0.0,0.0,0.0
6,46,0,3,0.0,3.75,3.75
6,47,0,0,0.0,0.0,0.0
6,48,0,0,0.0,0.0,0.0
6,49,0,3,0.0,3.75,3.75
6,50,1,0,1.25,0.0,-1.25
6,51,0,0,0.0,0.0,0.0
6,52,0,0,0.0,0.0,0.0
6,53,0,0,0.0,0.0,0.0
6,54,0,0,0.0,0.0,0.0
6,55,0,0,0.0,0.0,0.0
6,56,0,0,0.0,0.0,0.0
6,57,0,0,0.0,0.0,0.0
6,58,0,0,0.0,0.0,0.0
6,59,0,0,0.0,0.0,0.0
6,60,0,0,0.0,0.0,0.0
6,61,0,0,0.0,0.0,0.0
6,62,0,0,0.0,0.0,0.0
6,63,0,0,0.0,0.0,0.0
6,64,0,0,0.0,0.0,0.0
6,65,1,2,1.25,2.5,1.25
6,66,0,0,0.0,0.0,0.0
6,67,0,0,0.0,0.0,0.0
6,68,0,3,0.0,3.75,3.75
6,69,0,3,0.0,3.75,3.75
6,70,0,0,0.0,0.0,0.0
6,71,0,3,0.0,3.75,3.75
6,72,0,0,0.0,0.0,0.0
6,73,0,0,0.0,0.0,0.0
6,74,0,0,0.0,0.0,0.0
6,75,0,0,0.0,0.0,0.0
6,76,0,0,0.0,0.0,0.0
6,77,1,1,1.25,1.25,0.0
6,78,0,5,0.0,6.25,6.25
6,79,0,9,0.0,11.25,11.25
6,80,0,4,0.0,5.0,5.0
6,81,0,0,0.0,0.0,0.0
6,82,0,0,0.0,0.0,0.0
6,83,1,0,1.25,0.0,-1.25
6,84,1,0,1.25,0.0,-1.25
6,85,0,5,0.0,6.25,6.25
6,86,0,0,0.0,0.0,0.0
6,87,0,0,0.0,0.0,0.0
6,89,0,3,0.0,3.75,3.75
6,90,0,1,0.0,1.25,1.25
6,91,0,0,0.0,0.0,0.0
6,92,0,0,0.0,0.0,0.0
6,93,0,0,0.0,0.0,0.0
6,94,0,0,0.0,0.0,0.0
6,95,0,0,0.0,0.0,0.0
6,96,0,1,0.0,1.25,1.25
6,97,1,0,1.25,0.0,-1.25
6,98,0,0,0.0,0.0,0.0
6,99,0,0,0.0,0.0,0.0
6,100,0,0,0.0,0.0,0.0
6,101,0,0,0.0,0.0,0.0
6,102,0,0,0.0,0.0,0.0
6,103,0,0,0.0,0.0,0.0
6,104,0,0,0.0,0.0,0.0
6,105,0,0,0.0,0.0,0.0
6,106,0,0,0.0,0.0,0.0
6,107,0,0,0.0,0.0,0.0
7,0,1,1,1.25,1.25,0.0
7,1,1,0,1.25,0.0,-1.25
7,2,1,1,1.25,1.25,0.0
7,3,0,0,0.0,0.0,0.0
7,4,1,1,1.25,1.25,0.0
7,5,0,1,0.0,1.25,1.25
7,6,0,6,0.0,7.5,7.5
7,7,2,1,2.5,1.25,-1.25
7,8,0,0,0.0,0.0,0.0
7,9,0,2,0.0,2.5,2.5
7,10,0,1,0.0,1.25,1.25
7,11,0,0,0.0,0.0,0.0
7,12,0,0,0.0,0.0,0.0
7,13,2,1,2.5,1.25,-1.25
7,14,1,1,1.25,1.25,0.0
7,15,0,0,0.0,0.0,0.0
7,16,1,4,1.25,5.0,3.75
7,17,0,0,0.0,0.0,0.0
7,18,0,0,0.0,0.0,0.0
7,19,0,0,0.0,0.0,0.0
7,20,1,0,1.25,0.0,-1.25
7,21,0,0,0.0,0.0,0.0
7,22,0,0,0.0,0.0,0.0
7,23,0,1,0.0,1.25,1.25
7,24,1,0,1.25,0.0,-1.25
7,25,1,0,1.25,0.0,-1.25
7,26,0,0,0.0,0.0,0.0
7,27,1,0,1.25,0.0,-1.25
7,28,1,0,1.25,0.0,-1.25
7,29,0,0,0.0,0.0,0.0
7,30,0,0,0.0,0.0,0.0
7,31,0,0,0.0,0.0,0.0
7,32,0,0,0.0,0.0,0.0
7,33,0,0,0.0,0.0,0.0
7,34,1,0,1.25,0.0,-1.25
7,35,0,0,0.0,0.0,0.0
7,36,0,1,0.0,1.25,1.25
7,37,1,1,1.25,1.25,0.0
7,38,0,0,0.0,0.0,0.0
7,39,1,3,1.25,3.75,2.5
7,40,0,4,0.0,5.0,5.0
7,41,3,0,3.75,0.0,-3.75
7,42,2,4,2.5,5.0,2.5
7,43,0,1,0.0,1.25,1.25
7,44,0,0,0.0,0.0,0.0
7,45,0,0,0.0,0.0,0.0
7,46,0,0,0.0,0.0,0.0
7,47,0,1,0.0,1.25,1.25
7,48,2,0,2.5,0.0,-2.5
7,49,0,3,0.0,3.75,3.75
7,50,1,0,1.25,0.0,-1.25
7,51,0,1,0.0,1.25,1.25
7,52,0,1,0.0,1.25,1.25
7,53,1,0,1.25,0.0,-1.25
7,54,1,1,1.25,1.25,0.0
7,55,1,6,1.25,7.5,6.25
7,56,0,2,0.0,2.5,2.5
7,57,2,4,2.5,5.0,2.5
7,58,0,0,0.0,0.0,0.0
7,59,1,0,1.25,0.0,-1.25
7,60,0,0,0.0,0.0,0.0
7,61,1,1,1.25,1.25,0.0
7,62,2,0,2.5,0.0,-2.5
7,63,1,0,1.25,0.0,-1.25
7,64,1,1,1.25,1.25,0.0
7,65,0,1,0.0,1.25,1.25
7,66,0,0,0.0,0.0,0.0
7,67,1,1,1.25,1.25,0.0
7,68,0,0,0.0,0.0,0.0
7,69,0,1,0.0,1.25,1.25
7,70,1,0,1.25,0.0,-1.25
7,71,0,0,0.0,0.0,0.0
7,72,0,0,0.0,0.0,0.0
7,73,0,2,0.0,2.5,2.5
7,74,0,1,0.0,1.25,1.25
7,75,1,1,1.25,1.25,0.0
7,76,0,1,0.0,1.25,1.25
7,77,0,0,0.0,0.0,0.0
7,78,1,1,1.25,1.25,0.0
7,79,0,0,0.0,0.0,0.0
7,80,0,1,0.0,1.25,1.25
7,81,0,0,0.0,0.0,0.0
7,82,0,0,0.0,0.0,0.0
7,83,0,0,0.0,0.0,0.0
7,84,0,1,0.0,1.25,1.25
7,85,0,0,0.0,0.0,0.0
7,86,0,0,0.0,0.0,0.0
7,87,0,0,0.0,0.0,0.0
7,89,0,1,0.0,1.25,1.25
7,90,0,1,0.0,1.25,1.25
7,91,2,0,2.5,0.0,-2.5
7,92,0,1,0.0,1.25,1.25
7,93,0,0,0.0,0.0,0.0
7,94,2,1,2.5,1.25,-1.25
7,95,0,0,0.0,0.0,0.0
7,96,0,0,0.0,0.0,0.0
7,97,0,0,0.0,0.0,0.0
7,98,0,1,0.0,1.25,1.25
7,99,2,1,2.5,1.25,-1.25
7,100,1,0,1.25,0.0,-1.25
7,101,0,0,0.0,0.0,0.0
7,102,0,0,0.0,0.0,0.0
7,103,0,1,0.0,1.25,1.25
7,104,0,0,0.0,0.0,0.0
7,105,0,0,0.0,0.0,0.0
7,106,0,0,0.0,0.0,0.0
7,107,0,1,0.0,1.25,1.25
8,0,1,1,1.25,1.25,0.0
8,1,0,0,0.0,0.0,0.0
8,2,0,1,0.0,1.25,1.25
8,3,1,0,1.25,0.0,-1.25
8,4,0,1,0.0,1.25,1.25
8,5,0,0,0.0,0.0,0.0
8,6,1,0,1.25,0.0,-1.25
8,7,2,0,2.5,0.0,-2.5
8,8,0,0,0.0,0.0,0.0
8,9,1,0,1.25,0.0,-1.25
8,10,0,0,0.0,0.0,0.0
8,11,2,1,2.5,1.25,-1.25
8,12,0,0,0.0,0.0,0.0
8,13,0,0,0.0,0.0,0.0
8,14,2,0,2.5,0.0,-2.5
8,15,1,1,1.25,1.25,0.0
8,16,2,1,2.5,1.25,-1.25
8,17,0,0,0.0,0.0,0.0
8,18,0,0,0.0,0.0,0.0
8,19,1,1,1.25,1.25,0.0
8,20,3,1,3.75,1.25,-2.5
8,21,1,0,1.25,0.0,-1.25
8,22,3,2,3.75,2.5,-1.25
8,23,0,1,0.0,1.25,1.25
8,24,1,3,1.25,3.75,2.5
8,25,2,0,2.5,0.0,-2.5
8,26,1,1,1.25,1.25,0.0
8,27,0,0,0.0,0.0,0.0
8,28,0,0,0.0,0.0,0.0
8,29,0,1,0.0,1.25,1.25
8,30,0,0,0.0,0.0,0.0
8,31,2,1,2.5,1.25,-1.25
8,32,3,1,3.75,1.25,-2.5
8,33,0,0,0.0,0.0,0.0
8,34,0,0,0.0,0.0,0.0
8,35,2,0,2.5,0.0,-2.5
8,36,1,0,1.25,0.0,-1.25
8,37,0,0,0.0,0.0,0.0
8,38,1,0,1.25,0.0,-1.25
8,39,0,2,0.0,2.5,2.5
8,40,0,6,0.0,7.5,7.5
8,41,1,0,1.25,0.0,-1.25
8,42,1,3,1.25,3.75,2.5
8,43,0,0,0.0,0.0,0.0
8,44,0,0,0.0,0.0,0.0
8,45,4,0,5.0,0.0,-5.0
8,46,2,1,2.5,1.25,-1.25
8,47,0,2,0.0,2.5,2.5
8,48,1,0,1.25,0.0,-1.25
8,49,0,0,0.0,0.0,0.0
8,50,0,1,0.0,1.25,1.25
8,51,4,2,5.0,2.5,-2.5
8,52,0,1,0.0,1.25,1.25
8,53,1,0,1.25,0.0,-1.25
8,54,1,0,1.25,0.0,-1.25
8,55,0,1,0.0,1.25,1.25
8,56,0,0,0.0,0.0,0.0
8,57,2,2,2.5,2.5,0.0
8,58,0,1,0.0,1.25,1.25
8,59,1,0,1.25,0.0,-1.25
8,60,0,1,0.0,1.25,1.25
8,61,2,0,2.5,0.0,-2.5
8,62,0,0,0.0,0.0,0.0
8,63,0,1,0.0,1.25,1.25
8,64,1,0,1.25,0.0,-1.25
8,65,0,1,0.0,1.25,1.25
8,66,1,1,1.25,1.25,0.0
8,67,2,0,2.5,0.0,-2.5
8,68,3,4,3.75,5.0,1.25
8,69,1,0,1.25,0.0,-1.25
8,70,0,2,0.0,2.5,2.5
8,71,2,0,2.5,0.0,-2.5
8,72,0,0,0.0,0.0,0.0
8,73,0,0,0.0,0.0,0.0
8,74,1,1,1.25,1.25,0.0
8,75,0,1,0.0,1.25,1.25
8,76,0,4,0.0,5.0,5.0
8,77,0,0,0.0,0.0,0.0
8,78,0,2,0.0,2.5,2.5
8,79,1,3,1.25,3.75,2.5
8,80,0,0,0.0,0.0,0.0
8,81,2,3,2.5,3.75,1.25
8,82,0,1,0.0,1.25,1.25
8,83,1,1,1.25,1.25,0.0
8,84,0,2,0.0,2.5,2.5
8,85,0,1,0.0,1.25,1.25
8,86,0,3,0.0,3.75,3.75
8,87,2,0,2.5,0.0,-2.5
8,89,0,1,0.0,1.25,1.25
8,90,1,1,1.25,1.25,0.0
8,91,1,2,1.25,2.5,1.25
8,92,2,4,2.5,5.0,2.5
8,93,0,0,0.0,0.0,0.0
8,94,1,1,1.25,1.25,0.0
8,95,0,1,0.0,1.25,1.25
8,96,2,0,2.5,0.0,-2.5
8,97,0,1,0.0,1.25,1.25
8,98,1,0,1.25,0.0,-1.25
8,99,0,1,0.0,1.25,1.25
8,100,0,1,0.0,1.25,1.25
8,101,2,0,2.5,0.0,-2.5
8,102,0,2,0.0,2.5,2.5
8,103,0,0,0.0,0.0,0.0
8,104,0,0,0.0,0.0,0.0
8,105,0,3,0.0,3.75,3.75
8,106,1,1,1.25,1.25,0.0
8,107,0,4,0.0,5.0,5.0
9,0,11,22,13.75,27.5,13.75
9,1,20,2,25.0,2.5,-22.5
9,2,7,3,8.75,3.75,-5.0
9,3,3,7,3.75,8.75,5.0
9,4,1,6,1.25,7.5,6.25
9,5,5,17,6.25,21.25,15.0
9,6,11,0,13.75,0.0,-13.75
9,7,17,1,21.25,1.25,-20.0
9,8,8,5,10.0,6.25,-3.75
9,9,3,9,3.75,11.25,7.5
9,10,14,8,17.5,10.0,-7.5
9,11,1,11,1.25,13.75,12.5
9,12,0,3,0.0,3.75,3.75
9,13,12,2,15.0,2.5,-12.5
9,14,9,25,11.25,31.25,20.0
9,15,1,7,1.25,8.75,7.5
9,16,15,10,18.75,12.5,-6.25
9,17,0,1,0.0,1.25,1.25
9,18,0,2,0.0,2.5,2.5
9,19,1,2,1.25,2.5,1.25
9,20,7,0,8.75,0.0,-8.75
9,21,2,0,2.5,0.0,-2.5
9,22,13,1,16.25,1.25,-15.0
9,23,3,14,3.75,17.5,13.75
9,24,0,8,0.0,10.0,10.0
9,25,7,1,8.75,1.25,-7.5
9,26,3,5,3.75,6.25,2.5
9,27,3,9,3.75,11.25,7.5
9,28,2,4,2.5,5.0,2.5
9,29,0,5,0.0,6.25,6.25
9,30,0,3,0.0,3.75,3.75
9,31,18,3,22.5,3.75,-18.75
9,32,12,6,15.0,7.5,-7.5
9,33,2,1,2.5,1.25,-1.25
9,34,3,2,3.75,2.5,-1.25
9,35,2,11,2.5,13.75,11.25
9,36,6,0,7.5,0.0,-7.5
9,37,0,6,0.0,7.5,7.5
9,38,1,6,1.25,7.5,6.25
9,39,1,12,1.25,15.0,13.75
9,40,0,15,0.0,18.75,18.75
9,41,13,3,16.25,3.75,-12.5
9,42,10,17,12.5,21.25,8.75
9,43,1,6,1.25,7.5,6.25
9,44,3,0,3.75,0.0,-3.75
9,45,9,2,11.25,2.5,-8.75
9,46,6,9,7.5,11.25,3.75
9,47,5,17,6.25,21.25,15.0
9,48,2,5,2.5,6.25,3.75
9,49,1,4,1.25,5.0,3.75
9,50,6,2,7.5,2.5,-5.0
9,51,7,1,8.75,1.25,-7.5
9,52,1,4,1.25,5.0,3.75
9,53,1,5,1.25,6.25,5.0
9,54,13,5,16.25,6.25,-10.0
9,55,5,8,6.25,10.0,3.75
9,56,1,4,1.25,5.0,3.75
9,57,14,12,17.5,15.0,-2.5
9,58,6,5,7.5,6.25,-1.25
9,59,1,6,1.25,7.5,6.25
9,60,1,1,1.25,1.25,0.0
9,61,5,5,6.25,6.25,0.0
9,62,5,0,6.25,0.0,-6.25
9,63,3,18,3.75,22.5,18.75
9,64,7,6,8.75,7.5,-1.25
9,65,3,0,3.75,0.0,-3.75
9,66,3,0,3.75,0.0,-3.75
9,67,1,6,1.25,7.5,6.25
9,68,6,20,7.5,25.0,17.5
9,69,14,2,17.5,2.5,-15.0
9,70,2,9,2.5,11.25,8.75
9,71,2,11,2.5,13.75,11.25
9,72,10,3,12.5,3.75,-8.75
9,73,2,5,2.5,6.25,3.75
9,74,2,0,2.5,0.0,-2.5
9,75,10,2,12.5,2.5,-10.0
9,76,6,3,7.5,3.75,-3.75
9,77,0,2,0.0,2.5,2.5
9,78,0,14,0.0,17.5,17.5
9,79,1,14,1.25,17.5,16.25
9,80,0,9,0.0,11.25,11.25
9,81,12,4,15.0,5.0,-10.0
9,82,5,15,6.25,18.75,12.5
9,83,2,9,2.5,11.25,8.75
9,84,6,5,7.5,6.25,-1.25
9,85,2,5,2.5,6.25,3.75
9,86,7,13,8.75,16.25,7.5
9,87,4,3,5.0,3.75,-1.25
9,89,7,7,8.75,8.75,0.0
9,90,2,2,2.5,2.5,0.0
9,91,8,2,10.0,2.5,-7.5
9,92,6,2,7.5,2.5,-5.0
9,93,9,7,11.25,8.75,-2.5
9,94,3,11,3.75,13.75,10.0
9,95,4,2,5.0,2.5,-2.5
9,96,5,9,6.25,11.25,5.0
9,97,3,0,3.75,0.0,-3.75
9,98,7,2,8.75,2.5,-6.25
9,99,2,0,2.5,0.0,-2.5
9,100,3,9,3.75,11.25,7.5
9,101,6,1,7.5,1.25,-6.25
9,102,6,2,7.5,2.5,-5.0
9,103,2,1,2.5,1.25,-1.25
9,104,5,3,6.25,3.75,-2.5
9,105,6,8,7.5,10.0,2.5
9,106,3,1,3.75,1.25,-2.5
9,107,2,9,2.5,11.25,8.75
10,0,0,0,0.0,0.0,0.0
10,1,0,0,0.0,0.0,0.0
10,2,0,0,0.0,0.0,0.0
10,3,1,0,1.25,0.0,-1.25
10,4,0,1,0.0,1.25,1.25
10,5,0,1,0.0,1.25,1.25
10,6,0,1,0.0,1.25,1.25
10,7,0,0,0.0,0.0,0.0
10,8,0,1,0.0,1.25,1.25
10,9,2,0,2.5,0.0,-2.5
10,10,0,0,0.0,0.0,0.0
10,11,0,0,0.0,0.0,0.0
10,12,2,0,2.5,0.0,-2.5
10,13,0,0,0.0,0.0,0.0
10,14,0,0,0.0,0.0,0.0
10,15,0,0,0.0,0.0,0.0
10,16,0,0,0.0,0.0,0.0
10,17,0,0,0.0,0.0,0.0
10,18,3,0,3.75,0.0,-3.75
10,19,2,0,2.5,0.0,-2.5
10,20,0,0,0.0,0.0,0.0
10,21,1,0,1.25,0.0,-1.25
10,22,0,2,0.0,2.5,2.5
10,23,0,0,0.0,0.0,0.0
10,24,0,1,0.0,1.25,1.25
10,25,0,0,0.0,0.0,0.0
10,26,0,1,0.0,1.25,1.25
10,27,4,0,5.0,0.0,-5.0
10,28,0,0,0.0,0.0,0.0
10,29,0,0,0.0,0.0,0.0
10,30,0,0,0.0,0.0,0.0
10,31,0,1,0.0,1.25,1.25
10,32,1,0,1.25,0.0,-1.25
10,33,0,0,0.0,0.0,0.0
10,34,0,0,0.0,0.0,0.0
10,35,1,0,1.25,0.0,-1.25
10,36,0,0,0.0,0.0,0.0
10,37,0,0,0.0,0.0,0.0
10,38,0,0,0.0,0.0,0.0
10,39,1,1,1.25,1.25,0.0
10,40,1,0,1.25,0.0,-1.25
10,41,1,0,1.25,0.0,-1.25
10,42,0,0,0.0,0.0,0.0
10,43,0,0,0.0,0.0,0.0
10,44,0,0,0.0,0.0,0.0
10,45,0,0,0.0,0.0,0.0
10,46,0,0,0.0,0.0,0.0
10,47,0,1,0.0,1.25,1.25
10,48,0,1,0.0,1.25,1.25
10,49,0,0,0.0,0.0,0.0
10,50,0,3,0.0,3.75,3.75
10,51,0,0,0.0,0.0,0.0
10,52,0,0,0.0,0.0,0.0
10,53,0,0,0.0,0.0,0.0
10,54,0,0,0.0,0.0,0.0
10,55,0,0,0.0,0.0,0.0
10,56,1,2,1.25,2.5,1.25
10,57,1,1,1.25,1.25,0.0
10,58,0,0,0.0,0.0,0.0
10,59,0,0,0.0,0.0,0.0
10,60,0,0,0.0,0.0,0.0
10,61,0,0,0.0,0.0,0.0
10,62,0,1,0.0,1.25,1.25
10,63,0,0,0.0,0.0,0.0
10,64,0,2,0.0,2.5,2.5
10,65,0,0,0.0,0.0,0.0
10,66,0,1,0.0,1.25,1.25
10,67,0,1,0.0,1.25,1.25
10,68,0,0,0.0,0.0,0.0
10,69,0,0,0.0,0.0,0.0
10,70,0,0,0.0,0.0,0.0
10,71,0,0,0.0,0.0,0.0
10,72,1,1,1.25,1.25,0.0
10,73,0,0,0.0,0.0,0.0
10,74,0,1,0.0,1.25,1.25
10,75,0,1,0.0,1.25,1.25
10,76,0,1,0.0,1.25,1.25
10,77,0,0,0.0,0.0,0.0
10,78,0,1,0.0,1.25,1.25
10,79,1,1,1.25,1.25,0.0
10,80,0,0,0.0,0.0,0.0
10,81,0,0,0.0,0.0,0.0
10,82,0,0,0.0,0.0,0.0
10,83,1,0,1.25,0.0,-1.25
10,84,1,1,1.25,1.25,0.0
10,85,1,0,1.25,0.0,-1.25
10,86,0,0,0.0,0.0,0.0
10,87,0,0,0.0,0.0,0.0
10,89,0,1,0.0,1.25,1.25
10,90,0,1,0.0,1.25,1.25
10,91,0,0,0.0,0.0,0.0
10,92,0,0,0.0,0.0,0.0
10,93,1,0,1.25,0.0,-1.25
10,94,0,1,0.0,1.25,1.25
10,95,0,0,0.0,0.0,0.0
10,96,0,1,0.0,1.25,1.25
10,97,0,0,0.0,0.0,0.0
10,98,1,0,1.25,0.0,-1.25
10,99,0,0,0.0,0.0,0.0
10,100,0,0,0.0,0.0,0.0
10,101,2,1,2.5,1.25,-1.25
10,102,1,0,1.25,0.0,-1.25
10,103,1,1,1.25,1.25,0.0
10,104,1,2,1.25,2.5,1.25
10,105,0,0,0.0,0.0,0.0
10,106,2,0,2.5,0.0,-2.5
10,107,1,0,1.25,0.0,-1.25
11,0,0,0,0.0,0.0,0.0
11,1,0,0,0.0,0.0,0.0
11,2,0,0,0.0,0.0,0.0
11,3,0,0,0.0,0.0,0.0
11,4,0,0,0.0,0.0,0.0
11,5,0,0,0.0,0.0,0.0
11,6,0,0,0.0,0.0,0.0
11,7,0,0,0.0,0.0,0.0
11,8,0,0,0.0,0.0,0.0
11,9,0,0,0.0,0.0,0.0
11,10,0,0,0.0,0.0,0.0
11,11,0,0,0.0,0.0,0.0
11,12,0,0,0.0,0.0,0.0
11,13,0,0,0.0,0.0,0.0
11,14,0,1,0.0,1.25,1.25
11,15,0,0,0.0,0.0,0.0
11,16,1,0,1.25,0.0,-1.25
11,17,0,0,0.0,0.0,0.0
11,18,0,0,0.0,0.0,0.0
11,19,0,0,0.0,0.0,0.0
11,20,0,0,0.0,0.0,0.0
11,21,0,0,0.0,0.0,0.0
11,22,0,0,0.0,0.0,0.0
11,23,0,0,0.0,0.0,0.0
11,24,0,1,0.0,1.25,1.25
11,25,0,0,0.0,0.0,0.0
11,26,0,0,0.0,0.0,0.0
11,27,0,1,0.0,1.25,1.25
11,28,1,0,1.25,0.0,-1.25
11,29,0,2,0.0,2.5,2.5
11,30,0,0,0.0,0.0,0.0
11,31,0,0,0.0,0.0,0.0
11,32,0,0,0.0,0.0,0.0
11,33,0,0,0.0,0.0,0.0
11,34,1,0,1.25,0.0,-1.25
11,35,0,0,0.0,0.0,0.0
11,36,0,0,0.0,0.0,0.0
11,37,0,0,0.0,0.0,0.0
11,38,0,0,0.0,0.0,0.0
11,39,0,0,0.0,0.0,0.0
11,40,0,0,0.0,0.0,0.0
11,41,0,0,0.0,0.0,0.0
11,42,0,1,0.0,1.25,1.25
11,43,0,0,0.0,0.0,0.0
11,44,0,0,0.0,0.0,0.0
11,45,0,0,0.0,0.0,0.0
11,46,0,0,0.0,0.0,0.0
11,47,0,0,0.0,0.0,0.0
11,48,0,0,0.0,0.0,0.0
11,49,0,0,0.0,0.0,0.0
11,50,1,0,1.25,0.0,-1.25
11,51,0,0,0.0,0.0,0.0
11,52,0,0,0.0,0.0,0.0
11,53,0,0,0.0,0.0,0.0
11,54,0,0,0.0,0.0,0.0
11,55,0,0,0.0,0.0,0.0
11,56,0,0,0.0,0.0,0.0
11,57,0,0,0.0,0.0,0.0
11,58,0,0,0.0,0.0,0.0
11,59,0,0,0.0,0.0,0.0
11,60,0,0,0.0,0.0,0.0
11,61,0,0,0.0,0.0,0.0
11,62,0,0,0.0,0.0,0.0
11,63,0,0,0.0,0.0,0.0
11,64,0,1,0.0,1.25,1.25
11,65,0,0,0.0,0.0,0.0
11,66,0,0,0.0,0.0,0.0
11,67,0,0,0.0,0.0,0.0
11,68,0,1,0.0,1.25,1.25
11,69,0,1,0.0,1.25,1.25
11,70,0,0,0.0,0.0,0.0
11,71,0,1,0.0,1.25,1.25
11,72,0,0,0.0,0.0,0.0
11,73,0,0,0.0,0.0,0.0
11,74,0,0,0.0,0.0,0.0
11,75,0,0,0.0,0.0,0.0
11,76,0,0,0.0,0.0,0.0
11,77,0,0,0.0,0.0,0.0
11,78,0,1,0.0,1.25,1.25
11,79,0,2,0.0,2.5,2.5
11,80,0,1,0.0,1.25,1.25
11,81,0,0,0.0,0.0,0.0
11,82,0,0,0.0,0.0,0.0
11,83,1,0,1.25,0.0,-1.25
11,84,0,0,0.0,0.0,0.0
11,85,0,1,0.0,1.25,1.25
11,86,0,0,0.0,0.0,0.0
11,87,0,0,0.0,0.0,0.0
11,89,0,1,0.0,1.25,1.25
11,90,0,0,0.0,0.0,0.0
11,91,0,0,0.0,0.0,0.0
11,92,0,0,0.0,0.0,0.0
11,93,0,0,0.0,0.0,0.0
11,94,0,0,0.0,0.0,0.0
11,95,0,0,0.0,0.0,0.0
11,96,0,0,0.0,0.0,0.0
11,97,0,0,0.0,0.0,0.0
11,98,0,0,0.0,0.0,0.0
11,99,0,0,0.0,0.0,0.0
11,100,0,0,0.0,0.0,0.0
11,101,1,0,1.25,0.0,-1.25
11,102,0,0,0.0,0.0,0.0
11,103,0,0,0.0,0.0,0.0
11,104,0,0,0.0,0.0,0.0
11,105,0,0,0.0,0.0,0.0
11,106,0,0,0.0,0.0,0.0
11,107,0,0,0.0,0.0,0.0
12,0,0,1,0.0,1.25,1.25
12,1,1,0,1.25,0.0,-1.25
12,2,1,1,1.25,1.25,0.0
12,3,0,0,0.0,0.0,0.0
12,4,2,0,2.5,0.0,-2.5
12,5,0,1,0.0,1.25,1.25
12,6,1,0,1.25,0.0,-1.25
12,7,2,0,2.5,0.0,-2.5
12,8,0,0,0.0,0.0,0.0
12,9,0,1,0.0,1.25,1.25
12,10,2,0,2.5,0.0,-2.5
12,11,0,0,0.0,0.0,0.0
12,12,0,2,0.0,2.5,2.5
12,13,1,0,1.25,0.0,-1.25
12,14,1,1,1.25,1.25,0.0
12,15,2,0,2.5,0.0,-2.5
12,16,2,1,2.5,1.25,-1.25
12,17,0,1,0.0,1.25,1.25
12,18,0,0,0.0,0.0,0.0
12,19,1,0,1.25,0.0,-1.25
12,20,0,1,0.0,1.25,1.25
12,21,2,1,2.5,1.25,-1.25
12,22,1,0,1.25,0.0,-1.25
12,23,0,1,0.0,1.25,1.25
12,24,1,0,1.25,0.0,-1.25
12,25,1,1,1.25,1.25,0.0
12,26,1,0,1.25,0.0,-1.25
12,27,0,0,0.0,0.0,0.0
12,28,1,0,1.25,0.0,-1.25
12,29,0,0,0.0,0.0,0.0
12,30,0,0,0.0,0.0,0.0
12,31,0,0,0.0,0.0,0.0
12,32,1,1,1.25,1.25,0.0
12,33,1,0,1.25,0.0,-1.25
12,34,2,0,2.5,0.0,-2.5
12,35,0,0,0.0,0.0,0.0
12,36,1,0,1.25,0.0,-1.25
12,37,0,1,0.0,1.25,1.25
12,38,0,1,0.0,1.25,1.25
12,39,0,1,0.0,1.25,1.25
12,40,1,1,1.25,1.25,0.0
12,41,0,1,0.0,1.25,1.25
12,42,2,2,2.5,2.5,0.0
12,43,0,1,0.0,1.25,1.25
12,44,0,1,0.0,1.25,1.25
12,45,1,3,1.25,3.75,2.5
12,46,1,0,1.25,0.0,-1.25
12,47,1,1,1.25,1.25,0.0
12,48,0,1,0.0,1.25,1.25
12,49,0,1,0.0,1.25,1.25
12,50,1,1,1.25,1.25,0.0
12,51,1,0,1.25,0.0,-1.25
12,52,0,0,0.0,0.0,0.0
12,53,0,1,0.0,1.25,1.25
12,54,2,1,2.5,1.25,-1.25
12,55,0,0,0.0,0.0,0.0
12,56,0,1,0.0,1.25,1.25
12,57,2,0,2.5,0.0,-2.5
12,58,0,0,0.0,0.0,0.0
12,59,2,0,2.5,0.0,-2.5
12,60,0,2,0.0,2.5,2.5
12,61,1,1,1.25,1.25,0.0
12,62,0,0,0.0,0.0,0.0
12,63,1,0,1.25,0.0,-1.25
12,64,0,1,0.0,1.25,1.25
12,65,3,1,3.75,1.25,-2.5
12,66,0,1,0.0,1.25,1.25
12,67,0,0,0.0,0.0,0.0
12,68,0,0,0.0,0.0,0.0
12,69,0,1,0.0,1.25,1.25
12,70,0,0,0.0,0.0,0.0
12,71,0,0,0.0,0.0,0.0
12,72,0,0,0.0,0.0,0.0
12,73,0,0,0.0,0.0,0.0
12,74,0,0,0.0,0.0,0.0
12,75,0,1,0.0,1.25,1.25
12,76,1,0,1.25,0.0,-1.25
12,77,0,0,0.0,0.0,0.0
12,78,0,0,0.0,0.0,0.0
12,79,0,1,0.0,1.25,1.25
12,80,2,1,2.5,1.25,-1.25
12,81,1,0,1.25,0.0,-1.25
12,82,2,0,2.5,0.0,-2.5
12,83,0,0,0.0,0.0,0.0
12,84,1,0,1.25,0.0,-1.25
12,85,0,1,0.0,1.25,1.25
12,86,0,0,0.0,0.0,0.0
12,87,0,2,0.0,2.5,2.5
12,89,0,0,0.0,0.0,0.0
12,90,1,0,1.25,0.0,-1.25
12,91,3,0,3.75,0.0,-3.75
12,92,1,0,1.25,0.0,-1.25
12,93,1,0,1.25,0.0,-1.25
12,94,1,0,1.25,0.0,-1.25
12,95,0,2,0.0,2.5,2.5
12,96,1,0,1.25,0.0,-1.25
12,97,1,1,1.25,1.25,0.0
12,98,1,0,1.25,0.0,-1.25
12,99,0,0,0.0,0.0,0.0
12,100,0,1,0.0,1.25,1.25
12,101,0,0,0.0,0.0,0.0
12,102,3,1,3.75,1.25,-2.5
12,103,1,2,1.25,2.5,1.25
12,104,1,0,1.25,0.0,-1.25
12,105,2,1,2.5,1.25,-1.25
12,106,1,0,1.25,0.0,-1.25
12,107,0,1,0.0,1.25,1.25
13,0,0,0,0.0,0.0,0.0
13,1,0,0,0.0,0.0,0.0
13,2,0,0,0.0,0.0,0.0
13,3,0,0,0.0,0.0,0.0
13,4,0,0,0.0,0.0,0.0
13,5,0,0,0.0,0.0,0.0
13,6,0,0,0.0,0.0,0.0
13,7,0,0,0.0,0.0,0.0
13,8,0,0,0.0,0.0,0.0
13,9,0,0,0.0,0.0,0.0
13,10,0,0,0.0,0.0,0.0
13,11,0,0,0.0,0.0,0.0
13,12,0,0,0.0,0.0,0.0
13,13,0,0,0.0,0.0,0.0
13,14,0,0,0.0,0.0,0.0
13,15,1,0,1.25,0.0,-1.25
13,16,0,0,0.0,0.0,0.0
13,17,0,0,0.0,0.0,0.0
13,18,0,0,0.0,0.0,0.0
13,19,0,0,0.0,0.0,0.0
13,20,0,0,0.0,0.0,0.0
13,21,0,0,0.0,0.0,0.0
13,22,0,0,0.0,0.0,0.0
13,23,0,0,0.0,0.0,0.0
13,24,0,0,0.0,0.0,0.0
13,25,0,0,0.0,0.0,0.0
13,26,0,1,0.0,1.25,1.25
13,27,0,0,0.0,0.0,0.0
13,28,0,0,0.0,0.0,0.0
13,29,0,0,0.0,0.0,0.0
13,30,0,0,0.0,0.0,0.0
13,31,2,0,2.5,0.0,-2.5
13,32,1,0,1.25,0.0,-1.25
13,33,0,0,0.0,0.0,0.0
13,34,0,0,0.0,0.0,0.0
13,35,0,0,0.0,0.0,0.0
13,36,0,0,0.0,0.0,0.0
13,37,1,0,1.25,0.0,-1.25
13,38,0,0,0.0,0.0,0.0
13,39,0,0,0.0,0.0,0.0
13,40,0,0,0.0,0.0,0.0
13,41,0,0,0.0,0.0,0.0
13,42,0,0,0.0,0.0,0.0
13,43,1,0,1.25,0.0,-1.25
13,44,0,1,0.0,1.25,1.25
13,45,0,0,0.0,0.0,0.0
13,46,0,0,0.0,0.0,0.0
13,47,0,0,0.0,0.0,0.0
13,48,0,0,0.0,0.0,0.0
13,49,0,0,0.0,0.0,0.0
13,50,0,0,0.0,0.0,0.0
13,51,0,0,0.0,0.0,0.0
13,52,1,0,1.25,0.0,-1.25
13,53,1,0,1.25,0.0,-1.25
13,54,0,0,0.0,0.0,0.0
13,55,0,0,0.0,0.0,0.0
13,56,0,0,0.0,0.0,0.0
13,57,0,0,0.0,0.0,0.0
13,58,0,0,0.0,0.0,0.0
13,59,0,0,0.0,0.0,0.0
13,60,0,1,0.0,1.25,1.25
13,61,0,1,0.0,1.25,1.25
13,62,0,0,0.0,0.0,0.0
13,63,0,1,0.0,1.25,1.25
13,64,0,1,0.0,1.25,1.25
13,65,0,0,0.0,0.0,0.0
13,66,0,0,0.0,0.0,0.0
13,67,1,0,1.25,0.0,-1.25
13,68,0,0,0.0,0.0,0.0
13,69,0,0,0.0,0.0,0.0
13,70,0,0,0.0,0.0,0.0
13,71,0,0,0.0,0.0,0.0
13,72,0,0,0.0,0.0,0.0
13,73,0,0,0.0,0.0,0.0
13,74,0,0,0.0,0.0,0.0
13,75,0,0,0.0,0.0,0.0
13,76,0,0,0.0,0.0,0.0
13,77,0,0,0.0,0.0,0.0
13,78,0,0,0.0,0.0,0.0
13,79,0,0,0.0,0.0,0.0
13,80,0,0,0.0,0.0,0.0
13,81,0,0,0.0,0.0,0.0
13,82,0,0,0.0,0.0,0.0
13,83,0,1,0.0,1.25,1.25
13,84,1,0,1.25,0.0,-1.25
13,85,2,3,2.5,3.75,1.25
13,86,0,0,0.0,0.0,0.0
13,87,0,0,0.0,0.0,0.0
13,89,0,1,0.0,1.25,1.25
13,90,0,0,0.0,0.0,0.0
13,91,0,0,0.0,0.0,0.0
13,92,0,1,0.0,1.25,1.25
13,93,0,0,0.0,0.0,0.0
13,94,0,0,0.0,0.0,0.0
13,95,0,1,0.0,1.25,1.25
13,96,0,0,0.0,0.0,0.0
13,97,0,0,0.0,0.0,0.0
13,98,0,0,0.0,0.0,0.0
13,99,0,0,0.0,0.0,0.0
13,100,0,0,0.0,0.0,0.0
13,101,0,0,0.0,0.0,0.0
13,102,0,0,0.0,0.0,0.0
13,103,0,0,0.0,0.0,0.0
13,104,0,0,0.0,0.0,0.0
13,105,0,0,0.0,0.0,0.0
13,106,0,0,0.0,0.0,0.0
13,107,0,0,0.0,0.0,0.0
14,0,0,0,0.0,0.0,0.0
14,1,0,0,0.0,0.0,0.0
14,2,0,0,0.0,0.0,0.0
14,3,0,0,0.0,0.0,0.0
14,4,0,0,0.0,0.0,0.0
14,5,0,0,0.0,0.0,0.0
14,6,0,0,0.0,0.0,0.0
14,7,0,0,0.0,0.0,0.0
14,8,0,0,0.0,0.0,0.0
14,9,0,0,0.0,0.0,0.0
14,10,0,0,0.0,0.0,0.0
14,11,0,0,0.0,0.0,0.0
14,12,0,2,0.0,2.5,2.5
14,13,0,0,0.0,0.0,0.0
14,14,0,0,0.0,0.0,0.0
14,15,0,0,0.0,0.0,0.0
14,16,0,0,0.0,0.0,0.0
14,17,0,0,0.0,0.0,0.0
14,18,0,0,0.0,0.0,0.0
14,19,0,0,0.0,0.0,0.0
14,20,0,0,0.0,0.0,0.0
14,21,0,0,0.0,0.0,0.0
14,22,0,2,0.0,2.5,2.5
14,23,2,0,2.5,0.0,-2.5
14,24,0,0,0.0,0.0,0.0
14,25,0,0,0.0,0.0,0.0
14,26,0,1,0.0,1.25,1.25
14,27,0,0,0.0,0.0,0.0
14,28,0,0,0.0,0.0,0.0
14,29,0,0,0.0,0.0,0.0
14,30,0,0,0.0,0.0,0.0
14,31,1,0,1.25,0.0,-1.25
14,32,0,0,0.0,0.0,0.0
14,33,0,0,0.0,0.0,0.0
14,34,1,0,1.25,0.0,-1.25
14,35,0,0,0.0,0.0,0.0
14,36,0,0,0.0,0.0,0.0
14,37,0,0,0.0,0.0,0.0
14,38,0,0,0.0,0.0,0.0
14,39,0,0,0.0,0.0,0.0
14,40,0,0,0.0,0.0,0.0
14,41,0,0,0.0,0.0,0.0
14,42,0,0,0.0,0.0,0.0
14,43,0,0,0.0,0.0,0.0
14,44,0,0,0.0,0.0,0.0
14,45,1,0,1.25,0.0,-1.25
14,46,0,0,0.0,0.0,0.0
14,47,0,0,0.0,0.0,0.0
14,48,0,0,0.0,0.0,0.0
14,49,0,0,0.0,0.0,0.0
14,50,0,0,0.0,0.0,0.0
14,51,0,0,0.0,0.0,0.0
14,52,0,0,0.0,0.0,0.0
14,53,1,1,1.25,1.25,0.0
14,54,0,0,0.0,0.0,0.0
14,55,0,0,0.0,0.0,0.0
14,56,2,0,2.5,0.0,-2.5
14,57,0,0,0.0,0.0,0.0
14,58,0,0,0.0,0.0,0.0
14,59,0,0,0.0,0.0,0.0
14,60,0,0,0.0,0.0,0.0
14,61,0,0,0.0,0.0,0.0
14,62,1,0,1.25,0.0,-1.25
14,63,0,0,0.0,0.0,0.0
14,64,0,0,0.0,0.0,0.0
14,65,0,0,0.0,0.0,0.0
14,66,2,0,2.5,0.0,-2.5
14,67,0,0,0.0,0.0,0.0
14,68,0,0,0.0,0.0,0.0
14,69,0,0,0.0,0.0,0.0
14,70,0,0,0.0,0.0,0.0
14,71,0,0,0.0,0.0,0.0
14,72,2,0,2.5,0.0,-2.5
14,73,0,0,0.0,0.0,0.0
14,74,0,0,0.0,0.0,0.0
14,75,0,0,0.0,0.0,0.0
14,76,0,1,0.0,1.25,1.25
14,77,0,0,0.0,0.0,0.0
14,78,0,0,0.0,0.0,0.0
14,79,3,0,3.75,0.0,-3.75
14,80,0,0,0.0,0.0,0.0
14,81,0,0,0.0,0.0,0.0
14,82,0,0,0.0,0.0,0.0
14,83,0,0,0.0,0.0,0.0
14,84,0,0,0.0,0.0,0.0
14,85,0,0,0.0,0.0,0.0
14,86,0,0,0.0,0.0,0.0
14,87,0,0,0.0,0.0,0.0
14,89,0,0,0.0,0.0,0.0
14,90,0,0,0.0,0.0,0.0
14,91,0,1,0.0,1.25,1.25
14,92,0,0,0.0,0.0,0.0
14,93,0,0,0.0,0.0,0.0
14,94,2,3,2.5,3.75,1.25
14,95,1,0,1.25,0.0,-1.25
14,96,0,0,0.0,0.0,0.0
14,97,1,1,1.25,1.25,0.0
14,98,0,0,0.0,0.0,0.0
14,99,0,0,0.0,0.0,0.0
14,100,1,0,1.25,0.0,-1.25
14,101,0,0,0.0,0.0,0.0
14,102,0,0,0.0,0.0,0.0
14,103,0,0,0.0,0.0,0.0
14,104,0,0,0.0,0.0,0.0
14,105,0,0,0.0,0.0,0.0
14,106,0,0,0.0,0.0,0.0
14,107,0,0,0.0,0.0,0.0
15,0,0,0,0.0,0.0,0.0
15,1,0,0,0.0,0.0,0.0
15,2,0,0,0.0,0.0,0.0
15,3,1,0,1.25,0.0,-1.25
15,4,0,0,0.0,0.0,0.0
15,5,0,0,0.0,0.0,0.0
15,6,0,0,0.0,0.0,0.0
15,7,0,0,0.0,0.0,0.0
15,8,0,0,0.0,0.0,0.0
15,9,0,1,0.0,1.25,1.25
15,10,0,0,0.0,0.0,0.0
15,11,0,0,0.0,0.0,0.0
15,12,1,0,1.25,0.0,-1.25
15,13,0,0,0.0,0.0,0.0
15,14,0,0,0.0,0.0,0.0
15,15,0,1,0.0,1.25,1.25
15,16,0,0,0.0,0.0,0.0
15,17,1,0,1.25,0.0,-1.25
15,18,0,1,0.0,1.25,1.25
15,19,0,0,0.0,0.0,0.0
15,20,0,0,0.0,0.0,0.0
15,21,0,0,0.0,0.0,0.0
15,22,0,1,0.0,1.25,1.25
15,23,1,0,1.25,0.0,-1.25
15,24,0,1,0.0,1.25,1.25
15,25,0,0,0.0,0.0,0.0
15,26,0,0,0.0,0.0,0.0
15,27,0,0,0.0,0.0,0.0
15,28,0,0,0.0,0.0,0.0
15,29,0,0,0.0,0.0,0.0
15,30,0,0,0.0,0.0,0.0
15,31,0,0,0.0,0.0,0.0
15,32,0,0,0.0,0.0,0.0
15,33,0,0,0.0,0.0,0.0
15,34,0,0,0.0,0.0,0.0
15,35,0,0,0.0,0.0,0.0
15,36,0,0,0.0,0.0,0.0
15,37,0,0,0.0,0.0,0.0
15,38,0,0,0.0,0.0,0.0
15,39,0,0,0.0,0.0,0.0
15,40,0,0,0.0,0.0,0.0
15,41,0,0,0.0,0.0,0.0
15,42,0,0,0.0,0.0,0.0
15,43,0,0,0.0,0.0,0.0
15,44,0,0,0.0,0.0,0.0
15,45,0,0,0.0,0.0,0.0
15,46,0,0,0.0,0.0,0.0
15,47,0,0,0.0,0.0,0.0
15,48,0,0,0.0,0.0,0.0
15,49,0,0,0.0,0.0,0.0
15,50,0,0,0.0,0.0,0.0
15,51,0,0,0.0,0.0,0.0
15,52,0,0,0.0,0.0,0.0
15,53,0,0,0.0,0.0,0.0
15,54,1,0,1.25,0.0,-1.25
15,55,0,0,0.0,0.0,0.0
15,56,0,0,0.0,0.0,0.0
15,57,0,0,0.0,0.0,0.0
15,58,0,0,0.0,0.0,0.0
15,59,0,0,0.0,0.0,0.0
15,60,0,0,0.0,0.0,0.0
15,61,1,0,1.25,0.0,-1.25
15,62,0,0,0.0,0.0,0.0
15,63,0,1,0.0,1.25,1.25
15,64,0,0,0.0,0.0,0.0
15,65,0,0,0.0,0.0,0.0
15,66,0,0,0.0,0.0,0.0
15,67,0,0,0.0,0.0,0.0
15,68,0,0,0.0,0.0,0.0
15,69,0,0,0.0,0.0,0.0
15,70,0,0,0.0,0.0,0.0
15,71,0,0,0.0,0.0,0.0
15,72,0,0,0.0,0.0,0.0
15,73,0,0,0.0,0.0,0.0
15,74,0,0,0.0,0.0,0.0
15,75,0,0,0.0,0.0,0.0
15,76,0,0,0.0,0.0,0.0
15,77,0,0,0.0,0.0,0.0
15,78,0,0,0.0,0.0,0.0
15,79,0,0,0.0,0.0,0.0
15,80,0,0,0.0,0.0,0.0
15,81,0,0,0.0,0.0,0.0
15,82,0,0,0.0,0.0,0.0
15,83,0,0,0.0,0.0,0.0
15,84,0,1,0.0,1.25,1.25
15,85,0,0,0.0,0.0,0.0
15,86,0,0,0.0,0.0,0.0
15,87,0,0,0.0,0.0,0.0
15,89,0,1,0.0,1.25,1.25
15,90,0,1,0.0,1.25,1.25
15,91,0,1,0.0,1.25,1.25
15,92,0,0,0.0,0.0,0.0
15,93,0,0,0.0,0.0,0.0
15,94,0,0,0.0,0.0,0.0
15,95,0,0,0.0,0.0,0.0
15,96,0,1,0.0,1.25,1.25
15,97,0,0,0.0,0.0,0.0
15,98,0,0,0.0,0.0,0.0
15,99,0,0,0.0,0.0,0.0
15,100,0,0,0.0,0.0,0.0
15,101,0,0,0.0,0.0,0.0
15,102,0,1,0.0,1.25,1.25
15,103,0,0,0.0,0.0,0.0
15,104,0,0,0.0,0.0,0.0
15,105,0,0,0.0,0.0,0.0
15,106,0,0,0.0,0.0,0.0
15,107,0,0,0.0,0.0,0.0
16,0,0,0,0.0,0.0,0.0
16,1,1,2,1.25,2.5,1.25
16,2,0,0,0.0,0.0,0.0
16,3,0,1,0.0,1.25,1.25
16,4,1,2,1.25,2.5,1.25
16,5,2,1,2.5,1.25,-1.25
16,6,4,0,5.0,0.0,-5.0
16,7,0,0,0.0,0.0,0.0
16,8,0,1,0.0,1.25,1.25
16,9,0,0,0.0,0.0,0.0
16,10,0,0,0.0,0.0,0.0
16,11,0,0,0.0,0.0,0.0
16,12,1,2,1.25,2.5,1.25
16,13,0,0,0.0,0.0,0.0
16,14,2,3,2.5,3.75,1.25
16,15,3,1,3.75,1.25,-2.5
16,16,0,1,0.0,1.25,1.25
16,17,2,0,2.5,0.0,-2.5
16,18,1,0,1.25,0.0,-1.25
16,19,2,1,2.5,1.25,-1.25
16,20,0,0,0.0,0.0,0.0
16,21,0,0,0.0,0.0,0.0
16,22,0,0,0.0,0.0,0.0
16,23,0,0,0.0,0.0,0.0
16,24,1,2,1.25,2.5,1.25
16,25,1,1,1.25,1.25,0.0
16,26,0,0,0.0,0.0,0.0
16,27,0,1,0.0,1.25,1.25
16,28,0,0,0.0,0.0,0.0
16,29,0,0,0.0,0.0,0.0
16,30,0,1,0.0,1.25,1.25
16,31,2,1,2.5,1.25,-1.25
16,32,0,1,0.0,1.25,1.25
16,33,1,2,1.25,2.5,1.25
16,34,0,0,0.0,0.0,0.0
16,35,0,2,0.0,2.5,2.5
16,36,1,0,1.25,0.0,-1.25
16,37,1,0,1.25,0.0,-1.25
16,38,0,0,0.0,0.0,0.0
16,39,1,0,1.25,0.0,-1.25
16,40,1,2,1.25,2.5,1.25
16,41,1,0,1.25,0.0,-1.25
16,42,1,0,1.25,0.0,-1.25
16,43,0,0,0.0,0.0,0.0
16,44,1,1,1.25,1.25,0.0
16,45,0,0,0.0,0.0,0.0
16,46,2,2,2.5,2.5,0.0
16,47,1,0,1.25,0.0,-1.25
16,48,2,1,2.5,1.25,-1.25
16,49,1,1,1.25,1.25,0.0
16,50,0,0,0.0,0.0,0.0
16,51,0,0,0.0,0.0,0.0
16,52,1,0,1.25,0.0,-1.25
16,53,0,1,0.0,1.25,1.25
16,54,0,2,0.0,2.5,2.5
16,55,0,0,0.0,0.0,0.0
16,56,1,0,1.25,0.0,-1.25
16,57,1,1,1.25,1.25,0.0
16,58,2,2,2.5,2.5,0.0
16,59,1,0,1.25,0.0,-1.25
16,60,1,1,1.25,1.25,0.0
16,61,1,2,1.25,2.5,1.25
16,62,0,0,0.0,0.0,0.0
16,63,2,0,2.5,0.0,-2.5
16,64,1,0,1.25,0.0,-1.25
16,65,1,1,1.25,1.25,0.0
16,66,0,0,0.0,0.0,0.0
16,67,1,0,1.25,0.0,-1.25
16,68,1,1,1.25,1.25,0.0
16,69,1,1,1.25,1.25,0.0
16,70,1,1,1.25,1.25,0.0
16,71,1,1,1.25,1.25,0.0
16,72,1,1,1.25,1.25,0.0
16,73,2,1,2.5,1.25,-1.25
16,74,0,1,0.0,1.25,1.25
16,75,1,0,1.25,0.0,-1.25
16,76,0,0,0.0,0.0,0.0
16,77,0,1,0.0,1.25,1.25
16,78,0,2,0.0,2.5,2.5
16,79,1,2,1.25,2.5,1.25
16,80,4,2,5.0,2.5,-2.5
16,81,1,0,1.25,0.0,-1.25
16,82,2,0,2.5,0.0,-2.5
16,83,0,1,0.0,1.25,1.25
16,84,0,0,0.0,0.0,0.0
16,85,1,2,1.25,2.5,1.25
16,86,2,1,2.5,1.25,-1.25
16,87,0,0,0.0,0.0,0.0
16,89,0,3,0.0,3.75,3.75
16,90,0,2,0.0,2.5,2.5
16,91,3,1,3.75,1.25,-2.5
16,92,0,0,0.0,0.0,0.0
16,93,1,1,1.25,1.25,0.0
16,94,0,0,0.0,0.0,0.0
16,95,2,0,2.5,0.0,-2.5
16,96,1,0,1.25,0.0,-1.25
16,97,1,1,1.25,1.25,0.0
16,98,0,0,0.0,0.0,0.0
16,99,0,1,0.0,1.25,1.25
16,100,0,0,0.0,0.0,0.0
16,101,0,1,0.0,1.25,1.25
16,102,1,1,1.25,1.25,0.0
16,103,2,0,2.5,0.0,-2.5
16,104,0,0,0.0,0.0,0.0
16,105,0,2,0.0,2.5,2.5
16,106,1,1,1.25,1.25,0.0
16,107,1,3,1.25,3.75,2.5
17,0,1,0,1.25,0.0,-1.25
17,1,1,0,1.25,0.0,-1.25
17,2,0,1,0.0,1.25,1.25
17,3,1,3,1.25,3.75,2.5
17,4,1,0,1.25,0.0,-1.25
17,5,0,2,0.0,2.5,2.5
17,6,0,0,0.0,0.0,0.0
17,7,0,1,0.0,1.25,1.25
17,8,1,5,1.25,6.25,5.0
17,9,1,0,1.25,0.0,-1.25
17,10,0,0,0.0,0.0,0.0
17,11,2,0,2.5,0.0,-2.5
17,12,3,1,3.75,1.25,-2.5
17,13,0,0,0.0,0.0,0.0
17,14,0,0,0.0,0.0,0.0
17,15,0,1,0.0,1.25,1.25
17,16,2,1,2.5,1.25,-1.25
17,17,1,0,1.25,0.0,-1.25
17,18,0,0,0.0,0.0,0.0
17,19,1,0,1.25,0.0,-1.25
17,20,0,0,0.0,0.0,0.0
17,21,1,0,1.25,0.0,-1.25
17,22,4,1,5.0,1.25,-3.75
17,23,1,2,1.25,2.5,1.25
17,24,0,0,0.0,0.0,0.0
17,25,0,1,0.0,1.25,1.25
17,26,1,2,1.25,2.5,1.25
17,27,2,0,2.5,0.0,-2.5
17,28,0,0,0.0,0.0,0.0
17,29,2,1,2.5,1.25,-1.25
17,30,0,1,0.0,1.25,1.25
17,31,1,0,1.25,0.0,-1.25
17,32,0,1,0.0,1.25,1.25
17,33,2,0,2.5,0.0,-2.5
17,34,4,0,5.0,0.0,-5.0
17,35,1,0,1.25,0.0,-1.25
17,36,1,0,1.25,0.0,-1.25
17,37,1,1,1.25,1.25,0.0
17,38,0,0,0.0,0.0,0.0
17,39,1,0,1.25,0.0,-1.25
17,40,0,0,0.0,0.0,0.0
17,41,0,0,0.0,0.0,0.0
17,42,0,0,0.0,0.0,0.0
17,43,0,1,0.0,1.25,1.25
17,44,0,1,0.0,1.25,1.25
17,45,1,2,1.25,2.5,1.25
17,46,1,1,1.25,1.25,0.0
17,47,0,0,0.0,0.0,0.0
17,48,0,1,0.0,1.25,1.25
17,49,2,2,2.5,2.5,0.0
17,50,2,0,2.5,0.0,-2.5
17,51,1,0,1.25,0.0,-1.25
17,52,1,0,1.25,0.0,-1.25
17,53,0,1,0.0,1.25,1.25
17,54,2,2,2.5,2.5,0.0
17,55,2,0,2.5,0.0,-2.5
17,56,2,2,2.5,2.5,0.0
17,57,1,2,1.25,2.5,1.25
17,58,1,0,1.25,0.0,-1.25
17,59,1,0,1.25,0.0,-1.25
17,60,0,1,0.0,1.25,1.25
17,61,1,2,1.25,2.5,1.25
17,62,2,0,2.5,0.0,-2.5
17,63,0,0,0.0,0.0,0.0
17,64,2,0,2.5,0.0,-2.5
17,65,0,1,0.0,1.25,1.25
17,66,0,1,0.0,1.25,1.25
17,67,1,0,1.25,0.0,-1.25
17,68,0,2,0.0,2.5,2.5
17,69,0,0,0.0,0.0,0.0
17,70,1,0,1.25,0.0,-1.25
17,71,0,0,0.0,0.0,0.0
17,72,2,0,2.5,0.0,-2.5
17,73,0,1,0.0,1.25,1.25
17,74,0,0,0.0,0.0,0.0
17,75,0,1,0.0,1.25,1.25
17,76,0,0,0.0,0.0,0.0
17,77,1,1,1.25,1.25,0.0
17,78,0,2,0.0,2.5,2.5
17,79,2,2,2.5,2.5,0.0
17,80,0,1,0.0,1.25,1.25
17,81,1,0,1.25,0.0,-1.25
17,82,0,1,0.0,1.25,1.25
17,83,1,1,1.25,1.25,0.0
17,84,0,0,0.0,0.0,0.0
17,85,1,4,1.25,5.0,3.75
17,86,2,1,2.5,1.25,-1.25
17,87,1,1,1.25,1.25,0.0
17,89,0,0,0.0,0.0,0.0
17,90,0,2,0.0,2.5,2.5
17,91,0,1,0.0,1.25,1.25
17,92,1,0,1.25,0.0,-1.25
17,93,0,1,0.0,1.25,1.25
17,94,3,2,3.75,2.5,-1.25
17,95,0,0,0.0,0.0,0.0
17,96,0,0,0.0,0.0,0.0
17,97,1,2,1.25,2.5,1.25
17,98,0,3,0.0,3.75,3.75
17,99,1,2,1.25,2.5,1.25
17,100,0,2,0.0,2.5,2.5
17,101,2,0,2.5,0.0,-2.5
17,102,0,0,0.0,0.0,0.0
17,103,0,1,0.0,1.25,1.25
17,104,0,0,0.0,0.0,0.0
17,105,2,0,2.5,0.0,-2.5
17,106,1,0,1.25,0.0,-1.25
17,107,1,1,1.25,1.25,0.0
18,0,5,5,6.25,6.25,0.0
18,1,3,2,3.75,2.5,-1.25
18,2,4,7,5.0,8.75,3.75
18,3,0,0,0.0,0.0,0.0
18,4,2,5,2.5,6.25,3.75
18,5,6,6,7.5,7.5,0.0
18,6,2,12,2.5,15.0,12.5
18,7,12,4,15.0,5.0,-10.0
18,8,4,2,5.0,2.5,-2.5
18,9,2,3,2.5,3.75,1.25
18,10,1,2,1.25,2.5,1.25
18,11,5,2,6.25,2.5,-3.75
18,12,0,3,0.0,3.75,3.75
18,13,1,1,1.25,1.25,0.0
18,14,4,1,5.0,1.25,-3.75
18,15,1,5,1.25,6.25,5.0
18,16,1,1,1.25,1.25,0.0
18,17,7,5,8.75,6.25,-2.5
18,18,1,6,1.25,7.5,6.25
18,19,1,3,1.25,3.75,2.5
18,20,3,3,3.75,3.75,0.0
18,21,4,5,5.0,6.25,1.25
18,22,4,4,5.0,5.0,0.0
18,23,3,5,3.75,6.25,2.5
18,24,4,1,5.0,1.25,-3.75
18,25,4,5,5.0,6.25,1.25
18,26,3,1,3.75,1.25,-2.5
18,27,3,3,3.75,3.75,0.0
18,28,2,4,2.5,5.0,2.5
18,29,5,3,6.25,3.75,-2.5
18,30,2,2,2.5,2.5,0.0
18,31,3,1,3.75,1.25,-2.5
18,32,5,0,6.25,0.0,-6.25
18,33,1,3,1.25,3.75,2.5
18,34,5,4,6.25,5.0,-1.25
18,35,4,1,5.0,1.25,-3.75
18,36,3,4,3.75,5.0,1.25
18,37,3,2,3.75,2.5,-1.25
18,38,2,4,2.5,5.0,2.5
18,39,3,5,3.75,6.25,2.5
18,40,0,3,0.0,3.75,3.75
18,41,5,5,6.25,6.25,0.0
18,42,3,0,3.75,0.0,-3.75
18,43,5,4,6.25,5.0,-1.25
18,44,6,6,7.5,7.5,0.0
18,45,7,6,8.75,7.5,-1.25
18,46,5,2,6.25,2.5,-3.75
18,47,2,4,2.5,5.0,2.5
18,48,4,5,5.0,6.25,1.25
18,49,4,2,5.0,2.5,-2.5
18,50,5,3,6.25,3.75,-2.5
18,51,3,5,3.75,6.25,2.5
18,52,3,4,3.75,5.0,1.25
18,53,1,2,1.25,2.5,1.25
18,54,3,2,3.75,2.5,-1.25
18,55,3,1,3.75,1.25,-2.5
18,56,4,4,5.0,5.0,0.0
18,57,7,3,8.75,3.75,-5.0
18,58,4,6,5.0,7.5,2.5
18,59,3,4,3.75,5.0,1.25
18,60,7,5,8.75,6.25,-2.5
18,61,5,0,6.25,0.0,-6.25
18,62,0,3,0.0,3.75,3.75
18,63,5,3,6.25,3.75,-2.5
18,64,4,0,5.0,0.0,-5.0
18,65,4,6,5.0,7.5,2.5
18,66,5,2,6.25,2.5,-3.75
18,67,1,2,1.25,2.5,1.25
18,68,5,3,6.25,3.75,-2.5
18,69,1,2,1.25,2.5,1.25
18,70,4,9,5.0,11.25,6.25
18,71,4,4,5.0,5.0,0.0
18,72,3,1,3.75,1.25,-2.5
18,73,2,2,2.5,2.5,0.0
18,74,2,2,2.5,2.5,0.0
18,75,1,1,1.25,1.25,0.0
18,76,3,4,3.75,5.0,1.25
18,77,6,2,7.5,2.5,-5.0
18,78,5,6,6.25,7.5,1.25
18,79,3,4,3.75,5.0,1.25
18,80,4,7,5.0,8.75,3.75
18,81,6,4,7.5,5.0,-2.5
18,82,5,4,6.25,5.0,-1.25
18,83,3,0,3.75,0.0,-3.75
18,84,3,0,3.75,0.0,-3.75
18,85,3,3,3.75,3.75,0.0
18,86,1,3,1.25,3.75,2.5
18,87,3,2,3.75,2.5,-1.25
18,89,2,2,2.5,2.5,0.0
18,90,4,2,5.0,2.5,-2.5
18,91,4,4,5.0,5.0,0.0
18,92,1,6,1.25,7.5,6.25
18,93,3,1,3.75,1.25,-2.5
18,94,6,3,7.5,3.75,-3.75
18,95,1,2,1.25,2.5,1.25
18,96,2,0,2.5,0.0,-2.5
18,97,1,3,1.25,3.75,2.5
18,98,3,5,3.75,6.25,2.5
18,99,3,4,3.75,5.0,1.25
18,100,6,3,7.5,3.75,-3.75
18,101,4,6,5.0,7.5,2.5
18,102,4,7,5.0,8.75,3.75
18,103,2,3,2.5,3.75,1.25
18,104,0,1,0.0,1.25,1.25
18,105,4,2,5.0,2.5,-2.5
18,106,5,2,6.25,2.5,-3.75
18,107,5,2,6.25,2.5,-3.75
19,0,0,0,0.0,0.0,0.0
19,1,1,1,1.25,1.25,0.0
19,2,0,0,0.0,0.0,0.0
19,3,0,1,0.0,1.25,1.25
19,4,0,0,0.0,0.0,0.0
19,5,0,0,0.0,0.0,0.0
19,6,0,2,0.0,2.5,2.5
19,7,0,0,0.0,0.0,0.0
19,8,0,0,0.0,0.0,0.0
19,9,0,1,0.0,1.25,1.25
19,10,0,1,0.0,1.25,1.25
19,11,3,0,3.75,0.0,-3.75
19,12,0,0,0.0,0.0,0.0
19,13,0,0,0.0,0.0,0.0
19,14,0,1,0.0,1.25,1.25
19,15,0,0,0.0,0.0,0.0
19,16,0,0,0.0,0.0,0.0
19,17,0,1,0.0,1.25,1.25
19,18,1,0,1.25,0.0,-1.25
19,19,1,0,1.25,0.0,-1.25
19,20,0,0,0.0,0.0,0.0
19,21,0,0,0.0,0.0,0.0
19,22,0,0,0.0,0.0,0.0
19,23,0,0,0.0,0.0,0.0
19,24,1,1,1.25,1.25,0.0
19,25,1,0,1.25,0.0,-1.25
19,26,1,1,1.25,1.25,0.0
19,27,1,1,1.25,1.25,0.0
19,28,0,2,0.0,2.5,2.5
19,29,2,0,2.5,0.0,-2.5
19,30,0,0,0.0,0.0,0.0
19,31,0,0,0.0,0.0,0.0
19,32,1,1,1.25,1.25,0.0
19,33,0,0,0.0,0.0,0.0
19,34,0,0,0.0,0.0,0.0
19,35,0,0,0.0,0.0,0.0
19,36,0,1,0.0,1.25,1.25
19,37,3,0,3.75,0.0,-3.75
19,38,0,0,0.0,0.0,0.0
19,39,0,2,0.0,2.5,2.5
19,40,0,2,0.0,2.5,2.5
19,41,1,0,1.25,0.0,-1.25
19,42,1,0,1.25,0.0,-1.25
19,43,1,1,1.25,1.25,0.0
19,44,0,0,0.0,0.0,0.0
19,45,0,0,0.0,0.0,0.0
19,46,0,1,0.0,1.25,1.25
19,47,0,2,0.0,2.5,2.5
19,48,0,0,0.0,0.0,0.0
19,49,0,1,0.0,1.25,1.25
19,50,0,0,0.0,0.0,0.0
19,51,3,0,3.75,0.0,-3.75
19,52,0,0,0.0,0.0,0.0
19,53,0,0,0.0,0.0,0.0
19,54,0,0,0.0,0.0,0.0
19,55,0,1,0.0,1.25,1.25
19,56,0,0,0.0,0.0,0.0
19,57,0,0,0.0,0.0,0.0
19,58,0,0,0.0,0.0,0.0
19,59,0,0,0.0,0.0,0.0
19,60,0,0,0.0,0.0,0.0
19,61,0,2,0.0,2.5,2.5
19,62,0,1,0.0,1.25,1.25
19,63,0,1,0.0,1.25,1.25
19,64,0,0,0.0,0.0,0.0
19,65,0,0,0.0,0.0,0.0
19,66,0,0,0.0,0.0,0.0
19,67,0,0,0.0,0.0,0.0
19,68,0,0,0.0,0.0,0.0
19,69,0,0,0.0,0.0,0.0
19,70,0,0,0.0,0.0,0.0
19,71,1,0,1.25,0.0,-1.25
19,72,0,0,0.0,0.0,0.0
19,73,1,0,1.25,0.0,-1.25
19,74,0,1,0.0,1.25,1.25
19,75,0,0,0.0,0.0,0.0
19,76,0,0,0.0,0.0,0.0
19,77,1,0,1.25,0.0,-1.25
19,78,0,1,0.0,1.25,1.25
19,79,0,3,0.0,3.75,3.75
19,80,0,1,0.0,1.25,1.25
19,81,0,0,0.0,0.0,0.0
19,82,0,1,0.0,1.25,1.25
19,83,0,0,0.0,0.0,0.0
19,84,0,0,0.0,0.0,0.0
19,85,0,1,0.0,1.25,1.25
19,86,0,1,0.0,1.25,1.25
19,87,0,0,0.0,0.0,0.0
19,89,0,0,0.0,0.0,0.0
19,90,0,0,0.0,0.0,0.0
19,91,2,0,2.5,0.0,-2.5
19,92,0,0,0.0,0.0,0.0
19,93,0,0,0.0,0.0,0.0
19,94,1,0,1.25,0.0,-1.25
19,95,0,0,0.0,0.0,0.0
19,96,1,0,1.25,0.0,-1.25
19,97,0,1,0.0,1.25,1.25
19,98,1,0,1.25,0.0,-1.25
19,99,0,0,0.0,0.0,0.0
19,100,0,0,0.0,0.0,0.0
19,101,1,0,1.25,0.0,-1.25
19,102,0,0,0.0,0.0,0.0
19,103,0,0,0.0,0.0,0.0
19,104,2,0,2.5,0.0,-2.5
19,105,0,0,0.0,0.0,0.0
19,106,0,0,0.0,0.0,0.0
19,107,0,0,0.0,0.0,0.0
20,0,0,0,0.0,0.0,0.0
20,1,0,0,0.0,0.0,0.0
20,2,0,0,0.0,0.0,0.0
20,3,0,0,0.0,0.0,0.0
20,4,0,0,0.0,0.0,0.0
20,5,0,0,0.0,0.0,0.0
20,6,0,0,0.0,0.0,0.0
20,7,0,0,0.0,0.0,0.0
20,8,0,0,0.0,0.0,0.0
20,9,0,0,0.0,0.0,0.0
20,10,0,0,0.0,0.0,0.0
20,11,0,0,0.0,0.0,0.0
20,12,0,0,0.0,0.0,0.0
20,13,0,0,0.0,0.0,0.0
20,14,0,0,0.0,0.0,0.0
20,15,0,0,0.0,0.0,0.0
20,16,0,0,0.0,0.0,0.0
20,17,0,0,0.0,0.0,0.0
20,18,0,0,0.0,0.0,0.0
20,19,0,0,0.0,0.0,0.0
20,20,0,0,0.0,0.0,0.0
20,21,0,0,0.0,0.0,0.0
20,22,0,0,0.0,0.0,0.0
20,23,0,0,0.0,0.0,0.0
20,24,0,0,0.0,0.0,0.0
20,25,0,0,0.0,0.0,0.0
20,26,0,0,0.0,0.0,0.0
20,27,0,0,0.0,0.0,0.0
20,28,0,0,0.0,0.0,0.0
20,29,0,0,0.0,0.0,0.0
20,30,0,0,0.0,0.0,0.0
20,31,0,0,0.0,0.0,0.0
20,32,0,0,0.0,0.0,0.0
20,33,1,0,1.25,0.0,-1.25
20,34,0,0,0.0,0.0,0.0
20,35,0,0,0.0,0.0,0.0
20,36,0,0,0.0,0.0,0.0
20,37,0,0,0.0,0.0,0.0
20,38,0,0,0.0,0.0,0.0
20,39,0,0,0.0,0.0,0.0
20,40,0,0,0.0,0.0,0.0
20,41,1,0,1.25,0.0,-1.25
20,42,0,2,0.0,2.5,2.5
20,43,1,0,1.25,0.0,-1.25
20,44,1,0,1.25,0.0,-1.25
20,45,1,0,1.25,0.0,-1.25
20,46,0,2,0.0,2.5,2.5
20,47,0,1,0.0,1.25,1.25
20,48,1,0,1.25,0.0,-1.25
20,49,0,1,0.0,1.25,1.25
20,50,1,0,1.25,0.0,-1.25
20,51,0,0,0.0,0.0,0.0
20,52,0,0,0.0,0.0,0.0
20,53,0,0,0.0,0.0,0.0
20,54,1,2,1.25,2.5,1.25
20,55,0,0,0.0,0.0,0.0
20,56,1,0,1.25,0.0,-1.25
20,57,0,0,0.0,0.0,0.0
20,58,0,0,0.0,0.0,0.0
20,59,0,2,0.0,2.5,2.5
20,60,0,0,0.0,0.0,0.0
20,61,0,0,0.0,0.0,0.0
20,62,0,1,0.0,1.25,1.25
20,63,2,0,2.5,0.0,-2.5
20,64,0,0,0.0,0.0,0.0
20,65,0,0,0.0,0.0,0.0
20,66,0,0,0.0,0.0,0.0
20,67,0,1,0.0,1.25,1.25
20,68,1,0,1.25,0.0,-1.25
20,69,0,0,0.0,0.0,0.0
20,70,1,0,1.25,0.0,-1.25
20,71,0,0,0.0,0.0,0.0
20,72,0,1,0.0,1.25,1.25
20,73,0,0,0.0,0.0,0.0
20,74,1,1,1.25,1.25,0.0
20,75,0,0,0.0,0.0,0.0
20,76,0,1,0.0,1.25,1.25
20,77,0,0,0.0,0.0,0.0
20,78,0,0,0.0,0.0,0.0
20,79,0,0,0.0,0.0,0.0
20,80,0,0,0.0,0.0,0.0
20,81,0,0,0.0,0.0,0.0
20,82,0,0,0.0,0.0,0.0
20,83,0,0,0.0,0.0,0.0
20,84,0,1,0.0,1.25,1.25
20,85,0,0,0.0,0.0,0.0
20,86,0,0,0.0,0.0,0.0
20,87,0,0,0.0,0.0,0.0
20,89,0,0,0.0,0.0,0.0
20,90,0,0,0.0,0.0,0.0
20,91,0,1,0.0,1.25,1.25
20,92,0,1,0.0,1.25,1.25
20,93,0,0,0.0,0.0,0.0
20,94,0,0,0.0,0.0,0.0
20,95,0,0,0.0,0.0,0.0
20,96,0,0,0.0,0.0,0.0
20,97,0,0,0.0,0.0,0.0
20,98,0,0,0.0,0.0,0.0
20,99,1,1,1.25,1.25,0.0
20,100,0,0,0.0,0.0,0.0
20,101,0,0,0.0,0.0,0.0
20,102,0,1,0.0,1.25,1.25
20,103,0,0,0.0,0.0,0.0
20,104,0,0,0.0,0.0,0.0
20,105,0,0,0.0,0.0,0.0
20,106,0,0,0.0,0.0,0.0
20,107,0,1,0.0,1.25,1.25
21,0,0,0,0.0,0.0,0.0
21,1,0,1,0.0,1.25,1.25
21,2,0,1,0.0,1.25,1.25
21,3,0,0,0.0,0.0,0.0
21,4,1,0,1.25,0.0,-1.25
21,5,0,1,0.0,1.25,1.25
21,6,1,3,1.25,3.75,2.5
21,7,2,1,2.5,1.25,-1.25
21,8,0,1,0.0,1.25,1.25
21,9,0,1,0.0,1.25,1.25
21,10,1,1,1.25,1.25,0.0
21,11,1,0,1.25,0.0,-1.25
21,12,0,0,0.0,0.0,0.0
21,13,0,1,0.0,1.25,1.25
21,14,0,2,0.0,2.5,2.5
21,15,0,1,0.0,1.25,1.25
21,16,0,1,0.0,1.25,1.25
21,17,0,3,0.0,3.75,3.75
21,18,0,0,0.0,0.0,0.0
21,19,0,1,0.0,1.25,1.25
21,20,0,0,0.0,0.0,0.0
21,21,0,0,0.0,0.0,0.0
21,22,0,0,0.0,0.0,0.0
21,23,0,2,0.0,2.5,2.5
21,24,0,0,0.0,0.0,0.0
21,25,1,0,1.25,0.0,-1.25
21,26,1,0,1.25,0.0,-1.25
21,27,0,1,0.0,1.25,1.25
21,28,0,0,0.0,0.0,0.0
21,29,0,1,0.0,1.25,1.25
21,30,0,0,0.0,0.0,0.0
21,31,0,0,0.0,0.0,0.0
21,32,1,0,1.25,0.0,-1.25
21,33,0,0,0.0,0.0,0.0
21,34,1,0,1.25,0.0,-1.25
21,35,0,1,0.0,1.25,1.25
21,36,0,0,0.0,0.0,0.0
21,37,0,0,0.0,0.0,0.0
21,38,1,2,1.25,2.5,1.25
21,39,0,1,0.0,1.25,1.25
21,40,0,0,0.0,0.0,0.0
21,41,0,0,0.0,0.0,0.0
21,42,1,0,1.25,0.0,-1.25
21,43,2,0,2.5,0.0,-2.5
21,44,1,1,1.25,1.25,0.0
21,45,1,1,1.25,1.25,0.0
21,46,0,1,0.0,1.25,1.25
21,47,0,0,0.0,0.0,0.0
21,48,0,4,0.0,5.0,5.0
21,49,1,2,1.25,2.5,1.25
21,50,0,2,0.0,2.5,2.5
21,51,0,0,0.0,0.0,0.0
21,52,1,0,1.25,0.0,-1.25
21,53,4,0,5.0,0.0,-5.0
21,54,1,0,1.25,0.0,-1.25
21,55,0,2,0.0,2.5,2.5
21,56,0,0,0.0,0.0,0.0
21,57,1,1,1.25,1.25,0.0
21,58,0,2,0.0,2.5,2.5
21,59,0,0,0.0,0.0,0.0
21,60,2,0,2.5,0.0,-2.5
21,61,1,0,1.25,0.0,-1.25
21,62,1,0,1.25,0.0,-1.25
21,63,0,0,0.0,0.0,0.0
21,64,0,1,0.0,1.25,1.25
21,65,0,1,0.0,1.25,1.25
21,66,1,1,1.25,1.25,0.0
21,67,0,1,0.0,1.25,1.25
21,68,1,0,1.25,0.0,-1.25
21,69,1,1,1.25,1.25,0.0
21,70,0,1,0.0,1.25,1.25
21,71,1,0,1.25,0.0,-1.25
21,72,2,1,2.5,1.25,-1.25
21,73,1,1,1.25,1.25,0.0
21,74,1,1,1.25,1.25,0.0
21,75,0,0,0.0,0.0,0.0
21,76,0,1,0.0,1.25,1.25
21,77,0,0,0.0,0.0,0.0
21,78,1,0,1.25,0.0,-1.25
21,79,0,1,0.0,1.25,1.25
21,80,0,2,0.0,2.5,2.5
21,81,0,0,0.0,0.0,0.0
21,82,1,0,1.25,0.0,-1.25
21,83,0,0,0.0,0.0,0.0
21,84,0,0,0.0,0.0,0.0
21,85,0,1,0.0,1.25,1.25
21,86,1,1,1.25,1.25,0.0
21,87,0,0,0.0,0.0,0.0
21,89,2,0,2.5,0.0,-2.5
21,90,0,1,0.0,1.25,1.25
21,91,2,0,2.5,0.0,-2.5
21,92,0,0,0.0,0.0,0.0
21,93,0,0,0.0,0.0,0.0
21,94,0,1,0.0,1.25,1.25
21,95,1,0,1.25,0.0,-1.25
21,96,0,0,0.0,0.0,0.0
21,97,0,0,0.0,0.0,0.0
21,98,0,1,0.0,1.25,1.25
21,99,0,1,0.0,1.25,1.25
21,100,0,1,0.0,1.25,1.25
21,101,1,0,1.25,0.0,-1.25
21,102,0,1,0.0,1.25,1.25
21,103,0,1,0.0,1.25,1.25
21,104,0,1,0.0,1.25,1.25
21,105,0,0,0.0,0.0,0.0
21,106,1,1,1.25,1.25,0.0
21,107,0,0,0.0,0.0,0.0
22,0,1,2,1.25,2.5,1.25
22,1,3,3,3.75,3.75,0.0
22,2,1,2,1.25,2.5,1.25
22,3,1,3,1.25,3.75,2.5
22,4,0,2,0.0,2.5,2.5
22,5,3,1,3.75,1.25,-2.5
22,6,1,2,1.25,2.5,1.25
22,7,2,3,2.5,3.75,1.25
22,8,1,3,1.25,3.75,2.5
22,9,1,3,1.25,3.75,2.5
22,10,2,2,2.5,2.5,0.0
22,11,0,3,0.0,3.75,3.75
22,12,1,1,1.25,1.25,0.0
22,13,3,1,3.75,1.25,-2.5
22,14,1,2,1.25,2.5,1.25
22,15,0,2,0.0,2.5,2.5
22,16,1,3,1.25,3.75,2.5
22,17,2,5,2.5,6.25,3.75
22,18,1,1,1.25,1.25,0.0
22,19,0,3,0.0,3.75,3.75
22,20,0,2,0.0,2.5,2.5
22,21,1,2,1.25,2.5,1.25
22,22,0,0,0.0,0.0,0.0
22,23,2,2,2.5,2.5,0.0
22,24,1,1,1.25,1.25,0.0
22,25,1,3,1.25,3.75,2.5
22,26,0,1,0.0,1.25,1.25
22,27,0,3,0.0,3.75,3.75
22,28,0,1,0.0,1.25,1.25
22,29,4,1,5.0,1.25,-3.75
22,30,2,1,2.5,1.25,-1.25
22,31,1,2,1.25,2.5,1.25
22,32,1,1,1.25,1.25,0.0
22,33,1,2,1.25,2.5,1.25
22,34,2,3,2.5,3.75,1.25
22,35,0,0,0.0,0.0,0.0
22,36,1,0,1.25,0.0,-1.25
22,37,5,2,6.25,2.5,-3.75
22,38,1,1,1.25,1.25,0.0
22,39,2,0,2.5,0.0,-2.5
22,40,2,2,2.5,2.5,0.0
22,41,3,4,3.75,5.0,1.25
22,42,2,10,2.5,12.5,10.0
22,43,2,0,2.5,0.0,-2.5
22,44,2,2,2.5,2.5,0.0
22,45,0,3,0.0,3.75,3.75
22,46,0,5,0.0,6.25,6.25
22,47,0,3,0.0,3.75,3.75
22,48,1,3,1.25,3.75,2.5
22,49,1,3,1.25,3.75,2.5
22,50,1,4,1.25,5.0,3.75
22,51,1,1,1.25,1.25,0.0
22,52,0,1,0.0,1.25,1.25
22,53,0,1,0.0,1.25,1.25
22,54,10,5,12.5,6.25,-6.25
22,55,1,3,1.25,3.75,2.5
22,56,2,1,2.5,1.25,-1.25
22,57,1,1,1.25,1.25,0.0
22,58,3,2,3.75,2.5,-1.25
22,59,2,1,2.5,1.25,-1.25
22,60,0,2,0.0,2.5,2.5
22,61,0,4,0.0,5.0,5.0
22,62,2,1,2.5,1.25,-1.25
22,63,2,1,2.5,1.25,-1.25
22,64,0,1,0.0,1.25,1.25
22,65,1,1,1.25,1.25,0.0
22,66,1,0,1.25,0.0,-1.25
22,67,2,2,2.5,2.5,0.0
22,68,8,5,10.0,6.25,-3.75
22,69,3,1,3.75,1.25,-2.5
22,70,1,2,1.25,2.5,1.25
22,71,0,5,0.0,6.25,6.25
22,72,2,0,2.5,0.0,-2.5
22,73,0,2,0.0,2.5,2.5
22,74,3,4,3.75,5.0,1.25
22,75,3,2,3.75,2.5,-1.25
22,76,5,4,6.25,5.0,-1.25
22,77,6,2,7.5,2.5,-5.0
22,78,2,4,2.5,5.0,2.5
22,79,1,4,1.25,5.0,3.75
22,80,2,0,2.5,0.0,-2.5
22,81,1,1,1.25,1.25,0.0
22,82,0,1,0.0,1.25,1.25
22,83,2,2,2.5,2.5,0.0
22,84,7,3,8.75,3.75,-5.0
22,85,3,3,3.75,3.75,0.0
22,86,0,5,0.0,6.25,6.25
22,87,2,1,2.5,1.25,-1.25
22,89,1,2,1.25,2.5,1.25
22,90,1,4,1.25,5.0,3.75
22,91,1,4,1.25,5.0,3.75
22,92,0,3,0.0,3.75,3.75
22,93,2,2,2.5,2.5,0.0
22,94,1,1,1.25,1.25,0.0
22,95,2,0,2.5,0.0,-2.5
22,96,1,1,1.25,1.25,0.0
22,97,1,0,1.25,0.0,-1.25
22,98,1,2,1.25,2.5,1.25
22,99,3,4,3.75,5.0,1.25
22,100,4,3,5.0,3.75,-1.25
22,101,0,0,0.0,0.0,0.0
22,102,1,2,1.25,2.5,1.25
22,103,2,3,2.5,3.75,1.25
22,104,4,5,5.0,6.25,1.25
22,105,4,2,5.0,2.5,-2.5
22,106,2,2,2.5,2.5,0.0
22,107,3,3,3.75,3.75,0.0
23,0,0,2,0.0,2.5,2.5
23,1,0,1,0.0,1.25,1.25
23,2,0,0,0.0,0.0,0.0
23,3,0,0,0.0,0.0,0.0
23,4,1,1,1.25,1.25,0.0
23,5,0,2,0.0,2.5,2.5
23,6,0,1,0.0,1.25,1.25
23,7,0,0,0.0,0.0,0.0
23,8,2,0,2.5,0.0,-2.5
23,9,2,0,2.5,0.0,-2.5
23,10,2,1,2.5,1.25,-1.25
23,11,1,3,1.25,3.75,2.5
23,12,1,0,1.25,0.0,-1.25
23,13,2,1,2.5,1.25,-1.25
23,14,2,0,2.5,0.0,-2.5
23,15,1,0,1.25,0.0,-1.25
23,16,0,3,0.0,3.75,3.75
23,17,2,3,2.5,3.75,1.25
23,18,0,0,0.0,0.0,0.0
23,19,3,1,3.75,1.25,-2.5
23,20,1,2,1.25,2.5,1.25
23,21,0,0,0.0,0.0,0.0
23,22,2,4,2.5,5.0,2.5
23,23,1,1,1.25,1.25,0.0
23,24,1,2,1.25,2.5,1.25
23,25,1,3,1.25,3.75,2.5
23,26,1,0,1.25,0.0,-1.25
23,27,1,1,1.25,1.25,0.0
23,28,1,1,1.25,1.25,0.0
23,29,1,1,1.25,1.25,0.0
23,30,1,3,1.25,3.75,2.5
23,31,3,1,3.75,1.25,-2.5
23,32,2,1,2.5,1.25,-1.25
23,33,1,2,1.25,2.5,1.25
23,34,0,0,0.0,0.0,0.0
23,35,1,2,1.25,2.5,1.25
23,36,0,2,0.0,2.5,2.5
23,37,1,0,1.25,0.0,-1.25
23,38,0,1,0.0,1.25,1.25
23,39,2,5,2.5,6.25,3.75
23,40,0,0,0.0,0.0,0.0
23,41,0,0,0.0,0.0,0.0
23,42,0,1,0.0,1.25,1.25
23,43,1,0,1.25,0.0,-1.25
23,44,0,0,0.0,0.0,0.0
23,45,0,2,0.0,2.5,2.5
23,46,0,0,0.0,0.0,0.0
23,47,0,0,0.0,0.0,0.0
23,48,0,0,0.0,0.0,0.0
23,49,1,0,1.25,0.0,-1.25
23,50,1,0,1.25,0.0,-1.25
23,51,2,3,2.5,3.75,1.25
23,52,0,1,0.0,1.25,1.25
23,53,0,0,0.0,0.0,0.0
23,54,0,3,0.0,3.75,3.75
23,55,2,3,2.5,3.75,1.25
23,56,1,0,1.25,0.0,-1.25
23,57,0,2,0.0,2.5,2.5
23,58,0,0,0.0,0.0,0.0
23,59,1,1,1.25,1.25,0.0
23,60,3,3,3.75,3.75,0.0
23,61,0,2,0.0,2.5,2.5
23,62,0,0,0.0,0.0,0.0
23,63,0,1,0.0,1.25,1.25
23,64,2,0,2.5,0.0,-2.5
23,65,2,1,2.5,1.25,-1.25
23,66,1,1,1.25,1.25,0.0
23,67,0,0,0.0,0.0,0.0
23,68,0,1,0.0,1.25,1.25
23,69,1,0,1.25,0.0,-1.25
23,70,1,0,1.25,0.0,-1.25
23,71,0,3,0.0,3.75,3.75
23,72,0,0,0.0,0.0,0.0
23,73,0,0,0.0,0.0,0.0
23,74,1,0,1.25,0.0,-1.25
23,75,0,2,0.0,2.5,2.5
23,76,0,0,0.0,0.0,0.0
23,77,1,0,1.25,0.0,-1.25
23,78,3,0,3.75,0.0,-3.75
23,79,1,2,1.25,2.5,1.25
23,80,4,2,5.0,2.5,-2.5
23,81,2,0,2.5,0.0,-2.5
23,82,1,1,1.25,1.25,0.0
23,83,1,0,1.25,0.0,-1.25
23,84,0,0,0.0,0.0,0.0
23,85,0,1,0.0,1.25,1.25
23,86,0,1,0.0,1.25,1.25
23,87,0,0,0.0,0.0,0.0
23,89,0,3,0.0,3.75,3.75
23,90,1,0,1.25,0.0,-1.25
23,91,2,0,2.5,0.0,-2.5
23,92,0,0,0.0,0.0,0.0
23,93,1,0,1.25,0.0,-1.25
23,94,0,0,0.0,0.0,0.0
23,95,0,1,0.0,1.25,1.25
23,96,1,0,1.25,0.0,-1.25
23,97,0,3,0.0,3.75,3.75
23,98,0,1,0.0,1.25,1.25
23,99,2,2,2.5,2.5,0.0
23,100,1,0,1.25,0.0,-1.25
23,101,0,0,0.0,0.0,0.0
23,102,0,0,0.0,0.0,0.0
23,103,0,2,0.0,2.5,2.5
23,104,0,0,0.0,0.0,0.0
23,105,0,4,0.0,5.0,5.0
23,106,2,1,2.5,1.25,-1.25
23,107,0,2,0.0,2.5,2.5
24,0,2,3,2.5,3.75,1.25
24,1,0,0,0.0,0.0,0.0
24,2,0,0,0.0,0.0,0.0
24,3,2,0,2.5,0.0,-2.5
24,4,0,0,0.0,0.0,0.0
24,5,2,0,2.5,0.0,-2.5
24,6,0,0,0.0,0.0,0.0
24,7,0,0,0.0,0.0,0.0
24,8,0,0,0.0,0.0,0.0
24,9,0,1,0.0,1.25,1.25
24,10,0,1,0.0,1.25,1.25
24,11,1,0,1.25,0.0,-1.25
24,12,0,0,0.0,0.0,0.0
24,13,0,0,0.0,0.0,0.0
24,14,0,0,0.0,0.0,0.0
24,15,0,0,0.0,0.0,0.0
24,16,0,0,0.0,0.0,0.0
24,17,0,0,0.0,0.0,0.0
24,18,0,0,0.0,0.0,0.0
24,19,0,0,0.0,0.0,0.0
24,20,0,0,0.0,0.0,0.0
24,21,0,0,0.0,0.0,0.0
24,22,1,0,1.25,0.0,-1.25
24,23,1,0,1.25,0.0,-1.25
24,24,0,0,0.0,0.0,0.0
24,25,2,2,2.5,2.5,0.0
24,26,0,2,0.0,2.5,2.5
24,27,0,0,0.0,0.0,0.0
24,28,0,1,0.0,1.25,1.25
24,29,0,0,0.0,0.0,0.0
24,30,0,0,0.0,0.0,0.0
24,31,2,1,2.5,1.25,-1.25
24,32,0,0,0.0,0.0,0.0
24,33,1,0,1.25,0.0,-1.25
24,34,1,1,1.25,1.25,0.0
24,35,0,0,0.0,0.0,0.0
24,36,0,1,0.0,1.25,1.25
24,37,0,0,0.0,0.0,0.0
24,38,0,0,0.0,0.0,0.0
24,39,1,0,1.25,0.0,-1.25
24,40,0,4,0.0,5.0,5.0
24,41,1,0,1.25,0.0,-1.25
24,42,0,0,0.0,0.0,0.0
24,43,1,0,1.25,0.0,-1.25
24,44,0,2,0.0,2.5,2.5
24,45,0,3,0.0,3.75,3.75
24,46,1,0,1.25,0.0,-1.25
24,47,1,1,1.25,1.25,0.0
24,48,0,3,0.0,3.75,3.75
24,49,0,0,0.0,0.0,0.0
24,50,0,1,0.0,1.25,1.25
24,51,0,0,0.0,0.0,0.0
24,52,0,0,0.0,0.0,0.0
24,53,0,0,0.0,0.0,0.0
24,54,2,1,2.5,1.25,-1.25
24,55,0,1,0.0,1.25,1.25
24,56,1,0,1.25,0.0,-1.25
24,57,0,0,0.0,0.0,0.0
24,58,0,0,0.0,0.0,0.0
24,59,0,1,0.0,1.25,1.25
24,60,0,0,0.0,0.0,0.0
24,61,0,0,0.0,0.0,0.0
24,62,0,0,0.0,0.0,0.0
24,63,0,0,0.0,0.0,0.0
24,64,0,0,0.0,0.0,0.0
24,65,0,0,0.0,0.0,0.0
24,66,0,0,0.0,0.0,0.0
24,67,0,0,0.0,0.0,0.0
24,68,1,0,1.25,0.0,-1.25
24,69,0,0,0.0,0.0,0.0
24,70,0,0,0.0,0.0,0.0
24,71,0,0,0.0,0.0,0.0
24,72,0,0,0.0,0.0,0.0
24,73,1,0,1.25,0.0,-1.25
24,74,0,0,0.0,0.0,0.0
24,75,0,0,0.0,0.0,0.0
24,76,0,0,0.0,0.0,0.0
24,77,0,0,0.0,0.0,0.0
24,78,0,0,0.0,0.0,0.0
24,79,0,0,0.0,0.0,0.0
24,80,1,0,1.25,0.0,-1.25
24,81,0,0,0.0,0.0,0.0
24,82,0,0,0.0,0.0,0.0
24,83,0,0,0.0,0.0,0.0
24,84,0,1,0.0,1.25,1.25
24,85,0,0,0.0,0.0,0.0
24,86,0,0,0.0,0.0,0.0
24,87,0,0,0.0,0.0,0.0
24,89,2,2,2.5,2.5,0.0
24,90,2,0,2.5,0.0,-2.5
24,91,1,0,1.25,0.0,-1.25
24,92,0,0,0.0,0.0,0.0
24,93,1,1,1.25,1.25,0.0
24,94,0,2,0.0,2.5,2.5
24,95,0,0,0.0,0.0,0.0
24,96,0,0,0.0,0.0,0.0
24,97,2,0,2.5,0.0,-2.5
24,98,0,1,0.0,1.25,1.25
24,99,0,1,0.0,1.25,1.25
24,100,3,1,3.75,1.25,-2.5
24,101,0,0,0.0,0.0,0.0
24,102,1,0,1.25,0.0,-1.25
24,103,0,0,0.0,0.0,0.0
24,104,0,2,0.0,2.5,2.5
24,105,0,0,0.0,0.0,0.0
24,106,1,0,1.25,0.0,-1.25
24,107,0,0,0.0,0.0,0.0
25,0,0,0,0.0,0.0,0.0
25,1,0,0,0.0,0.0,0.0
25,2,0,0,0.0,0.0,0.0
25,3,0,0,0.0,0.0,0.0
25,4,0,0,0.0,0.0,0.0
25,5,0,0,0.0,0.0,0.0
25,6,0,0,0.0,0.0,0.0
25,7,0,0,0.0,0.0,0.0
25,8,0,0,0.0,0.0,0.0
25,9,0,1,0.0,1.25,1.25
25,10,0,0,0.0,0.0,0.0
25,11,0,0,0.0,0.0,0.0
25,12,0,0,0.0,0.0,0.0
25,13,0,0,0.0,0.0,0.0
25,14,0,0,0.0,0.0,0.0
25,15,0,0,0.0,0.0,0.0
25,16,0,0,0.0,0.0,0.0
25,17,0,0,0.0,0.0,0.0
25,18,0,0,0.0,0.0,0.0
25,19,0,0,0.0,0.0,0.0
25,20,0,0,0.0,0.0,0.0
25,21,0,0,0.0,0.0,0.0
25,22,0,0,0.0,0.0,0.0
25,23,0,0,0.0,0.0,0.0
25,24,0,0,0.0,0.0,0.0
25,25,1,0,1.25,0.0,-1.25
25,26,0,0,0.0,0.0,0.0
25,27,0,0,0.0,0.0,0.0
25,28,0,0,0.0,0.0,0.0
25,29,0,0,0.0,0.0,0.0
25,30,0,0,0.0,0.0,0.0
25,31,1,0,1.25,0.0,-1.25
25,32,0,0,0.0,0.0,0.0
25,33,1,0,1.25,0.0,-1.25
25,34,0,0,0.0,0.0,0.0
25,35,0,0,0.0,0.0,0.0
25,36,0,0,0.0,0.0,0.0
25,37,0,0,0.0,0.0,0.0
25,38,0,0,0.0,0.0,0.0
25,39,0,0,0.0,0.0,0.0
25,40,0,0,0.0,0.0,0.0
25,41,0,0,0.0,0.0,0.0
25,42,0,0,0.0,0.0,0.0
25,43,0,0,0.0,0.0,0.0
25,44,0,0,0.0,0.0,0.0
25,45,0,0,0.0,0.0,0.0
25,46,0,0,0.0,0.0,0.0
25,47,0,0,0.0,0.0,0.0
25,48,0,2,0.0,2.5,2.5
25,49,0,0,0.0,0.0,0.0
25,50,0,0,0.0,0.0,0.0
25,51,0,1,0.0,1.25,1.25
25,52,0,0,0.0,0.0,0.0
25,53,0,0,0.0,0.0,0.0
25,54,1,0,1.25,0.0,-1.25
25,55,0,0,0.0,0.0,0.0
25,56,0,0,0.0,0.0,0.0
25,57,0,0,0.0,0.0,0.0
25,58,0,0,0.0,0.0,0.0
25,59,0,0,0.0,0.0,0.0
25,60,0,0,0.0,0.0,0.0
25,61,0,0,0.0,0.0,0.0
25,62,0,0,0.0,0.0,0.0
25,63,0,0,0.0,0.0,0.0
25,64,0,0,0.0,0.0,0.0
25,65,0,0,0.0,0.0,0.0
25,66,0,0,0.0,0.0,0.0
25,67,0,0,0.0,0.0,0.0
25,68,0,0,0.0,0.0,0.0
25,69,0,0,0.0,0.0,0.0
25,70,0,0,0.0,0.0,0.0
25,71,0,0,0.0,0.0,0.0
25,72,0,0,0.0,0.0,0.0
25,73,0,0,0.0,0.0,0.0
25,74,0,0,0.0,0.0,0.0
25,75,0,0,0.0,0.0,0.0
25,76,0,0,0.0,0.0,0.0
25,77,0,0,0.0,0.0,0.0
25,78,0,0,0.0,0.0,0.0
25,79,0,0,0.0,0.0,0.0
25,80,0,0,0.0,0.0,0.0
25,81,0,0,0.0,0.0,0.0
25,82,0,0,0.0,0.0,0.0
25,83,0,0,0.0,0.0,0.0
25,84,1,0,1.25,0.0,-1.25
25,85,0,0,0.0,0.0,0.0
25,86,0,0,0.0,0.0,0.0
25,87,0,0,0.0,0.0,0.0
25,89,0,0,0.0,0.0,0.0
25,90,0,0,0.0,0.0,0.0
25,91,0,0,0.0,0.0,0.0
25,92,0,0,0.0,0.0,0.0
25,93,0,0,0.0,0.0,0.0
25,94,0,0,0.0,0.0,0.0
25,95,0,0,0.0,0.0,0.0
25,96,0,0,0.0,0.0,0.0
25,97,1,0,1.25,0.0,-1.25
25,98,0,0,0.0,0.0,0.0
25,99,0,1,0.0,1.25,1.25
25,100,2,0,2.5,0.0,-2.5
25,101,0,1,0.0,1.25,1.25
25,102,2,0,2.5,0.0,-2.5
25,103,0,0,0.0,0.0,0.0
25,104,0,1,0.0,1.25,1.25
25,105,0,0,0.0,0.0,0.0
25,106,0,0,0.0,0.0,0.0
25,107,0,0,0.0,0.0,0.0
26,0,0,0,0.0,0.0,0.0
26,1,1,0,1.25,0.0,-1.25
26,2,0,3,0.0,3.75,3.75
26,3,1,0,1.25,0.0,-1.25
26,4,0,0,0.0,0.0,0.0
26,5,0,1,0.0,1.25,1.25
26,6,0,1,0.0,1.25,1.25
26,7,2,0,2.5,0.0,-2.5
26,8,0,1,0.0,1.25,1.25
26,9,0,2,0.0,2.5,2.5
26,10,2,1,2.5,1.25,-1.25
26,11,0,2,0.0,2.5,2.5
26,12,0,3,0.0,3.75,3.75
26,13,1,5,1.25,6.25,5.0
26,14,0,1,0.0,1.25,1.25
26,15,0,2,0.0,2.5,2.5
26,16,0,0,0.0,0.0,0.0
26,17,0,0,0.0,0.0,0.0
26,18,0,0,0.0,0.0,0.0
26,19,0,1,0.0,1.25,1.25
26,20,0,1,0.0,1.25,1.25
26,21,0,2,0.0,2.5,2.5
26,22,0,1,0.0,1.25,1.25
26,23,0,1,0.0,1.25,1.25
26,24,0,0,0.0,0.0,0.0
26,25,0,0,0.0,0.0,0.0
26,26,0,0,0.0,0.0,0.0
26,27,0,0,0.0,0.0,0.0
26,28,6,0,7.5,0.0,-7.5
26,29,0,0,0.0,0.0,0.0
26,30,0,0,0.0,0.0,0.0
26,31,0,1,0.0,1.25,1.25
26,32,0,4,0.0,5.0,5.0
26,33,0,0,0.0,0.0,0.0
26,34,0,0,0.0,0.0,0.0
26,35,0,2,0.0,2.5,2.5
26,36,0,1,0.0,1.25,1.25
26,37,0,0,0.0,0.0,0.0
26,38,0,0,0.0,0.0,0.0
26,39,0,1,0.0,1.25,1.25
26,40,0,1,0.0,1.25,1.25
26,41,0,3,0.0,3.75,3.75
26,42,1,4,1.25,5.0,3.75
26,43,1,1,1.25,1.25,0.0
26,44,2,9,2.5,11.25,8.75
26,45,0,3,0.0,3.75,3.75
26,46,1,2,1.25,2.5,1.25
26,47,0,1,0.0,1.25,1.25
26,48,0,2,0.0,2.5,2.5
26,49,0,0,0.0,0.0,0.0
26,50,2,0,2.5,0.0,-2.5
26,51,2,1,2.5,1.25,-1.25
26,52,0,0,0.0,0.0,0.0
26,53,0,0,0.0,0.0,0.0
26,54,0,0,0.0,0.0,0.0
26,55,0,0,0.0,0.0,0.0
26,56,1,0,1.25,0.0,-1.25
26,57,0,0,0.0,0.0,0.0
26,58,0,0,0.0,0.0,0.0
26,59,1,0,1.25,0.0,-1.25
26,60,1,1,1.25,1.25,0.0
26,61,0,0,0.0,0.0,0.0
26,62,0,0,0.0,0.0,0.0
26,63,0,0,0.0,0.0,0.0
26,64,0,2,0.0,2.5,2.5
26,65,0,0,0.0,0.0,0.0
26,66,0,1,0.0,1.25,1.25
26,67,0,0,0.0,0.0,0.0
26,68,0,0,0.0,0.0,0.0
26,69,0,0,0.0,0.0,0.0
26,70,0,0,0.0,0.0,0.0
26,71,1,1,1.25,1.25,0.0
26,72,1,5,1.25,6.25,5.0
26,73,0,1,0.0,1.25,1.25
26,74,0,0,0.0,0.0,0.0
26,75,0,0,0.0,0.0,0.0
26,76,0,3,0.0,3.75,3.75
26,77,2,0,2.5,0.0,-2.5
26,78,0,0,0.0,0.0,0.0
26,79,3,0,3.75,0.0,-3.75
26,80,0,0,0.0,0.0,0.0
26,81,1,0,1.25,0.0,-1.25
26,82,0,0,0.0,0.0,0.0
26,83,0,0,0.0,0.0,0.0
26,84,0,1,0.0,1.25,1.25
26,85,1,1,1.25,1.25,0.0
26,86,0,0,0.0,0.0,0.0
26,87,0,0,0.0,0.0,0.0
26,89,0,0,0.0,0.0,0.0
26,90,0,0,0.0,0.0,0.0
26,91,0,0,0.0,0.0,0.0
26,92,0,0,0.0,0.0,0.0
26,93,0,0,0.0,0.0,0.0
26,94,0,0,0.0,0.0,0.0
26,95,1,2,1.25,2.5,1.25
26,96,2,0,2.5,0.0,-2.5
26,97,0,0,0.0,0.0,0.0
26,98,0,0,0.0,0.0,0.0
26,99,0,0,0.0,0.0,0.0
26,100,0,3,0.0,3.75,3.75
26,101,0,2,0.0,2.5,2.5
26,102,0,0,0.0,0.0,0.0
26,103,0,0,0.0,0.0,0.0
26,104,0,1,0.0,1.25,1.25
26,105,0,0,0.0,0.0,0.0
26,106,0,0,0.0,0.0,0.0
26,107,0,2,0.0,2.5,2.5
27,0,1,1,1.25,1.25,0.0
27,1,0,0,0.0,0.0,0.0
27,2,0,1,0.0,1.25,1.25
27,3,0,0,0.0,0.0,0.0
27,4,0,0,0.0,0.0,0.0
27,5,0,0,0.0,0.0,0.0
27,6,0,0,0.0,0.0,0.0
27,7,0,0,0.0,0.0,0.0
27,8,0,0,0.0,0.0,0.0
27,9,0,2,0.0,2.5,2.5
27,10,0,0,0.0,0.0,0.0
27,11,0,0,0.0,0.0,0.0
27,12,0,0,0.0,0.0,0.0
27,13,0,0,0.0,0.0,0.0
27,14,0,0,0.0,0.0,0.0
27,15,1,0,1.25,0.0,-1.25
27,16,1,0,1.25,0.0,-1.25
27,17,0,0,0.0,0.0,0.0
27,18,0,0,0.0,0.0,0.0
27,19,0,0,0.0,0.0,0.0
27,20,0,0,0.0,0.0,0.0
27,21,0,0,0.0,0.0,0.0
27,22,0,0,0.0,0.0,0.0
27,23,1,0,1.25,0.0,-1.25
27,24,0,0,0.0,0.0,0.0
27,25,0,1,0.0,1.25,1.25
27,26,0,1,0.0,1.25,1.25
27,27,0,0,0.0,0.0,0.0
27,28,0,1,0.0,1.25,1.25
27,29,0,1,0.0,1.25,1.25
27,30,0,0,0.0,0.0,0.0
27,31,1,1,1.25,1.25,0.0
27,32,0,0,0.0,0.0,0.0
27,33,0,0,0.0,0.0,0.0
27,34,0,0,0.0,0.0,0.0
27,35,0,0,0.0,0.0,0.0
27,36,0,1,0.0,1.25,1.25
27,37,0,0,0.0,0.0,0.0
27,38,0,0,0.0,0.0,0.0
27,39,1,0,1.25,0.0,-1.25
27,40,0,2,0.0,2.5,2.5
27,41,0,0,0.0,0.0,0.0
27,42,0,1,0.0,1.25,1.25
27,43,0,0,0.0,0.0,0.0
27,44,0,0,0.0,0.0,0.0
27,45,0,0,0.0,0.0,0.0
27,46,0,0,0.0,0.0,0.0
27,47,0,1,0.0,1.25,1.25
27,48,0,2,0.0,2.5,2.5
27,49,0,0,0.0,0.0,0.0
27,50,0,1,0.0,1.25,1.25
27,51,0,0,0.0,0.0,0.0
27,52,0,0,0.0,0.0,0.0
27,53,0,0,0.0,0.0,0.0
27,54,0,0,0.0,0.0,0.0
27,55,0,1,0.0,1.25,1.25
27,56,0,0,0.0,0.0,0.0
27,57,0,1,0.0,1.25,1.25
27,58,0,1,0.0,1.25,1.25
27,59,0,1,0.0,1.25,1.25
27,60,0,0,0.0,0.0,0.0
27,61,0,0,0.0,0.0,0.0
27,62,0,0,0.0,0.0,0.0
27,63,0,1,0.0,1.25,1.25
27,64,0,0,0.0,0.0,0.0
27,65,0,0,0.0,0.0,0.0
27,66,0,0,0.0,0.0,0.0
27,67,0,0,0.0,0.0,0.0
27,68,0,0,0.0,0.0,0.0
27,69,0,0,0.0,0.0,0.0
27,70,0,0,0.0,0.0,0.0
27,71,0,0,0.0,0.0,0.0
27,72,0,0,0.0,0.0,0.0
27,73,1,0,1.25,0.0,-1.25
27,74,0,0,0.0,0.0,0.0
27,75,0,0,0.0,0.0,0.0
27,76,0,0,0.0,0.0,0.0
27,77,0,0,0.0,0.0,0.0
27,78,0,0,0.0,0.0,0.0
27,79,0,0,0.0,0.0,0.0
27,80,0,0,0.0,0.0,0.0
27,81,0,0,0.0,0.0,0.0
27,82,0,0,0.0,0.0,0.0
27,83,0,0,0.0,0.0,0.0
27,84,1,0,1.25,0.0,-1.25
27,85,0,0,0.0,0.0,0.0
27,86,0,0,0.0,0.0,0.0
27,87,0,0,0.0,0.0,0.0
27,89,0,0,0.0,0.0,0.0
27,90,0,0,0.0,0.0,0.0
27,91,0,0,0.0,0.0,0.0
27,92,0,0,0.0,0.0,0.0
27,93,0,0,0.0,0.0,0.0
27,94,0,0,0.0,0.0,0.0
27,95,0,0,0.0,0.0,0.0
27,96,0,0,0.0,0.0,0.0
27,97,0,0,0.0,0.0,0.0
27,98,0,0,0.0,0.0,0.0
27,99,0,0,0.0,0.0,0.0
27,100,2,1,2.5,1.25,-1.25
27,101,0,0,0.0,0.0,0.0
27,102,0,0,0.0,0.0,0.0
27,103,0,0,0.0,0.0,0.0
27,104,0,0,0.0,0.0,0.0
27,105,0,0,0.0,0.0,0.0
27,106,1,0,1.25,0.0,-1.25
27,107,1,0,1.25,0.0,-1.25
28,0,0,0,0.0,0.0,0.0
28,1,1,0,1.25,0.0,-1.25
28,2,1,0,1.25,0.0,-1.25
28,3,0,0,0.0,0.0,0.0
28,4,0,0,0.0,0.0,0.0
28,5,0,0,0.0,0.0,0.0
28,6,0,0,0.0,0.0,0.0
28,7,0,0,0.0,0.0,0.0
28,8,0,0,0.0,0.0,0.0
28,9,0,0,0.0,0.0,0.0
28,10,0,0,0.0,0.0,0.0
28,11,1,0,1.25,0.0,-1.25
28,12,0,1,0.0,1.25,1.25
28,13,0,0,0.0,0.0,0.0
28,14,0,1,0.0,1.25,1.25
28,15,0,0,0.0,0.0,0.0
28,16,1,0,1.25,0.0,-1.25
28,17,0,0,0.0,0.0,0.0
28,18,0,0,0.0,0.0,0.0
28,19,0,0,0.0,0.0,0.0
28,20,0,0,0.0,0.0,0.0
28,21,0,0,0.0,0.0,0.0
28,22,0,0,0.0,0.0,0.0
28,23,1,0,1.25,0.0,-1.25
28,24,0,0,0.0,0.0,0.0
28,25,0,0,0.0,0.0,0.0
28,26,0,0,0.0,0.0,0.0
28,27,0,0,0.0,0.0,0.0
28,28,0,2,0.0,2.5,2.5
28,29,0,0,0.0,0.0,0.0
28,30,0,0,0.0,0.0,0.0
28,31,2,0,2.5,0.0,-2.5
28,32,0,0,0.0,0.0,0.0
28,33,1,0,1.25,0.0,-1.25
28,34,1,1,1.25,1.25,0.0
28,35,0,0,0.0,0.0,0.0
28,36,0,1,0.0,1.25,1.25
28,37,0,0,0.0,0.0,0.0
28,38,0,0,0.0,0.0,0.0
28,39,1,0,1.25,0.0,-1.25
28,40,1,1,1.25,1.25,0.0
28,41,0,0,0.0,0.0,0.0
28,42,0,0,0.0,0.0,0.0
28,43,0,0,0.0,0.0,0.0
28,44,0,0,0.0,0.0,0.0
28,45,0,0,0.0,0.0,0.0
28,46,0,0,0.0,0.0,0.0
28,47,1,1,1.25,1.25,0.0
28,48,0,0,0.0,0.0,0.0
28,49,0,1,0.0,1.25,1.25
28,50,0,0,0.0,0.0,0.0
28,51,0,0,0.0,0.0,0.0
28,52,0,0,0.0,0.0,0.0
28,53,0,0,0.0,0.0,0.0
28,54,0,1,0.0,1.25,1.25
28,55,0,0,0.0,0.0,0.0
28,56,0,0,0.0,0.0,0.0
28,57,0,0,0.0,0.0,0.0
28,58,0,0,0.0,0.0,0.0
28,59,1,1,1.25,1.25,0.0
28,60,0,1,0.0,1.25,1.25
28,61,0,0,0.0,0.0,0.0
28,62,0,0,0.0,0.0,0.0
28,63,0,0,0.0,0.0,0.0
28,64,0,0,0.0,0.0,0.0
28,65,0,0,0.0,0.0,0.0
28,66,0,0,0.0,0.0,0.0
28,67,0,1,0.0,1.25,1.25
28,68,1,0,1.25,0.0,-1.25
28,69,0,0,0.0,0.0,0.0
28,70,0,0,0.0,0.0,0.0
28,71,0,1,0.0,1.25,1.25
28,72,0,0,0.0,0.0,0.0
28,73,0,0,0.0,0.0,0.0
28,74,0,0,0.0,0.0,0.0
28,75,0,0,0.0,0.0,0.0
28,76,0,1,0.0,1.25,1.25
28,77,0,0,0.0,0.0,0.0
28,78,0,0,0.0,0.0,0.0
28,79,0,0,0.0,0.0,0.0
28,80,0,0,0.0,0.0,0.0
28,81,0,0,0.0,0.0,0.0
28,82,0,0,0.0,0.0,0.0
28,83,0,0,0.0,0.0,0.0
28,84,0,0,0.0,0.0,0.0
28,85,0,0,0.0,0.0,0.0
28,86,1,0,1.25,0.0,-1.25
28,87,0,0,0.0,0.0,0.0
28,89,1,1,1.25,1.25,0.0
28,90,1,0,1.25,0.0,-1.25
28,91,0,0,0.0,0.0,0.0
28,92,0,0,0.0,0.0,0.0
28,93,1,0,1.25,0.0,-1.25
28,94,0,1,0.0,1.25,1.25
28,95,0,1,0.0,1.25,1.25
28,96,0,0,0.0,0.0,0.0
28,97,0,0,0.0,0.0,0.0
28,98,0,1,0.0,1.25,1.25
28,99,0,1,0.0,1.25,1.25
28,100,0,1,0.0,1.25,1.25
28,101,0,0,0.0,0.0,0.0
28,102,0,0,0.0,0.0,0.0
28,103,0,0,0.0,0.0,0.0
28,104,0,2,0.0,2.5,2.5
28,105,0,0,0.0,0.0,0.0
28,106,1,0,1.25,0.0,-1.25
28,107,0,0,0.0,0.0,0.0
29,0,0,2,0.0,2.5,2.5
29,1,0,0,0.0,0.0,0.0
29,2,0,0,0.0,0.0,0.0
29,3,0,0,0.0,0.0,0.0
29,4,0,0,0.0,0.0,0.0
29,5,0,0,0.0,0.0,0.0
29,6,0,0,0.0,0.0,0.0
29,7,0,0,0.0,0.0,0.0
29,8,0,0,0.0,0.0,0.0
29,9,0,0,0.0,0.0,0.0
29,10,0,1,0.0,1.25,1.25
29,11,0,0,0.0,0.0,0.0
29,12,0,0,0.0,0.0,0.0
29,13,0,0,0.0,0.0,0.0
29,14,0,0,0.0,0.0,0.0
29,15,0,0,0.0,0.0,0.0
29,16,1,0,1.25,0.0,-1.25
29,17,0,0,0.0,0.0,0.0
29,18,0,0,0.0,0.0,0.0
29,19,0,0,0.0,0.0,0.0
29,20,0,0,0.0,0.0,0.0
29,21,0,0,0.0,0.0,0.0
29,22,0,0,0.0,0.0,0.0
29,23,0,0,0.0,0.0,0.0
29,24,0,0,0.0,0.0,0.0
29,25,0,0,0.0,0.0,0.0
29,26,0,1,0.0,1.25,1.25
29,27,0,0,0.0,0.0,0.0
29,28,0,1,0.0,1.25,1.25
29,29,0,0,0.0,0.0,0.0
29,30,0,0,0.0,0.0,0.0
29,31,0,0,0.0,0.0,0.0
29,32,0,0,0.0,0.0,0.0
29,33,0,0,0.0,0.0,0.0
29,34,0,0,0.0,0.0,0.0
29,35,0,0,0.0,0.0,0.0
29,36,0,0,0.0,0.0,0.0
29,37,0,1,0.0,1.25,1.25
29,38,0,0,0.0,0.0,0.0
29,39,0,0,0.0,0.0,0.0
29,40,0,1,0.0,1.25,1.25
29,41,0,0,0.0,0.0,0.0
29,42,0,0,0.0,0.0,0.0
29,43,0,0,0.0,0.0,0.0
29,44,0,0,0.0,0.0,0.0
29,45,0,0,0.0,0.0,0.0
29,46,0,0,0.0,0.0,0.0
29,47,0,1,0.0,1.25,1.25
29,48,0,1,0.0,1.25,1.25
29,49,0,0,0.0,0.0,0.0
29,50,0,0,0.0,0.0,0.0
29,51,0,0,0.0,0.0,0.0
29,52,0,0,0.0,0.0,0.0
29,53,0,0,0.0,0.0,0.0
29,54,0,0,0.0,0.0,0.0
29,55,0,0,0.0,0.0,0.0
29,56,0,0,0.0,0.0,0.0
29,57,0,0,0.0,0.0,0.0
29,58,0,0,0.0,0.0,0.0
29,59,0,0,0.0,0.0,0.0
29,60,0,0,0.0,0.0,0.0
29,61,0,0,0.0,0.0,0.0
29,62,0,0,0.0,0.0,0.0
29,63,0,0,0.0,0.0,0.0
29,64,0,0,0.0,0.0,0.0
29,65,0,0,0.0,0.0,0.0
29,66,0,0,0.0,0.0,0.0
29,67,0,0,0.0,0.0,0.0
29,68,0,0,0.0,0.0,0.0
29,69,0,0,0.0,0.0,0.0
29,70,0,0,0.0,0.0,0.0
29,71,0,0,0.0,0.0,0.0
29,72,0,0,0.0,0.0,0.0
29,73,0,0,0.0,0.0,0.0
29,74,0,0,0.0,0.0,0.0
29,75,0,0,0.0,0.0,0.0
29,76,0,0,0.0,0.0,0.0
29,77,0,0,0.0,0.0,0.0
29,78,0,0,0.0,0.0,0.0
29,79,0,0,0.0,0.0,0.0
29,80,0,0,0.0,0.0,0.0
29,81,0,0,0.0,0.0,0.0
29,82,0,0,0.0,0.0,0.0
29,83,0,0,0.0,0.0,0.0
29,84,0,0,0.0,0.0,0.0
29,85,0,0,0.0,0.0,0.0
29,86,0,0,0.0,0.0,0.0
29,87,0,0,0.0,0.0,0.0
29,89,1,0,1.25,0.0,-1.25
29,90,0,0,0.0,0.0,0.0
29,91,0,0,0.0,0.0,0.0
29,92,0,0,0.0,0.0,0.0
29,93,1,0,1.25,0.0,-1.25
29,94,0,0,0.0,0.0,0.0
29,95,0,0,0.0,0.0,0.0
29,96,0,0,0.0,0.0,0.0
29,97,1,0,1.25,0.0,-1.25
29,98,0,0,0.0,0.0,0.0
29,99,0,0,0.0,0.0,0.0
29,100,1,2,1.25,2.5,1.25
29,101,0,0,0.0,0.0,0.0
29,102,0,0,0.0,0.0,0.0
29,103,0,1,0.0,1.25,1.25
29,104,1,1,1.25,1.25,0.0
29,105,0,0,0.0,0.0,0.0
29,106,0,0,0.0,0.0,0.0
29,107,0,0,0.0,0.0,0.0
30,0,1,1,1.25,1.25,0.0
30,1,1,4,1.25,5.0,3.75
30,2,0,0,0.0,0.0,0.0
30,3,0,1,0.0,1.25,1.25
30,4,1,0,1.25,0.0,-1.25
30,5,0,2,0.0,2.5,2.5
30,6,0,2,0.0,2.5,2.5
30,7,0,0,0.0,0.0,0.0
30,8,0,0,0.0,0.0,0.0
30,9,0,1,0.0,1.25,1.25
30,10,0,0,0.0,0.0,0.0
30,11,1,0,1.25,0.0,-1.25
30,12,1,0,1.25,0.0,-1.25
30,13,0,1,0.0,1.25,1.25
30,14,0,1,0.0,1.25,1.25
30,15,0,0,0.0,0.0,0.0
30,16,0,0,0.0,0.0,0.0
30,17,0,0,0.0,0.0,0.0
30,18,0,0,0.0,0.0,0.0
30,19,0,0,0.0,0.0,0.0
30,20,0,0,0.0,0.0,0.0
30,21,0,0,0.0,0.0,0.0
30,22,0,0,0.0,0.0,0.0
30,23,0,1,0.0,1.25,1.25
30,24,0,0,0.0,0.0,0.0
30,25,0,0,0.0,0.0,0.0
30,26,0,0,0.0,0.0,0.0
30,27,0,0,0.0,0.0,0.0
30,28,1,0,1.25,0.0,-1.25
30,29,0,2,0.0,2.5,2.5
30,30,0,0,0.0,0.0,0.0
30,31,0,0,0.0,0.0,0.0
30,32,1,0,1.25,0.0,-1.25
30,33,0,1,0.0,1.25,1.25
30,34,0,0,0.0,0.0,0.0
30,35,1,0,1.25,0.0,-1.25
30,36,0,1,0.0,1.25,1.25
30,37,0,0,0.0,0.0,0.0
30,38,0,0,0.0,0.0,0.0
30,39,0,1,0.0,1.25,1.25
30,40,0,0,0.0,0.0,0.0
30,41,0,0,0.0,0.0,0.0
30,42,0,0,0.0,0.0,0.0
30,43,1,0,1.25,0.0,-1.25
30,44,0,0,0.0,0.0,0.0
30,45,0,0,0.0,0.0,0.0
30,46,0,2,0.0,2.5,2.5
30,47,0,0,0.0,0.0,0.0
30,48,0,0,0.0,0.0,0.0
30,49,0,0,0.0,0.0,0.0
30,50,0,0,0.0,0.0,0.0
30,51,2,1,2.5,1.25,-1.25
30,52,0,0,0.0,0.0,0.0
30,53,0,1,0.0,1.25,1.25
30,54,0,0,0.0,0.0,0.0
30,55,0,0,0.0,0.0,0.0
30,56,0,1,0.0,1.25,1.25
30,57,0,0,0.0,0.0,0.0
30,58,1,0,1.25,0.0,-1.25
30,59,0,0,0.0,0.0,0.0
30,60,0,1,0.0,1.25,1.25
30,61,0,2,0.0,2.5,2.5
30,62,0,1,0.0,1.25,1.25
30,63,0,0,0.0,0.0,0.0
30,64,0,1,0.0,1.25,1.25
30,65,0,0,0.0,0.0,0.0
30,66,0,0,0.0,0.0,0.0
30,67,0,1,0.0,1.25,1.25
30,68,0,1,0.0,1.25,1.25
30,69,1,0,1.25,0.0,-1.25
30,70,0,1,0.0,1.25,1.25
30,71,0,0,0.0,0.0,0.0
30,72,0,0,0.0,0.0,0.0
30,73,0,0,0.0,0.0,0.0
30,74,1,0,1.25,0.0,-1.25
30,75,0,0,0.0,0.0,0.0
30,76,0,1,0.0,1.25,1.25
30,77,0,0,0.0,0.0,0.0
30,78,0,0,0.0,0.0,0.0
30,79,0,0,0.0,0.0,0.0
30,80,0,0,0.0,0.0,0.0
30,81,0,0,0.0,0.0,0.0
30,82,0,0,0.0,0.0,0.0
30,83,0,0,0.0,0.0,0.0
30,84,0,1,0.0,1.25,1.25
30,85,1,1,1.25,1.25,0.0
30,86,0,1,0.0,1.25,1.25
30,87,1,0,1.25,0.0,-1.25
30,89,2,0,2.5,0.0,-2.5
30,90,0,0,0.0,0.0,0.0
30,91,0,0,0.0,0.0,0.0
30,92,0,0,0.0,0.0,0.0
30,93,0,0,0.0,0.0,0.0
30,94,0,1,0.0,1.25,1.25
30,95,0,0,0.0,0.0,0.0
30,96,0,0,0.0,0.0,0.0
30,97,1,0,1.25,0.0,-1.25
30,98,0,0,0.0,0.0,0.0
30,99,1,3,1.25,3.75,2.5
30,100,0,0,0.0,0.0,0.0
30,101,1,0,1.25,0.0,-1.25
30,102,0,0,0.0,0.0,0.0
30,103,0,0,0.0,0.0,0.0
30,104,0,0,0.0,0.0,0.0
30,105,2,0,2.5,0.0,-2.5
30,106,0,1,0.0,1.25,1.25
30,107,0,1,0.0,1.25,1.25
31,0,2,0,2.5,0.0,-2.5
31,1,1,1,1.25,1.25,0.0
31,2,1,0,1.25,0.0,-1.25
31,3,2,0,2.5,0.0,-2.5
31,4,0,0,0.0,0.0,0.0
31,5,0,0,0.0,0.0,0.0
31,6,0,1,0.0,1.25,1.25
31,7,0,0,0.0,0.0,0.0
31,8,0,1,0.0,1.25,1.25
31,9,0,0,0.0,0.0,0.0
31,10,0,1,0.0,1.25,1.25
31,11,0,0,0.0,0.0,0.0
31,12,0,0,0.0,0.0,0.0
31,13,0,0,0.0,0.0,0.0
31,14,0,0,0.0,0.0,0.0
31,15,0,0,0.0,0.0,0.0
31,16,0,1,0.0,1.25,1.25
31,17,0,0,0.0,0.0,0.0
31,18,0,0,0.0,0.0,0.0
31,19,0,1,0.0,1.25,1.25
31,20,0,0,0.0,0.0,0.0
31,21,1,0,1.25,0.0,-1.25
31,22,0,0,0.0,0.0,0.0
31,23,1,0,1.25,0.0,-1.25
31,24,0,0,0.0,0.0,0.0
31,25,0,1,0.0,1.25,1.25
31,26,1,0,1.25,0.0,-1.25
31,27,0,0,0.0,0.0,0.0
31,28,0,3,0.0,3.75,3.75
31,29,0,0,0.0,0.0,0.0
31,30,0,0,0.0,0.0,0.0
31,31,0,1,0.0,1.25,1.25
31,32,0,0,0.0,0.0,0.0
31,33,0,1,0.0,1.25,1.25
31,34,0,0,0.0,0.0,0.0
31,35,0,0,0.0,0.0,0.0
31,36,0,0,0.0,0.0,0.0
31,37,1,0,1.25,0.0,-1.25
31,38,0,0,0.0,0.0,0.0
31,39,0,2,0.0,2.5,2.5
31,40,0,0,0.0,0.0,0.0
31,41,0,2,0.0,2.5,2.5
31,42,1,1,1.25,1.25,0.0
31,43,0,0,0.0,0.0,0.0
31,44,0,0,0.0,0.0,0.0
31,45,0,1,0.0,1.25,1.25
31,46,0,0,0.0,0.0,0.0
31,47,0,2,0.0,2.5,2.5
31,48,0,0,0.0,0.0,0.0
31,49,0,1,0.0,1.25,1.25
31,50,0,2,0.0,2.5,2.5
31,51,0,0,0.0,0.0,0.0
31,52,0,0,0.0,0.0,0.0
31,53,0,0,0.0,0.0,0.0
31,54,0,0,0.0,0.0,0.0
31,55,0,0,0.0,0.0,0.0
31,56,1,1,1.25,1.25,0.0
31,57,0,0,0.0,0.0,0.0
31,58,0,0,0.0,0.0,0.0
31,59,0,0,0.0,0.0,0.0
31,60,0,0,0.0,0.0,0.0
31,61,1,0,1.25,0.0,-1.25
31,62,1,0,1.25,0.0,-1.25
31,63,0,0,0.0,0.0,0.0
31,64,0,3,0.0,3.75,3.75
31,65,0,0,0.0,0.0,0.0
31,66,0,0,0.0,0.0,0.0
31,67,0,1,0.0,1.25,1.25
31,68,1,1,1.25,1.25,0.0
31,69,1,0,1.25,0.0,-1.25
31,70,1,0,1.25,0.0,-1.25
31,71,1,1,1.25,1.25,0.0
31,72,2,0,2.5,0.0,-2.5
31,73,0,0,0.0,0.0,0.0
31,74,0,1,0.0,1.25,1.25
31,75,1,0,1.25,0.0,-1.25
31,76,0,1,0.0,1.25,1.25
31,77,0,1,0.0,1.25,1.25
31,78,0,0,0.0,0.0,0.0
31,79,0,0,0.0,0.0,0.0
31,80,0,2,0.0,2.5,2.5
31,81,0,1,0.0,1.25,1.25
31,82,0,0,0.0,0.0,0.0
31,83,0,0,0.0,0.0,0.0
31,84,0,1,0.0,1.25,1.25
31,85,0,0,0.0,0.0,0.0
31,86,0,0,0.0,0.0,0.0
31,87,0,1,0.0,1.25,1.25
31,89,0,0,0.0,0.0,0.0
31,90,0,0,0.0,0.0,0.0
31,91,0,1,0.0,1.25,1.25
31,92,0,0,0.0,0.0,0.0
31,93,0,0,0.0,0.0,0.0
31,94,1,0,1.25,0.0,-1.25
31,95,1,1,1.25,1.25,0.0
31,96,0,0,0.0,0.0,0.0
31,97,0,1,0.0,1.25,1.25
31,98,1,0,1.25,0.0,-1.25
31,99,1,0,1.25,0.0,-1.25
31,100,0,0,0.0,0.0,0.0
31,101,0,0,0.0,0.0,0.0
31,102,0,2,0.0,2.5,2.5
31,103,2,0,2.5,0.0,-2.5
31,104,1,0,1.25,0.0,-1.25
31,105,1,0,1.25,0.0,-1.25
31,106,0,1,0.0,1.25,1.25
31,107,0,0,0.0,0.0,0.0
32,0,1,0,1.25,0.0,-1.25
32,1,0,0,0.0,0.0,0.0
32,2,0,0,0.0,0.0,0.0
32,3,1,0,1.25,0.0,-1.25
32,4,0,0,0.0,0.0,0.0
32,5,1,0,1.25,0.0,-1.25
32,6,0,0,0.0,0.0,0.0
32,7,0,0,0.0,0.0,0.0
32,8,0,0,0.0,0.0,0.0
32,9,0,1,0.0,1.25,1.25
32,10,0,0,0.0,0.0,0.0
32,11,1,1,1.25,1.25,0.0
32,12,2,0,2.5,0.0,-2.5
32,13,0,0,0.0,0.0,0.0
32,14,0,0,0.0,0.0,0.0
32,15,0,1,0.0,1.25,1.25
32,16,0,0,0.0,0.0,0.0
32,17,0,0,0.0,0.0,0.0
32,18,0,0,0.0,0.0,0.0
32,19,0,0,0.0,0.0,0.0
32,20,0,0,0.0,0.0,0.0
32,21,1,0,1.25,0.0,-1.25
32,22,0,0,0.0,0.0,0.0
32,23,1,0,1.25,0.0,-1.25
32,24,0,0,0.0,0.0,0.0
32,25,0,0,0.0,0.0,0.0
32,26,0,0,0.0,0.0,0.0
32,27,0,0,0.0,0.0,0.0
32,28,0,1,0.0,1.25,1.25
32,29,0,0,0.0,0.0,0.0
32,30,0,0,0.0,0.0,0.0
32,31,1,0,1.25,0.0,-1.25
32,32,0,0,0.0,0.0,0.0
32,33,0,0,0.0,0.0,0.0
32,34,0,0,0.0,0.0,0.0
32,35,0,0,0.0,0.0,0.0
32,36,0,1,0.0,1.25,1.25
32,37,1,0,1.25,0.0,-1.25
32,38,1,0,1.25,0.0,-1.25
32,39,0,1,0.0,1.25,1.25
32,40,0,1,0.0,1.25,1.25
32,41,1,0,1.25,0.0,-1.25
32,42,1,0,1.25,0.0,-1.25
32,43,0,0,0.0,0.0,0.0
32,44,0,0,0.0,0.0,0.0
32,45,0,1,0.0,1.25,1.25
32,46,0,0,0.0,0.0,0.0
32,47,0,0,0.0,0.0,0.0
32,48,0,0,0.0,0.0,0.0
32,49,0,0,0.0,0.0,0.0
32,50,0,0,0.0,0.0,0.0
32,51,0,0,0.0,0.0,0.0
32,52,0,0,0.0,0.0,0.0
32,53,0,0,0.0,0.0,0.0
32,54,1,0,1.25,0.0,-1.25
32,55,0,0,0.0,0.0,0.0
32,56,1,0,1.25,0.0,-1.25
32,57,0,0,0.0,0.0,0.0
32,58,0,0,0.0,0.0,0.0
32,59,0,0,0.0,0.0,0.0
32,60,0,0,0.0,0.0,0.0
32,61,1,0,1.25,0.0,-1.25
32,62,0,0,0.0,0.0,0.0
32,63,0,0,0.0,0.0,0.0
32,64,0,0,0.0,0.0,0.0
32,65,0,0,0.0,0.0,0.0
32,66,1,2,1.25,2.5,1.25
32,67,0,1,0.0,1.25,1.25
32,68,0,0,0.0,0.0,0.0
32,69,0,0,0.0,0.0,0.0
32,70,0,0,0.0,0.0,0.0
32,71,0,0,0.0,0.0,0.0
32,72,0,1,0.0,1.25,1.25
32,73,0,0,0.0,0.0,0.0
32,74,0,0,0.0,0.0,0.0
32,75,0,0,0.0,0.0,0.0
32,76,0,0,0.0,0.0,0.0
32,77,0,0,0.0,0.0,0.0
32,78,0,0,0.0,0.0,0.0
32,79,0,0,0.0,0.0,0.0
32,80,0,0,0.0,0.0,0.0
32,81,0,0,0.0,0.0,0.0
32,82,0,0,0.0,0.0,0.0
32,83,0,0,0.0,0.0,0.0
32,84,1,0,1.25,0.0,-1.25
32,85,0,0,0.0,0.0,0.0
32,86,1,0,1.25,0.0,-1.25
32,87,0,0,0.0,0.0,0.0
32,89,1,0,1.25,0.0,-1.25
32,90,0,0,0.0,0.0,0.0
32,91,0,0,0.0,0.0,0.0
32,92,0,0,0.0,0.0,0.0
32,93,0,0,0.0,0.0,0.0
32,94,0,1,0.0,1.25,1.25
32,95,0,0,0.0,0.0,0.0
32,96,0,0,0.0,0.0,0.0
32,97,1,0,1.25,0.0,-1.25
32,98,0,0,0.0,0.0,0.0
32,99,0,0,0.0,0.0,0.0
32,100,1,1,1.25,1.25,0.0
32,101,0,0,0.0,0.0,0.0
32,102,0,0,0.0,0.0,0.0
32,103,0,0,0.0,0.0,0.0
32,104,0,1,0.0,1.25,1.25
32,105,0,0,0.0,0.0,0.0
32,106,1,0,1.25,0.0,-1.25
32,107,0,0,0.0,0.0,0.0
33,0,0,0,0.0,0.0,0.0
33,1,0,0,0.0,0.0,0.0
33,2,0,0,0.0,0.0,0.0
33,3,1,0,1.25,0.0,-1.25
33,4,0,0,0.0,0.0,0.0
33,5,1,0,1.25,0.0,-1.25
33,6,0,0,0.0,0.0,0.0
33,7,0,0,0.0,0.0,0.0
33,8,1,0,1.25,0.0,-1.25
33,9,0,0,0.0,0.0,0.0
33,10,1,0,1.25,0.0,-1.25
33,11,0,1,0.0,1.25,1.25
33,12,0,0,0.0,0.0,0.0
33,13,0,1,0.0,1.25,1.25
33,14,0,0,0.0,0.0,0.0
33,15,0,0,0.0,0.0,0.0
33,16,0,0,0.0,0.0,0.0
33,17,0,0,0.0,0.0,0.0
33,18,0,0,0.0,0.0,0.0
33,19,0,0,0.0,0.0,0.0
33,20,0,0,0.0,0.0,0.0
33,21,0,0,0.0,0.0,0.0
33,22,0,0,0.0,0.0,0.0
33,23,0,0,0.0,0.0,0.0
33,24,0,0,0.0,0.0,0.0
33,25,2,2,2.5,2.5,0.0
33,26,0,0,0.0,0.0,0.0
33,27,1,0,1.25,0.0,-1.25
33,28,0,1,0.0,1.25,1.25
33,29,0,0,0.0,0.0,0.0
33,30,0,0,0.0,0.0,0.0
33,31,0,1,0.0,1.25,1.25
33,32,0,0,0.0,0.0,0.0
33,33,0,0,0.0,0.0,0.0
33,34,0,2,0.0,2.5,2.5
33,35,0,0,0.0,0.0,0.0
33,36,0,0,0.0,0.0,0.0
33,37,0,0,0.0,0.0,0.0
33,38,0,0,0.0,0.0,0.0
33,39,0,0,0.0,0.0,0.0
33,40,0,0,0.0,0.0,0.0
33,41,0,0,0.0,0.0,0.0
33,42,0,0,0.0,0.0,0.0
33,43,1,0,1.25,0.0,-1.25
33,44,0,0,0.0,0.0,0.0
33,45,0,2,0.0,2.5,2.5
33,46,0,0,0.0,0.0,0.0
33,47,0,0,0.0,0.0,0.0
33,48,0,0,0.0,0.0,0.0
33,49,0,1,0.0,1.25,1.25
33,50,0,0,0.0,0.0,0.0
33,51,0,0,0.0,0.0,0.0
33,52,0,1,0.0,1.25,1.25
33,53,0,1,0.0,1.25,1.25
33,54,0,0,0.0,0.0,0.0
33,55,0,0,0.0,0.0,0.0
33,56,0,0,0.0,0.0,0.0
33,57,0,0,0.0,0.0,0.0
33,58,0,0,0.0,0.0,0.0
33,59,1,1,1.25,1.25,0.0
33,60,0,0,0.0,0.0,0.0
33,61,0,0,0.0,0.0,0.0
33,62,0,0,0.0,0.0,0.0
33,63,0,1,0.0,1.25,1.25
33,64,0,0,0.0,0.0,0.0
33,65,0,0,0.0,0.0,0.0
33,66,0,0,0.0,0.0,0.0
33,67,0,1,0.0,1.25,1.25
33,68,0,0,0.0,0.0,0.0
33,69,0,0,0.0,0.0,0.0
33,70,0,0,0.0,0.0,0.0
33,71,0,1,0.0,1.25,1.25
33,72,0,0,0.0,0.0,0.0
33,73,0,0,0.0,0.0,0.0
33,74,0,0,0.0,0.0,0.0
33,75,0,0,0.0,0.0,0.0
33,76,0,0,0.0,0.0,0.0
33,77,0,0,0.0,0.0,0.0
33,78,0,0,0.0,0.0,0.0
33,79,0,0,0.0,0.0,0.0
33,80,0,0,0.0,0.0,0.0
33,81,0,0,0.0,0.0,0.0
33,82,0,0,0.0,0.0,0.0
33,83,0,0,0.0,0.0,0.0
33,84,0,1,0.0,1.25,1.25
33,85,0,0,0.0,0.0,0.0
33,86,0,0,0.0,0.0,0.0
33,87,0,0,0.0,0.0,0.0
33,89,0,1,0.0,1.25,1.25
33,90,0,1,0.0,1.25,1.25
33,91,1,0,1.25,0.0,-1.25
33,92,0,0,0.0,0.0,0.0
33,93,1,0,1.25,0.0,-1.25
33,94,0,0,0.0,0.0,0.0
33,95,1,0,1.25,0.0,-1.25
33,96,0,0,0.0,0.0,0.0
33,97,0,0,0.0,0.0,0.0
33,98,0,1,0.0,1.25,1.25
33,99,0,0,0.0,0.0,0.0
33,100,0,0,0.0,0.0,0.0
33,101,0,0,0.0,0.0,0.0
33,102,0,0,0.0,0.0,0.0
33,103,0,0,0.0,0.0,0.0
33,104,0,1,0.0,1.25,1.25
33,105,0,0,0.0,0.0,0.0
33,106,0,0,0.0,0.0,0.0
33,107,0,0,0.0,0.0,0.0
34,0,0,0,0.0,0.0,0.0
34,1,0,0,0.0,0.0,0.0
34,2,1,0,1.25,0.0,-1.25
34,3,0,0,0.0,0.0,0.0
34,4,0,0,0.0,0.0,0.0
34,5,1,2,1.25,2.5,1.25
34,6,0,4,0.0,5.0,5.0
34,7,7,0,8.75,0.0,-8.75
34,8,0,0,0.0,0.0,0.0
34,9,0,0,0.0,0.0,0.0
34,10,0,0,0.0,0.0,0.0
34,11,0,0,0.0,0.0,0.0
34,12,0,0,0.0,0.0,0.0
34,13,0,0,0.0,0.0,0.0
34,14,0,0,0.0,0.0,0.0
34,15,0,0,0.0,0.0,0.0
34,16,0,0,0.0,0.0,0.0
34,17,0,0,0.0,0.0,0.0
34,18,0,0,0.0,0.0,0.0
34,19,0,0,0.0,0.0,0.0
34,20,0,0,0.0,0.0,0.0
34,21,0,0,0.0,0.0,0.0
34,22,0,0,0.0,0.0,0.0
34,23,0,0,0.0,0.0,0.0
34,24,0,0,0.0,0.0,0.0
34,25,0,0,0.0,0.0,0.0
34,26,0,0,0.0,0.0,0.0
34,27,0,0,0.0,0.0,0.0
34,28,0,0,0.0,0.0,0.0
34,29,0,0,0.0,0.0,0.0
34,30,0,0,0.0,0.0,0.0
34,31,0,0,0.0,0.0,0.0
34,32,2,0,2.5,0.0,-2.5
34,33,0,0,0.0,0.0,0.0
34,34,0,0,0.0,0.0,0.0
34,35,0,0,0.0,0.0,0.0
34,36,0,0,0.0,0.0,0.0
34,37,0,0,0.0,0.0,0.0
34,38,0,0,0.0,0.0,0.0
34,39,0,0,0.0,0.0,0.0
34,40,0,0,0.0,0.0,0.0
34,41,0,0,0.0,0.0,0.0
34,42,0,0,0.0,0.0,0.0
34,43,0,0,0.0,0.0,0.0
34,44,0,0,0.0,0.0,0.0
34,45,1,0,1.25,0.0,-1.25
34,46,0,0,0.0,0.0,0.0
34,47,0,0,0.0,0.0,0.0
34,48,0,0,0.0,0.0,0.0
34,49,0,2,0.0,2.5,2.5
34,50,0,0,0.0,0.0,0.0
34,51,0,0,0.0,0.0,0.0
34,52,0,0,0.0,0.0,0.0
34,53,0,0,0.0,0.0,0.0
34,54,0,0,0.0,0.0,0.0
34,55,0,0,0.0,0.0,0.0
34,56,0,0,0.0,0.0,0.0
34,57,1,0,1.25,0.0,-1.25
34,58,0,0,0.0,0.0,0.0
34,59,0,0,0.0,0.0,0.0
34,60,1,0,1.25,0.0,-1.25
34,61,1,0,1.25,0.0,-1.25
34,62,0,0,0.0,0.0,0.0
34,63,0,1,0.0,1.25,1.25
34,64,1,0,1.25,0.0,-1.25
34,65,0,0,0.0,0.0,0.0
34,66,0,0,0.0,0.0,0.0
34,67,0,0,0.0,0.0,0.0
34,68,0,0,0.0,0.0,0.0
34,69,0,0,0.0,0.0,0.0
34,70,0,0,0.0,0.0,0.0
34,71,0,0,0.0,0.0,0.0
34,72,0,0,0.0,0.0,0.0
34,73,0,0,0.0,0.0,0.0
34,74,0,0,0.0,0.0,0.0
34,75,0,0,0.0,0.0,0.0
34,76,0,0,0.0,0.0,0.0
34,77,0,0,0.0,0.0,0.0
34,78,0,0,0.0,0.0,0.0
34,79,0,0,0.0,0.0,0.0
34,80,0,0,0.0,0.0,0.0
34,81,0,0,0.0,0.0,0.0
34,82,0,0,0.0,0.0,0.0
34,83,0,0,0.0,0.0,0.0
34,84,0,0,0.0,0.0,0.0
34,85,1,0,1.25,0.0,-1.25
34,86,0,0,0.0,0.0,0.0
34,87,0,0,0.0,0.0,0.0
34,89,0,0,0.0,0.0,0.0
34,90,0,0,0.0,0.0,0.0
34,91,0,0,0.0,0.0,0.0
34,92,0,0,0.0,0.0,0.0
34,93,0,0,0.0,0.0,0.0
34,94,0,0,0.0,0.0,0.0
34,95,0,0,0.0,0.0,0.0
34,96,0,0,0.0,0.0,0.0
34,97,0,0,0.0,0.0,0.0
34,98,0,0,0.0,0.0,0.0
34,99,0,0,0.0,0.0,0.0
34,100,0,0,0.0,0.0,0.0
34,101,0,0,0.0,0.0,0.0
34,102,0,0,0.0,0.0,0.0
34,103,0,0,0.0,0.0,0.0
34,104,0,0,0.0,0.0,0.0
34,105,0,0,0.0,0.0,0.0
34,106,0,0,0.0,0.0,0.0
34,107,0,0,0.0,0.0,0.0
35,0,1,0,1.25,0.0,-1.25
35,1,0,1,0.0,1.25,1.25
35,2,0,0,0.0,0.0,0.0
35,3,0,0,0.0,0.0,0.0
35,4,0,0,0.0,0.0,0.0
35,5,0,3,0.0,3.75,3.75
35,6,0,3,0.0,3.75,3.75
35,7,3,0,3.75,0.0,-3.75
35,8,1,0,1.25,0.0,-1.25
35,9,0,0,0.0,0.0,0.0
35,10,0,0,0.0,0.0,0.0
35,11,3,0,3.75,0.0,-3.75
35,12,0,1,0.0,1.25,1.25
35,13,0,0,0.0,0.0,0.0
35,14,0,0,0.0,0.0,0.0
35,15,0,0,0.0,0.0,0.0
35,16,0,0,0.0,0.0,0.0
35,17,0,0,0.0,0.0,0.0
35,18,0,0,0.0,0.0,0.0
35,19,0,0,0.0,0.0,0.0
35,20,0,0,0.0,0.0,0.0
35,21,0,0,0.0,0.0,0.0
35,22,0,0,0.0,0.0,0.0
35,23,0,1,0.0,1.25,1.25
35,24,0,0,0.0,0.0,0.0
35,25,0,0,0.0,0.0,0.0
35,26,0,0,0.0,0.0,0.0
35,27,0,2,0.0,2.5,2.5
35,28,0,0,0.0,0.0,0.0
35,29,0,0,0.0,0.0,0.0
35,30,0,0,0.0,0.0,0.0
35,31,2,1,2.5,1.25,-1.25
35,32,4,0,5.0,0.0,-5.0
35,33,0,0,0.0,0.0,0.0
35,34,0,0,0.0,0.0,0.0
35,35,0,0,0.0,0.0,0.0
35,36,0,1,0.0,1.25,1.25
35,37,0,0,0.0,0.0,0.0
35,38,0,0,0.0,0.0,0.0
35,39,0,0,0.0,0.0,0.0
35,40,0,0,0.0,0.0,0.0
35,41,0,0,0.0,0.0,0.0
35,42,0,0,0.0,0.0,0.0
35,43,0,2,0.0,2.5,2.5
35,44,0,0,0.0,0.0,0.0
35,45,0,0,0.0,0.0,0.0
35,46,0,0,0.0,0.0,0.0
35,47,0,0,0.0,0.0,0.0
35,48,0,0,0.0,0.0,0.0
35,49,0,1,0.0,1.25,1.25
35,50,1,0,1.25,0.0,-1.25
35,51,0,0,0.0,0.0,0.0
35,52,0,0,0.0,0.0,0.0
35,53,0,0,0.0,0.0,0.0
35,54,0,0,0.0,0.0,0.0
35,55,0,0,0.0,0.0,0.0
35,56,0,0,0.0,0.0,0.0
35,57,2,0,2.5,0.0,-2.5
35,58,0,1,0.0,1.25,1.25
35,59,0,0,0.0,0.0,0.0
35,60,1,0,1.25,0.0,-1.25
35,61,0,0,0.0,0.0,0.0
35,62,0,0,0.0,0.0,0.0
35,63,0,2,0.0,2.5,2.5
35,64,1,0,1.25,0.0,-1.25
35,65,0,0,0.0,0.0,0.0
35,66,0,0,0.0,0.0,0.0
35,67,0,0,0.0,0.0,0.0
35,68,2,0,2.5,0.0,-2.5
35,69,0,0,0.0,0.0,0.0
35,70,0,0,0.0,0.0,0.0
35,71,0,0,0.0,0.0,0.0
35,72,0,0,0.0,0.0,0.0
35,73,0,1,0.0,1.25,1.25
35,74,0,0,0.0,0.0,0.0
35,75,0,0,0.0,0.0,0.0
35,76,0,0,0.0,0.0,0.0
35,77,1,0,1.25,0.0,-1.25
35,78,0,0,0.0,0.0,0.0
35,79,0,0,0.0,0.0,0.0
35,80,0,0,0.0,0.0,0.0
35,81,1,0,1.25,0.0,-1.25
35,82,0,0,0.0,0.0,0.0
35,83,0,0,0.0,0.0,0.0
35,84,0,0,0.0,0.0,0.0
35,85,0,1,0.0,1.25,1.25
35,86,0,0,0.0,0.0,0.0
35,87,1,2,1.25,2.5,1.25
35,89,0,0,0.0,0.0,0.0
35,90,0,1,0.0,1.25,1.25
35,91,0,0,0.0,0.0,0.0
35,92,0,1,0.0,1.25,1.25
35,93,0,1,0.0,1.25,1.25
35,94,0,0,0.0,0.0,0.0
35,95,0,0,0.0,0.0,0.0
35,96,1,0,1.25,0.0,-1.25
35,97,0,0,0.0,0.0,0.0
35,98,0,0,0.0,0.0,0.0
35,99,0,0,0.0,0.0,0.0
35,100,0,0,0.0,0.0,0.0
35,101,0,1,0.0,1.25,1.25
35,102,0,1,0.0,1.25,1.25
35,103,0,1,0.0,1.25,1.25
35,104,0,0,0.0,0.0,0.0
35,105,0,0,0.0,0.0,0.0
35,106,0,0,0.0,0.0,0.0
35,107,0,0,0.0,0.0,0.0
36,0,0,0,0.0,0.0,0.0
36,1,0,0,0.0,0.0,0.0
36,2,0,0,0.0,0.0,0.0
36,3,0,0,0.0,0.0,0.0
36,4,0,0,0.0,0.0,0.0
36,5,0,0,0.0,0.0,0.0
36,6,0,4,0.0,5.0,5.0
36,7,4,0,5.0,0.0,-5.0
36,8,0,0,0.0,0.0,0.0
36,9,0,0,0.0,0.0,0.0
36,10,0,0,0.0,0.0,0.0
36,11,0,0,0.0,0.0,0.0
36,12,0,0,0.0,0.0,0.0
36,13,0,0,0.0,0.0,0.0
36,14,0,0,0.0,0.0,0.0
36,15,0,0,0.0,0.0,0.0
36,16,0,0,0.0,0.0,0.0
36,17,0,1,0.0,1.25,1.25
36,18,0,0,0.0,0.0,0.0
36,19,0,0,0.0,0.0,0.0
36,20,0,0,0.0,0.0,0.0
36,21,0,0,0.0,0.0,0.0
36,22,0,0,0.0,0.0,0.0
36,23,0,0,0.0,0.0,0.0
36,24,0,0,0.0,0.0,0.0
36,25,0,0,0.0,0.0,0.0
36,26,0,0,0.0,0.0,0.0
36,27,1,0,1.25,0.0,-1.25
36,28,0,0,0.0,0.0,0.0
36,29,0,0,0.0,0.0,0.0
36,30,0,0,0.0,0.0,0.0
36,31,0,0,0.0,0.0,0.0
36,32,1,0,1.25,0.0,-1.25
36,33,0,1,0.0,1.25,1.25
36,34,0,0,0.0,0.0,0.0
36,35,0,0,0.0,0.0,0.0
36,36,0,0,0.0,0.0,0.0
36,37,0,0,0.0,0.0,0.0
36,38,0,0,0.0,0.0,0.0
36,39,0,0,0.0,0.0,0.0
36,40,0,0,0.0,0.0,0.0
36,41,0,0,0.0,0.0,0.0
36,42,0,0,0.0,0.0,0.0
36,43,0,0,0.0,0.0,0.0
36,44,0,1,0.0,1.25,1.25
36,45,0,0,0.0,0.0,0.0
36,46,0,0,0.0,0.0,0.0
36,47,0,0,0.0,0.0,0.0
36,48,0,0,0.0,0.0,0.0
36,49,0,0,0.0,0.0,0.0
36,50,0,0,0.0,0.0,0.0
36,51,0,0,0.0,0.0,0.0
36,52,0,0,0.0,0.0,0.0
36,53,0,0,0.0,0.0,0.0
36,54,0,0,0.0,0.0,0.0
36,55,0,0,0.0,0.0,0.0
36,56,0,0,0.0,0.0,0.0
36,57,2,0,2.5,0.0,-2.5
36,58,0,0,0.0,0.0,0.0
36,59,0,0,0.0,0.0,0.0
36,60,1,0,1.25,0.0,-1.25
36,61,1,0,1.25,0.0,-1.25
36,62,0,0,0.0,0.0,0.0
36,63,0,1,0.0,1.25,1.25
36,64,2,0,2.5,0.0,-2.5
36,65,0,0,0.0,0.0,0.0
36,66,0,0,0.0,0.0,0.0
36,67,0,0,0.0,0.0,0.0
36,68,0,0,0.0,0.0,0.0
36,69,0,0,0.0,0.0,0.0
36,70,0,0,0.0,0.0,0.0
36,71,0,0,0.0,0.0,0.0
36,72,0,0,0.0,0.0,0.0
36,73,0,1,0.0,1.25,1.25
36,74,0,0,0.0,0.0,0.0
36,75,1,0,1.25,0.0,-1.25
36,76,0,0,0.0,0.0,0.0
36,77,0,0,0.0,0.0,0.0
36,78,1,0,1.25,0.0,-1.25
36,79,0,0,0.0,0.0,0.0
36,80,0,0,0.0,0.0,0.0
36,81,0,0,0.0,0.0,0.0
36,82,0,0,0.0,0.0,0.0
36,83,0,0,0.0,0.0,0.0
36,84,0,0,0.0,0.0,0.0
36,85,0,0,0.0,0.0,0.0
36,86,0,0,0.0,0.0,0.0
36,87,0,0,0.0,0.0,0.0
36,89,0,0,0.0,0.0,0.0
36,90,0,0,0.0,0.0,0.0
36,91,0,0,0.0,0.0,0.0
36,92,0,0,0.0,0.0,0.0
36,93,1,0,1.25,0.0,-1.25
36,94,1,0,1.25,0.0,-1.25
36,95,0,0,0.0,0.0,0.0
36,96,0,0,0.0,0.0,0.0
36,97,0,0,0.0,0.0,0.0
36,98,0,0,0.0,0.0,0.0
36,99,0,0,0.0,0.0,0.0
36,100,1,0,1.25,0.0,-1.25
36,101,0,0,0.0,0.0,0.0
36,102,0,0,0.0,0.0,0.0
36,103,0,0,0.0,0.0,0.0
36,104,0,0,0.0,0.0,0.0
36,105,0,0,0.0,0.0,0.0
36,106,0,1,0.0,1.25,1.25
36,107,0,2,0.0,2.5,2.5
37,0,0,0,0.0,0.0,0.0
37,1,0,0,0.0,0.0,0.0
37,2,0,0,0.0,0.0,0.0
37,3,0,0,0.0,0.0,0.0
37,4,0,0,0.0,0.0,0.0
37,5,0,1,0.0,1.25,1.25
37,6,0,2,0.0,2.5,2.5
37,7,4,0,5.0,0.0,-5.0
37,8,0,0,0.0,0.0,0.0
37,9,0,0,0.0,0.0,0.0
37,10,0,0,0.0,0.0,0.0
37,11,0,0,0.0,0.0,0.0
37,12,0,0,0.0,0.0,0.0
37,13,0,0,0.0,0.0,0.0
37,14,0,0,0.0,0.0,0.0
37,15,0,0,0.0,0.0,0.0
37,16,0,0,0.0,0.0,0.0
37,17,0,0,0.0,0.0,0.0
37,18,0,0,0.0,0.0,0.0
37,19,1,0,1.25,0.0,-1.25
37,20,1,1,1.25,1.25,0.0
37,21,0,0,0.0,0.0,0.0
37,22,0,0,0.0,0.0,0.0
37,23,0,0,0.0,0.0,0.0
37,24,0,0,0.0,0.0,0.0
37,25,0,0,0.0,0.0,0.0
37,26,0,0,0.0,0.0,0.0
37,27,0,0,0.0,0.0,0.0
37,28,0,0,0.0,0.0,0.0
37,29,0,0,0.0,0.0,0.0
37,30,0,0,0.0,0.0,0.0
37,31,1,0,1.25,0.0,-1.25
37,32,2,0,2.5,0.0,-2.5
37,33,0,0,0.0,0.0,0.0
37,34,0,0,0.0,0.0,0.0
37,35,0,0,0.0,0.0,0.0
37,36,0,0,0.0,0.0,0.0
37,37,0,0,0.0,0.0,0.0
37,38,0,0,0.0,0.0,0.0
37,39,0,0,0.0,0.0,0.0
37,40,1,0,1.25,0.0,-1.25
37,41,0,0,0.0,0.0,0.0
37,42,0,0,0.0,0.0,0.0
37,43,0,0,0.0,0.0,0.0
37,44,0,0,0.0,0.0,0.0
37,45,0,0,0.0,0.0,0.0
37,46,0,0,0.0,0.0,0.0
37,47,0,0,0.0,0.0,0.0
37,48,0,1,0.0,1.25,1.25
37,49,0,2,0.0,2.5,2.5
37,50,0,0,0.0,0.0,0.0
37,51,0,0,0.0,0.0,0.0
37,52,0,0,0.0,0.0,0.0
37,53,0,0,0.0,0.0,0.0
37,54,0,0,0.0,0.0,0.0
37,55,0,0,0.0,0.0,0.0
37,56,0,0,0.0,0.0,0.0
37,57,1,0,1.25,0.0,-1.25
37,58,0,0,0.0,0.0,0.0
37,59,0,0,0.0,0.0,0.0
37,60,2,0,2.5,0.0,-2.5
37,61,1,0,1.25,0.0,-1.25
37,62,0,0,0.0,0.0,0.0
37,63,0,1,0.0,1.25,1.25
37,64,1,0,1.25,0.0,-1.25
37,65,0,1,0.0,1.25,1.25
37,66,0,0,0.0,0.0,0.0
37,67,0,0,0.0,0.0,0.0
37,68,0,0,0.0,0.0,0.0
37,69,0,0,0.0,0.0,0.0
37,70,0,0,0.0,0.0,0.0
37,71,0,0,0.0,0.0,0.0
37,72,0,0,0.0,0.0,0.0
37,73,0,0,0.0,0.0,0.0
37,74,0,0,0.0,0.0,0.0
37,75,0,0,0.0,0.0,0.0
37,76,0,0,0.0,0.0,0.0
37,77,0,0,0.0,0.0,0.0
37,78,0,0,0.0,0.0,0.0
37,79,0,0,0.0,0.0,0.0
37,80,0,0,0.0,0.0,0.0
37,81,0,0,0.0,0.0,0.0
37,82,0,0,0.0,0.0,0.0
37,83,0,0,0.0,0.0,0.0
37,84,0,0,0.0,0.0,0.0
37,85,0,0,0.0,0.0,0.0
37,86,0,0,0.0,0.0,0.0
37,87,0,0,0.0,0.0,0.0
37,89,0,1,0.0,1.25,1.25
37,90,0,0,0.0,0.0,0.0
37,91,0,0,0.0,0.0,0.0
37,92,0,0,0.0,0.0,0.0
37,93,0,0,0.0,0.0,0.0
37,94,0,0,0.0,0.0,0.0
37,95,0,0,0.0,0.0,0.0
37,96,0,0,0.0,0.0,0.0
37,97,0,0,0.0,0.0,0.0
37,98,0,0,0.0,0.0,0.0
37,99,0,0,0.0,0.0,0.0
37,100,0,0,0.0,0.0,0.0
37,101,0,0,0.0,0.0,0.0
37,102,0,0,0.0,0.0,0.0
37,103,0,0,0.0,0.0,0.0
37,104,1,0,1.25,0.0,-1.25
37,105,0,0,0.0,0.0,0.0
37,106,0,0,0.0,0.0,0.0
37,107,0,0,0.0,0.0,0.0
38,0,0,0,0.0,0.0,0.0
38,1,0,0,0.0,0.0,0.0
38,2,0,0,0.0,0.0,0.0
38,3,1,0,1.25,0.0,-1.25
38,4,0,0,0.0,0.0,0.0
38,5,0,0,0.0,0.0,0.0
38,6,0,2,0.0,2.5,2.5
38,7,2,0,2.5,0.0,-2.5
38,8,0,1,0.0,1.25,1.25
38,9,0,0,0.0,0.0,0.0
38,10,0,0,0.0,0.0,0.0
38,11,1,1,1.25,1.25,0.0
38,12,0,1,0.0,1.25,1.25
38,13,0,0,0.0,0.0,0.0
38,14,0,0,0.0,0.0,0.0
38,15,0,0,0.0,0.0,0.0
38,16,1,1,1.25,1.25,0.0
38,17,0,0,0.0,0.0,0.0
38,18,0,0,0.0,0.0,0.0
38,19,0,0,0.0,0.0,0.0
38,20,0,0,0.0,0.0,0.0
38,21,1,0,1.25,0.0,-1.25
38,22,0,0,0.0,0.0,0.0
38,23,0,0,0.0,0.0,0.0
38,24,1,0,1.25,0.0,-1.25
38,25,0,0,0.0,0.0,0.0
38,26,1,0,1.25,0.0,-1.25
38,27,0,0,0.0,0.0,0.0
38,28,0,0,0.0,0.0,0.0
38,29,1,0,1.25,0.0,-1.25
38,30,0,0,0.0,0.0,0.0
38,31,2,0,2.5,0.0,-2.5
38,32,1,0,1.25,0.0,-1.25
38,33,0,0,0.0,0.0,0.0
38,34,0,0,0.0,0.0,0.0
38,35,0,0,0.0,0.0,0.0
38,36,0,1,0.0,1.25,1.25
38,37,0,0,0.0,0.0,0.0
38,38,0,0,0.0,0.0,0.0
38,39,0,0,0.0,0.0,0.0
38,40,0,0,0.0,0.0,0.0
38,41,0,0,0.0,0.0,0.0
38,42,0,0,0.0,0.0,0.0
38,43,0,2,0.0,2.5,2.5
38,44,0,0,0.0,0.0,0.0
38,45,1,0,1.25,0.0,-1.25
38,46,0,0,0.0,0.0,0.0
38,47,1,0,1.25,0.0,-1.25
38,48,0,0,0.0,0.0,0.0
38,49,0,1,0.0,1.25,1.25
38,50,1,1,1.25,1.25,0.0
38,51,0,0,0.0,0.0,0.0
38,52,0,0,0.0,0.0,0.0
38,53,0,1,0.0,1.25,1.25
38,54,0,0,0.0,0.0,0.0
38,55,1,0,1.25,0.0,-1.25
38,56,0,1,0.0,1.25,1.25
38,57,3,0,3.75,0.0,-3.75
38,58,0,0,0.0,0.0,0.0
38,59,0,0,0.0,0.0,0.0
38,60,1,0,1.25,0.0,-1.25
38,61,0,0,0.0,0.0,0.0
38,62,1,0,1.25,0.0,-1.25
38,63,0,2,0.0,2.5,2.5
38,64,1,2,1.25,2.5,1.25
38,65,0,0,0.0,0.0,0.0
38,66,0,0,0.0,0.0,0.0
38,67,0,0,0.0,0.0,0.0
38,68,1,1,1.25,1.25,0.0
38,69,0,0,0.0,0.0,0.0
38,70,0,0,0.0,0.0,0.0
38,71,0,1,0.0,1.25,1.25
38,72,1,0,1.25,0.0,-1.25
38,73,0,2,0.0,2.5,2.5
38,74,0,0,0.0,0.0,0.0
38,75,1,0,1.25,0.0,-1.25
38,76,0,0,0.0,0.0,0.0
38,77,0,0,0.0,0.0,0.0
38,78,0,2,0.0,2.5,2.5
38,79,0,0,0.0,0.0,0.0
38,80,0,0,0.0,0.0,0.0
38,81,0,0,0.0,0.0,0.0
38,82,0,0,0.0,0.0,0.0
38,83,3,1,3.75,1.25,-2.5
38,84,0,0,0.0,0.0,0.0
38,85,0,1,0.0,1.25,1.25
38,86,0,0,0.0,0.0,0.0
38,87,0,1,0.0,1.25,1.25
38,89,0,0,0.0,0.0,0.0
38,90,0,0,0.0,0.0,0.0
38,91,0,0,0.0,0.0,0.0
38,92,0,0,0.0,0.0,0.0
38,93,0,0,0.0,0.0,0.0
38,94,0,1,0.0,1.25,1.25
38,95,0,0,0.0,0.0,0.0
38,96,0,0,0.0,0.0,0.0
38,97,0,0,0.0,0.0,0.0
38,98,0,0,0.0,0.0,0.0
38,99,0,0,0.0,0.0,0.0
38,100,0,0,0.0,0.0,0.0
38,101,0,0,0.0,0.0,0.0
38,102,1,0,1.25,0.0,-1.25
38,103,0,0,0.0,0.0,0.0
38,104,0,0,0.0,0.0,0.0
38,105,0,0,0.0,0.0,0.0
38,106,1,0,1.25,0.0,-1.25
38,107,1,0,1.25,0.0,-1.25
39,0,0,0,0.0,0.0,0.0
39,1,0,0,0.0,0.0,0.0
39,2,0,0,0.0,0.0,0.0
39,3,0,0,0.0,0.0,0.0
39,4,0,0,0.0,0.0,0.0
39,5,0,0,0.0,0.0,0.0
39,6,0,5,0.0,6.25,6.25
39,7,7,0,8.75,0.0,-8.75
39,8,0,0,0.0,0.0,0.0
39,9,0,0,0.0,0.0,0.0
39,10,0,0,0.0,0.0,0.0
39,11,0,0,0.0,0.0,0.0
39,12,0,0,0.0,0.0,0.0
39,13,0,0,0.0,0.0,0.0
39,14,0,0,0.0,0.0,0.0
39,15,0,0,0.0,0.0,0.0
39,16,0,0,0.0,0.0,0.0
39,17,0,0,0.0,0.0,0.0
39,18,0,0,0.0,0.0,0.0
39,19,0,0,0.0,0.0,0.0
39,20,0,0,0.0,0.0,0.0
39,21,0,0,0.0,0.0,0.0
39,22,0,0,0.0,0.0,0.0
39,23,0,0,0.0,0.0,0.0
39,24,0,0,0.0,0.0,0.0
39,25,0,0,0.0,0.0,0.0
39,26,0,0,0.0,0.0,0.0
39,27,0,0,0.0,0.0,0.0
39,28,0,0,0.0,0.0,0.0
39,29,0,0,0.0,0.0,0.0
39,30,0,0,0.0,0.0,0.0
39,31,2,0,2.5,0.0,-2.5
39,32,3,0,3.75,0.0,-3.75
39,33,0,0,0.0,0.0,0.0
39,34,0,0,0.0,0.0,0.0
39,35,0,0,0.0,0.0,0.0
39,36,0,0,0.0,0.0,0.0
39,37,0,0,0.0,0.0,0.0
39,38,0,0,0.0,0.0,0.0
39,39,0,0,0.0,0.0,0.0
39,40,0,0,0.0,0.0,0.0
39,41,0,0,0.0,0.0,0.0
39,42,0,0,0.0,0.0,0.0
39,43,0,0,0.0,0.0,0.0
39,44,0,0,0.0,0.0,0.0
39,45,0,0,0.0,0.0,0.0
39,46,0,0,0.0,0.0,0.0
39,47,0,0,0.0,0.0,0.0
39,48,0,0,0.0,0.0,0.0
39,49,0,3,0.0,3.75,3.75
39,50,0,0,0.0,0.0,0.0
39,51,0,0,0.0,0.0,0.0
39,52,0,0,0.0,0.0,0.0
39,53,0,0,0.0,0.0,0.0
39,54,0,0,0.0,0.0,0.0
39,55,0,0,0.0,0.0,0.0
39,56,0,0,0.0,0.0,0.0
39,57,1,0,1.25,0.0,-1.25
39,58,0,0,0.0,0.0,0.0
39,59,0,0,0.0,0.0,0.0
39,60,0,0,0.0,0.0,0.0
39,61,0,0,0.0,0.0,0.0
39,62,0,0,0.0,0.0,0.0
39,63,0,0,0.0,0.0,0.0
39,64,1,0,1.25,0.0,-1.25
39,65,0,0,0.0,0.0,0.0
39,66,0,0,0.0,0.0,0.0
39,67,0,0,0.0,0.0,0.0
39,68,0,0,0.0,0.0,0.0
39,69,0,0,0.0,0.0,0.0
39,70,0,0,0.0,0.0,0.0
39,71,0,0,0.0,0.0,0.0
39,72,0,0,0.0,0.0,0.0
39,73,0,0,0.0,0.0,0.0
39,74,0,0,0.0,0.0,0.0
39,75,0,0,0.0,0.0,0.0
39,76,0,0,0.0,0.0,0.0
39,77,0,0,0.0,0.0,0.0
39,78,0,0,0.0,0.0,0.0
39,79,0,0,0.0,0.0,0.0
39,80,0,0,0.0,0.0,0.0
39,81,0,0,0.0,0.0,0.0
39,82,0,0,0.0,0.0,0.0
39,83,0,0,0.0,0.0,0.0
39,84,0,0,0.0,0.0,0.0
39,85,0,0,0.0,0.0,0.0
39,86,0,0,0.0,0.0,0.0
39,87,0,0,0.0,0.0,0.0
39,89,0,0,0.0,0.0,0.0
39,90,0,0,0.0,0.0,0.0
39,91,0,0,0.0,0.0,0.0
39,92,0,0,0.0,0.0,0.0
39,93,0,0,0.0,0.0,0.0
39,94,0,0,0.0,0.0,0.0
39,95,0,0,0.0,0.0,0.0
39,96,0,0,0.0,0.0,0.0
39,97,0,0,0.0,0.0,0.0
39,98,0,0,0.0,0.0,0.0
39,99,0,0,0.0,0.0,0.0
39,100,0,0,0.0,0.0,0.0
39,101,0,0,0.0,0.0,0.0
39,102,0,0,0.0,0.0,0.0
39,103,0,0,0.0,0.0,0.0
39,104,0,0,0.0,0.0,0.0
39,105,0,0,0.0,0.0,0.0
39,106,0,0,0.0,0.0,0.0
39,107,0,0,0.0,0.0,0.0
40,0,0,0,0.0,0.0,0.0
40,1,0,0,0.0,0.0,0.0
40,2,0,0,0.0,0.0,0.0
40,3,0,0,0.0,0.0,0.0
40,4,2,0,2.5,0.0,-2.5
40,5,0,1,0.0,1.25,1.25
40,6,2,6,2.5,7.5,5.0
40,7,5,0,6.25,0.0,-6.25
40,8,0,1,0.0,1.25,1.25
40,9,0,1,0.0,1.25,1.25
40,10,1,0,1.25,0.0,-1.25
40,11,0,1,0.0,1.25,1.25
40,12,0,0,0.0,0.0,0.0
40,13,0,0,0.0,0.0,0.0
40,14,0,3,0.0,3.75,3.75
40,15,0,0,0.0,0.0,0.0
40,16,0,0,0.0,0.0,0.0
40,17,0,1,0.0,1.25,1.25
40,18,1,0,1.25,0.0,-1.25
40,19,1,0,1.25,0.0,-1.25
40,20,2,0,2.5,0.0,-2.5
40,21,0,0,0.0,0.0,0.0
40,22,2,0,2.5,0.0,-2.5
40,23,0,0,0.0,0.0,0.0
40,24,1,1,1.25,1.25,0.0
40,25,0,0,0.0,0.0,0.0
40,26,0,0,0.0,0.0,0.0
40,27,1,1,1.25,1.25,0.0
40,28,0,0,0.0,0.0,0.0
40,29,0,0,0.0,0.0,0.0
40,30,0,0,0.0,0.0,0.0
40,31,2,1,2.5,1.25,-1.25
40,32,2,0,2.5,0.0,-2.5
40,33,0,0,0.0,0.0,0.0
40,34,1,1,1.25,1.25,0.0
40,35,0,0,0.0,0.0,0.0
40,36,0,0,0.0,0.0,0.0
40,37,1,0,1.25,0.0,-1.25
40,38,0,2,0.0,2.5,2.5
40,39,0,0,0.0,0.0,0.0
40,40,0,1,0.0,1.25,1.25
40,41,0,1,0.0,1.25,1.25
40,42,0,2,0.0,2.5,2.5
40,43,1,0,1.25,0.0,-1.25
40,44,1,0,1.25,0.0,-1.25
40,45,0,0,0.0,0.0,0.0
40,46,0,0,0.0,0.0,0.0
40,47,1,1,1.25,1.25,0.0
40,48,0,0,0.0,0.0,0.0
40,49,1,1,1.25,1.25,0.0
40,50,0,2,0.0,2.5,2.5
40,51,0,0,0.0,0.0,0.0
40,52,0,1,0.0,1.25,1.25
40,53,0,0,0.0,0.0,0.0
40,54,0,0,0.0,0.0,0.0
40,55,0,0,0.0,0.0,0.0
40,56,0,0,0.0,0.0,0.0
40,57,1,1,1.25,1.25,0.0
40,58,0,0,0.0,0.0,0.0
40,59,1,0,1.25,0.0,-1.25
40,60,0,1,0.0,1.25,1.25
40,61,0,0,0.0,0.0,0.0
40,62,0,1,0.0,1.25,1.25
40,63,0,2,0.0,2.5,2.5
40,64,1,1,1.25,1.25,0.0
40,65,0,2,0.0,2.5,2.5
40,66,0,0,0.0,0.0,0.0
40,67,0,0,0.0,0.0,0.0
40,68,0,1,0.0,1.25,1.25
40,69,0,0,0.0,0.0,0.0
40,70,1,1,1.25,1.25,0.0
40,71,0,1,0.0,1.25,1.25
40,72,1,0,1.25,0.0,-1.25
40,73,0,0,0.0,0.0,0.0
40,74,1,0,1.25,0.0,-1.25
40,75,3,0,3.75,0.0,-3.75
40,76,0,0,0.0,0.0,0.0
40,77,0,0,0.0,0.0,0.0
40,78,1,0,1.25,0.0,-1.25
40,79,0,0,0.0,0.0,0.0
40,80,0,0,0.0,0.0,0.0
40,81,1,0,1.25,0.0,-1.25
40,82,1,0,1.25,0.0,-1.25
40,83,0,0,0.0,0.0,0.0
40,84,1,0,1.25,0.0,-1.25
40,85,1,0,1.25,0.0,-1.25
40,86,0,0,0.0,0.0,0.0
40,87,0,1,0.0,1.25,1.25
40,89,0,1,0.0,1.25,1.25
40,90,1,0,1.25,0.0,-1.25
40,91,1,0,1.25,0.0,-1.25
40,92,0,1,0.0,1.25,1.25
40,93,0,1,0.0,1.25,1.25
40,94,1,4,1.25,5.0,3.75
40,95,0,1,0.0,1.25,1.25
40,96,0,0,0.0,0.0,0.0
40,97,1,0,1.25,0.0,-1.25
40,98,0,1,0.0,1.25,1.25
40,99,0,1,0.0,1.25,1.25
40,100,0,0,0.0,0.0,0.0
40,101,0,0,0.0,0.0,0.0
40,102,0,0,0.0,0.0,0.0
40,103,1,1,1.25,1.25,0.0
40,104,0,0,0.0,0.0,0.0
40,105,3,0,3.75,0.0,-3.75
40,106,0,0,0.0,0.0,0.0
40,107,0,0,0.0,0.0,0.0
41,0,0,0,0.0,0.0,0.0
41,1,0,0,0.0,0.0,0.0
41,2,0,0,0.0,0.0,0.0
41,3,0,0,0.0,0.0,0.0
41,4,1,1,1.25,1.25,0.0
41,5,0,3,0.0,3.75,3.75
41,6,0,3,0.0,3.75,3.75
41,7,4,0,5.0,0.0,-5.0
41,8,0,1,0.0,1.25,1.25
41,9,0,0,0.0,0.0,0.0
41,10,0,0,0.0,0.0,0.0
41,11,1,1,1.25,1.25,0.0
41,12,1,1,1.25,1.25,0.0
41,13,1,0,1.25,0.0,-1.25
41,14,0,0,0.0,0.0,0.0
41,15,1,0,1.25,0.0,-1.25
41,16,0,1,0.0,1.25,1.25
41,17,1,1,1.25,1.25,0.0
41,18,0,0,0.0,0.0,0.0
41,19,0,0,0.0,0.0,0.0
41,20,2,0,2.5,0.0,-2.5
41,21,0,1,0.0,1.25,1.25
41,22,0,2,0.0,2.5,2.5
41,23,0,0,0.0,0.0,0.0
41,24,2,0,2.5,0.0,-2.5
41,25,0,0,0.0,0.0,0.0
41,26,1,0,1.25,0.0,-1.25
41,27,1,0,1.25,0.0,-1.25
41,28,0,0,0.0,0.0,0.0
41,29,0,0,0.0,0.0,0.0
41,30,0,0,0.0,0.0,0.0
41,31,0,0,0.0,0.0,0.0
41,32,0,0,0.0,0.0,0.0
41,33,0,2,0.0,2.5,2.5
41,34,0,0,0.0,0.0,0.0
41,35,0,0,0.0,0.0,0.0
41,36,1,1,1.25,1.25,0.0
41,37,2,0,2.5,0.0,-2.5
41,38,0,0,0.0,0.0,0.0
41,39,0,0,0.0,0.0,0.0
41,40,0,0,0.0,0.0,0.0
41,41,0,1,0.0,1.25,1.25
41,42,0,1,0.0,1.25,1.25
41,43,0,0,0.0,0.0,0.0
41,44,0,0,0.0,0.0,0.0
41,45,0,0,0.0,0.0,0.0
41,46,0,0,0.0,0.0,0.0
41,47,0,0,0.0,0.0,0.0
41,48,1,1,1.25,1.25,0.0
41,49,0,2,0.0,2.5,2.5
41,50,0,0,0.0,0.0,0.0
41,51,0,1,0.0,1.25,1.25
41,52,0,0,0.0,0.0,0.0
41,53,0,0,0.0,0.0,0.0
41,54,1,0,1.25,0.0,-1.25
41,55,2,1,2.5,1.25,-1.25
41,56,0,1,0.0,1.25,1.25
41,57,1,0,1.25,0.0,-1.25
41,58,0,0,0.0,0.0,0.0
41,59,0,3,0.0,3.75,3.75
41,60,0,1,0.0,1.25,1.25
41,61,0,1,0.0,1.25,1.25
41,62,1,1,1.25,1.25,0.0
41,63,0,0,0.0,0.0,0.0
41,64,0,0,0.0,0.0,0.0
41,65,2,0,2.5,0.0,-2.5
41,66,0,0,0.0,0.0,0.0
41,67,0,1,0.0,1.25,1.25
41,68,1,0,1.25,0.0,-1.25
41,69,0,0,0.0,0.0,0.0
41,70,0,0,0.0,0.0,0.0
41,71,3,0,3.75,0.0,-3.75
41,72,0,0,0.0,0.0,0.0
41,73,1,0,1.25,0.0,-1.25
41,74,1,1,1.25,1.25,0.0
41,75,0,0,0.0,0.0,0.0
41,76,0,1,0.0,1.25,1.25
41,77,0,0,0.0,0.0,0.0
41,78,0,0,0.0,0.0,0.0
41,79,0,0,0.0,0.0,0.0
41,80,1,0,1.25,0.0,-1.25
41,81,0,0,0.0,0.0,0.0
41,82,2,0,2.5,0.0,-2.5
41,83,0,0,0.0,0.0,0.0
41,84,0,2,0.0,2.5,2.5
41,85,0,0,0.0,0.0,0.0
41,86,0,1,0.0,1.25,1.25
41,87,0,0,0.0,0.0,0.0
41,89,0,0,0.0,0.0,0.0
41,90,0,0,0.0,0.0,0.0
41,91,0,0,0.0,0.0,0.0
41,92,0,1,0.0,1.25,1.25
41,93,1,0,1.25,0.0,-1.25
41,94,0,0,0.0,0.0,0.0
41,95,0,0,0.0,0.0,0.0
41,96,0,4,0.0,5.0,5.0
41,97,0,0,0.0,0.0,0.0
41,98,0,0,0.0,0.0,0.0
41,99,0,1,0.0,1.25,1.25
41,100,0,0,0.0,0.0,0.0
41,101,1,1,1.25,1.25,0.0
41,102,0,0,0.0,0.0,0.0
41,103,0,1,0.0,1.25,1.25
41,104,1,1,1.25,1.25,0.0
41,105,1,0,1.25,0.0,-1.25
41,106,1,0,1.25,0.0,-1.25
41,107,0,1,0.0,1.25,1.25
42,0,0,0,0.0,0.0,0.0
42,1,0,0,0.0,0.0,0.0
42,2,0,0,0.0,0.0,0.0
42,3,0,0,0.0,0.0,0.0
42,4,0,0,0.0,0.0,0.0
42,5,0,1,0.0,1.25,1.25
42,6,0,7,0.0,8.75,8.75
42,7,5,0,6.25,0.0,-6.25
42,8,0,0,0.0,0.0,0.0
42,9,0,1,0.0,1.25,1.25
42,10,0,0,0.0,0.0,0.0
42,11,0,0,0.0,0.0,0.0
42,12,0,0,0.0,0.0,0.0
42,13,0,1,0.0,1.25,1.25
42,14,0,0,0.0,0.0,0.0
42,15,0,0,0.0,0.0,0.0
42,16,0,0,0.0,0.0,0.0
42,17,0,0,0.0,0.0,0.0
42,18,0,0,0.0,0.0,0.0
42,19,0,0,0.0,0.0,0.0
42,20,0,0,0.0,0.0,0.0
42,21,0,0,0.0,0.0,0.0
42,22,1,0,1.25,0.0,-1.25
42,23,0,0,0.0,0.0,0.0
42,24,0,0,0.0,0.0,0.0
42,25,0,0,0.0,0.0,0.0
42,26,0,0,0.0,0.0,0.0
42,27,0,0,0.0,0.0,0.0
42,28,0,0,0.0,0.0,0.0
42,29,0,0,0.0,0.0,0.0
42,30,0,0,0.0,0.0,0.0
42,31,2,0,2.5,0.0,-2.5
42,32,0,0,0.0,0.0,0.0
42,33,0,0,0.0,0.0,0.0
42,34,0,0,0.0,0.0,0.0
42,35,0,0,0.0,0.0,0.0
42,36,0,0,0.0,0.0,0.0
42,37,0,1,0.0,1.25,1.25
42,38,0,0,0.0,0.0,0.0
42,39,1,0,1.25,0.0,-1.25
42,40,0,0,0.0,0.0,0.0
42,41,0,0,0.0,0.0,0.0
42,42,0,0,0.0,0.0,0.0
42,43,0,0,0.0,0.0,0.0
42,44,0,0,0.0,0.0,0.0
42,45,0,0,0.0,0.0,0.0
42,46,0,0,0.0,0.0,0.0
42,47,1,1,1.25,1.25,0.0
42,48,0,0,0.0,0.0,0.0
42,49,0,3,0.0,3.75,3.75
42,50,0,0,0.0,0.0,0.0
42,51,0,0,0.0,0.0,0.0
42,52,0,0,0.0,0.0,0.0
42,53,0,0,0.0,0.0,0.0
42,54,0,0,0.0,0.0,0.0
42,55,0,0,0.0,0.0,0.0
42,56,0,0,0.0,0.0,0.0
42,57,1,0,1.25,0.0,-1.25
42,58,0,1,0.0,1.25,1.25
42,59,0,0,0.0,0.0,0.0
42,60,0,0,0.0,0.0,0.0
42,61,0,0,0.0,0.0,0.0
42,62,0,1,0.0,1.25,1.25
42,63,0,0,0.0,0.0,0.0
42,64,1,0,1.25,0.0,-1.25
42,65,0,0,0.0,0.0,0.0
42,66,0,1,0.0,1.25,1.25
42,67,0,0,0.0,0.0,0.0
42,68,0,0,0.0,0.0,0.0
42,69,0,0,0.0,0.0,0.0
42,70,0,0,0.0,0.0,0.0
42,71,0,0,0.0,0.0,0.0
42,72,0,0,0.0,0.0,0.0
42,73,0,0,0.0,0.0,0.0
42,74,0,0,0.0,0.0,0.0
42,75,0,0,0.0,0.0,0.0
42,76,0,0,0.0,0.0,0.0
42,77,0,1,0.0,1.25,1.25
42,78,0,1,0.0,1.25,1.25
42,79,0,0,0.0,0.0,0.0
42,80,0,0,0.0,0.0,0.0
42,81,0,0,0.0,0.0,0.0
42,82,0,0,0.0,0.0,0.0
42,83,0,0,0.0,0.0,0.0
42,84,1,0,1.25,0.0,-1.25
42,85,0,0,0.0,0.0,0.0
42,86,0,0,0.0,0.0,0.0
42,87,0,0,0.0,0.0,0.0
42,89,0,0,0.0,0.0,0.0
42,90,0,0,0.0,0.0,0.0
42,91,0,1,0.0,1.25,1.25
42,92,0,0,0.0,0.0,0.0
42,93,0,0,0.0,0.0,0.0
42,94,0,0,0.0,0.0,0.0
42,95,0,0,0.0,0.0,0.0
42,96,0,0,0.0,0.0,0.0
42,97,0,0,0.0,0.0,0.0
42,98,0,0,0.0,0.0,0.0
42,99,0,0,0.0,0.0,0.0
42,100,0,1,0.0,1.25,1.25
42,101,0,0,0.0,0.0,0.0
42,102,0,0,0.0,0.0,0.0
42,103,0,0,0.0,0.0,0.0
42,104,0,0,0.0,0.0,0.0
42,105,0,0,0.0,0.0,0.0
42,106,0,0,0.0,0.0,0.0
42,107,0,0,0.0,0.0,0.0
