unit_id,trial_id,baseline_count,response_count,baseline_rate_hz,response_rate_hz,rate_difference_hz
0,0,5,3,6.25,3.75,-2.5
0,1,4,8,5.0,10.0,5.0
0,2,1,4,1.25,5.0,3.75
0,3,6,6,7.5,7.5,0.0
0,4,6,4,7.5,5.0,-2.5
0,5,7,3,8.75,3.75,-5.0
0,6,1,4,1.25,5.0,3.75
0,7,3,5,3.75,6.25,2.5
0,8,7,4,8.75,5.0,-3.75
0,9,2,4,2.5,5.0,2.5
0,10,3,7,3.75,8.75,5.0
0,11,7,5,8.75,6.25,-2.5
0,12,3,4,3.75,5.0,1.25
0,13,5,5,6.25,6.25,0.0
0,14,1,0,1.25,0.0,-1.25
0,15,0,0,0.0,0.0,0.0
0,16,2,8,2.5,10.0,7.5
0,17,10,4,12.5,5.0,-7.5
0,18,4,0,5.0,0.0,-5.0
0,19,2,8,2.5,10.0,7.5
0,20,7,6,8.75,7.5,-1.25
0,21,6,8,7.5,10.0,2.5
0,22,2,4,2.5,5.0,2.5
0,23,1,2,1.25,2.5,1.25
0,24,8,7,10.0,8.75,-1.25
0,25,6,8,7.5,10.0,2.5
0,26,7,4,8.75,5.0,-3.75
0,27,1,2,1.25,2.5,1.25
0,28,2,2,2.5,2.5,0.0
0,29,0,10,0.0,12.5,12.5
0,30,5,4,6.25,5.0,-1.25
0,31,5,8,6.25,10.0,3.75
0,32,1,6,1.25,7.5,6.25
0,33,7,7,8.75,8.75,0.0
0,34,3,8,3.75,10.0,6.25
0,35,6,10,7.5,12.5,5.0
0,36,4,6,5.0,7.5,2.5
0,37,6,5,7.5,6.25,-1.25
0,38,7,6,8.75,7.5,-1.25
0,39,5,7,6.25,8.75,2.5
0,40,7,7,8.75,8.75,0.0
0,41,5,6,6.25,7.5,1.25
0,42,5,9,6.25,11.25,5.0
0,43,6,4,7.5,5.0,-2.5
0,44,8,7,10.0,8.75,-1.25
0,45,9,6,11.25,7.5,-3.75
0,46,3,2,3.75,2.5,-1.25
0,47,4,5,5.0,6.25,1.25
0,48,0,0,0.0,0.0,0.0
0,49,0,0,0.0,0.0,0.0
0,50,6,7,7.5,8.75,1.25
0,51,5,6,6.25,7.5,1.25
0,52,7,7,8.75,8.75,0.0
0,53,9,5,11.25,6.25,-5.0
0,54,7,5,8.75,6.25,-2.5
0,55,5,4,6.25,5.0,-1.25
0,56,9,6,11.25,7.5,-3.75
0,57,3,3,3.75,3.75,0.0
0,58,8,5,10.0,6.25,-3.75
0,59,3,4,3.75,5.0,1.25
0,60,3,6,3.75,7.5,3.75
0,61,4,7,5.0,8.75,3.75
0,62,5,9,6.25,11.25,5.0
0,63,6,8,7.5,10.0,2.5
0,64,6,6,7.5,7.5,0.0
0,65,6,7,7.5,8.75,1.25
0,66,12,5,15.0,6.25,-8.75
0,67,4,13,5.0,16.25,11.25
0,68,7,2,8.75,2.5,-6.25
0,69,7,13,8.75,16.25,7.5
0,70,6,6,7.5,7.5,0.0
0,71,2,9,2.5,11.25,8.75
0,72,1,1,1.25,1.25,0.0
0,73,5,3,6.25,3.75,-2.5
0,74,5,11,6.25,13.75,7.5
0,75,6,4,7.5,5.0,-2.5
0,76,6,4,7.5,5.0,-2.5
0,77,5,4,6.25,5.0,-1.25
0,78,6,6,7.5,7.5,0.0
0,79,3,4,3.75,5.0,1.25
0,80,1,5,1.25,6.25,5.0
0,81,3,7,3.75,8.75,5.0
0,82,3,6,3.75,7.5,3.75
0,83,7,4,8.75,5.0,-3.75
0,84,3,5,3.75,6.25,2.5
0,85,4,3,5.0,3.75,-1.25
0,86,5,10,6.25,12.5,6.25
0,87,4,6,5.0,7.5,2.5
0,88,7,7,8.75,8.75,0.0
0,89,6,4,7.5,5.0,-2.5
0,90,5,7,6.25,8.75,2.5
0,91,7,4,8.75,5.0,-3.75
0,92,5,6,6.25,7.5,1.25
0,93,6,3,7.5,3.75,-3.75
0,94,7,9,8.75,11.25,2.5
0,95,5,8,6.25,10.0,3.75
0,96,10,6,12.5,7.5,-5.0
0,97,11,8,13.75,10.0,-3.75
0,98,7,7,8.75,8.75,0.0
0,99,6,4,7.5,5.0,-2.5
0,100,3,4,3.75,5.0,1.25
0,101,4,4,5.0,5.0,0.0
0,102,4,6,5.0,7.5,2.5
0,103,6,8,7.5,10.0,2.5
0,104,10,4,12.5,5.0,-7.5
0,105,5,4,6.25,5.0,-1.25
0,106,13,8,16.25,10.0,-6.25
0,107,1,7,1.25,8.75,7.5
0,108,5,5,6.25,6.25,0.0
0,109,6,5,7.5,6.25,-1.25
0,110,3,5,3.75,6.25,2.5
0,111,10,6,12.5,7.5,-5.0
0,112,11,4,13.75,5.0,-8.75
0,113,3,4,3.75,5.0,1.25
0,114,11,5,13.75,6.25,-7.5
0,115,7,5,8.75,6.25,-2.5
0,116,5,6,6.25,7.5,1.25
0,117,2,3,2.5,3.75,1.25
0,118,7,6,8.75,7.5,-1.25
0,119,6,9,7.5,11.25,3.75
0,120,5,4,6.25,5.0,-1.25
0,121,6,3,7.5,3.75,-3.75
0,122,2,5,2.5,6.25,3.75
0,123,8,6,10.0,7.5,-2.5
0,124,7,4,8.75,5.0,-3.75
0,125,8,9,10.0,11.25,1.25
0,126,11,8,13.75,10.0,-3.75
0,127,7,5,8.75,6.25,-2.5
0,128,9,7,11.25,8.75,-2.5
0,129,8,6,10.0,7.5,-2.5
0,130,5,4,6.25,5.0,-1.25
0,131,10,4,12.5,5.0,-7.5
0,132,7,3,8.75,3.75,-5.0
0,133,6,7,7.5,8.75,1.25
0,134,9,5,11.25,6.25,-5.0
1,0,4,3,5.0,3.75,-1.25
1,1,3,4,3.75,5.0,1.25
1,2,3,4,3.75,5.0,1.25
1,3,6,5,7.5,6.25,-1.25
1,4,5,2,6.25,2.5,-3.75
1,5,4,4,5.0,5.0,0.0
1,6,8,7,10.0,8.75,-1.25
1,7,5,6,6.25,7.5,1.25
1,8,4,3,5.0,3.75,-1.25
1,9,3,4,3.75,5.0,1.25
1,10,6,3,7.5,3.75,-3.75
1,11,5,2,6.25,2.5,-3.75
1,12,5,6,6.25,7.5,1.25
1,13,7,7,8.75,8.75,0.0
1,14,2,2,2.5,2.5,0.0
1,15,5,9,6.25,11.25,5.0
1,16,8,2,10.0,2.5,-7.5
1,17,6,0,7.5,0.0,-7.5
1,18,5,3,6.25,3.75,-2.5
1,19,10,6,12.5,7.5,-5.0
1,20,7,4,8.75,5.0,-3.75
1,21,4,3,5.0,3.75,-1.25
1,22,3,5,3.75,6.25,2.5
1,23,3,5,3.75,6.25,2.5
1,24,1,4,1.25,5.0,3.75
1,25,6,6,7.5,7.5,0.0
1,26,6,7,7.5,8.75,1.25
1,27,6,2,7.5,2.5,-5.0
1,28,8,5,10.0,6.25,-3.75
1,29,12,7,15.0,8.75,-6.25
1,30,6,1,7.5,1.25,-6.25
1,31,3,2,3.75,2.5,-1.25
1,32,4,7,5.0,8.75,3.75
1,33,4,6,5.0,7.5,2.5
1,34,4,5,5.0,6.25,1.25
1,35,5,6,6.25,7.5,1.25
1,36,4,5,5.0,6.25,1.25
1,37,5,0,6.25,0.0,-6.25
1,38,4,4,5.0,5.0,0.0
1,39,2,1,2.5,1.25,-1.25
1,40,1,4,1.25,5.0,3.75
1,41,3,3,3.75,3.75,0.0
1,42,3,1,3.75,1.25,-2.5
1,43,6,0,7.5,0.0,-7.5
1,44,3,3,3.75,3.75,0.0
1,45,5,1,6.25,1.25,-5.0
1,46,7,1,8.75,1.25,-7.5
1,47,1,2,1.25,2.5,1.25
1,48,3,2,3.75,2.5,-1.25
1,49,8,4,10.0,5.0,-5.0
1,50,7,1,8.75,1.25,-7.5
1,51,3,3,3.75,3.75,0.0
1,52,7,4,8.75,5.0,-3.75
1,53,6,4,7.5,5.0,-2.5
1,54,3,3,3.75,3.75,0.0
1,55,3,2,3.75,2.5,-1.25
1,56,2,4,2.5,5.0,2.5
1,57,7,3,8.75,3.75,-5.0
1,58,2,3,2.5,3.75,1.25
1,59,1,4,1.25,5.0,3.75
1,60,4,2,5.0,2.5,-2.5
1,61,2,3,2.5,3.75,1.25
1,62,1,2,1.25,2.5,1.25
1,63,4,7,5.0,8.75,3.75
1,64,2,3,2.5,3.75,1.25
1,65,3,4,3.75,5.0,1.25
1,66,6,5,7.5,6.25,-1.25
1,67,4,2,5.0,2.5,-2.5
1,68,6,4,7.5,5.0,-2.5
1,69,1,3,1.25,3.75,2.5
1,70,8,4,10.0,5.0,-5.0
1,71,6,2,7.5,2.5,-5.0
1,72,4,5,5.0,6.25,1.25
1,73,8,2,10.0,2.5,-7.5
1,74,6,1,7.5,1.25,-6.25
1,75,9,4,11.25,5.0,-6.25
1,76,4,4,5.0,5.0,0.0
1,77,3,1,3.75,1.25,-2.5
1,78,6,2,7.5,2.5,-5.0
1,79,5,5,6.25,6.25,0.0
1,80,6,4,7.5,5.0,-2.5
1,81,1,4,1.25,5.0,3.75
1,82,10,8,12.5,10.0,-2.5
1,83,7,3,8.75,3.75,-5.0
1,84,6,2,7.5,2.5,-5.0
1,85,4,3,5.0,3.75,-1.25
1,86,3,3,3.75,3.75,0.0
1,87,4,1,5.0,1.25,-3.75
1,88,4,1,5.0,1.25,-3.75
1,89,4,6,5.0,7.5,2.5
1,90,5,1,6.25,1.25,-5.0
1,91,4,2,5.0,2.5,-2.5
1,92,2,3,2.5,3.75,1.25
1,93,7,5,8.75,6.25,-2.5
1,94,4,7,5.0,8.75,3.75
1,95,6,6,7.5,7.5,0.0
1,96,3,2,3.75,2.5,-1.25
1,97,3,1,3.75,1.25,-2.5
1,98,1,0,1.25,0.0,-1.25
1,99,2,10,2.5,12.5,10.0
1,100,1,2,1.25,2.5,1.25
1,101,3,1,3.75,1.25,-2.5
1,102,2,1,2.5,1.25,-1.25
1,103,0,2,0.0,2.5,2.5
1,104,6,3,7.5,3.75,-3.75
1,105,6,2,7.5,2.5,-5.0
1,106,2,2,2.5,2.5,0.0
1,107,4,5,5.0,6.25,1.25
1,108,10,5,12.5,6.25,-6.25
1,109,4,1,5.0,1.25,-3.75
1,110,1,4,1.25,5.0,3.75
1,111,3,3,3.75,3.75,0.0
1,112,4,3,5.0,3.75,-1.25
1,113,1,4,1.25,5.0,3.75
1,114,3,4,3.75,5.0,1.25
1,115,1,2,1.25,2.5,1.25
1,116,2,2,2.5,2.5,0.0
1,117,2,2,2.5,2.5,0.0
1,118,6,0,7.5,0.0,-7.5
1,119,3,3,3.75,3.75,0.0
1,120,5,6,6.25,7.5,1.25
1,121,2,3,2.5,3.75,1.25
1,122,3,2,3.75,2.5,-1.25
1,123,6,2,7.5,2.5,-5.0
1,124,1,0,1.25,0.0,-1.25
1,125,3,4,3.75,5.0,1.25
1,126,0,0,0.0,0.0,0.0
1,127,5,4,6.25,5.0,-1.25
1,128,4,1,5.0,1.25,-3.75
1,129,5,1,6.25,1.25,-5.0
1,130,2,1,2.5,1.25,-1.25
1,131,3,3,3.75,3.75,0.0
1,132,1,7,1.25,8.75,7.5
1,133,5,1,6.25,1.25,-5.0
1,134,3,2,3.75,2.5,-1.25
2,0,0,0,0.0,0.0,0.0
2,1,0,0,0.0,0.0,0.0
2,2,0,0,0.0,0.0,0.0
2,3,0,0,0.0,0.0,0.0
2,4,0,0,0.0,0.0,0.0
2,5,0,0,0.0,0.0,0.0
2,6,0,0,0.0,0.0,0.0
2,7,0,0,0.0,0.0,0.0
2,8,0,0,0.0,0.0,0.0
2,9,0,0,0.0,0.0,0.0
2,10,0,0,0.0,0.0,0.0
2,11,0,0,0.0,0.0,0.0
2,12,0,0,0.0,0.0,0.0
2,13,0,0,0.0,0.0,0.0
2,14,0,0,0.0,0.0,0.0
2,15,0,0,0.0,0.0,0.0
2,16,0,0,0.0,0.0,0.0
2,17,0,0,0.0,0.0,0.0
2,18,0,0,0.0,0.0,0.0
2,19,1,0,1.25,0.0,-1.25
2,20,1,2,1.25,2.5,1.25
2,21,0,1,0.0,1.25,1.25
2,22,2,2,2.5,2.5,0.0
2,23,3,1,3.75,1.25,-2.5
2,24,1,3,1.25,3.75,2.5
2,25,2,1,2.5,1.25,-1.25
2,26,2,2,2.5,2.5,0.0
2,27,0,0,0.0,0.0,0.0
2,28,0,0,0.0,0.0,0.0
2,29,0,0,0.0,0.0,0.0
2,30,0,0,0.0,0.0,0.0
2,31,0,0,0.0,0.0,0.0
2,32,1,3,1.25,3.75,2.5
2,33,0,3,0.0,3.75,3.75
2,34,2,1,2.5,1.25,-1.25
2,35,1,4,1.25,5.0,3.75
2,36,1,5,1.25,6.25,5.0
2,37,1,0,1.25,0.0,-1.25
2,38,1,1,1.25,1.25,0.0
2,39,1,7,1.25,8.75,7.5
2,40,2,2,2.5,2.5,0.0
2,41,0,2,0.0,2.5,2.5
2,42,2,1,2.5,1.25,-1.25
2,43,0,2,0.0,2.5,2.5
2,44,1,2,1.25,2.5,1.25
2,45,2,2,2.5,2.5,0.0
2,46,1,3,1.25,3.75,2.5
2,47,2,3,2.5,3.75,1.25
2,48,1,1,1.25,1.25,0.0
2,49,1,3,1.25,3.75,2.5
2,50,0,0,0.0,0.0,0.0
2,51,1,3,1.25,3.75,2.5
2,52,1,0,1.25,0.0,-1.25
2,53,1,2,1.25,2.5,1.25
2,54,1,4,1.25,5.0,3.75
2,55,2,1,2.5,1.25,-1.25
2,56,3,5,3.75,6.25,2.5
2,57,0,1,0.0,1.25,1.25
2,58,1,1,1.25,1.25,0.0
2,59,1,2,1.25,2.5,1.25
2,60,4,3,5.0,3.75,-1.25
2,61,1,2,1.25,2.5,1.25
2,62,4,2,5.0,2.5,-2.5
2,63,2,1,2.5,1.25,-1.25
2,64,2,3,2.5,3.75,1.25
2,65,3,2,3.75,2.5,-1.25
2,66,4,1,5.0,1.25,-3.75
2,67,2,2,2.5,2.5,0.0
2,68,1,1,1.25,1.25,0.0
2,69,0,0,0.0,0.0,0.0
2,70,1,0,1.25,0.0,-1.25
2,71,0,0,0.0,0.0,0.0
2,72,1,0,1.25,0.0,-1.25
2,73,0,0,0.0,0.0,0.0
2,74,0,2,0.0,2.5,2.5
2,75,0,0,0.0,0.0,0.0
2,76,0,0,0.0,0.0,0.0
2,77,2,1,2.5,1.25,-1.25
2,78,0,0,0.0,0.0,0.0
2,79,0,0,0.0,0.0,0.0
2,80,0,0,0.0,0.0,0.0
2,81,0,4,0.0,5.0,5.0
2,82,0,0,0.0,0.0,0.0
2,83,1,0,1.25,0.0,-1.25
2,84,0,2,0.0,2.5,2.5
2,85,0,1,0.0,1.25,1.25
2,86,2,4,2.5,5.0,2.5
2,87,0,3,0.0,3.75,3.75
2,88,1,2,1.25,2.5,1.25
2,89,0,2,0.0,2.5,2.5
2,90,1,0,1.25,0.0,-1.25
2,91,0,2,0.0,2.5,2.5
2,92,0,2,0.0,2.5,2.5
2,93,1,0,1.25,0.0,-1.25
2,94,0,1,0.0,1.25,1.25
2,95,0,3,0.0,3.75,3.75
2,96,3,5,3.75,6.25,2.5
2,97,2,2,2.5,2.5,0.0
2,98,5,4,6.25,5.0,-1.25
2,99,4,2,5.0,2.5,-2.5
2,100,2,2,2.5,2.5,0.0
2,101,1,1,1.25,1.25,0.0
2,102,2,4,2.5,5.0,2.5
2,103,1,4,1.25,5.0,3.75
2,104,1,0,1.25,0.0,-1.25
2,105,1,1,1.25,1.25,0.0
2,106,0,1,0.0,1.25,1.25
2,107,0,0,0.0,0.0,0.0
2,108,0,2,0.0,2.5,2.5
2,109,1,1,1.25,1.25,0.0
2,110,3,0,3.75,0.0,-3.75
2,111,3,0,3.75,0.0,-3.75
2,112,5,3,6.25,3.75,-2.5
2,113,0,2,0.0,2.5,2.5
2,114,3,2,3.75,2.5,-1.25
2,115,2,4,2.5,5.0,2.5
2,116,0,3,0.0,3.75,3.75
2,117,2,1,2.5,1.25,-1.25
2,118,0,1,0.0,1.25,1.25
2,119,1,2,1.25,2.5,1.25
2,120,0,1,0.0,1.25,1.25
2,121,1,2,1.25,2.5,1.25
2,122,1,2,1.25,2.5,1.25
2,123,1,1,1.25,1.25,0.0
2,124,2,4,2.5,5.0,2.5
2,125,2,3,2.5,3.75,1.25
2,126,1,2,1.25,2.5,1.25
2,127,1,1,1.25,1.25,0.0
2,128,1,2,1.25,2.5,1.25
2,129,0,0,0.0,0.0,0.0
2,130,1,0,1.25,0.0,-1.25
2,131,0,1,0.0,1.25,1.25
2,132,2,1,2.5,1.25,-1.25
2,133,0,2,0.0,2.5,2.5
2,134,2,2,2.5,2.5,0.0
3,0,0,11,0.0,13.75,13.75
3,1,3,1,3.75,1.25,-2.5
3,2,4,2,5.0,2.5,-2.5
3,3,3,4,3.75,5.0,1.25
3,4,3,6,3.75,7.5,3.75
3,5,1,3,1.25,3.75,2.5
3,6,1,1,1.25,1.25,0.0
3,7,4,3,5.0,3.75,-1.25
3,8,1,3,1.25,3.75,2.5
3,9,5,2,6.25,2.5,-3.75
3,10,3,3,3.75,3.75,0.0
3,11,5,1,6.25,1.25,-5.0
3,12,3,3,3.75,3.75,0.0
3,13,11,7,13.75,8.75,-5.0
3,14,2,1,2.5,1.25,-1.25
3,15,0,0,0.0,0.0,0.0
3,16,2,2,2.5,2.5,0.0
3,17,0,4,0.0,5.0,5.0
3,18,5,2,6.25,2.5,-3.75
3,19,5,1,6.25,1.25,-5.0
3,20,2,0,2.5,0.0,-2.5
3,21,20,1,25.0,1.25,-23.75
3,22,1,1,1.25,1.25,0.0
3,23,1,0,1.25,0.0,-1.25
3,24,2,4,2.5,5.0,2.5
3,25,2,5,2.5,6.25,3.75
3,26,0,0,0.0,0.0,0.0
3,27,0,1,0.0,1.25,1.25
3,28,2,0,2.5,0.0,-2.5
3,29,2,5,2.5,6.25,3.75
3,30,10,2,12.5,2.5,-10.0
3,31,0,0,0.0,0.0,0.0
3,32,3,6,3.75,7.5,3.75
3,33,2,0,2.5,0.0,-2.5
3,34,3,1,3.75,1.25,-2.5
3,35,1,1,1.25,1.25,0.0
3,36,5,1,6.25,1.25,-5.0
3,37,1,0,1.25,0.0,-1.25
3,38,4,0,5.0,0.0,-5.0
3,39,1,2,1.25,2.5,1.25
3,40,2,0,2.5,0.0,-2.5
3,41,3,1,3.75,1.25,-2.5
3,42,4,4,5.0,5.0,0.0
3,43,0,7,0.0,8.75,8.75
3,44,3,10,3.75,12.5,8.75
3,45,5,0,6.25,0.0,-6.25
3,46,2,2,2.5,2.5,0.0
3,47,2,3,2.5,3.75,1.25
3,48,2,0,2.5,0.0,-2.5
3,49,2,5,2.5,6.25,3.75
3,50,1,2,1.25,2.5,1.25
3,51,0,1,0.0,1.25,1.25
3,52,7,0,8.75,0.0,-8.75
3,53,3,1,3.75,1.25,-2.5
3,54,2,0,2.5,0.0,-2.5
3,55,1,0,1.25,0.0,-1.25
3,56,7,2,8.75,2.5,-6.25
3,57,2,0,2.5,0.0,-2.5
3,58,1,3,1.25,3.75,2.5
3,59,0,1,0.0,1.25,1.25
3,60,2,0,2.5,0.0,-2.5
3,61,0,1,0.0,1.25,1.25
3,62,4,3,5.0,3.75,-1.25
3,63,5,1,6.25,1.25,-5.0
3,64,3,0,3.75,0.0,-3.75
3,65,10,1,12.5,1.25,-11.25
3,66,0,0,0.0,0.0,0.0
3,67,4,0,5.0,0.0,-5.0
3,68,2,4,2.5,5.0,2.5
3,69,0,2,0.0,2.5,2.5
3,70,3,3,3.75,3.75,0.0
3,71,1,2,1.25,2.5,1.25
3,72,0,1,0.0,1.25,1.25
3,73,1,1,1.25,1.25,0.0
3,74,0,9,0.0,11.25,11.25
3,75,1,0,1.25,0.0,-1.25
3,76,1,3,1.25,3.75,2.5
3,77,4,5,5.0,6.25,1.25
3,78,0,2,0.0,2.5,2.5
3,79,9,0,11.25,0.0,-11.25
3,80,2,2,2.5,2.5,0.0
3,81,1,3,1.25,3.75,2.5
3,82,2,0,2.5,0.0,-2.5
3,83,13,2,16.25,2.5,-13.75
3,84,2,3,2.5,3.75,1.25
3,85,11,3,13.75,3.75,-10.0
3,86,3,2,3.75,2.5,-1.25
3,87,1,2,1.25,2.5,1.25
3,88,3,1,3.75,1.25,-2.5
3,89,0,0,0.0,0.0,0.0
3,90,2,1,2.5,1.25,-1.25
3,91,1,3,1.25,3.75,2.5
3,92,5,1,6.25,1.25,-5.0
3,93,0,0,0.0,0.0,0.0
3,94,3,0,3.75,0.0,-3.75
3,95,5,0,6.25,0.0,-6.25
3,96,1,0,1.25,0.0,-1.25
3,97,1,2,1.25,2.5,1.25
3,98,1,0,1.25,0.0,-1.25
3,99,0,7,0.0,8.75,8.75
3,100,1,0,1.25,0.0,-1.25
3,101,1,2,1.25,2.5,1.25
3,102,0,0,0.0,0.0,0.0
3,103,1,0,1.25,0.0,-1.25
3,104,3,0,3.75,0.0,-3.75
3,105,2,1,2.5,1.25,-1.25
3,106,2,3,2.5,3.75,1.25
3,107,2,0,2.5,0.0,-2.5
3,108,0,0,0.0,0.0,0.0
3,109,0,0,0.0,0.0,0.0
3,110,1,0,1.25,0.0,-1.25
3,111,0,0,0.0,0.0,0.0
3,112,0,1,0.0,1.25,1.25
3,113,1,0,1.25,0.0,-1.25
3,114,0,2,0.0,2.5,2.5
3,115,1,0,1.25,0.0,-1.25
3,116,1,0,1.25,0.0,-1.25
3,117,0,0,0.0,0.0,0.0
3,118,4,0,5.0,0.0,-5.0
3,119,0,0,0.0,0.0,0.0
3,120,0,0,0.0,0.0,0.0
3,121,7,1,8.75,1.25,-7.5
3,122,3,1,3.75,1.25,-2.5
3,123,4,2,5.0,2.5,-2.5
3,124,0,1,0.0,1.25,1.25
3,125,0,0,0.0,0.0,0.0
3,126,0,2,0.0,2.5,2.5
3,127,2,1,2.5,1.25,-1.25
3,128,0,2,0.0,2.5,2.5
3,129,0,5,0.0,6.25,6.25
3,130,0,1,0.0,1.25,1.25
3,131,2,2,2.5,2.5,0.0
3,132,5,2,6.25,2.5,-3.75
3,133,0,0,0.0,0.0,0.0
3,134,0,1,0.0,1.25,1.25
4,0,2,6,2.5,7.5,5.0
4,1,5,5,6.25,6.25,0.0
4,2,2,3,2.5,3.75,1.25
4,3,9,8,11.25,10.0,-1.25
4,4,6,8,7.5,10.0,2.5
4,5,7,7,8.75,8.75,0.0
4,6,11,7,13.75,8.75,-5.0
4,7,7,12,8.75,15.0,6.25
4,8,10,5,12.5,6.25,-6.25
4,9,12,6,15.0,7.5,-7.5
4,10,4,6,5.0,7.5,2.5
4,11,9,7,11.25,8.75,-2.5
4,12,5,7,6.25,8.75,2.5
4,13,11,11,13.75,13.75,0.0
4,14,5,5,6.25,6.25,0.0
4,15,8,10,10.0,12.5,2.5
4,16,10,3,12.5,3.75,-8.75
4,17,13,4,16.25,5.0,-11.25
4,18,7,8,8.75,10.0,1.25
4,19,14,12,17.5,15.0,-2.5
4,20,6,6,7.5,7.5,0.0
4,21,12,3,15.0,3.75,-11.25
4,22,10,9,12.5,11.25,-1.25
4,23,9,6,11.25,7.5,-3.75
4,24,11,6,13.75,7.5,-6.25
4,25,13,8,16.25,10.0,-6.25
4,26,17,11,21.25,13.75,-7.5
4,27,5,2,6.25,2.5,-3.75
4,28,12,5,15.0,6.25,-8.75
4,29,13,10,16.25,12.5,-3.75
4,30,7,2,8.75,2.5,-6.25
4,31,13,10,16.25,12.5,-3.75
4,32,7,8,8.75,10.0,1.25
4,33,6,15,7.5,18.75,11.25
4,34,12,5,15.0,6.25,-8.75
4,35,8,7,10.0,8.75,-1.25
4,36,11,5,13.75,6.25,-7.5
4,37,9,6,11.25,7.5,-3.75
4,38,6,8,7.5,10.0,2.5
4,39,7,11,8.75,13.75,5.0
4,40,6,7,7.5,8.75,1.25
4,41,6,10,7.5,12.5,5.0
4,42,6,4,7.5,5.0,-2.5
4,43,10,4,12.5,5.0,-7.5
4,44,8,10,10.0,12.5,2.5
4,45,13,7,16.25,8.75,-7.5
4,46,15,8,18.75,10.0,-8.75
4,47,13,4,16.25,5.0,-11.25
4,48,9,6,11.25,7.5,-3.75
4,49,7,9,8.75,11.25,2.5
4,50,13,13,16.25,16.25,0.0
4,51,10,7,12.5,8.75,-3.75
4,52,14,7,17.5,8.75,-8.75
4,53,9,9,11.25,11.25,0.0
4,54,5,8,6.25,10.0,3.75
4,55,11,8,13.75,10.0,-3.75
4,56,11,10,13.75,12.5,-1.25
4,57,10,4,12.5,5.0,-7.5
4,58,10,7,12.5,8.75,-3.75
4,59,3,4,3.75,5.0,1.25
4,60,5,7,6.25,8.75,2.5
4,61,10,8,12.5,10.0,-2.5
4,62,8,8,10.0,10.0,0.0
4,63,8,9,10.0,11.25,1.25
4,64,8,12,10.0,15.0,5.0
4,65,3,10,3.75,12.5,8.75
4,66,18,10,22.5,12.5,-10.0
4,67,4,9,5.0,11.25,6.25
4,68,15,5,18.75,6.25,-12.5
4,69,6,11,7.5,13.75,6.25
4,70,14,10,17.5,12.5,-5.0
4,71,13,10,16.25,12.5,-3.75
4,72,8,10,10.0,12.5,2.5
4,73,11,2,13.75,2.5,-11.25
4,74,13,4,16.25,5.0,-11.25
4,75,12,9,15.0,11.25,-3.75
4,76,14,9,17.5,11.25,-6.25
4,77,17,8,21.25,10.0,-11.25
4,78,17,9,21.25,11.25,-10.0
4,79,9,5,11.25,6.25,-5.0
4,80,7,9,8.75,11.25,2.5
4,81,4,7,5.0,8.75,3.75
4,82,17,6,21.25,7.5,-13.75
4,83,12,7,15.0,8.75,-6.25
4,84,13,6,16.25,7.5,-8.75
4,85,7,9,8.75,11.25,2.5
4,86,10,8,12.5,10.0,-2.5
4,87,11,8,13.75,10.0,-3.75
4,88,10,8,12.5,10.0,-2.5
4,89,8,8,10.0,10.0,0.0
4,90,11,7,13.75,8.75,-5.0
4,91,9,8,11.25,10.0,-1.25
4,92,5,6,6.25,7.5,1.25
4,93,5,8,6.25,10.0,3.75
4,94,4,9,5.0,11.25,6.25
4,95,11,7,13.75,8.75,-5.0
4,96,7,12,8.75,15.0,6.25
4,97,10,5,12.5,6.25,-6.25
4,98,7,6,8.75,7.5,-1.25
4,99,7,10,8.75,12.5,3.75
4,100,6,6,7.5,7.5,0.0
4,101,11,6,13.75,7.5,-6.25
4,102,7,5,8.75,6.25,-2.5
4,103,4,10,5.0,12.5,7.5
4,104,7,8,8.75,10.0,1.25
4,105,12,10,15.0,12.5,-2.5
4,106,3,4,3.75,5.0,1.25
4,107,6,5,7.5,6.25,-1.25
4,108,9,7,11.25,8.75,-2.5
4,109,12,4,15.0,5.0,-10.0
4,110,8,6,10.0,7.5,-2.5
4,111,5,3,6.25,3.75,-2.5
4,112,10,5,12.5,6.25,-6.25
4,113,12,8,15.0,10.0,-5.0
4,114,5,10,6.25,12.5,6.25
4,115,9,6,11.25,7.5,-3.75
4,116,7,5,8.75,6.25,-2.5
4,117,6,7,7.5,8.75,1.25
4,118,11,5,13.75,6.25,-7.5
4,119,5,3,6.25,3.75,-2.5
4,120,10,7,12.5,8.75,-3.75
4,121,5,6,6.25,7.5,1.25
4,122,4,8,5.0,10.0,5.0
4,123,7,5,8.75,6.25,-2.5
4,124,6,7,7.5,8.75,1.25
4,125,6,5,7.5,6.25,-1.25
4,126,9,4,11.25,5.0,-6.25
4,127,11,7,13.75,8.75,-5.0
4,128,6,1,7.5,1.25,-6.25
4,129,5,5,6.25,6.25,0.0
4,130,8,2,10.0,2.5,-7.5
4,131,7,5,8.75,6.25,-2.5
4,132,6,7,7.5,8.75,1.25
4,133,10,10,12.5,12.5,0.0
4,134,9,2,11.25,2.5,-8.75
5,0,1,0,1.25,0.0,-1.25
5,1,1,1,1.25,1.25,0.0
5,2,0,0,0.0,0.0,0.0
5,3,0,0,0.0,0.0,0.0
5,4,0,0,0.0,0.0,0.0
5,5,0,2,0.0,2.5,2.5
5,6,0,0,0.0,0.0,0.0
5,7,0,0,0.0,0.0,0.0
5,8,0,0,0.0,0.0,0.0
5,9,0,1,0.0,1.25,1.25
5,10,0,1,0.0,1.25,1.25
5,11,0,0,0.0,0.0,0.0
5,12,0,0,0.0,0.0,0.0
5,13,1,0,1.25,0.0,-1.25
5,14,6,0,7.5,0.0,-7.5
5,15,0,0,0.0,0.0,0.0
5,16,0,0,0.0,0.0,0.0
5,17,0,0,0.0,0.0,0.0
5,18,0,0,0.0,0.0,0.0
5,19,0,0,0.0,0.0,0.0
5,20,1,0,1.25,0.0,-1.25
5,21,0,0,0.0,0.0,0.0
5,22,2,0,2.5,0.0,-2.5
5,23,1,0,1.25,0.0,-1.25
5,24,0,0,0.0,0.0,0.0
5,25,3,2,3.75,2.5,-1.25
5,26,1,1,1.25,1.25,0.0
5,27,0,4,0.0,5.0,5.0
5,28,1,0,1.25,0.0,-1.25
5,29,0,1,0.0,1.25,1.25
5,30,0,1,0.0,1.25,1.25
5,31,0,1,0.0,1.25,1.25
5,32,0,1,0.0,1.25,1.25
5,33,0,0,0.0,0.0,0.0
5,34,0,0,0.0,0.0,0.0
5,35,1,0,1.25,0.0,-1.25
5,36,1,0,1.25,0.0,-1.25
5,37,1,0,1.25,0.0,-1.25
5,38,0,0,0.0,0.0,0.0
5,39,0,2,0.0,2.5,2.5
5,40,0,2,0.0,2.5,2.5
5,41,0,0,0.0,0.0,0.0
5,42,5,1,6.25,1.25,-5.0
5,43,0,0,0.0,0.0,0.0
5,44,0,1,0.0,1.25,1.25
5,45,0,1,0.0,1.25,1.25
5,46,1,1,1.25,1.25,0.0
5,47,0,2,0.0,2.5,2.5
5,48,3,2,3.75,2.5,-1.25
5,49,0,1,0.0,1.25,1.25
5,50,0,0,0.0,0.0,0.0
5,51,1,3,1.25,3.75,2.5
5,52,0,2,0.0,2.5,2.5
5,53,0,1,0.0,1.25,1.25
5,54,1,0,1.25,0.0,-1.25
5,55,1,2,1.25,2.5,1.25
5,56,0,1,0.0,1.25,1.25
5,57,0,1,0.0,1.25,1.25
5,58,0,2,0.0,2.5,2.5
5,59,0,0,0.0,0.0,0.0
5,60,2,2,2.5,2.5,0.0
5,61,2,1,2.5,1.25,-1.25
5,62,3,0,3.75,0.0,-3.75
5,63,0,0,0.0,0.0,0.0
5,64,0,0,0.0,0.0,0.0
5,65,2,1,2.5,1.25,-1.25
5,66,0,0,0.0,0.0,0.0
5,67,0,0,0.0,0.0,0.0
5,68,1,1,1.25,1.25,0.0
5,69,2,0,2.5,0.0,-2.5
5,70,0,1,0.0,1.25,1.25
5,71,0,1,0.0,1.25,1.25
5,72,0,0,0.0,0.0,0.0
5,73,2,1,2.5,1.25,-1.25
5,74,0,0,0.0,0.0,0.0
5,75,0,0,0.0,0.0,0.0
5,76,1,1,1.25,1.25,0.0
5,77,0,0,0.0,0.0,0.0
5,78,0,0,0.0,0.0,0.0
5,79,0,0,0.0,0.0,0.0
5,80,4,0,5.0,0.0,-5.0
5,81,1,0,1.25,0.0,-1.25
5,82,1,0,1.25,0.0,-1.25
5,83,1,0,1.25,0.0,-1.25
5,84,1,0,1.25,0.0,-1.25
5,85,2,1,2.5,1.25,-1.25
5,86,1,0,1.25,0.0,-1.25
5,87,0,1,0.0,1.25,1.25
5,88,3,2,3.75,2.5,-1.25
5,89,1,0,1.25,0.0,-1.25
5,90,0,2,0.0,2.5,2.5
5,91,1,0,1.25,0.0,-1.25
5,92,0,2,0.0,2.5,2.5
5,93,0,0,0.0,0.0,0.0
5,94,1,2,1.25,2.5,1.25
5,95,2,0,2.5,0.0,-2.5
5,96,0,1,0.0,1.25,1.25
5,97,0,1,0.0,1.25,1.25
5,98,0,3,0.0,3.75,3.75
5,99,0,2,0.0,2.5,2.5
5,100,3,2,3.75,2.5,-1.25
5,101,3,3,3.75,3.75,0.0
5,102,1,1,1.25,1.25,0.0
5,103,0,1,0.0,1.25,1.25
5,104,0,0,0.0,0.0,0.0
5,105,1,1,1.25,1.25,0.0
5,106,1,0,1.25,0.0,-1.25
5,107,0,0,0.0,0.0,0.0
5,108,1,0,1.25,0.0,-1.25
5,109,1,1,1.25,1.25,0.0
5,110,1,0,1.25,0.0,-1.25
5,111,0,2,0.0,2.5,2.5
5,112,1,0,1.25,0.0,-1.25
5,113,0,0,0.0,0.0,0.0
5,114,1,1,1.25,1.25,0.0
5,115,2,0,2.5,0.0,-2.5
5,116,1,1,1.25,1.25,0.0
5,117,0,1,0.0,1.25,1.25
5,118,0,2,0.0,2.5,2.5
5,119,0,1,0.0,1.25,1.25
5,120,1,1,1.25,1.25,0.0
5,121,0,0,0.0,0.0,0.0
5,122,0,2,0.0,2.5,2.5
5,123,2,0,2.5,0.0,-2.5
5,124,0,1,0.0,1.25,1.25
5,125,1,0,1.25,0.0,-1.25
5,126,1,4,1.25,5.0,3.75
5,127,0,0,0.0,0.0,0.0
5,128,0,3,0.0,3.75,3.75
5,129,0,3,0.0,3.75,3.75
5,130,1,7,1.25,8.75,7.5
5,131,1,2,1.25,2.5,1.25
5,132,0,1,0.0,1.25,1.25
5,133,5,2,6.25,2.5,-3.75
5,134,2,0,2.5,0.0,-2.5
6,0,0,0,0.0,0.0,0.0
6,1,0,0,0.0,0.0,0.0
6,2,0,0,0.0,0.0,0.0
6,3,0,0,0.0,0.0,0.0
6,4,0,0,0.0,0.0,0.0
6,5,0,0,0.0,0.0,0.0
6,6,0,0,0.0,0.0,0.0
6,7,0,0,0.0,0.0,0.0
6,8,0,0,0.0,0.0,0.0
6,9,0,0,0.0,0.0,0.0
6,10,0,0,0.0,0.0,0.0
6,11,0,0,0.0,0.0,0.0
6,12,0,0,0.0,0.0,0.0
6,13,0,0,0.0,0.0,0.0
6,14,0,0,0.0,0.0,0.0
6,15,0,0,0.0,0.0,0.0
6,16,0,0,0.0,0.0,0.0
6,17,0,0,0.0,0.0,0.0
6,18,0,0,0.0,0.0,0.0
6,19,0,0,0.0,0.0,0.0
6,20,0,0,0.0,0.0,0.0
6,21,0,1,0.0,1.25,1.25
6,22,1,0,1.25,0.0,-1.25
6,23,2,1,2.5,1.25,-1.25
6,24,2,2,2.5,2.5,0.0
6,25,1,1,1.25,1.25,0.0
6,26,1,5,1.25,6.25,5.0
6,27,1,0,1.25,0.0,-1.25
6,28,0,0,0.0,0.0,0.0
6,29,2,0,2.5,0.0,-2.5
6,30,0,0,0.0,0.0,0.0
6,31,2,1,2.5,1.25,-1.25
6,32,3,5,3.75,6.25,2.5
6,33,4,5,5.0,6.25,1.25
6,34,2,2,2.5,2.5,0.0
6,35,3,1,3.75,1.25,-2.5
6,36,2,3,2.5,3.75,1.25
6,37,3,2,3.75,2.5,-1.25
6,38,3,1,3.75,1.25,-2.5
6,39,0,3,0.0,3.75,3.75
6,40,3,3,3.75,3.75,0.0
6,41,0,1,0.0,1.25,1.25
6,42,3,2,3.75,2.5,-1.25
6,43,0,0,0.0,0.0,0.0
6,44,2,0,2.5,0.0,-2.5
6,45,1,1,1.25,1.25,0.0
6,46,0,2,0.0,2.5,2.5
6,47,2,0,2.5,0.0,-2.5
6,48,0,0,0.0,0.0,0.0
6,49,1,0,1.25,0.0,-1.25
6,50,0,0,0.0,0.0,0.0
6,51,3,1,3.75,1.25,-2.5
6,52,1,3,1.25,3.75,2.5
6,53,5,4,6.25,5.0,-1.25
6,54,5,5,6.25,6.25,0.0
6,55,2,3,2.5,3.75,1.25
6,56,7,4,8.75,5.0,-3.75
6,57,5,4,6.25,5.0,-1.25
6,58,4,3,5.0,3.75,-1.25
6,59,4,3,5.0,3.75,-1.25
6,60,3,5,3.75,6.25,2.5
6,61,5,3,6.25,3.75,-2.5
6,62,3,4,3.75,5.0,1.25
6,63,1,2,1.25,2.5,1.25
6,64,1,3,1.25,3.75,2.5
6,65,5,2,6.25,2.5,-3.75
6,66,3,5,3.75,6.25,2.5
6,67,4,6,5.0,7.5,2.5
6,68,1,0,1.25,0.0,-1.25
6,69,0,0,0.0,0.0,0.0
6,70,0,1,0.0,1.25,1.25
6,71,1,0,1.25,0.0,-1.25
6,72,2,1,2.5,1.25,-1.25
6,73,2,0,2.5,0.0,-2.5
6,74,1,0,1.25,0.0,-1.25
6,75,3,3,3.75,3.75,0.0
6,76,2,1,2.5,1.25,-1.25
6,77,2,1,2.5,1.25,-1.25
6,78,4,3,5.0,3.75,-1.25
6,79,1,1,1.25,1.25,0.0
6,80,2,3,2.5,3.75,1.25
6,81,1,2,1.25,2.5,1.25
6,82,4,2,5.0,2.5,-2.5
6,83,2,3,2.5,3.75,1.25
6,84,6,6,7.5,7.5,0.0
6,85,2,3,2.5,3.75,1.25
6,86,3,6,3.75,7.5,3.75
6,87,4,6,5.0,7.5,2.5
6,88,4,3,5.0,3.75,-1.25
6,89,4,2,5.0,2.5,-2.5
6,90,4,2,5.0,2.5,-2.5
6,91,0,1,0.0,1.25,1.25
6,92,0,0,0.0,0.0,0.0
6,93,0,0,0.0,0.0,0.0
6,94,0,0,0.0,0.0,0.0
6,95,0,3,0.0,3.75,3.75
6,96,1,1,1.25,1.25,0.0
6,97,1,1,1.25,1.25,0.0
6,98,1,1,1.25,1.25,0.0
6,99,1,1,1.25,1.25,0.0
6,100,1,0,1.25,0.0,-1.25
6,101,1,0,1.25,0.0,-1.25
6,102,1,2,1.25,2.5,1.25
6,103,0,0,0.0,0.0,0.0
6,104,0,0,0.0,0.0,0.0
6,105,0,0,0.0,0.0,0.0
6,106,0,2,0.0,2.5,2.5
6,107,0,0,0.0,0.0,0.0
6,108,0,0,0.0,0.0,0.0
6,109,1,0,1.25,0.0,-1.25
6,110,1,0,1.25,0.0,-1.25
6,111,0,1,0.0,1.25,1.25
6,112,1,0,1.25,0.0,-1.25
6,113,0,1,0.0,1.25,1.25
6,114,0,0,0.0,0.0,0.0
6,115,0,0,0.0,0.0,0.0
6,116,0,1,0.0,1.25,1.25
6,117,0,0,0.0,0.0,0.0
6,118,0,1,0.0,1.25,1.25
6,119,0,0,0.0,0.0,0.0
6,120,1,0,1.25,0.0,-1.25
6,121,3,1,3.75,1.25,-2.5
6,122,2,1,2.5,1.25,-1.25
6,123,3,3,3.75,3.75,0.0
6,124,1,3,1.25,3.75,2.5
6,125,3,2,3.75,2.5,-1.25
6,126,3,4,3.75,5.0,1.25
6,127,1,3,1.25,3.75,2.5
6,128,4,1,5.0,1.25,-3.75
6,129,1,2,1.25,2.5,1.25
6,130,0,1,0.0,1.25,1.25
6,131,2,2,2.5,2.5,0.0
6,132,3,2,3.75,2.5,-1.25
6,133,1,0,1.25,0.0,-1.25
6,134,3,3,3.75,3.75,0.0
7,0,1,0,1.25,0.0,-1.25
7,1,2,0,2.5,0.0,-2.5
7,2,0,1,0.0,1.25,1.25
7,3,1,3,1.25,3.75,2.5
7,4,0,0,0.0,0.0,0.0
7,5,5,9,6.25,11.25,5.0
7,6,1,0,1.25,0.0,-1.25
7,7,2,1,2.5,1.25,-1.25
7,8,2,2,2.5,2.5,0.0
7,9,6,8,7.5,10.0,2.5
7,10,7,0,8.75,0.0,-8.75
7,11,2,1,2.5,1.25,-1.25
7,12,2,2,2.5,2.5,0.0
7,13,11,18,13.75,22.5,8.75
7,14,5,2,6.25,2.5,-3.75
7,15,7,4,8.75,5.0,-3.75
7,16,1,1,1.25,1.25,0.0
7,17,5,3,6.25,3.75,-2.5
7,18,1,2,1.25,2.5,1.25
7,19,5,6,6.25,7.5,1.25
7,20,0,2,0.0,2.5,2.5
7,21,7,5,8.75,6.25,-2.5
7,22,6,2,7.5,2.5,-5.0
7,23,0,5,0.0,6.25,6.25
7,24,3,4,3.75,5.0,1.25
7,25,2,5,2.5,6.25,3.75
7,26,2,4,2.5,5.0,2.5
7,27,2,5,2.5,6.25,3.75
7,28,7,8,8.75,10.0,1.25
7,29,9,4,11.25,5.0,-6.25
7,30,6,6,7.5,7.5,0.0
7,31,4,5,5.0,6.25,1.25
7,32,0,0,0.0,0.0,0.0
7,33,1,5,1.25,6.25,5.0
7,34,4,2,5.0,2.5,-2.5
7,35,1,3,1.25,3.75,2.5
7,36,2,5,2.5,6.25,3.75
7,37,4,1,5.0,1.25,-3.75
7,38,2,5,2.5,6.25,3.75
7,39,3,3,3.75,3.75,0.0
7,40,2,2,2.5,2.5,0.0
7,41,3,2,3.75,2.5,-1.25
7,42,8,6,10.0,7.5,-2.5
7,43,7,5,8.75,6.25,-2.5
7,44,6,3,7.5,3.75,-3.75
7,45,4,1,5.0,1.25,-3.75
7,46,3,0,3.75,0.0,-3.75
7,47,3,0,3.75,0.0,-3.75
7,48,0,0,0.0,0.0,0.0
7,49,2,9,2.5,11.25,8.75
7,50,6,2,7.5,2.5,-5.0
7,51,3,2,3.75,2.5,-1.25
7,52,1,0,1.25,0.0,-1.25
7,53,2,1,2.5,1.25,-1.25
7,54,1,2,1.25,2.5,1.25
7,55,1,1,1.25,1.25,0.0
7,56,4,1,5.0,1.25,-3.75
7,57,1,1,1.25,1.25,0.0
7,58,1,1,1.25,1.25,0.0
7,59,0,0,0.0,0.0,0.0
7,60,2,1,2.5,1.25,-1.25
7,61,2,0,2.5,0.0,-2.5
7,62,0,1,0.0,1.25,1.25
7,63,1,0,1.25,0.0,-1.25
7,64,0,3,0.0,3.75,3.75
7,65,1,0,1.25,0.0,-1.25
7,66,1,1,1.25,1.25,0.0
7,67,1,2,1.25,2.5,1.25
7,68,4,13,5.0,16.25,11.25
7,69,7,1,8.75,1.25,-7.5
7,70,3,4,3.75,5.0,1.25
7,71,1,0,1.25,0.0,-1.25
7,72,0,2,0.0,2.5,2.5
7,73,0,0,0.0,0.0,0.0
7,74,0,0,0.0,0.0,0.0
7,75,2,4,2.5,5.0,2.5
7,76,0,1,0.0,1.25,1.25
7,77,0,0,0.0,0.0,0.0
7,78,0,0,0.0,0.0,0.0
7,79,1,0,1.25,0.0,-1.25
7,80,0,2,0.0,2.5,2.5
7,81,0,1,0.0,1.25,1.25
7,82,1,2,1.25,2.5,1.25
7,83,0,1,0.0,1.25,1.25
7,84,0,1,0.0,1.25,1.25
7,85,0,0,0.0,0.0,0.0
7,86,0,1,0.0,1.25,1.25
7,87,1,3,1.25,3.75,2.5
7,88,1,0,1.25,0.0,-1.25
7,89,0,0,0.0,0.0,0.0
7,90,2,1,2.5,1.25,-1.25
7,91,2,2,2.5,2.5,0.0
7,92,6,5,7.5,6.25,-1.25
7,93,4,1,5.0,1.25,-3.75
7,94,0,0,0.0,0.0,0.0
7,95,1,3,1.25,3.75,2.5
7,96,1,0,1.25,0.0,-1.25
7,97,1,0,1.25,0.0,-1.25
7,98,0,0,0.0,0.0,0.0
7,99,0,0,0.0,0.0,0.0
7,100,0,1,0.0,1.25,1.25
7,101,1,2,1.25,2.5,1.25
7,102,0,2,0.0,2.5,2.5
7,103,0,0,0.0,0.0,0.0
7,104,1,2,1.25,2.5,1.25
7,105,0,0,0.0,0.0,0.0
7,106,0,0,0.0,0.0,0.0
7,107,1,1,1.25,1.25,0.0
7,108,0,3,0.0,3.75,3.75
7,109,1,1,1.25,1.25,0.0
7,110,1,2,1.25,2.5,1.25
7,111,0,3,0.0,3.75,3.75
7,112,0,3,0.0,3.75,3.75
7,113,1,3,1.25,3.75,2.5
7,114,2,3,2.5,3.75,1.25
7,115,1,0,1.25,0.0,-1.25
7,116,1,0,1.25,0.0,-1.25
7,117,3,0,3.75,0.0,-3.75
7,118,3,2,3.75,2.5,-1.25
7,119,0,0,0.0,0.0,0.0
7,120,3,1,3.75,1.25,-2.5
7,121,0,0,0.0,0.0,0.0
7,122,0,1,0.0,1.25,1.25
7,123,1,2,1.25,2.5,1.25
7,124,0,1,0.0,1.25,1.25
7,125,2,2,2.5,2.5,0.0
7,126,1,1,1.25,1.25,0.0
7,127,1,0,1.25,0.0,-1.25
7,128,1,4,1.25,5.0,3.75
7,129,0,2,0.0,2.5,2.5
7,130,6,2,7.5,2.5,-5.0
7,131,4,3,5.0,3.75,-1.25
7,132,1,1,1.25,1.25,0.0
7,133,0,1,0.0,1.25,1.25
7,134,1,1,1.25,1.25,0.0
8,0,2,0,2.5,0.0,-2.5
8,1,1,2,1.25,2.5,1.25
8,2,1,3,1.25,3.75,2.5
8,3,3,3,3.75,3.75,0.0
8,4,4,1,5.0,1.25,-3.75
8,5,1,3,1.25,3.75,2.5
8,6,0,0,0.0,0.0,0.0
8,7,1,0,1.25,0.0,-1.25
8,8,2,0,2.5,0.0,-2.5
8,9,3,3,3.75,3.75,0.0
8,10,2,2,2.5,2.5,0.0
8,11,4,1,5.0,1.25,-3.75
8,12,2,0,2.5,0.0,-2.5
8,13,1,0,1.25,0.0,-1.25
8,14,1,0,1.25,0.0,-1.25
8,15,1,4,1.25,5.0,3.75
8,16,2,1,2.5,1.25,-1.25
8,17,4,2,5.0,2.5,-2.5
8,18,0,0,0.0,0.0,0.0
8,19,0,0,0.0,0.0,0.0
8,20,2,2,2.5,2.5,0.0
8,21,5,1,6.25,1.25,-5.0
8,22,2,3,2.5,3.75,1.25
8,23,3,5,3.75,6.25,2.5
8,24,4,4,5.0,5.0,0.0
8,25,4,4,5.0,5.0,0.0
8,26,3,7,3.75,8.75,5.0
8,27,2,1,2.5,1.25,-1.25
8,28,3,1,3.75,1.25,-2.5
8,29,2,4,2.5,5.0,2.5
8,30,0,2,0.0,2.5,2.5
8,31,4,5,5.0,6.25,1.25
8,32,3,4,3.75,5.0,1.25
8,33,3,4,3.75,5.0,1.25
8,34,2,6,2.5,7.5,5.0
8,35,7,4,8.75,5.0,-3.75
8,36,4,6,5.0,7.5,2.5
8,37,8,5,10.0,6.25,-3.75
8,38,3,7,3.75,8.75,5.0
8,39,8,2,10.0,2.5,-7.5
8,40,5,9,6.25,11.25,5.0
8,41,7,7,8.75,8.75,0.0
8,42,6,7,7.5,8.75,1.25
8,43,8,3,10.0,3.75,-6.25
8,44,5,7,6.25,8.75,2.5
8,45,6,5,7.5,6.25,-1.25
8,46,9,4,11.25,5.0,-6.25
8,47,8,8,10.0,10.0,0.0
8,48,6,7,7.5,8.75,1.25
8,49,5,3,6.25,3.75,-2.5
8,50,8,6,10.0,7.5,-2.5
8,51,6,5,7.5,6.25,-1.25
8,52,4,6,5.0,7.5,2.5
8,53,6,6,7.5,7.5,0.0
8,54,4,6,5.0,7.5,2.5
8,55,4,4,5.0,5.0,0.0
8,56,11,7,13.75,8.75,-5.0
8,57,4,7,5.0,8.75,3.75
8,58,4,3,5.0,3.75,-1.25
8,59,5,5,6.25,6.25,0.0
8,60,7,5,8.75,6.25,-2.5
8,61,6,6,7.5,7.5,0.0
8,62,6,7,7.5,8.75,1.25
8,63,8,5,10.0,6.25,-3.75
8,64,8,10,10.0,12.5,2.5
8,65,3,8,3.75,10.0,6.25
8,66,12,7,15.0,8.75,-6.25
8,67,6,8,7.5,10.0,2.5
8,68,9,5,11.25,6.25,-5.0
8,69,8,12,10.0,15.0,5.0
8,70,10,6,12.5,7.5,-5.0
8,71,7,7,8.75,8.75,0.0
8,72,4,9,5.0,11.25,6.25
8,73,10,5,12.5,6.25,-6.25
8,74,10,1,12.5,1.25,-11.25
8,75,5,3,6.25,3.75,-2.5
8,76,9,8,11.25,10.0,-1.25
8,77,6,4,7.5,5.0,-2.5
8,78,11,10,13.75,12.5,-1.25
8,79,6,6,7.5,7.5,0.0
8,80,6,4,7.5,5.0,-2.5
8,81,3,5,3.75,6.25,2.5
8,82,8,6,10.0,7.5,-2.5
8,83,4,4,5.0,5.0,0.0
8,84,7,6,8.75,7.5,-1.25
8,85,5,3,6.25,3.75,-2.5
8,86,3,7,3.75,8.75,5.0
8,87,5,4,6.25,5.0,-1.25
8,88,3,4,3.75,5.0,1.25
8,89,7,3,8.75,3.75,-5.0
8,90,12,2,15.0,2.5,-12.5
8,91,7,4,8.75,5.0,-3.75
8,92,4,4,5.0,5.0,0.0
8,93,7,6,8.75,7.5,-1.25
8,94,5,7,6.25,8.75,2.5
8,95,5,7,6.25,8.75,2.5
8,96,7,8,8.75,10.0,1.25
8,97,4,7,5.0,8.75,3.75
8,98,10,4,12.5,5.0,-7.5
8,99,4,4,5.0,5.0,0.0
8,100,4,6,5.0,7.5,2.5
8,101,5,5,6.25,6.25,0.0
8,102,8,8,10.0,10.0,0.0
8,103,6,5,7.5,6.25,-1.25
8,104,3,4,3.75,5.0,1.25
8,105,12,6,15.0,7.5,-7.5
8,106,2,6,2.5,7.5,5.0
8,107,4,2,5.0,2.5,-2.5
8,108,8,9,10.0,11.25,1.25
8,109,7,3,8.75,3.75,-5.0
8,110,3,2,3.75,2.5,-1.25
8,111,6,4,7.5,5.0,-2.5
8,112,7,6,8.75,7.5,-1.25
8,113,3,7,3.75,8.75,5.0
8,114,6,7,7.5,8.75,1.25
8,115,8,6,10.0,7.5,-2.5
8,116,3,2,3.75,2.5,-1.25
8,117,5,6,6.25,7.5,1.25
8,118,3,4,3.75,5.0,1.25
8,119,6,2,7.5,2.5,-5.0
8,120,3,1,3.75,1.25,-2.5
8,121,1,3,1.25,3.75,2.5
8,122,3,5,3.75,6.25,2.5
8,123,5,5,6.25,6.25,0.0
8,124,7,8,8.75,10.0,1.25
8,125,7,9,8.75,11.25,2.5
8,126,9,4,11.25,5.0,-6.25
8,127,16,11,20.0,13.75,-6.25
8,128,9,15,11.25,18.75,7.5
8,129,7,4,8.75,5.0,-3.75
8,130,8,3,10.0,3.75,-6.25
8,131,9,8,11.25,10.0,-1.25
8,132,9,4,11.25,5.0,-6.25
8,133,7,7,8.75,8.75,0.0
8,134,9,9,11.25,11.25,0.0
9,0,3,4,3.75,5.0,1.25
9,1,3,4,3.75,5.0,1.25
9,2,3,2,3.75,2.5,-1.25
9,3,4,9,5.0,11.25,6.25
9,4,5,3,6.25,3.75,-2.5
9,5,6,3,7.5,3.75,-3.75
9,6,7,4,8.75,5.0,-3.75
9,7,7,7,8.75,8.75,0.0
9,8,5,4,6.25,5.0,-1.25
9,9,6,4,7.5,5.0,-2.5
9,10,3,5,3.75,6.25,2.5
9,11,6,3,7.5,3.75,-3.75
9,12,8,5,10.0,6.25,-3.75
9,13,7,4,8.75,5.0,-3.75
9,14,1,1,1.25,1.25,0.0
9,15,2,6,2.5,7.5,5.0
9,16,6,3,7.5,3.75,-3.75
9,17,15,4,18.75,5.0,-13.75
9,18,6,7,7.5,8.75,1.25
9,19,10,7,12.5,8.75,-3.75
9,20,8,8,10.0,10.0,0.0
9,21,9,6,11.25,7.5,-3.75
9,22,8,6,10.0,7.5,-2.5
9,23,10,7,12.5,8.75,-3.75
9,24,12,6,15.0,7.5,-7.5
9,25,11,5,13.75,6.25,-7.5
9,26,9,10,11.25,12.5,1.25
9,27,3,1,3.75,1.25,-2.5
9,28,10,7,12.5,8.75,-3.75
9,29,18,9,22.5,11.25,-11.25
9,30,6,0,7.5,0.0,-7.5
9,31,8,10,10.0,12.5,2.5
9,32,8,10,10.0,12.5,2.5
9,33,6,9,7.5,11.25,3.75
9,34,12,5,15.0,6.25,-8.75
9,35,11,9,13.75,11.25,-2.5
9,36,11,10,13.75,12.5,-1.25
9,37,9,4,11.25,5.0,-6.25
9,38,7,11,8.75,13.75,5.0
9,39,6,7,7.5,8.75,1.25
9,40,6,6,7.5,7.5,0.0
9,41,10,12,12.5,15.0,2.5
9,42,10,6,12.5,7.5,-5.0
9,43,15,4,18.75,5.0,-13.75
9,44,7,12,8.75,15.0,6.25
9,45,12,8,15.0,10.0,-5.0
9,46,16,11,20.0,13.75,-6.25
9,47,12,9,15.0,11.25,-3.75
9,48,10,10,12.5,12.5,0.0
9,49,10,7,12.5,8.75,-3.75
9,50,15,13,18.75,16.25,-2.5
9,51,11,13,13.75,16.25,2.5
9,52,13,7,16.25,8.75,-7.5
9,53,6,9,7.5,11.25,3.75
9,54,7,8,8.75,10.0,1.25
9,55,10,9,12.5,11.25,-1.25
9,56,11,12,13.75,15.0,1.25
9,57,11,8,13.75,10.0,-3.75
9,58,1,6,1.25,7.5,6.25
9,59,3,9,3.75,11.25,7.5
9,60,10,8,12.5,10.0,-2.5
9,61,9,10,11.25,12.5,1.25
9,62,9,6,11.25,7.5,-3.75
9,63,9,9,11.25,11.25,0.0
9,64,9,14,11.25,17.5,6.25
9,65,8,11,10.0,13.75,3.75
9,66,14,5,17.5,6.25,-11.25
9,67,5,5,6.25,6.25,0.0
9,68,15,9,18.75,11.25,-7.5
9,69,0,9,0.0,11.25,11.25
9,70,11,10,13.75,12.5,-1.25
9,71,10,6,12.5,7.5,-5.0
9,72,3,5,3.75,6.25,2.5
9,73,8,6,10.0,7.5,-2.5
9,74,8,4,10.0,5.0,-5.0
9,75,5,5,6.25,6.25,0.0
9,76,6,5,7.5,6.25,-1.25
9,77,9,8,11.25,10.0,-1.25
9,78,9,4,11.25,5.0,-6.25
9,79,9,6,11.25,7.5,-3.75
9,80,7,8,8.75,10.0,1.25
9,81,4,10,5.0,12.5,7.5
9,82,10,8,12.5,10.0,-2.5
9,83,5,2,6.25,2.5,-3.75
9,84,8,5,10.0,6.25,-3.75
9,85,5,7,6.25,8.75,2.5
9,86,6,5,7.5,6.25,-1.25
9,87,10,5,12.5,6.25,-6.25
9,88,9,10,11.25,12.5,1.25
9,89,5,7,6.25,8.75,2.5
9,90,6,4,7.5,5.0,-2.5
9,91,11,12,13.75,15.0,1.25
9,92,10,13,12.5,16.25,3.75
9,93,15,10,18.75,12.5,-6.25
9,94,5,13,6.25,16.25,10.0
9,95,14,7,17.5,8.75,-8.75
9,96,9,12,11.25,15.0,3.75
9,97,18,15,22.5,18.75,-3.75
9,98,12,11,15.0,13.75,-1.25
9,99,16,14,20.0,17.5,-2.5
9,100,13,9,16.25,11.25,-5.0
9,101,11,9,13.75,11.25,-2.5
9,102,13,8,16.25,10.0,-6.25
9,103,16,15,20.0,18.75,-1.25
9,104,10,9,12.5,11.25,-1.25
9,105,11,9,13.75,11.25,-2.5
9,106,3,7,3.75,8.75,5.0
9,107,8,9,10.0,11.25,1.25
9,108,11,14,13.75,17.5,3.75
9,109,14,4,17.5,5.0,-12.5
9,110,9,9,11.25,11.25,0.0
9,111,9,7,11.25,8.75,-2.5
9,112,11,6,13.75,7.5,-6.25
9,113,15,10,18.75,12.5,-6.25
9,114,11,11,13.75,13.75,0.0
9,115,12,12,15.0,15.0,0.0
9,116,12,10,15.0,12.5,-2.5
9,117,14,12,17.5,15.0,-2.5
9,118,11,12,13.75,15.0,1.25
9,119,14,11,17.5,13.75,-3.75
9,120,11,8,13.75,10.0,-3.75
9,121,7,12,8.75,15.0,6.25
9,122,10,8,12.5,10.0,-2.5
9,123,4,5,5.0,6.25,1.25
9,124,8,9,10.0,11.25,1.25
9,125,6,9,7.5,11.25,3.75
9,126,6,3,7.5,3.75,-3.75
9,127,8,8,10.0,10.0,0.0
9,128,6,2,7.5,2.5,-5.0
9,129,13,5,16.25,6.25,-10.0
9,130,8,6,10.0,7.5,-2.5
9,131,4,4,5.0,5.0,0.0
9,132,5,7,6.25,8.75,2.5
9,133,9,9,11.25,11.25,0.0
9,134,7,6,8.75,7.5,-1.25
10,0,1,2,1.25,2.5,1.25
10,1,4,5,5.0,6.25,1.25
10,2,6,5,7.5,6.25,-1.25
10,3,4,4,5.0,5.0,0.0
10,4,1,4,1.25,5.0,3.75
10,5,5,4,6.25,5.0,-1.25
10,6,4,4,5.0,5.0,0.0
10,7,4,3,5.0,3.75,-1.25
10,8,5,6,6.25,7.5,1.25
10,9,5,6,6.25,7.5,1.25
10,10,6,5,7.5,6.25,-1.25
10,11,4,3,5.0,3.75,-1.25
10,12,0,3,0.0,3.75,3.75
10,13,4,5,5.0,6.25,1.25
10,14,1,4,1.25,5.0,3.75
10,15,4,4,5.0,5.0,0.0
10,16,5,3,6.25,3.75,-2.5
10,17,3,2,3.75,2.5,-1.25
10,18,4,4,5.0,5.0,0.0
10,19,4,3,5.0,3.75,-1.25
10,20,5,2,6.25,2.5,-3.75
10,21,4,7,5.0,8.75,3.75
10,22,5,3,6.25,3.75,-2.5
10,23,2,5,2.5,6.25,3.75
10,24,1,5,1.25,6.25,5.0
10,25,2,3,2.5,3.75,1.25
10,26,4,5,5.0,6.25,1.25
10,27,4,3,5.0,3.75,-1.25
10,28,6,5,7.5,6.25,-1.25
10,29,7,7,8.75,8.75,0.0
10,30,5,3,6.25,3.75,-2.5
10,31,7,7,8.75,8.75,0.0
10,32,4,4,5.0,5.0,0.0
10,33,3,5,3.75,6.25,2.5
10,34,4,4,5.0,5.0,0.0
10,35,5,5,6.25,6.25,0.0
10,36,5,4,6.25,5.0,-1.25
10,37,3,7,3.75,8.75,5.0
10,38,1,6,1.25,7.5,6.25
10,39,4,3,5.0,3.75,-1.25
10,40,4,4,5.0,5.0,0.0
10,41,3,4,3.75,5.0,1.25
10,42,3,4,3.75,5.0,1.25
10,43,4,5,5.0,6.25,1.25
10,44,6,7,7.5,8.75,1.25
10,45,5,1,6.25,1.25,-5.0
10,46,6,4,7.5,5.0,-2.5
10,47,2,1,2.5,1.25,-1.25
10,48,3,2,3.75,2.5,-1.25
10,49,1,2,1.25,2.5,1.25
10,50,4,6,5.0,7.5,2.5
10,51,5,5,6.25,6.25,0.0
10,52,2,1,2.5,1.25,-1.25
10,53,1,4,1.25,5.0,3.75
10,54,3,3,3.75,3.75,0.0
10,55,2,4,2.5,5.0,2.5
10,56,1,2,1.25,2.5,1.25
10,57,3,3,3.75,3.75,0.0
10,58,3,4,3.75,5.0,1.25
10,59,2,6,2.5,7.5,5.0
10,60,2,2,2.5,2.5,0.0
10,61,4,3,5.0,3.75,-1.25
10,62,1,6,1.25,7.5,6.25
10,63,4,3,5.0,3.75,-1.25
10,64,0,2,0.0,2.5,2.5
10,65,2,4,2.5,5.0,2.5
10,66,1,4,1.25,5.0,3.75
10,67,3,3,3.75,3.75,0.0
10,68,5,2,6.25,2.5,-3.75
10,69,0,0,0.0,0.0,0.0
10,70,5,3,6.25,3.75,-2.5
10,71,5,10,6.25,12.5,6.25
10,72,2,3,2.5,3.75,1.25
10,73,3,4,3.75,5.0,1.25
10,74,5,2,6.25,2.5,-3.75
10,75,4,3,5.0,3.75,-1.25
10,76,3,5,3.75,6.25,2.5
10,77,1,4,1.25,5.0,3.75
10,78,3,2,3.75,2.5,-1.25
10,79,5,2,6.25,2.5,-3.75
10,80,3,2,3.75,2.5,-1.25
10,81,5,4,6.25,5.0,-1.25
10,82,6,3,7.5,3.75,-3.75
10,83,4,4,5.0,5.0,0.0
10,84,5,1,6.25,1.25,-5.0
10,85,6,3,7.5,3.75,-3.75
10,86,2,4,2.5,5.0,2.5
10,87,2,5,2.5,6.25,3.75
10,88,6,3,7.5,3.75,-3.75
10,89,1,4,1.25,5.0,3.75
10,90,5,4,6.25,5.0,-1.25
10,91,3,4,3.75,5.0,1.25
10,92,7,2,8.75,2.5,-6.25
10,93,1,1,1.25,1.25,0.0
10,94,2,0,2.5,0.0,-2.5
10,95,4,4,5.0,5.0,0.0
10,96,1,2,1.25,2.5,1.25
10,97,2,1,2.5,1.25,-1.25
10,98,1,2,1.25,2.5,1.25
10,99,4,2,5.0,2.5,-2.5
10,100,3,2,3.75,2.5,-1.25
10,101,3,1,3.75,1.25,-2.5
10,102,4,2,5.0,2.5,-2.5
10,103,3,2,3.75,2.5,-1.25
10,104,1,3,1.25,3.75,2.5
10,105,4,4,5.0,5.0,0.0
10,106,4,0,5.0,0.0,-5.0
10,107,2,3,2.5,3.75,1.25
10,108,0,2,0.0,2.5,2.5
10,109,3,1,3.75,1.25,-2.5
10,110,3,1,3.75,1.25,-2.5
10,111,3,1,3.75,1.25,-2.5
10,112,3,1,3.75,1.25,-2.5
10,113,1,4,1.25,5.0,3.75
10,114,4,2,5.0,2.5,-2.5
10,115,0,1,0.0,1.25,1.25
10,116,2,3,2.5,3.75,1.25
10,117,6,3,7.5,3.75,-3.75
10,118,5,2,6.25,2.5,-3.75
10,119,2,4,2.5,5.0,2.5
10,120,2,1,2.5,1.25,-1.25
10,121,2,2,2.5,2.5,0.0
10,122,3,3,3.75,3.75,0.0
10,123,5,2,6.25,2.5,-3.75
10,124,2,3,2.5,3.75,1.25
10,125,1,3,1.25,3.75,2.5
10,126,2,2,2.5,2.5,0.0
10,127,2,1,2.5,1.25,-1.25
10,128,4,4,5.0,5.0,0.0
10,129,4,5,5.0,6.25,1.25
10,130,5,1,6.25,1.25,-5.0
10,131,6,3,7.5,3.75,-3.75
10,132,5,7,6.25,8.75,2.5
10,133,1,3,1.25,3.75,2.5
10,134,3,3,3.75,3.75,0.0
11,0,3,4,3.75,5.0,1.25
11,1,1,2,1.25,2.5,1.25
11,2,2,2,2.5,2.5,0.0
11,3,4,4,5.0,5.0,0.0
11,4,1,4,1.25,5.0,3.75
11,5,3,5,3.75,6.25,2.5
11,6,6,7,7.5,8.75,1.25
11,7,7,4,8.75,5.0,-3.75
11,8,8,0,10.0,0.0,-10.0
11,9,3,2,3.75,2.5,-1.25
11,10,2,4,2.5,5.0,2.5
11,11,4,5,5.0,6.25,1.25
11,12,4,2,5.0,2.5,-2.5
11,13,4,8,5.0,10.0,5.0
11,14,2,5,2.5,6.25,3.75
11,15,4,8,5.0,10.0,5.0
11,16,4,2,5.0,2.5,-2.5
11,17,8,3,10.0,3.75,-6.25
11,18,2,5,2.5,6.25,3.75
11,19,7,8,8.75,10.0,1.25
11,20,8,7,10.0,8.75,-1.25
11,21,7,5,8.75,6.25,-2.5
11,22,2,4,2.5,5.0,2.5
11,23,5,5,6.25,6.25,0.0
11,24,7,6,8.75,7.5,-1.25
11,25,7,7,8.75,8.75,0.0
11,26,5,6,6.25,7.5,1.25
11,27,5,1,6.25,1.25,-5.0
11,28,9,8,11.25,10.0,-1.25
11,29,8,4,10.0,5.0,-5.0
11,30,7,0,8.75,0.0,-8.75
11,31,6,4,7.5,5.0,-2.5
11,32,3,4,3.75,5.0,1.25
11,33,5,11,6.25,13.75,7.5
11,34,7,6,8.75,7.5,-1.25
11,35,5,4,6.25,5.0,-1.25
11,36,7,3,8.75,3.75,-5.0
11,37,3,3,3.75,3.75,0.0
11,38,7,7,8.75,8.75,0.0
11,39,6,4,7.5,5.0,-2.5
11,40,0,3,0.0,3.75,3.75
11,41,5,4,6.25,5.0,-1.25
11,42,3,1,3.75,1.25,-2.5
11,43,5,4,6.25,5.0,-1.25
11,44,4,6,5.0,7.5,2.5
11,45,7,6,8.75,7.5,-1.25
11,46,5,2,6.25,2.5,-3.75
11,47,5,3,6.25,3.75,-2.5
11,48,4,5,5.0,6.25,1.25
11,49,5,2,6.25,2.5,-3.75
11,50,10,8,12.5,10.0,-2.5
11,51,7,5,8.75,6.25,-2.5
11,52,5,6,6.25,7.5,1.25
11,53,6,5,7.5,6.25,-1.25
11,54,4,4,5.0,5.0,0.0
11,55,4,2,5.0,2.5,-2.5
11,56,6,4,7.5,5.0,-2.5
11,57,5,6,6.25,7.5,1.25
11,58,5,5,6.25,6.25,0.0
11,59,2,4,2.5,5.0,2.5
11,60,5,5,6.25,6.25,0.0
11,61,6,5,7.5,6.25,-1.25
11,62,2,3,2.5,3.75,1.25
11,63,4,7,5.0,8.75,3.75
11,64,4,9,5.0,11.25,6.25
11,65,5,8,6.25,10.0,3.75
11,66,8,6,10.0,7.5,-2.5
11,67,3,5,3.75,6.25,2.5
11,68,8,4,10.0,5.0,-5.0
11,69,7,10,8.75,12.5,3.75
11,70,4,4,5.0,5.0,0.0
11,71,8,4,10.0,5.0,-5.0
11,72,3,5,3.75,6.25,2.5
11,73,3,6,3.75,7.5,3.75
11,74,4,3,5.0,3.75,-1.25
11,75,7,5,8.75,6.25,-2.5
11,76,6,5,7.5,6.25,-1.25
11,77,12,7,15.0,8.75,-6.25
11,78,6,3,7.5,3.75,-3.75
11,79,6,4,7.5,5.0,-2.5
11,80,4,6,5.0,7.5,2.5
11,81,3,4,3.75,5.0,1.25
11,82,14,8,17.5,10.0,-7.5
11,83,12,3,15.0,3.75,-11.25
11,84,14,3,17.5,3.75,-13.75
11,85,7,4,8.75,5.0,-3.75
11,86,7,4,8.75,5.0,-3.75
11,87,5,4,6.25,5.0,-1.25
11,88,5,5,6.25,6.25,0.0
11,89,3,6,3.75,7.5,3.75
11,90,4,6,5.0,7.5,2.5
11,91,4,6,5.0,7.5,2.5
11,92,5,4,6.25,5.0,-1.25
11,93,8,8,10.0,10.0,0.0
11,94,7,6,8.75,7.5,-1.25
11,95,10,5,12.5,6.25,-6.25
11,96,7,3,8.75,3.75,-5.0
11,97,7,4,8.75,5.0,-3.75
11,98,9,2,11.25,2.5,-8.75
11,99,8,7,10.0,8.75,-1.25
11,100,5,3,6.25,3.75,-2.5
11,101,7,7,8.75,8.75,0.0
11,102,4,3,5.0,3.75,-1.25
11,103,5,4,6.25,5.0,-1.25
11,104,9,6,11.25,7.5,-3.75
11,105,11,4,13.75,5.0,-8.75
11,106,2,5,2.5,6.25,3.75
11,107,2,4,2.5,5.0,2.5
11,108,7,5,8.75,6.25,-2.5
11,109,8,4,10.0,5.0,-5.0
11,110,4,6,5.0,7.5,2.5
11,111,3,5,3.75,6.25,2.5
11,112,6,6,7.5,7.5,0.0
11,113,13,6,16.25,7.5,-8.75
11,114,4,4,5.0,5.0,0.0
11,115,7,5,8.75,6.25,-2.5
11,116,5,2,6.25,2.5,-3.75
11,117,4,3,5.0,3.75,-1.25
11,118,7,3,8.75,3.75,-5.0
11,119,4,1,5.0,1.25,-3.75
11,120,8,6,10.0,7.5,-2.5
11,121,7,2,8.75,2.5,-6.25
11,122,9,6,11.25,7.5,-3.75
11,123,3,2,3.75,2.5,-1.25
11,124,6,3,7.5,3.75,-3.75
11,125,1,4,1.25,5.0,3.75
11,126,4,5,5.0,6.25,1.25
11,127,9,7,11.25,8.75,-2.5
11,128,2,2,2.5,2.5,0.0
11,129,3,4,3.75,5.0,1.25
11,130,4,1,5.0,1.25,-3.75
11,131,4,4,5.0,5.0,0.0
11,132,3,2,3.75,2.5,-1.25
11,133,6,6,7.5,7.5,0.0
11,134,3,3,3.75,3.75,0.0
12,0,0,2,0.0,2.5,2.5
12,1,1,1,1.25,1.25,0.0
12,2,0,2,0.0,2.5,2.5
12,3,1,0,1.25,0.0,-1.25
12,4,0,0,0.0,0.0,0.0
12,5,0,1,0.0,1.25,1.25
12,6,1,2,1.25,2.5,1.25
12,7,0,1,0.0,1.25,1.25
12,8,3,3,3.75,3.75,0.0
12,9,1,0,1.25,0.0,-1.25
12,10,3,1,3.75,1.25,-2.5
12,11,0,1,0.0,1.25,1.25
12,12,1,0,1.25,0.0,-1.25
12,13,0,0,0.0,0.0,0.0
12,14,1,2,1.25,2.5,1.25
12,15,1,2,1.25,2.5,1.25
12,16,2,0,2.5,0.0,-2.5
12,17,2,2,2.5,2.5,0.0
12,18,0,0,0.0,0.0,0.0
12,19,4,0,5.0,0.0,-5.0
12,20,1,1,1.25,1.25,0.0
12,21,0,1,0.0,1.25,1.25
12,22,2,3,2.5,3.75,1.25
12,23,2,0,2.5,0.0,-2.5
12,24,0,2,0.0,2.5,2.5
12,25,0,1,0.0,1.25,1.25
12,26,2,0,2.5,0.0,-2.5
12,27,0,1,0.0,1.25,1.25
12,28,0,1,0.0,1.25,1.25
12,29,2,0,2.5,0.0,-2.5
12,30,1,0,1.25,0.0,-1.25
12,31,1,1,1.25,1.25,0.0
12,32,0,1,0.0,1.25,1.25
12,33,0,0,0.0,0.0,0.0
12,34,0,1,0.0,1.25,1.25
12,35,0,0,0.0,0.0,0.0
12,36,0,2,0.0,2.5,2.5
12,37,1,0,1.25,0.0,-1.25
12,38,1,2,1.25,2.5,1.25
12,39,2,0,2.5,0.0,-2.5
12,40,1,2,1.25,2.5,1.25
12,41,0,3,0.0,3.75,3.75
12,42,0,2,0.0,2.5,2.5
12,43,2,1,2.5,1.25,-1.25
12,44,1,1,1.25,1.25,0.0
12,45,1,0,1.25,0.0,-1.25
12,46,0,0,0.0,0.0,0.0
12,47,0,1,0.0,1.25,1.25
12,48,1,1,1.25,1.25,0.0
12,49,3,2,3.75,2.5,-1.25
12,50,0,1,0.0,1.25,1.25
12,51,1,2,1.25,2.5,1.25
12,52,1,0,1.25,0.0,-1.25
12,53,2,3,2.5,3.75,1.25
12,54,2,4,2.5,5.0,2.5
12,55,3,1,3.75,1.25,-2.5
12,56,4,0,5.0,0.0,-5.0
12,57,2,0,2.5,0.0,-2.5
12,58,2,2,2.5,2.5,0.0
12,59,2,2,2.5,2.5,0.0
12,60,0,1,0.0,1.25,1.25
12,61,1,1,1.25,1.25,0.0
12,62,1,0,1.25,0.0,-1.25
12,63,2,5,2.5,6.25,3.75
12,64,1,1,1.25,1.25,0.0
12,65,1,3,1.25,3.75,2.5
12,66,3,0,3.75,0.0,-3.75
12,67,1,0,1.25,0.0,-1.25
12,68,2,2,2.5,2.5,0.0
12,69,0,1,0.0,1.25,1.25
12,70,0,1,0.0,1.25,1.25
12,71,2,2,2.5,2.5,0.0
12,72,1,0,1.25,0.0,-1.25
12,73,0,1,0.0,1.25,1.25
12,74,1,1,1.25,1.25,0.0
12,75,4,0,5.0,0.0,-5.0
12,76,0,0,0.0,0.0,0.0
12,77,0,2,0.0,2.5,2.5
12,78,2,1,2.5,1.25,-1.25
12,79,1,0,1.25,0.0,-1.25
12,80,2,2,2.5,2.5,0.0
12,81,0,0,0.0,0.0,0.0
12,82,2,0,2.5,0.0,-2.5
12,83,0,1,0.0,1.25,1.25
12,84,0,1,0.0,1.25,1.25
12,85,0,1,0.0,1.25,1.25
12,86,0,1,0.0,1.25,1.25
12,87,1,1,1.25,1.25,0.0
12,88,0,1,0.0,1.25,1.25
12,89,2,1,2.5,1.25,-1.25
12,90,0,1,0.0,1.25,1.25
12,91,2,0,2.5,0.0,-2.5
12,92,0,3,0.0,3.75,3.75
12,93,0,0,0.0,0.0,0.0
12,94,0,0,0.0,0.0,0.0
12,95,2,1,2.5,1.25,-1.25
12,96,0,1,0.0,1.25,1.25
12,97,1,0,1.25,0.0,-1.25
12,98,0,0,0.0,0.0,0.0
12,99,1,2,1.25,2.5,1.25
12,100,1,0,1.25,0.0,-1.25
12,101,0,0,0.0,0.0,0.0
12,102,1,2,1.25,2.5,1.25
12,103,1,3,1.25,3.75,2.5
12,104,0,0,0.0,0.0,0.0
12,105,0,0,0.0,0.0,0.0
12,106,0,0,0.0,0.0,0.0
12,107,1,2,1.25,2.5,1.25
12,108,1,0,1.25,0.0,-1.25
12,109,0,0,0.0,0.0,0.0
12,110,1,1,1.25,1.25,0.0
12,111,1,0,1.25,0.0,-1.25
12,112,2,1,2.5,1.25,-1.25
12,113,0,1,0.0,1.25,1.25
12,114,1,1,1.25,1.25,0.0
12,115,1,1,1.25,1.25,0.0
12,116,1,0,1.25,0.0,-1.25
12,117,0,3,0.0,3.75,3.75
12,118,0,1,0.0,1.25,1.25
12,119,1,0,1.25,0.0,-1.25
12,120,1,0,1.25,0.0,-1.25
12,121,3,2,3.75,2.5,-1.25
12,122,2,1,2.5,1.25,-1.25
12,123,0,0,0.0,0.0,0.0
12,124,2,1,2.5,1.25,-1.25
12,125,1,2,1.25,2.5,1.25
12,126,2,2,2.5,2.5,0.0
12,127,1,0,1.25,0.0,-1.25
12,128,1,3,1.25,3.75,2.5
12,129,0,3,0.0,3.75,3.75
12,130,0,2,0.0,2.5,2.5
12,131,1,0,1.25,0.0,-1.25
12,132,2,1,2.5,1.25,-1.25
12,133,2,1,2.5,1.25,-1.25
12,134,3,1,3.75,1.25,-2.5
13,0,3,3,3.75,3.75,0.0
13,1,3,1,3.75,1.25,-2.5
13,2,3,2,3.75,2.5,-1.25
13,3,1,5,1.25,6.25,5.0
13,4,6,0,7.5,0.0,-7.5
13,5,4,2,5.0,2.5,-2.5
13,6,5,6,6.25,7.5,1.25
13,7,8,5,10.0,6.25,-3.75
13,8,2,2,2.5,2.5,0.0
13,9,4,3,5.0,3.75,-1.25
13,10,3,2,3.75,2.5,-1.25
13,11,5,4,6.25,5.0,-1.25
13,12,6,4,7.5,5.0,-2.5
13,13,5,7,6.25,8.75,2.5
13,14,2,1,2.5,1.25,-1.25
13,15,3,8,3.75,10.0,6.25
13,16,6,4,7.5,5.0,-2.5
13,17,10,3,12.5,3.75,-8.75
13,18,4,2,5.0,2.5,-2.5
13,19,8,8,10.0,10.0,0.0
13,20,4,3,5.0,3.75,-1.25
13,21,6,3,7.5,3.75,-3.75
13,22,5,4,6.25,5.0,-1.25
13,23,7,4,8.75,5.0,-3.75
13,24,5,4,6.25,5.0,-1.25
13,25,7,2,8.75,2.5,-6.25
13,26,6,7,7.5,8.75,1.25
13,27,5,1,6.25,1.25,-5.0
13,28,5,7,6.25,8.75,2.5
13,29,13,4,16.25,5.0,-11.25
13,30,4,0,5.0,0.0,-5.0
13,31,5,9,6.25,11.25,5.0
13,32,3,7,3.75,8.75,5.0
13,33,5,9,6.25,11.25,5.0
13,34,8,7,10.0,8.75,-1.25
13,35,4,3,5.0,3.75,-1.25
13,36,8,5,10.0,6.25,-3.75
13,37,8,4,10.0,5.0,-5.0
13,38,3,7,3.75,8.75,5.0
13,39,3,4,3.75,5.0,1.25
13,40,1,3,1.25,3.75,2.5
13,41,5,5,6.25,6.25,0.0
13,42,6,3,7.5,3.75,-3.75
13,43,4,1,5.0,1.25,-3.75
13,44,3,8,3.75,10.0,6.25
13,45,5,6,6.25,7.5,1.25
13,46,6,3,7.5,3.75,-3.75
13,47,5,6,6.25,7.5,1.25
13,48,4,4,5.0,5.0,0.0
13,49,4,3,5.0,3.75,-1.25
13,50,8,7,10.0,8.75,-1.25
13,51,4,5,5.0,6.25,1.25
13,52,7,4,8.75,5.0,-3.75
13,53,5,2,6.25,2.5,-3.75
13,54,0,5,0.0,6.25,6.25
13,55,4,2,5.0,2.5,-2.5
13,56,5,7,6.25,8.75,2.5
13,57,5,6,6.25,7.5,1.25
13,58,1,3,1.25,3.75,2.5
13,59,0,3,0.0,3.75,3.75
13,60,6,2,7.5,2.5,-5.0
13,61,6,2,7.5,2.5,-5.0
13,62,0,4,0.0,5.0,5.0
13,63,3,7,3.75,8.75,5.0
13,64,3,8,3.75,10.0,6.25
13,65,3,5,3.75,6.25,2.5
13,66,9,3,11.25,3.75,-7.5
13,67,6,4,7.5,5.0,-2.5
13,68,9,3,11.25,3.75,-7.5
13,69,1,6,1.25,7.5,6.25
13,70,4,3,5.0,3.75,-1.25
13,71,5,7,6.25,8.75,2.5
13,72,3,4,3.75,5.0,1.25
13,73,3,2,3.75,2.5,-1.25
13,74,7,1,8.75,1.25,-7.5
13,75,9,8,11.25,10.0,-1.25
13,76,8,4,10.0,5.0,-5.0
13,77,9,3,11.25,3.75,-7.5
13,78,4,7,5.0,8.75,3.75
13,79,6,6,7.5,7.5,0.0
13,80,3,5,3.75,6.25,2.5
13,81,1,5,1.25,6.25,5.0
13,82,10,6,12.5,7.5,-5.0
13,83,9,5,11.25,6.25,-5.0
13,84,7,3,8.75,3.75,-5.0
13,85,3,8,3.75,10.0,6.25
13,86,4,6,5.0,7.5,2.5
13,87,5,5,6.25,6.25,0.0
13,88,5,8,6.25,10.0,3.75
13,89,5,6,6.25,7.5,1.25
13,90,5,3,6.25,3.75,-2.5
13,91,6,0,7.5,0.0,-7.5
13,92,9,1,11.25,1.25,-10.0
13,93,7,4,8.75,5.0,-3.75
13,94,6,9,7.5,11.25,3.75
13,95,5,2,6.25,2.5,-3.75
13,96,4,2,5.0,2.5,-2.5
13,97,8,1,10.0,1.25,-8.75
13,98,7,0,8.75,0.0,-8.75
13,99,7,4,8.75,5.0,-3.75
13,100,6,3,7.5,3.75,-3.75
13,101,8,0,10.0,0.0,-10.0
13,102,4,2,5.0,2.5,-2.5
13,103,6,5,7.5,6.25,-1.25
13,104,5,5,6.25,6.25,0.0
13,105,3,4,3.75,5.0,1.25
13,106,1,4,1.25,5.0,3.75
13,107,7,0,8.75,0.0,-8.75
13,108,6,3,7.5,3.75,-3.75
13,109,6,1,7.5,1.25,-6.25
13,110,5,0,6.25,0.0,-6.25
13,111,4,0,5.0,0.0,-5.0
13,112,3,4,3.75,5.0,1.25
13,113,9,3,11.25,3.75,-7.5
13,114,0,1,0.0,1.25,1.25
13,115,5,6,6.25,7.5,1.25
13,116,2,4,2.5,5.0,2.5
13,117,6,2,7.5,2.5,-5.0
13,118,5,4,6.25,5.0,-1.25
13,119,2,2,2.5,2.5,0.0
13,120,4,4,5.0,5.0,0.0
13,121,4,4,5.0,5.0,0.0
13,122,5,3,6.25,3.75,-2.5
13,123,5,0,6.25,0.0,-6.25
13,124,6,5,7.5,6.25,-1.25
13,125,1,3,1.25,3.75,2.5
13,126,2,1,2.5,1.25,-1.25
13,127,8,7,10.0,8.75,-1.25
13,128,4,0,5.0,0.0,-5.0
13,129,7,1,8.75,1.25,-7.5
13,130,0,0,0.0,0.0,0.0
13,131,5,3,6.25,3.75,-2.5
13,132,4,1,5.0,1.25,-3.75
13,133,4,4,5.0,5.0,0.0
13,134,2,2,2.5,2.5,0.0
14,0,0,0,0.0,0.0,0.0
14,1,0,0,0.0,0.0,0.0
14,2,0,0,0.0,0.0,0.0
14,3,0,0,0.0,0.0,0.0
14,4,0,1,0.0,1.25,1.25
14,5,0,0,0.0,0.0,0.0
14,6,0,1,0.0,1.25,1.25
14,7,0,3,0.0,3.75,3.75
14,8,0,0,0.0,0.0,0.0
14,9,0,0,0.0,0.0,0.0
14,10,0,0,0.0,0.0,0.0
14,11,0,0,0.0,0.0,0.0
14,12,0,0,0.0,0.0,0.0
14,13,1,0,1.25,0.0,-1.25
14,14,0,0,0.0,0.0,0.0
14,15,2,0,2.5,0.0,-2.5
14,16,0,0,0.0,0.0,0.0
14,17,0,0,0.0,0.0,0.0
14,18,0,0,0.0,0.0,0.0
14,19,0,0,0.0,0.0,0.0
14,20,1,0,1.25,0.0,-1.25
14,21,0,0,0.0,0.0,0.0
14,22,2,1,2.5,1.25,-1.25
14,23,0,1,0.0,1.25,1.25
14,24,0,0,0.0,0.0,0.0
14,25,0,1,0.0,1.25,1.25
14,26,0,0,0.0,0.0,0.0
14,27,1,2,1.25,2.5,1.25
14,28,6,2,7.5,2.5,-5.0
14,29,0,0,0.0,0.0,0.0
14,30,4,2,5.0,2.5,-2.5
14,31,2,0,2.5,0.0,-2.5
14,32,1,1,1.25,1.25,0.0
14,33,0,0,0.0,0.0,0.0
14,34,1,0,1.25,0.0,-1.25
14,35,1,4,1.25,5.0,3.75
14,36,2,1,2.5,1.25,-1.25
14,37,0,0,0.0,0.0,0.0
14,38,0,0,0.0,0.0,0.0
14,39,0,2,0.0,2.5,2.5
14,40,0,2,0.0,2.5,2.5
14,41,0,0,0.0,0.0,0.0
14,42,1,0,1.25,0.0,-1.25
14,43,0,0,0.0,0.0,0.0
14,44,1,0,1.25,0.0,-1.25
14,45,1,0,1.25,0.0,-1.25
14,46,0,0,0.0,0.0,0.0
14,47,1,1,1.25,1.25,0.0
14,48,2,1,2.5,1.25,-1.25
14,49,0,2,0.0,2.5,2.5
14,50,2,0,2.5,0.0,-2.5
14,51,1,0,1.25,0.0,-1.25
14,52,0,0,0.0,0.0,0.0
14,53,3,1,3.75,1.25,-2.5
14,54,0,1,0.0,1.25,1.25
14,55,1,0,1.25,0.0,-1.25
14,56,0,1,0.0,1.25,1.25
14,57,3,2,3.75,2.5,-1.25
14,58,3,2,3.75,2.5,-1.25
14,59,1,0,1.25,0.0,-1.25
14,60,3,2,3.75,2.5,-1.25
14,61,1,1,1.25,1.25,0.0
14,62,0,1,0.0,1.25,1.25
14,63,1,3,1.25,3.75,2.5
14,64,1,2,1.25,2.5,1.25
14,65,1,1,1.25,1.25,0.0
14,66,0,0,0.0,0.0,0.0
14,67,1,0,1.25,0.0,-1.25
14,68,1,1,1.25,1.25,0.0
14,69,0,1,0.0,1.25,1.25
14,70,0,0,0.0,0.0,0.0
14,71,0,1,0.0,1.25,1.25
14,72,0,0,0.0,0.0,0.0
14,73,0,0,0.0,0.0,0.0
14,74,0,0,0.0,0.0,0.0
14,75,0,0,0.0,0.0,0.0
14,76,0,0,0.0,0.0,0.0
14,77,0,0,0.0,0.0,0.0
14,78,0,0,0.0,0.0,0.0
14,79,0,1,0.0,1.25,1.25
14,80,0,1,0.0,1.25,1.25
14,81,0,0,0.0,0.0,0.0
14,82,1,0,1.25,0.0,-1.25
14,83,0,0,0.0,0.0,0.0
14,84,0,0,0.0,0.0,0.0
14,85,0,0,0.0,0.0,0.0
14,86,0,0,0.0,0.0,0.0
14,87,1,0,1.25,0.0,-1.25
14,88,0,0,0.0,0.0,0.0
14,89,0,0,0.0,0.0,0.0
14,90,1,0,1.25,0.0,-1.25
14,91,1,1,1.25,1.25,0.0
14,92,0,0,0.0,0.0,0.0
14,93,0,0,0.0,0.0,0.0
14,94,0,1,0.0,1.25,1.25
14,95,0,0,0.0,0.0,0.0
14,96,1,1,1.25,1.25,0.0
14,97,0,0,0.0,0.0,0.0
14,98,0,0,0.0,0.0,0.0
14,99,0,0,0.0,0.0,0.0
14,100,1,0,1.25,0.0,-1.25
14,101,1,0,1.25,0.0,-1.25
14,102,0,1,0.0,1.25,1.25
14,103,0,0,0.0,0.0,0.0
14,104,0,0,0.0,0.0,0.0
14,105,0,0,0.0,0.0,0.0
14,106,0,0,0.0,0.0,0.0
14,107,0,0,0.0,0.0,0.0
14,108,0,0,0.0,0.0,0.0
14,109,0,0,0.0,0.0,0.0
14,110,0,2,0.0,2.5,2.5
14,111,0,0,0.0,0.0,0.0
14,112,2,0,2.5,0.0,-2.5
14,113,0,1,0.0,1.25,1.25
14,114,0,0,0.0,0.0,0.0
14,115,0,0,0.0,0.0,0.0
14,116,0,0,0.0,0.0,0.0
14,117,0,1,0.0,1.25,1.25
14,118,0,0,0.0,0.0,0.0
14,119,0,0,0.0,0.0,0.0
14,120,0,0,0.0,0.0,0.0
14,121,0,0,0.0,0.0,0.0
14,122,1,1,1.25,1.25,0.0
14,123,3,0,3.75,0.0,-3.75
14,124,0,0,0.0,0.0,0.0
14,125,2,0,2.5,0.0,-2.5
14,126,0,0,0.0,0.0,0.0
14,127,0,0,0.0,0.0,0.0
14,128,1,1,1.25,1.25,0.0
14,129,0,0,0.0,0.0,0.0
14,130,0,0,0.0,0.0,0.0
14,131,1,2,1.25,2.5,1.25
14,132,0,0,0.0,0.0,0.0
14,133,0,1,0.0,1.25,1.25
14,134,1,1,1.25,1.25,0.0
15,0,1,2,1.25,2.5,1.25
15,1,4,1,5.0,1.25,-3.75
15,2,2,3,2.5,3.75,1.25
15,3,0,3,0.0,3.75,3.75
15,4,4,1,5.0,1.25,-3.75
15,5,1,3,1.25,3.75,2.5
15,6,2,2,2.5,2.5,0.0
15,7,2,2,2.5,2.5,0.0
15,8,1,0,1.25,0.0,-1.25
15,9,1,1,1.25,1.25,0.0
15,10,1,2,1.25,2.5,1.25
15,11,1,1,1.25,1.25,0.0
15,12,1,2,1.25,2.5,1.25
15,13,2,5,2.5,6.25,3.75
15,14,0,0,0.0,0.0,0.0
15,15,2,2,2.5,2.5,0.0
15,16,0,1,0.0,1.25,1.25
15,17,2,1,2.5,1.25,-1.25
15,18,0,0,0.0,0.0,0.0
15,19,6,5,7.5,6.25,-1.25
15,20,1,1,1.25,1.25,0.0
15,21,7,2,8.75,2.5,-6.25
15,22,1,3,1.25,3.75,2.5
15,23,4,1,5.0,1.25,-3.75
15,24,4,3,5.0,3.75,-1.25
15,25,5,3,6.25,3.75,-2.5
15,26,5,3,6.25,3.75,-2.5
15,27,3,0,3.75,0.0,-3.75
15,28,6,5,7.5,6.25,-1.25
15,29,9,5,11.25,6.25,-5.0
15,30,5,2,6.25,2.5,-3.75
15,31,4,5,5.0,6.25,1.25
15,32,0,2,0.0,2.5,2.5
15,33,4,4,5.0,5.0,0.0
15,34,3,2,3.75,2.5,-1.25
15,35,4,2,5.0,2.5,-2.5
15,36,3,0,3.75,0.0,-3.75
15,37,1,2,1.25,2.5,1.25
15,38,2,1,2.5,1.25,-1.25
15,39,1,0,1.25,0.0,-1.25
15,40,0,0,0.0,0.0,0.0
15,41,1,0,1.25,0.0,-1.25
15,42,0,2,0.0,2.5,2.5
15,43,3,0,3.75,0.0,-3.75
15,44,0,1,0.0,1.25,1.25
15,45,0,0,0.0,0.0,0.0
15,46,6,1,7.5,1.25,-6.25
15,47,3,0,3.75,0.0,-3.75
15,48,0,0,0.0,0.0,0.0
15,49,0,0,0.0,0.0,0.0
15,50,5,1,6.25,1.25,-5.0
15,51,0,0,0.0,0.0,0.0
15,52,2,0,2.5,0.0,-2.5
15,53,1,0,1.25,0.0,-1.25
15,54,0,0,0.0,0.0,0.0
15,55,4,0,5.0,0.0,-5.0
15,56,1,0,1.25,0.0,-1.25
15,57,1,1,1.25,1.25,0.0
15,58,3,3,3.75,3.75,0.0
15,59,1,1,1.25,1.25,0.0
15,60,0,1,0.0,1.25,1.25
15,61,1,0,1.25,0.0,-1.25
15,62,1,1,1.25,1.25,0.0
15,63,1,2,1.25,2.5,1.25
15,64,1,3,1.25,3.75,2.5
15,65,2,3,2.5,3.75,1.25
15,66,1,1,1.25,1.25,0.0
15,67,1,2,1.25,2.5,1.25
15,68,2,1,2.5,1.25,-1.25
15,69,4,6,5.0,7.5,2.5
15,70,5,1,6.25,1.25,-5.0
15,71,4,6,5.0,7.5,2.5
15,72,4,3,5.0,3.75,-1.25
15,73,3,3,3.75,3.75,0.0
15,74,5,3,6.25,3.75,-2.5
15,75,6,4,7.5,5.0,-2.5
15,76,5,5,6.25,6.25,0.0
15,77,7,3,8.75,3.75,-5.0
15,78,6,3,7.5,3.75,-3.75
15,79,7,4,8.75,5.0,-3.75
15,80,7,3,8.75,3.75,-5.0
15,81,3,3,3.75,3.75,0.0
15,82,9,7,11.25,8.75,-2.5
15,83,11,4,13.75,5.0,-8.75
15,84,7,3,8.75,3.75,-5.0
15,85,4,7,5.0,8.75,3.75
15,86,4,3,5.0,3.75,-1.25
15,87,7,4,8.75,5.0,-3.75
15,88,3,4,3.75,5.0,1.25
15,89,4,5,5.0,6.25,1.25
15,90,6,4,7.5,5.0,-2.5
15,91,7,6,8.75,7.5,-1.25
15,92,5,4,6.25,5.0,-1.25
15,93,4,5,5.0,6.25,1.25
15,94,7,9,8.75,11.25,2.5
15,95,8,4,10.0,5.0,-5.0
15,96,5,6,6.25,7.5,1.25
15,97,3,3,3.75,3.75,0.0
15,98,6,3,7.5,3.75,-3.75
15,99,4,2,5.0,2.5,-2.5
15,100,6,3,7.5,3.75,-3.75
15,101,3,2,3.75,2.5,-1.25
15,102,4,3,5.0,3.75,-1.25
15,103,1,4,1.25,5.0,3.75
15,104,10,8,12.5,10.0,-2.5
15,105,8,3,10.0,3.75,-6.25
15,106,2,3,2.5,3.75,1.25
15,107,1,2,1.25,2.5,1.25
15,108,5,2,6.25,2.5,-3.75
15,109,7,0,8.75,0.0,-8.75
15,110,2,2,2.5,2.5,0.0
15,111,2,5,2.5,6.25,3.75
15,112,2,3,2.5,3.75,1.25
15,113,6,3,7.5,3.75,-3.75
15,114,3,3,3.75,3.75,0.0
15,115,3,5,3.75,6.25,2.5
15,116,4,4,5.0,5.0,0.0
15,117,3,2,3.75,2.5,-1.25
15,118,7,2,8.75,2.5,-6.25
15,119,3,3,3.75,3.75,0.0
15,120,4,1,5.0,1.25,-3.75
15,121,3,4,3.75,5.0,1.25
15,122,3,4,3.75,5.0,1.25
15,123,3,3,3.75,3.75,0.0
15,124,4,1,5.0,1.25,-3.75
15,125,1,0,1.25,0.0,-1.25
15,126,5,2,6.25,2.5,-3.75
15,127,2,3,2.5,3.75,1.25
15,128,5,1,6.25,1.25,-5.0
15,129,1,4,1.25,5.0,3.75
15,130,3,3,3.75,3.75,0.0
15,131,5,1,6.25,1.25,-5.0
15,132,1,4,1.25,5.0,3.75
15,133,3,0,3.75,0.0,-3.75
15,134,2,2,2.5,2.5,0.0
16,0,0,0,0.0,0.0,0.0
16,1,1,2,1.25,2.5,1.25
16,2,0,1,0.0,1.25,1.25
16,3,0,1,0.0,1.25,1.25
16,4,1,1,1.25,1.25,0.0
16,5,3,2,3.75,2.5,-1.25
16,6,2,0,2.5,0.0,-2.5
16,7,1,0,1.25,0.0,-1.25
16,8,0,3,0.0,3.75,3.75
16,9,1,2,1.25,2.5,1.25
16,10,2,2,2.5,2.5,0.0
16,11,4,1,5.0,1.25,-3.75
16,12,2,2,2.5,2.5,0.0
16,13,3,2,3.75,2.5,-1.25
16,14,0,0,0.0,0.0,0.0
16,15,0,0,0.0,0.0,0.0
16,16,0,2,0.0,2.5,2.5
16,17,5,1,6.25,1.25,-5.0
16,18,0,2,0.0,2.5,2.5
16,19,2,0,2.5,0.0,-2.5
16,20,0,0,0.0,0.0,0.0
16,21,0,0,0.0,0.0,0.0
16,22,1,2,1.25,2.5,1.25
16,23,0,0,0.0,0.0,0.0
16,24,1,1,1.25,1.25,0.0
16,25,1,1,1.25,1.25,0.0
16,26,1,1,1.25,1.25,0.0
16,27,0,0,0.0,0.0,0.0
16,28,1,0,1.25,0.0,-1.25
16,29,1,0,1.25,0.0,-1.25
16,30,0,0,0.0,0.0,0.0
16,31,2,0,2.5,0.0,-2.5
16,32,1,1,1.25,1.25,0.0
16,33,2,2,2.5,2.5,0.0
16,34,2,2,2.5,2.5,0.0
16,35,2,1,2.5,1.25,-1.25
16,36,1,1,1.25,1.25,0.0
16,37,1,1,1.25,1.25,0.0
16,38,1,2,1.25,2.5,1.25
16,39,3,1,3.75,1.25,-2.5
16,40,1,1,1.25,1.25,0.0
16,41,0,2,0.0,2.5,2.5
16,42,3,2,3.75,2.5,-1.25
16,43,2,1,2.5,1.25,-1.25
16,44,3,2,3.75,2.5,-1.25
16,45,1,1,1.25,1.25,0.0
16,46,1,1,1.25,1.25,0.0
16,47,1,4,1.25,5.0,3.75
16,48,0,0,0.0,0.0,0.0
16,49,0,0,0.0,0.0,0.0
16,50,2,2,2.5,2.5,0.0
16,51,1,3,1.25,3.75,2.5
16,52,2,1,2.5,1.25,-1.25
16,53,2,2,2.5,2.5,0.0
16,54,0,2,0.0,2.5,2.5
16,55,0,0,0.0,0.0,0.0
16,56,3,0,3.75,0.0,-3.75
16,57,0,0,0.0,0.0,0.0
16,58,0,3,0.0,3.75,3.75
16,59,0,1,0.0,1.25,1.25
16,60,1,2,1.25,2.5,1.25
16,61,3,1,3.75,1.25,-2.5
16,62,0,1,0.0,1.25,1.25
16,63,2,0,2.5,0.0,-2.5
16,64,1,0,1.25,0.0,-1.25
16,65,1,0,1.25,0.0,-1.25
16,66,3,1,3.75,1.25,-2.5
16,67,0,0,0.0,0.0,0.0
16,68,2,0,2.5,0.0,-2.5
16,69,1,2,1.25,2.5,1.25
16,70,2,1,2.5,1.25,-1.25
16,71,1,2,1.25,2.5,1.25
16,72,1,3,1.25,3.75,2.5
16,73,2,1,2.5,1.25,-1.25
16,74,1,0,1.25,0.0,-1.25
16,75,0,2,0.0,2.5,2.5
16,76,1,2,1.25,2.5,1.25
16,77,0,0,0.0,0.0,0.0
16,78,2,1,2.5,1.25,-1.25
16,79,0,1,0.0,1.25,1.25
16,80,2,1,2.5,1.25,-1.25
16,81,2,1,2.5,1.25,-1.25
16,82,0,1,0.0,1.25,1.25
16,83,0,0,0.0,0.0,0.0
16,84,3,0,3.75,0.0,-3.75
16,85,0,1,0.0,1.25,1.25
16,86,0,0,0.0,0.0,0.0
16,87,0,0,0.0,0.0,0.0
16,88,2,0,2.5,0.0,-2.5
16,89,0,1,0.0,1.25,1.25
16,90,1,4,1.25,5.0,3.75
16,91,1,0,1.25,0.0,-1.25
16,92,0,2,0.0,2.5,2.5
16,93,1,0,1.25,0.0,-1.25
16,94,0,0,0.0,0.0,0.0
16,95,2,0,2.5,0.0,-2.5
16,96,0,0,0.0,0.0,0.0
16,97,2,2,2.5,2.5,0.0
16,98,1,0,1.25,0.0,-1.25
16,99,1,1,1.25,1.25,0.0
16,100,0,1,0.0,1.25,1.25
16,101,0,0,0.0,0.0,0.0
16,102,3,0,3.75,0.0,-3.75
16,103,0,0,0.0,0.0,0.0
16,104,1,0,1.25,0.0,-1.25
16,105,1,1,1.25,1.25,0.0
16,106,2,1,2.5,1.25,-1.25
16,107,1,1,1.25,1.25,0.0
16,108,2,2,2.5,2.5,0.0
16,109,1,1,1.25,1.25,0.0
16,110,1,1,1.25,1.25,0.0
16,111,1,1,1.25,1.25,0.0
16,112,1,1,1.25,1.25,0.0
16,113,1,0,1.25,0.0,-1.25
16,114,0,2,0.0,2.5,2.5
16,115,2,0,2.5,0.0,-2.5
16,116,1,0,1.25,0.0,-1.25
16,117,0,0,0.0,0.0,0.0
16,118,1,1,1.25,1.25,0.0
16,119,1,2,1.25,2.5,1.25
16,120,3,0,3.75,0.0,-3.75
16,121,0,2,0.0,2.5,2.5
16,122,2,0,2.5,0.0,-2.5
16,123,0,0,0.0,0.0,0.0
16,124,1,0,1.25,0.0,-1.25
16,125,2,3,2.5,3.75,1.25
16,126,0,0,0.0,0.0,0.0
16,127,4,0,5.0,0.0,-5.0
16,128,1,2,1.25,2.5,1.25
16,129,1,2,1.25,2.5,1.25
16,130,1,2,1.25,2.5,1.25
16,131,1,1,1.25,1.25,0.0
16,132,0,0,0.0,0.0,0.0
16,133,1,4,1.25,5.0,3.75
16,134,0,1,0.0,1.25,1.25
17,0,2,2,2.5,2.5,0.0
17,1,3,1,3.75,1.25,-2.5
17,2,0,0,0.0,0.0,0.0
17,3,1,0,1.25,0.0,-1.25
17,4,3,5,3.75,6.25,2.5
17,5,0,1,0.0,1.25,1.25
17,6,1,2,1.25,2.5,1.25
17,7,2,3,2.5,3.75,1.25
17,8,0,2,0.0,2.5,2.5
17,9,9,3,11.25,3.75,-7.5
17,10,5,2,6.25,2.5,-3.75
17,11,1,4,1.25,5.0,3.75
17,12,5,4,6.25,5.0,-1.25
17,13,2,4,2.5,5.0,2.5
17,14,3,2,3.75,2.5,-1.25
17,15,6,4,7.5,5.0,-2.5
17,16,3,0,3.75,0.0,-3.75
17,17,8,1,10.0,1.25,-8.75
17,18,5,2,6.25,2.5,-3.75
17,19,6,5,7.5,6.25,-1.25
17,20,1,0,1.25,0.0,-1.25
17,21,3,1,3.75,1.25,-2.5
17,22,0,1,0.0,1.25,1.25
17,23,4,3,5.0,3.75,-1.25
17,24,1,2,1.25,2.5,1.25
17,25,7,2,8.75,2.5,-6.25
17,26,3,1,3.75,1.25,-2.5
17,27,3,3,3.75,3.75,0.0
17,28,4,6,5.0,7.5,2.5
17,29,5,5,6.25,6.25,0.0
17,30,4,2,5.0,2.5,-2.5
17,31,1,7,1.25,8.75,7.5
17,32,7,5,8.75,6.25,-2.5
17,33,3,4,3.75,5.0,1.25
17,34,1,3,1.25,3.75,2.5
17,35,4,3,5.0,3.75,-1.25
17,36,5,4,6.25,5.0,-1.25
17,37,1,2,1.25,2.5,1.25
17,38,7,5,8.75,6.25,-2.5
17,39,5,6,6.25,7.5,1.25
17,40,2,2,2.5,2.5,0.0
17,41,4,3,5.0,3.75,-1.25
17,42,5,8,6.25,10.0,3.75
17,43,2,2,2.5,2.5,0.0
17,44,4,1,5.0,1.25,-3.75
17,45,6,3,7.5,3.75,-3.75
17,46,7,4,8.75,5.0,-3.75
17,47,3,2,3.75,2.5,-1.25
17,48,5,4,6.25,5.0,-1.25
17,49,3,7,3.75,8.75,5.0
17,50,3,4,3.75,5.0,1.25
17,51,2,7,2.5,8.75,6.25
17,52,6,2,7.5,2.5,-5.0
17,53,3,5,3.75,6.25,2.5
17,54,3,3,3.75,3.75,0.0
17,55,3,6,3.75,7.5,3.75
17,56,3,5,3.75,6.25,2.5
17,57,1,2,1.25,2.5,1.25
17,58,5,3,6.25,3.75,-2.5
17,59,3,1,3.75,1.25,-2.5
17,60,2,2,2.5,2.5,0.0
17,61,1,3,1.25,3.75,2.5
17,62,3,3,3.75,3.75,0.0
17,63,3,2,3.75,2.5,-1.25
17,64,1,3,1.25,3.75,2.5
17,65,9,4,11.25,5.0,-6.25
17,66,5,2,6.25,2.5,-3.75
17,67,5,4,6.25,5.0,-1.25
17,68,0,2,0.0,2.5,2.5
17,69,3,4,3.75,5.0,1.25
17,70,1,0,1.25,0.0,-1.25
17,71,3,4,3.75,5.0,1.25
17,72,0,1,0.0,1.25,1.25
17,73,1,1,1.25,1.25,0.0
17,74,0,1,0.0,1.25,1.25
17,75,3,0,3.75,0.0,-3.75
17,76,0,1,0.0,1.25,1.25
17,77,0,1,0.0,1.25,1.25
17,78,2,0,2.5,0.0,-2.5
17,79,1,1,1.25,1.25,0.0
17,80,2,3,2.5,3.75,1.25
17,81,2,1,2.5,1.25,-1.25
17,82,3,3,3.75,3.75,0.0
17,83,1,1,1.25,1.25,0.0
17,84,2,3,2.5,3.75,1.25
17,85,0,2,0.0,2.5,2.5
17,86,4,2,5.0,2.5,-2.5
17,87,2,3,2.5,3.75,1.25
17,88,1,2,1.25,2.5,1.25
17,89,6,2,7.5,2.5,-5.0
17,90,4,4,5.0,5.0,0.0
17,91,6,2,7.5,2.5,-5.0
17,92,1,4,1.25,5.0,3.75
17,93,2,3,2.5,3.75,1.25
17,94,4,9,5.0,11.25,6.25
17,95,4,4,5.0,5.0,0.0
17,96,4,1,5.0,1.25,-3.75
17,97,0,4,0.0,5.0,5.0
17,98,1,2,1.25,2.5,1.25
17,99,8,6,10.0,7.5,-2.5
17,100,6,3,7.5,3.75,-3.75
17,101,2,3,2.5,3.75,1.25
17,102,4,4,5.0,5.0,0.0
17,103,2,5,2.5,6.25,3.75
17,104,5,2,6.25,2.5,-3.75
17,105,1,2,1.25,2.5,1.25
17,106,1,1,1.25,1.25,0.0
17,107,6,1,7.5,1.25,-6.25
17,108,5,3,6.25,3.75,-2.5
17,109,3,2,3.75,2.5,-1.25
17,110,5,1,6.25,1.25,-5.0
17,111,3,4,3.75,5.0,1.25
17,112,1,5,1.25,6.25,5.0
17,113,6,1,7.5,1.25,-6.25
17,114,4,3,5.0,3.75,-1.25
17,115,5,2,6.25,2.5,-3.75
17,116,4,3,5.0,3.75,-1.25
17,117,4,4,5.0,5.0,0.0
17,118,5,3,6.25,3.75,-2.5
17,119,3,2,3.75,2.5,-1.25
17,120,5,0,6.25,0.0,-6.25
17,121,2,3,2.5,3.75,1.25
17,122,3,4,3.75,5.0,1.25
17,123,3,4,3.75,5.0,1.25
17,124,2,1,2.5,1.25,-1.25
17,125,3,1,3.75,1.25,-2.5
17,126,3,1,3.75,1.25,-2.5
17,127,4,1,5.0,1.25,-3.75
17,128,1,3,1.25,3.75,2.5
17,129,0,0,0.0,0.0,0.0
17,130,4,3,5.0,3.75,-1.25
17,131,7,6,8.75,7.5,-1.25
17,132,3,5,3.75,6.25,2.5
17,133,0,0,0.0,0.0,0.0
17,134,3,2,3.75,2.5,-1.25
18,0,5,3,6.25,3.75,-2.5
18,1,0,5,0.0,6.25,6.25
18,2,3,6,3.75,7.5,3.75
18,3,4,5,5.0,6.25,1.25
18,4,4,5,5.0,6.25,1.25
18,5,5,4,6.25,5.0,-1.25
18,6,6,8,7.5,10.0,2.5
18,7,5,7,6.25,8.75,2.5
18,8,5,7,6.25,8.75,2.5
18,9,3,3,3.75,3.75,0.0
18,10,2,5,2.5,6.25,3.75
18,11,2,5,2.5,6.25,3.75
18,12,2,6,2.5,7.5,5.0
18,13,7,6,8.75,7.5,-1.25
18,14,3,4,3.75,5.0,1.25
18,15,13,6,16.25,7.5,-8.75
18,16,2,4,2.5,5.0,2.5
18,17,5,2,6.25,2.5,-3.75
18,18,5,3,6.25,3.75,-2.5
18,19,4,5,5.0,6.25,1.25
18,20,3,5,3.75,6.25,2.5
18,21,6,3,7.5,3.75,-3.75
18,22,4,4,5.0,5.0,0.0
18,23,4,2,5.0,2.5,-2.5
18,24,3,2,3.75,2.5,-1.25
18,25,1,5,1.25,6.25,5.0
18,26,0,1,0.0,1.25,1.25
18,27,5,1,6.25,1.25,-5.0
18,28,2,2,2.5,2.5,0.0
18,29,4,5,5.0,6.25,1.25
18,30,5,2,6.25,2.5,-3.75
18,31,5,2,6.25,2.5,-3.75
18,32,1,0,1.25,0.0,-1.25
18,33,4,3,5.0,3.75,-1.25
18,34,4,3,5.0,3.75,-1.25
18,35,4,2,5.0,2.5,-2.5
18,36,2,0,2.5,0.0,-2.5
18,37,3,4,3.75,5.0,1.25
18,38,3,3,3.75,3.75,0.0
18,39,3,2,3.75,2.5,-1.25
18,40,3,2,3.75,2.5,-1.25
18,41,1,5,1.25,6.25,5.0
18,42,1,2,1.25,2.5,1.25
18,43,4,4,5.0,5.0,0.0
18,44,5,4,6.25,5.0,-1.25
18,45,3,2,3.75,2.5,-1.25
18,46,5,0,6.25,0.0,-6.25
18,47,2,1,2.5,1.25,-1.25
18,48,2,3,2.5,3.75,1.25
18,49,3,10,3.75,12.5,8.75
18,50,5,4,6.25,5.0,-1.25
18,51,0,3,0.0,3.75,3.75
18,52,4,2,5.0,2.5,-2.5
18,53,1,3,1.25,3.75,2.5
18,54,2,3,2.5,3.75,1.25
18,55,2,2,2.5,2.5,0.0
18,56,3,6,3.75,7.5,3.75
18,57,3,2,3.75,2.5,-1.25
18,58,4,3,5.0,3.75,-1.25
18,59,1,1,1.25,1.25,0.0
18,60,0,2,0.0,2.5,2.5
18,61,1,1,1.25,1.25,0.0
18,62,3,3,3.75,3.75,0.0
18,63,1,4,1.25,5.0,3.75
18,64,0,4,0.0,5.0,5.0
18,65,4,3,5.0,3.75,-1.25
18,66,4,2,5.0,2.5,-2.5
18,67,0,3,0.0,3.75,3.75
18,68,7,2,8.75,2.5,-6.25
18,69,7,6,8.75,7.5,-1.25
18,70,6,9,7.5,11.25,3.75
18,71,6,9,7.5,11.25,3.75
18,72,5,6,6.25,7.5,1.25
18,73,5,4,6.25,5.0,-1.25
18,74,7,9,8.75,11.25,2.5
18,75,9,9,11.25,11.25,0.0
18,76,6,6,7.5,7.5,0.0
18,77,8,5,10.0,6.25,-3.75
18,78,6,5,7.5,6.25,-1.25
18,79,7,5,8.75,6.25,-2.5
18,80,3,4,3.75,5.0,1.25
18,81,2,5,2.5,6.25,3.75
18,82,6,5,7.5,6.25,-1.25
18,83,10,7,12.5,8.75,-3.75
18,84,7,2,8.75,2.5,-6.25
18,85,4,3,5.0,3.75,-1.25
18,86,4,5,5.0,6.25,1.25
18,87,3,5,3.75,6.25,2.5
18,88,4,4,5.0,5.0,0.0
18,89,6,4,7.5,5.0,-2.5
18,90,2,5,2.5,6.25,3.75
18,91,3,4,3.75,5.0,1.25
18,92,3,3,3.75,3.75,0.0
18,93,4,4,5.0,5.0,0.0
18,94,4,6,5.0,7.5,2.5
18,95,6,5,7.5,6.25,-1.25
18,96,6,7,7.5,8.75,1.25
18,97,4,2,5.0,2.5,-2.5
18,98,2,3,2.5,3.75,1.25
18,99,6,4,7.5,5.0,-2.5
18,100,4,3,5.0,3.75,-1.25
18,101,4,3,5.0,3.75,-1.25
18,102,2,2,2.5,2.5,0.0
18,103,3,0,3.75,0.0,-3.75
18,104,3,6,3.75,7.5,3.75
18,105,3,5,3.75,6.25,2.5
18,106,5,4,6.25,5.0,-1.25
18,107,4,5,5.0,6.25,1.25
18,108,5,3,6.25,3.75,-2.5
18,109,2,5,2.5,6.25,3.75
18,110,3,5,3.75,6.25,2.5
18,111,3,9,3.75,11.25,7.5
18,112,6,7,7.5,8.75,1.25
18,113,5,4,6.25,5.0,-1.25
18,114,4,2,5.0,2.5,-2.5
18,115,3,4,3.75,5.0,1.25
18,116,5,5,6.25,6.25,0.0
18,117,3,3,3.75,3.75,0.0
18,118,7,4,8.75,5.0,-3.75
18,119,4,4,5.0,5.0,0.0
18,120,5,8,6.25,10.0,3.75
18,121,3,3,3.75,3.75,0.0
18,122,1,4,1.25,5.0,3.75
18,123,3,6,3.75,7.5,3.75
18,124,7,4,8.75,5.0,-3.75
18,125,2,2,2.5,2.5,0.0
18,126,6,3,7.5,3.75,-3.75
18,127,6,4,7.5,5.0,-2.5
18,128,4,2,5.0,2.5,-2.5
18,129,7,10,8.75,12.5,3.75
18,130,5,4,6.25,5.0,-1.25
18,131,7,4,8.75,5.0,-3.75
18,132,4,4,5.0,5.0,0.0
18,133,4,3,5.0,3.75,-1.25
18,134,4,5,5.0,6.25,1.25
19,0,2,0,2.5,0.0,-2.5
19,1,4,2,5.0,2.5,-2.5
19,2,2,0,2.5,0.0,-2.5
19,3,1,1,1.25,1.25,0.0
19,4,3,0,3.75,0.0,-3.75
19,5,0,1,0.0,1.25,1.25
19,6,3,2,3.75,2.5,-1.25
19,7,2,4,2.5,5.0,2.5
19,8,2,0,2.5,0.0,-2.5
19,9,0,3,0.0,3.75,3.75
19,10,3,3,3.75,3.75,0.0
19,11,5,0,6.25,0.0,-6.25
19,12,3,1,3.75,1.25,-2.5
19,13,4,2,5.0,2.5,-2.5
19,14,0,3,0.0,3.75,3.75
19,15,4,5,5.0,6.25,1.25
19,16,2,2,2.5,2.5,0.0
19,17,4,3,5.0,3.75,-1.25
19,18,2,1,2.5,1.25,-1.25
19,19,5,1,6.25,1.25,-5.0
19,20,0,1,0.0,1.25,1.25
19,21,6,1,7.5,1.25,-6.25
19,22,1,0,1.25,0.0,-1.25
19,23,6,5,7.5,6.25,-1.25
19,24,5,5,6.25,6.25,0.0
19,25,3,3,3.75,3.75,0.0
19,26,6,3,7.5,3.75,-3.75
19,27,4,1,5.0,1.25,-3.75
19,28,6,5,7.5,6.25,-1.25
19,29,8,2,10.0,2.5,-7.5
19,30,6,3,7.5,3.75,-3.75
19,31,4,3,5.0,3.75,-1.25
19,32,1,0,1.25,0.0,-1.25
19,33,3,6,3.75,7.5,3.75
19,34,3,5,3.75,6.25,2.5
19,35,6,3,7.5,3.75,-3.75
19,36,6,4,7.5,5.0,-2.5
19,37,8,3,10.0,3.75,-6.25
19,38,4,5,5.0,6.25,1.25
19,39,2,5,2.5,6.25,3.75
19,40,2,3,2.5,3.75,1.25
19,41,5,2,6.25,2.5,-3.75
19,42,1,3,1.25,3.75,2.5
19,43,6,2,7.5,2.5,-5.0
19,44,1,2,1.25,2.5,1.25
19,45,4,4,5.0,5.0,0.0
19,46,6,4,7.5,5.0,-2.5
19,47,5,3,6.25,3.75,-2.5
19,48,4,1,5.0,1.25,-3.75
19,49,0,3,0.0,3.75,3.75
19,50,3,6,3.75,7.5,3.75
19,51,8,1,10.0,1.25,-8.75
19,52,7,2,8.75,2.5,-6.25
19,53,6,2,7.5,2.5,-5.0
19,54,2,2,2.5,2.5,0.0
19,55,5,4,6.25,5.0,-1.25
19,56,6,5,7.5,6.25,-1.25
19,57,3,1,3.75,1.25,-2.5
19,58,3,3,3.75,3.75,0.0
19,59,1,4,1.25,5.0,3.75
19,60,1,4,1.25,5.0,3.75
19,61,1,2,1.25,2.5,1.25
19,62,5,2,6.25,2.5,-3.75
19,63,3,6,3.75,7.5,3.75
19,64,1,2,1.25,2.5,1.25
19,65,3,4,3.75,5.0,1.25
19,66,2,6,2.5,7.5,5.0
19,67,6,3,7.5,3.75,-3.75
19,68,1,0,1.25,0.0,-1.25
19,69,3,3,3.75,3.75,0.0
19,70,3,3,3.75,3.75,0.0
19,71,1,3,1.25,3.75,2.5
19,72,2,2,2.5,2.5,0.0
19,73,3,0,3.75,0.0,-3.75
19,74,2,0,2.5,0.0,-2.5
19,75,3,2,3.75,2.5,-1.25
19,76,6,7,7.5,8.75,1.25
19,77,3,3,3.75,3.75,0.0
19,78,8,3,10.0,3.75,-6.25
19,79,5,1,6.25,1.25,-5.0
19,80,7,4,8.75,5.0,-3.75
19,81,3,3,3.75,3.75,0.0
19,82,6,4,7.5,5.0,-2.5
19,83,7,2,8.75,2.5,-6.25
19,84,4,2,5.0,2.5,-2.5
19,85,4,2,5.0,2.5,-2.5
19,86,3,2,3.75,2.5,-1.25
19,87,3,6,3.75,7.5,3.75
19,88,2,1,2.5,1.25,-1.25
19,89,5,4,6.25,5.0,-1.25
19,90,2,3,2.5,3.75,1.25
19,91,4,1,5.0,1.25,-3.75
19,92,0,1,0.0,1.25,1.25
19,93,1,0,1.25,0.0,-1.25
19,94,5,5,6.25,6.25,0.0
19,95,7,3,8.75,3.75,-5.0
19,96,2,5,2.5,6.25,3.75
19,97,3,1,3.75,1.25,-2.5
19,98,2,4,2.5,5.0,2.5
19,99,1,3,1.25,3.75,2.5
19,100,2,2,2.5,2.5,0.0
19,101,4,1,5.0,1.25,-3.75
19,102,4,2,5.0,2.5,-2.5
19,103,7,7,8.75,8.75,0.0
19,104,6,6,7.5,7.5,0.0
19,105,0,2,0.0,2.5,2.5
19,106,1,4,1.25,5.0,3.75
19,107,2,2,2.5,2.5,0.0
19,108,4,4,5.0,5.0,0.0
19,109,5,5,6.25,6.25,0.0
19,110,1,0,1.25,0.0,-1.25
19,111,3,2,3.75,2.5,-1.25
19,112,2,4,2.5,5.0,2.5
19,113,1,1,1.25,1.25,0.0
19,114,3,0,3.75,0.0,-3.75
19,115,4,3,5.0,3.75,-1.25
19,116,2,4,2.5,5.0,2.5
19,117,3,1,3.75,1.25,-2.5
19,118,4,6,5.0,7.5,2.5
19,119,3,2,3.75,2.5,-1.25
19,120,3,5,3.75,6.25,2.5
19,121,2,5,2.5,6.25,3.75
19,122,3,3,3.75,3.75,0.0
19,123,4,5,5.0,6.25,1.25
19,124,1,1,1.25,1.25,0.0
19,125,2,3,2.5,3.75,1.25
19,126,3,4,3.75,5.0,1.25
19,127,2,4,2.5,5.0,2.5
19,128,1,1,1.25,1.25,0.0
19,129,0,2,0.0,2.5,2.5
19,130,2,1,2.5,1.25,-1.25
19,131,0,1,0.0,1.25,1.25
19,132,3,3,3.75,3.75,0.0
19,133,3,3,3.75,3.75,0.0
19,134,2,0,2.5,0.0,-2.5
20,0,5,2,6.25,2.5,-3.75
20,1,2,2,2.5,2.5,0.0
20,2,1,1,1.25,1.25,0.0
20,3,3,5,3.75,6.25,2.5
20,4,2,10,2.5,12.5,10.0
20,5,5,1,6.25,1.25,-5.0
20,6,3,0,3.75,0.0,-3.75
20,7,1,2,1.25,2.5,1.25
20,8,5,4,6.25,5.0,-1.25
20,9,10,9,12.5,11.25,-1.25
20,10,3,2,3.75,2.5,-1.25
20,11,3,2,3.75,2.5,-1.25
20,12,1,2,1.25,2.5,1.25
20,13,2,7,2.5,8.75,6.25
20,14,0,2,0.0,2.5,2.5
20,15,3,6,3.75,7.5,3.75
20,16,5,2,6.25,2.5,-3.75
20,17,5,3,6.25,3.75,-2.5
20,18,4,17,5.0,21.25,16.25
20,19,10,3,12.5,3.75,-8.75
20,20,1,1,1.25,1.25,0.0
20,21,6,8,7.5,10.0,2.5
20,22,3,3,3.75,3.75,0.0
20,23,9,4,11.25,5.0,-6.25
20,24,2,1,2.5,1.25,-1.25
20,25,3,3,3.75,3.75,0.0
20,26,1,0,1.25,0.0,-1.25
20,27,0,6,0.0,7.5,7.5
20,28,1,1,1.25,1.25,0.0
20,29,1,8,1.25,10.0,8.75
20,30,2,5,2.5,6.25,3.75
20,31,2,0,2.5,0.0,-2.5
20,32,0,7,0.0,8.75,8.75
20,33,2,2,2.5,2.5,0.0
20,34,1,3,1.25,3.75,2.5
20,35,6,5,7.5,6.25,-1.25
20,36,0,5,0.0,6.25,6.25
20,37,5,3,6.25,3.75,-2.5
20,38,0,3,0.0,3.75,3.75
20,39,7,6,8.75,7.5,-1.25
20,40,3,2,3.75,2.5,-1.25
20,41,2,2,2.5,2.5,0.0
20,42,1,7,1.25,8.75,7.5
20,43,3,1,3.75,1.25,-2.5
20,44,2,6,2.5,7.5,5.0
20,45,1,3,1.25,3.75,2.5
20,46,0,2,0.0,2.5,2.5
20,47,2,0,2.5,0.0,-2.5
20,48,0,1,0.0,1.25,1.25
20,49,2,1,2.5,1.25,-1.25
20,50,0,4,0.0,5.0,5.0
20,51,0,4,0.0,5.0,5.0
20,52,4,2,5.0,2.5,-2.5
20,53,4,5,5.0,6.25,1.25
20,54,0,8,0.0,10.0,10.0
20,55,4,1,5.0,1.25,-3.75
20,56,0,7,0.0,8.75,8.75
20,57,1,6,1.25,7.5,6.25
20,58,6,6,7.5,7.5,0.0
20,59,1,2,1.25,2.5,1.25
20,60,1,3,1.25,3.75,2.5
20,61,0,3,0.0,3.75,3.75
20,62,1,2,1.25,2.5,1.25
20,63,0,0,0.0,0.0,0.0
20,64,2,2,2.5,2.5,0.0
20,65,0,2,0.0,2.5,2.5
20,66,3,1,3.75,1.25,-2.5
20,67,6,2,7.5,2.5,-5.0
20,68,2,5,2.5,6.25,3.75
20,69,3,2,3.75,2.5,-1.25
20,70,6,0,7.5,0.0,-7.5
20,71,8,4,10.0,5.0,-5.0
20,72,4,1,5.0,1.25,-3.75
20,73,5,2,6.25,2.5,-3.75
20,74,1,2,1.25,2.5,1.25
20,75,0,11,0.0,13.75,13.75
20,76,1,4,1.25,5.0,3.75
20,77,3,7,3.75,8.75,5.0
20,78,1,3,1.25,3.75,2.5
20,79,1,6,1.25,7.5,6.25
20,80,2,1,2.5,1.25,-1.25
20,81,0,4,0.0,5.0,5.0
20,82,6,9,7.5,11.25,3.75
20,83,1,9,1.25,11.25,10.0
20,84,3,3,3.75,3.75,0.0
20,85,4,1,5.0,1.25,-3.75
20,86,2,8,2.5,10.0,7.5
20,87,2,3,2.5,3.75,1.25
20,88,6,2,7.5,2.5,-5.0
20,89,3,5,3.75,6.25,2.5
20,90,4,0,5.0,0.0,-5.0
20,91,1,4,1.25,5.0,3.75
20,92,3,6,3.75,7.5,3.75
20,93,1,3,1.25,3.75,2.5
20,94,1,0,1.25,0.0,-1.25
20,95,2,5,2.5,6.25,3.75
20,96,2,10,2.5,12.5,10.0
20,97,2,3,2.5,3.75,1.25
20,98,2,3,2.5,3.75,1.25
20,99,5,2,6.25,2.5,-3.75
20,100,2,0,2.5,0.0,-2.5
20,101,0,6,0.0,7.5,7.5
20,102,1,3,1.25,3.75,2.5
20,103,2,1,2.5,1.25,-1.25
20,104,0,3,0.0,3.75,3.75
20,105,4,5,5.0,6.25,1.25
20,106,1,2,1.25,2.5,1.25
20,107,9,2,11.25,2.5,-8.75
20,108,4,0,5.0,0.0,-5.0
20,109,1,2,1.25,2.5,1.25
20,110,0,2,0.0,2.5,2.5
20,111,4,4,5.0,5.0,0.0
20,112,2,2,2.5,2.5,0.0
20,113,3,2,3.75,2.5,-1.25
20,114,0,1,0.0,1.25,1.25
20,115,3,0,3.75,0.0,-3.75
20,116,4,1,5.0,1.25,-3.75
20,117,2,1,2.5,1.25,-1.25
20,118,4,2,5.0,2.5,-2.5
20,119,0,1,0.0,1.25,1.25
20,120,7,3,8.75,3.75,-5.0
20,121,13,6,16.25,7.5,-8.75
20,122,7,2,8.75,2.5,-6.25
20,123,5,0,6.25,0.0,-6.25
20,124,5,4,6.25,5.0,-1.25
20,125,5,3,6.25,3.75,-2.5
20,126,1,1,1.25,1.25,0.0
20,127,1,4,1.25,5.0,3.75
20,128,5,0,6.25,0.0,-6.25
20,129,2,2,2.5,2.5,0.0
20,130,4,4,5.0,5.0,0.0
20,131,2,3,2.5,3.75,1.25
20,132,5,4,6.25,5.0,-1.25
20,133,6,2,7.5,2.5,-5.0
20,134,1,5,1.25,6.25,5.0
21,0,0,0,0.0,0.0,0.0
21,1,0,0,0.0,0.0,0.0
21,2,0,0,0.0,0.0,0.0
21,3,0,0,0.0,0.0,0.0
21,4,0,0,0.0,0.0,0.0
21,5,0,0,0.0,0.0,0.0
21,6,0,0,0.0,0.0,0.0
21,7,0,0,0.0,0.0,0.0
21,8,0,0,0.0,0.0,0.0
21,9,0,0,0.0,0.0,0.0
21,10,0,0,0.0,0.0,0.0
21,11,0,0,0.0,0.0,0.0
21,12,0,0,0.0,0.0,0.0
21,13,0,0,0.0,0.0,0.0
21,14,0,0,0.0,0.0,0.0
21,15,0,0,0.0,0.0,0.0
21,16,0,0,0.0,0.0,0.0
21,17,1,1,1.25,1.25,0.0
21,18,0,0,0.0,0.0,0.0
21,19,0,0,0.0,0.0,0.0
21,20,0,0,0.0,0.0,0.0
21,21,0,0,0.0,0.0,0.0
21,22,0,1,0.0,1.25,1.25
21,23,0,1,0.0,1.25,1.25
21,24,0,0,0.0,0.0,0.0
21,25,0,0,0.0,0.0,0.0
21,26,0,0,0.0,0.0,0.0
21,27,0,1,0.0,1.25,1.25
21,28,0,0,0.0,0.0,0.0
21,29,0,0,0.0,0.0,0.0
21,30,0,0,0.0,0.0,0.0
21,31,1,1,1.25,1.25,0.0
21,32,0,0,0.0,0.0,0.0
21,33,1,1,1.25,1.25,0.0
21,34,0,0,0.0,0.0,0.0
21,35,0,0,0.0,0.0,0.0
21,36,0,0,0.0,0.0,0.0
21,37,0,0,0.0,0.0,0.0
21,38,0,2,0.0,2.5,2.5
21,39,2,0,2.5,0.0,-2.5
21,40,0,0,0.0,0.0,0.0
21,41,0,1,0.0,1.25,1.25
21,42,0,0,0.0,0.0,0.0
21,43,0,0,0.0,0.0,0.0
21,44,0,0,0.0,0.0,0.0
21,45,0,0,0.0,0.0,0.0
21,46,0,0,0.0,0.0,0.0
21,47,0,0,0.0,0.0,0.0
21,48,0,0,0.0,0.0,0.0
21,49,0,0,0.0,0.0,0.0
21,50,0,0,0.0,0.0,0.0
21,51,0,0,0.0,0.0,0.0
21,52,0,2,0.0,2.5,2.5
21,53,0,0,0.0,0.0,0.0
21,54,0,0,0.0,0.0,0.0
21,55,0,0,0.0,0.0,0.0
21,56,0,1,0.0,1.25,1.25
21,57,0,0,0.0,0.0,0.0
21,58,0,0,0.0,0.0,0.0
21,59,0,0,0.0,0.0,0.0
21,60,0,0,0.0,0.0,0.0
21,61,0,2,0.0,2.5,2.5
21,62,0,0,0.0,0.0,0.0
21,63,0,0,0.0,0.0,0.0
21,64,0,0,0.0,0.0,0.0
21,65,1,0,1.25,0.0,-1.25
21,66,0,0,0.0,0.0,0.0
21,67,0,1,0.0,1.25,1.25
21,68,0,1,0.0,1.25,1.25
21,69,1,0,1.25,0.0,-1.25
21,70,0,0,0.0,0.0,0.0
21,71,1,0,1.25,0.0,-1.25
21,72,0,0,0.0,0.0,0.0
21,73,0,0,0.0,0.0,0.0
21,74,0,1,0.0,1.25,1.25
21,75,0,0,0.0,0.0,0.0
21,76,0,0,0.0,0.0,0.0
21,77,0,0,0.0,0.0,0.0
21,78,0,0,0.0,0.0,0.0
21,79,1,0,1.25,0.0,-1.25
21,80,0,0,0.0,0.0,0.0
21,81,0,0,0.0,0.0,0.0
21,82,0,0,0.0,0.0,0.0
21,83,1,0,1.25,0.0,-1.25
21,84,0,0,0.0,0.0,0.0
21,85,0,0,0.0,0.0,0.0
21,86,0,0,0.0,0.0,0.0
21,87,0,0,0.0,0.0,0.0
21,88,0,0,0.0,0.0,0.0
21,89,0,1,0.0,1.25,1.25
21,90,0,0,0.0,0.0,0.0
21,91,1,1,1.25,1.25,0.0
21,92,0,0,0.0,0.0,0.0
21,93,0,0,0.0,0.0,0.0
21,94,0,0,0.0,0.0,0.0
21,95,0,0,0.0,0.0,0.0
21,96,1,0,1.25,0.0,-1.25
21,97,0,0,0.0,0.0,0.0
21,98,0,2,0.0,2.5,2.5
21,99,0,0,0.0,0.0,0.0
21,100,0,0,0.0,0.0,0.0
21,101,0,0,0.0,0.0,0.0
21,102,0,0,0.0,0.0,0.0
21,103,0,0,0.0,0.0,0.0
21,104,0,1,0.0,1.25,1.25
21,105,0,0,0.0,0.0,0.0
21,106,0,0,0.0,0.0,0.0
21,107,0,0,0.0,0.0,0.0
21,108,0,0,0.0,0.0,0.0
21,109,0,0,0.0,0.0,0.0
21,110,0,1,0.0,1.25,1.25
21,111,0,0,0.0,0.0,0.0
21,112,0,0,0.0,0.0,0.0
21,113,0,0,0.0,0.0,0.0
21,114,0,0,0.0,0.0,0.0
21,115,0,0,0.0,0.0,0.0
21,116,0,0,0.0,0.0,0.0
21,117,0,0,0.0,0.0,0.0
21,118,0,0,0.0,0.0,0.0
21,119,0,0,0.0,0.0,0.0
21,120,0,0,0.0,0.0,0.0
21,121,0,0,0.0,0.0,0.0
21,122,0,0,0.0,0.0,0.0
21,123,0,1,0.0,1.25,1.25
21,124,0,0,0.0,0.0,0.0
21,125,0,0,0.0,0.0,0.0
21,126,0,0,0.0,0.0,0.0
21,127,0,0,0.0,0.0,0.0
21,128,0,2,0.0,2.5,2.5
21,129,0,0,0.0,0.0,0.0
21,130,1,0,1.25,0.0,-1.25
21,131,0,0,0.0,0.0,0.0
21,132,1,0,1.25,0.0,-1.25
21,133,1,2,1.25,2.5,1.25
21,134,1,0,1.25,0.0,-1.25
22,0,0,0,0.0,0.0,0.0
22,1,0,0,0.0,0.0,0.0
22,2,0,0,0.0,0.0,0.0
22,3,0,0,0.0,0.0,0.0
22,4,0,0,0.0,0.0,0.0
22,5,0,0,0.0,0.0,0.0
22,6,0,0,0.0,0.0,0.0
22,7,0,0,0.0,0.0,0.0
22,8,0,0,0.0,0.0,0.0
22,9,0,0,0.0,0.0,0.0
22,10,0,0,0.0,0.0,0.0
22,11,0,0,0.0,0.0,0.0
22,12,0,0,0.0,0.0,0.0
22,13,0,0,0.0,0.0,0.0
22,14,0,0,0.0,0.0,0.0
22,15,0,0,0.0,0.0,0.0
22,16,0,0,0.0,0.0,0.0
22,17,0,0,0.0,0.0,0.0
22,18,0,0,0.0,0.0,0.0
22,19,0,0,0.0,0.0,0.0
22,20,0,0,0.0,0.0,0.0
22,21,0,0,0.0,0.0,0.0
22,22,0,0,0.0,0.0,0.0
22,23,0,0,0.0,0.0,0.0
22,24,0,0,0.0,0.0,0.0
22,25,0,0,0.0,0.0,0.0
22,26,0,0,0.0,0.0,0.0
22,27,0,0,0.0,0.0,0.0
22,28,0,0,0.0,0.0,0.0
22,29,0,0,0.0,0.0,0.0
22,30,0,0,0.0,0.0,0.0
22,31,0,0,0.0,0.0,0.0
22,32,0,1,0.0,1.25,1.25
22,33,0,1,0.0,1.25,1.25
22,34,1,0,1.25,0.0,-1.25
22,35,1,0,1.25,0.0,-1.25
22,36,1,0,1.25,0.0,-1.25
22,37,0,0,0.0,0.0,0.0
22,38,0,0,0.0,0.0,0.0
22,39,0,0,0.0,0.0,0.0
22,40,0,1,0.0,1.25,1.25
22,41,1,1,1.25,1.25,0.0
22,42,1,1,1.25,1.25,0.0
22,43,0,2,0.0,2.5,2.5
22,44,1,0,1.25,0.0,-1.25
22,45,2,1,2.5,1.25,-1.25
22,46,0,0,0.0,0.0,0.0
22,47,1,0,1.25,0.0,-1.25
22,48,3,0,3.75,0.0,-3.75
22,49,1,0,1.25,0.0,-1.25
22,50,1,0,1.25,0.0,-1.25
22,51,1,0,1.25,0.0,-1.25
22,52,1,0,1.25,0.0,-1.25
22,53,0,0,0.0,0.0,0.0
22,54,1,1,1.25,1.25,0.0
22,55,0,1,0.0,1.25,1.25
22,56,0,0,0.0,0.0,0.0
22,57,0,2,0.0,2.5,2.5
22,58,1,2,1.25,2.5,1.25
22,59,0,0,0.0,0.0,0.0
22,60,1,0,1.25,0.0,-1.25
22,61,1,0,1.25,0.0,-1.25
22,62,1,1,1.25,1.25,0.0
22,63,1,2,1.25,2.5,1.25
22,64,1,0,1.25,0.0,-1.25
22,65,0,0,0.0,0.0,0.0
22,66,0,1,0.0,1.25,1.25
22,67,2,0,2.5,0.0,-2.5
22,68,0,0,0.0,0.0,0.0
22,69,2,1,2.5,1.25,-1.25
22,70,2,1,2.5,1.25,-1.25
22,71,0,2,0.0,2.5,2.5
22,72,0,0,0.0,0.0,0.0
22,73,0,1,0.0,1.25,1.25
22,74,1,1,1.25,1.25,0.0
22,75,0,1,0.0,1.25,1.25
22,76,0,0,0.0,0.0,0.0
22,77,0,1,0.0,1.25,1.25
22,78,2,0,2.5,0.0,-2.5
22,79,1,0,1.25,0.0,-1.25
22,80,0,0,0.0,0.0,0.0
22,81,0,0,0.0,0.0,0.0
22,82,2,3,2.5,3.75,1.25
22,83,2,4,2.5,5.0,2.5
22,84,0,1,0.0,1.25,1.25
22,85,0,2,0.0,2.5,2.5
22,86,1,0,1.25,0.0,-1.25
22,87,1,1,1.25,1.25,0.0
22,88,0,1,0.0,1.25,1.25
22,89,0,1,0.0,1.25,1.25
22,90,0,0,0.0,0.0,0.0
22,91,3,0,3.75,0.0,-3.75
22,92,0,2,0.0,2.5,2.5
22,93,1,0,1.25,0.0,-1.25
22,94,0,1,0.0,1.25,1.25
22,95,0,1,0.0,1.25,1.25
22,96,0,1,0.0,1.25,1.25
22,97,1,1,1.25,1.25,0.0
22,98,2,2,2.5,2.5,0.0
22,99,0,0,0.0,0.0,0.0
22,100,1,1,1.25,1.25,0.0
22,101,3,1,3.75,1.25,-2.5
22,102,4,0,5.0,0.0,-5.0
22,103,0,1,0.0,1.25,1.25
22,104,0,0,0.0,0.0,0.0
22,105,0,0,0.0,0.0,0.0
22,106,1,1,1.25,1.25,0.0
22,107,0,1,0.0,1.25,1.25
22,108,0,2,0.0,2.5,2.5
22,109,1,1,1.25,1.25,0.0
22,110,0,1,0.0,1.25,1.25
22,111,0,1,0.0,1.25,1.25
22,112,1,0,1.25,0.0,-1.25
22,113,1,1,1.25,1.25,0.0
22,114,0,0,0.0,0.0,0.0
22,115,1,2,1.25,2.5,1.25
22,116,0,0,0.0,0.0,0.0
22,117,0,2,0.0,2.5,2.5
22,118,0,3,0.0,3.75,3.75
22,119,0,1,0.0,1.25,1.25
22,120,1,0,1.25,0.0,-1.25
22,121,0,0,0.0,0.0,0.0
22,122,2,0,2.5,0.0,-2.5
22,123,0,0,0.0,0.0,0.0
22,124,0,1,0.0,1.25,1.25
22,125,0,1,0.0,1.25,1.25
22,126,0,0,0.0,0.0,0.0
22,127,1,0,1.25,0.0,-1.25
22,128,0,2,0.0,2.5,2.5
22,129,1,2,1.25,2.5,1.25
22,130,1,1,1.25,1.25,0.0
22,131,2,0,2.5,0.0,-2.5
22,132,0,2,0.0,2.5,2.5
22,133,0,3,0.0,3.75,3.75
22,134,1,1,1.25,1.25,0.0
23,0,0,1,0.0,1.25,1.25
23,1,0,0,0.0,0.0,0.0
23,2,0,0,0.0,0.0,0.0
23,3,0,1,0.0,1.25,1.25
23,4,1,2,1.25,2.5,1.25
23,5,0,0,0.0,0.0,0.0
23,6,0,1,0.0,1.25,1.25
23,7,0,0,0.0,0.0,0.0
23,8,0,0,0.0,0.0,0.0
23,9,0,0,0.0,0.0,0.0
23,10,1,0,1.25,0.0,-1.25
23,11,1,0,1.25,0.0,-1.25
23,12,0,0,0.0,0.0,0.0
23,13,0,0,0.0,0.0,0.0
23,14,0,0,0.0,0.0,0.0
23,15,0,0,0.0,0.0,0.0
23,16,1,3,1.25,3.75,2.5
23,17,0,0,0.0,0.0,0.0
23,18,0,1,0.0,1.25,1.25
23,19,2,1,2.5,1.25,-1.25
23,20,2,0,2.5,0.0,-2.5
23,21,0,1,0.0,1.25,1.25
23,22,2,0,2.5,0.0,-2.5
23,23,0,0,0.0,0.0,0.0
23,24,0,0,0.0,0.0,0.0
23,25,0,0,0.0,0.0,0.0
23,26,0,0,0.0,0.0,0.0
23,27,0,1,0.0,1.25,1.25
23,28,0,0,0.0,0.0,0.0
23,29,0,0,0.0,0.0,0.0
23,30,0,0,0.0,0.0,0.0
23,31,0,0,0.0,0.0,0.0
23,32,1,1,1.25,1.25,0.0
23,33,0,0,0.0,0.0,0.0
23,34,0,0,0.0,0.0,0.0
23,35,0,0,0.0,0.0,0.0
23,36,0,1,0.0,1.25,1.25
23,37,2,1,2.5,1.25,-1.25
23,38,1,0,1.25,0.0,-1.25
23,39,1,1,1.25,1.25,0.0
23,40,0,1,0.0,1.25,1.25
23,41,1,0,1.25,0.0,-1.25
23,42,1,1,1.25,1.25,0.0
23,43,0,0,0.0,0.0,0.0
23,44,0,0,0.0,0.0,0.0
23,45,0,0,0.0,0.0,0.0
23,46,0,0,0.0,0.0,0.0
23,47,1,0,1.25,0.0,-1.25
23,48,2,1,2.5,1.25,-1.25
23,49,0,0,0.0,0.0,0.0
23,50,0,0,0.0,0.0,0.0
23,51,0,0,0.0,0.0,0.0
23,52,0,0,0.0,0.0,0.0
23,53,3,0,3.75,0.0,-3.75
23,54,0,0,0.0,0.0,0.0
23,55,0,0,0.0,0.0,0.0
23,56,1,0,1.25,0.0,-1.25
23,57,0,0,0.0,0.0,0.0
23,58,0,0,0.0,0.0,0.0
23,59,0,0,0.0,0.0,0.0
23,60,1,0,1.25,0.0,-1.25
23,61,0,0,0.0,0.0,0.0
23,62,0,0,0.0,0.0,0.0
23,63,0,0,0.0,0.0,0.0
23,64,0,0,0.0,0.0,0.0
23,65,0,0,0.0,0.0,0.0
23,66,0,1,0.0,1.25,1.25
23,67,0,0,0.0,0.0,0.0
23,68,0,0,0.0,0.0,0.0
23,69,0,0,0.0,0.0,0.0
23,70,0,0,0.0,0.0,0.0
23,71,0,0,0.0,0.0,0.0
23,72,0,0,0.0,0.0,0.0
23,73,0,0,0.0,0.0,0.0
23,74,0,0,0.0,0.0,0.0
23,75,0,0,0.0,0.0,0.0
23,76,0,0,0.0,0.0,0.0
23,77,0,0,0.0,0.0,0.0
23,78,0,0,0.0,0.0,0.0
23,79,0,1,0.0,1.25,1.25
23,80,0,0,0.0,0.0,0.0
23,81,0,0,0.0,0.0,0.0
23,82,0,0,0.0,0.0,0.0
23,83,0,0,0.0,0.0,0.0
23,84,0,0,0.0,0.0,0.0
23,85,0,0,0.0,0.0,0.0
23,86,0,1,0.0,1.25,1.25
23,87,0,1,0.0,1.25,1.25
23,88,0,0,0.0,0.0,0.0
23,89,0,0,0.0,0.0,0.0
23,90,0,0,0.0,0.0,0.0
23,91,0,0,0.0,0.0,0.0
23,92,0,1,0.0,1.25,1.25
23,93,0,0,0.0,0.0,0.0
23,94,0,0,0.0,0.0,0.0
23,95,0,0,0.0,0.0,0.0
23,96,0,0,0.0,0.0,0.0
23,97,0,0,0.0,0.0,0.0
23,98,0,0,0.0,0.0,0.0
23,99,0,0,0.0,0.0,0.0
23,100,0,1,0.0,1.25,1.25
23,101,1,0,1.25,0.0,-1.25
23,102,0,0,0.0,0.0,0.0
23,103,0,0,0.0,0.0,0.0
23,104,0,0,0.0,0.0,0.0
23,105,1,0,1.25,0.0,-1.25
23,106,0,0,0.0,0.0,0.0
23,107,0,0,0.0,0.0,0.0
23,108,0,0,0.0,0.0,0.0
23,109,2,0,2.5,0.0,-2.5
23,110,0,0,0.0,0.0,0.0
23,111,0,0,0.0,0.0,0.0
23,112,0,0,0.0,0.0,0.0
23,113,0,0,0.0,0.0,0.0
23,114,0,0,0.0,0.0,0.0
23,115,0,0,0.0,0.0,0.0
23,116,0,0,0.0,0.0,0.0
23,117,1,1,1.25,1.25,0.0
23,118,0,0,0.0,0.0,0.0
23,119,1,0,1.25,0.0,-1.25
23,120,0,0,0.0,0.0,0.0
23,121,0,0,0.0,0.0,0.0
23,122,0,0,0.0,0.0,0.0
23,123,0,0,0.0,0.0,0.0
23,124,0,0,0.0,0.0,0.0
23,125,0,0,0.0,0.0,0.0
23,126,0,0,0.0,0.0,0.0
23,127,0,0,0.0,0.0,0.0
23,128,0,0,0.0,0.0,0.0
23,129,0,0,0.0,0.0,0.0
23,130,0,1,0.0,1.25,1.25
23,131,1,0,1.25,0.0,-1.25
23,132,1,0,1.25,0.0,-1.25
23,133,1,0,1.25,0.0,-1.25
23,134,1,1,1.25,1.25,0.0
24,0,4,12,5.0,15.0,10.0
24,1,10,2,12.5,2.5,-10.0
24,2,12,5,15.0,6.25,-8.75
24,3,11,2,13.75,2.5,-11.25
24,4,11,6,13.75,7.5,-6.25
24,5,7,16,8.75,20.0,11.25
24,6,10,6,12.5,7.5,-5.0
24,7,6,3,7.5,3.75,-3.75
24,8,4,7,5.0,8.75,3.75
24,9,11,7,13.75,8.75,-5.0
24,10,8,9,10.0,11.25,1.25
24,11,13,6,16.25,7.5,-8.75
24,12,6,9,7.5,11.25,3.75
24,13,5,3,6.25,3.75,-2.5
24,14,4,9,5.0,11.25,6.25
24,15,11,3,13.75,3.75,-10.0
24,16,7,9,8.75,11.25,2.5
24,17,4,5,5.0,6.25,1.25
24,18,6,5,7.5,6.25,-1.25
24,19,5,8,6.25,10.0,3.75
24,20,7,6,8.75,7.5,-1.25
24,21,6,3,7.5,3.75,-3.75
24,22,10,11,12.5,13.75,1.25
24,23,9,6,11.25,7.5,-3.75
24,24,11,6,13.75,7.5,-6.25
24,25,6,6,7.5,7.5,0.0
24,26,10,4,12.5,5.0,-7.5
24,27,5,5,6.25,6.25,0.0
24,28,6,8,7.5,10.0,2.5
24,29,3,6,3.75,7.5,3.75
24,30,5,6,6.25,7.5,1.25
24,31,3,14,3.75,17.5,13.75
24,32,12,10,15.0,12.5,-2.5
24,33,4,11,5.0,13.75,8.75
24,34,4,12,5.0,15.0,10.0
24,35,7,7,8.75,8.75,0.0
24,36,7,4,8.75,5.0,-3.75
24,37,8,4,10.0,5.0,-5.0
24,38,5,1,6.25,1.25,-5.0
24,39,7,6,8.75,7.5,-1.25
24,40,4,10,5.0,12.5,7.5
24,41,11,7,13.75,8.75,-5.0
24,42,4,13,5.0,16.25,11.25
24,43,6,4,7.5,5.0,-2.5
24,44,12,6,15.0,7.5,-7.5
24,45,4,11,5.0,13.75,8.75
24,46,12,4,15.0,5.0,-10.0
24,47,11,6,13.75,7.5,-6.25
24,48,10,10,12.5,12.5,0.0
24,49,9,12,11.25,15.0,3.75
24,50,10,2,12.5,2.5,-10.0
24,51,6,6,7.5,7.5,0.0
24,52,11,9,13.75,11.25,-2.5
24,53,9,8,11.25,10.0,-1.25
24,54,5,2,6.25,2.5,-3.75
24,55,10,14,12.5,17.5,5.0
24,56,9,7,11.25,8.75,-2.5
24,57,9,12,11.25,15.0,3.75
24,58,13,17,16.25,21.25,5.0
24,59,10,8,12.5,10.0,-2.5
24,60,14,11,17.5,13.75,-3.75
24,61,5,9,6.25,11.25,5.0
24,62,12,11,15.0,13.75,-1.25
24,63,8,7,10.0,8.75,-1.25
24,64,4,3,5.0,3.75,-1.25
24,65,6,5,7.5,6.25,-1.25
24,66,15,7,18.75,8.75,-10.0
24,67,14,12,17.5,15.0,-2.5
24,68,28,14,35.0,17.5,-17.5
24,69,15,7,18.75,8.75,-10.0
24,70,7,7,8.75,8.75,0.0
24,71,15,9,18.75,11.25,-7.5
24,72,7,18,8.75,22.5,13.75
24,73,10,13,12.5,16.25,3.75
24,74,12,13,15.0,16.25,1.25
24,75,16,8,20.0,10.0,-10.0
24,76,7,8,8.75,10.0,1.25
24,77,7,4,8.75,5.0,-3.75
24,78,17,2,21.25,2.5,-18.75
24,79,7,6,8.75,7.5,-1.25
24,80,4,7,5.0,8.75,3.75
24,81,10,11,12.5,13.75,1.25
24,82,17,9,21.25,11.25,-10.0
24,83,11,11,13.75,13.75,0.0
24,84,15,9,18.75,11.25,-7.5
24,85,4,10,5.0,12.5,7.5
24,86,4,10,5.0,12.5,7.5
24,87,2,12,2.5,15.0,12.5
24,88,5,9,6.25,11.25,5.0
24,89,10,9,12.5,11.25,-1.25
24,90,12,5,15.0,6.25,-8.75
24,91,13,25,16.25,31.25,15.0
24,92,13,15,16.25,18.75,2.5
24,93,9,4,11.25,5.0,-6.25
24,94,15,8,18.75,10.0,-8.75
24,95,3,8,3.75,10.0,6.25
24,96,7,5,8.75,6.25,-2.5
24,97,5,5,6.25,6.25,0.0
24,98,7,12,8.75,15.0,6.25
24,99,6,4,7.5,5.0,-2.5
24,100,3,12,3.75,15.0,11.25
24,101,16,10,20.0,12.5,-7.5
24,102,5,3,6.25,3.75,-2.5
24,103,18,9,22.5,11.25,-11.25
24,104,10,13,12.5,16.25,3.75
24,105,14,5,17.5,6.25,-11.25
24,106,8,22,10.0,27.5,17.5
24,107,7,12,8.75,15.0,6.25
24,108,6,8,7.5,10.0,2.5
24,109,7,16,8.75,20.0,11.25
24,110,24,12,30.0,15.0,-15.0
24,111,9,15,11.25,18.75,7.5
24,112,7,8,8.75,10.0,1.25
24,113,5,10,6.25,12.5,6.25
24,114,4,11,5.0,13.75,8.75
24,115,3,12,3.75,15.0,11.25
24,116,6,3,7.5,3.75,-3.75
24,117,4,4,5.0,5.0,0.0
24,118,2,10,2.5,12.5,10.0
24,119,7,12,8.75,15.0,6.25
24,120,7,11,8.75,13.75,5.0
24,121,4,7,5.0,8.75,3.75
24,122,7,10,8.75,12.5,3.75
24,123,7,3,8.75,3.75,-5.0
24,124,12,8,15.0,10.0,-5.0
24,125,8,6,10.0,7.5,-2.5
24,126,15,9,18.75,11.25,-7.5
24,127,3,4,3.75,5.0,1.25
24,128,6,10,7.5,12.5,5.0
24,129,6,8,7.5,10.0,2.5
24,130,5,1,6.25,1.25,-5.0
24,131,11,9,13.75,11.25,-2.5
24,132,16,10,20.0,12.5,-7.5
24,133,3,7,3.75,8.75,5.0
24,134,5,7,6.25,8.75,2.5
25,0,0,0,0.0,0.0,0.0
25,1,0,0,0.0,0.0,0.0
25,2,0,1,0.0,1.25,1.25
25,3,0,0,0.0,0.0,0.0
25,4,0,0,0.0,0.0,0.0
25,5,0,0,0.0,0.0,0.0
25,6,0,0,0.0,0.0,0.0
25,7,0,0,0.0,0.0,0.0
25,8,0,0,0.0,0.0,0.0
25,9,0,0,0.0,0.0,0.0
25,10,0,0,0.0,0.0,0.0
25,11,0,0,0.0,0.0,0.0
25,12,0,0,0.0,0.0,0.0
25,13,0,0,0.0,0.0,0.0
25,14,0,0,0.0,0.0,0.0
25,15,0,0,0.0,0.0,0.0
25,16,0,1,0.0,1.25,1.25
25,17,0,0,0.0,0.0,0.0
25,18,0,0,0.0,0.0,0.0
25,19,0,0,0.0,0.0,0.0
25,20,0,1,0.0,1.25,1.25
25,21,0,0,0.0,0.0,0.0
25,22,0,0,0.0,0.0,0.0
25,23,0,3,0.0,3.75,3.75
25,24,1,0,1.25,0.0,-1.25
25,25,0,0,0.0,0.0,0.0
25,26,1,0,1.25,0.0,-1.25
25,27,1,0,1.25,0.0,-1.25
25,28,0,0,0.0,0.0,0.0
25,29,2,1,2.5,1.25,-1.25
25,30,0,0,0.0,0.0,0.0
25,31,0,0,0.0,0.0,0.0
25,32,2,0,2.5,0.0,-2.5
25,33,1,1,1.25,1.25,0.0
25,34,0,0,0.0,0.0,0.0
25,35,1,0,1.25,0.0,-1.25
25,36,0,0,0.0,0.0,0.0
25,37,0,0,0.0,0.0,0.0
25,38,0,0,0.0,0.0,0.0
25,39,0,1,0.0,1.25,1.25
25,40,0,1,0.0,1.25,1.25
25,41,0,0,0.0,0.0,0.0
25,42,0,0,0.0,0.0,0.0
25,43,1,0,1.25,0.0,-1.25
25,44,0,0,0.0,0.0,0.0
25,45,0,1,0.0,1.25,1.25
25,46,1,1,1.25,1.25,0.0
25,47,0,2,0.0,2.5,2.5
25,48,1,1,1.25,1.25,0.0
25,49,0,0,0.0,0.0,0.0
25,50,1,0,1.25,0.0,-1.25
25,51,1,0,1.25,0.0,-1.25
25,52,0,1,0.0,1.25,1.25
25,53,0,0,0.0,0.0,0.0
25,54,0,1,0.0,1.25,1.25
25,55,0,2,0.0,2.5,2.5
25,56,0,1,0.0,1.25,1.25
25,57,1,0,1.25,0.0,-1.25
25,58,0,1,0.0,1.25,1.25
25,59,1,0,1.25,0.0,-1.25
25,60,0,2,0.0,2.5,2.5
25,61,0,0,0.0,0.0,0.0
25,62,0,3,0.0,3.75,3.75
25,63,0,0,0.0,0.0,0.0
25,64,1,0,1.25,0.0,-1.25
25,65,0,0,0.0,0.0,0.0
25,66,0,1,0.0,1.25,1.25
25,67,1,3,1.25,3.75,2.5
25,68,0,0,0.0,0.0,0.0
25,69,0,0,0.0,0.0,0.0
25,70,0,1,0.0,1.25,1.25
25,71,1,0,1.25,0.0,-1.25
25,72,1,2,1.25,2.5,1.25
25,73,2,1,2.5,1.25,-1.25
25,74,0,0,0.0,0.0,0.0
25,75,0,0,0.0,0.0,0.0
25,76,0,0,0.0,0.0,0.0
25,77,0,1,0.0,1.25,1.25
25,78,0,1,0.0,1.25,1.25
25,79,0,0,0.0,0.0,0.0
25,80,0,2,0.0,2.5,2.5
25,81,0,1,0.0,1.25,1.25
25,82,0,1,0.0,1.25,1.25
25,83,0,1,0.0,1.25,1.25
25,84,0,0,0.0,0.0,0.0
25,85,0,0,0.0,0.0,0.0
25,86,0,0,0.0,0.0,0.0
25,87,0,1,0.0,1.25,1.25
25,88,0,2,0.0,2.5,2.5
25,89,0,0,0.0,0.0,0.0
25,90,0,2,0.0,2.5,2.5
25,91,2,1,2.5,1.25,-1.25
25,92,0,1,0.0,1.25,1.25
25,93,1,2,1.25,2.5,1.25
25,94,0,0,0.0,0.0,0.0
25,95,0,1,0.0,1.25,1.25
25,96,0,1,0.0,1.25,1.25
25,97,0,1,0.0,1.25,1.25
25,98,0,0,0.0,0.0,0.0
25,99,0,1,0.0,1.25,1.25
25,100,0,1,0.0,1.25,1.25
25,101,0,1,0.0,1.25,1.25
25,102,0,2,0.0,2.5,2.5
25,103,0,1,0.0,1.25,1.25
25,104,1,1,1.25,1.25,0.0
25,105,0,2,0.0,2.5,2.5
25,106,2,0,2.5,0.0,-2.5
25,107,0,0,0.0,0.0,0.0
25,108,2,1,2.5,1.25,-1.25
25,109,0,0,0.0,0.0,0.0
25,110,0,0,0.0,0.0,0.0
25,111,0,2,0.0,2.5,2.5
25,112,0,0,0.0,0.0,0.0
25,113,0,0,0.0,0.0,0.0
25,114,0,0,0.0,0.0,0.0
25,115,0,2,0.0,2.5,2.5
25,116,0,0,0.0,0.0,0.0
25,117,0,1,0.0,1.25,1.25
25,118,0,0,0.0,0.0,0.0
25,119,1,0,1.25,0.0,-1.25
25,120,1,1,1.25,1.25,0.0
25,121,0,0,0.0,0.0,0.0
25,122,0,1,0.0,1.25,1.25
25,123,2,0,2.5,0.0,-2.5
25,124,0,0,0.0,0.0,0.0
25,125,1,0,1.25,0.0,-1.25
25,126,0,1,0.0,1.25,1.25
25,127,0,0,0.0,0.0,0.0
25,128,0,1,0.0,1.25,1.25
25,129,0,0,0.0,0.0,0.0
25,130,2,0,2.5,0.0,-2.5
25,131,0,0,0.0,0.0,0.0
25,132,0,0,0.0,0.0,0.0
25,133,0,0,0.0,0.0,0.0
25,134,0,0,0.0,0.0,0.0
26,0,7,6,8.75,7.5,-1.25
26,1,6,2,7.5,2.5,-5.0
26,2,5,3,6.25,3.75,-2.5
26,3,2,2,2.5,2.5,0.0
26,4,5,2,6.25,2.5,-3.75
26,5,3,1,3.75,1.25,-2.5
26,6,4,4,5.0,5.0,0.0
26,7,4,3,5.0,3.75,-1.25
26,8,3,3,3.75,3.75,0.0
26,9,4,3,5.0,3.75,-1.25
26,10,0,1,0.0,1.25,1.25
26,11,7,3,8.75,3.75,-5.0
26,12,5,1,6.25,1.25,-5.0
26,13,4,1,5.0,1.25,-3.75
26,14,2,1,2.5,1.25,-1.25
26,15,1,1,1.25,1.25,0.0
26,16,3,2,3.75,2.5,-1.25
26,17,1,2,1.25,2.5,1.25
26,18,3,4,3.75,5.0,1.25
26,19,1,2,1.25,2.5,1.25
26,20,1,4,1.25,5.0,3.75
26,21,1,2,1.25,2.5,1.25
26,22,1,2,1.25,2.5,1.25
26,23,1,4,1.25,5.0,3.75
26,24,3,0,3.75,0.0,-3.75
26,25,2,6,2.5,7.5,5.0
26,26,4,3,5.0,3.75,-1.25
26,27,6,1,7.5,1.25,-6.25
26,28,3,2,3.75,2.5,-1.25
26,29,5,3,6.25,3.75,-2.5
26,30,4,2,5.0,2.5,-2.5
26,31,3,5,3.75,6.25,2.5
26,32,0,4,0.0,5.0,5.0
26,33,4,5,5.0,6.25,1.25
26,34,5,3,6.25,3.75,-2.5
26,35,2,5,2.5,6.25,3.75
26,36,2,5,2.5,6.25,3.75
26,37,5,6,6.25,7.5,1.25
26,38,4,1,5.0,1.25,-3.75
26,39,1,3,1.25,3.75,2.5
26,40,4,2,5.0,2.5,-2.5
26,41,3,0,3.75,0.0,-3.75
26,42,5,4,6.25,5.0,-1.25
26,43,4,3,5.0,3.75,-1.25
26,44,4,2,5.0,2.5,-2.5
26,45,4,1,5.0,1.25,-3.75
26,46,2,6,2.5,7.5,5.0
26,47,2,5,2.5,6.25,3.75
26,48,1,6,1.25,7.5,6.25
26,49,3,3,3.75,3.75,0.0
26,50,2,3,2.5,3.75,1.25
26,51,2,1,2.5,1.25,-1.25
26,52,2,2,2.5,2.5,0.0
26,53,2,5,2.5,6.25,3.75
26,54,5,3,6.25,3.75,-2.5
26,55,3,4,3.75,5.0,1.25
26,56,1,7,1.25,8.75,7.5
26,57,6,3,7.5,3.75,-3.75
26,58,2,2,2.5,2.5,0.0
26,59,0,2,0.0,2.5,2.5
26,60,2,2,2.5,2.5,0.0
26,61,2,2,2.5,2.5,0.0
26,62,3,2,3.75,2.5,-1.25
26,63,6,2,7.5,2.5,-5.0
26,64,3,4,3.75,5.0,1.25
26,65,1,6,1.25,7.5,6.25
26,66,2,4,2.5,5.0,2.5
26,67,3,4,3.75,5.0,1.25
26,68,4,7,5.0,8.75,3.75
26,69,5,3,6.25,3.75,-2.5
26,70,6,4,7.5,5.0,-2.5
26,71,4,3,5.0,3.75,-1.25
26,72,2,4,2.5,5.0,2.5
26,73,7,4,8.75,5.0,-3.75
26,74,2,3,2.5,3.75,1.25
26,75,2,2,2.5,2.5,0.0
26,76,3,2,3.75,2.5,-1.25
26,77,5,5,6.25,6.25,0.0
26,78,8,4,10.0,5.0,-5.0
26,79,5,5,6.25,6.25,0.0
26,80,4,1,5.0,1.25,-3.75
26,81,7,3,8.75,3.75,-5.0
26,82,3,3,3.75,3.75,0.0
26,83,4,3,5.0,3.75,-1.25
26,84,6,5,7.5,6.25,-1.25
26,85,7,5,8.75,6.25,-2.5
26,86,4,2,5.0,2.5,-2.5
26,87,5,4,6.25,5.0,-1.25
26,88,0,2,0.0,2.5,2.5
26,89,2,4,2.5,5.0,2.5
26,90,9,3,11.25,3.75,-7.5
26,91,3,0,3.75,0.0,-3.75
26,92,2,0,2.5,0.0,-2.5
26,93,3,4,3.75,5.0,1.25
26,94,7,4,8.75,5.0,-3.75
26,95,4,1,5.0,1.25,-3.75
26,96,5,4,6.25,5.0,-1.25
26,97,2,5,2.5,6.25,3.75
26,98,7,0,8.75,0.0,-8.75
26,99,3,5,3.75,6.25,2.5
26,100,3,4,3.75,5.0,1.25
26,101,3,3,3.75,3.75,0.0
26,102,1,4,1.25,5.0,3.75
26,103,3,4,3.75,5.0,1.25
26,104,3,3,3.75,3.75,0.0
26,105,1,3,1.25,3.75,2.5
26,106,1,2,1.25,2.5,1.25
26,107,1,7,1.25,8.75,7.5
26,108,2,1,2.5,1.25,-1.25
26,109,3,4,3.75,5.0,1.25
26,110,2,2,2.5,2.5,0.0
26,111,2,5,2.5,6.25,3.75
26,112,2,2,2.5,2.5,0.0
26,113,4,2,5.0,2.5,-2.5
26,114,4,3,5.0,3.75,-1.25
26,115,3,2,3.75,2.5,-1.25
26,116,2,0,2.5,0.0,-2.5
26,117,5,7,6.25,8.75,2.5
26,118,5,4,6.25,5.0,-1.25
26,119,2,1,2.5,1.25,-1.25
26,120,3,0,3.75,0.0,-3.75
26,121,3,5,3.75,6.25,2.5
26,122,1,5,1.25,6.25,5.0
26,123,3,6,3.75,7.5,3.75
26,124,3,3,3.75,3.75,0.0
26,125,2,1,2.5,1.25,-1.25
26,126,2,1,2.5,1.25,-1.25
26,127,0,4,0.0,5.0,5.0
26,128,4,4,5.0,5.0,0.0
26,129,4,3,5.0,3.75,-1.25
26,130,4,3,5.0,3.75,-1.25
26,131,3,4,3.75,5.0,1.25
26,132,2,5,2.5,6.25,3.75
26,133,5,2,6.25,2.5,-3.75
26,134,5,5,6.25,6.25,0.0
27,0,7,5,8.75,6.25,-2.5
27,1,7,4,8.75,5.0,-3.75
27,2,4,2,5.0,2.5,-2.5
27,3,8,5,10.0,6.25,-3.75
27,4,10,5,12.5,6.25,-6.25
27,5,4,4,5.0,5.0,0.0
27,6,5,5,6.25,6.25,0.0
27,7,4,4,5.0,5.0,0.0
27,8,2,10,2.5,12.5,10.0
27,9,2,2,2.5,2.5,0.0
27,10,4,1,5.0,1.25,-3.75
27,11,5,4,6.25,5.0,-1.25
27,12,1,4,1.25,5.0,3.75
27,13,2,0,2.5,0.0,-2.5
27,14,2,7,2.5,8.75,6.25
27,15,5,4,6.25,5.0,-1.25
27,16,6,3,7.5,3.75,-3.75
27,17,6,4,7.5,5.0,-2.5
27,18,7,2,8.75,2.5,-6.25
27,19,7,6,8.75,7.5,-1.25
27,20,6,3,7.5,3.75,-3.75
27,21,1,1,1.25,1.25,0.0
27,22,7,7,8.75,8.75,0.0
27,23,4,2,5.0,2.5,-2.5
27,24,8,1,10.0,1.25,-8.75
27,25,3,6,3.75,7.5,3.75
27,26,5,1,6.25,1.25,-5.0
27,27,1,1,1.25,1.25,0.0
27,28,0,3,0.0,3.75,3.75
27,29,3,12,3.75,15.0,11.25
27,30,1,1,1.25,1.25,0.0
27,31,4,2,5.0,2.5,-2.5
27,32,4,4,5.0,5.0,0.0
27,33,8,4,10.0,5.0,-5.0
27,34,4,5,5.0,6.25,1.25
27,35,2,5,2.5,6.25,3.75
27,36,5,1,6.25,1.25,-5.0
27,37,3,1,3.75,1.25,-2.5
27,38,2,2,2.5,2.5,0.0
27,39,3,14,3.75,17.5,13.75
27,40,3,2,3.75,2.5,-1.25
27,41,8,4,10.0,5.0,-5.0
27,42,4,2,5.0,2.5,-2.5
27,43,4,12,5.0,15.0,10.0
27,44,4,2,5.0,2.5,-2.5
27,45,7,2,8.75,2.5,-6.25
27,46,5,2,6.25,2.5,-3.75
27,47,3,2,3.75,2.5,-1.25
27,48,3,3,3.75,3.75,0.0
27,49,7,0,8.75,0.0,-8.75
27,50,8,1,10.0,1.25,-8.75
27,51,8,5,10.0,6.25,-3.75
27,52,4,5,5.0,6.25,1.25
27,53,2,6,2.5,7.5,5.0
27,54,7,2,8.75,2.5,-6.25
27,55,8,6,10.0,7.5,-2.5
27,56,0,3,0.0,3.75,3.75
27,57,4,2,5.0,2.5,-2.5
27,58,6,3,7.5,3.75,-3.75
27,59,3,5,3.75,6.25,2.5
27,60,2,8,2.5,10.0,7.5
27,61,11,6,13.75,7.5,-6.25
27,62,7,10,8.75,12.5,3.75
27,63,0,3,0.0,3.75,3.75
27,64,4,3,5.0,3.75,-1.25
27,65,4,4,5.0,5.0,0.0
27,66,2,1,2.5,1.25,-1.25
27,67,4,1,5.0,1.25,-3.75
27,68,4,3,5.0,3.75,-1.25
27,69,9,5,11.25,6.25,-5.0
27,70,8,1,10.0,1.25,-8.75
27,71,2,1,2.5,1.25,-1.25
27,72,2,8,2.5,10.0,7.5
27,73,5,2,6.25,2.5,-3.75
27,74,3,2,3.75,2.5,-1.25
27,75,2,3,2.5,3.75,1.25
27,76,6,3,7.5,3.75,-3.75
27,77,5,1,6.25,1.25,-5.0
27,78,3,2,3.75,2.5,-1.25
27,79,2,4,2.5,5.0,2.5
27,80,0,3,0.0,3.75,3.75
27,81,3,2,3.75,2.5,-1.25
27,82,2,1,2.5,1.25,-1.25
27,83,3,5,3.75,6.25,2.5
27,84,5,5,6.25,6.25,0.0
27,85,0,4,0.0,5.0,5.0
27,86,2,1,2.5,1.25,-1.25
27,87,3,3,3.75,3.75,0.0
27,88,7,7,8.75,8.75,0.0
27,89,3,2,3.75,2.5,-1.25
27,90,2,1,2.5,1.25,-1.25
27,91,3,1,3.75,1.25,-2.5
27,92,4,2,5.0,2.5,-2.5
27,93,3,4,3.75,5.0,1.25
27,94,5,5,6.25,6.25,0.0
27,95,1,1,1.25,1.25,0.0
27,96,7,6,8.75,7.5,-1.25
27,97,4,0,5.0,0.0,-5.0
27,98,6,2,7.5,2.5,-5.0
27,99,2,5,2.5,6.25,3.75
27,100,0,3,0.0,3.75,3.75
27,101,4,0,5.0,0.0,-5.0
27,102,7,2,8.75,2.5,-6.25
27,103,6,0,7.5,0.0,-7.5
27,104,1,2,1.25,2.5,1.25
27,105,2,1,2.5,1.25,-1.25
27,106,2,0,2.5,0.0,-2.5
27,107,4,0,5.0,0.0,-5.0
27,108,7,3,8.75,3.75,-5.0
27,109,6,6,7.5,7.5,0.0
27,110,5,5,6.25,6.25,0.0
27,111,1,1,1.25,1.25,0.0
27,112,2,2,2.5,2.5,0.0
27,113,5,4,6.25,5.0,-1.25
27,114,4,1,5.0,1.25,-3.75
27,115,2,2,2.5,2.5,0.0
27,116,3,1,3.75,1.25,-2.5
27,117,2,4,2.5,5.0,2.5
27,118,1,3,1.25,3.75,2.5
27,119,4,1,5.0,1.25,-3.75
27,120,11,2,13.75,2.5,-11.25
27,121,5,1,6.25,1.25,-5.0
27,122,9,3,11.25,3.75,-7.5
27,123,1,4,1.25,5.0,3.75
27,124,3,4,3.75,5.0,1.25
27,125,1,4,1.25,5.0,3.75
27,126,6,0,7.5,0.0,-7.5
27,127,2,2,2.5,2.5,0.0
27,128,3,5,3.75,6.25,2.5
27,129,2,2,2.5,2.5,0.0
27,130,5,2,6.25,2.5,-3.75
27,131,5,2,6.25,2.5,-3.75
27,132,4,2,5.0,2.5,-2.5
27,133,4,1,5.0,1.25,-3.75
27,134,2,4,2.5,5.0,2.5
28,0,0,0,0.0,0.0,0.0
28,1,1,2,1.25,2.5,1.25
28,2,0,0,0.0,0.0,0.0
28,3,1,1,1.25,1.25,0.0
28,4,2,2,2.5,2.5,0.0
28,5,0,1,0.0,1.25,1.25
28,6,0,0,0.0,0.0,0.0
28,7,2,4,2.5,5.0,2.5
28,8,0,1,0.0,1.25,1.25
28,9,0,2,0.0,2.5,2.5
28,10,2,3,2.5,3.75,1.25
28,11,1,1,1.25,1.25,0.0
28,12,1,1,1.25,1.25,0.0
28,13,0,1,0.0,1.25,1.25
28,14,2,1,2.5,1.25,-1.25
28,15,0,2,0.0,2.5,2.5
28,16,4,5,5.0,6.25,1.25
28,17,2,1,2.5,1.25,-1.25
28,18,0,1,0.0,1.25,1.25
28,19,0,2,0.0,2.5,2.5
28,20,3,3,3.75,3.75,0.0
28,21,0,1,0.0,1.25,1.25
28,22,4,1,5.0,1.25,-3.75
28,23,7,2,8.75,2.5,-6.25
28,24,1,2,1.25,2.5,1.25
28,25,1,1,1.25,1.25,0.0
28,26,1,4,1.25,5.0,3.75
28,27,1,0,1.25,0.0,-1.25
28,28,3,2,3.75,2.5,-1.25
28,29,1,0,1.25,0.0,-1.25
28,30,1,1,1.25,1.25,0.0
28,31,0,4,0.0,5.0,5.0
28,32,3,4,3.75,5.0,1.25
28,33,2,1,2.5,1.25,-1.25
28,34,1,2,1.25,2.5,1.25
28,35,1,3,1.25,3.75,2.5
28,36,3,5,3.75,6.25,2.5
28,37,2,4,2.5,5.0,2.5
28,38,1,2,1.25,2.5,1.25
28,39,0,3,0.0,3.75,3.75
28,40,2,2,2.5,2.5,0.0
28,41,3,2,3.75,2.5,-1.25
28,42,0,1,0.0,1.25,1.25
28,43,2,1,2.5,1.25,-1.25
28,44,1,3,1.25,3.75,2.5
28,45,3,6,3.75,7.5,3.75
28,46,3,0,3.75,0.0,-3.75
28,47,6,3,7.5,3.75,-3.75
28,48,1,1,1.25,1.25,0.0
28,49,1,1,1.25,1.25,0.0
28,50,5,2,6.25,2.5,-3.75
28,51,8,1,10.0,1.25,-8.75
28,52,1,2,1.25,2.5,1.25
28,53,3,3,3.75,3.75,0.0
28,54,1,3,1.25,3.75,2.5
28,55,0,4,0.0,5.0,5.0
28,56,4,0,5.0,0.0,-5.0
28,57,3,3,3.75,3.75,0.0
28,58,0,2,0.0,2.5,2.5
28,59,3,2,3.75,2.5,-1.25
28,60,2,3,2.5,3.75,1.25
28,61,1,6,1.25,7.5,6.25
28,62,2,5,2.5,6.25,3.75
28,63,2,3,2.5,3.75,1.25
28,64,1,1,1.25,1.25,0.0
28,65,2,4,2.5,5.0,2.5
28,66,3,2,3.75,2.5,-1.25
28,67,0,2,0.0,2.5,2.5
28,68,3,3,3.75,3.75,0.0
28,69,0,1,0.0,1.25,1.25
28,70,1,0,1.25,0.0,-1.25
28,71,1,2,1.25,2.5,1.25
28,72,1,1,1.25,1.25,0.0
28,73,2,2,2.5,2.5,0.0
28,74,0,2,0.0,2.5,2.5
28,75,0,3,0.0,3.75,3.75
28,76,2,1,2.5,1.25,-1.25
28,77,0,1,0.0,1.25,1.25
28,78,2,2,2.5,2.5,0.0
28,79,2,5,2.5,6.25,3.75
28,80,4,1,5.0,1.25,-3.75
28,81,3,1,3.75,1.25,-2.5
28,82,3,1,3.75,1.25,-2.5
28,83,1,2,1.25,2.5,1.25
28,84,1,3,1.25,3.75,2.5
28,85,2,0,2.5,0.0,-2.5
28,86,0,0,0.0,0.0,0.0
28,87,1,0,1.25,0.0,-1.25
28,88,0,1,0.0,1.25,1.25
28,89,2,2,2.5,2.5,0.0
28,90,1,2,1.25,2.5,1.25
28,91,2,1,2.5,1.25,-1.25
28,92,2,3,2.5,3.75,1.25
28,93,4,3,5.0,3.75,-1.25
28,94,3,0,3.75,0.0,-3.75
28,95,2,0,2.5,0.0,-2.5
28,96,1,2,1.25,2.5,1.25
28,97,0,0,0.0,0.0,0.0
28,98,1,4,1.25,5.0,3.75
28,99,1,2,1.25,2.5,1.25
28,100,2,1,2.5,1.25,-1.25
28,101,0,1,0.0,1.25,1.25
28,102,0,4,0.0,5.0,5.0
28,103,0,3,0.0,3.75,3.75
28,104,0,1,0.0,1.25,1.25
28,105,1,1,1.25,1.25,0.0
28,106,1,0,1.25,0.0,-1.25
28,107,0,2,0.0,2.5,2.5
28,108,2,0,2.5,0.0,-2.5
28,109,1,1,1.25,1.25,0.0
28,110,1,2,1.25,2.5,1.25
28,111,1,1,1.25,1.25,0.0
28,112,4,1,5.0,1.25,-3.75
28,113,2,0,2.5,0.0,-2.5
28,114,1,1,1.25,1.25,0.0
28,115,3,2,3.75,2.5,-1.25
28,116,2,0,2.5,0.0,-2.5
28,117,4,2,5.0,2.5,-2.5
28,118,3,1,3.75,1.25,-2.5
28,119,4,0,5.0,0.0,-5.0
28,120,3,1,3.75,1.25,-2.5
28,121,3,5,3.75,6.25,2.5
28,122,1,0,1.25,0.0,-1.25
28,123,1,0,1.25,0.0,-1.25
28,124,2,2,2.5,2.5,0.0
28,125,3,3,3.75,3.75,0.0
28,126,4,0,5.0,0.0,-5.0
28,127,0,0,0.0,0.0,0.0
28,128,0,2,0.0,2.5,2.5
28,129,0,0,0.0,0.0,0.0
28,130,2,1,2.5,1.25,-1.25
28,131,4,1,5.0,1.25,-3.75
28,132,3,0,3.75,0.0,-3.75
28,133,2,0,2.5,0.0,-2.5
28,134,1,2,1.25,2.5,1.25
29,0,0,0,0.0,0.0,0.0
29,1,0,0,0.0,0.0,0.0
29,2,0,0,0.0,0.0,0.0
29,3,0,0,0.0,0.0,0.0
29,4,0,0,0.0,0.0,0.0
29,5,0,0,0.0,0.0,0.0
29,6,0,0,0.0,0.0,0.0
29,7,0,1,0.0,1.25,1.25
29,8,0,0,0.0,0.0,0.0
29,9,0,0,0.0,0.0,0.0
29,10,0,1,0.0,1.25,1.25
29,11,0,0,0.0,0.0,0.0
29,12,0,0,0.0,0.0,0.0
29,13,0,0,0.0,0.0,0.0
29,14,0,0,0.0,0.0,0.0
29,15,0,1,0.0,1.25,1.25
29,16,0,0,0.0,0.0,0.0
29,17,0,0,0.0,0.0,0.0
29,18,0,0,0.0,0.0,0.0
29,19,0,0,0.0,0.0,0.0
29,20,0,1,0.0,1.25,1.25
29,21,0,1,0.0,1.25,1.25
29,22,1,1,1.25,1.25,0.0
29,23,1,0,1.25,0.0,-1.25
29,24,1,0,1.25,0.0,-1.25
29,25,0,1,0.0,1.25,1.25
29,26,0,0,0.0,0.0,0.0
29,27,1,1,1.25,1.25,0.0
29,28,0,0,0.0,0.0,0.0
29,29,0,0,0.0,0.0,0.0
29,30,0,0,0.0,0.0,0.0
29,31,1,1,1.25,1.25,0.0
29,32,0,1,0.0,1.25,1.25
29,33,0,1,0.0,1.25,1.25
29,34,0,0,0.0,0.0,0.0
29,35,0,0,0.0,0.0,0.0
29,36,1,2,1.25,2.5,1.25
29,37,0,0,0.0,0.0,0.0
29,38,0,2,0.0,2.5,2.5
29,39,0,1,0.0,1.25,1.25
29,40,0,0,0.0,0.0,0.0
29,41,1,0,1.25,0.0,-1.25
29,42,2,2,2.5,2.5,0.0
29,43,0,0,0.0,0.0,0.0
29,44,0,0,0.0,0.0,0.0
29,45,0,0,0.0,0.0,0.0
29,46,0,1,0.0,1.25,1.25
29,47,0,1,0.0,1.25,1.25
29,48,0,0,0.0,0.0,0.0
29,49,0,0,0.0,0.0,0.0
29,50,1,1,1.25,1.25,0.0
29,51,0,1,0.0,1.25,1.25
29,52,0,1,0.0,1.25,1.25
29,53,0,1,0.0,1.25,1.25
29,54,1,1,1.25,1.25,0.0
29,55,0,0,0.0,0.0,0.0
29,56,0,0,0.0,0.0,0.0
29,57,0,0,0.0,0.0,0.0
29,58,0,0,0.0,0.0,0.0
29,59,1,1,1.25,1.25,0.0
29,60,0,1,0.0,1.25,1.25
29,61,0,0,0.0,0.0,0.0
29,62,0,0,0.0,0.0,0.0
29,63,1,1,1.25,1.25,0.0
29,64,0,0,0.0,0.0,0.0
29,65,1,1,1.25,1.25,0.0
29,66,0,1,0.0,1.25,1.25
29,67,1,2,1.25,2.5,1.25
29,68,0,0,0.0,0.0,0.0
29,69,0,0,0.0,0.0,0.0
29,70,0,0,0.0,0.0,0.0
29,71,0,1,0.0,1.25,1.25
29,72,3,1,3.75,1.25,-2.5
29,73,0,0,0.0,0.0,0.0
29,74,0,0,0.0,0.0,0.0
29,75,0,0,0.0,0.0,0.0
29,76,0,1,0.0,1.25,1.25
29,77,0,0,0.0,0.0,0.0
29,78,0,1,0.0,1.25,1.25
29,79,1,2,1.25,2.5,1.25
29,80,0,0,0.0,0.0,0.0
29,81,0,1,0.0,1.25,1.25
29,82,0,1,0.0,1.25,1.25
29,83,0,0,0.0,0.0,0.0
29,84,0,0,0.0,0.0,0.0
29,85,0,1,0.0,1.25,1.25
29,86,0,0,0.0,0.0,0.0
29,87,0,0,0.0,0.0,0.0
29,88,0,0,0.0,0.0,0.0
29,89,0,0,0.0,0.0,0.0
29,90,0,0,0.0,0.0,0.0
29,91,0,1,0.0,1.25,1.25
29,92,0,1,0.0,1.25,1.25
29,93,1,0,1.25,0.0,-1.25
29,94,2,0,2.5,0.0,-2.5
29,95,0,0,0.0,0.0,0.0
29,96,1,2,1.25,2.5,1.25
29,97,0,0,0.0,0.0,0.0
29,98,0,1,0.0,1.25,1.25
29,99,0,2,0.0,2.5,2.5
29,100,1,1,1.25,1.25,0.0
29,101,0,0,0.0,0.0,0.0
29,102,0,2,0.0,2.5,2.5
29,103,0,0,0.0,0.0,0.0
29,104,0,0,0.0,0.0,0.0
29,105,0,0,0.0,0.0,0.0
29,106,0,0,0.0,0.0,0.0
29,107,2,1,2.5,1.25,-1.25
29,108,0,0,0.0,0.0,0.0
29,109,0,1,0.0,1.25,1.25
29,110,0,0,0.0,0.0,0.0
29,111,0,3,0.0,3.75,3.75
29,112,0,0,0.0,0.0,0.0
29,113,1,1,1.25,1.25,0.0
29,114,0,1,0.0,1.25,1.25
29,115,0,1,0.0,1.25,1.25
29,116,1,0,1.25,0.0,-1.25
29,117,0,0,0.0,0.0,0.0
29,118,1,1,1.25,1.25,0.0
29,119,0,1,0.0,1.25,1.25
29,120,0,1,0.0,1.25,1.25
29,121,0,0,0.0,0.0,0.0
29,122,1,0,1.25,0.0,-1.25
29,123,0,0,0.0,0.0,0.0
29,124,1,0,1.25,0.0,-1.25
29,125,0,1,0.0,1.25,1.25
29,126,1,0,1.25,0.0,-1.25
29,127,2,0,2.5,0.0,-2.5
29,128,1,0,1.25,0.0,-1.25
29,129,1,0,1.25,0.0,-1.25
29,130,0,0,0.0,0.0,0.0
29,131,1,0,1.25,0.0,-1.25
29,132,2,0,2.5,0.0,-2.5
29,133,1,1,1.25,1.25,0.0
29,134,0,0,0.0,0.0,0.0
30,0,1,0,1.25,0.0,-1.25
30,1,2,0,2.5,0.0,-2.5
30,2,0,0,0.0,0.0,0.0
30,3,0,0,0.0,0.0,0.0
30,4,0,0,0.0,0.0,0.0
30,5,2,0,2.5,0.0,-2.5
30,6,2,2,2.5,2.5,0.0
30,7,1,1,1.25,1.25,0.0
30,8,1,0,1.25,0.0,-1.25
30,9,1,1,1.25,1.25,0.0
30,10,1,1,1.25,1.25,0.0
30,11,2,0,2.5,0.0,-2.5
30,12,0,0,0.0,0.0,0.0
30,13,0,0,0.0,0.0,0.0
30,14,2,0,2.5,0.0,-2.5
30,15,0,0,0.0,0.0,0.0
30,16,1,5,1.25,6.25,5.0
30,17,0,0,0.0,0.0,0.0
30,18,1,3,1.25,3.75,2.5
30,19,1,1,1.25,1.25,0.0
30,20,2,3,2.5,3.75,1.25
30,21,3,2,3.75,2.5,-1.25
30,22,0,2,0.0,2.5,2.5
30,23,1,0,1.25,0.0,-1.25
30,24,4,0,5.0,0.0,-5.0
30,25,1,1,1.25,1.25,0.0
30,26,2,3,2.5,3.75,1.25
30,27,0,0,0.0,0.0,0.0
30,28,1,1,1.25,1.25,0.0
30,29,0,1,0.0,1.25,1.25
30,30,2,2,2.5,2.5,0.0
30,31,0,2,0.0,2.5,2.5
30,32,2,1,2.5,1.25,-1.25
30,33,5,0,6.25,0.0,-6.25
30,34,0,1,0.0,1.25,1.25
30,35,0,0,0.0,0.0,0.0
30,36,1,0,1.25,0.0,-1.25
30,37,2,0,2.5,0.0,-2.5
30,38,0,0,0.0,0.0,0.0
30,39,0,2,0.0,2.5,2.5
30,40,1,4,1.25,5.0,3.75
30,41,2,0,2.5,0.0,-2.5
30,42,6,1,7.5,1.25,-6.25
30,43,2,1,2.5,1.25,-1.25
30,44,1,0,1.25,0.0,-1.25
30,45,3,1,3.75,1.25,-2.5
30,46,0,4,0.0,5.0,5.0
30,47,2,2,2.5,2.5,0.0
30,48,2,1,2.5,1.25,-1.25
30,49,1,0,1.25,0.0,-1.25
30,50,3,3,3.75,3.75,0.0
30,51,1,0,1.25,0.0,-1.25
30,52,0,2,0.0,2.5,2.5
30,53,1,4,1.25,5.0,3.75
30,54,0,3,0.0,3.75,3.75
30,55,1,1,1.25,1.25,0.0
30,56,2,1,2.5,1.25,-1.25
30,57,1,1,1.25,1.25,0.0
30,58,2,1,2.5,1.25,-1.25
30,59,2,1,2.5,1.25,-1.25
30,60,1,0,1.25,0.0,-1.25
30,61,0,1,0.0,1.25,1.25
30,62,0,0,0.0,0.0,0.0
30,63,1,0,1.25,0.0,-1.25
30,64,0,1,0.0,1.25,1.25
30,65,0,3,0.0,3.75,3.75
30,66,2,1,2.5,1.25,-1.25
30,67,3,0,3.75,0.0,-3.75
30,68,0,0,0.0,0.0,0.0
30,69,2,0,2.5,0.0,-2.5
30,70,0,0,0.0,0.0,0.0
30,71,1,0,1.25,0.0,-1.25
30,72,0,1,0.0,1.25,1.25
30,73,0,3,0.0,3.75,3.75
30,74,2,2,2.5,2.5,0.0
30,75,0,2,0.0,2.5,2.5
30,76,0,0,0.0,0.0,0.0
30,77,0,2,0.0,2.5,2.5
30,78,0,3,0.0,3.75,3.75
30,79,0,3,0.0,3.75,3.75
30,80,0,2,0.0,2.5,2.5
30,81,2,0,2.5,0.0,-2.5
30,82,2,0,2.5,0.0,-2.5
30,83,0,0,0.0,0.0,0.0
30,84,0,3,0.0,3.75,3.75
30,85,2,1,2.5,1.25,-1.25
30,86,0,1,0.0,1.25,1.25
30,87,0,1,0.0,1.25,1.25
30,88,0,0,0.0,0.0,0.0
30,89,1,2,1.25,2.5,1.25
30,90,1,0,1.25,0.0,-1.25
30,91,2,1,2.5,1.25,-1.25
30,92,1,1,1.25,1.25,0.0
30,93,0,2,0.0,2.5,2.5
30,94,0,0,0.0,0.0,0.0
30,95,1,1,1.25,1.25,0.0
30,96,2,0,2.5,0.0,-2.5
30,97,1,1,1.25,1.25,0.0
30,98,1,3,1.25,3.75,2.5
30,99,2,2,2.5,2.5,0.0
30,100,2,1,2.5,1.25,-1.25
30,101,2,1,2.5,1.25,-1.25
30,102,0,4,0.0,5.0,5.0
30,103,1,2,1.25,2.5,1.25
30,104,0,0,0.0,0.0,0.0
30,105,1,0,1.25,0.0,-1.25
30,106,1,2,1.25,2.5,1.25
30,107,1,0,1.25,0.0,-1.25
30,108,2,0,2.5,0.0,-2.5
30,109,0,1,0.0,1.25,1.25
30,110,3,2,3.75,2.5,-1.25
30,111,2,0,2.5,0.0,-2.5
30,112,3,0,3.75,0.0,-3.75
30,113,0,2,0.0,2.5,2.5
30,114,1,0,1.25,0.0,-1.25
30,115,1,0,1.25,0.0,-1.25
30,116,1,0,1.25,0.0,-1.25
30,117,3,1,3.75,1.25,-2.5
30,118,0,1,0.0,1.25,1.25
30,119,1,1,1.25,1.25,0.0
30,120,0,0,0.0,0.0,0.0
30,121,0,0,0.0,0.0,0.0
30,122,1,0,1.25,0.0,-1.25
30,123,0,1,0.0,1.25,1.25
30,124,0,0,0.0,0.0,0.0
30,125,2,0,2.5,0.0,-2.5
30,126,1,0,1.25,0.0,-1.25
30,127,1,0,1.25,0.0,-1.25
30,128,0,0,0.0,0.0,0.0
30,129,1,0,1.25,0.0,-1.25
30,130,1,0,1.25,0.0,-1.25
30,131,0,1,0.0,1.25,1.25
30,132,1,0,1.25,0.0,-1.25
30,133,0,0,0.0,0.0,0.0
30,134,0,0,0.0,0.0,0.0
31,0,0,1,0.0,1.25,1.25
31,1,1,0,1.25,0.0,-1.25
31,2,0,0,0.0,0.0,0.0
31,3,0,0,0.0,0.0,0.0
31,4,0,0,0.0,0.0,0.0
31,5,0,0,0.0,0.0,0.0
31,6,0,0,0.0,0.0,0.0
31,7,0,1,0.0,1.25,1.25
31,8,0,0,0.0,0.0,0.0
31,9,0,0,0.0,0.0,0.0
31,10,0,1,0.0,1.25,1.25
31,11,0,1,0.0,1.25,1.25
31,12,0,0,0.0,0.0,0.0
31,13,0,0,0.0,0.0,0.0
31,14,0,1,0.0,1.25,1.25
31,15,0,2,0.0,2.5,2.5
31,16,0,1,0.0,1.25,1.25
31,17,1,0,1.25,0.0,-1.25
31,18,2,1,2.5,1.25,-1.25
31,19,0,1,0.0,1.25,1.25
31,20,1,0,1.25,0.0,-1.25
31,21,0,1,0.0,1.25,1.25
31,22,2,1,2.5,1.25,-1.25
31,23,1,0,1.25,0.0,-1.25
31,24,1,0,1.25,0.0,-1.25
31,25,0,1,0.0,1.25,1.25
31,26,0,0,0.0,0.0,0.0
31,27,1,2,1.25,2.5,1.25
31,28,0,1,0.0,1.25,1.25
31,29,1,0,1.25,0.0,-1.25
31,30,0,0,0.0,0.0,0.0
31,31,1,1,1.25,1.25,0.0
31,32,2,2,2.5,2.5,0.0
31,33,0,1,0.0,1.25,1.25
31,34,1,2,1.25,2.5,1.25
31,35,2,1,2.5,1.25,-1.25
31,36,1,1,1.25,1.25,0.0
31,37,1,1,1.25,1.25,0.0
31,38,0,4,0.0,5.0,5.0
31,39,1,0,1.25,0.0,-1.25
31,40,0,0,0.0,0.0,0.0
31,41,2,1,2.5,1.25,-1.25
31,42,1,0,1.25,0.0,-1.25
31,43,0,1,0.0,1.25,1.25
31,44,0,1,0.0,1.25,1.25
31,45,2,2,2.5,2.5,0.0
31,46,1,1,1.25,1.25,0.0
31,47,1,2,1.25,2.5,1.25
31,48,0,0,0.0,0.0,0.0
31,49,1,4,1.25,5.0,3.75
31,50,2,1,2.5,1.25,-1.25
31,51,2,0,2.5,0.0,-2.5
31,52,0,2,0.0,2.5,2.5
31,53,0,1,0.0,1.25,1.25
31,54,1,1,1.25,1.25,0.0
31,55,2,1,2.5,1.25,-1.25
31,56,0,2,0.0,2.5,2.5
31,57,1,2,1.25,2.5,1.25
31,58,1,0,1.25,0.0,-1.25
31,59,1,1,1.25,1.25,0.0
31,60,0,0,0.0,0.0,0.0
31,61,1,1,1.25,1.25,0.0
31,62,1,3,1.25,3.75,2.5
31,63,0,0,0.0,0.0,0.0
31,64,0,0,0.0,0.0,0.0
31,65,1,3,1.25,3.75,2.5
31,66,1,0,1.25,0.0,-1.25
31,67,0,0,0.0,0.0,0.0
31,68,1,0,1.25,0.0,-1.25
31,69,0,2,0.0,2.5,2.5
31,70,2,1,2.5,1.25,-1.25
31,71,1,2,1.25,2.5,1.25
31,72,0,1,0.0,1.25,1.25
31,73,0,2,0.0,2.5,2.5
31,74,1,0,1.25,0.0,-1.25
31,75,1,1,1.25,1.25,0.0
31,76,1,2,1.25,2.5,1.25
31,77,0,0,0.0,0.0,0.0
31,78,1,1,1.25,1.25,0.0
31,79,2,2,2.5,2.5,0.0
31,80,0,3,0.0,3.75,3.75
31,81,3,2,3.75,2.5,-1.25
31,82,1,0,1.25,0.0,-1.25
31,83,0,0,0.0,0.0,0.0
31,84,0,0,0.0,0.0,0.0
31,85,0,0,0.0,0.0,0.0
31,86,1,1,1.25,1.25,0.0
31,87,0,2,0.0,2.5,2.5
31,88,0,0,0.0,0.0,0.0
31,89,0,0,0.0,0.0,0.0
31,90,0,1,0.0,1.25,1.25
31,91,2,2,2.5,2.5,0.0
31,92,1,1,1.25,1.25,0.0
31,93,0,1,0.0,1.25,1.25
31,94,0,1,0.0,1.25,1.25
31,95,0,1,0.0,1.25,1.25
31,96,0,1,0.0,1.25,1.25
31,97,1,2,1.25,2.5,1.25
31,98,1,1,1.25,1.25,0.0
31,99,0,3,0.0,3.75,3.75
31,100,0,0,0.0,0.0,0.0
31,101,1,1,1.25,1.25,0.0
31,102,0,0,0.0,0.0,0.0
31,103,1,2,1.25,2.5,1.25
31,104,1,0,1.25,0.0,-1.25
31,105,1,1,1.25,1.25,0.0
31,106,0,0,0.0,0.0,0.0
31,107,0,0,0.0,0.0,0.0
31,108,1,1,1.25,1.25,0.0
31,109,3,0,3.75,0.0,-3.75
31,110,0,2,0.0,2.5,2.5
31,111,1,1,1.25,1.25,0.0
31,112,2,2,2.5,2.5,0.0
31,113,2,2,2.5,2.5,0.0
31,114,0,1,0.0,1.25,1.25
31,115,0,2,0.0,2.5,2.5
31,116,2,0,2.5,0.0,-2.5
31,117,0,1,0.0,1.25,1.25
31,118,1,0,1.25,0.0,-1.25
31,119,1,0,1.25,0.0,-1.25
31,120,1,0,1.25,0.0,-1.25
31,121,0,0,0.0,0.0,0.0
31,122,2,1,2.5,1.25,-1.25
31,123,1,0,1.25,0.0,-1.25
31,124,2,2,2.5,2.5,0.0
31,125,0,0,0.0,0.0,0.0
31,126,2,1,2.5,1.25,-1.25
31,127,1,3,1.25,3.75,2.5
31,128,4,2,5.0,2.5,-2.5
31,129,1,0,1.25,0.0,-1.25
31,130,0,1,0.0,1.25,1.25
31,131,1,1,1.25,1.25,0.0
31,132,1,1,1.25,1.25,0.0
31,133,0,2,0.0,2.5,2.5
31,134,2,1,2.5,1.25,-1.25
32,0,1,3,1.25,3.75,2.5
32,1,0,2,0.0,2.5,2.5
32,2,0,2,0.0,2.5,2.5
32,3,1,1,1.25,1.25,0.0
32,4,0,0,0.0,0.0,0.0
32,5,2,1,2.5,1.25,-1.25
32,6,2,0,2.5,0.0,-2.5
32,7,2,5,2.5,6.25,3.75
32,8,1,1,1.25,1.25,0.0
32,9,0,4,0.0,5.0,5.0
32,10,0,3,0.0,3.75,3.75
32,11,2,4,2.5,5.0,2.5
32,12,0,1,0.0,1.25,1.25
32,13,3,1,3.75,1.25,-2.5
32,14,3,3,3.75,3.75,0.0
32,15,0,1,0.0,1.25,1.25
32,16,4,3,5.0,3.75,-1.25
32,17,0,3,0.0,3.75,3.75
32,18,1,2,1.25,2.5,1.25
32,19,1,2,1.25,2.5,1.25
32,20,2,3,2.5,3.75,1.25
32,21,1,3,1.25,3.75,2.5
32,22,1,2,1.25,2.5,1.25
32,23,1,2,1.25,2.5,1.25
32,24,0,1,0.0,1.25,1.25
32,25,1,1,1.25,1.25,0.0
32,26,1,2,1.25,2.5,1.25
32,27,3,0,3.75,0.0,-3.75
32,28,4,2,5.0,2.5,-2.5
32,29,3,2,3.75,2.5,-1.25
32,30,2,4,2.5,5.0,2.5
32,31,4,3,5.0,3.75,-1.25
32,32,3,1,3.75,1.25,-2.5
32,33,4,0,5.0,0.0,-5.0
32,34,5,4,6.25,5.0,-1.25
32,35,0,2,0.0,2.5,2.5
32,36,3,3,3.75,3.75,0.0
32,37,1,1,1.25,1.25,0.0
32,38,2,1,2.5,1.25,-1.25
32,39,2,5,2.5,6.25,3.75
32,40,1,2,1.25,2.5,1.25
32,41,3,1,3.75,1.25,-2.5
32,42,2,3,2.5,3.75,1.25
32,43,2,2,2.5,2.5,0.0
32,44,0,2,0.0,2.5,2.5
32,45,1,2,1.25,2.5,1.25
32,46,2,0,2.5,0.0,-2.5
32,47,4,2,5.0,2.5,-2.5
32,48,4,1,5.0,1.25,-3.75
32,49,4,0,5.0,0.0,-5.0
32,50,3,3,3.75,3.75,0.0
32,51,3,1,3.75,1.25,-2.5
32,52,2,3,2.5,3.75,1.25
32,53,3,4,3.75,5.0,1.25
32,54,5,2,6.25,2.5,-3.75
32,55,2,4,2.5,5.0,2.5
32,56,2,0,2.5,0.0,-2.5
32,57,2,2,2.5,2.5,0.0
32,58,4,1,5.0,1.25,-3.75
32,59,0,2,0.0,2.5,2.5
32,60,1,2,1.25,2.5,1.25
32,61,2,1,2.5,1.25,-1.25
32,62,3,3,3.75,3.75,0.0
32,63,0,1,0.0,1.25,1.25
32,64,1,3,1.25,3.75,2.5
32,65,1,2,1.25,2.5,1.25
32,66,2,1,2.5,1.25,-1.25
32,67,2,2,2.5,2.5,0.0
32,68,3,1,3.75,1.25,-2.5
32,69,2,0,2.5,0.0,-2.5
32,70,0,1,0.0,1.25,1.25
32,71,0,2,0.0,2.5,2.5
32,72,2,2,2.5,2.5,0.0
32,73,0,1,0.0,1.25,1.25
32,74,0,0,0.0,0.0,0.0
32,75,1,2,1.25,2.5,1.25
32,76,2,2,2.5,2.5,0.0
32,77,1,2,1.25,2.5,1.25
32,78,1,5,1.25,6.25,5.0
32,79,1,2,1.25,2.5,1.25
32,80,1,1,1.25,1.25,0.0
32,81,1,0,1.25,0.0,-1.25
32,82,2,3,2.5,3.75,1.25
32,83,2,2,2.5,2.5,0.0
32,84,3,2,3.75,2.5,-1.25
32,85,2,1,2.5,1.25,-1.25
32,86,0,4,0.0,5.0,5.0
32,87,1,1,1.25,1.25,0.0
32,88,1,3,1.25,3.75,2.5
32,89,2,1,2.5,1.25,-1.25
32,90,1,1,1.25,1.25,0.0
32,91,0,1,0.0,1.25,1.25
32,92,2,1,2.5,1.25,-1.25
32,93,2,1,2.5,1.25,-1.25
32,94,1,3,1.25,3.75,2.5
32,95,1,1,1.25,1.25,0.0
32,96,1,1,1.25,1.25,0.0
32,97,2,2,2.5,2.5,0.0
32,98,2,2,2.5,2.5,0.0
32,99,2,2,2.5,2.5,0.0
32,100,0,2,0.0,2.5,2.5
32,101,4,4,5.0,5.0,0.0
32,102,1,0,1.25,0.0,-1.25
32,103,3,4,3.75,5.0,1.25
32,104,3,2,3.75,2.5,-1.25
32,105,2,1,2.5,1.25,-1.25
32,106,2,1,2.5,1.25,-1.25
32,107,2,2,2.5,2.5,0.0
32,108,1,0,1.25,0.0,-1.25
32,109,1,2,1.25,2.5,1.25
32,110,1,3,1.25,3.75,2.5
32,111,1,1,1.25,1.25,0.0
32,112,3,1,3.75,1.25,-2.5
32,113,0,4,0.0,5.0,5.0
32,114,2,2,2.5,2.5,0.0
32,115,1,1,1.25,1.25,0.0
32,116,1,1,1.25,1.25,0.0
32,117,2,2,2.5,2.5,0.0
32,118,2,2,2.5,2.5,0.0
32,119,0,2,0.0,2.5,2.5
32,120,1,1,1.25,1.25,0.0
32,121,1,2,1.25,2.5,1.25
32,122,2,2,2.5,2.5,0.0
32,123,1,4,1.25,5.0,3.75
32,124,3,0,3.75,0.0,-3.75
32,125,2,1,2.5,1.25,-1.25
32,126,3,2,3.75,2.5,-1.25
32,127,2,0,2.5,0.0,-2.5
32,128,0,2,0.0,2.5,2.5
32,129,1,2,1.25,2.5,1.25
32,130,1,2,1.25,2.5,1.25
32,131,0,3,0.0,3.75,3.75
32,132,2,1,2.5,1.25,-1.25
32,133,1,1,1.25,1.25,0.0
32,134,0,1,0.0,1.25,1.25
33,0,1,0,1.25,0.0,-1.25
33,1,0,0,0.0,0.0,0.0
33,2,0,0,0.0,0.0,0.0
33,3,1,1,1.25,1.25,0.0
33,4,0,0,0.0,0.0,0.0
33,5,2,1,2.5,1.25,-1.25
33,6,2,0,2.5,0.0,-2.5
33,7,1,3,1.25,3.75,2.5
33,8,1,1,1.25,1.25,0.0
33,9,0,5,0.0,6.25,6.25
33,10,0,1,0.0,1.25,1.25
33,11,2,2,2.5,2.5,0.0
33,12,1,1,1.25,1.25,0.0
33,13,0,0,0.0,0.0,0.0
33,14,1,1,1.25,1.25,0.0
33,15,1,0,1.25,0.0,-1.25
33,16,0,2,0.0,2.5,2.5
33,17,0,1,0.0,1.25,1.25
33,18,1,2,1.25,2.5,1.25
33,19,0,2,0.0,2.5,2.5
33,20,1,2,1.25,2.5,1.25
33,21,0,2,0.0,2.5,2.5
33,22,0,1,0.0,1.25,1.25
33,23,0,3,0.0,3.75,3.75
33,24,1,1,1.25,1.25,0.0
33,25,0,1,0.0,1.25,1.25
33,26,0,0,0.0,0.0,0.0
33,27,1,1,1.25,1.25,0.0
33,28,1,0,1.25,0.0,-1.25
33,29,1,1,1.25,1.25,0.0
33,30,1,1,1.25,1.25,0.0
33,31,2,0,2.5,0.0,-2.5
33,32,1,1,1.25,1.25,0.0
33,33,1,0,1.25,0.0,-1.25
33,34,2,2,2.5,2.5,0.0
33,35,0,1,0.0,1.25,1.25
33,36,0,1,0.0,1.25,1.25
33,37,1,0,1.25,0.0,-1.25
33,38,1,2,1.25,2.5,1.25
33,39,2,3,2.5,3.75,1.25
33,40,0,0,0.0,0.0,0.0
33,41,5,0,6.25,0.0,-6.25
33,42,0,3,0.0,3.75,3.75
33,43,1,0,1.25,0.0,-1.25
33,44,0,1,0.0,1.25,1.25
33,45,0,3,0.0,3.75,3.75
33,46,0,1,0.0,1.25,1.25
33,47,2,2,2.5,2.5,0.0
33,48,2,0,2.5,0.0,-2.5
33,49,2,1,2.5,1.25,-1.25
33,50,2,1,2.5,1.25,-1.25
33,51,1,0,1.25,0.0,-1.25
33,52,1,0,1.25,0.0,-1.25
33,53,1,3,1.25,3.75,2.5
33,54,3,1,3.75,1.25,-2.5
33,55,0,1,0.0,1.25,1.25
33,56,0,1,0.0,1.25,1.25
33,57,0,2,0.0,2.5,2.5
33,58,1,0,1.25,0.0,-1.25
33,59,0,0,0.0,0.0,0.0
33,60,0,1,0.0,1.25,1.25
33,61,0,2,0.0,2.5,2.5
33,62,1,0,1.25,0.0,-1.25
33,63,0,0,0.0,0.0,0.0
33,64,0,0,0.0,0.0,0.0
33,65,2,1,2.5,1.25,-1.25
33,66,1,0,1.25,0.0,-1.25
33,67,0,1,0.0,1.25,1.25
33,68,2,1,2.5,1.25,-1.25
33,69,2,1,2.5,1.25,-1.25
33,70,1,0,1.25,0.0,-1.25
33,71,0,1,0.0,1.25,1.25
33,72,0,2,0.0,2.5,2.5
33,73,0,1,0.0,1.25,1.25
33,74,1,1,1.25,1.25,0.0
33,75,1,1,1.25,1.25,0.0
33,76,4,1,5.0,1.25,-3.75
33,77,0,1,0.0,1.25,1.25
33,78,2,1,2.5,1.25,-1.25
33,79,2,2,2.5,2.5,0.0
33,80,0,1,0.0,1.25,1.25
33,81,2,0,2.5,0.0,-2.5
33,82,3,1,3.75,1.25,-2.5
33,83,3,1,3.75,1.25,-2.5
33,84,1,0,1.25,0.0,-1.25
33,85,2,0,2.5,0.0,-2.5
33,86,0,3,0.0,3.75,3.75
33,87,0,0,0.0,0.0,0.0
33,88,1,2,1.25,2.5,1.25
33,89,1,1,1.25,1.25,0.0
33,90,0,0,0.0,0.0,0.0
33,91,1,1,1.25,1.25,0.0
33,92,2,0,2.5,0.0,-2.5
33,93,3,1,3.75,1.25,-2.5
33,94,1,3,1.25,3.75,2.5
33,95,1,2,1.25,2.5,1.25
33,96,0,2,0.0,2.5,2.5
33,97,2,1,2.5,1.25,-1.25
33,98,0,0,0.0,0.0,0.0
33,99,2,1,2.5,1.25,-1.25
33,100,1,3,1.25,3.75,2.5
33,101,0,3,0.0,3.75,3.75
33,102,0,1,0.0,1.25,1.25
33,103,2,1,2.5,1.25,-1.25
33,104,1,3,1.25,3.75,2.5
33,105,0,2,0.0,2.5,2.5
33,106,1,0,1.25,0.0,-1.25
33,107,1,2,1.25,2.5,1.25
33,108,1,0,1.25,0.0,-1.25
33,109,2,0,2.5,0.0,-2.5
33,110,2,3,2.5,3.75,1.25
33,111,0,1,0.0,1.25,1.25
33,112,0,0,0.0,0.0,0.0
33,113,0,1,0.0,1.25,1.25
33,114,1,1,1.25,1.25,0.0
33,115,2,0,2.5,0.0,-2.5
33,116,0,1,0.0,1.25,1.25
33,117,0,1,0.0,1.25,1.25
33,118,0,2,0.0,2.5,2.5
33,119,0,1,0.0,1.25,1.25
33,120,2,0,2.5,0.0,-2.5
33,121,0,1,0.0,1.25,1.25
33,122,1,1,1.25,1.25,0.0
33,123,0,2,0.0,2.5,2.5
33,124,1,1,1.25,1.25,0.0
33,125,0,0,0.0,0.0,0.0
33,126,2,2,2.5,2.5,0.0
33,127,2,1,2.5,1.25,-1.25
33,128,0,1,0.0,1.25,1.25
33,129,1,0,1.25,0.0,-1.25
33,130,0,1,0.0,1.25,1.25
33,131,0,0,0.0,0.0,0.0
33,132,0,0,0.0,0.0,0.0
33,133,1,0,1.25,0.0,-1.25
33,134,0,0,0.0,0.0,0.0
34,0,0,0,0.0,0.0,0.0
34,1,2,1,2.5,1.25,-1.25
34,2,1,1,1.25,1.25,0.0
34,3,3,2,3.75,2.5,-1.25
34,4,0,2,0.0,2.5,2.5
34,5,0,1,0.0,1.25,1.25
34,6,1,1,1.25,1.25,0.0
34,7,1,0,1.25,0.0,-1.25
34,8,0,1,0.0,1.25,1.25
34,9,0,2,0.0,2.5,2.5
34,10,0,1,0.0,1.25,1.25
34,11,0,2,0.0,2.5,2.5
34,12,2,3,2.5,3.75,1.25
34,13,1,1,1.25,1.25,0.0
34,14,1,1,1.25,1.25,0.0
34,15,0,4,0.0,5.0,5.0
34,16,1,1,1.25,1.25,0.0
34,17,4,1,5.0,1.25,-3.75
34,18,1,2,1.25,2.5,1.25
34,19,2,1,2.5,1.25,-1.25
34,20,0,3,0.0,3.75,3.75
34,21,1,0,1.25,0.0,-1.25
34,22,0,1,0.0,1.25,1.25
34,23,1,0,1.25,0.0,-1.25
34,24,2,0,2.5,0.0,-2.5
34,25,0,1,0.0,1.25,1.25
34,26,0,0,0.0,0.0,0.0
34,27,0,1,0.0,1.25,1.25
34,28,1,3,1.25,3.75,2.5
34,29,0,2,0.0,2.5,2.5
34,30,3,3,3.75,3.75,0.0
34,31,0,0,0.0,0.0,0.0
34,32,1,5,1.25,6.25,5.0
34,33,3,1,3.75,1.25,-2.5
34,34,0,3,0.0,3.75,3.75
34,35,3,2,3.75,2.5,-1.25
34,36,2,1,2.5,1.25,-1.25
34,37,0,2,0.0,2.5,2.5
34,38,4,2,5.0,2.5,-2.5
34,39,2,2,2.5,2.5,0.0
34,40,2,2,2.5,2.5,0.0
34,41,5,3,6.25,3.75,-2.5
34,42,0,1,0.0,1.25,1.25
34,43,0,1,0.0,1.25,1.25
34,44,4,0,5.0,0.0,-5.0
34,45,4,0,5.0,0.0,-5.0
34,46,3,2,3.75,2.5,-1.25
34,47,3,1,3.75,1.25,-2.5
34,48,0,2,0.0,2.5,2.5
34,49,0,1,0.0,1.25,1.25
34,50,2,4,2.5,5.0,2.5
34,51,3,1,3.75,1.25,-2.5
34,52,1,0,1.25,0.0,-1.25
34,53,0,4,0.0,5.0,5.0
34,54,4,0,5.0,0.0,-5.0
34,55,2,3,2.5,3.75,1.25
34,56,2,3,2.5,3.75,1.25
34,57,2,2,2.5,2.5,0.0
34,58,2,0,2.5,0.0,-2.5
34,59,1,2,1.25,2.5,1.25
34,60,0,1,0.0,1.25,1.25
34,61,2,3,2.5,3.75,1.25
34,62,2,1,2.5,1.25,-1.25
34,63,1,0,1.25,0.0,-1.25
34,64,1,0,1.25,0.0,-1.25
34,65,3,2,3.75,2.5,-1.25
34,66,4,4,5.0,5.0,0.0
34,67,2,2,2.5,2.5,0.0
34,68,3,4,3.75,5.0,1.25
34,69,3,2,3.75,2.5,-1.25
34,70,3,2,3.75,2.5,-1.25
34,71,1,3,1.25,3.75,2.5
34,72,1,3,1.25,3.75,2.5
34,73,1,2,1.25,2.5,1.25
34,74,1,1,1.25,1.25,0.0
34,75,2,2,2.5,2.5,0.0
34,76,2,3,2.5,3.75,1.25
34,77,0,1,0.0,1.25,1.25
34,78,2,2,2.5,2.5,0.0
34,79,4,1,5.0,1.25,-3.75
34,80,2,2,2.5,2.5,0.0
34,81,2,0,2.5,0.0,-2.5
34,82,2,1,2.5,1.25,-1.25
34,83,0,0,0.0,0.0,0.0
34,84,1,0,1.25,0.0,-1.25
34,85,0,2,0.0,2.5,2.5
34,86,0,2,0.0,2.5,2.5
34,87,0,1,0.0,1.25,1.25
34,88,0,3,0.0,3.75,3.75
34,89,0,2,0.0,2.5,2.5
34,90,2,2,2.5,2.5,0.0
34,91,3,3,3.75,3.75,0.0
34,92,2,1,2.5,1.25,-1.25
34,93,1,1,1.25,1.25,0.0
34,94,0,0,0.0,0.0,0.0
34,95,1,1,1.25,1.25,0.0
34,96,6,0,7.5,0.0,-7.5
34,97,4,1,5.0,1.25,-3.75
34,98,1,0,1.25,0.0,-1.25
34,99,0,1,0.0,1.25,1.25
34,100,0,0,0.0,0.0,0.0
34,101,0,1,0.0,1.25,1.25
34,102,2,3,2.5,3.75,1.25
34,103,1,4,1.25,5.0,3.75
34,104,2,2,2.5,2.5,0.0
34,105,3,2,3.75,2.5,-1.25
34,106,3,1,3.75,1.25,-2.5
34,107,2,2,2.5,2.5,0.0
34,108,1,2,1.25,2.5,1.25
34,109,5,1,6.25,1.25,-5.0
34,110,1,2,1.25,2.5,1.25
34,111,1,1,1.25,1.25,0.0
34,112,0,1,0.0,1.25,1.25
34,113,0,4,0.0,5.0,5.0
34,114,1,1,1.25,1.25,0.0
34,115,2,1,2.5,1.25,-1.25
34,116,1,3,1.25,3.75,2.5
34,117,4,2,5.0,2.5,-2.5
34,118,2,2,2.5,2.5,0.0
34,119,4,1,5.0,1.25,-3.75
34,120,3,0,3.75,0.0,-3.75
34,121,1,4,1.25,5.0,3.75
34,122,3,1,3.75,1.25,-2.5
34,123,2,3,2.5,3.75,1.25
34,124,6,0,7.5,0.0,-7.5
34,125,3,5,3.75,6.25,2.5
34,126,2,2,2.5,2.5,0.0
34,127,0,3,0.0,3.75,3.75
34,128,0,4,0.0,5.0,5.0
34,129,3,1,3.75,1.25,-2.5
34,130,0,3,0.0,3.75,3.75
34,131,2,2,2.5,2.5,0.0
34,132,0,2,0.0,2.5,2.5
34,133,3,3,3.75,3.75,0.0
34,134,0,1,0.0,1.25,1.25
35,0,3,4,3.75,5.0,1.25
35,1,7,6,8.75,7.5,-1.25
35,2,6,7,7.5,8.75,1.25
35,3,8,10,10.0,12.5,2.5
35,4,1,7,1.25,8.75,7.5
35,5,5,10,6.25,12.5,6.25
35,6,2,2,2.5,2.5,0.0
35,7,2,0,2.5,0.0,-2.5
35,8,2,0,2.5,0.0,-2.5
35,9,7,4,8.75,5.0,-3.75
35,10,1,4,1.25,5.0,3.75
35,11,5,8,6.25,10.0,3.75
35,12,5,3,6.25,3.75,-2.5
35,13,4,6,5.0,7.5,2.5
35,14,2,3,2.5,3.75,1.25
35,15,9,5,11.25,6.25,-5.0
35,16,2,5,2.5,6.25,3.75
35,17,6,11,7.5,13.75,6.25
35,18,5,8,6.25,10.0,3.75
35,19,3,3,3.75,3.75,0.0
35,20,0,2,0.0,2.5,2.5
35,21,0,0,0.0,0.0,0.0
35,22,0,0,0.0,0.0,0.0
35,23,1,0,1.25,0.0,-1.25
35,24,0,1,0.0,1.25,1.25
35,25,1,2,1.25,2.5,1.25
35,26,0,2,0.0,2.5,2.5
35,27,2,2,2.5,2.5,0.0
35,28,0,6,0.0,7.5,7.5
35,29,3,5,3.75,6.25,2.5
35,30,3,6,3.75,7.5,3.75
35,31,5,1,6.25,1.25,-5.0
35,32,6,5,7.5,6.25,-1.25
35,33,1,2,1.25,2.5,1.25
35,34,3,3,3.75,3.75,0.0
35,35,0,1,0.0,1.25,1.25
35,36,2,4,2.5,5.0,2.5
35,37,1,1,1.25,1.25,0.0
35,38,6,1,7.5,1.25,-6.25
35,39,4,6,5.0,7.5,2.5
35,40,4,4,5.0,5.0,0.0
35,41,4,2,5.0,2.5,-2.5
35,42,3,5,3.75,6.25,2.5
35,43,2,4,2.5,5.0,2.5
35,44,5,3,6.25,3.75,-2.5
35,45,2,5,2.5,6.25,3.75
35,46,4,5,5.0,6.25,1.25
35,47,5,7,6.25,8.75,2.5
35,48,3,3,3.75,3.75,0.0
35,49,4,0,5.0,0.0,-5.0
35,50,5,1,6.25,1.25,-5.0
35,51,5,11,6.25,13.75,7.5
35,52,4,0,5.0,0.0,-5.0
35,53,3,5,3.75,6.25,2.5
35,54,4,1,5.0,1.25,-3.75
35,55,4,6,5.0,7.5,2.5
35,56,1,6,1.25,7.5,6.25
35,57,1,5,1.25,6.25,5.0
35,58,7,4,8.75,5.0,-3.75
35,59,7,4,8.75,5.0,-3.75
35,60,3,5,3.75,6.25,2.5
35,61,0,5,0.0,6.25,6.25
35,62,5,6,6.25,7.5,1.25
35,63,3,5,3.75,6.25,2.5
35,64,8,2,10.0,2.5,-7.5
35,65,1,4,1.25,5.0,3.75
35,66,2,5,2.5,6.25,3.75
35,67,3,6,3.75,7.5,3.75
35,68,7,2,8.75,2.5,-6.25
35,69,7,4,8.75,5.0,-3.75
35,70,6,1,7.5,1.25,-6.25
35,71,8,4,10.0,5.0,-5.0
35,72,6,3,7.5,3.75,-3.75
35,73,4,3,5.0,3.75,-1.25
35,74,2,0,2.5,0.0,-2.5
35,75,1,3,1.25,3.75,2.5
35,76,4,1,5.0,1.25,-3.75
35,77,4,7,5.0,8.75,3.75
35,78,2,0,2.5,0.0,-2.5
35,79,9,4,11.25,5.0,-6.25
35,80,1,4,1.25,5.0,3.75
35,81,2,2,2.5,2.5,0.0
35,82,3,3,3.75,3.75,0.0
35,83,2,2,2.5,2.5,0.0
35,84,3,5,3.75,6.25,2.5
35,85,1,2,1.25,2.5,1.25
35,86,3,3,3.75,3.75,0.0
35,87,1,7,1.25,8.75,7.5
35,88,4,2,5.0,2.5,-2.5
35,89,2,2,2.5,2.5,0.0
35,90,5,4,6.25,5.0,-1.25
35,91,2,2,2.5,2.5,0.0
35,92,2,4,2.5,5.0,2.5
35,93,0,2,0.0,2.5,2.5
35,94,4,7,5.0,8.75,3.75
35,95,6,3,7.5,3.75,-3.75
35,96,2,9,2.5,11.25,8.75
35,97,3,4,3.75,5.0,1.25
35,98,4,4,5.0,5.0,0.0
35,99,3,2,3.75,2.5,-1.25
35,100,2,4,2.5,5.0,2.5
35,101,3,2,3.75,2.5,-1.25
35,102,4,7,5.0,8.75,3.75
35,103,3,5,3.75,6.25,2.5
35,104,4,5,5.0,6.25,1.25
35,105,1,7,1.25,8.75,7.5
35,106,6,6,7.5,7.5,0.0
35,107,4,12,5.0,15.0,10.0
35,108,5,5,6.25,6.25,0.0
35,109,7,2,8.75,2.5,-6.25
35,110,3,3,3.75,3.75,0.0
35,111,3,4,3.75,5.0,1.25
35,112,2,1,2.5,1.25,-1.25
35,113,1,2,1.25,2.5,1.25
35,114,0,3,0.0,3.75,3.75
35,115,2,5,2.5,6.25,3.75
35,116,3,9,3.75,11.25,7.5
35,117,6,4,7.5,5.0,-2.5
35,118,8,9,10.0,11.25,1.25
35,119,5,2,6.25,2.5,-3.75
35,120,5,3,6.25,3.75,-2.5
35,121,5,7,6.25,8.75,2.5
35,122,3,4,3.75,5.0,1.25
35,123,4,2,5.0,2.5,-2.5
35,124,3,0,3.75,0.0,-3.75
35,125,1,5,1.25,6.25,5.0
35,126,6,4,7.5,5.0,-2.5
35,127,4,9,5.0,11.25,6.25
35,128,3,5,3.75,6.25,2.5
35,129,2,7,2.5,8.75,6.25
35,130,1,5,1.25,6.25,5.0
35,131,5,5,6.25,6.25,0.0
35,132,8,3,10.0,3.75,-6.25
35,133,2,4,2.5,5.0,2.5
35,134,1,3,1.25,3.75,2.5
36,0,1,2,1.25,2.5,1.25
36,1,1,2,1.25,2.5,1.25
36,2,3,2,3.75,2.5,-1.25
36,3,3,0,3.75,0.0,-3.75
36,4,1,2,1.25,2.5,1.25
36,5,3,0,3.75,0.0,-3.75
36,6,3,3,3.75,3.75,0.0
36,7,4,0,5.0,0.0,-5.0
36,8,0,1,0.0,1.25,1.25
36,9,0,1,0.0,1.25,1.25
36,10,1,1,1.25,1.25,0.0
36,11,2,1,2.5,1.25,-1.25
36,12,2,0,2.5,0.0,-2.5
36,13,2,3,2.5,3.75,1.25
36,14,1,1,1.25,1.25,0.0
36,15,1,1,1.25,1.25,0.0
36,16,1,2,1.25,2.5,1.25
36,17,1,0,1.25,0.0,-1.25
36,18,3,3,3.75,3.75,0.0
36,19,1,0,1.25,0.0,-1.25
36,20,2,1,2.5,1.25,-1.25
36,21,1,0,1.25,0.0,-1.25
36,22,1,1,1.25,1.25,0.0
36,23,0,0,0.0,0.0,0.0
36,24,0,1,0.0,1.25,1.25
36,25,1,0,1.25,0.0,-1.25
36,26,0,1,0.0,1.25,1.25
36,27,1,0,1.25,0.0,-1.25
36,28,0,0,0.0,0.0,0.0
36,29,1,3,1.25,3.75,2.5
36,30,1,0,1.25,0.0,-1.25
36,31,2,3,2.5,3.75,1.25
36,32,1,2,1.25,2.5,1.25
36,33,2,0,2.5,0.0,-2.5
36,34,1,0,1.25,0.0,-1.25
36,35,0,0,0.0,0.0,0.0
36,36,0,2,0.0,2.5,2.5
36,37,2,1,2.5,1.25,-1.25
36,38,0,3,0.0,3.75,3.75
36,39,1,3,1.25,3.75,2.5
36,40,1,3,1.25,3.75,2.5
36,41,0,2,0.0,2.5,2.5
36,42,1,2,1.25,2.5,1.25
36,43,1,1,1.25,1.25,0.0
36,44,1,3,1.25,3.75,2.5
36,45,0,0,0.0,0.0,0.0
36,46,0,0,0.0,0.0,0.0
36,47,3,1,3.75,1.25,-2.5
36,48,2,2,2.5,2.5,0.0
36,49,2,1,2.5,1.25,-1.25
36,50,2,1,2.5,1.25,-1.25
36,51,2,3,2.5,3.75,1.25
36,52,3,0,3.75,0.0,-3.75
36,53,3,2,3.75,2.5,-1.25
36,54,1,1,1.25,1.25,0.0
36,55,1,1,1.25,1.25,0.0
36,56,1,3,1.25,3.75,2.5
36,57,3,1,3.75,1.25,-2.5
36,58,2,4,2.5,5.0,2.5
36,59,3,2,3.75,2.5,-1.25
36,60,0,2,0.0,2.5,2.5
36,61,0,2,0.0,2.5,2.5
36,62,0,3,0.0,3.75,3.75
36,63,1,5,1.25,6.25,5.0
36,64,1,0,1.25,0.0,-1.25
36,65,1,1,1.25,1.25,0.0
36,66,1,0,1.25,0.0,-1.25
36,67,1,0,1.25,0.0,-1.25
36,68,2,1,2.5,1.25,-1.25
36,69,3,1,3.75,1.25,-2.5
36,70,6,3,7.5,3.75,-3.75
36,71,1,1,1.25,1.25,0.0
36,72,2,1,2.5,1.25,-1.25
36,73,1,2,1.25,2.5,1.25
36,74,0,1,0.0,1.25,1.25
36,75,2,2,2.5,2.5,0.0
36,76,3,1,3.75,1.25,-2.5
36,77,1,3,1.25,3.75,2.5
36,78,2,1,2.5,1.25,-1.25
36,79,2,1,2.5,1.25,-1.25
36,80,1,2,1.25,2.5,1.25
36,81,2,0,2.5,0.0,-2.5
36,82,1,1,1.25,1.25,0.0
36,83,3,1,3.75,1.25,-2.5
36,84,1,0,1.25,0.0,-1.25
36,85,1,3,1.25,3.75,2.5
36,86,1,2,1.25,2.5,1.25
36,87,0,3,0.0,3.75,3.75
36,88,0,1,0.0,1.25,1.25
36,89,0,3,0.0,3.75,3.75
36,90,2,2,2.5,2.5,0.0
36,91,1,2,1.25,2.5,1.25
36,92,0,0,0.0,0.0,0.0
36,93,2,1,2.5,1.25,-1.25
36,94,0,1,0.0,1.25,1.25
36,95,1,3,1.25,3.75,2.5
36,96,0,1,0.0,1.25,1.25
36,97,0,1,0.0,1.25,1.25
36,98,1,0,1.25,0.0,-1.25
36,99,1,2,1.25,2.5,1.25
36,100,1,0,1.25,0.0,-1.25
36,101,1,0,1.25,0.0,-1.25
36,102,0,1,0.0,1.25,1.25
36,103,2,2,2.5,2.5,0.0
36,104,5,2,6.25,2.5,-3.75
36,105,1,1,1.25,1.25,0.0
36,106,1,0,1.25,0.0,-1.25
36,107,2,1,2.5,1.25,-1.25
36,108,1,1,1.25,1.25,0.0
36,109,0,1,0.0,1.25,1.25
36,110,1,2,1.25,2.5,1.25
36,111,0,3,0.0,3.75,3.75
36,112,4,1,5.0,1.25,-3.75
36,113,1,0,1.25,0.0,-1.25
36,114,2,1,2.5,1.25,-1.25
36,115,2,1,2.5,1.25,-1.25
36,116,1,1,1.25,1.25,0.0
36,117,1,1,1.25,1.25,0.0
36,118,2,1,2.5,1.25,-1.25
36,119,1,0,1.25,0.0,-1.25
36,120,2,2,2.5,2.5,0.0
36,121,1,0,1.25,0.0,-1.25
36,122,1,0,1.25,0.0,-1.25
36,123,1,0,1.25,0.0,-1.25
36,124,1,1,1.25,1.25,0.0
36,125,1,1,1.25,1.25,0.0
36,126,1,3,1.25,3.75,2.5
36,127,1,2,1.25,2.5,1.25
36,128,3,2,3.75,2.5,-1.25
36,129,2,2,2.5,2.5,0.0
36,130,2,2,2.5,2.5,0.0
36,131,1,1,1.25,1.25,0.0
36,132,0,0,0.0,0.0,0.0
36,133,1,1,1.25,1.25,0.0
36,134,0,0,0.0,0.0,0.0
37,0,0,0,0.0,0.0,0.0
37,1,0,1,0.0,1.25,1.25
37,2,0,0,0.0,0.0,0.0
37,3,0,0,0.0,0.0,0.0
37,4,0,0,0.0,0.0,0.0
37,5,0,0,0.0,0.0,0.0
37,6,0,0,0.0,0.0,0.0
37,7,0,0,0.0,0.0,0.0
37,8,0,0,0.0,0.0,0.0
37,9,0,0,0.0,0.0,0.0
37,10,0,0,0.0,0.0,0.0
37,11,1,1,1.25,1.25,0.0
37,12,0,0,0.0,0.0,0.0
37,13,0,0,0.0,0.0,0.0
37,14,0,0,0.0,0.0,0.0
37,15,0,0,0.0,0.0,0.0
37,16,0,0,0.0,0.0,0.0
37,17,0,0,0.0,0.0,0.0
37,18,0,0,0.0,0.0,0.0
37,19,0,0,0.0,0.0,0.0
37,20,0,0,0.0,0.0,0.0
37,21,0,0,0.0,0.0,0.0
37,22,0,0,0.0,0.0,0.0
37,23,1,0,1.25,0.0,-1.25
37,24,1,1,1.25,1.25,0.0
37,25,0,0,0.0,0.0,0.0
37,26,0,0,0.0,0.0,0.0
37,27,0,3,0.0,3.75,3.75
37,28,0,0,0.0,0.0,0.0
37,29,0,0,0.0,0.0,0.0
37,30,0,0,0.0,0.0,0.0
37,31,0,1,0.0,1.25,1.25
37,32,1,0,1.25,0.0,-1.25
37,33,2,0,2.5,0.0,-2.5
37,34,0,1,0.0,1.25,1.25
37,35,0,0,0.0,0.0,0.0
37,36,1,1,1.25,1.25,0.0
37,37,0,1,0.0,1.25,1.25
37,38,0,0,0.0,0.0,0.0
37,39,0,0,0.0,0.0,0.0
37,40,0,0,0.0,0.0,0.0
37,41,0,2,0.0,2.5,2.5
37,42,1,0,1.25,0.0,-1.25
37,43,0,0,0.0,0.0,0.0
37,44,1,1,1.25,1.25,0.0
37,45,0,1,0.0,1.25,1.25
37,46,1,1,1.25,1.25,0.0
37,47,1,1,1.25,1.25,0.0
37,48,0,0,0.0,0.0,0.0
37,49,0,0,0.0,0.0,0.0
37,50,0,0,0.0,0.0,0.0
37,51,0,0,0.0,0.0,0.0
37,52,0,0,0.0,0.0,0.0
37,53,1,1,1.25,1.25,0.0
37,54,6,0,7.5,0.0,-7.5
37,55,0,1,0.0,1.25,1.25
37,56,0,0,0.0,0.0,0.0
37,57,0,0,0.0,0.0,0.0
37,58,2,0,2.5,0.0,-2.5
37,59,1,0,1.25,0.0,-1.25
37,60,1,0,1.25,0.0,-1.25
37,61,0,1,0.0,1.25,1.25
37,62,0,0,0.0,0.0,0.0
37,63,0,0,0.0,0.0,0.0
37,64,0,0,0.0,0.0,0.0
37,65,1,0,1.25,0.0,-1.25
37,66,2,2,2.5,2.5,0.0
37,67,0,1,0.0,1.25,1.25
37,68,0,0,0.0,0.0,0.0
37,69,0,0,0.0,0.0,0.0
37,70,0,0,0.0,0.0,0.0
37,71,0,0,0.0,0.0,0.0
37,72,0,0,0.0,0.0,0.0
37,73,0,0,0.0,0.0,0.0
37,74,0,0,0.0,0.0,0.0
37,75,0,0,0.0,0.0,0.0
37,76,0,1,0.0,1.25,1.25
37,77,0,0,0.0,0.0,0.0
37,78,1,1,1.25,1.25,0.0
37,79,0,1,0.0,1.25,1.25
37,80,0,0,0.0,0.0,0.0
37,81,0,1,0.0,1.25,1.25
37,82,1,0,1.25,0.0,-1.25
37,83,0,0,0.0,0.0,0.0
37,84,0,0,0.0,0.0,0.0
37,85,0,0,0.0,0.0,0.0
37,86,0,1,0.0,1.25,1.25
37,87,0,0,0.0,0.0,0.0
37,88,0,1,0.0,1.25,1.25
37,89,0,6,0.0,7.5,7.5
37,90,1,1,1.25,1.25,0.0
37,91,3,0,3.75,0.0,-3.75
37,92,1,0,1.25,0.0,-1.25
37,93,0,3,0.0,3.75,3.75
37,94,0,0,0.0,0.0,0.0
37,95,0,0,0.0,0.0,0.0
37,96,1,1,1.25,1.25,0.0
37,97,0,0,0.0,0.0,0.0
37,98,0,0,0.0,0.0,0.0
37,99,0,0,0.0,0.0,0.0
37,100,0,0,0.0,0.0,0.0
37,101,0,0,0.0,0.0,0.0
37,102,0,0,0.0,0.0,0.0
37,103,0,1,0.0,1.25,1.25
37,104,0,0,0.0,0.0,0.0
37,105,0,0,0.0,0.0,0.0
37,106,0,0,0.0,0.0,0.0
37,107,1,1,1.25,1.25,0.0
37,108,0,0,0.0,0.0,0.0
37,109,0,1,0.0,1.25,1.25
37,110,0,0,0.0,0.0,0.0
37,111,0,1,0.0,1.25,1.25
37,112,3,0,3.75,0.0,-3.75
37,113,0,0,0.0,0.0,0.0
37,114,1,0,1.25,0.0,-1.25
37,115,1,0,1.25,0.0,-1.25
37,116,0,3,0.0,3.75,3.75
37,117,0,1,0.0,1.25,1.25
37,118,1,1,1.25,1.25,0.0
37,119,1,1,1.25,1.25,0.0
37,120,0,0,0.0,0.0,0.0
37,121,0,2,0.0,2.5,2.5
37,122,1,0,1.25,0.0,-1.25
37,123,1,1,1.25,1.25,0.0
37,124,0,0,0.0,0.0,0.0
37,125,1,0,1.25,0.0,-1.25
37,126,0,1,0.0,1.25,1.25
37,127,0,0,0.0,0.0,0.0
37,128,0,2,0.0,2.5,2.5
37,129,0,1,0.0,1.25,1.25
37,130,0,0,0.0,0.0,0.0
37,131,0,0,0.0,0.0,0.0
37,132,2,1,2.5,1.25,-1.25
37,133,1,0,1.25,0.0,-1.25
37,134,0,0,0.0,0.0,0.0
38,0,7,6,8.75,7.5,-1.25
38,1,6,3,7.5,3.75,-3.75
38,2,2,9,2.5,11.25,8.75
38,3,3,2,3.75,2.5,-1.25
38,4,4,5,5.0,6.25,1.25
38,5,4,2,5.0,2.5,-2.5
38,6,4,4,5.0,5.0,0.0
38,7,4,1,5.0,1.25,-3.75
38,8,4,4,5.0,5.0,0.0
38,9,6,3,7.5,3.75,-3.75
38,10,3,5,3.75,6.25,2.5
38,11,0,1,0.0,1.25,1.25
38,12,2,2,2.5,2.5,0.0
38,13,5,3,6.25,3.75,-2.5
38,14,2,6,2.5,7.5,5.0
38,15,4,4,5.0,5.0,0.0
38,16,10,3,12.5,3.75,-8.75
38,17,3,0,3.75,0.0,-3.75
38,18,4,1,5.0,1.25,-3.75
38,19,6,3,7.5,3.75,-3.75
38,20,3,1,3.75,1.25,-2.5
38,21,3,3,3.75,3.75,0.0
38,22,1,1,1.25,1.25,0.0
38,23,2,10,2.5,12.5,10.0
38,24,2,5,2.5,6.25,3.75
38,25,3,2,3.75,2.5,-1.25
38,26,3,2,3.75,2.5,-1.25
38,27,6,8,7.5,10.0,2.5
38,28,6,5,7.5,6.25,-1.25
38,29,4,4,5.0,5.0,0.0
38,30,6,8,7.5,10.0,2.5
38,31,5,5,6.25,6.25,0.0
38,32,8,5,10.0,6.25,-3.75
38,33,7,6,8.75,7.5,-1.25
38,34,1,2,1.25,2.5,1.25
38,35,6,7,7.5,8.75,1.25
38,36,4,4,5.0,5.0,0.0
38,37,0,9,0.0,11.25,11.25
38,38,4,4,5.0,5.0,0.0
38,39,6,4,7.5,5.0,-2.5
38,40,6,5,7.5,6.25,-1.25
38,41,9,4,11.25,5.0,-6.25
38,42,2,3,2.5,3.75,1.25
38,43,9,6,11.25,7.5,-3.75
38,44,2,0,2.5,0.0,-2.5
38,45,4,1,5.0,1.25,-3.75
38,46,5,2,6.25,2.5,-3.75
38,47,7,4,8.75,5.0,-3.75
38,48,5,1,6.25,1.25,-5.0
38,49,4,5,5.0,6.25,1.25
38,50,4,1,5.0,1.25,-3.75
38,51,3,2,3.75,2.5,-1.25
38,52,6,3,7.5,3.75,-3.75
38,53,4,3,5.0,3.75,-1.25
38,54,6,5,7.5,6.25,-1.25
38,55,3,4,3.75,5.0,1.25
38,56,1,6,1.25,7.5,6.25
38,57,6,3,7.5,3.75,-3.75
38,58,6,1,7.5,1.25,-6.25
38,59,7,5,8.75,6.25,-2.5
38,60,3,1,3.75,1.25,-2.5
38,61,6,2,7.5,2.5,-5.0
38,62,5,4,6.25,5.0,-1.25
38,63,2,8,2.5,10.0,7.5
38,64,0,1,0.0,1.25,1.25
38,65,7,2,8.75,2.5,-6.25
38,66,4,7,5.0,8.75,3.75
38,67,4,3,5.0,3.75,-1.25
38,68,5,3,6.25,3.75,-2.5
38,69,2,0,2.5,0.0,-2.5
38,70,8,1,10.0,1.25,-8.75
38,71,1,3,1.25,3.75,2.5
38,72,1,5,1.25,6.25,5.0
38,73,7,4,8.75,5.0,-3.75
38,74,2,3,2.5,3.75,1.25
38,75,3,2,3.75,2.5,-1.25
38,76,3,4,3.75,5.0,1.25
38,77,2,2,2.5,2.5,0.0
38,78,2,2,2.5,2.5,0.0
38,79,6,0,7.5,0.0,-7.5
38,80,6,1,7.5,1.25,-6.25
38,81,2,4,2.5,5.0,2.5
38,82,4,4,5.0,5.0,0.0
38,83,5,4,6.25,5.0,-1.25
38,84,7,4,8.75,5.0,-3.75
38,85,6,3,7.5,3.75,-3.75
38,86,7,4,8.75,5.0,-3.75
38,87,8,4,10.0,5.0,-5.0
38,88,5,7,6.25,8.75,2.5
38,89,2,4,2.5,5.0,2.5
38,90,6,5,7.5,6.25,-1.25
38,91,4,3,5.0,3.75,-1.25
38,92,7,2,8.75,2.5,-6.25
38,93,4,4,5.0,5.0,0.0
38,94,6,1,7.5,1.25,-6.25
38,95,4,4,5.0,5.0,0.0
38,96,4,4,5.0,5.0,0.0
38,97,3,3,3.75,3.75,0.0
38,98,9,0,11.25,0.0,-11.25
38,99,1,2,1.25,2.5,1.25
38,100,2,4,2.5,5.0,2.5
38,101,5,5,6.25,6.25,0.0
38,102,5,3,6.25,3.75,-2.5
38,103,1,4,1.25,5.0,3.75
38,104,5,1,6.25,1.25,-5.0
38,105,5,4,6.25,5.0,-1.25
38,106,1,2,1.25,2.5,1.25
38,107,5,2,6.25,2.5,-3.75
38,108,3,5,3.75,6.25,2.5
38,109,7,3,8.75,3.75,-5.0
38,110,2,2,2.5,2.5,0.0
38,111,4,7,5.0,8.75,3.75
38,112,2,7,2.5,8.75,6.25
38,113,5,2,6.25,2.5,-3.75
38,114,9,2,11.25,2.5,-8.75
38,115,4,3,5.0,3.75,-1.25
38,116,3,9,3.75,11.25,7.5
38,117,6,4,7.5,5.0,-2.5
38,118,5,2,6.25,2.5,-3.75
38,119,2,5,2.5,6.25,3.75
38,120,7,3,8.75,3.75,-5.0
38,121,4,4,5.0,5.0,0.0
38,122,1,5,1.25,6.25,5.0
38,123,4,4,5.0,5.0,0.0
38,124,4,1,5.0,1.25,-3.75
38,125,4,3,5.0,3.75,-1.25
38,126,4,3,5.0,3.75,-1.25
38,127,5,0,6.25,0.0,-6.25
38,128,0,4,0.0,5.0,5.0
38,129,3,1,3.75,1.25,-2.5
38,130,4,5,5.0,6.25,1.25
38,131,3,0,3.75,0.0,-3.75
38,132,2,6,2.5,7.5,5.0
38,133,0,1,0.0,1.25,1.25
38,134,2,3,2.5,3.75,1.25
39,0,1,1,1.25,1.25,0.0
39,1,2,1,2.5,1.25,-1.25
39,2,1,2,1.25,2.5,1.25
39,3,0,1,0.0,1.25,1.25
39,4,4,1,5.0,1.25,-3.75
39,5,4,0,5.0,0.0,-5.0
39,6,2,2,2.5,2.5,0.0
39,7,1,3,1.25,3.75,2.5
39,8,2,2,2.5,2.5,0.0
39,9,2,2,2.5,2.5,0.0
39,10,1,2,1.25,2.5,1.25
39,11,1,3,1.25,3.75,2.5
39,12,6,3,7.5,3.75,-3.75
39,13,3,2,3.75,2.5,-1.25
39,14,1,2,1.25,2.5,1.25
39,15,4,3,5.0,3.75,-1.25
39,16,3,2,3.75,2.5,-1.25
39,17,3,0,3.75,0.0,-3.75
39,18,2,4,2.5,5.0,2.5
39,19,0,1,0.0,1.25,1.25
39,20,1,3,1.25,3.75,2.5
39,21,7,1,8.75,1.25,-7.5
39,22,1,2,1.25,2.5,1.25
39,23,1,3,1.25,3.75,2.5
39,24,3,1,3.75,1.25,-2.5
39,25,0,1,0.0,1.25,1.25
39,26,0,5,0.0,6.25,6.25
39,27,0,3,0.0,3.75,3.75
39,28,1,0,1.25,0.0,-1.25
39,29,4,4,5.0,5.0,0.0
39,30,0,3,0.0,3.75,3.75
39,31,0,1,0.0,1.25,1.25
39,32,2,2,2.5,2.5,0.0
39,33,2,5,2.5,6.25,3.75
39,34,3,5,3.75,6.25,2.5
39,35,1,1,1.25,1.25,0.0
39,36,4,4,5.0,5.0,0.0
39,37,2,3,2.5,3.75,1.25
39,38,1,6,1.25,7.5,6.25
39,39,2,4,2.5,5.0,2.5
39,40,1,2,1.25,2.5,1.25
39,41,1,2,1.25,2.5,1.25
39,42,2,2,2.5,2.5,0.0
39,43,2,0,2.5,0.0,-2.5
39,44,3,2,3.75,2.5,-1.25
39,45,2,0,2.5,0.0,-2.5
39,46,5,2,6.25,2.5,-3.75
39,47,4,3,5.0,3.75,-1.25
39,48,1,1,1.25,1.25,0.0
39,49,3,0,3.75,0.0,-3.75
39,50,3,1,3.75,1.25,-2.5
39,51,2,2,2.5,2.5,0.0
39,52,2,1,2.5,1.25,-1.25
39,53,1,2,1.25,2.5,1.25
39,54,7,2,8.75,2.5,-6.25
39,55,3,3,3.75,3.75,0.0
39,56,4,1,5.0,1.25,-3.75
39,57,1,2,1.25,2.5,1.25
39,58,8,3,10.0,3.75,-6.25
39,59,6,4,7.5,5.0,-2.5
39,60,1,0,1.25,0.0,-1.25
39,61,2,1,2.5,1.25,-1.25
39,62,1,1,1.25,1.25,0.0
39,63,0,4,0.0,5.0,5.0
39,64,3,0,3.75,0.0,-3.75
39,65,0,1,0.0,1.25,1.25
39,66,0,3,0.0,3.75,3.75
39,67,3,0,3.75,0.0,-3.75
39,68,3,2,3.75,2.5,-1.25
39,69,5,6,6.25,7.5,1.25
39,70,9,2,11.25,2.5,-8.75
39,71,2,2,2.5,2.5,0.0
39,72,1,2,1.25,2.5,1.25
39,73,4,4,5.0,5.0,0.0
39,74,1,1,1.25,1.25,0.0
39,75,3,3,3.75,3.75,0.0
39,76,2,3,2.5,3.75,1.25
39,77,1,5,1.25,6.25,5.0
39,78,5,2,6.25,2.5,-3.75
39,79,4,4,5.0,5.0,0.0
39,80,1,1,1.25,1.25,0.0
39,81,0,0,0.0,0.0,0.0
39,82,3,2,3.75,2.5,-1.25
39,83,4,2,5.0,2.5,-2.5
39,84,3,3,3.75,3.75,0.0
39,85,1,1,1.25,1.25,0.0
39,86,1,1,1.25,1.25,0.0
39,87,2,3,2.5,3.75,1.25
39,88,2,2,2.5,2.5,0.0
39,89,2,3,2.5,3.75,1.25
39,90,3,3,3.75,3.75,0.0
39,91,2,0,2.5,0.0,-2.5
39,92,5,2,6.25,2.5,-3.75
39,93,2,4,2.5,5.0,2.5
39,94,5,7,6.25,8.75,2.5
39,95,3,3,3.75,3.75,0.0
39,96,5,5,6.25,6.25,0.0
39,97,3,2,3.75,2.5,-1.25
39,98,2,5,2.5,6.25,3.75
39,99,3,2,3.75,2.5,-1.25
39,100,1,2,1.25,2.5,1.25
39,101,1,2,1.25,2.5,1.25
39,102,7,1,8.75,1.25,-7.5
39,103,1,3,1.25,3.75,2.5
39,104,1,0,1.25,0.0,-1.25
39,105,3,2,3.75,2.5,-1.25
39,106,3,5,3.75,6.25,2.5
39,107,4,1,5.0,1.25,-3.75
39,108,3,1,3.75,1.25,-2.5
39,109,3,3,3.75,3.75,0.0
39,110,2,1,2.5,1.25,-1.25
39,111,1,7,1.25,8.75,7.5
39,112,2,2,2.5,2.5,0.0
39,113,3,1,3.75,1.25,-2.5
39,114,1,1,1.25,1.25,0.0
39,115,1,1,1.25,1.25,0.0
39,116,1,4,1.25,5.0,3.75
39,117,2,4,2.5,5.0,2.5
39,118,9,3,11.25,3.75,-7.5
39,119,4,5,5.0,6.25,1.25
39,120,1,2,1.25,2.5,1.25
39,121,1,1,1.25,1.25,0.0
39,122,5,0,6.25,0.0,-6.25
39,123,3,4,3.75,5.0,1.25
39,124,1,0,1.25,0.0,-1.25
39,125,3,4,3.75,5.0,1.25
39,126,1,2,1.25,2.5,1.25
39,127,0,1,0.0,1.25,1.25
39,128,1,2,1.25,2.5,1.25
39,129,0,2,0.0,2.5,2.5
39,130,4,5,5.0,6.25,1.25
39,131,3,5,3.75,6.25,2.5
39,132,0,2,0.0,2.5,2.5
39,133,1,3,1.25,3.75,2.5
39,134,1,1,1.25,1.25,0.0
40,0,0,0,0.0,0.0,0.0
40,1,0,1,0.0,1.25,1.25
40,2,0,2,0.0,2.5,2.5
40,3,0,0,0.0,0.0,0.0
40,4,0,0,0.0,0.0,0.0
40,5,0,0,0.0,0.0,0.0
40,6,1,0,1.25,0.0,-1.25
40,7,0,0,0.0,0.0,0.0
40,8,0,0,0.0,0.0,0.0
40,9,0,0,0.0,0.0,0.0
40,10,0,0,0.0,0.0,0.0
40,11,0,0,0.0,0.0,0.0
40,12,1,0,1.25,0.0,-1.25
40,13,0,0,0.0,0.0,0.0
40,14,0,0,0.0,0.0,0.0
40,15,1,0,1.25,0.0,-1.25
40,16,0,0,0.0,0.0,0.0
40,17,2,0,2.5,0.0,-2.5
40,18,4,0,5.0,0.0,-5.0
40,19,0,0,0.0,0.0,0.0
40,20,0,0,0.0,0.0,0.0
40,21,0,0,0.0,0.0,0.0
40,22,0,0,0.0,0.0,0.0
40,23,0,0,0.0,0.0,0.0
40,24,0,0,0.0,0.0,0.0
40,25,0,0,0.0,0.0,0.0
40,26,0,0,0.0,0.0,0.0
40,27,0,0,0.0,0.0,0.0
40,28,0,0,0.0,0.0,0.0
40,29,0,0,0.0,0.0,0.0
40,30,0,0,0.0,0.0,0.0
40,31,0,1,0.0,1.25,1.25
40,32,3,0,3.75,0.0,-3.75
40,33,0,0,0.0,0.0,0.0
40,34,0,0,0.0,0.0,0.0
40,35,0,0,0.0,0.0,0.0
40,36,0,0,0.0,0.0,0.0
40,37,0,0,0.0,0.0,0.0
40,38,0,1,0.0,1.25,1.25
40,39,0,0,0.0,0.0,0.0
40,40,0,0,0.0,0.0,0.0
40,41,0,0,0.0,0.0,0.0
40,42,0,0,0.0,0.0,0.0
40,43,0,0,0.0,0.0,0.0
40,44,0,0,0.0,0.0,0.0
40,45,0,1,0.0,1.25,1.25
40,46,0,0,0.0,0.0,0.0
40,47,0,0,0.0,0.0,0.0
40,48,0,1,0.0,1.25,1.25
40,49,0,0,0.0,0.0,0.0
40,50,0,0,0.0,0.0,0.0
40,51,0,0,0.0,0.0,0.0
40,52,0,0,0.0,0.0,0.0
40,53,1,0,1.25,0.0,-1.25
40,54,0,0,0.0,0.0,0.0
40,55,0,0,0.0,0.0,0.0
40,56,0,1,0.0,1.25,1.25
40,57,0,0,0.0,0.0,0.0
40,58,0,1,0.0,1.25,1.25
40,59,1,0,1.25,0.0,-1.25
40,60,0,0,0.0,0.0,0.0
40,61,0,0,0.0,0.0,0.0
40,62,0,1,0.0,1.25,1.25
40,63,0,0,0.0,0.0,0.0
40,64,1,0,1.25,0.0,-1.25
40,65,0,0,0.0,0.0,0.0
40,66,0,0,0.0,0.0,0.0
40,67,0,0,0.0,0.0,0.0
40,68,0,0,0.0,0.0,0.0
40,69,1,0,1.25,0.0,-1.25
40,70,1,1,1.25,1.25,0.0
40,71,1,0,1.25,0.0,-1.25
40,72,1,0,1.25,0.0,-1.25
40,73,0,1,0.0,1.25,1.25
40,74,0,0,0.0,0.0,0.0
40,75,0,0,0.0,0.0,0.0
40,76,0,0,0.0,0.0,0.0
40,77,0,0,0.0,0.0,0.0
40,78,2,1,2.5,1.25,-1.25
40,79,0,0,0.0,0.0,0.0
40,80,0,1,0.0,1.25,1.25
40,81,1,0,1.25,0.0,-1.25
40,82,0,0,0.0,0.0,0.0
40,83,0,0,0.0,0.0,0.0
40,84,0,0,0.0,0.0,0.0
40,85,1,1,1.25,1.25,0.0
40,86,0,0,0.0,0.0,0.0
40,87,0,0,0.0,0.0,0.0
40,88,0,2,0.0,2.5,2.5
40,89,0,0,0.0,0.0,0.0
40,90,0,0,0.0,0.0,0.0
40,91,0,0,0.0,0.0,0.0
40,92,0,0,0.0,0.0,0.0
40,93,0,0,0.0,0.0,0.0
40,94,1,1,1.25,1.25,0.0
40,95,0,0,0.0,0.0,0.0
40,96,0,0,0.0,0.0,0.0
40,97,1,0,1.25,0.0,-1.25
40,98,0,0,0.0,0.0,0.0
40,99,0,0,0.0,0.0,0.0
40,100,0,0,0.0,0.0,0.0
40,101,0,0,0.0,0.0,0.0
40,102,0,0,0.0,0.0,0.0
40,103,0,0,0.0,0.0,0.0
40,104,0,2,0.0,2.5,2.5
40,105,0,0,0.0,0.0,0.0
40,106,2,1,2.5,1.25,-1.25
40,107,0,0,0.0,0.0,0.0
40,108,0,0,0.0,0.0,0.0
40,109,0,1,0.0,1.25,1.25
40,110,0,0,0.0,0.0,0.0
40,111,1,0,1.25,0.0,-1.25
40,112,0,0,0.0,0.0,0.0
40,113,0,0,0.0,0.0,0.0
40,114,0,0,0.0,0.0,0.0
40,115,0,0,0.0,0.0,0.0
40,116,1,1,1.25,1.25,0.0
40,117,1,0,1.25,0.0,-1.25
40,118,0,0,0.0,0.0,0.0
40,119,0,0,0.0,0.0,0.0
40,120,0,0,0.0,0.0,0.0
40,121,0,0,0.0,0.0,0.0
40,122,0,0,0.0,0.0,0.0
40,123,0,0,0.0,0.0,0.0
40,124,0,1,0.0,1.25,1.25
40,125,0,0,0.0,0.0,0.0
40,126,0,0,0.0,0.0,0.0
40,127,0,0,0.0,0.0,0.0
40,128,0,0,0.0,0.0,0.0
40,129,0,2,0.0,2.5,2.5
40,130,0,0,0.0,0.0,0.0
40,131,0,0,0.0,0.0,0.0
40,132,0,0,0.0,0.0,0.0
40,133,0,1,0.0,1.25,1.25
40,134,0,0,0.0,0.0,0.0
41,0,0,0,0.0,0.0,0.0
41,1,1,6,1.25,7.5,6.25
41,2,0,1,0.0,1.25,1.25
41,3,0,2,0.0,2.5,2.5
41,4,1,2,1.25,2.5,1.25
41,5,0,1,0.0,1.25,1.25
41,6,0,1,0.0,1.25,1.25
41,7,0,0,0.0,0.0,0.0
41,8,1,0,1.25,0.0,-1.25
41,9,1,1,1.25,1.25,0.0
41,10,0,0,0.0,0.0,0.0
41,11,0,0,0.0,0.0,0.0
41,12,0,0,0.0,0.0,0.0
41,13,1,0,1.25,0.0,-1.25
41,14,0,0,0.0,0.0,0.0
41,15,0,2,0.0,2.5,2.5
41,16,0,3,0.0,3.75,3.75
41,17,0,1,0.0,1.25,1.25
41,18,1,0,1.25,0.0,-1.25
41,19,0,0,0.0,0.0,0.0
41,20,0,0,0.0,0.0,0.0
41,21,4,0,5.0,0.0,-5.0
41,22,0,0,0.0,0.0,0.0
41,23,1,2,1.25,2.5,1.25
41,24,1,4,1.25,5.0,3.75
41,25,0,0,0.0,0.0,0.0
41,26,0,0,0.0,0.0,0.0
41,27,1,7,1.25,8.75,7.5
41,28,1,5,1.25,6.25,5.0
41,29,1,1,1.25,1.25,0.0
41,30,0,2,0.0,2.5,2.5
41,31,0,1,0.0,1.25,1.25
41,32,3,5,3.75,6.25,2.5
41,33,2,2,2.5,2.5,0.0
41,34,0,0,0.0,0.0,0.0
41,35,1,2,1.25,2.5,1.25
41,36,1,4,1.25,5.0,3.75
41,37,0,6,0.0,7.5,7.5
41,38,2,3,2.5,3.75,1.25
41,39,4,3,5.0,3.75,-1.25
41,40,2,4,2.5,5.0,2.5
41,41,3,4,3.75,5.0,1.25
41,42,4,3,5.0,3.75,-1.25
41,43,1,2,1.25,2.5,1.25
41,44,3,1,3.75,1.25,-2.5
41,45,2,2,2.5,2.5,0.0
41,46,2,4,2.5,5.0,2.5
41,47,3,5,3.75,6.25,2.5
41,48,2,1,2.5,1.25,-1.25
41,49,2,1,2.5,1.25,-1.25
41,50,4,3,5.0,3.75,-1.25
41,51,6,4,7.5,5.0,-2.5
41,52,3,1,3.75,1.25,-2.5
41,53,1,2,1.25,2.5,1.25
41,54,7,1,8.75,1.25,-7.5
41,55,4,6,5.0,7.5,2.5
41,56,5,6,6.25,7.5,1.25
41,57,5,3,6.25,3.75,-2.5
41,58,2,3,2.5,3.75,1.25
41,59,1,2,1.25,2.5,1.25
41,60,2,1,2.5,1.25,-1.25
41,61,0,2,0.0,2.5,2.5
41,62,2,3,2.5,3.75,1.25
41,63,1,3,1.25,3.75,2.5
41,64,2,1,2.5,1.25,-1.25
41,65,10,3,12.5,3.75,-8.75
41,66,5,4,6.25,5.0,-1.25
41,67,1,5,1.25,6.25,5.0
41,68,1,2,1.25,2.5,1.25
41,69,3,3,3.75,3.75,0.0
41,70,0,0,0.0,0.0,0.0
41,71,1,1,1.25,1.25,0.0
41,72,0,0,0.0,0.0,0.0
41,73,0,1,0.0,1.25,1.25
41,74,0,1,0.0,1.25,1.25
41,75,0,2,0.0,2.5,2.5
41,76,1,0,1.25,0.0,-1.25
41,77,1,1,1.25,1.25,0.0
41,78,0,1,0.0,1.25,1.25
41,79,1,0,1.25,0.0,-1.25
41,80,0,0,0.0,0.0,0.0
41,81,0,0,0.0,0.0,0.0
41,82,0,1,0.0,1.25,1.25
41,83,0,1,0.0,1.25,1.25
41,84,0,1,0.0,1.25,1.25
41,85,0,2,0.0,2.5,2.5
41,86,0,1,0.0,1.25,1.25
41,87,0,0,0.0,0.0,0.0
41,88,0,2,0.0,2.5,2.5
41,89,0,0,0.0,0.0,0.0
41,90,0,0,0.0,0.0,0.0
41,91,1,0,1.25,0.0,-1.25
41,92,0,1,0.0,1.25,1.25
41,93,1,1,1.25,1.25,0.0
41,94,4,0,5.0,0.0,-5.0
41,95,0,2,0.0,2.5,2.5
41,96,3,2,3.75,2.5,-1.25
41,97,1,1,1.25,1.25,0.0
41,98,0,0,0.0,0.0,0.0
41,99,3,0,3.75,0.0,-3.75
41,100,0,1,0.0,1.25,1.25
41,101,3,3,3.75,3.75,0.0
41,102,1,0,1.25,0.0,-1.25
41,103,2,1,2.5,1.25,-1.25
41,104,2,2,2.5,2.5,0.0
41,105,0,0,0.0,0.0,0.0
41,106,2,1,2.5,1.25,-1.25
41,107,1,1,1.25,1.25,0.0
41,108,3,4,3.75,5.0,1.25
41,109,2,0,2.5,0.0,-2.5
41,110,0,1,0.0,1.25,1.25
41,111,2,3,2.5,3.75,1.25
41,112,2,0,2.5,0.0,-2.5
41,113,0,1,0.0,1.25,1.25
41,114,0,1,0.0,1.25,1.25
41,115,2,3,2.5,3.75,1.25
41,116,2,1,2.5,1.25,-1.25
41,117,4,2,5.0,2.5,-2.5
41,118,2,1,2.5,1.25,-1.25
41,119,2,2,2.5,2.5,0.0
41,120,5,3,6.25,3.75,-2.5
41,121,6,2,7.5,2.5,-5.0
41,122,5,1,6.25,1.25,-5.0
41,123,3,3,3.75,3.75,0.0
41,124,3,2,3.75,2.5,-1.25
41,125,3,2,3.75,2.5,-1.25
41,126,2,3,2.5,3.75,1.25
41,127,0,1,0.0,1.25,1.25
41,128,0,2,0.0,2.5,2.5
41,129,1,2,1.25,2.5,1.25
41,130,4,2,5.0,2.5,-2.5
41,131,2,3,2.5,3.75,1.25
41,132,1,2,1.25,2.5,1.25
41,133,4,3,5.0,3.75,-1.25
41,134,0,1,0.0,1.25,1.25
42,0,3,0,3.75,0.0,-3.75
42,1,1,2,1.25,2.5,1.25
42,2,1,2,1.25,2.5,1.25
42,3,1,0,1.25,0.0,-1.25
42,4,0,0,0.0,0.0,0.0
42,5,2,2,2.5,2.5,0.0
42,6,1,2,1.25,2.5,1.25
42,7,1,1,1.25,1.25,0.0
42,8,1,3,1.25,3.75,2.5
42,9,2,3,2.5,3.75,1.25
42,10,0,2,0.0,2.5,2.5
42,11,1,1,1.25,1.25,0.0
42,12,1,3,1.25,3.75,2.5
42,13,2,3,2.5,3.75,1.25
42,14,0,0,0.0,0.0,0.0
42,15,0,0,0.0,0.0,0.0
42,16,1,3,1.25,3.75,2.5
42,17,2,0,2.5,0.0,-2.5
42,18,1,4,1.25,5.0,3.75
42,19,0,1,0.0,1.25,1.25
42,20,3,1,3.75,1.25,-2.5
42,21,0,1,0.0,1.25,1.25
42,22,2,1,2.5,1.25,-1.25
42,23,2,1,2.5,1.25,-1.25
42,24,5,1,6.25,1.25,-5.0
42,25,0,0,0.0,0.0,0.0
42,26,0,3,0.0,3.75,3.75
42,27,1,4,1.25,5.0,3.75
42,28,2,2,2.5,2.5,0.0
42,29,0,3,0.0,3.75,3.75
42,30,1,3,1.25,3.75,2.5
42,31,0,1,0.0,1.25,1.25
42,32,0,2,0.0,2.5,2.5
42,33,1,0,1.25,0.0,-1.25
42,34,3,0,3.75,0.0,-3.75
42,35,0,2,0.0,2.5,2.5
42,36,0,2,0.0,2.5,2.5
42,37,3,1,3.75,1.25,-2.5
42,38,1,6,1.25,7.5,6.25
42,39,3,5,3.75,6.25,2.5
42,40,2,0,2.5,0.0,-2.5
42,41,2,0,2.5,0.0,-2.5
42,42,1,4,1.25,5.0,3.75
42,43,1,1,1.25,1.25,0.0
42,44,2,4,2.5,5.0,2.5
42,45,4,1,5.0,1.25,-3.75
42,46,1,3,1.25,3.75,2.5
42,47,5,4,6.25,5.0,-1.25
42,48,0,0,0.0,0.0,0.0
42,49,0,0,0.0,0.0,0.0
42,50,1,1,1.25,1.25,0.0
42,51,1,0,1.25,0.0,-1.25
42,52,1,1,1.25,1.25,0.0
42,53,2,0,2.5,0.0,-2.5
42,54,1,1,1.25,1.25,0.0
42,55,3,2,3.75,2.5,-1.25
42,56,0,0,0.0,0.0,0.0
42,57,0,1,0.0,1.25,1.25
42,58,0,1,0.0,1.25,1.25
42,59,0,2,0.0,2.5,2.5
42,60,2,4,2.5,5.0,2.5
42,61,1,3,1.25,3.75,2.5
42,62,3,3,3.75,3.75,0.0
42,63,3,1,3.75,1.25,-2.5
42,64,4,1,5.0,1.25,-3.75
42,65,0,0,0.0,0.0,0.0
42,66,0,1,0.0,1.25,1.25
42,67,1,1,1.25,1.25,0.0
42,68,0,0,0.0,0.0,0.0
42,69,0,1,0.0,1.25,1.25
42,70,1,1,1.25,1.25,0.0
42,71,0,2,0.0,2.5,2.5
42,72,1,0,1.25,0.0,-1.25
42,73,1,2,1.25,2.5,1.25
42,74,0,1,0.0,1.25,1.25
42,75,1,1,1.25,1.25,0.0
42,76,0,1,0.0,1.25,1.25
42,77,1,1,1.25,1.25,0.0
42,78,0,1,0.0,1.25,1.25
42,79,0,1,0.0,1.25,1.25
42,80,2,2,2.5,2.5,0.0
42,81,1,2,1.25,2.5,1.25
42,82,3,1,3.75,1.25,-2.5
42,83,3,2,3.75,2.5,-1.25
42,84,2,0,2.5,0.0,-2.5
42,85,0,2,0.0,2.5,2.5
42,86,1,0,1.25,0.0,-1.25
42,87,0,0,0.0,0.0,0.0
42,88,2,3,2.5,3.75,1.25
42,89,0,1,0.0,1.25,1.25
42,90,2,2,2.5,2.5,0.0
42,91,0,3,0.0,3.75,3.75
42,92,0,0,0.0,0.0,0.0
42,93,0,0,0.0,0.0,0.0
42,94,0,0,0.0,0.0,0.0
42,95,0,0,0.0,0.0,0.0
42,96,2,1,2.5,1.25,-1.25
42,97,3,3,3.75,3.75,0.0
42,98,4,1,5.0,1.25,-3.75
42,99,1,1,1.25,1.25,0.0
42,100,0,0,0.0,0.0,0.0
42,101,0,3,0.0,3.75,3.75
42,102,2,2,2.5,2.5,0.0
42,103,2,2,2.5,2.5,0.0
42,104,2,2,2.5,2.5,0.0
42,105,1,3,1.25,3.75,2.5
42,106,0,4,0.0,5.0,5.0
42,107,2,3,2.5,3.75,1.25
42,108,2,0,2.5,0.0,-2.5
42,109,2,2,2.5,2.5,0.0
42,110,4,1,5.0,1.25,-3.75
42,111,4,2,5.0,2.5,-2.5
42,112,2,1,2.5,1.25,-1.25
42,113,0,0,0.0,0.0,0.0
42,114,0,1,0.0,1.25,1.25
42,115,2,1,2.5,1.25,-1.25
42,116,0,4,0.0,5.0,5.0
42,117,2,0,2.5,0.0,-2.5
42,118,1,0,1.25,0.0,-1.25
42,119,2,2,2.5,2.5,0.0
42,120,0,1,0.0,1.25,1.25
42,121,3,1,3.75,1.25,-2.5
42,122,1,0,1.25,0.0,-1.25
42,123,1,1,1.25,1.25,0.0
42,124,2,0,2.5,0.0,-2.5
42,125,0,3,0.0,3.75,3.75
42,126,2,1,2.5,1.25,-1.25
42,127,0,3,0.0,3.75,3.75
42,128,1,1,1.25,1.25,0.0
42,129,2,1,2.5,1.25,-1.25
42,130,1,2,1.25,2.5,1.25
42,131,1,3,1.25,3.75,2.5
42,132,1,0,1.25,0.0,-1.25
42,133,1,0,1.25,0.0,-1.25
42,134,0,1,0.0,1.25,1.25
43,0,2,1,2.5,1.25,-1.25
43,1,0,1,0.0,1.25,1.25
43,2,0,2,0.0,2.5,2.5
43,3,1,0,1.25,0.0,-1.25
43,4,0,0,0.0,0.0,0.0
43,5,0,3,0.0,3.75,3.75
43,6,1,0,1.25,0.0,-1.25
43,7,1,1,1.25,1.25,0.0
43,8,0,1,0.0,1.25,1.25
43,9,2,1,2.5,1.25,-1.25
43,10,0,3,0.0,3.75,3.75
43,11,1,0,1.25,0.0,-1.25
43,12,0,1,0.0,1.25,1.25
43,13,2,1,2.5,1.25,-1.25
43,14,0,0,0.0,0.0,0.0
43,15,0,0,0.0,0.0,0.0
43,16,0,2,0.0,2.5,2.5
43,17,0,0,0.0,0.0,0.0
43,18,0,1,0.0,1.25,1.25
43,19,0,1,0.0,1.25,1.25
43,20,0,2,0.0,2.5,2.5
43,21,0,1,0.0,1.25,1.25
43,22,0,0,0.0,0.0,0.0
43,23,0,1,0.0,1.25,1.25
43,24,3,0,3.75,0.0,-3.75
43,25,0,0,0.0,0.0,0.0
43,26,0,1,0.0,1.25,1.25
43,27,0,2,0.0,2.5,2.5
43,28,2,1,2.5,1.25,-1.25
43,29,1,0,1.25,0.0,-1.25
43,30,0,3,0.0,3.75,3.75
43,31,0,0,0.0,0.0,0.0
43,32,0,1,0.0,1.25,1.25
43,33,3,0,3.75,0.0,-3.75
43,34,1,0,1.25,0.0,-1.25
43,35,2,3,2.5,3.75,1.25
43,36,1,3,1.25,3.75,2.5
43,37,2,1,2.5,1.25,-1.25
43,38,1,0,1.25,0.0,-1.25
43,39,3,0,3.75,0.0,-3.75
43,40,0,0,0.0,0.0,0.0
43,41,1,1,1.25,1.25,0.0
43,42,2,2,2.5,2.5,0.0
43,43,1,0,1.25,0.0,-1.25
43,44,1,3,1.25,3.75,2.5
43,45,1,1,1.25,1.25,0.0
43,46,1,1,1.25,1.25,0.0
43,47,3,1,3.75,1.25,-2.5
43,48,0,2,0.0,2.5,2.5
43,49,0,2,0.0,2.5,2.5
43,50,1,1,1.25,1.25,0.0
43,51,1,0,1.25,0.0,-1.25
43,52,2,2,2.5,2.5,0.0
43,53,0,0,0.0,0.0,0.0
43,54,1,2,1.25,2.5,1.25
43,55,1,1,1.25,1.25,0.0
43,56,0,1,0.0,1.25,1.25
43,57,0,2,0.0,2.5,2.5
43,58,1,0,1.25,0.0,-1.25
43,59,0,1,0.0,1.25,1.25
43,60,1,0,1.25,0.0,-1.25
43,61,1,1,1.25,1.25,0.0
43,62,4,0,5.0,0.0,-5.0
43,63,3,1,3.75,1.25,-2.5
43,64,1,0,1.25,0.0,-1.25
43,65,1,0,1.25,0.0,-1.25
43,66,0,1,0.0,1.25,1.25
43,67,0,0,0.0,0.0,0.0
43,68,0,0,0.0,0.0,0.0
43,69,0,1,0.0,1.25,1.25
43,70,1,2,1.25,2.5,1.25
43,71,0,1,0.0,1.25,1.25
43,72,1,1,1.25,1.25,0.0
43,73,1,0,1.25,0.0,-1.25
43,74,0,0,0.0,0.0,0.0
43,75,2,1,2.5,1.25,-1.25
43,76,0,0,0.0,0.0,0.0
43,77,0,1,0.0,1.25,1.25
43,78,1,2,1.25,2.5,1.25
43,79,0,2,0.0,2.5,2.5
43,80,1,2,1.25,2.5,1.25
43,81,0,2,0.0,2.5,2.5
43,82,2,1,2.5,1.25,-1.25
43,83,2,1,2.5,1.25,-1.25
43,84,1,1,1.25,1.25,0.0
43,85,0,1,0.0,1.25,1.25
43,86,0,0,0.0,0.0,0.0
43,87,0,0,0.0,0.0,0.0
43,88,0,4,0.0,5.0,5.0
43,89,0,0,0.0,0.0,0.0
43,90,1,1,1.25,1.25,0.0
43,91,0,2,0.0,2.5,2.5
43,92,0,1,0.0,1.25,1.25
43,93,2,0,2.5,0.0,-2.5
43,94,1,0,1.25,0.0,-1.25
43,95,0,1,0.0,1.25,1.25
43,96,3,0,3.75,0.0,-3.75
43,97,2,1,2.5,1.25,-1.25
43,98,6,2,7.5,2.5,-5.0
43,99,1,1,1.25,1.25,0.0
43,100,0,0,0.0,0.0,0.0
43,101,0,2,0.0,2.5,2.5
43,102,1,0,1.25,0.0,-1.25
43,103,1,0,1.25,0.0,-1.25
43,104,3,0,3.75,0.0,-3.75
43,105,0,2,0.0,2.5,2.5
43,106,1,2,1.25,2.5,1.25
43,107,0,2,0.0,2.5,2.5
43,108,1,1,1.25,1.25,0.0
43,109,0,1,0.0,1.25,1.25
43,110,3,0,3.75,0.0,-3.75
43,111,3,1,3.75,1.25,-2.5
43,112,1,0,1.25,0.0,-1.25
43,113,0,0,0.0,0.0,0.0
43,114,0,0,0.0,0.0,0.0
43,115,0,1,0.0,1.25,1.25
43,116,0,4,0.0,5.0,5.0
43,117,2,2,2.5,2.5,0.0
43,118,1,0,1.25,0.0,-1.25
43,119,2,1,2.5,1.25,-1.25
43,120,0,2,0.0,2.5,2.5
43,121,2,1,2.5,1.25,-1.25
43,122,1,0,1.25,0.0,-1.25
43,123,1,1,1.25,1.25,0.0
43,124,1,0,1.25,0.0,-1.25
43,125,0,2,0.0,2.5,2.5
43,126,3,0,3.75,0.0,-3.75
43,127,0,1,0.0,1.25,1.25
43,128,2,1,2.5,1.25,-1.25
43,129,2,0,2.5,0.0,-2.5
43,130,1,1,1.25,1.25,0.0
43,131,1,2,1.25,2.5,1.25
43,132,1,2,1.25,2.5,1.25
43,133,0,1,0.0,1.25,1.25
43,134,0,1,0.0,1.25,1.25
44,0,0,0,0.0,0.0,0.0
44,1,1,1,1.25,1.25,0.0
44,2,0,2,0.0,2.5,2.5
44,3,1,1,1.25,1.25,0.0
44,4,1,0,1.25,0.0,-1.25
44,5,3,0,3.75,0.0,-3.75
44,6,0,0,0.0,0.0,0.0
44,7,0,0,0.0,0.0,0.0
44,8,2,2,2.5,2.5,0.0
44,9,1,1,1.25,1.25,0.0
44,10,1,2,1.25,2.5,1.25
44,11,1,0,1.25,0.0,-1.25
44,12,0,1,0.0,1.25,1.25
44,13,2,1,2.5,1.25,-1.25
44,14,0,1,0.0,1.25,1.25
44,15,0,0,0.0,0.0,0.0
44,16,0,0,0.0,0.0,0.0
44,17,0,0,0.0,0.0,0.0
44,18,1,0,1.25,0.0,-1.25
44,19,1,0,1.25,0.0,-1.25
44,20,1,0,1.25,0.0,-1.25
44,21,0,0,0.0,0.0,0.0
44,22,1,0,1.25,0.0,-1.25
44,23,0,0,0.0,0.0,0.0
44,24,1,0,1.25,0.0,-1.25
44,25,1,0,1.25,0.0,-1.25
44,26,0,2,0.0,2.5,2.5
44,27,0,2,0.0,2.5,2.5
44,28,3,0,3.75,0.0,-3.75
44,29,0,0,0.0,0.0,0.0
44,30,0,0,0.0,0.0,0.0
44,31,0,0,0.0,0.0,0.0
44,32,0,0,0.0,0.0,0.0
44,33,0,1,0.0,1.25,1.25
44,34,1,2,1.25,2.5,1.25
44,35,1,0,1.25,0.0,-1.25
44,36,0,0,0.0,0.0,0.0
44,37,0,1,0.0,1.25,1.25
44,38,1,1,1.25,1.25,0.0
44,39,0,1,0.0,1.25,1.25
44,40,1,1,1.25,1.25,0.0
44,41,1,3,1.25,3.75,2.5
44,42,1,2,1.25,2.5,1.25
44,43,0,1,0.0,1.25,1.25
44,44,0,0,0.0,0.0,0.0
44,45,0,1,0.0,1.25,1.25
44,46,0,3,0.0,3.75,3.75
44,47,0,0,0.0,0.0,0.0
44,48,1,1,1.25,1.25,0.0
44,49,1,0,1.25,0.0,-1.25
44,50,1,1,1.25,1.25,0.0
44,51,0,0,0.0,0.0,0.0
44,52,1,0,1.25,0.0,-1.25
44,53,0,0,0.0,0.0,0.0
44,54,2,1,2.5,1.25,-1.25
44,55,1,1,1.25,1.25,0.0
44,56,1,2,1.25,2.5,1.25
44,57,1,2,1.25,2.5,1.25
44,58,0,1,0.0,1.25,1.25
44,59,2,0,2.5,0.0,-2.5
44,60,0,1,0.0,1.25,1.25
44,61,0,1,0.0,1.25,1.25
44,62,1,1,1.25,1.25,0.0
44,63,0,1,0.0,1.25,1.25
44,64,0,0,0.0,0.0,0.0
44,65,1,0,1.25,0.0,-1.25
44,66,1,2,1.25,2.5,1.25
44,67,0,0,0.0,0.0,0.0
44,68,0,1,0.0,1.25,1.25
44,69,1,0,1.25,0.0,-1.25
44,70,0,0,0.0,0.0,0.0
44,71,0,0,0.0,0.0,0.0
44,72,0,0,0.0,0.0,0.0
44,73,0,0,0.0,0.0,0.0
44,74,1,1,1.25,1.25,0.0
44,75,1,0,1.25,0.0,-1.25
44,76,1,3,1.25,3.75,2.5
44,77,0,0,0.0,0.0,0.0
44,78,0,1,0.0,1.25,1.25
44,79,0,1,0.0,1.25,1.25
44,80,0,1,0.0,1.25,1.25
44,81,0,0,0.0,0.0,0.0
44,82,1,1,1.25,1.25,0.0
44,83,0,1,0.0,1.25,1.25
44,84,1,1,1.25,1.25,0.0
44,85,1,1,1.25,1.25,0.0
44,86,0,0,0.0,0.0,0.0
44,87,2,0,2.5,0.0,-2.5
44,88,0,0,0.0,0.0,0.0
44,89,0,1,0.0,1.25,1.25
44,90,0,1,0.0,1.25,1.25
44,91,0,0,0.0,0.0,0.0
44,92,0,3,0.0,3.75,3.75
44,93,0,0,0.0,0.0,0.0
44,94,1,0,1.25,0.0,-1.25
44,95,0,0,0.0,0.0,0.0
44,96,2,1,2.5,1.25,-1.25
44,97,0,1,0.0,1.25,1.25
44,98,1,0,1.25,0.0,-1.25
44,99,0,1,0.0,1.25,1.25
44,100,0,1,0.0,1.25,1.25
44,101,0,0,0.0,0.0,0.0
44,102,1,0,1.25,0.0,-1.25
44,103,1,0,1.25,0.0,-1.25
44,104,0,1,0.0,1.25,1.25
44,105,0,0,0.0,0.0,0.0
44,106,0,1,0.0,1.25,1.25
44,107,2,0,2.5,0.0,-2.5
44,108,0,0,0.0,0.0,0.0
44,109,1,0,1.25,0.0,-1.25
44,110,1,1,1.25,1.25,0.0
44,111,0,1,0.0,1.25,1.25
44,112,0,1,0.0,1.25,1.25
44,113,0,1,0.0,1.25,1.25
44,114,1,0,1.25,0.0,-1.25
44,115,2,0,2.5,0.0,-2.5
44,116,2,0,2.5,0.0,-2.5
44,117,0,0,0.0,0.0,0.0
44,118,2,0,2.5,0.0,-2.5
44,119,2,1,2.5,1.25,-1.25
44,120,1,0,1.25,0.0,-1.25
44,121,0,0,0.0,0.0,0.0
44,122,0,0,0.0,0.0,0.0
44,123,0,1,0.0,1.25,1.25
44,124,0,0,0.0,0.0,0.0
44,125,0,0,0.0,0.0,0.0
44,126,2,1,2.5,1.25,-1.25
44,127,0,0,0.0,0.0,0.0
44,128,0,1,0.0,1.25,1.25
44,129,1,0,1.25,0.0,-1.25
44,130,0,1,0.0,1.25,1.25
44,131,1,3,1.25,3.75,2.5
44,132,0,0,0.0,0.0,0.0
44,133,1,0,1.25,0.0,-1.25
44,134,1,2,1.25,2.5,1.25
45,0,0,0,0.0,0.0,0.0
45,1,0,0,0.0,0.0,0.0
45,2,1,0,1.25,0.0,-1.25
45,3,0,0,0.0,0.0,0.0
45,4,0,0,0.0,0.0,0.0
45,5,0,1,0.0,1.25,1.25
45,6,2,1,2.5,1.25,-1.25
45,7,0,0,0.0,0.0,0.0
45,8,0,0,0.0,0.0,0.0
45,9,1,0,1.25,0.0,-1.25
45,10,0,1,0.0,1.25,1.25
45,11,0,0,0.0,0.0,0.0
45,12,1,2,1.25,2.5,1.25
45,13,0,0,0.0,0.0,0.0
45,14,0,1,0.0,1.25,1.25
45,15,0,2,0.0,2.5,2.5
45,16,0,1,0.0,1.25,1.25
45,17,0,0,0.0,0.0,0.0
45,18,0,0,0.0,0.0,0.0
45,19,0,0,0.0,0.0,0.0
45,20,0,0,0.0,0.0,0.0
45,21,1,0,1.25,0.0,-1.25
45,22,1,1,1.25,1.25,0.0
45,23,1,0,1.25,0.0,-1.25
45,24,1,1,1.25,1.25,0.0
45,25,0,0,0.0,0.0,0.0
45,26,0,0,0.0,0.0,0.0
45,27,1,2,1.25,2.5,1.25
45,28,0,2,0.0,2.5,2.5
45,29,1,1,1.25,1.25,0.0
45,30,0,1,0.0,1.25,1.25
45,31,2,1,2.5,1.25,-1.25
45,32,1,1,1.25,1.25,0.0
45,33,0,1,0.0,1.25,1.25
45,34,1,0,1.25,0.0,-1.25
45,35,0,0,0.0,0.0,0.0
45,36,0,2,0.0,2.5,2.5
45,37,0,0,0.0,0.0,0.0
45,38,1,0,1.25,0.0,-1.25
45,39,0,2,0.0,2.5,2.5
45,40,0,3,0.0,3.75,3.75
45,41,0,1,0.0,1.25,1.25
45,42,2,2,2.5,2.5,0.0
45,43,1,2,1.25,2.5,1.25
45,44,0,0,0.0,0.0,0.0
45,45,1,2,1.25,2.5,1.25
45,46,1,3,1.25,3.75,2.5
45,47,1,1,1.25,1.25,0.0
45,48,0,1,0.0,1.25,1.25
45,49,0,0,0.0,0.0,0.0
45,50,1,2,1.25,2.5,1.25
45,51,0,1,0.0,1.25,1.25
45,52,1,2,1.25,2.5,1.25
45,53,0,0,0.0,0.0,0.0
45,54,2,0,2.5,0.0,-2.5
45,55,1,0,1.25,0.0,-1.25
45,56,3,0,3.75,0.0,-3.75
45,57,0,2,0.0,2.5,2.5
45,58,0,1,0.0,1.25,1.25
45,59,2,0,2.5,0.0,-2.5
45,60,0,0,0.0,0.0,0.0
45,61,0,1,0.0,1.25,1.25
45,62,0,1,0.0,1.25,1.25
45,63,1,4,1.25,5.0,3.75
45,64,0,0,0.0,0.0,0.0
45,65,0,0,0.0,0.0,0.0
45,66,0,0,0.0,0.0,0.0
45,67,1,0,1.25,0.0,-1.25
45,68,0,0,0.0,0.0,0.0
45,69,0,0,0.0,0.0,0.0
45,70,1,0,1.25,0.0,-1.25
45,71,0,0,0.0,0.0,0.0
45,72,0,0,0.0,0.0,0.0
45,73,1,0,1.25,0.0,-1.25
45,74,0,0,0.0,0.0,0.0
45,75,1,0,1.25,0.0,-1.25
45,76,0,1,0.0,1.25,1.25
45,77,0,2,0.0,2.5,2.5
45,78,0,0,0.0,0.0,0.0
45,79,0,0,0.0,0.0,0.0
45,80,0,0,0.0,0.0,0.0
45,81,0,0,0.0,0.0,0.0
45,82,0,0,0.0,0.0,0.0
45,83,0,0,0.0,0.0,0.0
45,84,1,1,1.25,1.25,0.0
45,85,0,0,0.0,0.0,0.0
45,86,2,0,2.5,0.0,-2.5
45,87,1,0,1.25,0.0,-1.25
45,88,0,0,0.0,0.0,0.0
45,89,1,0,1.25,0.0,-1.25
45,90,0,1,0.0,1.25,1.25
45,91,0,0,0.0,0.0,0.0
45,92,0,0,0.0,0.0,0.0
45,93,0,0,0.0,0.0,0.0
45,94,1,0,1.25,0.0,-1.25
45,95,2,1,2.5,1.25,-1.25
45,96,0,1,0.0,1.25,1.25
45,97,1,0,1.25,0.0,-1.25
45,98,0,0,0.0,0.0,0.0
45,99,0,0,0.0,0.0,0.0
45,100,1,0,1.25,0.0,-1.25
45,101,1,0,1.25,0.0,-1.25
45,102,0,0,0.0,0.0,0.0
45,103,0,1,0.0,1.25,1.25
45,104,1,2,1.25,2.5,1.25
45,105,0,0,0.0,0.0,0.0
45,106,0,1,0.0,1.25,1.25
45,107,1,0,1.25,0.0,-1.25
45,108,1,1,1.25,1.25,0.0
45,109,1,0,1.25,0.0,-1.25
45,110,0,0,0.0,0.0,0.0
45,111,0,2,0.0,2.5,2.5
45,112,0,0,0.0,0.0,0.0
45,113,0,2,0.0,2.5,2.5
45,114,0,0,0.0,0.0,0.0
45,115,0,1,0.0,1.25,1.25
45,116,0,0,0.0,0.0,0.0
45,117,1,0,1.25,0.0,-1.25
45,118,3,0,3.75,0.0,-3.75
45,119,0,0,0.0,0.0,0.0
45,120,3,1,3.75,1.25,-2.5
45,121,0,0,0.0,0.0,0.0
45,122,0,0,0.0,0.0,0.0
45,123,1,0,1.25,0.0,-1.25
45,124,1,1,1.25,1.25,0.0
45,125,0,1,0.0,1.25,1.25
45,126,0,1,0.0,1.25,1.25
45,127,0,1,0.0,1.25,1.25
45,128,0,0,0.0,0.0,0.0
45,129,0,1,0.0,1.25,1.25
45,130,1,0,1.25,0.0,-1.25
45,131,1,1,1.25,1.25,0.0
45,132,1,4,1.25,5.0,3.75
45,133,0,0,0.0,0.0,0.0
45,134,1,0,1.25,0.0,-1.25
46,0,1,0,1.25,0.0,-1.25
46,1,0,2,0.0,2.5,2.5
46,2,0,0,0.0,0.0,0.0
46,3,1,0,1.25,0.0,-1.25
46,4,0,0,0.0,0.0,0.0
46,5,0,0,0.0,0.0,0.0
46,6,1,0,1.25,0.0,-1.25
46,7,1,1,1.25,1.25,0.0
46,8,1,1,1.25,1.25,0.0
46,9,1,3,1.25,3.75,2.5
46,10,1,1,1.25,1.25,0.0
46,11,0,1,0.0,1.25,1.25
46,12,2,1,2.5,1.25,-1.25
46,13,2,0,2.5,0.0,-2.5
46,14,0,0,0.0,0.0,0.0
46,15,0,0,0.0,0.0,0.0
46,16,1,3,1.25,3.75,2.5
46,17,2,0,2.5,0.0,-2.5
46,18,0,3,0.0,3.75,3.75
46,19,0,0,0.0,0.0,0.0
46,20,2,1,2.5,1.25,-1.25
46,21,1,1,1.25,1.25,0.0
46,22,1,2,1.25,2.5,1.25
46,23,0,1,0.0,1.25,1.25
46,24,1,1,1.25,1.25,0.0
46,25,1,0,1.25,0.0,-1.25
46,26,0,3,0.0,3.75,3.75
46,27,0,1,0.0,1.25,1.25
46,28,1,2,1.25,2.5,1.25
46,29,0,1,0.0,1.25,1.25
46,30,0,4,0.0,5.0,5.0
46,31,1,1,1.25,1.25,0.0
46,32,1,0,1.25,0.0,-1.25
46,33,1,0,1.25,0.0,-1.25
46,34,5,3,6.25,3.75,-2.5
46,35,1,1,1.25,1.25,0.0
46,36,0,3,0.0,3.75,3.75
46,37,4,1,5.0,1.25,-3.75
46,38,1,1,1.25,1.25,0.0
46,39,3,2,3.75,2.5,-1.25
46,40,1,2,1.25,2.5,1.25
46,41,0,0,0.0,0.0,0.0
46,42,0,2,0.0,2.5,2.5
46,43,1,2,1.25,2.5,1.25
46,44,1,1,1.25,1.25,0.0
46,45,0,0,0.0,0.0,0.0
46,46,0,3,0.0,3.75,3.75
46,47,2,3,2.5,3.75,1.25
46,48,1,0,1.25,0.0,-1.25
46,49,2,0,2.5,0.0,-2.5
46,50,3,1,3.75,1.25,-2.5
46,51,2,1,2.5,1.25,-1.25
46,52,2,1,2.5,1.25,-1.25
46,53,1,2,1.25,2.5,1.25
46,54,3,1,3.75,1.25,-2.5
46,55,4,2,5.0,2.5,-2.5
46,56,0,1,0.0,1.25,1.25
46,57,1,3,1.25,3.75,2.5
46,58,0,0,0.0,0.0,0.0
46,59,1,2,1.25,2.5,1.25
46,60,0,1,0.0,1.25,1.25
46,61,0,2,0.0,2.5,2.5
46,62,0,1,0.0,1.25,1.25
46,63,1,0,1.25,0.0,-1.25
46,64,1,0,1.25,0.0,-1.25
46,65,2,1,2.5,1.25,-1.25
46,66,0,1,0.0,1.25,1.25
46,67,0,0,0.0,0.0,0.0
46,68,1,0,1.25,0.0,-1.25
46,69,1,0,1.25,0.0,-1.25
46,70,1,1,1.25,1.25,0.0
46,71,0,1,0.0,1.25,1.25
46,72,1,0,1.25,0.0,-1.25
46,73,0,1,0.0,1.25,1.25
46,74,0,0,0.0,0.0,0.0
46,75,0,1,0.0,1.25,1.25
46,76,2,1,2.5,1.25,-1.25
46,77,1,1,1.25,1.25,0.0
46,78,0,0,0.0,0.0,0.0
46,79,0,2,0.0,2.5,2.5
46,80,0,0,0.0,0.0,0.0
46,81,0,2,0.0,2.5,2.5
46,82,1,1,1.25,1.25,0.0
46,83,1,0,1.25,0.0,-1.25
46,84,1,3,1.25,3.75,2.5
46,85,0,1,0.0,1.25,1.25
46,86,1,0,1.25,0.0,-1.25
46,87,1,0,1.25,0.0,-1.25
46,88,0,1,0.0,1.25,1.25
46,89,0,0,0.0,0.0,0.0
46,90,0,0,0.0,0.0,0.0
46,91,1,1,1.25,1.25,0.0
46,92,0,1,0.0,1.25,1.25
46,93,3,0,3.75,0.0,-3.75
46,94,1,1,1.25,1.25,0.0
46,95,1,0,1.25,0.0,-1.25
46,96,1,0,1.25,0.0,-1.25
46,97,0,2,0.0,2.5,2.5
46,98,1,0,1.25,0.0,-1.25
46,99,1,0,1.25,0.0,-1.25
46,100,0,0,0.0,0.0,0.0
46,101,0,1,0.0,1.25,1.25
46,102,2,1,2.5,1.25,-1.25
46,103,0,0,0.0,0.0,0.0
46,104,0,3,0.0,3.75,3.75
46,105,0,1,0.0,1.25,1.25
46,106,0,1,0.0,1.25,1.25
46,107,0,2,0.0,2.5,2.5
46,108,0,0,0.0,0.0,0.0
46,109,1,2,1.25,2.5,1.25
46,110,1,0,1.25,0.0,-1.25
46,111,2,0,2.5,0.0,-2.5
46,112,3,2,3.75,2.5,-1.25
46,113,0,0,0.0,0.0,0.0
46,114,0,0,0.0,0.0,0.0
46,115,1,0,1.25,0.0,-1.25
46,116,0,1,0.0,1.25,1.25
46,117,0,1,0.0,1.25,1.25
46,118,0,0,0.0,0.0,0.0
46,119,1,1,1.25,1.25,0.0
46,120,0,0,0.0,0.0,0.0
46,121,0,1,0.0,1.25,1.25
46,122,0,0,0.0,0.0,0.0
46,123,1,0,1.25,0.0,-1.25
46,124,0,1,0.0,1.25,1.25
46,125,0,2,0.0,2.5,2.5
46,126,2,1,2.5,1.25,-1.25
46,127,0,1,0.0,1.25,1.25
46,128,1,1,1.25,1.25,0.0
46,129,0,0,0.0,0.0,0.0
46,130,2,0,2.5,0.0,-2.5
46,131,2,1,2.5,1.25,-1.25
46,132,1,2,1.25,2.5,1.25
46,133,0,0,0.0,0.0,0.0
46,134,0,0,0.0,0.0,0.0
47,0,0,1,0.0,1.25,1.25
47,1,3,4,3.75,5.0,1.25
47,2,0,3,0.0,3.75,3.75
47,3,1,1,1.25,1.25,0.0
47,4,0,1,0.0,1.25,1.25
47,5,1,0,1.25,0.0,-1.25
47,6,1,1,1.25,1.25,0.0
47,7,5,5,6.25,6.25,0.0
47,8,0,0,0.0,0.0,0.0
47,9,0,0,0.0,0.0,0.0
47,10,5,3,6.25,3.75,-2.5
47,11,0,0,0.0,0.0,0.0
47,12,1,3,1.25,3.75,2.5
47,13,1,6,1.25,7.5,6.25
47,14,0,0,0.0,0.0,0.0
47,15,0,0,0.0,0.0,0.0
47,16,2,1,2.5,1.25,-1.25
47,17,1,2,1.25,2.5,1.25
47,18,0,2,0.0,2.5,2.5
47,19,0,1,0.0,1.25,1.25
47,20,6,1,7.5,1.25,-6.25
47,21,2,0,2.5,0.0,-2.5
47,22,1,1,1.25,1.25,0.0
47,23,0,6,0.0,7.5,7.5
47,24,0,0,0.0,0.0,0.0
47,25,6,0,7.5,0.0,-7.5
47,26,3,0,3.75,0.0,-3.75
47,27,0,0,0.0,0.0,0.0
47,28,0,0,0.0,0.0,0.0
47,29,0,0,0.0,0.0,0.0
47,30,1,1,1.25,1.25,0.0
47,31,3,1,3.75,1.25,-2.5
47,32,1,0,1.25,0.0,-1.25
47,33,2,0,2.5,0.0,-2.5
47,34,1,0,1.25,0.0,-1.25
47,35,0,4,0.0,5.0,5.0
47,36,0,0,0.0,0.0,0.0
47,37,2,1,2.5,1.25,-1.25
47,38,1,1,1.25,1.25,0.0
47,39,1,5,1.25,6.25,5.0
47,40,0,1,0.0,1.25,1.25
47,41,0,3,0.0,3.75,3.75
47,42,0,2,0.0,2.5,2.5
47,43,0,2,0.0,2.5,2.5
47,44,0,1,0.0,1.25,1.25
47,45,0,0,0.0,0.0,0.0
47,46,0,5,0.0,6.25,6.25
47,47,0,1,0.0,1.25,1.25
47,48,2,0,2.5,0.0,-2.5
47,49,1,2,1.25,2.5,1.25
47,50,4,0,5.0,0.0,-5.0
47,51,1,1,1.25,1.25,0.0
47,52,4,0,5.0,0.0,-5.0
47,53,0,4,0.0,5.0,5.0
47,54,4,6,5.0,7.5,2.5
47,55,2,0,2.5,0.0,-2.5
47,56,0,3,0.0,3.75,3.75
47,57,1,4,1.25,5.0,3.75
47,58,0,0,0.0,0.0,0.0
47,59,1,3,1.25,3.75,2.5
47,60,0,0,0.0,0.0,0.0
47,61,4,2,5.0,2.5,-2.5
47,62,2,1,2.5,1.25,-1.25
47,63,2,5,2.5,6.25,3.75
47,64,2,2,2.5,2.5,0.0
47,65,1,6,1.25,7.5,6.25
47,66,0,1,0.0,1.25,1.25
47,67,0,0,0.0,0.0,0.0
47,68,1,0,1.25,0.0,-1.25
47,69,1,0,1.25,0.0,-1.25
47,70,1,0,1.25,0.0,-1.25
47,71,2,3,2.5,3.75,1.25
47,72,2,1,2.5,1.25,-1.25
47,73,0,2,0.0,2.5,2.5
47,74,8,0,10.0,0.0,-10.0
47,75,0,3,0.0,3.75,3.75
47,76,2,5,2.5,6.25,3.75
47,77,2,1,2.5,1.25,-1.25
47,78,2,3,2.5,3.75,1.25
47,79,3,8,3.75,10.0,6.25
47,80,1,0,1.25,0.0,-1.25
47,81,0,2,0.0,2.5,2.5
47,82,3,0,3.75,0.0,-3.75
47,83,4,4,5.0,5.0,0.0
47,84,2,1,2.5,1.25,-1.25
47,85,4,0,5.0,0.0,-5.0
47,86,0,2,0.0,2.5,2.5
47,87,0,0,0.0,0.0,0.0
47,88,1,1,1.25,1.25,0.0
47,89,3,0,3.75,0.0,-3.75
47,90,2,1,2.5,1.25,-1.25
47,91,1,5,1.25,6.25,5.0
47,92,4,4,5.0,5.0,0.0
47,93,0,5,0.0,6.25,6.25
47,94,0,3,0.0,3.75,3.75
47,95,3,2,3.75,2.5,-1.25
47,96,0,1,0.0,1.25,1.25
47,97,6,1,7.5,1.25,-6.25
47,98,0,0,0.0,0.0,0.0
47,99,0,0,0.0,0.0,0.0
47,100,1,1,1.25,1.25,0.0
47,101,0,1,0.0,1.25,1.25
47,102,0,2,0.0,2.5,2.5
47,103,4,4,5.0,5.0,0.0
47,104,0,0,0.0,0.0,0.0
47,105,0,0,0.0,0.0,0.0
47,106,2,2,2.5,2.5,0.0
47,107,0,0,0.0,0.0,0.0
47,108,2,2,2.5,2.5,0.0
47,109,1,0,1.25,0.0,-1.25
47,110,0,0,0.0,0.0,0.0
47,111,2,1,2.5,1.25,-1.25
47,112,1,0,1.25,0.0,-1.25
47,113,5,2,6.25,2.5,-3.75
47,114,2,3,2.5,3.75,1.25
47,115,1,2,1.25,2.5,1.25
47,116,0,2,0.0,2.5,2.5
47,117,0,3,0.0,3.75,3.75
47,118,1,16,1.25,20.0,18.75
47,119,4,2,5.0,2.5,-2.5
47,120,4,1,5.0,1.25,-3.75
47,121,1,0,1.25,0.0,-1.25
47,122,9,1,11.25,1.25,-10.0
47,123,3,0,3.75,0.0,-3.75
47,124,3,4,3.75,5.0,1.25
47,125,3,7,3.75,8.75,5.0
47,126,3,2,3.75,2.5,-1.25
47,127,0,2,0.0,2.5,2.5
47,128,4,3,5.0,3.75,-1.25
47,129,1,1,1.25,1.25,0.0
47,130,1,3,1.25,3.75,2.5
47,131,2,0,2.5,0.0,-2.5
47,132,12,6,15.0,7.5,-7.5
47,133,4,1,5.0,1.25,-3.75
47,134,3,1,3.75,1.25,-2.5
48,0,15,12,18.75,15.0,-3.75
48,1,8,7,10.0,8.75,-1.25
48,2,9,11,11.25,13.75,2.5
48,3,14,11,17.5,13.75,-3.75
48,4,14,7,17.5,8.75,-8.75
48,5,14,11,17.5,13.75,-3.75
48,6,14,17,17.5,21.25,3.75
48,7,14,7,17.5,8.75,-8.75
48,8,5,9,6.25,11.25,5.0
48,9,2,6,2.5,7.5,5.0
48,10,9,5,11.25,6.25,-5.0
48,11,12,10,15.0,12.5,-2.5
48,12,3,4,3.75,5.0,1.25
48,13,12,6,15.0,7.5,-7.5
48,14,0,0,0.0,0.0,0.0
48,15,0,0,0.0,0.0,0.0
48,16,3,9,3.75,11.25,7.5
48,17,8,11,10.0,13.75,3.75
48,18,6,6,7.5,7.5,0.0
48,19,9,4,11.25,5.0,-6.25
48,20,9,5,11.25,6.25,-5.0
48,21,5,10,6.25,12.5,6.25
48,22,6,6,7.5,7.5,0.0
48,23,3,6,3.75,7.5,3.75
48,24,0,11,0.0,13.75,13.75
48,25,4,8,5.0,10.0,5.0
48,26,4,3,5.0,3.75,-1.25
48,27,1,1,1.25,1.25,0.0
48,28,0,2,0.0,2.5,2.5
48,29,3,18,3.75,22.5,18.75
48,30,10,18,12.5,22.5,10.0
48,31,6,3,7.5,3.75,-3.75
48,32,5,10,6.25,12.5,6.25
48,33,10,14,12.5,17.5,5.0
48,34,7,4,8.75,5.0,-3.75
48,35,12,9,15.0,11.25,-3.75
48,36,11,16,13.75,20.0,6.25
48,37,3,15,3.75,18.75,15.0
48,38,6,6,7.5,7.5,0.0
48,39,16,5,20.0,6.25,-13.75
48,40,8,6,10.0,7.5,-2.5
48,41,6,10,7.5,12.5,5.0
48,42,13,9,16.25,11.25,-5.0
48,43,8,6,10.0,7.5,-2.5
48,44,6,13,7.5,16.25,8.75
48,45,5,8,6.25,10.0,3.75
48,46,8,13,10.0,16.25,6.25
48,47,9,10,11.25,12.5,1.25
48,48,10,2,12.5,2.5,-10.0
48,49,6,1,7.5,1.25,-6.25
48,50,10,10,12.5,12.5,0.0
48,51,12,8,15.0,10.0,-5.0
48,52,9,7,11.25,8.75,-2.5
48,53,5,12,6.25,15.0,8.75
48,54,3,2,3.75,2.5,-1.25
48,55,15,5,18.75,6.25,-12.5
48,56,4,9,5.0,11.25,6.25
48,57,5,5,6.25,6.25,0.0
48,58,6,9,7.5,11.25,3.75
48,59,6,9,7.5,11.25,3.75
48,60,6,9,7.5,11.25,3.75
48,61,9,12,11.25,15.0,3.75
48,62,5,5,6.25,6.25,0.0
48,63,5,9,6.25,11.25,5.0
48,64,5,3,6.25,3.75,-2.5
48,65,3,7,3.75,8.75,5.0
48,66,11,6,13.75,7.5,-6.25
48,67,5,5,6.25,6.25,0.0
48,68,11,2,13.75,2.5,-11.25
48,69,5,7,6.25,8.75,2.5
48,70,4,4,5.0,5.0,0.0
48,71,10,15,12.5,18.75,6.25
48,72,8,9,10.0,11.25,1.25
48,73,3,6,3.75,7.5,3.75
48,74,8,3,10.0,3.75,-6.25
48,75,7,12,8.75,15.0,6.25
48,76,7,7,8.75,8.75,0.0
48,77,4,5,5.0,6.25,1.25
48,78,4,17,5.0,21.25,16.25
48,79,2,5,2.5,6.25,3.75
48,80,4,2,5.0,2.5,-2.5
48,81,4,13,5.0,16.25,11.25
48,82,7,6,8.75,7.5,-1.25
48,83,4,12,5.0,15.0,10.0
48,84,3,11,3.75,13.75,10.0
48,85,1,5,1.25,6.25,5.0
48,86,9,8,11.25,10.0,-1.25
48,87,5,12,6.25,15.0,8.75
48,88,14,2,17.5,2.5,-15.0
48,89,10,4,12.5,5.0,-7.5
48,90,5,4,6.25,5.0,-1.25
48,91,16,1,20.0,1.25,-18.75
48,92,6,4,7.5,5.0,-2.5
48,93,8,8,10.0,10.0,0.0
48,94,6,3,7.5,3.75,-3.75
48,95,3,8,3.75,10.0,6.25
48,96,10,7,12.5,8.75,-3.75
48,97,5,5,6.25,6.25,0.0
48,98,2,7,2.5,8.75,6.25
48,99,6,2,7.5,2.5,-5.0
48,100,4,1,5.0,1.25,-3.75
48,101,12,5,15.0,6.25,-8.75
48,102,8,6,10.0,7.5,-2.5
48,103,4,2,5.0,2.5,-2.5
48,104,5,7,6.25,8.75,2.5
48,105,13,9,16.25,11.25,-5.0
48,106,6,6,7.5,7.5,0.0
48,107,9,7,11.25,8.75,-2.5
48,108,14,3,17.5,3.75,-13.75
48,109,8,9,10.0,11.25,1.25
48,110,2,4,2.5,5.0,2.5
48,111,6,2,7.5,2.5,-5.0
48,112,2,3,2.5,3.75,1.25
48,113,10,8,12.5,10.0,-2.5
48,114,5,1,6.25,1.25,-5.0
48,115,6,6,7.5,7.5,0.0
48,116,5,10,6.25,12.5,6.25
48,117,6,5,7.5,6.25,-1.25
48,118,9,6,11.25,7.5,-3.75
48,119,12,14,15.0,17.5,2.5
48,120,13,3,16.25,3.75,-12.5
48,121,15,2,18.75,2.5,-16.25
48,122,2,5,2.5,6.25,3.75
48,123,7,7,8.75,8.75,0.0
48,124,8,4,10.0,5.0,-5.0
48,125,5,7,6.25,8.75,2.5
48,126,9,5,11.25,6.25,-5.0
48,127,8,7,10.0,8.75,-1.25
48,128,5,3,6.25,3.75,-2.5
48,129,8,8,10.0,10.0,0.0
48,130,4,4,5.0,5.0,0.0
48,131,10,4,12.5,5.0,-7.5
48,132,14,9,17.5,11.25,-6.25
48,133,2,2,2.5,2.5,0.0
48,134,5,4,6.25,5.0,-1.25
49,0,2,1,2.5,1.25,-1.25
49,1,6,6,7.5,7.5,0.0
49,2,1,0,1.25,0.0,-1.25
49,3,2,5,2.5,6.25,3.75
49,4,6,0,7.5,0.0,-7.5
49,5,2,2,2.5,2.5,0.0
49,6,5,4,6.25,5.0,-1.25
49,7,6,0,7.5,0.0,-7.5
49,8,4,1,5.0,1.25,-3.75
49,9,4,2,5.0,2.5,-2.5
49,10,1,3,1.25,3.75,2.5
49,11,2,5,2.5,6.25,3.75
49,12,2,3,2.5,3.75,1.25
49,13,7,2,8.75,2.5,-6.25
49,14,0,0,0.0,0.0,0.0
49,15,0,0,0.0,0.0,0.0
49,16,1,1,1.25,1.25,0.0
49,17,0,4,0.0,5.0,5.0
49,18,0,1,0.0,1.25,1.25
49,19,2,0,2.5,0.0,-2.5
49,20,2,1,2.5,1.25,-1.25
49,21,2,4,2.5,5.0,2.5
49,22,3,2,3.75,2.5,-1.25
49,23,6,1,7.5,1.25,-6.25
49,24,3,1,3.75,1.25,-2.5
49,25,6,0,7.5,0.0,-7.5
49,26,1,0,1.25,0.0,-1.25
49,27,0,0,0.0,0.0,0.0
49,28,0,0,0.0,0.0,0.0
49,29,0,3,0.0,3.75,3.75
49,30,1,0,1.25,0.0,-1.25
49,31,2,0,2.5,0.0,-2.5
49,32,1,6,1.25,7.5,6.25
49,33,0,1,0.0,1.25,1.25
49,34,2,0,2.5,0.0,-2.5
49,35,2,5,2.5,6.25,3.75
49,36,1,6,1.25,7.5,6.25
49,37,1,1,1.25,1.25,0.0
49,38,1,1,1.25,1.25,0.0
49,39,1,3,1.25,3.75,2.5
49,40,1,0,1.25,0.0,-1.25
49,41,6,4,7.5,5.0,-2.5
49,42,0,5,0.0,6.25,6.25
49,43,1,2,1.25,2.5,1.25
49,44,7,4,8.75,5.0,-3.75
49,45,2,2,2.5,2.5,0.0
49,46,0,3,0.0,3.75,3.75
49,47,12,2,15.0,2.5,-12.5
49,48,1,2,1.25,2.5,1.25
49,49,1,2,1.25,2.5,1.25
49,50,3,1,3.75,1.25,-2.5
49,51,1,6,1.25,7.5,6.25
49,52,0,3,0.0,3.75,3.75
49,53,5,5,6.25,6.25,0.0
49,54,1,1,1.25,1.25,0.0
49,55,0,1,0.0,1.25,1.25
49,56,5,0,6.25,0.0,-6.25
49,57,1,0,1.25,0.0,-1.25
49,58,2,2,2.5,2.5,0.0
49,59,4,3,5.0,3.75,-1.25
49,60,1,3,1.25,3.75,2.5
49,61,5,2,6.25,2.5,-3.75
49,62,2,2,2.5,2.5,0.0
49,63,0,5,0.0,6.25,6.25
49,64,1,1,1.25,1.25,0.0
49,65,2,0,2.5,0.0,-2.5
49,66,4,1,5.0,1.25,-3.75
49,67,2,3,2.5,3.75,1.25
49,68,0,1,0.0,1.25,1.25
49,69,1,2,1.25,2.5,1.25
49,70,2,5,2.5,6.25,3.75
49,71,3,2,3.75,2.5,-1.25
49,72,3,7,3.75,8.75,5.0
49,73,2,2,2.5,2.5,0.0
49,74,7,10,8.75,12.5,3.75
49,75,5,5,6.25,6.25,0.0
49,76,2,0,2.5,0.0,-2.5
49,77,5,6,6.25,7.5,1.25
49,78,2,4,2.5,5.0,2.5
49,79,0,3,0.0,3.75,3.75
49,80,0,3,0.0,3.75,3.75
49,81,4,1,5.0,1.25,-3.75
49,82,7,1,8.75,1.25,-7.5
49,83,2,2,2.5,2.5,0.0
49,84,3,0,3.75,0.0,-3.75
49,85,2,0,2.5,0.0,-2.5
49,86,1,1,1.25,1.25,0.0
49,87,2,1,2.5,1.25,-1.25
49,88,2,0,2.5,0.0,-2.5
49,89,6,6,7.5,7.5,0.0
49,90,2,0,2.5,0.0,-2.5
49,91,3,5,3.75,6.25,2.5
49,92,4,0,5.0,0.0,-5.0
49,93,2,3,2.5,3.75,1.25
49,94,1,1,1.25,1.25,0.0
49,95,2,4,2.5,5.0,2.5
49,96,0,1,0.0,1.25,1.25
49,97,2,0,2.5,0.0,-2.5
49,98,2,1,2.5,1.25,-1.25
49,99,3,3,3.75,3.75,0.0
49,100,4,0,5.0,0.0,-5.0
49,101,7,5,8.75,6.25,-2.5
49,102,2,2,2.5,2.5,0.0
49,103,1,5,1.25,6.25,5.0
49,104,1,4,1.25,5.0,3.75
49,105,3,4,3.75,5.0,1.25
49,106,1,1,1.25,1.25,0.0
49,107,4,1,5.0,1.25,-3.75
49,108,1,1,1.25,1.25,0.0
49,109,3,2,3.75,2.5,-1.25
49,110,0,4,0.0,5.0,5.0
49,111,2,5,2.5,6.25,3.75
49,112,3,4,3.75,5.0,1.25
49,113,4,1,5.0,1.25,-3.75
49,114,1,2,1.25,2.5,1.25
49,115,1,1,1.25,1.25,0.0
49,116,7,0,8.75,0.0,-8.75
49,117,3,0,3.75,0.0,-3.75
49,118,1,5,1.25,6.25,5.0
49,119,4,5,5.0,6.25,1.25
49,120,1,2,1.25,2.5,1.25
49,121,1,1,1.25,1.25,0.0
49,122,2,1,2.5,1.25,-1.25
49,123,2,5,2.5,6.25,3.75
49,124,4,2,5.0,2.5,-2.5
49,125,3,6,3.75,7.5,3.75
49,126,1,0,1.25,0.0,-1.25
49,127,1,3,1.25,3.75,2.5
49,128,3,0,3.75,0.0,-3.75
49,129,1,1,1.25,1.25,0.0
49,130,4,4,5.0,5.0,0.0
49,131,1,8,1.25,10.0,8.75
49,132,0,1,0.0,1.25,1.25
49,133,1,3,1.25,3.75,2.5
49,134,0,0,0.0,0.0,0.0
