unit_id,trial_id,baseline_count,response_count,baseline_rate_hz,response_rate_hz,rate_difference_hz
0,0,0,0,0.0,0.0,0.0
0,1,0,0,0.0,0.0,0.0
0,2,0,0,0.0,0.0,0.0
0,3,0,0,0.0,0.0,0.0
0,4,0,0,0.0,0.0,0.0
0,5,0,0,0.0,0.0,0.0
0,6,0,0,0.0,0.0,0.0
0,7,0,0,0.0,0.0,0.0
0,8,0,0,0.0,0.0,0.0
0,9,0,0,0.0,0.0,0.0
0,10,0,0,0.0,0.0,0.0
0,11,0,0,0.0,0.0,0.0
0,12,0,0,0.0,0.0,0.0
0,13,0,0,0.0,0.0,0.0
0,14,0,0,0.0,0.0,0.0
0,15,0,0,0.0,0.0,0.0
0,16,0,0,0.0,0.0,0.0
0,17,0,0,0.0,0.0,0.0
0,18,0,0,0.0,0.0,0.0
0,19,0,0,0.0,0.0,0.0
0,20,0,0,0.0,0.0,0.0
0,21,0,0,0.0,0.0,0.0
0,22,0,0,0.0,0.0,0.0
0,23,0,0,0.0,0.0,0.0
0,24,0,0,0.0,0.0,0.0
0,25,0,0,0.0,0.0,0.0
0,26,0,0,0.0,0.0,0.0
0,27,0,0,0.0,0.0,0.0
0,28,0,0,0.0,0.0,0.0
0,29,0,0,0.0,0.0,0.0
0,30,0,0,0.0,0.0,0.0
0,31,0,0,0.0,0.0,0.0
0,32,0,0,0.0,0.0,0.0
0,33,0,0,0.0,0.0,0.0
0,34,0,0,0.0,0.0,0.0
0,35,0,0,0.0,0.0,0.0
0,36,0,0,0.0,0.0,0.0
0,37,0,0,0.0,0.0,0.0
0,38,0,0,0.0,0.0,0.0
0,39,0,0,0.0,0.0,0.0
0,40,0,0,0.0,0.0,0.0
0,41,0,0,0.0,0.0,0.0
0,42,0,0,0.0,0.0,0.0
0,43,0,0,0.0,0.0,0.0
0,44,0,0,0.0,0.0,0.0
0,45,0,0,0.0,0.0,0.0
0,46,0,0,0.0,0.0,0.0
0,47,0,0,0.0,0.0,0.0
0,48,0,0,0.0,0.0,0.0
0,49,0,0,0.0,0.0,0.0
0,50,0,0,0.0,0.0,0.0
0,51,0,0,0.0,0.0,0.0
0,52,0,0,0.0,0.0,0.0
0,53,0,0,0.0,0.0,0.0
0,54,0,0,0.0,0.0,0.0
0,55,0,0,0.0,0.0,0.0
0,56,0,0,0.0,0.0,0.0
0,57,0,0,0.0,0.0,0.0
0,58,0,0,0.0,0.0,0.0
0,59,0,0,0.0,0.0,0.0
0,60,0,0,0.0,0.0,0.0
0,61,0,0,0.0,0.0,0.0
0,62,0,0,0.0,0.0,0.0
0,63,0,0,0.0,0.0,0.0
0,64,0,0,0.0,0.0,0.0
0,65,0,0,0.0,0.0,0.0
0,66,0,0,0.0,0.0,0.0
0,67,0,0,0.0,0.0,0.0
0,68,0,0,0.0,0.0,0.0
0,69,0,0,0.0,0.0,0.0
0,70,0,0,0.0,0.0,0.0
0,71,0,0,0.0,0.0,0.0
0,72,2,2,2.5,2.5,0.0
0,73,0,2,0.0,2.5,2.5
0,74,4,0,5.0,0.0,-5.0
0,75,0,1,0.0,1.25,1.25
0,76,0,1,0.0,1.25,1.25
0,77,0,0,0.0,0.0,0.0
0,78,0,1,0.0,1.25,1.25
0,79,1,1,1.25,1.25,0.0
0,80,1,2,1.25,2.5,1.25
0,81,1,0,1.25,0.0,-1.25
0,82,0,0,0.0,0.0,0.0
0,83,1,0,1.25,0.0,-1.25
0,84,0,3,0.0,3.75,3.75
0,85,0,0,0.0,0.0,0.0
0,86,0,0,0.0,0.0,0.0
0,87,5,0,6.25,0.0,-6.25
0,88,0,1,0.0,1.25,1.25
0,89,1,1,1.25,1.25,0.0
0,90,2,1,2.5,1.25,-1.25
0,91,0,1,0.0,1.25,1.25
0,92,5,0,6.25,0.0,-6.25
0,93,0,0,0.0,0.0,0.0
0,94,0,3,0.0,3.75,3.75
0,95,0,2,0.0,2.5,2.5
0,96,3,0,3.75,0.0,-3.75
0,97,0,0,0.0,0.0,0.0
0,98,1,2,1.25,2.5,1.25
0,99,0,0,0.0,0.0,0.0
0,100,0,0,0.0,0.0,0.0
0,101,3,3,3.75,3.75,0.0
0,102,0,0,0.0,0.0,0.0
0,103,0,0,0.0,0.0,0.0
0,104,0,0,0.0,0.0,0.0
0,105,0,0,0.0,0.0,0.0
0,106,0,0,0.0,0.0,0.0
0,107,0,0,0.0,0.0,0.0
0,108,0,0,0.0,0.0,0.0
0,109,0,1,0.0,1.25,1.25
0,110,0,0,0.0,0.0,0.0
0,111,2,1,2.5,1.25,-1.25
0,112,0,0,0.0,0.0,0.0
0,113,0,0,0.0,0.0,0.0
0,114,1,0,1.25,0.0,-1.25
0,115,2,0,2.5,0.0,-2.5
0,116,1,1,1.25,1.25,0.0
0,117,0,2,0.0,2.5,2.5
0,118,0,1,0.0,1.25,1.25
0,119,0,2,0.0,2.5,2.5
0,120,1,0,1.25,0.0,-1.25
0,121,0,3,0.0,3.75,3.75
0,122,0,0,0.0,0.0,0.0
0,123,0,0,0.0,0.0,0.0
0,124,1,0,1.25,0.0,-1.25
0,125,0,0,0.0,0.0,0.0
0,126,1,2,1.25,2.5,1.25
0,127,0,1,0.0,1.25,1.25
0,128,0,2,0.0,2.5,2.5
0,129,0,2,0.0,2.5,2.5
0,130,0,0,0.0,0.0,0.0
0,131,0,1,0.0,1.25,1.25
0,132,3,1,3.75,1.25,-2.5
0,133,0,2,0.0,2.5,2.5
0,134,1,1,1.25,1.25,0.0
1,0,4,1,5.0,1.25,-3.75
1,1,3,0,3.75,0.0,-3.75
1,2,3,1,3.75,1.25,-2.5
1,3,6,4,7.5,5.0,-2.5
1,4,4,3,5.0,3.75,-1.25
1,5,6,3,7.5,3.75,-3.75
1,6,8,4,10.0,5.0,-5.0
1,7,4,5,5.0,6.25,1.25
1,8,5,5,6.25,6.25,0.0
1,9,3,4,3.75,5.0,1.25
1,10,5,0,6.25,0.0,-6.25
1,11,1,1,1.25,1.25,0.0
1,12,1,3,1.25,3.75,2.5
1,13,9,3,11.25,3.75,-7.5
1,14,3,6,3.75,7.5,3.75
1,15,1,0,1.25,0.0,-1.25
1,16,4,3,5.0,3.75,-1.25
1,17,2,1,2.5,1.25,-1.25
1,18,2,7,2.5,8.75,6.25
1,19,6,4,7.5,5.0,-2.5
1,20,5,3,6.25,3.75,-2.5
1,21,2,1,2.5,1.25,-1.25
1,22,3,5,3.75,6.25,2.5
1,23,1,0,1.25,0.0,-1.25
1,24,0,0,0.0,0.0,0.0
1,25,5,3,6.25,3.75,-2.5
1,26,3,4,3.75,5.0,1.25
1,27,4,0,5.0,0.0,-5.0
1,28,4,0,5.0,0.0,-5.0
1,29,1,3,1.25,3.75,2.5
1,30,0,1,0.0,1.25,1.25
1,31,2,2,2.5,2.5,0.0
1,32,3,1,3.75,1.25,-2.5
1,33,4,1,5.0,1.25,-3.75
1,34,8,5,10.0,6.25,-3.75
1,35,2,2,2.5,2.5,0.0
1,36,0,0,0.0,0.0,0.0
1,37,1,0,1.25,0.0,-1.25
1,38,0,1,0.0,1.25,1.25
1,39,3,1,3.75,1.25,-2.5
1,40,1,1,1.25,1.25,0.0
1,41,0,1,0.0,1.25,1.25
1,42,0,2,0.0,2.5,2.5
1,43,5,0,6.25,0.0,-6.25
1,44,0,1,0.0,1.25,1.25
1,45,1,0,1.25,0.0,-1.25
1,46,0,1,0.0,1.25,1.25
1,47,1,5,1.25,6.25,5.0
1,48,1,0,1.25,0.0,-1.25
1,49,1,0,1.25,0.0,-1.25
1,50,0,0,0.0,0.0,0.0
1,51,0,2,0.0,2.5,2.5
1,52,1,0,1.25,0.0,-1.25
1,53,1,2,1.25,2.5,1.25
1,54,0,0,0.0,0.0,0.0
1,55,2,0,2.5,0.0,-2.5
1,56,0,1,0.0,1.25,1.25
1,57,0,1,0.0,1.25,1.25
1,58,0,0,0.0,0.0,0.0
1,59,0,0,0.0,0.0,0.0
1,60,0,0,0.0,0.0,0.0
1,61,0,0,0.0,0.0,0.0
1,62,0,1,0.0,1.25,1.25
1,63,0,0,0.0,0.0,0.0
1,64,0,0,0.0,0.0,0.0
1,65,1,1,1.25,1.25,0.0
1,66,0,0,0.0,0.0,0.0
1,67,0,0,0.0,0.0,0.0
1,68,0,0,0.0,0.0,0.0
1,69,0,0,0.0,0.0,0.0
1,70,0,1,0.0,1.25,1.25
1,71,5,1,6.25,1.25,-5.0
1,72,4,1,5.0,1.25,-3.75
1,73,0,1,0.0,1.25,1.25
1,74,0,1,0.0,1.25,1.25
1,75,1,0,1.25,0.0,-1.25
1,76,0,7,0.0,8.75,8.75
1,77,0,1,0.0,1.25,1.25
1,78,0,0,0.0,0.0,0.0
1,79,0,0,0.0,0.0,0.0
1,80,0,0,0.0,0.0,0.0
1,81,0,0,0.0,0.0,0.0
1,82,1,0,1.25,0.0,-1.25
1,83,0,0,0.0,0.0,0.0
1,84,0,0,0.0,0.0,0.0
1,85,0,0,0.0,0.0,0.0
1,86,0,0,0.0,0.0,0.0
1,87,0,1,0.0,1.25,1.25
1,88,0,0,0.0,0.0,0.0
1,89,0,0,0.0,0.0,0.0
1,90,0,0,0.0,0.0,0.0
1,91,2,0,2.5,0.0,-2.5
1,92,1,0,1.25,0.0,-1.25
1,93,0,0,0.0,0.0,0.0
1,94,0,0,0.0,0.0,0.0
1,95,0,0,0.0,0.0,0.0
1,96,0,0,0.0,0.0,0.0
1,97,0,0,0.0,0.0,0.0
1,98,1,0,1.25,0.0,-1.25
1,99,1,2,1.25,2.5,1.25
1,100,0,1,0.0,1.25,1.25
1,101,0,0,0.0,0.0,0.0
1,102,0,0,0.0,0.0,0.0
1,103,0,0,0.0,0.0,0.0
1,104,0,0,0.0,0.0,0.0
1,105,0,0,0.0,0.0,0.0
1,106,0,0,0.0,0.0,0.0
1,107,0,0,0.0,0.0,0.0
1,108,0,0,0.0,0.0,0.0
1,109,0,1,0.0,1.25,1.25
1,110,0,0,0.0,0.0,0.0
1,111,0,0,0.0,0.0,0.0
1,112,0,0,0.0,0.0,0.0
1,113,0,0,0.0,0.0,0.0
1,114,0,0,0.0,0.0,0.0
1,115,1,1,1.25,1.25,0.0
1,116,0,1,0.0,1.25,1.25
1,117,0,2,0.0,2.5,2.5
1,118,0,0,0.0,0.0,0.0
1,119,0,0,0.0,0.0,0.0
1,120,0,0,0.0,0.0,0.0
1,121,0,1,0.0,1.25,1.25
1,122,1,1,1.25,1.25,0.0
1,123,0,0,0.0,0.0,0.0
1,124,0,0,0.0,0.0,0.0
1,125,0,0,0.0,0.0,0.0
1,126,0,0,0.0,0.0,0.0
1,127,0,0,0.0,0.0,0.0
1,128,1,0,1.25,0.0,-1.25
1,129,2,0,2.5,0.0,-2.5
1,130,0,0,0.0,0.0,0.0
1,131,1,0,1.25,0.0,-1.25
1,132,0,1,0.0,1.25,1.25
1,133,0,0,0.0,0.0,0.0
1,134,2,0,2.5,0.0,-2.5
2,0,0,0,0.0,0.0,0.0
2,1,2,0,2.5,0.0,-2.5
2,2,0,1,0.0,1.25,1.25
2,3,1,0,1.25,0.0,-1.25
2,4,1,1,1.25,1.25,0.0
2,5,1,0,1.25,0.0,-1.25
2,6,3,2,3.75,2.5,-1.25
2,7,4,4,5.0,5.0,0.0
2,8,1,1,1.25,1.25,0.0
2,9,1,2,1.25,2.5,1.25
2,10,0,0,0.0,0.0,0.0
2,11,0,0,0.0,0.0,0.0
2,12,6,3,7.5,3.75,-3.75
2,13,2,0,2.5,0.0,-2.5
2,14,1,0,1.25,0.0,-1.25
2,15,7,1,8.75,1.25,-7.5
2,16,4,0,5.0,0.0,-5.0
2,17,6,2,7.5,2.5,-5.0
2,18,0,5,0.0,6.25,6.25
2,19,1,5,1.25,6.25,5.0
2,20,2,0,2.5,0.0,-2.5
2,21,2,4,2.5,5.0,2.5
2,22,5,1,6.25,1.25,-5.0
2,23,1,5,1.25,6.25,5.0
2,24,3,2,3.75,2.5,-1.25
2,25,0,1,0.0,1.25,1.25
2,26,2,0,2.5,0.0,-2.5
2,27,1,0,1.25,0.0,-1.25
2,28,0,0,0.0,0.0,0.0
2,29,0,0,0.0,0.0,0.0
2,30,2,6,2.5,7.5,5.0
2,31,3,1,3.75,1.25,-2.5
2,32,2,1,2.5,1.25,-1.25
2,33,0,1,0.0,1.25,1.25
2,34,1,0,1.25,0.0,-1.25
2,35,3,0,3.75,0.0,-3.75
2,36,0,2,0.0,2.5,2.5
2,37,1,0,1.25,0.0,-1.25
2,38,0,1,0.0,1.25,1.25
2,39,1,4,1.25,5.0,3.75
2,40,0,7,0.0,8.75,8.75
2,41,1,1,1.25,1.25,0.0
2,42,1,5,1.25,6.25,5.0
2,43,1,2,1.25,2.5,1.25
2,44,0,0,0.0,0.0,0.0
2,45,0,1,0.0,1.25,1.25
2,46,1,1,1.25,1.25,0.0
2,47,2,0,2.5,0.0,-2.5
2,48,0,2,0.0,2.5,2.5
2,49,0,0,0.0,0.0,0.0
2,50,1,2,1.25,2.5,1.25
2,51,0,0,0.0,0.0,0.0
2,52,5,1,6.25,1.25,-5.0
2,53,3,3,3.75,3.75,0.0
2,54,3,5,3.75,6.25,2.5
2,55,2,0,2.5,0.0,-2.5
2,56,0,0,0.0,0.0,0.0
2,57,2,0,2.5,0.0,-2.5
2,58,3,1,3.75,1.25,-2.5
2,59,1,1,1.25,1.25,0.0
2,60,1,0,1.25,0.0,-1.25
2,61,5,2,6.25,2.5,-3.75
2,62,0,4,0.0,5.0,5.0
2,63,0,0,0.0,0.0,0.0
2,64,0,0,0.0,0.0,0.0
2,65,2,0,2.5,0.0,-2.5
2,66,1,2,1.25,2.5,1.25
2,67,0,0,0.0,0.0,0.0
2,68,0,0,0.0,0.0,0.0
2,69,2,0,2.5,0.0,-2.5
2,70,3,2,3.75,2.5,-1.25
2,71,2,2,2.5,2.5,0.0
2,72,3,0,3.75,0.0,-3.75
2,73,1,1,1.25,1.25,0.0
2,74,1,0,1.25,0.0,-1.25
2,75,0,1,0.0,1.25,1.25
2,76,1,1,1.25,1.25,0.0
2,77,4,0,5.0,0.0,-5.0
2,78,1,3,1.25,3.75,2.5
2,79,0,2,0.0,2.5,2.5
2,80,3,1,3.75,1.25,-2.5
2,81,1,1,1.25,1.25,0.0
2,82,0,3,0.0,3.75,3.75
2,83,2,0,2.5,0.0,-2.5
2,84,0,0,0.0,0.0,0.0
2,85,1,0,1.25,0.0,-1.25
2,86,2,1,2.5,1.25,-1.25
2,87,0,0,0.0,0.0,0.0
2,88,2,2,2.5,2.5,0.0
2,89,3,0,3.75,0.0,-3.75
2,90,0,0,0.0,0.0,0.0
2,91,1,3,1.25,3.75,2.5
2,92,1,0,1.25,0.0,-1.25
2,93,2,0,2.5,0.0,-2.5
2,94,3,1,3.75,1.25,-2.5
2,95,1,1,1.25,1.25,0.0
2,96,0,3,0.0,3.75,3.75
2,97,0,0,0.0,0.0,0.0
2,98,0,0,0.0,0.0,0.0
2,99,0,0,0.0,0.0,0.0
2,100,0,0,0.0,0.0,0.0
2,101,2,2,2.5,2.5,0.0
2,102,0,1,0.0,1.25,1.25
2,103,0,0,0.0,0.0,0.0
2,104,0,0,0.0,0.0,0.0
2,105,0,0,0.0,0.0,0.0
2,106,0,0,0.0,0.0,0.0
2,107,3,3,3.75,3.75,0.0
2,108,3,2,3.75,2.5,-1.25
2,109,0,2,0.0,2.5,2.5
2,110,3,0,3.75,0.0,-3.75
2,111,0,2,0.0,2.5,2.5
2,112,0,0,0.0,0.0,0.0
2,113,0,2,0.0,2.5,2.5
2,114,2,1,2.5,1.25,-1.25
2,115,5,3,6.25,3.75,-2.5
2,116,2,0,2.5,0.0,-2.5
2,117,1,2,1.25,2.5,1.25
2,118,0,2,0.0,2.5,2.5
2,119,0,0,0.0,0.0,0.0
2,120,0,0,0.0,0.0,0.0
2,121,0,3,0.0,3.75,3.75
2,122,1,0,1.25,0.0,-1.25
2,123,0,0,0.0,0.0,0.0
2,124,0,2,0.0,2.5,2.5
2,125,3,2,3.75,2.5,-1.25
2,126,0,0,0.0,0.0,0.0
2,127,0,0,0.0,0.0,0.0
2,128,1,0,1.25,0.0,-1.25
2,129,0,0,0.0,0.0,0.0
2,130,0,1,0.0,1.25,1.25
2,131,0,1,0.0,1.25,1.25
2,132,1,5,1.25,6.25,5.0
2,133,3,2,3.75,2.5,-1.25
2,134,3,0,3.75,0.0,-3.75
3,0,4,3,5.0,3.75,-1.25
3,1,4,14,5.0,17.5,12.5
3,2,5,7,6.25,8.75,2.5
3,3,5,2,6.25,2.5,-3.75
3,4,1,4,1.25,5.0,3.75
3,5,6,6,7.5,7.5,0.0
3,6,3,7,3.75,8.75,5.0
3,7,1,3,1.25,3.75,2.5
3,8,1,6,1.25,7.5,6.25
3,9,4,5,5.0,6.25,1.25
3,10,7,2,8.75,2.5,-6.25
3,11,2,5,2.5,6.25,3.75
3,12,0,5,0.0,6.25,6.25
3,13,9,3,11.25,3.75,-7.5
3,14,11,1,13.75,1.25,-12.5
3,15,2,4,2.5,5.0,2.5
3,16,6,3,7.5,3.75,-3.75
3,17,5,3,6.25,3.75,-2.5
3,18,6,4,7.5,5.0,-2.5
3,19,1,2,1.25,2.5,1.25
3,20,7,1,8.75,1.25,-7.5
3,21,3,4,3.75,5.0,1.25
3,22,3,4,3.75,5.0,1.25
3,23,5,2,6.25,2.5,-3.75
3,24,4,5,5.0,6.25,1.25
3,25,3,5,3.75,6.25,2.5
3,26,5,1,6.25,1.25,-5.0
3,27,10,0,12.5,0.0,-12.5
3,28,9,5,11.25,6.25,-5.0
3,29,4,1,5.0,1.25,-3.75
3,30,1,2,1.25,2.5,1.25
3,31,5,7,6.25,8.75,2.5
3,32,13,5,16.25,6.25,-10.0
3,33,4,5,5.0,6.25,1.25
3,34,10,5,12.5,6.25,-6.25
3,35,6,7,7.5,8.75,1.25
3,36,4,2,5.0,2.5,-2.5
3,37,3,2,3.75,2.5,-1.25
3,38,0,5,0.0,6.25,6.25
3,39,15,2,18.75,2.5,-16.25
3,40,3,6,3.75,7.5,3.75
3,41,4,3,5.0,3.75,-1.25
3,42,4,4,5.0,5.0,0.0
3,43,4,4,5.0,5.0,0.0
3,44,7,1,8.75,1.25,-7.5
3,45,3,3,3.75,3.75,0.0
3,46,3,0,3.75,0.0,-3.75
3,47,3,3,3.75,3.75,0.0
3,48,5,5,6.25,6.25,0.0
3,49,2,1,2.5,1.25,-1.25
3,50,3,4,3.75,5.0,1.25
3,51,3,1,3.75,1.25,-2.5
3,52,2,3,2.5,3.75,1.25
3,53,0,1,0.0,1.25,1.25
3,54,4,2,5.0,2.5,-2.5
3,55,4,4,5.0,5.0,0.0
3,56,3,3,3.75,3.75,0.0
3,57,6,0,7.5,0.0,-7.5
3,58,4,5,5.0,6.25,1.25
3,59,4,5,5.0,6.25,1.25
3,60,6,1,7.5,1.25,-6.25
3,61,6,0,7.5,0.0,-7.5
3,62,3,3,3.75,3.75,0.0
3,63,6,6,7.5,7.5,0.0
3,64,0,4,0.0,5.0,5.0
3,65,0,6,0.0,7.5,7.5
3,66,3,1,3.75,1.25,-2.5
3,67,1,0,1.25,0.0,-1.25
3,68,0,0,0.0,0.0,0.0
3,69,3,3,3.75,3.75,0.0
3,70,5,2,6.25,2.5,-3.75
3,71,6,2,7.5,2.5,-5.0
3,72,5,1,6.25,1.25,-5.0
3,73,2,7,2.5,8.75,6.25
3,74,2,3,2.5,3.75,1.25
3,75,6,2,7.5,2.5,-5.0
3,76,4,1,5.0,1.25,-3.75
3,77,2,1,2.5,1.25,-1.25
3,78,1,3,1.25,3.75,2.5
3,79,0,1,0.0,1.25,1.25
3,80,4,1,5.0,1.25,-3.75
3,81,5,4,6.25,5.0,-1.25
3,82,3,1,3.75,1.25,-2.5
3,83,3,1,3.75,1.25,-2.5
3,84,4,2,5.0,2.5,-2.5
3,85,0,1,0.0,1.25,1.25
3,86,0,2,0.0,2.5,2.5
3,87,1,3,1.25,3.75,2.5
3,88,4,4,5.0,5.0,0.0
3,89,9,0,11.25,0.0,-11.25
3,90,4,3,5.0,3.75,-1.25
3,91,11,2,13.75,2.5,-11.25
3,92,6,3,7.5,3.75,-3.75
3,93,5,3,6.25,3.75,-2.5
3,94,6,2,7.5,2.5,-5.0
3,95,0,1,0.0,1.25,1.25
3,96,6,3,7.5,3.75,-3.75
3,97,0,3,0.0,3.75,3.75
3,98,4,0,5.0,0.0,-5.0
3,99,0,1,0.0,1.25,1.25
3,100,0,0,0.0,0.0,0.0
3,101,2,3,2.5,3.75,1.25
3,102,6,3,7.5,3.75,-3.75
3,103,1,0,1.25,0.0,-1.25
3,104,0,0,0.0,0.0,0.0
3,105,0,0,0.0,0.0,0.0
3,106,0,0,0.0,0.0,0.0
3,107,1,4,1.25,5.0,3.75
3,108,2,5,2.5,6.25,3.75
3,109,4,10,5.0,12.5,7.5
3,110,12,12,15.0,15.0,0.0
3,111,3,3,3.75,3.75,0.0
3,112,8,0,10.0,0.0,-10.0
3,113,7,0,8.75,0.0,-8.75
3,114,4,2,5.0,2.5,-2.5
3,115,9,1,11.25,1.25,-10.0
3,116,4,2,5.0,2.5,-2.5
3,117,0,3,0.0,3.75,3.75
3,118,3,2,3.75,2.5,-1.25
3,119,2,2,2.5,2.5,0.0
3,120,5,2,6.25,2.5,-3.75
3,121,7,5,8.75,6.25,-2.5
3,122,0,1,0.0,1.25,1.25
3,123,1,2,1.25,2.5,1.25
3,124,3,4,3.75,5.0,1.25
3,125,2,3,2.5,3.75,1.25
3,126,9,5,11.25,6.25,-5.0
3,127,1,5,1.25,6.25,5.0
3,128,1,6,1.25,7.5,6.25
3,129,0,4,0.0,5.0,5.0
3,130,6,3,7.5,3.75,-3.75
3,131,2,1,2.5,1.25,-1.25
3,132,3,4,3.75,5.0,1.25
3,133,0,0,0.0,0.0,0.0
3,134,2,1,2.5,1.25,-1.25
4,0,0,0,0.0,0.0,0.0
4,1,0,0,0.0,0.0,0.0
4,2,0,0,0.0,0.0,0.0
4,3,0,0,0.0,0.0,0.0
4,4,0,0,0.0,0.0,0.0
4,5,0,0,0.0,0.0,0.0
4,6,0,0,0.0,0.0,0.0
4,7,0,0,0.0,0.0,0.0
4,8,0,1,0.0,1.25,1.25
4,9,1,4,1.25,5.0,3.75
4,10,0,0,0.0,0.0,0.0
4,11,0,0,0.0,0.0,0.0
4,12,2,1,2.5,1.25,-1.25
4,13,1,2,1.25,2.5,1.25
4,14,2,2,2.5,2.5,0.0
4,15,0,3,0.0,3.75,3.75
4,16,0,2,0.0,2.5,2.5
4,17,0,0,0.0,0.0,0.0
4,18,2,2,2.5,2.5,0.0
4,19,2,2,2.5,2.5,0.0
4,20,1,3,1.25,3.75,2.5
4,21,1,0,1.25,0.0,-1.25
4,22,3,0,3.75,0.0,-3.75
4,23,1,0,1.25,0.0,-1.25
4,24,2,2,2.5,2.5,0.0
4,25,2,1,2.5,1.25,-1.25
4,26,0,1,0.0,1.25,1.25
4,27,3,0,3.75,0.0,-3.75
4,28,0,0,0.0,0.0,0.0
4,29,0,0,0.0,0.0,0.0
4,30,0,0,0.0,0.0,0.0
4,31,2,1,2.5,1.25,-1.25
4,32,3,0,3.75,0.0,-3.75
4,33,5,1,6.25,1.25,-5.0
4,34,2,0,2.5,0.0,-2.5
4,35,2,1,2.5,1.25,-1.25
4,36,0,0,0.0,0.0,0.0
4,37,0,0,0.0,0.0,0.0
4,38,0,0,0.0,0.0,0.0
4,39,1,2,1.25,2.5,1.25
4,40,1,1,1.25,1.25,0.0
4,41,1,1,1.25,1.25,0.0
4,42,3,3,3.75,3.75,0.0
4,43,2,3,2.5,3.75,1.25
4,44,0,0,0.0,0.0,0.0
4,45,0,0,0.0,0.0,0.0
4,46,1,1,1.25,1.25,0.0
4,47,2,0,2.5,0.0,-2.5
4,48,2,0,2.5,0.0,-2.5
4,49,2,0,2.5,0.0,-2.5
4,50,2,2,2.5,2.5,0.0
4,51,2,0,2.5,0.0,-2.5
4,52,1,0,1.25,0.0,-1.25
4,53,0,1,0.0,1.25,1.25
4,54,2,1,2.5,1.25,-1.25
4,55,0,1,0.0,1.25,1.25
4,56,3,0,3.75,0.0,-3.75
4,57,2,1,2.5,1.25,-1.25
4,58,1,2,1.25,2.5,1.25
4,59,0,0,0.0,0.0,0.0
4,60,2,1,2.5,1.25,-1.25
4,61,0,0,0.0,0.0,0.0
4,62,2,1,2.5,1.25,-1.25
4,63,2,1,2.5,1.25,-1.25
4,64,1,1,1.25,1.25,0.0
4,65,0,1,0.0,1.25,1.25
4,66,1,0,1.25,0.0,-1.25
4,67,1,1,1.25,1.25,0.0
4,68,0,0,0.0,0.0,0.0
4,69,1,0,1.25,0.0,-1.25
4,70,0,0,0.0,0.0,0.0
4,71,1,3,1.25,3.75,2.5
4,72,1,0,1.25,0.0,-1.25
4,73,2,2,2.5,2.5,0.0
4,74,3,2,3.75,2.5,-1.25
4,75,1,3,1.25,3.75,2.5
4,76,4,5,5.0,6.25,1.25
4,77,0,2,0.0,2.5,2.5
4,78,1,9,1.25,11.25,10.0
4,79,0,3,0.0,3.75,3.75
4,80,3,2,3.75,2.5,-1.25
4,81,2,3,2.5,3.75,1.25
4,82,3,2,3.75,2.5,-1.25
4,83,4,1,5.0,1.25,-3.75
4,84,1,1,1.25,1.25,0.0
4,85,1,1,1.25,1.25,0.0
4,86,0,1,0.0,1.25,1.25
4,87,1,1,1.25,1.25,0.0
4,88,0,2,0.0,2.5,2.5
4,89,1,0,1.25,0.0,-1.25
4,90,4,0,5.0,0.0,-5.0
4,91,5,2,6.25,2.5,-3.75
4,92,3,2,3.75,2.5,-1.25
4,93,0,2,0.0,2.5,2.5
4,94,5,1,6.25,1.25,-5.0
4,95,3,1,3.75,1.25,-2.5
4,96,0,2,0.0,2.5,2.5
4,97,0,0,0.0,0.0,0.0
4,98,1,0,1.25,0.0,-1.25
4,99,0,0,0.0,0.0,0.0
4,100,1,0,1.25,0.0,-1.25
4,101,2,1,2.5,1.25,-1.25
4,102,2,1,2.5,1.25,-1.25
4,103,0,0,0.0,0.0,0.0
4,104,0,0,0.0,0.0,0.0
4,105,0,0,0.0,0.0,0.0
4,106,0,0,0.0,0.0,0.0
4,107,1,2,1.25,2.5,1.25
4,108,3,0,3.75,0.0,-3.75
4,109,0,2,0.0,2.5,2.5
4,110,0,1,0.0,1.25,1.25
4,111,0,1,0.0,1.25,1.25
4,112,4,0,5.0,0.0,-5.0
4,113,2,2,2.5,2.5,0.0
4,114,2,1,2.5,1.25,-1.25
4,115,0,1,0.0,1.25,1.25
4,116,1,1,1.25,1.25,0.0
4,117,0,3,0.0,3.75,3.75
4,118,3,2,3.75,2.5,-1.25
4,119,4,0,5.0,0.0,-5.0
4,120,3,1,3.75,1.25,-2.5
4,121,2,2,2.5,2.5,0.0
4,122,0,0,0.0,0.0,0.0
4,123,1,1,1.25,1.25,0.0
4,124,1,0,1.25,0.0,-1.25
4,125,2,1,2.5,1.25,-1.25
4,126,3,0,3.75,0.0,-3.75
4,127,1,2,1.25,2.5,1.25
4,128,0,0,0.0,0.0,0.0
4,129,2,0,2.5,0.0,-2.5
4,130,1,0,1.25,0.0,-1.25
4,131,1,1,1.25,1.25,0.0
4,132,2,0,2.5,0.0,-2.5
4,133,1,1,1.25,1.25,0.0
4,134,1,1,1.25,1.25,0.0
5,0,2,3,2.5,3.75,1.25
5,1,0,0,0.0,0.0,0.0
5,2,0,1,0.0,1.25,1.25
5,3,0,0,0.0,0.0,0.0
5,4,0,0,0.0,0.0,0.0
5,5,0,0,0.0,0.0,0.0
5,6,3,2,3.75,2.5,-1.25
5,7,1,2,1.25,2.5,1.25
5,8,3,3,3.75,3.75,0.0
5,9,5,4,6.25,5.0,-1.25
5,10,0,0,0.0,0.0,0.0
5,11,0,0,0.0,0.0,0.0
5,12,2,1,2.5,1.25,-1.25
5,13,7,0,8.75,0.0,-8.75
5,14,5,3,6.25,3.75,-2.5
5,15,2,2,2.5,2.5,0.0
5,16,2,2,2.5,2.5,0.0
5,17,2,2,2.5,2.5,0.0
5,18,1,4,1.25,5.0,3.75
5,19,1,3,1.25,3.75,2.5
5,20,1,3,1.25,3.75,2.5
5,21,4,2,5.0,2.5,-2.5
5,22,0,3,0.0,3.75,3.75
5,23,0,4,0.0,5.0,5.0
5,24,4,0,5.0,0.0,-5.0
5,25,1,2,1.25,2.5,1.25
5,26,2,3,2.5,3.75,1.25
5,27,5,0,6.25,0.0,-6.25
5,28,0,0,0.0,0.0,0.0
5,29,0,0,0.0,0.0,0.0
5,30,3,1,3.75,1.25,-2.5
5,31,2,6,2.5,7.5,5.0
5,32,1,3,1.25,3.75,2.5
5,33,0,3,0.0,3.75,3.75
5,34,1,4,1.25,5.0,3.75
5,35,3,2,3.75,2.5,-1.25
5,36,2,2,2.5,2.5,0.0
5,37,0,0,0.0,0.0,0.0
5,38,0,3,0.0,3.75,3.75
5,39,5,10,6.25,12.5,6.25
5,40,1,1,1.25,1.25,0.0
5,41,1,1,1.25,1.25,0.0
5,42,1,0,1.25,0.0,-1.25
5,43,5,3,6.25,3.75,-2.5
5,44,1,0,1.25,0.0,-1.25
5,45,0,0,0.0,0.0,0.0
5,46,0,2,0.0,2.5,2.5
5,47,1,2,1.25,2.5,1.25
5,48,2,3,2.5,3.75,1.25
5,49,4,1,5.0,1.25,-3.75
5,50,6,3,7.5,3.75,-3.75
5,51,4,1,5.0,1.25,-3.75
5,52,2,1,2.5,1.25,-1.25
5,53,1,1,1.25,1.25,0.0
5,54,1,2,1.25,2.5,1.25
5,55,0,2,0.0,2.5,2.5
5,56,1,1,1.25,1.25,0.0
5,57,2,1,2.5,1.25,-1.25
5,58,1,3,1.25,3.75,2.5
5,59,1,2,1.25,2.5,1.25
5,60,2,2,2.5,2.5,0.0
5,61,2,1,2.5,1.25,-1.25
5,62,5,2,6.25,2.5,-3.75
5,63,2,4,2.5,5.0,2.5
5,64,5,2,6.25,2.5,-3.75
5,65,0,2,0.0,2.5,2.5
5,66,2,0,2.5,0.0,-2.5
5,67,3,0,3.75,0.0,-3.75
5,68,0,0,0.0,0.0,0.0
5,69,0,2,0.0,2.5,2.5
5,70,0,0,0.0,0.0,0.0
5,71,2,1,2.5,1.25,-1.25
5,72,3,1,3.75,1.25,-2.5
5,73,0,1,0.0,1.25,1.25
5,74,3,6,3.75,7.5,3.75
5,75,0,2,0.0,2.5,2.5
5,76,2,4,2.5,5.0,2.5
5,77,3,5,3.75,6.25,2.5
5,78,5,3,6.25,3.75,-2.5
5,79,2,1,2.5,1.25,-1.25
5,80,0,2,0.0,2.5,2.5
5,81,4,3,5.0,3.75,-1.25
5,82,0,2,0.0,2.5,2.5
5,83,3,0,3.75,0.0,-3.75
5,84,1,0,1.25,0.0,-1.25
5,85,6,3,7.5,3.75,-3.75
5,86,2,0,2.5,0.0,-2.5
5,87,1,2,1.25,2.5,1.25
5,88,2,1,2.5,1.25,-1.25
5,89,3,3,3.75,3.75,0.0
5,90,1,0,1.25,0.0,-1.25
5,91,6,0,7.5,0.0,-7.5
5,92,2,1,2.5,1.25,-1.25
5,93,0,2,0.0,2.5,2.5
5,94,3,1,3.75,1.25,-2.5
5,95,3,2,3.75,2.5,-1.25
5,96,2,0,2.5,0.0,-2.5
5,97,0,0,0.0,0.0,0.0
5,98,2,0,2.5,0.0,-2.5
5,99,0,0,0.0,0.0,0.0
5,100,1,1,1.25,1.25,0.0
5,101,2,2,2.5,2.5,0.0
5,102,0,2,0.0,2.5,2.5
5,103,0,0,0.0,0.0,0.0
5,104,0,0,0.0,0.0,0.0
5,105,1,0,1.25,0.0,-1.25
5,106,2,1,2.5,1.25,-1.25
5,107,0,2,0.0,2.5,2.5
5,108,2,2,2.5,2.5,0.0
5,109,0,3,0.0,3.75,3.75
5,110,5,2,6.25,2.5,-3.75
5,111,0,3,0.0,3.75,3.75
5,112,3,0,3.75,0.0,-3.75
5,113,5,1,6.25,1.25,-5.0
5,114,2,12,2.5,15.0,12.5
5,115,2,3,2.5,3.75,1.25
5,116,4,3,5.0,3.75,-1.25
5,117,0,5,0.0,6.25,6.25
5,118,3,1,3.75,1.25,-2.5
5,119,1,2,1.25,2.5,1.25
5,120,4,4,5.0,5.0,0.0
5,121,4,1,5.0,1.25,-3.75
5,122,3,1,3.75,1.25,-2.5
5,123,0,3,0.0,3.75,3.75
5,124,1,4,1.25,5.0,3.75
5,125,5,3,6.25,3.75,-2.5
5,126,3,0,3.75,0.0,-3.75
5,127,7,2,8.75,2.5,-6.25
5,128,3,2,3.75,2.5,-1.25
5,129,9,4,11.25,5.0,-6.25
5,130,1,1,1.25,1.25,0.0
5,131,3,2,3.75,2.5,-1.25
5,132,2,1,2.5,1.25,-1.25
5,133,2,0,2.5,0.0,-2.5
5,134,0,3,0.0,3.75,3.75
6,0,0,2,0.0,2.5,2.5
6,1,0,0,0.0,0.0,0.0
6,2,0,1,0.0,1.25,1.25
6,3,0,0,0.0,0.0,0.0
6,4,0,0,0.0,0.0,0.0
6,5,0,0,0.0,0.0,0.0
6,6,1,2,1.25,2.5,1.25
6,7,5,2,6.25,2.5,-3.75
6,8,1,1,1.25,1.25,0.0
6,9,0,3,0.0,3.75,3.75
6,10,0,0,0.0,0.0,0.0
6,11,0,0,0.0,0.0,0.0
6,12,2,0,2.5,0.0,-2.5
6,13,2,0,2.5,0.0,-2.5
6,14,2,2,2.5,2.5,0.0
6,15,1,1,1.25,1.25,0.0
6,16,0,0,0.0,0.0,0.0
6,17,1,1,1.25,1.25,0.0
6,18,1,1,1.25,1.25,0.0
6,19,2,0,2.5,0.0,-2.5
6,20,4,2,5.0,2.5,-2.5
6,21,1,3,1.25,3.75,2.5
6,22,4,2,5.0,2.5,-2.5
6,23,1,4,1.25,5.0,3.75
6,24,2,0,2.5,0.0,-2.5
6,25,0,1,0.0,1.25,1.25
6,26,1,2,1.25,2.5,1.25
6,27,1,0,1.25,0.0,-1.25
6,28,0,0,0.0,0.0,0.0
6,29,0,0,0.0,0.0,0.0
6,30,0,1,0.0,1.25,1.25
6,31,1,1,1.25,1.25,0.0
6,32,0,2,0.0,2.5,2.5
6,33,1,4,1.25,5.0,3.75
6,34,2,0,2.5,0.0,-2.5
6,35,2,1,2.5,1.25,-1.25
6,36,0,0,0.0,0.0,0.0
6,37,0,0,0.0,0.0,0.0
6,38,0,1,0.0,1.25,1.25
6,39,2,3,2.5,3.75,1.25
6,40,1,1,1.25,1.25,0.0
6,41,2,1,2.5,1.25,-1.25
6,42,0,1,0.0,1.25,1.25
6,43,1,0,1.25,0.0,-1.25
6,44,3,1,3.75,1.25,-2.5
6,45,0,0,0.0,0.0,0.0
6,46,0,1,0.0,1.25,1.25
6,47,2,3,2.5,3.75,1.25
6,48,1,0,1.25,0.0,-1.25
6,49,3,1,3.75,1.25,-2.5
6,50,2,1,2.5,1.25,-1.25
6,51,1,0,1.25,0.0,-1.25
6,52,1,3,1.25,3.75,2.5
6,53,1,2,1.25,2.5,1.25
6,54,3,5,3.75,6.25,2.5
6,55,0,0,0.0,0.0,0.0
6,56,3,2,3.75,2.5,-1.25
6,57,3,0,3.75,0.0,-3.75
6,58,0,1,0.0,1.25,1.25
6,59,1,0,1.25,0.0,-1.25
6,60,4,1,5.0,1.25,-3.75
6,61,2,2,2.5,2.5,0.0
6,62,0,2,0.0,2.5,2.5
6,63,1,2,1.25,2.5,1.25
6,64,2,0,2.5,0.0,-2.5
6,65,4,1,5.0,1.25,-3.75
6,66,2,1,2.5,1.25,-1.25
6,67,0,0,0.0,0.0,0.0
6,68,0,0,0.0,0.0,0.0
6,69,1,2,1.25,2.5,1.25
6,70,1,1,1.25,1.25,0.0
6,71,1,2,1.25,2.5,1.25
6,72,0,3,0.0,3.75,3.75
6,73,2,4,2.5,5.0,2.5
6,74,3,6,3.75,7.5,3.75
6,75,5,2,6.25,2.5,-3.75
6,76,1,2,1.25,2.5,1.25
6,77,2,2,2.5,2.5,0.0
6,78,2,3,2.5,3.75,1.25
6,79,0,0,0.0,0.0,0.0
6,80,0,1,0.0,1.25,1.25
6,81,2,2,2.5,2.5,0.0
6,82,3,1,3.75,1.25,-2.5
6,83,1,2,1.25,2.5,1.25
6,84,3,5,3.75,6.25,2.5
6,85,1,0,1.25,0.0,-1.25
6,86,0,1,0.0,1.25,1.25
6,87,3,4,3.75,5.0,1.25
6,88,2,1,2.5,1.25,-1.25
6,89,1,1,1.25,1.25,0.0
6,90,1,1,1.25,1.25,0.0
6,91,3,1,3.75,1.25,-2.5
6,92,3,0,3.75,0.0,-3.75
6,93,3,2,3.75,2.5,-1.25
6,94,7,0,8.75,0.0,-8.75
6,95,1,1,1.25,1.25,0.0
6,96,3,2,3.75,2.5,-1.25
6,97,0,0,0.0,0.0,0.0
6,98,0,1,0.0,1.25,1.25
6,99,0,0,0.0,0.0,0.0
6,100,0,0,0.0,0.0,0.0
6,101,0,2,0.0,2.5,2.5
6,102,2,0,2.5,0.0,-2.5
6,103,0,0,0.0,0.0,0.0
6,104,0,0,0.0,0.0,0.0
6,105,0,0,0.0,0.0,0.0
6,106,0,0,0.0,0.0,0.0
6,107,0,1,0.0,1.25,1.25
6,108,1,3,1.25,3.75,2.5
6,109,2,2,2.5,2.5,0.0
6,110,0,2,0.0,2.5,2.5
6,111,2,1,2.5,1.25,-1.25
6,112,1,1,1.25,1.25,0.0
6,113,1,0,1.25,0.0,-1.25
6,114,1,2,1.25,2.5,1.25
6,115,3,0,3.75,0.0,-3.75
6,116,0,0,0.0,0.0,0.0
6,117,0,2,0.0,2.5,2.5
6,118,0,0,0.0,0.0,0.0
6,119,1,0,1.25,0.0,-1.25
6,120,2,0,2.5,0.0,-2.5
6,121,0,2,0.0,2.5,2.5
6,122,0,0,0.0,0.0,0.0
6,123,0,0,0.0,0.0,0.0
6,124,0,2,0.0,2.5,2.5
6,125,1,4,1.25,5.0,3.75
6,126,0,0,0.0,0.0,0.0
6,127,1,0,1.25,0.0,-1.25
6,128,2,0,2.5,0.0,-2.5
6,129,0,0,0.0,0.0,0.0
6,130,0,0,0.0,0.0,0.0
6,131,0,0,0.0,0.0,0.0
6,132,2,2,2.5,2.5,0.0
6,133,2,2,2.5,2.5,0.0
6,134,1,1,1.25,1.25,0.0
7,0,0,0,0.0,0.0,0.0
7,1,0,0,0.0,0.0,0.0
7,2,1,0,1.25,0.0,-1.25
7,3,0,0,0.0,0.0,0.0
7,4,0,0,0.0,0.0,0.0
7,5,0,0,0.0,0.0,0.0
7,6,0,0,0.0,0.0,0.0
7,7,0,1,0.0,1.25,1.25
7,8,1,0,1.25,0.0,-1.25
7,9,0,2,0.0,2.5,2.5
7,10,0,0,0.0,0.0,0.0
7,11,1,0,1.25,0.0,-1.25
7,12,0,0,0.0,0.0,0.0
7,13,1,0,1.25,0.0,-1.25
7,14,4,0,5.0,0.0,-5.0
7,15,2,1,2.5,1.25,-1.25
7,16,1,0,1.25,0.0,-1.25
7,17,0,1,0.0,1.25,1.25
7,18,0,0,0.0,0.0,0.0
7,19,3,0,3.75,0.0,-3.75
7,20,2,0,2.5,0.0,-2.5
7,21,1,2,1.25,2.5,1.25
7,22,0,2,0.0,2.5,2.5
7,23,1,1,1.25,1.25,0.0
7,24,3,1,3.75,1.25,-2.5
7,25,1,1,1.25,1.25,0.0
7,26,1,3,1.25,3.75,2.5
7,27,1,0,1.25,0.0,-1.25
7,28,0,0,0.0,0.0,0.0
7,29,0,0,0.0,0.0,0.0
7,30,1,0,1.25,0.0,-1.25
7,31,2,1,2.5,1.25,-1.25
7,32,0,0,0.0,0.0,0.0
7,33,1,2,1.25,2.5,1.25
7,34,3,1,3.75,1.25,-2.5
7,35,1,1,1.25,1.25,0.0
7,36,0,0,0.0,0.0,0.0
7,37,0,0,0.0,0.0,0.0
7,38,0,1,0.0,1.25,1.25
7,39,2,4,2.5,5.0,2.5
7,40,0,2,0.0,2.5,2.5
7,41,1,0,1.25,0.0,-1.25
7,42,0,1,0.0,1.25,1.25
7,43,2,2,2.5,2.5,0.0
7,44,0,0,0.0,0.0,0.0
7,45,0,0,0.0,0.0,0.0
7,46,0,0,0.0,0.0,0.0
7,47,0,0,0.0,0.0,0.0
7,48,0,1,0.0,1.25,1.25
7,49,2,2,2.5,2.5,0.0
7,50,0,1,0.0,1.25,1.25
7,51,2,0,2.5,0.0,-2.5
7,52,0,0,0.0,0.0,0.0
7,53,1,0,1.25,0.0,-1.25
7,54,2,1,2.5,1.25,-1.25
7,55,0,0,0.0,0.0,0.0
7,56,1,0,1.25,0.0,-1.25
7,57,0,2,0.0,2.5,2.5
7,58,0,1,0.0,1.25,1.25
7,59,0,1,0.0,1.25,1.25
7,60,1,2,1.25,2.5,1.25
7,61,1,1,1.25,1.25,0.0
7,62,0,3,0.0,3.75,3.75
7,63,0,3,0.0,3.75,3.75
7,64,1,0,1.25,0.0,-1.25
7,65,0,0,0.0,0.0,0.0
7,66,1,3,1.25,3.75,2.5
7,67,0,1,0.0,1.25,1.25
7,68,0,0,0.0,0.0,0.0
7,69,1,2,1.25,2.5,1.25
7,70,3,0,3.75,0.0,-3.75
7,71,1,1,1.25,1.25,0.0
7,72,1,0,1.25,0.0,-1.25
7,73,0,1,0.0,1.25,1.25
7,74,0,0,0.0,0.0,0.0
7,75,0,0,0.0,0.0,0.0
7,76,0,1,0.0,1.25,1.25
7,77,1,3,1.25,3.75,2.5
7,78,1,1,1.25,1.25,0.0
7,79,0,0,0.0,0.0,0.0
7,80,1,0,1.25,0.0,-1.25
7,81,0,1,0.0,1.25,1.25
7,82,2,1,2.5,1.25,-1.25
7,83,1,1,1.25,1.25,0.0
7,84,0,1,0.0,1.25,1.25
7,85,0,1,0.0,1.25,1.25
7,86,1,2,1.25,2.5,1.25
7,87,1,0,1.25,0.0,-1.25
7,88,1,2,1.25,2.5,1.25
7,89,1,1,1.25,1.25,0.0
7,90,2,1,2.5,1.25,-1.25
7,91,3,2,3.75,2.5,-1.25
7,92,1,0,1.25,0.0,-1.25
7,93,3,1,3.75,1.25,-2.5
7,94,1,0,1.25,0.0,-1.25
7,95,1,1,1.25,1.25,0.0
7,96,1,0,1.25,0.0,-1.25
7,97,0,0,0.0,0.0,0.0
7,98,0,0,0.0,0.0,0.0
7,99,0,0,0.0,0.0,0.0
7,100,0,0,0.0,0.0,0.0
7,101,1,2,1.25,2.5,1.25
7,102,1,1,1.25,1.25,0.0
7,103,0,0,0.0,0.0,0.0
7,104,0,0,0.0,0.0,0.0
7,105,0,0,0.0,0.0,0.0
7,106,0,0,0.0,0.0,0.0
7,107,0,2,0.0,2.5,2.5
7,108,2,0,2.5,0.0,-2.5
7,109,0,0,0.0,0.0,0.0
7,110,1,1,1.25,1.25,0.0
7,111,0,2,0.0,2.5,2.5
7,112,1,0,1.25,0.0,-1.25
7,113,2,1,2.5,1.25,-1.25
7,114,1,1,1.25,1.25,0.0
7,115,3,2,3.75,2.5,-1.25
7,116,0,0,0.0,0.0,0.0
7,117,1,3,1.25,3.75,2.5
7,118,0,0,0.0,0.0,0.0
7,119,0,0,0.0,0.0,0.0
7,120,2,1,2.5,1.25,-1.25
7,121,1,1,1.25,1.25,0.0
7,122,0,0,0.0,0.0,0.0
7,123,0,0,0.0,0.0,0.0
7,124,0,1,0.0,1.25,1.25
7,125,1,0,1.25,0.0,-1.25
7,126,1,1,1.25,1.25,0.0
7,127,0,0,0.0,0.0,0.0
7,128,0,0,0.0,0.0,0.0
7,129,0,0,0.0,0.0,0.0
7,130,0,0,0.0,0.0,0.0
7,131,0,0,0.0,0.0,0.0
7,132,2,1,2.5,1.25,-1.25
7,133,1,2,1.25,2.5,1.25
7,134,1,3,1.25,3.75,2.5
8,0,1,4,1.25,5.0,3.75
8,1,5,7,6.25,8.75,2.5
8,2,3,2,3.75,2.5,-1.25
8,3,0,0,0.0,0.0,0.0
8,4,1,2,1.25,2.5,1.25
8,5,0,3,0.0,3.75,3.75
8,6,1,7,1.25,8.75,7.5
8,7,4,8,5.0,10.0,5.0
8,8,6,9,7.5,11.25,3.75
8,9,8,10,10.0,12.5,2.5
8,10,2,4,2.5,5.0,2.5
8,11,2,1,2.5,1.25,-1.25
8,12,5,4,6.25,5.0,-1.25
8,13,3,4,3.75,5.0,1.25
8,14,11,4,13.75,5.0,-8.75
8,15,5,4,6.25,5.0,-1.25
8,16,7,2,8.75,2.5,-6.25
8,17,3,1,3.75,1.25,-2.5
8,18,6,9,7.5,11.25,3.75
8,19,6,7,7.5,8.75,1.25
8,20,6,2,7.5,2.5,-5.0
8,21,3,3,3.75,3.75,0.0
8,22,5,1,6.25,1.25,-5.0
8,23,7,2,8.75,2.5,-6.25
8,24,6,5,7.5,6.25,-1.25
8,25,4,5,5.0,6.25,1.25
8,26,5,8,6.25,10.0,3.75
8,27,1,0,1.25,0.0,-1.25
8,28,0,2,0.0,2.5,2.5
8,29,1,0,1.25,0.0,-1.25
8,30,6,2,7.5,2.5,-5.0
8,31,2,6,2.5,7.5,5.0
8,32,3,7,3.75,8.75,5.0
8,33,2,2,2.5,2.5,0.0
8,34,4,2,5.0,2.5,-2.5
8,35,2,5,2.5,6.25,3.75
8,36,1,1,1.25,1.25,0.0
8,37,0,4,0.0,5.0,5.0
8,38,3,5,3.75,6.25,2.5
8,39,10,10,12.5,12.5,0.0
8,40,4,6,5.0,7.5,2.5
8,41,5,4,6.25,5.0,-1.25
8,42,7,7,8.75,8.75,0.0
8,43,1,3,1.25,3.75,2.5
8,44,6,1,7.5,1.25,-6.25
8,45,1,1,1.25,1.25,0.0
8,46,2,2,2.5,2.5,0.0
8,47,4,4,5.0,5.0,0.0
8,48,1,2,1.25,2.5,1.25
8,49,3,3,3.75,3.75,0.0
8,50,2,6,2.5,7.5,5.0
8,51,1,1,1.25,1.25,0.0
8,52,5,4,6.25,5.0,-1.25
8,53,2,1,2.5,1.25,-1.25
8,54,3,3,3.75,3.75,0.0
8,55,4,1,5.0,1.25,-3.75
8,56,2,5,2.5,6.25,3.75
8,57,7,2,8.75,2.5,-6.25
8,58,2,3,2.5,3.75,1.25
8,59,4,6,5.0,7.5,2.5
8,60,3,4,3.75,5.0,1.25
8,61,0,1,0.0,1.25,1.25
8,62,0,5,0.0,6.25,6.25
8,63,3,5,3.75,6.25,2.5
8,64,7,3,8.75,3.75,-5.0
8,65,7,4,8.75,5.0,-3.75
8,66,5,5,6.25,6.25,0.0
8,67,2,4,2.5,5.0,2.5
8,68,0,0,0.0,0.0,0.0
8,69,2,11,2.5,13.75,11.25
8,70,6,2,7.5,2.5,-5.0
8,71,1,7,1.25,8.75,7.5
8,72,3,5,3.75,6.25,2.5
8,73,3,5,3.75,6.25,2.5
8,74,7,18,8.75,22.5,13.75
8,75,6,6,7.5,7.5,0.0
8,76,6,5,7.5,6.25,-1.25
8,77,5,8,6.25,10.0,3.75
8,78,5,3,6.25,3.75,-2.5
8,79,8,11,10.0,13.75,3.75
8,80,4,5,5.0,6.25,1.25
8,81,1,4,1.25,5.0,3.75
8,82,6,4,7.5,5.0,-2.5
8,83,1,4,1.25,5.0,3.75
8,84,4,4,5.0,5.0,0.0
8,85,7,6,8.75,7.5,-1.25
8,86,5,2,6.25,2.5,-3.75
8,87,6,3,7.5,3.75,-3.75
8,88,14,4,17.5,5.0,-12.5
8,89,0,4,0.0,5.0,5.0
8,90,13,1,16.25,1.25,-15.0
8,91,4,9,5.0,11.25,6.25
8,92,2,2,2.5,2.5,0.0
8,93,3,4,3.75,5.0,1.25
8,94,9,3,11.25,3.75,-7.5
8,95,8,4,10.0,5.0,-5.0
8,96,7,2,8.75,2.5,-6.25
8,97,0,1,0.0,1.25,1.25
8,98,0,2,0.0,2.5,2.5
8,99,5,3,6.25,3.75,-2.5
8,100,1,2,1.25,2.5,1.25
8,101,3,4,3.75,5.0,1.25
8,102,4,1,5.0,1.25,-3.75
8,103,0,0,0.0,0.0,0.0
8,104,0,0,0.0,0.0,0.0
8,105,0,0,0.0,0.0,0.0
8,106,0,0,0.0,0.0,0.0
8,107,5,3,6.25,3.75,-2.5
8,108,9,2,11.25,2.5,-8.75
8,109,3,6,3.75,7.5,3.75
8,110,5,2,6.25,2.5,-3.75
8,111,3,2,3.75,2.5,-1.25
8,112,2,0,2.5,0.0,-2.5
8,113,1,2,1.25,2.5,1.25
8,114,6,1,7.5,1.25,-6.25
8,115,7,1,8.75,1.25,-7.5
8,116,1,5,1.25,6.25,5.0
8,117,6,2,7.5,2.5,-5.0
8,118,1,3,1.25,3.75,2.5
8,119,5,3,6.25,3.75,-2.5
8,120,5,1,6.25,1.25,-5.0
8,121,6,9,7.5,11.25,3.75
8,122,10,4,12.5,5.0,-7.5
8,123,0,7,0.0,8.75,8.75
8,124,6,8,7.5,10.0,2.5
8,125,1,5,1.25,6.25,5.0
8,126,4,8,5.0,10.0,5.0
8,127,6,8,7.5,10.0,2.5
8,128,4,2,5.0,2.5,-2.5
8,129,3,7,3.75,8.75,5.0
8,130,7,4,8.75,5.0,-3.75
8,131,2,5,2.5,6.25,3.75
8,132,0,3,0.0,3.75,3.75
8,133,2,3,2.5,3.75,1.25
8,134,5,1,6.25,1.25,-5.0
9,0,4,3,5.0,3.75,-1.25
9,1,0,4,0.0,5.0,5.0
9,2,1,3,1.25,3.75,2.5
9,3,9,0,11.25,0.0,-11.25
9,4,3,5,3.75,6.25,2.5
9,5,1,1,1.25,1.25,0.0
9,6,1,1,1.25,1.25,0.0
9,7,2,4,2.5,5.0,2.5
9,8,0,2,0.0,2.5,2.5
9,9,0,1,0.0,1.25,1.25
9,10,1,0,1.25,0.0,-1.25
9,11,1,0,1.25,0.0,-1.25
9,12,3,1,3.75,1.25,-2.5
9,13,0,4,0.0,5.0,5.0
9,14,1,5,1.25,6.25,5.0
9,15,7,0,8.75,0.0,-8.75
9,16,9,1,11.25,1.25,-10.0
9,17,3,4,3.75,5.0,1.25
9,18,1,1,1.25,1.25,0.0
9,19,2,5,2.5,6.25,3.75
9,20,1,1,1.25,1.25,0.0
9,21,0,1,0.0,1.25,1.25
9,22,4,0,5.0,0.0,-5.0
9,23,3,3,3.75,3.75,0.0
9,24,4,3,5.0,3.75,-1.25
9,25,4,3,5.0,3.75,-1.25
9,26,2,3,2.5,3.75,1.25
9,27,1,0,1.25,0.0,-1.25
9,28,0,0,0.0,0.0,0.0
9,29,0,3,0.0,3.75,3.75
9,30,1,0,1.25,0.0,-1.25
9,31,2,0,2.5,0.0,-2.5
9,32,1,1,1.25,1.25,0.0
9,33,0,1,0.0,1.25,1.25
9,34,2,2,2.5,2.5,0.0
9,35,0,1,0.0,1.25,1.25
9,36,1,1,1.25,1.25,0.0
9,37,2,2,2.5,2.5,0.0
9,38,1,1,1.25,1.25,0.0
9,39,2,2,2.5,2.5,0.0
9,40,0,3,0.0,3.75,3.75
9,41,4,1,5.0,1.25,-3.75
9,42,4,3,5.0,3.75,-1.25
9,43,0,0,0.0,0.0,0.0
9,44,2,1,2.5,1.25,-1.25
9,45,3,0,3.75,0.0,-3.75
9,46,2,0,2.5,0.0,-2.5
9,47,0,0,0.0,0.0,0.0
9,48,2,0,2.5,0.0,-2.5
9,49,0,2,0.0,2.5,2.5
9,50,0,0,0.0,0.0,0.0
9,51,2,4,2.5,5.0,2.5
9,52,3,1,3.75,1.25,-2.5
9,53,2,3,2.5,3.75,1.25
9,54,3,3,3.75,3.75,0.0
9,55,1,0,1.25,0.0,-1.25
9,56,0,0,0.0,0.0,0.0
9,57,3,0,3.75,0.0,-3.75
9,58,0,0,0.0,0.0,0.0
9,59,3,2,3.75,2.5,-1.25
9,60,1,0,1.25,0.0,-1.25
9,61,0,3,0.0,3.75,3.75
9,62,0,0,0.0,0.0,0.0
9,63,2,0,2.5,0.0,-2.5
9,64,1,3,1.25,3.75,2.5
9,65,0,1,0.0,1.25,1.25
9,66,0,3,0.0,3.75,3.75
9,67,1,0,1.25,0.0,-1.25
9,68,1,0,1.25,0.0,-1.25
9,69,2,1,2.5,1.25,-1.25
9,70,0,0,0.0,0.0,0.0
9,71,1,0,1.25,0.0,-1.25
9,72,1,0,1.25,0.0,-1.25
9,73,0,1,0.0,1.25,1.25
9,74,0,4,0.0,5.0,5.0
9,75,1,2,1.25,2.5,1.25
9,76,2,0,2.5,0.0,-2.5
9,77,2,4,2.5,5.0,2.5
9,78,2,0,2.5,0.0,-2.5
9,79,3,5,3.75,6.25,2.5
9,80,0,1,0.0,1.25,1.25
9,81,0,2,0.0,2.5,2.5
9,82,1,0,1.25,0.0,-1.25
9,83,0,0,0.0,0.0,0.0
9,84,4,1,5.0,1.25,-3.75
9,85,1,1,1.25,1.25,0.0
9,86,0,1,0.0,1.25,1.25
9,87,1,2,1.25,2.5,1.25
9,88,0,0,0.0,0.0,0.0
9,89,0,0,0.0,0.0,0.0
9,90,0,0,0.0,0.0,0.0
9,91,0,0,0.0,0.0,0.0
9,92,0,0,0.0,0.0,0.0
9,93,0,0,0.0,0.0,0.0
9,94,2,1,2.5,1.25,-1.25
9,95,0,3,0.0,3.75,3.75
9,96,13,2,16.25,2.5,-13.75
9,97,2,5,2.5,6.25,3.75
9,98,0,0,0.0,0.0,0.0
9,99,1,2,1.25,2.5,1.25
9,100,0,0,0.0,0.0,0.0
9,101,1,0,1.25,0.0,-1.25
9,102,2,0,2.5,0.0,-2.5
9,103,1,0,1.25,0.0,-1.25
9,104,0,1,0.0,1.25,1.25
9,105,0,1,0.0,1.25,1.25
9,106,0,0,0.0,0.0,0.0
9,107,1,1,1.25,1.25,0.0
9,108,0,1,0.0,1.25,1.25
9,109,0,6,0.0,7.5,7.5
9,110,2,2,2.5,2.5,0.0
9,111,1,1,1.25,1.25,0.0
9,112,0,0,0.0,0.0,0.0
9,113,3,6,3.75,7.5,3.75
9,114,0,1,0.0,1.25,1.25
9,115,0,0,0.0,0.0,0.0
9,116,0,1,0.0,1.25,1.25
9,117,3,0,3.75,0.0,-3.75
9,118,0,0,0.0,0.0,0.0
9,119,1,1,1.25,1.25,0.0
9,120,0,0,0.0,0.0,0.0
9,121,0,5,0.0,6.25,6.25
9,122,4,3,5.0,3.75,-1.25
9,123,0,2,0.0,2.5,2.5
9,124,1,0,1.25,0.0,-1.25
9,125,1,2,1.25,2.5,1.25
9,126,4,0,5.0,0.0,-5.0
9,127,0,1,0.0,1.25,1.25
9,128,0,1,0.0,1.25,1.25
9,129,2,0,2.5,0.0,-2.5
9,130,6,4,7.5,5.0,-2.5
9,131,0,0,0.0,0.0,0.0
9,132,0,0,0.0,0.0,0.0
9,133,0,1,0.0,1.25,1.25
9,134,0,0,0.0,0.0,0.0
10,0,5,3,6.25,3.75,-2.5
10,1,2,0,2.5,0.0,-2.5
10,2,2,2,2.5,2.5,0.0
10,3,1,1,1.25,1.25,0.0
10,4,2,4,2.5,5.0,2.5
10,5,0,0,0.0,0.0,0.0
10,6,2,4,2.5,5.0,2.5
10,7,2,4,2.5,5.0,2.5
10,8,7,3,8.75,3.75,-5.0
10,9,2,6,2.5,7.5,5.0
10,10,0,0,0.0,0.0,0.0
10,11,0,1,0.0,1.25,1.25
10,12,3,2,3.75,2.5,-1.25
10,13,6,2,7.5,2.5,-5.0
10,14,10,5,12.5,6.25,-6.25
10,15,5,2,6.25,2.5,-3.75
10,16,6,4,7.5,5.0,-2.5
10,17,2,0,2.5,0.0,-2.5
10,18,3,4,3.75,5.0,1.25
10,19,1,2,1.25,2.5,1.25
10,20,1,4,1.25,5.0,3.75
10,21,2,3,2.5,3.75,1.25
10,22,3,2,3.75,2.5,-1.25
10,23,1,5,1.25,6.25,5.0
10,24,5,3,6.25,3.75,-2.5
10,25,4,4,5.0,5.0,0.0
10,26,5,0,6.25,0.0,-6.25
10,27,1,0,1.25,0.0,-1.25
10,28,0,0,0.0,0.0,0.0
10,29,2,0,2.5,0.0,-2.5
10,30,5,1,6.25,1.25,-5.0
10,31,3,5,3.75,6.25,2.5
10,32,3,2,3.75,2.5,-1.25
10,33,2,6,2.5,7.5,5.0
10,34,2,1,2.5,1.25,-1.25
10,35,3,0,3.75,0.0,-3.75
10,36,0,2,0.0,2.5,2.5
10,37,0,0,0.0,0.0,0.0
10,38,1,1,1.25,1.25,0.0
10,39,8,7,10.0,8.75,-1.25
10,40,0,7,0.0,8.75,8.75
10,41,3,3,3.75,3.75,0.0
10,42,1,3,1.25,3.75,2.5
10,43,3,0,3.75,0.0,-3.75
10,44,2,0,2.5,0.0,-2.5
10,45,0,0,0.0,0.0,0.0
10,46,0,4,0.0,5.0,5.0
10,47,2,1,2.5,1.25,-1.25
10,48,4,1,5.0,1.25,-3.75
10,49,4,4,5.0,5.0,0.0
10,50,2,3,2.5,3.75,1.25
10,51,1,0,1.25,0.0,-1.25
10,52,5,7,6.25,8.75,2.5
10,53,1,1,1.25,1.25,0.0
10,54,1,1,1.25,1.25,0.0
10,55,1,1,1.25,1.25,0.0
10,56,2,0,2.5,0.0,-2.5
10,57,4,6,5.0,7.5,2.5
10,58,6,1,7.5,1.25,-6.25
10,59,0,6,0.0,7.5,7.5
10,60,3,1,3.75,1.25,-2.5
10,61,2,1,2.5,1.25,-1.25
10,62,1,8,1.25,10.0,8.75
10,63,6,4,7.5,5.0,-2.5
10,64,3,1,3.75,1.25,-2.5
10,65,3,0,3.75,0.0,-3.75
10,66,4,4,5.0,5.0,0.0
10,67,5,3,6.25,3.75,-2.5
10,68,0,0,0.0,0.0,0.0
10,69,3,6,3.75,7.5,3.75
10,70,3,1,3.75,1.25,-2.5
10,71,4,4,5.0,5.0,0.0
10,72,4,1,5.0,1.25,-3.75
10,73,4,2,5.0,2.5,-2.5
10,74,5,6,6.25,7.5,1.25
10,75,4,3,5.0,3.75,-1.25
10,76,2,4,2.5,5.0,2.5
10,77,4,4,5.0,5.0,0.0
10,78,3,7,3.75,8.75,5.0
10,79,0,4,0.0,5.0,5.0
10,80,3,1,3.75,1.25,-2.5
10,81,4,3,5.0,3.75,-1.25
10,82,11,2,13.75,2.5,-11.25
10,83,4,0,5.0,0.0,-5.0
10,84,3,2,3.75,2.5,-1.25
10,85,2,1,2.5,1.25,-1.25
10,86,1,2,1.25,2.5,1.25
10,87,7,0,8.75,0.0,-8.75
10,88,2,6,2.5,7.5,5.0
10,89,2,2,2.5,2.5,0.0
10,90,3,2,3.75,2.5,-1.25
10,91,5,4,6.25,5.0,-1.25
10,92,2,3,2.5,3.75,1.25
10,93,2,3,2.5,3.75,1.25
10,94,1,5,1.25,6.25,5.0
10,95,4,6,5.0,7.5,2.5
10,96,1,4,1.25,5.0,3.75
10,97,1,1,1.25,1.25,0.0
10,98,2,1,2.5,1.25,-1.25
10,99,0,1,0.0,1.25,1.25
10,100,0,0,0.0,0.0,0.0
10,101,4,1,5.0,1.25,-3.75
10,102,4,2,5.0,2.5,-2.5
10,103,0,0,0.0,0.0,0.0
10,104,0,0,0.0,0.0,0.0
10,105,0,0,0.0,0.0,0.0
10,106,0,0,0.0,0.0,0.0
10,107,5,4,6.25,5.0,-1.25
10,108,3,5,3.75,6.25,2.5
10,109,0,8,0.0,10.0,10.0
10,110,2,4,2.5,5.0,2.5
10,111,2,3,2.5,3.75,1.25
10,112,5,2,6.25,2.5,-3.75
10,113,1,2,1.25,2.5,1.25
10,114,1,4,1.25,5.0,3.75
10,115,0,4,0.0,5.0,5.0
10,116,1,1,1.25,1.25,0.0
10,117,0,6,0.0,7.5,7.5
10,118,1,2,1.25,2.5,1.25
10,119,4,4,5.0,5.0,0.0
10,120,4,2,5.0,2.5,-2.5
10,121,2,2,2.5,2.5,0.0
10,122,1,0,1.25,0.0,-1.25
10,123,1,0,1.25,0.0,-1.25
10,124,4,5,5.0,6.25,1.25
10,125,2,6,2.5,7.5,5.0
10,126,5,3,6.25,3.75,-2.5
10,127,2,6,2.5,7.5,5.0
10,128,1,0,1.25,0.0,-1.25
10,129,3,0,3.75,0.0,-3.75
10,130,0,0,0.0,0.0,0.0
10,131,0,0,0.0,0.0,0.0
10,132,3,1,3.75,1.25,-2.5
10,133,3,2,3.75,2.5,-1.25
10,134,3,4,3.75,5.0,1.25
11,0,1,0,1.25,0.0,-1.25
11,1,2,2,2.5,2.5,0.0
11,2,1,2,1.25,2.5,1.25
11,3,3,1,3.75,1.25,-2.5
11,4,1,1,1.25,1.25,0.0
11,5,2,0,2.5,0.0,-2.5
11,6,2,0,2.5,0.0,-2.5
11,7,1,0,1.25,0.0,-1.25
11,8,0,2,0.0,2.5,2.5
11,9,2,1,2.5,1.25,-1.25
11,10,0,0,0.0,0.0,0.0
11,11,0,1,0.0,1.25,1.25
11,12,4,0,5.0,0.0,-5.0
11,13,0,0,0.0,0.0,0.0
11,14,3,2,3.75,2.5,-1.25
11,15,1,3,1.25,3.75,2.5
11,16,2,2,2.5,2.5,0.0
11,17,3,0,3.75,0.0,-3.75
11,18,0,1,0.0,1.25,1.25
11,19,1,1,1.25,1.25,0.0
11,20,1,1,1.25,1.25,0.0
11,21,5,0,6.25,0.0,-6.25
11,22,1,0,1.25,0.0,-1.25
11,23,2,1,2.5,1.25,-1.25
11,24,1,2,1.25,2.5,1.25
11,25,1,3,1.25,3.75,2.5
11,26,2,3,2.5,3.75,1.25
11,27,2,1,2.5,1.25,-1.25
11,28,1,0,1.25,0.0,-1.25
11,29,1,0,1.25,0.0,-1.25
11,30,1,0,1.25,0.0,-1.25
11,31,2,2,2.5,2.5,0.0
11,32,3,1,3.75,1.25,-2.5
11,33,1,1,1.25,1.25,0.0
11,34,5,0,6.25,0.0,-6.25
11,35,1,0,1.25,0.0,-1.25
11,36,0,0,0.0,0.0,0.0
11,37,0,0,0.0,0.0,0.0
11,38,1,0,1.25,0.0,-1.25
11,39,2,1,2.5,1.25,-1.25
11,40,4,0,5.0,0.0,-5.0
11,41,1,0,1.25,0.0,-1.25
11,42,1,0,1.25,0.0,-1.25
11,43,2,3,2.5,3.75,1.25
11,44,1,0,1.25,0.0,-1.25
11,45,0,0,0.0,0.0,0.0
11,46,1,2,1.25,2.5,1.25
11,47,5,0,6.25,0.0,-6.25
11,48,2,2,2.5,2.5,0.0
11,49,2,3,2.5,3.75,1.25
11,50,0,1,0.0,1.25,1.25
11,51,0,2,0.0,2.5,2.5
11,52,0,1,0.0,1.25,1.25
11,53,0,3,0.0,3.75,3.75
11,54,4,1,5.0,1.25,-3.75
11,55,0,1,0.0,1.25,1.25
11,56,1,0,1.25,0.0,-1.25
11,57,1,2,1.25,2.5,1.25
11,58,0,0,0.0,0.0,0.0
11,59,0,1,0.0,1.25,1.25
11,60,0,1,0.0,1.25,1.25
11,61,0,0,0.0,0.0,0.0
11,62,1,1,1.25,1.25,0.0
11,63,2,4,2.5,5.0,2.5
11,64,1,2,1.25,2.5,1.25
11,65,1,1,1.25,1.25,0.0
11,66,3,0,3.75,0.0,-3.75
11,67,3,0,3.75,0.0,-3.75
11,68,0,1,0.0,1.25,1.25
11,69,2,1,2.5,1.25,-1.25
11,70,1,2,1.25,2.5,1.25
11,71,0,0,0.0,0.0,0.0
11,72,0,0,0.0,0.0,0.0
11,73,0,0,0.0,0.0,0.0
11,74,0,1,0.0,1.25,1.25
11,75,2,3,2.5,3.75,1.25
11,76,0,1,0.0,1.25,1.25
11,77,1,3,1.25,3.75,2.5
11,78,2,1,2.5,1.25,-1.25
11,79,3,1,3.75,1.25,-2.5
11,80,0,0,0.0,0.0,0.0
11,81,1,0,1.25,0.0,-1.25
11,82,3,2,3.75,2.5,-1.25
11,83,3,1,3.75,1.25,-2.5
11,84,0,0,0.0,0.0,0.0
11,85,1,5,1.25,6.25,5.0
11,86,2,2,2.5,2.5,0.0
11,87,0,1,0.0,1.25,1.25
11,88,1,2,1.25,2.5,1.25
11,89,1,2,1.25,2.5,1.25
11,90,1,0,1.25,0.0,-1.25
11,91,1,0,1.25,0.0,-1.25
11,92,0,1,0.0,1.25,1.25
11,93,2,2,2.5,2.5,0.0
11,94,3,0,3.75,0.0,-3.75
11,95,0,2,0.0,2.5,2.5
11,96,2,0,2.5,0.0,-2.5
11,97,0,0,0.0,0.0,0.0
11,98,0,0,0.0,0.0,0.0
11,99,0,1,0.0,1.25,1.25
11,100,0,2,0.0,2.5,2.5
11,101,0,1,0.0,1.25,1.25
11,102,1,1,1.25,1.25,0.0
11,103,1,1,1.25,1.25,0.0
11,104,1,0,1.25,0.0,-1.25
11,105,2,1,2.5,1.25,-1.25
11,106,1,1,1.25,1.25,0.0
11,107,1,2,1.25,2.5,1.25
11,108,0,0,0.0,0.0,0.0
11,109,2,1,2.5,1.25,-1.25
11,110,1,1,1.25,1.25,0.0
11,111,0,1,0.0,1.25,1.25
11,112,0,0,0.0,0.0,0.0
11,113,1,1,1.25,1.25,0.0
11,114,2,1,2.5,1.25,-1.25
11,115,0,3,0.0,3.75,3.75
11,116,2,2,2.5,2.5,0.0
11,117,1,1,1.25,1.25,0.0
11,118,3,3,3.75,3.75,0.0
11,119,0,1,0.0,1.25,1.25
11,120,1,0,1.25,0.0,-1.25
11,121,0,0,0.0,0.0,0.0
11,122,1,0,1.25,0.0,-1.25
11,123,1,3,1.25,3.75,2.5
11,124,0,0,0.0,0.0,0.0
11,125,0,2,0.0,2.5,2.5
11,126,1,2,1.25,2.5,1.25
11,127,2,1,2.5,1.25,-1.25
11,128,1,2,1.25,2.5,1.25
11,129,0,1,0.0,1.25,1.25
11,130,0,3,0.0,3.75,3.75
11,131,1,2,1.25,2.5,1.25
11,132,2,1,2.5,1.25,-1.25
11,133,0,1,0.0,1.25,1.25
11,134,0,0,0.0,0.0,0.0
12,0,8,3,10.0,3.75,-6.25
12,1,1,6,1.25,7.5,6.25
12,2,7,4,8.75,5.0,-3.75
12,3,1,7,1.25,8.75,7.5
12,4,8,6,10.0,7.5,-2.5
12,5,3,4,3.75,5.0,1.25
12,6,9,4,11.25,5.0,-6.25
12,7,11,8,13.75,10.0,-3.75
12,8,10,2,12.5,2.5,-10.0
12,9,9,2,11.25,2.5,-8.75
12,10,6,2,7.5,2.5,-5.0
12,11,14,11,17.5,13.75,-3.75
12,12,14,7,17.5,8.75,-8.75
12,13,3,8,3.75,10.0,6.25
12,14,4,7,5.0,8.75,3.75
12,15,7,2,8.75,2.5,-6.25
12,16,4,5,5.0,6.25,1.25
12,17,5,1,6.25,1.25,-5.0
12,18,13,5,16.25,6.25,-10.0
12,19,3,5,3.75,6.25,2.5
12,20,7,8,8.75,10.0,1.25
12,21,9,2,11.25,2.5,-8.75
12,22,12,1,15.0,1.25,-13.75
12,23,5,9,6.25,11.25,5.0
12,24,6,2,7.5,2.5,-5.0
12,25,10,3,12.5,3.75,-8.75
12,26,4,2,5.0,2.5,-2.5
12,27,9,25,11.25,31.25,20.0
12,28,1,2,1.25,2.5,1.25
12,29,11,12,13.75,15.0,1.25
12,30,16,2,20.0,2.5,-17.5
12,31,8,2,10.0,2.5,-7.5
12,32,12,14,15.0,17.5,2.5
12,33,7,7,8.75,8.75,0.0
12,34,5,4,6.25,5.0,-1.25
12,35,16,9,20.0,11.25,-8.75
12,36,7,9,8.75,11.25,2.5
12,37,6,12,7.5,15.0,7.5
12,38,8,6,10.0,7.5,-2.5
12,39,6,5,7.5,6.25,-1.25
12,40,12,3,15.0,3.75,-11.25
12,41,10,5,12.5,6.25,-6.25
12,42,8,2,10.0,2.5,-7.5
12,43,3,3,3.75,3.75,0.0
12,44,4,1,5.0,1.25,-3.75
12,45,6,7,7.5,8.75,1.25
12,46,5,6,6.25,7.5,1.25
12,47,6,1,7.5,1.25,-6.25
12,48,4,7,5.0,8.75,3.75
12,49,10,9,12.5,11.25,-1.25
12,50,5,7,6.25,8.75,2.5
12,51,6,11,7.5,13.75,6.25
12,52,4,14,5.0,17.5,12.5
12,53,8,2,10.0,2.5,-7.5
12,54,8,7,10.0,8.75,-1.25
12,55,9,4,11.25,5.0,-6.25
12,56,9,3,11.25,3.75,-7.5
12,57,4,2,5.0,2.5,-2.5
12,58,3,4,3.75,5.0,1.25
12,59,5,9,6.25,11.25,5.0
12,60,12,16,15.0,20.0,5.0
12,61,8,4,10.0,5.0,-5.0
12,62,10,7,12.5,8.75,-3.75
12,63,2,12,2.5,15.0,12.5
12,64,8,4,10.0,5.0,-5.0
12,65,12,2,15.0,2.5,-12.5
12,66,12,4,15.0,5.0,-10.0
12,67,12,6,15.0,7.5,-7.5
12,68,4,5,5.0,6.25,1.25
12,69,5,3,6.25,3.75,-2.5
12,70,2,10,2.5,12.5,10.0
12,71,6,1,7.5,1.25,-6.25
12,72,6,5,7.5,6.25,-1.25
12,73,1,2,1.25,2.5,1.25
12,74,4,6,5.0,7.5,2.5
12,75,11,3,13.75,3.75,-10.0
12,76,4,9,5.0,11.25,6.25
12,77,5,3,6.25,3.75,-2.5
12,78,11,2,13.75,2.5,-11.25
12,79,3,14,3.75,17.5,13.75
12,80,9,7,11.25,8.75,-2.5
12,81,0,8,0.0,10.0,10.0
12,82,4,10,5.0,12.5,7.5
12,83,9,9,11.25,11.25,0.0
12,84,3,8,3.75,10.0,6.25
12,85,7,5,8.75,6.25,-2.5
12,86,11,5,13.75,6.25,-7.5
12,87,5,7,6.25,8.75,2.5
12,88,8,10,10.0,12.5,2.5
12,89,4,4,5.0,5.0,0.0
12,90,10,13,12.5,16.25,3.75
12,91,6,8,7.5,10.0,2.5
12,92,8,8,10.0,10.0,0.0
12,93,6,6,7.5,7.5,0.0
12,94,8,16,10.0,20.0,10.0
12,95,11,15,13.75,18.75,5.0
12,96,8,5,10.0,6.25,-3.75
12,97,3,5,3.75,6.25,2.5
12,98,2,1,2.5,1.25,-1.25
12,99,8,9,10.0,11.25,1.25
12,100,8,8,10.0,10.0,0.0
12,101,4,6,5.0,7.5,2.5
12,102,8,16,10.0,20.0,10.0
12,103,12,2,15.0,2.5,-12.5
12,104,4,8,5.0,10.0,5.0
12,105,9,9,11.25,11.25,0.0
12,106,6,3,7.5,3.75,-3.75
12,107,2,2,2.5,2.5,0.0
12,108,2,4,2.5,5.0,2.5
12,109,11,6,13.75,7.5,-6.25
12,110,2,3,2.5,3.75,1.25
12,111,4,6,5.0,7.5,2.5
12,112,1,6,1.25,7.5,6.25
12,113,4,7,5.0,8.75,3.75
12,114,5,2,6.25,2.5,-3.75
12,115,4,3,5.0,3.75,-1.25
12,116,7,13,8.75,16.25,7.5
12,117,9,3,11.25,3.75,-7.5
12,118,9,2,11.25,2.5,-8.75
12,119,1,1,1.25,1.25,0.0
12,120,7,4,8.75,5.0,-3.75
12,121,4,4,5.0,5.0,0.0
12,122,3,3,3.75,3.75,0.0
12,123,2,4,2.5,5.0,2.5
12,124,4,7,5.0,8.75,3.75
12,125,10,2,12.5,2.5,-10.0
12,126,9,8,11.25,10.0,-1.25
12,127,12,2,15.0,2.5,-12.5
12,128,12,11,15.0,13.75,-1.25
12,129,11,9,13.75,11.25,-2.5
12,130,8,9,10.0,11.25,1.25
12,131,2,5,2.5,6.25,3.75
12,132,15,3,18.75,3.75,-15.0
12,133,1,1,1.25,1.25,0.0
12,134,4,9,5.0,11.25,6.25
13,0,0,0,0.0,0.0,0.0
13,1,0,1,0.0,1.25,1.25
13,2,0,0,0.0,0.0,0.0
13,3,0,0,0.0,0.0,0.0
13,4,0,0,0.0,0.0,0.0
13,5,0,0,0.0,0.0,0.0
13,6,0,0,0.0,0.0,0.0
13,7,0,0,0.0,0.0,0.0
13,8,0,0,0.0,0.0,0.0
13,9,0,1,0.0,1.25,1.25
13,10,0,0,0.0,0.0,0.0
13,11,0,0,0.0,0.0,0.0
13,12,0,0,0.0,0.0,0.0
13,13,0,0,0.0,0.0,0.0
13,14,0,0,0.0,0.0,0.0
13,15,0,0,0.0,0.0,0.0
13,16,1,0,1.25,0.0,-1.25
13,17,0,1,0.0,1.25,1.25
13,18,0,0,0.0,0.0,0.0
13,19,1,0,1.25,0.0,-1.25
13,20,0,0,0.0,0.0,0.0
13,21,0,0,0.0,0.0,0.0
13,22,1,0,1.25,0.0,-1.25
13,23,0,3,0.0,3.75,3.75
13,24,0,0,0.0,0.0,0.0
13,25,0,0,0.0,0.0,0.0
13,26,0,0,0.0,0.0,0.0
13,27,1,2,1.25,2.5,1.25
13,28,0,2,0.0,2.5,2.5
13,29,2,2,2.5,2.5,0.0
13,30,0,1,0.0,1.25,1.25
13,31,0,0,0.0,0.0,0.0
13,32,1,3,1.25,3.75,2.5
13,33,0,0,0.0,0.0,0.0
13,34,2,0,2.5,0.0,-2.5
13,35,0,1,0.0,1.25,1.25
13,36,0,0,0.0,0.0,0.0
13,37,0,1,0.0,1.25,1.25
13,38,0,0,0.0,0.0,0.0
13,39,0,0,0.0,0.0,0.0
13,40,1,2,1.25,2.5,1.25
13,41,1,0,1.25,0.0,-1.25
13,42,0,0,0.0,0.0,0.0
13,43,1,0,1.25,0.0,-1.25
13,44,0,0,0.0,0.0,0.0
13,45,0,1,0.0,1.25,1.25
13,46,4,0,5.0,0.0,-5.0
13,47,0,0,0.0,0.0,0.0
13,48,1,2,1.25,2.5,1.25
13,49,1,0,1.25,0.0,-1.25
13,50,0,0,0.0,0.0,0.0
13,51,0,0,0.0,0.0,0.0
13,52,1,1,1.25,1.25,0.0
13,53,0,0,0.0,0.0,0.0
13,54,2,0,2.5,0.0,-2.5
13,55,1,1,1.25,1.25,0.0
13,56,0,0,0.0,0.0,0.0
13,57,0,0,0.0,0.0,0.0
13,58,0,1,0.0,1.25,1.25
13,59,0,0,0.0,0.0,0.0
13,60,1,0,1.25,0.0,-1.25
13,61,2,2,2.5,2.5,0.0
13,62,2,1,2.5,1.25,-1.25
13,63,1,0,1.25,0.0,-1.25
13,64,0,0,0.0,0.0,0.0
13,65,0,1,0.0,1.25,1.25
13,66,0,0,0.0,0.0,0.0
13,67,0,1,0.0,1.25,1.25
13,68,0,0,0.0,0.0,0.0
13,69,1,0,1.25,0.0,-1.25
13,70,0,0,0.0,0.0,0.0
13,71,0,0,0.0,0.0,0.0
13,72,1,0,1.25,0.0,-1.25
13,73,0,0,0.0,0.0,0.0
13,74,2,0,2.5,0.0,-2.5
13,75,0,0,0.0,0.0,0.0
13,76,1,1,1.25,1.25,0.0
13,77,0,2,0.0,2.5,2.5
13,78,1,0,1.25,0.0,-1.25
13,79,0,1,0.0,1.25,1.25
13,80,0,0,0.0,0.0,0.0
13,81,1,1,1.25,1.25,0.0
13,82,1,3,1.25,3.75,2.5
13,83,0,0,0.0,0.0,0.0
13,84,1,0,1.25,0.0,-1.25
13,85,1,0,1.25,0.0,-1.25
13,86,1,0,1.25,0.0,-1.25
13,87,0,0,0.0,0.0,0.0
13,88,0,0,0.0,0.0,0.0
13,89,0,0,0.0,0.0,0.0
13,90,1,1,1.25,1.25,0.0
13,91,0,0,0.0,0.0,0.0
13,92,0,0,0.0,0.0,0.0
13,93,0,0,0.0,0.0,0.0
13,94,0,1,0.0,1.25,1.25
13,95,0,0,0.0,0.0,0.0
13,96,0,0,0.0,0.0,0.0
13,97,0,0,0.0,0.0,0.0
13,98,0,0,0.0,0.0,0.0
13,99,1,1,1.25,1.25,0.0
13,100,0,1,0.0,1.25,1.25
13,101,1,0,1.25,0.0,-1.25
13,102,0,3,0.0,3.75,3.75
13,103,0,0,0.0,0.0,0.0
13,104,0,1,0.0,1.25,1.25
13,105,1,1,1.25,1.25,0.0
13,106,0,0,0.0,0.0,0.0
13,107,0,0,0.0,0.0,0.0
13,108,0,0,0.0,0.0,0.0
13,109,0,0,0.0,0.0,0.0
13,110,0,1,0.0,1.25,1.25
13,111,0,1,0.0,1.25,1.25
13,112,0,0,0.0,0.0,0.0
13,113,0,0,0.0,0.0,0.0
13,114,0,0,0.0,0.0,0.0
13,115,1,0,1.25,0.0,-1.25
13,116,0,0,0.0,0.0,0.0
13,117,1,0,1.25,0.0,-1.25
13,118,1,0,1.25,0.0,-1.25
13,119,0,0,0.0,0.0,0.0
13,120,0,1,0.0,1.25,1.25
13,121,0,3,0.0,3.75,3.75
13,122,2,0,2.5,0.0,-2.5
13,123,0,0,0.0,0.0,0.0
13,124,0,0,0.0,0.0,0.0
13,125,1,0,1.25,0.0,-1.25
13,126,0,1,0.0,1.25,1.25
13,127,1,1,1.25,1.25,0.0
13,128,0,0,0.0,0.0,0.0
13,129,0,0,0.0,0.0,0.0
13,130,0,0,0.0,0.0,0.0
13,131,0,0,0.0,0.0,0.0
13,132,2,1,2.5,1.25,-1.25
13,133,0,0,0.0,0.0,0.0
13,134,0,0,0.0,0.0,0.0
14,0,3,1,3.75,1.25,-2.5
14,1,1,2,1.25,2.5,1.25
14,2,2,1,2.5,1.25,-1.25
14,3,0,0,0.0,0.0,0.0
14,4,0,2,0.0,2.5,2.5
14,5,1,1,1.25,1.25,0.0
14,6,2,0,2.5,0.0,-2.5
14,7,1,0,1.25,0.0,-1.25
14,8,1,0,1.25,0.0,-1.25
14,9,0,0,0.0,0.0,0.0
14,10,2,0,2.5,0.0,-2.5
14,11,0,1,0.0,1.25,1.25
14,12,1,0,1.25,0.0,-1.25
14,13,0,0,0.0,0.0,0.0
14,14,0,1,0.0,1.25,1.25
14,15,0,1,0.0,1.25,1.25
14,16,0,0,0.0,0.0,0.0
14,17,0,1,0.0,1.25,1.25
14,18,2,2,2.5,2.5,0.0
14,19,2,1,2.5,1.25,-1.25
14,20,0,1,0.0,1.25,1.25
14,21,0,2,0.0,2.5,2.5
14,22,1,3,1.25,3.75,2.5
14,23,0,0,0.0,0.0,0.0
14,24,0,0,0.0,0.0,0.0
14,25,5,1,6.25,1.25,-5.0
14,26,2,1,2.5,1.25,-1.25
14,27,1,3,1.25,3.75,2.5
14,28,0,1,0.0,1.25,1.25
14,29,0,3,0.0,3.75,3.75
14,30,6,0,7.5,0.0,-7.5
14,31,2,1,2.5,1.25,-1.25
14,32,2,11,2.5,13.75,11.25
14,33,10,0,12.5,0.0,-12.5
14,34,1,0,1.25,0.0,-1.25
14,35,2,0,2.5,0.0,-2.5
14,36,1,0,1.25,0.0,-1.25
14,37,1,4,1.25,5.0,3.75
14,38,0,0,0.0,0.0,0.0
14,39,1,0,1.25,0.0,-1.25
14,40,1,0,1.25,0.0,-1.25
14,41,1,1,1.25,1.25,0.0
14,42,3,1,3.75,1.25,-2.5
14,43,1,0,1.25,0.0,-1.25
14,44,0,1,0.0,1.25,1.25
14,45,0,1,0.0,1.25,1.25
14,46,2,0,2.5,0.0,-2.5
14,47,1,5,1.25,6.25,5.0
14,48,7,6,8.75,7.5,-1.25
14,49,0,1,0.0,1.25,1.25
14,50,1,1,1.25,1.25,0.0
14,51,0,0,0.0,0.0,0.0
14,52,0,0,0.0,0.0,0.0
14,53,0,0,0.0,0.0,0.0
14,54,1,1,1.25,1.25,0.0
14,55,0,0,0.0,0.0,0.0
14,56,0,0,0.0,0.0,0.0
14,57,0,0,0.0,0.0,0.0
14,58,3,1,3.75,1.25,-2.5
14,59,5,0,6.25,0.0,-6.25
14,60,4,4,5.0,5.0,0.0
14,61,0,0,0.0,0.0,0.0
14,62,3,0,3.75,0.0,-3.75
14,63,4,0,5.0,0.0,-5.0
14,64,4,2,5.0,2.5,-2.5
14,65,0,1,0.0,1.25,1.25
14,66,3,1,3.75,1.25,-2.5
14,67,0,2,0.0,2.5,2.5
14,68,0,0,0.0,0.0,0.0
14,69,0,1,0.0,1.25,1.25
14,70,0,0,0.0,0.0,0.0
14,71,0,1,0.0,1.25,1.25
14,72,0,0,0.0,0.0,0.0
14,73,0,0,0.0,0.0,0.0
14,74,0,0,0.0,0.0,0.0
14,75,0,0,0.0,0.0,0.0
14,76,1,0,1.25,0.0,-1.25
14,77,0,0,0.0,0.0,0.0
14,78,0,0,0.0,0.0,0.0
14,79,6,7,7.5,8.75,1.25
14,80,7,5,8.75,6.25,-2.5
14,81,1,0,1.25,0.0,-1.25
14,82,1,2,1.25,2.5,1.25
14,83,0,0,0.0,0.0,0.0
14,84,1,0,1.25,0.0,-1.25
14,85,0,0,0.0,0.0,0.0
14,86,1,1,1.25,1.25,0.0
14,87,0,0,0.0,0.0,0.0
14,88,0,1,0.0,1.25,1.25
14,89,1,3,1.25,3.75,2.5
14,90,2,4,2.5,5.0,2.5
14,91,1,0,1.25,0.0,-1.25
14,92,0,0,0.0,0.0,0.0
14,93,1,0,1.25,0.0,-1.25
14,94,0,0,0.0,0.0,0.0
14,95,1,0,1.25,0.0,-1.25
14,96,0,0,0.0,0.0,0.0
14,97,0,3,0.0,3.75,3.75
14,98,1,1,1.25,1.25,0.0
14,99,1,0,1.25,0.0,-1.25
14,100,1,0,1.25,0.0,-1.25
14,101,0,0,0.0,0.0,0.0
14,102,1,2,1.25,2.5,1.25
14,103,0,1,0.0,1.25,1.25
14,104,2,1,2.5,1.25,-1.25
14,105,0,0,0.0,0.0,0.0
14,106,1,0,1.25,0.0,-1.25
14,107,1,1,1.25,1.25,0.0
14,108,3,0,3.75,0.0,-3.75
14,109,1,0,1.25,0.0,-1.25
14,110,0,1,0.0,1.25,1.25
14,111,1,1,1.25,1.25,0.0
14,112,0,1,0.0,1.25,1.25
14,113,1,10,1.25,12.5,11.25
14,114,1,0,1.25,0.0,-1.25
14,115,0,1,0.0,1.25,1.25
14,116,4,4,5.0,5.0,0.0
14,117,0,0,0.0,0.0,0.0
14,118,0,0,0.0,0.0,0.0
14,119,0,1,0.0,1.25,1.25
14,120,1,0,1.25,0.0,-1.25
14,121,0,0,0.0,0.0,0.0
14,122,0,0,0.0,0.0,0.0
14,123,1,1,1.25,1.25,0.0
14,124,0,0,0.0,0.0,0.0
14,125,1,0,1.25,0.0,-1.25
14,126,0,0,0.0,0.0,0.0
14,127,0,1,0.0,1.25,1.25
14,128,4,0,5.0,0.0,-5.0
14,129,0,0,0.0,0.0,0.0
14,130,0,0,0.0,0.0,0.0
14,131,0,1,0.0,1.25,1.25
14,132,0,0,0.0,0.0,0.0
14,133,0,0,0.0,0.0,0.0
14,134,0,2,0.0,2.5,2.5
15,0,0,0,0.0,0.0,0.0
15,1,1,0,1.25,0.0,-1.25
15,2,1,0,1.25,0.0,-1.25
15,3,0,0,0.0,0.0,0.0
15,4,0,0,0.0,0.0,0.0
15,5,1,0,1.25,0.0,-1.25
15,6,0,1,0.0,1.25,1.25
15,7,0,0,0.0,0.0,0.0
15,8,0,0,0.0,0.0,0.0
15,9,2,0,2.5,0.0,-2.5
15,10,2,1,2.5,1.25,-1.25
15,11,0,0,0.0,0.0,0.0
15,12,0,0,0.0,0.0,0.0
15,13,1,1,1.25,1.25,0.0
15,14,0,1,0.0,1.25,1.25
15,15,0,0,0.0,0.0,0.0
15,16,0,0,0.0,0.0,0.0
15,17,0,0,0.0,0.0,0.0
15,18,0,0,0.0,0.0,0.0
15,19,0,0,0.0,0.0,0.0
15,20,0,0,0.0,0.0,0.0
15,21,0,0,0.0,0.0,0.0
15,22,0,0,0.0,0.0,0.0
15,23,0,1,0.0,1.25,1.25
15,24,0,0,0.0,0.0,0.0
15,25,1,0,1.25,0.0,-1.25
15,26,1,1,1.25,1.25,0.0
15,27,0,0,0.0,0.0,0.0
15,28,0,0,0.0,0.0,0.0
15,29,0,0,0.0,0.0,0.0
15,30,0,0,0.0,0.0,0.0
15,31,0,0,0.0,0.0,0.0
15,32,0,0,0.0,0.0,0.0
15,33,0,2,0.0,2.5,2.5
15,34,4,1,5.0,1.25,-3.75
15,35,1,1,1.25,1.25,0.0
15,36,2,0,2.5,0.0,-2.5
15,37,2,0,2.5,0.0,-2.5
15,38,0,0,0.0,0.0,0.0
15,39,1,0,1.25,0.0,-1.25
15,40,1,0,1.25,0.0,-1.25
15,41,2,0,2.5,0.0,-2.5
15,42,1,0,1.25,0.0,-1.25
15,43,0,0,0.0,0.0,0.0
15,44,0,0,0.0,0.0,0.0
15,45,2,2,2.5,2.5,0.0
15,46,1,0,1.25,0.0,-1.25
15,47,2,1,2.5,1.25,-1.25
15,48,0,0,0.0,0.0,0.0
15,49,0,0,0.0,0.0,0.0
15,50,0,1,0.0,1.25,1.25
15,51,0,0,0.0,0.0,0.0
15,52,0,0,0.0,0.0,0.0
15,53,0,0,0.0,0.0,0.0
15,54,2,1,2.5,1.25,-1.25
15,55,0,1,0.0,1.25,1.25
15,56,1,0,1.25,0.0,-1.25
15,57,1,0,1.25,0.0,-1.25
15,58,0,1,0.0,1.25,1.25
15,59,0,0,0.0,0.0,0.0
15,60,0,0,0.0,0.0,0.0
15,61,0,0,0.0,0.0,0.0
15,62,0,1,0.0,1.25,1.25
15,63,2,0,2.5,0.0,-2.5
15,64,3,1,3.75,1.25,-2.5
15,65,2,1,2.5,1.25,-1.25
15,66,5,0,6.25,0.0,-6.25
15,67,0,2,0.0,2.5,2.5
15,68,0,0,0.0,0.0,0.0
15,69,0,0,0.0,0.0,0.0
15,70,0,0,0.0,0.0,0.0
15,71,0,0,0.0,0.0,0.0
15,72,0,0,0.0,0.0,0.0
15,73,0,0,0.0,0.0,0.0
15,74,0,0,0.0,0.0,0.0
15,75,2,0,2.5,0.0,-2.5
15,76,0,0,0.0,0.0,0.0
15,77,0,0,0.0,0.0,0.0
15,78,0,0,0.0,0.0,0.0
15,79,0,0,0.0,0.0,0.0
15,80,1,0,1.25,0.0,-1.25
15,81,0,1,0.0,1.25,1.25
15,82,0,0,0.0,0.0,0.0
15,83,0,0,0.0,0.0,0.0
15,84,0,0,0.0,0.0,0.0
15,85,0,0,0.0,0.0,0.0
15,86,2,0,2.5,0.0,-2.5
15,87,0,0,0.0,0.0,0.0
15,88,4,1,5.0,1.25,-3.75
15,89,0,7,0.0,8.75,8.75
15,90,0,1,0.0,1.25,1.25
15,91,0,0,0.0,0.0,0.0
15,92,0,0,0.0,0.0,0.0
15,93,0,0,0.0,0.0,0.0
15,94,0,0,0.0,0.0,0.0
15,95,0,0,0.0,0.0,0.0
15,96,0,1,0.0,1.25,1.25
15,97,3,4,3.75,5.0,1.25
15,98,0,0,0.0,0.0,0.0
15,99,3,0,3.75,0.0,-3.75
15,100,1,2,1.25,2.5,1.25
15,101,1,0,1.25,0.0,-1.25
15,102,0,0,0.0,0.0,0.0
15,103,1,0,1.25,0.0,-1.25
15,104,0,0,0.0,0.0,0.0
15,105,0,0,0.0,0.0,0.0
15,106,0,0,0.0,0.0,0.0
15,107,1,1,1.25,1.25,0.0
15,108,0,0,0.0,0.0,0.0
15,109,1,0,1.25,0.0,-1.25
15,110,1,0,1.25,0.0,-1.25
15,111,0,0,0.0,0.0,0.0
15,112,0,1,0.0,1.25,1.25
15,113,2,1,2.5,1.25,-1.25
15,114,1,0,1.25,0.0,-1.25
15,115,0,0,0.0,0.0,0.0
15,116,2,0,2.5,0.0,-2.5
15,117,0,0,0.0,0.0,0.0
15,118,0,0,0.0,0.0,0.0
15,119,0,1,0.0,1.25,1.25
15,120,0,0,0.0,0.0,0.0
15,121,0,0,0.0,0.0,0.0
15,122,0,0,0.0,0.0,0.0
15,123,0,0,0.0,0.0,0.0
15,124,0,0,0.0,0.0,0.0
15,125,0,0,0.0,0.0,0.0
15,126,0,2,0.0,2.5,2.5
15,127,0,0,0.0,0.0,0.0
15,128,0,0,0.0,0.0,0.0
15,129,0,0,0.0,0.0,0.0
15,130,0,0,0.0,0.0,0.0
15,131,1,0,1.25,0.0,-1.25
15,132,0,1,0.0,1.25,1.25
15,133,0,0,0.0,0.0,0.0
15,134,2,0,2.5,0.0,-2.5
16,0,4,2,5.0,2.5,-2.5
16,1,0,6,0.0,7.5,7.5
16,2,1,2,1.25,2.5,1.25
16,3,5,2,6.25,2.5,-3.75
16,4,4,5,5.0,6.25,1.25
16,5,2,7,2.5,8.75,6.25
16,6,1,2,1.25,2.5,1.25
16,7,1,2,1.25,2.5,1.25
16,8,1,3,1.25,3.75,2.5
16,9,2,3,2.5,3.75,1.25
16,10,3,2,3.75,2.5,-1.25
16,11,1,3,1.25,3.75,2.5
16,12,10,8,12.5,10.0,-2.5
16,13,3,4,3.75,5.0,1.25
16,14,1,0,1.25,0.0,-1.25
16,15,2,2,2.5,2.5,0.0
16,16,0,2,0.0,2.5,2.5
16,17,2,3,2.5,3.75,1.25
16,18,3,6,3.75,7.5,3.75
16,19,2,4,2.5,5.0,2.5
16,20,3,2,3.75,2.5,-1.25
16,21,3,2,3.75,2.5,-1.25
16,22,6,1,7.5,1.25,-6.25
16,23,1,6,1.25,7.5,6.25
16,24,1,3,1.25,3.75,2.5
16,25,2,2,2.5,2.5,0.0
16,26,2,0,2.5,0.0,-2.5
16,27,2,5,2.5,6.25,3.75
16,28,2,2,2.5,2.5,0.0
16,29,6,2,7.5,2.5,-5.0
16,30,1,1,1.25,1.25,0.0
16,31,11,2,13.75,2.5,-11.25
16,32,0,4,0.0,5.0,5.0
16,33,1,0,1.25,0.0,-1.25
16,34,2,2,2.5,2.5,0.0
16,35,5,5,6.25,6.25,0.0
16,36,1,0,1.25,0.0,-1.25
16,37,3,6,3.75,7.5,3.75
16,38,4,3,5.0,3.75,-1.25
16,39,4,1,5.0,1.25,-3.75
16,40,13,6,16.25,7.5,-8.75
16,41,5,5,6.25,6.25,0.0
16,42,7,4,8.75,5.0,-3.75
16,43,3,1,3.75,1.25,-2.5
16,44,1,4,1.25,5.0,3.75
16,45,4,6,5.0,7.5,2.5
16,46,5,4,6.25,5.0,-1.25
16,47,2,2,2.5,2.5,0.0
16,48,3,0,3.75,0.0,-3.75
16,49,3,5,3.75,6.25,2.5
16,50,2,3,2.5,3.75,1.25
16,51,1,3,1.25,3.75,2.5
16,52,7,4,8.75,5.0,-3.75
16,53,3,2,3.75,2.5,-1.25
16,54,6,2,7.5,2.5,-5.0
16,55,2,5,2.5,6.25,3.75
16,56,2,2,2.5,2.5,0.0
16,57,1,2,1.25,2.5,1.25
16,58,1,2,1.25,2.5,1.25
16,59,0,4,0.0,5.0,5.0
16,60,4,1,5.0,1.25,-3.75
16,61,6,9,7.5,11.25,3.75
16,62,5,4,6.25,5.0,-1.25
16,63,1,1,1.25,1.25,0.0
16,64,3,3,3.75,3.75,0.0
16,65,2,2,2.5,2.5,0.0
16,66,2,0,2.5,0.0,-2.5
16,67,0,7,0.0,8.75,8.75
16,68,0,1,0.0,1.25,1.25
16,69,0,0,0.0,0.0,0.0
16,70,3,2,3.75,2.5,-1.25
16,71,2,3,2.5,3.75,1.25
16,72,1,0,1.25,0.0,-1.25
16,73,1,6,1.25,7.5,6.25
16,74,3,1,3.75,1.25,-2.5
16,75,0,4,0.0,5.0,5.0
16,76,7,1,8.75,1.25,-7.5
16,77,4,4,5.0,5.0,0.0
16,78,5,1,6.25,1.25,-5.0
16,79,7,4,8.75,5.0,-3.75
16,80,5,1,6.25,1.25,-5.0
16,81,4,4,5.0,5.0,0.0
16,82,5,4,6.25,5.0,-1.25
16,83,6,7,7.5,8.75,1.25
16,84,6,1,7.5,1.25,-6.25
16,85,3,3,3.75,3.75,0.0
16,86,6,2,7.5,2.5,-5.0
16,87,3,4,3.75,5.0,1.25
16,88,0,3,0.0,3.75,3.75
16,89,1,3,1.25,3.75,2.5
16,90,3,2,3.75,2.5,-1.25
16,91,2,3,2.5,3.75,1.25
16,92,5,4,6.25,5.0,-1.25
16,93,3,3,3.75,3.75,0.0
16,94,2,4,2.5,5.0,2.5
16,95,4,4,5.0,5.0,0.0
16,96,1,4,1.25,5.0,3.75
16,97,2,1,2.5,1.25,-1.25
16,98,1,1,1.25,1.25,0.0
16,99,5,6,6.25,7.5,1.25
16,100,1,0,1.25,0.0,-1.25
16,101,2,2,2.5,2.5,0.0
16,102,0,0,0.0,0.0,0.0
16,103,1,0,1.25,0.0,-1.25
16,104,9,7,11.25,8.75,-2.5
16,105,8,2,10.0,2.5,-7.5
16,106,2,2,2.5,2.5,0.0
16,107,2,0,2.5,0.0,-2.5
16,108,6,0,7.5,0.0,-7.5
16,109,2,2,2.5,2.5,0.0
16,110,2,3,2.5,3.75,1.25
16,111,2,4,2.5,5.0,2.5
16,112,4,1,5.0,1.25,-3.75
16,113,1,7,1.25,8.75,7.5
16,114,4,0,5.0,0.0,-5.0
16,115,3,0,3.75,0.0,-3.75
16,116,1,7,1.25,8.75,7.5
16,117,4,1,5.0,1.25,-3.75
16,118,0,0,0.0,0.0,0.0
16,119,2,4,2.5,5.0,2.5
16,120,3,10,3.75,12.5,8.75
16,121,3,5,3.75,6.25,2.5
16,122,4,3,5.0,3.75,-1.25
16,123,2,2,2.5,2.5,0.0
16,124,2,1,2.5,1.25,-1.25
16,125,3,1,3.75,1.25,-2.5
16,126,3,1,3.75,1.25,-2.5
16,127,2,6,2.5,7.5,5.0
16,128,5,3,6.25,3.75,-2.5
16,129,4,2,5.0,2.5,-2.5
16,130,3,0,3.75,0.0,-3.75
16,131,0,3,0.0,3.75,3.75
16,132,3,0,3.75,0.0,-3.75
16,133,1,1,1.25,1.25,0.0
16,134,1,3,1.25,3.75,2.5
17,0,1,1,1.25,1.25,0.0
17,1,0,0,0.0,0.0,0.0
17,2,0,1,0.0,1.25,1.25
17,3,1,0,1.25,0.0,-1.25
17,4,1,1,1.25,1.25,0.0
17,5,0,1,0.0,1.25,1.25
17,6,0,1,0.0,1.25,1.25
17,7,0,0,0.0,0.0,0.0
17,8,2,1,2.5,1.25,-1.25
17,9,0,0,0.0,0.0,0.0
17,10,3,0,3.75,0.0,-3.75
17,11,0,0,0.0,0.0,0.0
17,12,0,0,0.0,0.0,0.0
17,13,1,0,1.25,0.0,-1.25
17,14,0,0,0.0,0.0,0.0
17,15,4,2,5.0,2.5,-2.5
17,16,1,0,1.25,0.0,-1.25
17,17,0,0,0.0,0.0,0.0
17,18,0,0,0.0,0.0,0.0
17,19,0,3,0.0,3.75,3.75
17,20,1,0,1.25,0.0,-1.25
17,21,0,0,0.0,0.0,0.0
17,22,2,0,2.5,0.0,-2.5
17,23,1,0,1.25,0.0,-1.25
17,24,1,1,1.25,1.25,0.0
17,25,1,3,1.25,3.75,2.5
17,26,0,0,0.0,0.0,0.0
17,27,0,2,0.0,2.5,2.5
17,28,1,0,1.25,0.0,-1.25
17,29,0,1,0.0,1.25,1.25
17,30,0,0,0.0,0.0,0.0
17,31,0,2,0.0,2.5,2.5
17,32,1,1,1.25,1.25,0.0
17,33,0,0,0.0,0.0,0.0
17,34,0,1,0.0,1.25,1.25
17,35,0,0,0.0,0.0,0.0
17,36,2,0,2.5,0.0,-2.5
17,37,0,2,0.0,2.5,2.5
17,38,2,1,2.5,1.25,-1.25
17,39,0,0,0.0,0.0,0.0
17,40,0,0,0.0,0.0,0.0
17,41,0,0,0.0,0.0,0.0
17,42,0,0,0.0,0.0,0.0
17,43,2,3,2.5,3.75,1.25
17,44,0,0,0.0,0.0,0.0
17,45,2,0,2.5,0.0,-2.5
17,46,1,1,1.25,1.25,0.0
17,47,0,0,0.0,0.0,0.0
17,48,0,0,0.0,0.0,0.0
17,49,3,0,3.75,0.0,-3.75
17,50,0,0,0.0,0.0,0.0
17,51,1,1,1.25,1.25,0.0
17,52,0,0,0.0,0.0,0.0
17,53,2,1,2.5,1.25,-1.25
17,54,1,0,1.25,0.0,-1.25
17,55,4,0,5.0,0.0,-5.0
17,56,0,0,0.0,0.0,0.0
17,57,0,0,0.0,0.0,0.0
17,58,0,1,0.0,1.25,1.25
17,59,2,0,2.5,0.0,-2.5
17,60,0,0,0.0,0.0,0.0
17,61,1,0,1.25,0.0,-1.25
17,62,1,2,1.25,2.5,1.25
17,63,0,1,0.0,1.25,1.25
17,64,1,0,1.25,0.0,-1.25
17,65,0,1,0.0,1.25,1.25
17,66,0,3,0.0,3.75,3.75
17,67,1,0,1.25,0.0,-1.25
17,68,2,0,2.5,0.0,-2.5
17,69,0,1,0.0,1.25,1.25
17,70,0,0,0.0,0.0,0.0
17,71,0,0,0.0,0.0,0.0
17,72,1,1,1.25,1.25,0.0
17,73,1,2,1.25,2.5,1.25
17,74,3,1,3.75,1.25,-2.5
17,75,3,1,3.75,1.25,-2.5
17,76,1,1,1.25,1.25,0.0
17,77,1,6,1.25,7.5,6.25
17,78,2,0,2.5,0.0,-2.5
17,79,1,0,1.25,0.0,-1.25
17,80,1,0,1.25,0.0,-1.25
17,81,1,0,1.25,0.0,-1.25
17,82,0,0,0.0,0.0,0.0
17,83,0,2,0.0,2.5,2.5
17,84,1,0,1.25,0.0,-1.25
17,85,0,1,0.0,1.25,1.25
17,86,1,1,1.25,1.25,0.0
17,87,0,0,0.0,0.0,0.0
17,88,0,2,0.0,2.5,2.5
17,89,0,2,0.0,2.5,2.5
17,90,1,1,1.25,1.25,0.0
17,91,7,0,8.75,0.0,-8.75
17,92,1,5,1.25,6.25,5.0
17,93,0,0,0.0,0.0,0.0
17,94,0,1,0.0,1.25,1.25
17,95,1,2,1.25,2.5,1.25
17,96,2,0,2.5,0.0,-2.5
17,97,0,0,0.0,0.0,0.0
17,98,1,0,1.25,0.0,-1.25
17,99,0,0,0.0,0.0,0.0
17,100,5,1,6.25,1.25,-5.0
17,101,0,0,0.0,0.0,0.0
17,102,0,0,0.0,0.0,0.0
17,103,0,0,0.0,0.0,0.0
17,104,0,0,0.0,0.0,0.0
17,105,0,2,0.0,2.5,2.5
17,106,0,3,0.0,3.75,3.75
17,107,1,0,1.25,0.0,-1.25
17,108,0,2,0.0,2.5,2.5
17,109,0,0,0.0,0.0,0.0
17,110,2,0,2.5,0.0,-2.5
17,111,1,0,1.25,0.0,-1.25
17,112,2,0,2.5,0.0,-2.5
17,113,0,1,0.0,1.25,1.25
17,114,0,1,0.0,1.25,1.25
17,115,1,1,1.25,1.25,0.0
17,116,1,1,1.25,1.25,0.0
17,117,1,0,1.25,0.0,-1.25
17,118,0,0,0.0,0.0,0.0
17,119,2,0,2.5,0.0,-2.5
17,120,1,1,1.25,1.25,0.0
17,121,0,0,0.0,0.0,0.0
17,122,0,0,0.0,0.0,0.0
17,123,1,1,1.25,1.25,0.0
17,124,0,0,0.0,0.0,0.0
17,125,0,0,0.0,0.0,0.0
17,126,0,0,0.0,0.0,0.0
17,127,0,2,0.0,2.5,2.5
17,128,2,1,2.5,1.25,-1.25
17,129,1,2,1.25,2.5,1.25
17,130,2,0,2.5,0.0,-2.5
17,131,2,0,2.5,0.0,-2.5
17,132,0,1,0.0,1.25,1.25
17,133,5,8,6.25,10.0,3.75
17,134,0,0,0.0,0.0,0.0
18,0,4,0,5.0,0.0,-5.0
18,1,0,0,0.0,0.0,0.0
18,2,1,1,1.25,1.25,0.0
18,3,1,0,1.25,0.0,-1.25
18,4,5,1,6.25,1.25,-5.0
18,5,1,1,1.25,1.25,0.0
18,6,1,0,1.25,0.0,-1.25
18,7,1,0,1.25,0.0,-1.25
18,8,0,4,0.0,5.0,5.0
18,9,0,8,0.0,10.0,10.0
18,10,0,0,0.0,0.0,0.0
18,11,0,1,0.0,1.25,1.25
18,12,1,3,1.25,3.75,2.5
18,13,0,2,0.0,2.5,2.5
18,14,0,2,0.0,2.5,2.5
18,15,8,3,10.0,3.75,-6.25
18,16,4,1,5.0,1.25,-3.75
18,17,1,4,1.25,5.0,3.75
18,18,7,1,8.75,1.25,-7.5
18,19,2,3,2.5,3.75,1.25
18,20,1,1,1.25,1.25,0.0
18,21,1,5,1.25,6.25,5.0
18,22,1,2,1.25,2.5,1.25
18,23,3,0,3.75,0.0,-3.75
18,24,1,1,1.25,1.25,0.0
18,25,0,1,0.0,1.25,1.25
18,26,0,0,0.0,0.0,0.0
18,27,1,0,1.25,0.0,-1.25
18,28,4,1,5.0,1.25,-3.75
18,29,2,2,2.5,2.5,0.0
18,30,0,1,0.0,1.25,1.25
18,31,2,2,2.5,2.5,0.0
18,32,3,2,3.75,2.5,-1.25
18,33,2,1,2.5,1.25,-1.25
18,34,2,4,2.5,5.0,2.5
18,35,1,5,1.25,6.25,5.0
18,36,0,0,0.0,0.0,0.0
18,37,0,0,0.0,0.0,0.0
18,38,0,1,0.0,1.25,1.25
18,39,0,0,0.0,0.0,0.0
18,40,2,3,2.5,3.75,1.25
18,41,2,5,2.5,6.25,3.75
18,42,1,0,1.25,0.0,-1.25
18,43,1,1,1.25,1.25,0.0
18,44,0,0,0.0,0.0,0.0
18,45,0,0,0.0,0.0,0.0
18,46,0,0,0.0,0.0,0.0
18,47,0,2,0.0,2.5,2.5
18,48,2,1,2.5,1.25,-1.25
18,49,0,0,0.0,0.0,0.0
18,50,3,1,3.75,1.25,-2.5
18,51,0,0,0.0,0.0,0.0
18,52,3,0,3.75,0.0,-3.75
18,53,0,1,0.0,1.25,1.25
18,54,1,0,1.25,0.0,-1.25
18,55,1,3,1.25,3.75,2.5
18,56,1,2,1.25,2.5,1.25
18,57,3,0,3.75,0.0,-3.75
18,58,0,2,0.0,2.5,2.5
18,59,3,2,3.75,2.5,-1.25
18,60,1,2,1.25,2.5,1.25
18,61,1,2,1.25,2.5,1.25
18,62,1,1,1.25,1.25,0.0
18,63,2,7,2.5,8.75,6.25
18,64,5,1,6.25,1.25,-5.0
18,65,0,3,0.0,3.75,3.75
18,66,1,2,1.25,2.5,1.25
18,67,3,0,3.75,0.0,-3.75
18,68,0,3,0.0,3.75,3.75
18,69,1,2,1.25,2.5,1.25
18,70,1,2,1.25,2.5,1.25
18,71,0,0,0.0,0.0,0.0
18,72,0,0,0.0,0.0,0.0
18,73,0,1,0.0,1.25,1.25
18,74,2,6,2.5,7.5,5.0
18,75,0,1,0.0,1.25,1.25
18,76,0,0,0.0,0.0,0.0
18,77,2,0,2.5,0.0,-2.5
18,78,2,0,2.5,0.0,-2.5
18,79,3,4,3.75,5.0,1.25
18,80,0,0,0.0,0.0,0.0
18,81,0,0,0.0,0.0,0.0
18,82,0,3,0.0,3.75,3.75
18,83,0,0,0.0,0.0,0.0
18,84,2,0,2.5,0.0,-2.5
18,85,1,3,1.25,3.75,2.5
18,86,0,0,0.0,0.0,0.0
18,87,0,3,0.0,3.75,3.75
18,88,0,2,0.0,2.5,2.5
18,89,0,0,0.0,0.0,0.0
18,90,1,0,1.25,0.0,-1.25
18,91,1,0,1.25,0.0,-1.25
18,92,3,0,3.75,0.0,-3.75
18,93,1,0,1.25,0.0,-1.25
18,94,2,0,2.5,0.0,-2.5
18,95,1,1,1.25,1.25,0.0
18,96,3,0,3.75,0.0,-3.75
18,97,0,0,0.0,0.0,0.0
18,98,0,0,0.0,0.0,0.0
18,99,5,2,6.25,2.5,-3.75
18,100,0,1,0.0,1.25,1.25
18,101,1,1,1.25,1.25,0.0
18,102,1,2,1.25,2.5,1.25
18,103,0,0,0.0,0.0,0.0
18,104,0,0,0.0,0.0,0.0
18,105,2,2,2.5,2.5,0.0
18,106,1,0,1.25,0.0,-1.25
18,107,0,1,0.0,1.25,1.25
18,108,1,1,1.25,1.25,0.0
18,109,1,3,1.25,3.75,2.5
18,110,2,2,2.5,2.5,0.0
18,111,1,4,1.25,5.0,3.75
18,112,0,0,0.0,0.0,0.0
18,113,0,0,0.0,0.0,0.0
18,114,0,0,0.0,0.0,0.0
18,115,0,0,0.0,0.0,0.0
18,116,0,0,0.0,0.0,0.0
18,117,0,0,0.0,0.0,0.0
18,118,1,0,1.25,0.0,-1.25
18,119,1,0,1.25,0.0,-1.25
18,120,1,2,1.25,2.5,1.25
18,121,1,0,1.25,0.0,-1.25
18,122,0,2,0.0,2.5,2.5
18,123,1,1,1.25,1.25,0.0
18,124,1,2,1.25,2.5,1.25
18,125,0,1,0.0,1.25,1.25
18,126,1,2,1.25,2.5,1.25
18,127,3,1,3.75,1.25,-2.5
18,128,1,1,1.25,1.25,0.0
18,129,7,0,8.75,0.0,-8.75
18,130,1,0,1.25,0.0,-1.25
18,131,1,1,1.25,1.25,0.0
18,132,0,0,0.0,0.0,0.0
18,133,5,0,6.25,0.0,-6.25
18,134,1,0,1.25,0.0,-1.25
19,0,0,0,0.0,0.0,0.0
19,1,0,0,0.0,0.0,0.0
19,2,0,0,0.0,0.0,0.0
19,3,0,0,0.0,0.0,0.0
19,4,0,0,0.0,0.0,0.0
19,5,0,0,0.0,0.0,0.0
19,6,0,0,0.0,0.0,0.0
19,7,0,0,0.0,0.0,0.0
19,8,0,0,0.0,0.0,0.0
19,9,0,0,0.0,0.0,0.0
19,10,0,0,0.0,0.0,0.0
19,11,0,1,0.0,1.25,1.25
19,12,0,1,0.0,1.25,1.25
19,13,0,1,0.0,1.25,1.25
19,14,0,0,0.0,0.0,0.0
19,15,0,0,0.0,0.0,0.0
19,16,0,0,0.0,0.0,0.0
19,17,1,0,1.25,0.0,-1.25
19,18,0,0,0.0,0.0,0.0
19,19,0,0,0.0,0.0,0.0
19,20,0,0,0.0,0.0,0.0
19,21,0,0,0.0,0.0,0.0
19,22,0,0,0.0,0.0,0.0
19,23,0,0,0.0,0.0,0.0
19,24,0,0,0.0,0.0,0.0
19,25,1,0,1.25,0.0,-1.25
19,26,0,1,0.0,1.25,1.25
19,27,0,2,0.0,2.5,2.5
19,28,0,1,0.0,1.25,1.25
19,29,0,0,0.0,0.0,0.0
19,30,0,1,0.0,1.25,1.25
19,31,1,1,1.25,1.25,0.0
19,32,0,0,0.0,0.0,0.0
19,33,0,0,0.0,0.0,0.0
19,34,0,1,0.0,1.25,1.25
19,35,0,0,0.0,0.0,0.0
19,36,0,0,0.0,0.0,0.0
19,37,0,0,0.0,0.0,0.0
19,38,1,0,1.25,0.0,-1.25
19,39,0,0,0.0,0.0,0.0
19,40,0,0,0.0,0.0,0.0
19,41,0,0,0.0,0.0,0.0
19,42,0,0,0.0,0.0,0.0
19,43,0,0,0.0,0.0,0.0
19,44,0,0,0.0,0.0,0.0
19,45,0,0,0.0,0.0,0.0
19,46,0,0,0.0,0.0,0.0
19,47,0,0,0.0,0.0,0.0
19,48,0,0,0.0,0.0,0.0
19,49,0,0,0.0,0.0,0.0
19,50,0,1,0.0,1.25,1.25
19,51,0,0,0.0,0.0,0.0
19,52,0,3,0.0,3.75,3.75
19,53,1,0,1.25,0.0,-1.25
19,54,0,0,0.0,0.0,0.0
19,55,0,0,0.0,0.0,0.0
19,56,0,0,0.0,0.0,0.0
19,57,0,0,0.0,0.0,0.0
19,58,0,0,0.0,0.0,0.0
19,59,1,0,1.25,0.0,-1.25
19,60,0,0,0.0,0.0,0.0
19,61,0,0,0.0,0.0,0.0
19,62,0,1,0.0,1.25,1.25
19,63,1,1,1.25,1.25,0.0
19,64,1,1,1.25,1.25,0.0
19,65,0,0,0.0,0.0,0.0
19,66,0,0,0.0,0.0,0.0
19,67,1,0,1.25,0.0,-1.25
19,68,0,0,0.0,0.0,0.0
19,69,0,0,0.0,0.0,0.0
19,70,0,0,0.0,0.0,0.0
19,71,0,0,0.0,0.0,0.0
19,72,0,0,0.0,0.0,0.0
19,73,0,0,0.0,0.0,0.0
19,74,0,0,0.0,0.0,0.0
19,75,0,0,0.0,0.0,0.0
19,76,0,0,0.0,0.0,0.0
19,77,0,1,0.0,1.25,1.25
19,78,0,0,0.0,0.0,0.0
19,79,0,0,0.0,0.0,0.0
19,80,0,0,0.0,0.0,0.0
19,81,0,0,0.0,0.0,0.0
19,82,0,0,0.0,0.0,0.0
19,83,0,0,0.0,0.0,0.0
19,84,0,0,0.0,0.0,0.0
19,85,0,0,0.0,0.0,0.0
19,86,0,1,0.0,1.25,1.25
19,87,0,0,0.0,0.0,0.0
19,88,0,0,0.0,0.0,0.0
19,89,0,0,0.0,0.0,0.0
19,90,0,0,0.0,0.0,0.0
19,91,0,1,0.0,1.25,1.25
19,92,1,0,1.25,0.0,-1.25
19,93,3,2,3.75,2.5,-1.25
19,94,0,0,0.0,0.0,0.0
19,95,0,0,0.0,0.0,0.0
19,96,0,0,0.0,0.0,0.0
19,97,0,0,0.0,0.0,0.0
19,98,0,0,0.0,0.0,0.0
19,99,0,0,0.0,0.0,0.0
19,100,0,0,0.0,0.0,0.0
19,101,0,0,0.0,0.0,0.0
19,102,0,0,0.0,0.0,0.0
19,103,2,0,2.5,0.0,-2.5
19,104,0,0,0.0,0.0,0.0
19,105,0,0,0.0,0.0,0.0
19,106,0,0,0.0,0.0,0.0
19,107,0,0,0.0,0.0,0.0
19,108,1,0,1.25,0.0,-1.25
19,109,0,0,0.0,0.0,0.0
19,110,0,0,0.0,0.0,0.0
19,111,0,2,0.0,2.5,2.5
19,112,0,0,0.0,0.0,0.0
19,113,0,0,0.0,0.0,0.0
19,114,0,0,0.0,0.0,0.0
19,115,0,0,0.0,0.0,0.0
19,116,0,0,0.0,0.0,0.0
19,117,1,0,1.25,0.0,-1.25
19,118,0,0,0.0,0.0,0.0
19,119,0,0,0.0,0.0,0.0
19,120,0,0,0.0,0.0,0.0
19,121,0,0,0.0,0.0,0.0
19,122,0,0,0.0,0.0,0.0
19,123,0,0,0.0,0.0,0.0
19,124,0,1,0.0,1.25,1.25
19,125,0,0,0.0,0.0,0.0
19,126,0,1,0.0,1.25,1.25
19,127,0,0,0.0,0.0,0.0
19,128,0,0,0.0,0.0,0.0
19,129,0,0,0.0,0.0,0.0
19,130,0,0,0.0,0.0,0.0
19,131,0,0,0.0,0.0,0.0
19,132,0,0,0.0,0.0,0.0
19,133,0,0,0.0,0.0,0.0
19,134,0,0,0.0,0.0,0.0
20,0,1,2,1.25,2.5,1.25
20,1,0,2,0.0,2.5,2.5
20,2,0,1,0.0,1.25,1.25
20,3,0,2,0.0,2.5,2.5
20,4,0,3,0.0,3.75,3.75
20,5,0,1,0.0,1.25,1.25
20,6,0,3,0.0,3.75,3.75
20,7,1,1,1.25,1.25,0.0
20,8,0,0,0.0,0.0,0.0
20,9,0,3,0.0,3.75,3.75
20,10,5,1,6.25,1.25,-5.0
20,11,0,3,0.0,3.75,3.75
20,12,5,5,6.25,6.25,0.0
20,13,3,1,3.75,1.25,-2.5
20,14,1,1,1.25,1.25,0.0
20,15,0,1,0.0,1.25,1.25
20,16,1,2,1.25,2.5,1.25
20,17,1,4,1.25,5.0,3.75
20,18,4,1,5.0,1.25,-3.75
20,19,1,0,1.25,0.0,-1.25
20,20,0,0,0.0,0.0,0.0
20,21,1,2,1.25,2.5,1.25
20,22,2,0,2.5,0.0,-2.5
20,23,0,3,0.0,3.75,3.75
20,24,0,3,0.0,3.75,3.75
20,25,2,3,2.5,3.75,1.25
20,26,3,0,3.75,0.0,-3.75
20,27,0,4,0.0,5.0,5.0
20,28,2,4,2.5,5.0,2.5
20,29,6,3,7.5,3.75,-3.75
20,30,0,3,0.0,3.75,3.75
20,31,8,3,10.0,3.75,-6.25
20,32,2,3,2.5,3.75,1.25
20,33,0,2,0.0,2.5,2.5
20,34,2,4,2.5,5.0,2.5
20,35,2,2,2.5,2.5,0.0
20,36,0,0,0.0,0.0,0.0
20,37,0,1,0.0,1.25,1.25
20,38,4,3,5.0,3.75,-1.25
20,39,3,6,3.75,7.5,3.75
20,40,10,4,12.5,5.0,-7.5
20,41,3,4,3.75,5.0,1.25
20,42,4,2,5.0,2.5,-2.5
20,43,2,3,2.5,3.75,1.25
20,44,0,2,0.0,2.5,2.5
20,45,0,5,0.0,6.25,6.25
20,46,2,1,2.5,1.25,-1.25
20,47,1,1,1.25,1.25,0.0
20,48,2,0,2.5,0.0,-2.5
20,49,2,3,2.5,3.75,1.25
20,50,2,5,2.5,6.25,3.75
20,51,0,1,0.0,1.25,1.25
20,52,7,3,8.75,3.75,-5.0
20,53,0,0,0.0,0.0,0.0
20,54,1,1,1.25,1.25,0.0
20,55,0,2,0.0,2.5,2.5
20,56,0,4,0.0,5.0,5.0
20,57,2,0,2.5,0.0,-2.5
20,58,0,2,0.0,2.5,2.5
20,59,0,3,0.0,3.75,3.75
20,60,2,2,2.5,2.5,0.0
20,61,3,3,3.75,3.75,0.0
20,62,2,1,2.5,1.25,-1.25
20,63,0,0,0.0,0.0,0.0
20,64,1,2,1.25,2.5,1.25
20,65,1,1,1.25,1.25,0.0
20,66,0,0,0.0,0.0,0.0
20,67,0,4,0.0,5.0,5.0
20,68,2,3,2.5,3.75,1.25
20,69,0,2,0.0,2.5,2.5
20,70,2,4,2.5,5.0,2.5
20,71,1,3,1.25,3.75,2.5
20,72,2,2,2.5,2.5,0.0
20,73,4,4,5.0,5.0,0.0
20,74,2,3,2.5,3.75,1.25
20,75,0,2,0.0,2.5,2.5
20,76,0,0,0.0,0.0,0.0
20,77,2,1,2.5,1.25,-1.25
20,78,2,4,2.5,5.0,2.5
20,79,5,1,6.25,1.25,-5.0
20,80,2,2,2.5,2.5,0.0
20,81,0,0,0.0,0.0,0.0
20,82,1,2,1.25,2.5,1.25
20,83,0,0,0.0,0.0,0.0
20,84,2,1,2.5,1.25,-1.25
20,85,0,1,0.0,1.25,1.25
20,86,6,0,7.5,0.0,-7.5
20,87,0,2,0.0,2.5,2.5
20,88,0,0,0.0,0.0,0.0
20,89,2,3,2.5,3.75,1.25
20,90,2,1,2.5,1.25,-1.25
20,91,1,1,1.25,1.25,0.0
20,92,4,1,5.0,1.25,-3.75
20,93,2,0,2.5,0.0,-2.5
20,94,0,2,0.0,2.5,2.5
20,95,2,0,2.5,0.0,-2.5
20,96,0,1,0.0,1.25,1.25
20,97,0,1,0.0,1.25,1.25
20,98,4,3,5.0,3.75,-1.25
20,99,4,1,5.0,1.25,-3.75
20,100,1,1,1.25,1.25,0.0
20,101,1,1,1.25,1.25,0.0
20,102,0,1,0.0,1.25,1.25
20,103,0,0,0.0,0.0,0.0
20,104,3,4,3.75,5.0,1.25
20,105,0,0,0.0,0.0,0.0
20,106,0,1,0.0,1.25,1.25
20,107,0,1,0.0,1.25,1.25
20,108,0,2,0.0,2.5,2.5
20,109,1,2,1.25,2.5,1.25
20,110,0,1,0.0,1.25,1.25
20,111,0,4,0.0,5.0,5.0
20,112,4,4,5.0,5.0,0.0
20,113,2,4,2.5,5.0,2.5
20,114,0,1,0.0,1.25,1.25
20,115,1,2,1.25,2.5,1.25
20,116,0,3,0.0,3.75,3.75
20,117,1,0,1.25,0.0,-1.25
20,118,0,1,0.0,1.25,1.25
20,119,0,3,0.0,3.75,3.75
20,120,0,4,0.0,5.0,5.0
20,121,0,1,0.0,1.25,1.25
20,122,1,0,1.25,0.0,-1.25
20,123,0,1,0.0,1.25,1.25
20,124,0,1,0.0,1.25,1.25
20,125,0,0,0.0,0.0,0.0
20,126,0,0,0.0,0.0,0.0
20,127,0,6,0.0,7.5,7.5
20,128,2,1,2.5,1.25,-1.25
20,129,4,1,5.0,1.25,-3.75
20,130,1,0,1.25,0.0,-1.25
20,131,0,0,0.0,0.0,0.0
20,132,0,0,0.0,0.0,0.0
20,133,0,0,0.0,0.0,0.0
20,134,2,1,2.5,1.25,-1.25
21,0,1,2,1.25,2.5,1.25
21,1,2,1,2.5,1.25,-1.25
21,2,2,1,2.5,1.25,-1.25
21,3,2,2,2.5,2.5,0.0
21,4,2,3,2.5,3.75,1.25
21,5,1,1,1.25,1.25,0.0
21,6,0,1,0.0,1.25,1.25
21,7,3,1,3.75,1.25,-2.5
21,8,0,0,0.0,0.0,0.0
21,9,2,1,2.5,1.25,-1.25
21,10,2,2,2.5,2.5,0.0
21,11,0,1,0.0,1.25,1.25
21,12,7,5,8.75,6.25,-2.5
21,13,2,0,2.5,0.0,-2.5
21,14,3,4,3.75,5.0,1.25
21,15,2,1,2.5,1.25,-1.25
21,16,1,0,1.25,0.0,-1.25
21,17,1,1,1.25,1.25,0.0
21,18,3,4,3.75,5.0,1.25
21,19,3,3,3.75,3.75,0.0
21,20,0,1,0.0,1.25,1.25
21,21,2,1,2.5,1.25,-1.25
21,22,3,0,3.75,0.0,-3.75
21,23,1,4,1.25,5.0,3.75
21,24,0,0,0.0,0.0,0.0
21,25,2,1,2.5,1.25,-1.25
21,26,1,1,1.25,1.25,0.0
21,27,2,4,2.5,5.0,2.5
21,28,1,2,1.25,2.5,1.25
21,29,1,2,1.25,2.5,1.25
21,30,2,1,2.5,1.25,-1.25
21,31,0,0,0.0,0.0,0.0
21,32,1,2,1.25,2.5,1.25
21,33,2,2,2.5,2.5,0.0
21,34,2,0,2.5,0.0,-2.5
21,35,2,2,2.5,2.5,0.0
21,36,1,1,1.25,1.25,0.0
21,37,1,1,1.25,1.25,0.0
21,38,1,0,1.25,0.0,-1.25
21,39,2,2,2.5,2.5,0.0
21,40,4,3,5.0,3.75,-1.25
21,41,2,0,2.5,0.0,-2.5
21,42,4,1,5.0,1.25,-3.75
21,43,0,0,0.0,0.0,0.0
21,44,1,0,1.25,0.0,-1.25
21,45,0,0,0.0,0.0,0.0
21,46,3,0,3.75,0.0,-3.75
21,47,2,1,2.5,1.25,-1.25
21,48,0,0,0.0,0.0,0.0
21,49,1,1,1.25,1.25,0.0
21,50,0,0,0.0,0.0,0.0
21,51,1,0,1.25,0.0,-1.25
21,52,4,1,5.0,1.25,-3.75
21,53,0,0,0.0,0.0,0.0
21,54,1,3,1.25,3.75,2.5
21,55,1,4,1.25,5.0,3.75
21,56,2,1,2.5,1.25,-1.25
21,57,0,2,0.0,2.5,2.5
21,58,1,0,1.25,0.0,-1.25
21,59,2,3,2.5,3.75,1.25
21,60,0,1,0.0,1.25,1.25
21,61,3,2,3.75,2.5,-1.25
21,62,2,2,2.5,2.5,0.0
21,63,1,4,1.25,5.0,3.75
21,64,1,0,1.25,0.0,-1.25
21,65,2,2,2.5,2.5,0.0
21,66,1,0,1.25,0.0,-1.25
21,67,2,4,2.5,5.0,2.5
21,68,0,0,0.0,0.0,0.0
21,69,0,1,0.0,1.25,1.25
21,70,3,5,3.75,6.25,2.5
21,71,0,0,0.0,0.0,0.0
21,72,1,0,1.25,0.0,-1.25
21,73,0,0,0.0,0.0,0.0
21,74,0,0,0.0,0.0,0.0
21,75,3,0,3.75,0.0,-3.75
21,76,2,4,2.5,5.0,2.5
21,77,1,2,1.25,2.5,1.25
21,78,1,0,1.25,0.0,-1.25
21,79,3,3,3.75,3.75,0.0
21,80,0,0,0.0,0.0,0.0
21,81,0,1,0.0,1.25,1.25
21,82,2,3,2.5,3.75,1.25
21,83,3,3,3.75,3.75,0.0
21,84,3,0,3.75,0.0,-3.75
21,85,1,2,1.25,2.5,1.25
21,86,0,0,0.0,0.0,0.0
21,87,3,2,3.75,2.5,-1.25
21,88,1,0,1.25,0.0,-1.25
21,89,1,2,1.25,2.5,1.25
21,90,2,1,2.5,1.25,-1.25
21,91,2,1,2.5,1.25,-1.25
21,92,1,0,1.25,0.0,-1.25
21,93,0,3,0.0,3.75,3.75
21,94,1,3,1.25,3.75,2.5
21,95,1,1,1.25,1.25,0.0
21,96,3,4,3.75,5.0,1.25
21,97,1,1,1.25,1.25,0.0
21,98,2,0,2.5,0.0,-2.5
21,99,1,1,1.25,1.25,0.0
21,100,0,2,0.0,2.5,2.5
21,101,1,1,1.25,1.25,0.0
21,102,1,0,1.25,0.0,-1.25
21,103,0,0,0.0,0.0,0.0
21,104,0,0,0.0,0.0,0.0
21,105,1,0,1.25,0.0,-1.25
21,106,0,3,0.0,3.75,3.75
21,107,0,2,0.0,2.5,2.5
21,108,0,0,0.0,0.0,0.0
21,109,1,1,1.25,1.25,0.0
21,110,0,1,0.0,1.25,1.25
21,111,0,2,0.0,2.5,2.5
21,112,2,0,2.5,0.0,-2.5
21,113,3,3,3.75,3.75,0.0
21,114,1,1,1.25,1.25,0.0
21,115,1,1,1.25,1.25,0.0
21,116,0,1,0.0,1.25,1.25
21,117,0,1,0.0,1.25,1.25
21,118,0,2,0.0,2.5,2.5
21,119,3,2,3.75,2.5,-1.25
21,120,0,3,0.0,3.75,3.75
21,121,1,1,1.25,1.25,0.0
21,122,2,0,2.5,0.0,-2.5
21,123,1,1,1.25,1.25,0.0
21,124,4,0,5.0,0.0,-5.0
21,125,4,1,5.0,1.25,-3.75
21,126,1,0,1.25,0.0,-1.25
21,127,1,5,1.25,6.25,5.0
21,128,2,0,2.5,0.0,-2.5
21,129,4,4,5.0,5.0,0.0
21,130,0,3,0.0,3.75,3.75
21,131,2,2,2.5,2.5,0.0
21,132,1,0,1.25,0.0,-1.25
21,133,0,0,0.0,0.0,0.0
21,134,0,0,0.0,0.0,0.0
22,0,0,0,0.0,0.0,0.0
22,1,0,5,0.0,6.25,6.25
22,2,4,2,5.0,2.5,-2.5
22,3,0,0,0.0,0.0,0.0
22,4,0,2,0.0,2.5,2.5
22,5,0,3,0.0,3.75,3.75
22,6,1,0,1.25,0.0,-1.25
22,7,0,2,0.0,2.5,2.5
22,8,0,0,0.0,0.0,0.0
22,9,0,0,0.0,0.0,0.0
22,10,0,0,0.0,0.0,0.0
22,11,2,3,2.5,3.75,1.25
22,12,0,0,0.0,0.0,0.0
22,13,0,0,0.0,0.0,0.0
22,14,0,0,0.0,0.0,0.0
22,15,2,0,2.5,0.0,-2.5
22,16,0,4,0.0,5.0,5.0
22,17,0,1,0.0,1.25,1.25
22,18,0,1,0.0,1.25,1.25
22,19,0,0,0.0,0.0,0.0
22,20,3,0,3.75,0.0,-3.75
22,21,2,0,2.5,0.0,-2.5
22,22,1,1,1.25,1.25,0.0
22,23,3,2,3.75,2.5,-1.25
22,24,1,2,1.25,2.5,1.25
22,25,0,4,0.0,5.0,5.0
22,26,0,0,0.0,0.0,0.0
22,27,0,3,0.0,3.75,3.75
22,28,1,0,1.25,0.0,-1.25
22,29,1,1,1.25,1.25,0.0
22,30,2,4,2.5,5.0,2.5
22,31,0,1,0.0,1.25,1.25
22,32,1,4,1.25,5.0,3.75
22,33,0,5,0.0,6.25,6.25
22,34,0,5,0.0,6.25,6.25
22,35,4,1,5.0,1.25,-3.75
22,36,1,2,1.25,2.5,1.25
22,37,0,0,0.0,0.0,0.0
22,38,2,3,2.5,3.75,1.25
22,39,0,0,0.0,0.0,0.0
22,40,0,0,0.0,0.0,0.0
22,41,5,1,6.25,1.25,-5.0
22,42,0,1,0.0,1.25,1.25
22,43,2,0,2.5,0.0,-2.5
22,44,1,1,1.25,1.25,0.0
22,45,0,7,0.0,8.75,8.75
22,46,2,3,2.5,3.75,1.25
22,47,1,0,1.25,0.0,-1.25
22,48,0,2,0.0,2.5,2.5
22,49,0,0,0.0,0.0,0.0
22,50,0,3,0.0,3.75,3.75
22,51,2,0,2.5,0.0,-2.5
22,52,0,3,0.0,3.75,3.75
22,53,0,0,0.0,0.0,0.0
22,54,3,0,3.75,0.0,-3.75
22,55,0,0,0.0,0.0,0.0
22,56,5,0,6.25,0.0,-6.25
22,57,1,1,1.25,1.25,0.0
22,58,0,0,0.0,0.0,0.0
22,59,3,0,3.75,0.0,-3.75
22,60,3,1,3.75,1.25,-2.5
22,61,0,1,0.0,1.25,1.25
22,62,2,0,2.5,0.0,-2.5
22,63,0,3,0.0,3.75,3.75
22,64,4,0,5.0,0.0,-5.0
22,65,1,1,1.25,1.25,0.0
22,66,0,0,0.0,0.0,0.0
22,67,0,0,0.0,0.0,0.0
22,68,2,0,2.5,0.0,-2.5
22,69,0,0,0.0,0.0,0.0
22,70,3,0,3.75,0.0,-3.75
22,71,0,0,0.0,0.0,0.0
22,72,0,0,0.0,0.0,0.0
22,73,0,0,0.0,0.0,0.0
22,74,0,0,0.0,0.0,0.0
22,75,0,2,0.0,2.5,2.5
22,76,4,0,5.0,0.0,-5.0
22,77,0,1,0.0,1.25,1.25
22,78,0,3,0.0,3.75,3.75
22,79,0,0,0.0,0.0,0.0
22,80,0,0,0.0,0.0,0.0
22,81,3,3,3.75,3.75,0.0
22,82,1,7,1.25,8.75,7.5
22,83,3,5,3.75,6.25,2.5
22,84,0,0,0.0,0.0,0.0
22,85,4,4,5.0,5.0,0.0
22,86,0,0,0.0,0.0,0.0
22,87,3,1,3.75,1.25,-2.5
22,88,4,3,5.0,3.75,-1.25
22,89,0,4,0.0,5.0,5.0
22,90,3,4,3.75,5.0,1.25
22,91,1,0,1.25,0.0,-1.25
22,92,0,0,0.0,0.0,0.0
22,93,0,1,0.0,1.25,1.25
22,94,2,2,2.5,2.5,0.0
22,95,0,0,0.0,0.0,0.0
22,96,1,2,1.25,2.5,1.25
22,97,1,3,1.25,3.75,2.5
22,98,0,0,0.0,0.0,0.0
22,99,1,2,1.25,2.5,1.25
22,100,0,0,0.0,0.0,0.0
22,101,0,0,0.0,0.0,0.0
22,102,1,6,1.25,7.5,6.25
22,103,2,0,2.5,0.0,-2.5
22,104,0,2,0.0,2.5,2.5
22,105,0,0,0.0,0.0,0.0
22,106,2,0,2.5,0.0,-2.5
22,107,0,0,0.0,0.0,0.0
22,108,0,1,0.0,1.25,1.25
22,109,3,0,3.75,0.0,-3.75
22,110,0,0,0.0,0.0,0.0
22,111,2,0,2.5,0.0,-2.5
22,112,0,1,0.0,1.25,1.25
22,113,1,2,1.25,2.5,1.25
22,114,0,1,0.0,1.25,1.25
22,115,2,0,2.5,0.0,-2.5
22,116,2,1,2.5,1.25,-1.25
22,117,3,0,3.75,0.0,-3.75
22,118,3,3,3.75,3.75,0.0
22,119,0,0,0.0,0.0,0.0
22,120,4,2,5.0,2.5,-2.5
22,121,0,5,0.0,6.25,6.25
22,122,0,1,0.0,1.25,1.25
22,123,2,2,2.5,2.5,0.0
22,124,3,1,3.75,1.25,-2.5
22,125,3,0,3.75,0.0,-3.75
22,126,0,0,0.0,0.0,0.0
22,127,0,0,0.0,0.0,0.0
22,128,1,0,1.25,0.0,-1.25
22,129,2,1,2.5,1.25,-1.25
22,130,1,0,1.25,0.0,-1.25
22,131,0,3,0.0,3.75,3.75
22,132,1,2,1.25,2.5,1.25
22,133,0,0,0.0,0.0,0.0
22,134,1,0,1.25,0.0,-1.25
23,0,0,0,0.0,0.0,0.0
23,1,0,0,0.0,0.0,0.0
23,2,0,0,0.0,0.0,0.0
23,3,0,0,0.0,0.0,0.0
23,4,0,0,0.0,0.0,0.0
23,5,0,0,0.0,0.0,0.0
23,6,0,0,0.0,0.0,0.0
23,7,0,0,0.0,0.0,0.0
23,8,0,0,0.0,0.0,0.0
23,9,0,0,0.0,0.0,0.0
23,10,0,0,0.0,0.0,0.0
23,11,1,0,1.25,0.0,-1.25
23,12,0,0,0.0,0.0,0.0
23,13,0,0,0.0,0.0,0.0
23,14,1,0,1.25,0.0,-1.25
23,15,0,0,0.0,0.0,0.0
23,16,0,0,0.0,0.0,0.0
23,17,0,0,0.0,0.0,0.0
23,18,0,0,0.0,0.0,0.0
23,19,0,0,0.0,0.0,0.0
23,20,0,0,0.0,0.0,0.0
23,21,0,0,0.0,0.0,0.0
23,22,0,0,0.0,0.0,0.0
23,23,0,0,0.0,0.0,0.0
23,24,0,0,0.0,0.0,0.0
23,25,0,0,0.0,0.0,0.0
23,26,0,0,0.0,0.0,0.0
23,27,0,0,0.0,0.0,0.0
23,28,0,0,0.0,0.0,0.0
23,29,0,0,0.0,0.0,0.0
23,30,0,0,0.0,0.0,0.0
23,31,0,0,0.0,0.0,0.0
23,32,0,0,0.0,0.0,0.0
23,33,0,0,0.0,0.0,0.0
23,34,0,0,0.0,0.0,0.0
23,35,0,0,0.0,0.0,0.0
23,36,1,0,1.25,0.0,-1.25
23,37,0,0,0.0,0.0,0.0
23,38,2,0,2.5,0.0,-2.5
23,39,0,0,0.0,0.0,0.0
23,40,2,0,2.5,0.0,-2.5
23,41,0,0,0.0,0.0,0.0
23,42,0,0,0.0,0.0,0.0
23,43,0,0,0.0,0.0,0.0
23,44,0,0,0.0,0.0,0.0
23,45,0,0,0.0,0.0,0.0
23,46,0,2,0.0,2.5,2.5
23,47,0,0,0.0,0.0,0.0
23,48,0,0,0.0,0.0,0.0
23,49,0,0,0.0,0.0,0.0
23,50,0,0,0.0,0.0,0.0
23,51,0,0,0.0,0.0,0.0
23,52,0,0,0.0,0.0,0.0
23,53,0,0,0.0,0.0,0.0
23,54,0,0,0.0,0.0,0.0
23,55,0,0,0.0,0.0,0.0
23,56,0,0,0.0,0.0,0.0
23,57,0,0,0.0,0.0,0.0
23,58,0,0,0.0,0.0,0.0
23,59,1,0,1.25,0.0,-1.25
23,60,0,0,0.0,0.0,0.0
23,61,0,0,0.0,0.0,0.0
23,62,0,0,0.0,0.0,0.0
23,63,0,0,0.0,0.0,0.0
23,64,0,0,0.0,0.0,0.0
23,65,0,0,0.0,0.0,0.0
23,66,0,0,0.0,0.0,0.0
23,67,0,0,0.0,0.0,0.0
23,68,0,0,0.0,0.0,0.0
23,69,0,0,0.0,0.0,0.0
23,70,0,0,0.0,0.0,0.0
23,71,0,0,0.0,0.0,0.0
23,72,0,0,0.0,0.0,0.0
23,73,0,0,0.0,0.0,0.0
23,74,0,0,0.0,0.0,0.0
23,75,0,0,0.0,0.0,0.0
23,76,0,0,0.0,0.0,0.0
23,77,0,0,0.0,0.0,0.0
23,78,0,1,0.0,1.25,1.25
23,79,0,0,0.0,0.0,0.0
23,80,0,0,0.0,0.0,0.0
23,81,0,0,0.0,0.0,0.0
23,82,0,0,0.0,0.0,0.0
23,83,0,0,0.0,0.0,0.0
23,84,0,0,0.0,0.0,0.0
23,85,0,1,0.0,1.25,1.25
23,86,0,0,0.0,0.0,0.0
23,87,0,0,0.0,0.0,0.0
23,88,0,0,0.0,0.0,0.0
23,89,0,0,0.0,0.0,0.0
23,90,0,0,0.0,0.0,0.0
23,91,0,0,0.0,0.0,0.0
23,92,0,0,0.0,0.0,0.0
23,93,0,0,0.0,0.0,0.0
23,94,0,0,0.0,0.0,0.0
23,95,0,0,0.0,0.0,0.0
23,96,0,0,0.0,0.0,0.0
23,97,0,0,0.0,0.0,0.0
23,98,0,0,0.0,0.0,0.0
23,99,5,0,6.25,0.0,-6.25
23,100,0,0,0.0,0.0,0.0
23,101,0,0,0.0,0.0,0.0
23,102,0,0,0.0,0.0,0.0
23,103,0,0,0.0,0.0,0.0
23,104,0,0,0.0,0.0,0.0
23,105,0,1,0.0,1.25,1.25
23,106,0,0,0.0,0.0,0.0
23,107,0,0,0.0,0.0,0.0
23,108,0,0,0.0,0.0,0.0
23,109,0,0,0.0,0.0,0.0
23,110,0,0,0.0,0.0,0.0
23,111,1,0,1.25,0.0,-1.25
23,112,0,0,0.0,0.0,0.0
23,113,0,1,0.0,1.25,1.25
23,114,2,0,2.5,0.0,-2.5
23,115,0,0,0.0,0.0,0.0
23,116,0,1,0.0,1.25,1.25
23,117,0,0,0.0,0.0,0.0
23,118,0,0,0.0,0.0,0.0
23,119,0,0,0.0,0.0,0.0
23,120,0,0,0.0,0.0,0.0
23,121,0,0,0.0,0.0,0.0
23,122,0,0,0.0,0.0,0.0
23,123,0,0,0.0,0.0,0.0
23,124,0,0,0.0,0.0,0.0
23,125,0,0,0.0,0.0,0.0
23,126,4,0,5.0,0.0,-5.0
23,127,3,3,3.75,3.75,0.0
23,128,0,0,0.0,0.0,0.0
23,129,0,0,0.0,0.0,0.0
23,130,0,0,0.0,0.0,0.0
23,131,0,0,0.0,0.0,0.0
23,132,0,0,0.0,0.0,0.0
23,133,0,0,0.0,0.0,0.0
23,134,2,0,2.5,0.0,-2.5
24,0,1,2,1.25,2.5,1.25
24,1,4,4,5.0,5.0,0.0
24,2,3,5,3.75,6.25,2.5
24,3,2,0,2.5,0.0,-2.5
24,4,3,4,3.75,5.0,1.25
24,5,1,1,1.25,1.25,0.0
24,6,1,6,1.25,7.5,6.25
24,7,1,6,1.25,7.5,6.25
24,8,2,8,2.5,10.0,7.5
24,9,6,6,7.5,7.5,0.0
24,10,1,0,1.25,0.0,-1.25
24,11,3,0,3.75,0.0,-3.75
24,12,2,7,2.5,8.75,6.25
24,13,1,1,1.25,1.25,0.0
24,14,1,5,1.25,6.25,5.0
24,15,2,1,2.5,1.25,-1.25
24,16,0,3,0.0,3.75,3.75
24,17,1,0,1.25,0.0,-1.25
24,18,2,2,2.5,2.5,0.0
24,19,5,3,6.25,3.75,-2.5
24,20,1,2,1.25,2.5,1.25
24,21,3,1,3.75,1.25,-2.5
24,22,4,0,5.0,0.0,-5.0
24,23,2,5,2.5,6.25,3.75
24,24,2,7,2.5,8.75,6.25
24,25,2,1,2.5,1.25,-1.25
24,26,1,1,1.25,1.25,0.0
24,27,1,4,1.25,5.0,3.75
24,28,2,1,2.5,1.25,-1.25
24,29,1,4,1.25,5.0,3.75
24,30,1,3,1.25,3.75,2.5
24,31,1,2,1.25,2.5,1.25
24,32,1,1,1.25,1.25,0.0
24,33,0,7,0.0,8.75,8.75
24,34,2,4,2.5,5.0,2.5
24,35,4,3,5.0,3.75,-1.25
24,36,1,4,1.25,5.0,3.75
24,37,5,1,6.25,1.25,-5.0
24,38,0,4,0.0,5.0,5.0
24,39,4,1,5.0,1.25,-3.75
24,40,3,0,3.75,0.0,-3.75
24,41,3,4,3.75,5.0,1.25
24,42,0,2,0.0,2.5,2.5
24,43,4,3,5.0,3.75,-1.25
24,44,0,1,0.0,1.25,1.25
24,45,1,0,1.25,0.0,-1.25
24,46,4,0,5.0,0.0,-5.0
24,47,4,0,5.0,0.0,-5.0
24,48,1,6,1.25,7.5,6.25
24,49,1,3,1.25,3.75,2.5
24,50,2,3,2.5,3.75,1.25
24,51,4,3,5.0,3.75,-1.25
24,52,1,4,1.25,5.0,3.75
24,53,4,2,5.0,2.5,-2.5
24,54,2,2,2.5,2.5,0.0
24,55,0,2,0.0,2.5,2.5
24,56,4,2,5.0,2.5,-2.5
24,57,1,1,1.25,1.25,0.0
24,58,0,0,0.0,0.0,0.0
24,59,4,4,5.0,5.0,0.0
24,60,2,1,2.5,1.25,-1.25
24,61,3,4,3.75,5.0,1.25
24,62,3,1,3.75,1.25,-2.5
24,63,2,2,2.5,2.5,0.0
24,64,2,1,2.5,1.25,-1.25
24,65,3,3,3.75,3.75,0.0
24,66,8,2,10.0,2.5,-7.5
24,67,1,3,1.25,3.75,2.5
24,68,0,0,0.0,0.0,0.0
24,69,0,6,0.0,7.5,7.5
24,70,1,1,1.25,1.25,0.0
24,71,0,2,0.0,2.5,2.5
24,72,1,1,1.25,1.25,0.0
24,73,0,0,0.0,0.0,0.0
24,74,1,3,1.25,3.75,2.5
24,75,3,3,3.75,3.75,0.0
24,76,4,1,5.0,1.25,-3.75
24,77,3,0,3.75,0.0,-3.75
24,78,0,2,0.0,2.5,2.5
24,79,0,0,0.0,0.0,0.0
24,80,0,0,0.0,0.0,0.0
24,81,0,1,0.0,1.25,1.25
24,82,1,2,1.25,2.5,1.25
24,83,2,1,2.5,1.25,-1.25
24,84,2,2,2.5,2.5,0.0
24,85,8,2,10.0,2.5,-7.5
24,86,1,3,1.25,3.75,2.5
24,87,4,3,5.0,3.75,-1.25
24,88,1,3,1.25,3.75,2.5
24,89,2,5,2.5,6.25,3.75
24,90,3,0,3.75,0.0,-3.75
24,91,2,0,2.5,0.0,-2.5
24,92,2,2,2.5,2.5,0.0
24,93,2,3,2.5,3.75,1.25
24,94,1,4,1.25,5.0,3.75
24,95,0,0,0.0,0.0,0.0
24,96,2,1,2.5,1.25,-1.25
24,97,1,1,1.25,1.25,0.0
24,98,0,1,0.0,1.25,1.25
24,99,5,0,6.25,0.0,-6.25
24,100,1,0,1.25,0.0,-1.25
24,101,1,1,1.25,1.25,0.0
24,102,1,5,1.25,6.25,5.0
24,103,0,1,0.0,1.25,1.25
24,104,0,0,0.0,0.0,0.0
24,105,1,2,1.25,2.5,1.25
24,106,2,0,2.5,0.0,-2.5
24,107,2,1,2.5,1.25,-1.25
24,108,1,0,1.25,0.0,-1.25
24,109,4,1,5.0,1.25,-3.75
24,110,1,0,1.25,0.0,-1.25
24,111,2,0,2.5,0.0,-2.5
24,112,0,2,0.0,2.5,2.5
24,113,0,3,0.0,3.75,3.75
24,114,1,0,1.25,0.0,-1.25
24,115,1,0,1.25,0.0,-1.25
24,116,0,0,0.0,0.0,0.0
24,117,0,0,0.0,0.0,0.0
24,118,0,3,0.0,3.75,3.75
24,119,1,2,1.25,2.5,1.25
24,120,2,1,2.5,1.25,-1.25
24,121,3,2,3.75,2.5,-1.25
24,122,1,0,1.25,0.0,-1.25
24,123,1,2,1.25,2.5,1.25
24,124,1,2,1.25,2.5,1.25
24,125,1,5,1.25,6.25,5.0
24,126,0,0,0.0,0.0,0.0
24,127,0,0,0.0,0.0,0.0
24,128,2,1,2.5,1.25,-1.25
24,129,0,5,0.0,6.25,6.25
24,130,5,3,6.25,3.75,-2.5
24,131,0,0,0.0,0.0,0.0
24,132,1,3,1.25,3.75,2.5
24,133,2,0,2.5,0.0,-2.5
24,134,4,0,5.0,0.0,-5.0
25,0,0,0,0.0,0.0,0.0
25,1,1,0,1.25,0.0,-1.25
25,2,0,0,0.0,0.0,0.0
25,3,0,0,0.0,0.0,0.0
25,4,0,1,0.0,1.25,1.25
25,5,0,0,0.0,0.0,0.0
25,6,1,0,1.25,0.0,-1.25
25,7,0,0,0.0,0.0,0.0
25,8,0,0,0.0,0.0,0.0
25,9,1,0,1.25,0.0,-1.25
25,10,0,0,0.0,0.0,0.0
25,11,1,0,1.25,0.0,-1.25
25,12,0,1,0.0,1.25,1.25
25,13,1,0,1.25,0.0,-1.25
25,14,2,1,2.5,1.25,-1.25
25,15,0,2,0.0,2.5,2.5
25,16,0,0,0.0,0.0,0.0
25,17,1,0,1.25,0.0,-1.25
25,18,0,3,0.0,3.75,3.75
25,19,1,0,1.25,0.0,-1.25
25,20,2,0,2.5,0.0,-2.5
25,21,1,0,1.25,0.0,-1.25
25,22,3,0,3.75,0.0,-3.75
25,23,0,0,0.0,0.0,0.0
25,24,0,0,0.0,0.0,0.0
25,25,1,0,1.25,0.0,-1.25
25,26,0,0,0.0,0.0,0.0
25,27,0,2,0.0,2.5,2.5
25,28,1,1,1.25,1.25,0.0
25,29,4,4,5.0,5.0,0.0
25,30,3,0,3.75,0.0,-3.75
25,31,0,1,0.0,1.25,1.25
25,32,2,2,2.5,2.5,0.0
25,33,0,1,0.0,1.25,1.25
25,34,0,1,0.0,1.25,1.25
25,35,2,0,2.5,0.0,-2.5
25,36,0,0,0.0,0.0,0.0
25,37,0,1,0.0,1.25,1.25
25,38,1,2,1.25,2.5,1.25
25,39,0,1,0.0,1.25,1.25
25,40,3,2,3.75,2.5,-1.25
25,41,1,4,1.25,5.0,3.75
25,42,1,0,1.25,0.0,-1.25
25,43,0,2,0.0,2.5,2.5
25,44,2,0,2.5,0.0,-2.5
25,45,0,3,0.0,3.75,3.75
25,46,2,1,2.5,1.25,-1.25
25,47,1,0,1.25,0.0,-1.25
25,48,2,1,2.5,1.25,-1.25
25,49,2,0,2.5,0.0,-2.5
25,50,0,0,0.0,0.0,0.0
25,51,0,1,0.0,1.25,1.25
25,52,1,0,1.25,0.0,-1.25
25,53,3,1,3.75,1.25,-2.5
25,54,0,0,0.0,0.0,0.0
25,55,1,0,1.25,0.0,-1.25
25,56,5,0,6.25,0.0,-6.25
25,57,2,1,2.5,1.25,-1.25
25,58,0,0,0.0,0.0,0.0
25,59,2,0,2.5,0.0,-2.5
25,60,1,0,1.25,0.0,-1.25
25,61,1,1,1.25,1.25,0.0
25,62,2,0,2.5,0.0,-2.5
25,63,1,1,1.25,1.25,0.0
25,64,1,1,1.25,1.25,0.0
25,65,2,0,2.5,0.0,-2.5
25,66,0,2,0.0,2.5,2.5
25,67,0,4,0.0,5.0,5.0
25,68,0,1,0.0,1.25,1.25
25,69,0,2,0.0,2.5,2.5
25,70,4,1,5.0,1.25,-3.75
25,71,2,0,2.5,0.0,-2.5
25,72,0,1,0.0,1.25,1.25
25,73,2,3,2.5,3.75,1.25
25,74,1,0,1.25,0.0,-1.25
25,75,2,7,2.5,8.75,6.25
25,76,2,0,2.5,0.0,-2.5
25,77,2,0,2.5,0.0,-2.5
25,78,0,1,0.0,1.25,1.25
25,79,0,0,0.0,0.0,0.0
25,80,0,2,0.0,2.5,2.5
25,81,0,0,0.0,0.0,0.0
25,82,1,3,1.25,3.75,2.5
25,83,3,2,3.75,2.5,-1.25
25,84,4,4,5.0,5.0,0.0
25,85,5,3,6.25,3.75,-2.5
25,86,2,0,2.5,0.0,-2.5
25,87,0,2,0.0,2.5,2.5
25,88,1,1,1.25,1.25,0.0
25,89,1,2,1.25,2.5,1.25
25,90,0,0,0.0,0.0,0.0
25,91,1,2,1.25,2.5,1.25
25,92,0,0,0.0,0.0,0.0
25,93,2,1,2.5,1.25,-1.25
25,94,4,1,5.0,1.25,-3.75
25,95,3,0,3.75,0.0,-3.75
25,96,1,2,1.25,2.5,1.25
25,97,0,1,0.0,1.25,1.25
25,98,0,0,0.0,0.0,0.0
25,99,5,3,6.25,3.75,-2.5
25,100,0,3,0.0,3.75,3.75
25,101,0,1,0.0,1.25,1.25
25,102,0,1,0.0,1.25,1.25
25,103,0,0,0.0,0.0,0.0
25,104,0,0,0.0,0.0,0.0
25,105,1,4,1.25,5.0,3.75
25,106,1,0,1.25,0.0,-1.25
25,107,1,0,1.25,0.0,-1.25
25,108,1,0,1.25,0.0,-1.25
25,109,0,2,0.0,2.5,2.5
25,110,1,1,1.25,1.25,0.0
25,111,1,1,1.25,1.25,0.0
25,112,4,2,5.0,2.5,-2.5
25,113,4,1,5.0,1.25,-3.75
25,114,1,0,1.25,0.0,-1.25
25,115,1,1,1.25,1.25,0.0
25,116,0,1,0.0,1.25,1.25
25,117,2,0,2.5,0.0,-2.5
25,118,0,1,0.0,1.25,1.25
25,119,0,3,0.0,3.75,3.75
25,120,0,2,0.0,2.5,2.5
25,121,4,2,5.0,2.5,-2.5
25,122,1,0,1.25,0.0,-1.25
25,123,4,0,5.0,0.0,-5.0
25,124,0,2,0.0,2.5,2.5
25,125,2,3,2.5,3.75,1.25
25,126,1,1,1.25,1.25,0.0
25,127,0,3,0.0,3.75,3.75
25,128,2,0,2.5,0.0,-2.5
25,129,0,0,0.0,0.0,0.0
25,130,1,6,1.25,7.5,6.25
25,131,0,3,0.0,3.75,3.75
25,132,1,4,1.25,5.0,3.75
25,133,0,0,0.0,0.0,0.0
25,134,5,4,6.25,5.0,-1.25
26,0,0,0,0.0,0.0,0.0
26,1,0,0,0.0,0.0,0.0
26,2,0,0,0.0,0.0,0.0
26,3,0,0,0.0,0.0,0.0
26,4,0,0,0.0,0.0,0.0
26,5,0,0,0.0,0.0,0.0
26,6,0,0,0.0,0.0,0.0
26,7,0,0,0.0,0.0,0.0
26,8,0,0,0.0,0.0,0.0
26,9,0,0,0.0,0.0,0.0
26,10,0,0,0.0,0.0,0.0
26,11,0,0,0.0,0.0,0.0
26,12,0,0,0.0,0.0,0.0
26,13,0,1,0.0,1.25,1.25
26,14,0,0,0.0,0.0,0.0
26,15,0,0,0.0,0.0,0.0
26,16,0,0,0.0,0.0,0.0
26,17,0,0,0.0,0.0,0.0
26,18,0,0,0.0,0.0,0.0
26,19,0,0,0.0,0.0,0.0
26,20,0,1,0.0,1.25,1.25
26,21,0,0,0.0,0.0,0.0
26,22,0,0,0.0,0.0,0.0
26,23,0,0,0.0,0.0,0.0
26,24,0,0,0.0,0.0,0.0
26,25,0,0,0.0,0.0,0.0
26,26,0,0,0.0,0.0,0.0
26,27,0,0,0.0,0.0,0.0
26,28,0,0,0.0,0.0,0.0
26,29,0,0,0.0,0.0,0.0
26,30,0,0,0.0,0.0,0.0
26,31,0,0,0.0,0.0,0.0
26,32,0,2,0.0,2.5,2.5
26,33,1,0,1.25,0.0,-1.25
26,34,1,0,1.25,0.0,-1.25
26,35,2,0,2.5,0.0,-2.5
26,36,3,1,3.75,1.25,-2.5
26,37,0,2,0.0,2.5,2.5
26,38,0,0,0.0,0.0,0.0
26,39,1,0,1.25,0.0,-1.25
26,40,0,0,0.0,0.0,0.0
26,41,0,0,0.0,0.0,0.0
26,42,0,0,0.0,0.0,0.0
26,43,0,0,0.0,0.0,0.0
26,44,0,0,0.0,0.0,0.0
26,45,0,0,0.0,0.0,0.0
26,46,0,0,0.0,0.0,0.0
26,47,0,0,0.0,0.0,0.0
26,48,0,0,0.0,0.0,0.0
26,49,0,0,0.0,0.0,0.0
26,50,0,0,0.0,0.0,0.0
26,51,1,0,1.25,0.0,-1.25
26,52,0,0,0.0,0.0,0.0
26,53,0,0,0.0,0.0,0.0
26,54,0,0,0.0,0.0,0.0
26,55,1,1,1.25,1.25,0.0
26,56,0,0,0.0,0.0,0.0
26,57,0,0,0.0,0.0,0.0
26,58,0,0,0.0,0.0,0.0
26,59,0,0,0.0,0.0,0.0
26,60,0,1,0.0,1.25,1.25
26,61,0,0,0.0,0.0,0.0
26,62,2,0,2.5,0.0,-2.5
26,63,0,0,0.0,0.0,0.0
26,64,2,1,2.5,1.25,-1.25
26,65,1,0,1.25,0.0,-1.25
26,66,0,0,0.0,0.0,0.0
26,67,0,0,0.0,0.0,0.0
26,68,0,0,0.0,0.0,0.0
26,69,0,0,0.0,0.0,0.0
26,70,0,2,0.0,2.5,2.5
26,71,1,0,1.25,0.0,-1.25
26,72,0,0,0.0,0.0,0.0
26,73,0,0,0.0,0.0,0.0
26,74,0,0,0.0,0.0,0.0
26,75,0,1,0.0,1.25,1.25
26,76,0,2,0.0,2.5,2.5
26,77,0,1,0.0,1.25,1.25
26,78,0,0,0.0,0.0,0.0
26,79,3,1,3.75,1.25,-2.5
26,80,1,2,1.25,2.5,1.25
26,81,0,1,0.0,1.25,1.25
26,82,0,0,0.0,0.0,0.0
26,83,2,0,2.5,0.0,-2.5
26,84,0,0,0.0,0.0,0.0
26,85,0,0,0.0,0.0,0.0
26,86,0,0,0.0,0.0,0.0
26,87,0,0,0.0,0.0,0.0
26,88,0,2,0.0,2.5,2.5
26,89,0,0,0.0,0.0,0.0
26,90,0,0,0.0,0.0,0.0
26,91,0,0,0.0,0.0,0.0
26,92,4,1,5.0,1.25,-3.75
26,93,0,1,0.0,1.25,1.25
26,94,0,0,0.0,0.0,0.0
26,95,0,0,0.0,0.0,0.0
26,96,0,0,0.0,0.0,0.0
26,97,0,1,0.0,1.25,1.25
26,98,0,0,0.0,0.0,0.0
26,99,0,0,0.0,0.0,0.0
26,100,1,0,1.25,0.0,-1.25
26,101,0,0,0.0,0.0,0.0
26,102,1,1,1.25,1.25,0.0
26,103,0,0,0.0,0.0,0.0
26,104,1,3,1.25,3.75,2.5
26,105,0,1,0.0,1.25,1.25
26,106,1,0,1.25,0.0,-1.25
26,107,0,0,0.0,0.0,0.0
26,108,0,0,0.0,0.0,0.0
26,109,0,0,0.0,0.0,0.0
26,110,0,0,0.0,0.0,0.0
26,111,0,0,0.0,0.0,0.0
26,112,2,1,2.5,1.25,-1.25
26,113,1,4,1.25,5.0,3.75
26,114,0,0,0.0,0.0,0.0
26,115,0,0,0.0,0.0,0.0
26,116,0,2,0.0,2.5,2.5
26,117,0,0,0.0,0.0,0.0
26,118,0,0,0.0,0.0,0.0
26,119,0,0,0.0,0.0,0.0
26,120,0,0,0.0,0.0,0.0
26,121,0,1,0.0,1.25,1.25
26,122,1,2,1.25,2.5,1.25
26,123,1,0,1.25,0.0,-1.25
26,124,0,0,0.0,0.0,0.0
26,125,0,0,0.0,0.0,0.0
26,126,0,0,0.0,0.0,0.0
26,127,0,1,0.0,1.25,1.25
26,128,1,0,1.25,0.0,-1.25
26,129,3,1,3.75,1.25,-2.5
26,130,1,0,1.25,0.0,-1.25
26,131,0,0,0.0,0.0,0.0
26,132,4,0,5.0,0.0,-5.0
26,133,0,0,0.0,0.0,0.0
26,134,0,0,0.0,0.0,0.0
27,0,15,6,18.75,7.5,-11.25
27,1,11,6,13.75,7.5,-6.25
27,2,22,9,27.5,11.25,-16.25
27,3,6,1,7.5,1.25,-6.25
27,4,18,8,22.5,10.0,-12.5
27,5,19,12,23.75,15.0,-8.75
27,6,7,18,8.75,22.5,13.75
27,7,8,8,10.0,10.0,0.0
27,8,10,14,12.5,17.5,5.0
27,9,11,15,13.75,18.75,5.0
27,10,2,3,2.5,3.75,1.25
27,11,10,4,12.5,5.0,-7.5
27,12,6,11,7.5,13.75,6.25
27,13,3,4,3.75,5.0,1.25
27,14,22,4,27.5,5.0,-22.5
27,15,3,14,3.75,17.5,13.75
27,16,11,3,13.75,3.75,-10.0
27,17,5,0,6.25,0.0,-6.25
27,18,7,2,8.75,2.5,-6.25
27,19,9,12,11.25,15.0,3.75
27,20,13,2,16.25,2.5,-13.75
27,21,11,0,13.75,0.0,-13.75
27,22,9,8,11.25,10.0,-1.25
27,23,10,4,12.5,5.0,-7.5
27,24,6,4,7.5,5.0,-2.5
27,25,14,2,17.5,2.5,-15.0
27,26,4,16,5.0,20.0,15.0
27,27,15,2,18.75,2.5,-16.25
27,28,5,2,6.25,2.5,-3.75
27,29,3,7,3.75,8.75,5.0
27,30,3,10,3.75,12.5,8.75
27,31,2,2,2.5,2.5,0.0
27,32,6,10,7.5,12.5,5.0
27,33,1,2,1.25,2.5,1.25
27,34,5,3,6.25,3.75,-2.5
27,35,8,3,10.0,3.75,-6.25
27,36,3,0,3.75,0.0,-3.75
27,37,6,15,7.5,18.75,11.25
27,38,3,6,3.75,7.5,3.75
27,39,0,10,0.0,12.5,12.5
27,40,6,6,7.5,7.5,0.0
27,41,3,14,3.75,17.5,13.75
27,42,4,3,5.0,3.75,-1.25
27,43,3,2,3.75,2.5,-1.25
27,44,9,2,11.25,2.5,-8.75
27,45,4,5,5.0,6.25,1.25
27,46,11,2,13.75,2.5,-11.25
27,47,1,12,1.25,15.0,13.75
27,48,9,3,11.25,3.75,-7.5
27,49,8,1,10.0,1.25,-8.75
27,50,2,3,2.5,3.75,1.25
27,51,4,1,5.0,1.25,-3.75
27,52,5,2,6.25,2.5,-3.75
27,53,4,10,5.0,12.5,7.5
27,54,10,0,12.5,0.0,-12.5
27,55,9,1,11.25,1.25,-10.0
27,56,9,2,11.25,2.5,-8.75
27,57,5,5,6.25,6.25,0.0
27,58,2,4,2.5,5.0,2.5
27,59,12,3,15.0,3.75,-11.25
27,60,5,1,6.25,1.25,-5.0
27,61,4,3,5.0,3.75,-1.25
27,62,4,2,5.0,2.5,-2.5
27,63,17,4,21.25,5.0,-16.25
27,64,16,3,20.0,3.75,-16.25
27,65,0,5,0.0,6.25,6.25
27,66,1,1,1.25,1.25,0.0
27,67,2,7,2.5,8.75,6.25
27,68,2,5,2.5,6.25,3.75
27,69,9,12,11.25,15.0,3.75
27,70,9,8,11.25,10.0,-1.25
27,71,3,5,3.75,6.25,2.5
27,72,12,7,15.0,8.75,-6.25
27,73,11,6,13.75,7.5,-6.25
27,74,15,2,18.75,2.5,-16.25
27,75,4,8,5.0,10.0,5.0
27,76,3,2,3.75,2.5,-1.25
27,77,8,1,10.0,1.25,-8.75
27,78,0,3,0.0,3.75,3.75
27,79,2,1,2.5,1.25,-1.25
27,80,2,8,2.5,10.0,7.5
27,81,6,6,7.5,7.5,0.0
27,82,10,10,12.5,12.5,0.0
27,83,18,10,22.5,12.5,-10.0
27,84,11,7,13.75,8.75,-5.0
27,85,1,4,1.25,5.0,3.75
27,86,13,3,16.25,3.75,-12.5
27,87,1,1,1.25,1.25,0.0
27,88,1,5,1.25,6.25,5.0
27,89,3,2,3.75,2.5,-1.25
27,90,2,12,2.5,15.0,12.5
27,91,3,8,3.75,10.0,6.25
27,92,4,3,5.0,3.75,-1.25
27,93,2,1,2.5,1.25,-1.25
27,94,14,2,17.5,2.5,-15.0
27,95,4,4,5.0,5.0,0.0
27,96,4,3,5.0,3.75,-1.25
27,97,2,7,2.5,8.75,6.25
27,98,3,5,3.75,6.25,2.5
27,99,16,3,20.0,3.75,-16.25
27,100,0,11,0.0,13.75,13.75
27,101,3,1,3.75,1.25,-2.5
27,102,2,0,2.5,0.0,-2.5
27,103,7,1,8.75,1.25,-7.5
27,104,1,5,1.25,6.25,5.0
27,105,6,5,7.5,6.25,-1.25
27,106,9,5,11.25,6.25,-5.0
27,107,1,2,1.25,2.5,1.25
27,108,2,3,2.5,3.75,1.25
27,109,4,3,5.0,3.75,-1.25
27,110,9,4,11.25,5.0,-6.25
27,111,4,2,5.0,2.5,-2.5
27,112,4,4,5.0,5.0,0.0
27,113,5,5,6.25,6.25,0.0
27,114,10,2,12.5,2.5,-10.0
27,115,7,1,8.75,1.25,-7.5
27,116,2,0,2.5,0.0,-2.5
27,117,1,2,1.25,2.5,1.25
27,118,14,4,17.5,5.0,-12.5
27,119,4,8,5.0,10.0,5.0
27,120,4,3,5.0,3.75,-1.25
27,121,6,6,7.5,7.5,0.0
27,122,3,1,3.75,1.25,-2.5
27,123,9,1,11.25,1.25,-10.0
27,124,4,2,5.0,2.5,-2.5
27,125,6,1,7.5,1.25,-6.25
27,126,0,2,0.0,2.5,2.5
27,127,2,10,2.5,12.5,10.0
27,128,3,3,3.75,3.75,0.0
27,129,6,1,7.5,1.25,-6.25
27,130,11,4,13.75,5.0,-8.75
27,131,3,5,3.75,6.25,2.5
27,132,7,5,8.75,6.25,-2.5
27,133,1,0,1.25,0.0,-1.25
27,134,1,7,1.25,8.75,7.5
28,0,2,0,2.5,0.0,-2.5
28,1,0,1,0.0,1.25,1.25
28,2,0,0,0.0,0.0,0.0
28,3,0,0,0.0,0.0,0.0
28,4,0,0,0.0,0.0,0.0
28,5,0,0,0.0,0.0,0.0
28,6,0,0,0.0,0.0,0.0
28,7,0,0,0.0,0.0,0.0
28,8,0,0,0.0,0.0,0.0
28,9,0,0,0.0,0.0,0.0
28,10,0,2,0.0,2.5,2.5
28,11,0,0,0.0,0.0,0.0
28,12,1,0,1.25,0.0,-1.25
28,13,0,0,0.0,0.0,0.0
28,14,0,0,0.0,0.0,0.0
28,15,0,0,0.0,0.0,0.0
28,16,0,0,0.0,0.0,0.0
28,17,0,0,0.0,0.0,0.0
28,18,0,3,0.0,3.75,3.75
28,19,0,0,0.0,0.0,0.0
28,20,0,1,0.0,1.25,1.25
28,21,0,0,0.0,0.0,0.0
28,22,0,0,0.0,0.0,0.0
28,23,0,3,0.0,3.75,3.75
28,24,1,0,1.25,0.0,-1.25
28,25,0,0,0.0,0.0,0.0
28,26,0,0,0.0,0.0,0.0
28,27,0,0,0.0,0.0,0.0
28,28,1,0,1.25,0.0,-1.25
28,29,1,2,1.25,2.5,1.25
28,30,0,0,0.0,0.0,0.0
28,31,0,2,0.0,2.5,2.5
28,32,2,0,2.5,0.0,-2.5
28,33,0,0,0.0,0.0,0.0
28,34,0,0,0.0,0.0,0.0
28,35,0,1,0.0,1.25,1.25
28,36,1,0,1.25,0.0,-1.25
28,37,0,0,0.0,0.0,0.0
28,38,0,0,0.0,0.0,0.0
28,39,0,3,0.0,3.75,3.75
28,40,1,2,1.25,2.5,1.25
28,41,0,2,0.0,2.5,2.5
28,42,2,0,2.5,0.0,-2.5
28,43,0,1,0.0,1.25,1.25
28,44,1,0,1.25,0.0,-1.25
28,45,0,0,0.0,0.0,0.0
28,46,0,0,0.0,0.0,0.0
28,47,0,0,0.0,0.0,0.0
28,48,0,1,0.0,1.25,1.25
28,49,0,2,0.0,2.5,2.5
28,50,1,0,1.25,0.0,-1.25
28,51,0,1,0.0,1.25,1.25
28,52,0,0,0.0,0.0,0.0
28,53,2,2,2.5,2.5,0.0
28,54,0,0,0.0,0.0,0.0
28,55,0,5,0.0,6.25,6.25
28,56,1,3,1.25,3.75,2.5
28,57,0,0,0.0,0.0,0.0
28,58,1,1,1.25,1.25,0.0
28,59,2,3,2.5,3.75,1.25
28,60,0,0,0.0,0.0,0.0
28,61,2,1,2.5,1.25,-1.25
28,62,0,0,0.0,0.0,0.0
28,63,0,0,0.0,0.0,0.0
28,64,0,1,0.0,1.25,1.25
28,65,1,0,1.25,0.0,-1.25
28,66,0,0,0.0,0.0,0.0
28,67,1,0,1.25,0.0,-1.25
28,68,0,1,0.0,1.25,1.25
28,69,0,0,0.0,0.0,0.0
28,70,1,0,1.25,0.0,-1.25
28,71,0,0,0.0,0.0,0.0
28,72,0,0,0.0,0.0,0.0
28,73,0,0,0.0,0.0,0.0
28,74,0,1,0.0,1.25,1.25
28,75,0,0,0.0,0.0,0.0
28,76,0,0,0.0,0.0,0.0
28,77,0,1,0.0,1.25,1.25
28,78,0,0,0.0,0.0,0.0
28,79,0,0,0.0,0.0,0.0
28,80,0,0,0.0,0.0,0.0
28,81,0,1,0.0,1.25,1.25
28,82,0,0,0.0,0.0,0.0
28,83,1,1,1.25,1.25,0.0
28,84,0,0,0.0,0.0,0.0
28,85,0,0,0.0,0.0,0.0
28,86,0,0,0.0,0.0,0.0
28,87,0,0,0.0,0.0,0.0
28,88,0,0,0.0,0.0,0.0
28,89,0,0,0.0,0.0,0.0
28,90,0,0,0.0,0.0,0.0
28,91,0,2,0.0,2.5,2.5
28,92,0,1,0.0,1.25,1.25
28,93,0,1,0.0,1.25,1.25
28,94,0,0,0.0,0.0,0.0
28,95,0,0,0.0,0.0,0.0
28,96,0,0,0.0,0.0,0.0
28,97,2,0,2.5,0.0,-2.5
28,98,0,0,0.0,0.0,0.0
28,99,1,1,1.25,1.25,0.0
28,100,0,0,0.0,0.0,0.0
28,101,1,0,1.25,0.0,-1.25
28,102,0,0,0.0,0.0,0.0
28,103,3,0,3.75,0.0,-3.75
28,104,0,0,0.0,0.0,0.0
28,105,0,0,0.0,0.0,0.0
28,106,1,0,1.25,0.0,-1.25
28,107,0,0,0.0,0.0,0.0
28,108,0,0,0.0,0.0,0.0
28,109,1,0,1.25,0.0,-1.25
28,110,0,0,0.0,0.0,0.0
28,111,0,0,0.0,0.0,0.0
28,112,0,0,0.0,0.0,0.0
28,113,0,0,0.0,0.0,0.0
28,114,0,0,0.0,0.0,0.0
28,115,0,4,0.0,5.0,5.0
28,116,0,0,0.0,0.0,0.0
28,117,1,0,1.25,0.0,-1.25
28,118,0,0,0.0,0.0,0.0
28,119,0,1,0.0,1.25,1.25
28,120,0,4,0.0,5.0,5.0
28,121,1,0,1.25,0.0,-1.25
28,122,1,0,1.25,0.0,-1.25
28,123,2,0,2.5,0.0,-2.5
28,124,0,1,0.0,1.25,1.25
28,125,3,0,3.75,0.0,-3.75
28,126,9,4,11.25,5.0,-6.25
28,127,0,3,0.0,3.75,3.75
28,128,0,0,0.0,0.0,0.0
28,129,0,0,0.0,0.0,0.0
28,130,0,0,0.0,0.0,0.0
28,131,1,3,1.25,3.75,2.5
28,132,2,2,2.5,2.5,0.0
28,133,0,0,0.0,0.0,0.0
28,134,1,1,1.25,1.25,0.0
29,0,0,1,0.0,1.25,1.25
29,1,0,1,0.0,1.25,1.25
29,2,0,1,0.0,1.25,1.25
29,3,0,0,0.0,0.0,0.0
29,4,1,3,1.25,3.75,2.5
29,5,1,2,1.25,2.5,1.25
29,6,1,0,1.25,0.0,-1.25
29,7,0,1,0.0,1.25,1.25
29,8,1,1,1.25,1.25,0.0
29,9,3,0,3.75,0.0,-3.75
29,10,0,0,0.0,0.0,0.0
29,11,0,1,0.0,1.25,1.25
29,12,1,2,1.25,2.5,1.25
29,13,0,1,0.0,1.25,1.25
29,14,1,1,1.25,1.25,0.0
29,15,3,1,3.75,1.25,-2.5
29,16,0,0,0.0,0.0,0.0
29,17,2,2,2.5,2.5,0.0
29,18,3,1,3.75,1.25,-2.5
29,19,2,1,2.5,1.25,-1.25
29,20,2,3,2.5,3.75,1.25
29,21,1,1,1.25,1.25,0.0
29,22,0,1,0.0,1.25,1.25
29,23,1,2,1.25,2.5,1.25
29,24,2,2,2.5,2.5,0.0
29,25,1,0,1.25,0.0,-1.25
29,26,0,1,0.0,1.25,1.25
29,27,0,1,0.0,1.25,1.25
29,28,1,0,1.25,0.0,-1.25
29,29,1,1,1.25,1.25,0.0
29,30,1,1,1.25,1.25,0.0
29,31,3,0,3.75,0.0,-3.75
29,32,2,3,2.5,3.75,1.25
29,33,0,1,0.0,1.25,1.25
29,34,1,1,1.25,1.25,0.0
29,35,2,2,2.5,2.5,0.0
29,36,1,3,1.25,3.75,2.5
29,37,1,0,1.25,0.0,-1.25
29,38,1,1,1.25,1.25,0.0
29,39,3,1,3.75,1.25,-2.5
29,40,0,0,0.0,0.0,0.0
29,41,1,0,1.25,0.0,-1.25
29,42,1,1,1.25,1.25,0.0
29,43,0,0,0.0,0.0,0.0
29,44,1,1,1.25,1.25,0.0
29,45,0,0,0.0,0.0,0.0
29,46,1,1,1.25,1.25,0.0
29,47,1,0,1.25,0.0,-1.25
29,48,0,1,0.0,1.25,1.25
29,49,0,1,0.0,1.25,1.25
29,50,3,1,3.75,1.25,-2.5
29,51,0,3,0.0,3.75,3.75
29,52,2,2,2.5,2.5,0.0
29,53,0,0,0.0,0.0,0.0
29,54,1,1,1.25,1.25,0.0
29,55,2,1,2.5,1.25,-1.25
29,56,1,0,1.25,0.0,-1.25
29,57,0,0,0.0,0.0,0.0
29,58,0,0,0.0,0.0,0.0
29,59,0,2,0.0,2.5,2.5
29,60,3,0,3.75,0.0,-3.75
29,61,0,0,0.0,0.0,0.0
29,62,4,2,5.0,2.5,-2.5
29,63,2,3,2.5,3.75,1.25
29,64,5,1,6.25,1.25,-5.0
29,65,1,4,1.25,5.0,3.75
29,66,3,3,3.75,3.75,0.0
29,67,3,1,3.75,1.25,-2.5
29,68,1,0,1.25,0.0,-1.25
29,69,0,0,0.0,0.0,0.0
29,70,0,1,0.0,1.25,1.25
29,71,0,0,0.0,0.0,0.0
29,72,0,1,0.0,1.25,1.25
29,73,0,0,0.0,0.0,0.0
29,74,1,0,1.25,0.0,-1.25
29,75,0,4,0.0,5.0,5.0
29,76,0,1,0.0,1.25,1.25
29,77,1,1,1.25,1.25,0.0
29,78,1,1,1.25,1.25,0.0
29,79,3,1,3.75,1.25,-2.5
29,80,0,0,0.0,0.0,0.0
29,81,0,0,0.0,0.0,0.0
29,82,1,1,1.25,1.25,0.0
29,83,7,1,8.75,1.25,-7.5
29,84,1,1,1.25,1.25,0.0
29,85,2,1,2.5,1.25,-1.25
29,86,1,0,1.25,0.0,-1.25
29,87,3,1,3.75,1.25,-2.5
29,88,0,3,0.0,3.75,3.75
29,89,2,1,2.5,1.25,-1.25
29,90,0,0,0.0,0.0,0.0
29,91,0,0,0.0,0.0,0.0
29,92,2,3,2.5,3.75,1.25
29,93,3,2,3.75,2.5,-1.25
29,94,1,1,1.25,1.25,0.0
29,95,2,0,2.5,0.0,-2.5
29,96,2,1,2.5,1.25,-1.25
29,97,0,0,0.0,0.0,0.0
29,98,0,0,0.0,0.0,0.0
29,99,1,5,1.25,6.25,5.0
29,100,1,1,1.25,1.25,0.0
29,101,3,1,3.75,1.25,-2.5
29,102,1,0,1.25,0.0,-1.25
29,103,0,0,0.0,0.0,0.0
29,104,0,0,0.0,0.0,0.0
29,105,0,1,0.0,1.25,1.25
29,106,2,1,2.5,1.25,-1.25
29,107,1,0,1.25,0.0,-1.25
29,108,1,0,1.25,0.0,-1.25
29,109,0,1,0.0,1.25,1.25
29,110,1,3,1.25,3.75,2.5
29,111,3,1,3.75,1.25,-2.5
29,112,1,0,1.25,0.0,-1.25
29,113,1,3,1.25,3.75,2.5
29,114,0,0,0.0,0.0,0.0
29,115,0,1,0.0,1.25,1.25
29,116,0,0,0.0,0.0,0.0
29,117,0,0,0.0,0.0,0.0
29,118,0,0,0.0,0.0,0.0
29,119,0,0,0.0,0.0,0.0
29,120,0,1,0.0,1.25,1.25
29,121,0,0,0.0,0.0,0.0
29,122,2,2,2.5,2.5,0.0
29,123,1,1,1.25,1.25,0.0
29,124,0,1,0.0,1.25,1.25
29,125,0,4,0.0,5.0,5.0
29,126,0,0,0.0,0.0,0.0
29,127,4,3,5.0,3.75,-1.25
29,128,0,1,0.0,1.25,1.25
29,129,3,1,3.75,1.25,-2.5
29,130,1,2,1.25,2.5,1.25
29,131,1,1,1.25,1.25,0.0
29,132,1,1,1.25,1.25,0.0
29,133,0,0,0.0,0.0,0.0
29,134,1,1,1.25,1.25,0.0
30,0,5,0,6.25,0.0,-6.25
30,1,2,0,2.5,0.0,-2.5
30,2,1,2,1.25,2.5,1.25
30,3,1,0,1.25,0.0,-1.25
30,4,2,1,2.5,1.25,-1.25
30,5,1,1,1.25,1.25,0.0
30,6,0,2,0.0,2.5,2.5
30,7,0,2,0.0,2.5,2.5
30,8,0,5,0.0,6.25,6.25
30,9,1,0,1.25,0.0,-1.25
30,10,1,1,1.25,1.25,0.0
30,11,1,0,1.25,0.0,-1.25
30,12,2,1,2.5,1.25,-1.25
30,13,0,0,0.0,0.0,0.0
30,14,4,0,5.0,0.0,-5.0
30,15,1,3,1.25,3.75,2.5
30,16,0,0,0.0,0.0,0.0
30,17,1,0,1.25,0.0,-1.25
30,18,3,0,3.75,0.0,-3.75
30,19,1,3,1.25,3.75,2.5
30,20,2,0,2.5,0.0,-2.5
30,21,1,0,1.25,0.0,-1.25
30,22,3,2,3.75,2.5,-1.25
30,23,1,0,1.25,0.0,-1.25
30,24,2,1,2.5,1.25,-1.25
30,25,1,0,1.25,0.0,-1.25
30,26,0,1,0.0,1.25,1.25
30,27,5,0,6.25,0.0,-6.25
30,28,2,0,2.5,0.0,-2.5
30,29,1,1,1.25,1.25,0.0
30,30,1,1,1.25,1.25,0.0
30,31,0,0,0.0,0.0,0.0
30,32,0,2,0.0,2.5,2.5
30,33,2,0,2.5,0.0,-2.5
30,34,1,0,1.25,0.0,-1.25
30,35,1,0,1.25,0.0,-1.25
30,36,0,0,0.0,0.0,0.0
30,37,0,2,0.0,2.5,2.5
30,38,0,1,0.0,1.25,1.25
30,39,0,0,0.0,0.0,0.0
30,40,0,0,0.0,0.0,0.0
30,41,1,2,1.25,2.5,1.25
30,42,0,0,0.0,0.0,0.0
30,43,0,0,0.0,0.0,0.0
30,44,3,0,3.75,0.0,-3.75
30,45,0,0,0.0,0.0,0.0
30,46,2,1,2.5,1.25,-1.25
30,47,0,2,0.0,2.5,2.5
30,48,1,0,1.25,0.0,-1.25
30,49,2,0,2.5,0.0,-2.5
30,50,0,0,0.0,0.0,0.0
30,51,0,0,0.0,0.0,0.0
30,52,0,1,0.0,1.25,1.25
30,53,1,1,1.25,1.25,0.0
30,54,1,0,1.25,0.0,-1.25
30,55,0,0,0.0,0.0,0.0
30,56,3,0,3.75,0.0,-3.75
30,57,1,0,1.25,0.0,-1.25
30,58,0,1,0.0,1.25,1.25
30,59,3,1,3.75,1.25,-2.5
30,60,1,0,1.25,0.0,-1.25
30,61,0,0,0.0,0.0,0.0
30,62,1,0,1.25,0.0,-1.25
30,63,4,0,5.0,0.0,-5.0
30,64,1,0,1.25,0.0,-1.25
30,65,0,0,0.0,0.0,0.0
30,66,0,0,0.0,0.0,0.0
30,67,2,1,2.5,1.25,-1.25
30,68,0,0,0.0,0.0,0.0
30,69,1,2,1.25,2.5,1.25
30,70,2,0,2.5,0.0,-2.5
30,71,0,0,0.0,0.0,0.0
30,72,1,1,1.25,1.25,0.0
30,73,0,0,0.0,0.0,0.0
30,74,1,1,1.25,1.25,0.0
30,75,0,2,0.0,2.5,2.5
30,76,0,1,0.0,1.25,1.25
30,77,1,0,1.25,0.0,-1.25
30,78,0,1,0.0,1.25,1.25
30,79,0,0,0.0,0.0,0.0
30,80,0,0,0.0,0.0,0.0
30,81,0,0,0.0,0.0,0.0
30,82,1,3,1.25,3.75,2.5
30,83,3,3,3.75,3.75,0.0
30,84,2,1,2.5,1.25,-1.25
30,85,1,0,1.25,0.0,-1.25
30,86,1,1,1.25,1.25,0.0
30,87,0,0,0.0,0.0,0.0
30,88,0,0,0.0,0.0,0.0
30,89,0,0,0.0,0.0,0.0
30,90,1,2,1.25,2.5,1.25
30,91,0,0,0.0,0.0,0.0
30,92,0,0,0.0,0.0,0.0
30,93,1,0,1.25,0.0,-1.25
30,94,2,0,2.5,0.0,-2.5
30,95,3,0,3.75,0.0,-3.75
30,96,1,0,1.25,0.0,-1.25
30,97,0,0,0.0,0.0,0.0
30,98,0,0,0.0,0.0,0.0
30,99,2,0,2.5,0.0,-2.5
30,100,0,3,0.0,3.75,3.75
30,101,0,0,0.0,0.0,0.0
30,102,2,0,2.5,0.0,-2.5
30,103,1,0,1.25,0.0,-1.25
30,104,0,0,0.0,0.0,0.0
30,105,3,1,3.75,1.25,-2.5
30,106,1,0,1.25,0.0,-1.25
30,107,0,0,0.0,0.0,0.0
30,108,0,0,0.0,0.0,0.0
30,109,0,1,0.0,1.25,1.25
30,110,1,0,1.25,0.0,-1.25
30,111,1,0,1.25,0.0,-1.25
30,112,0,1,0.0,1.25,1.25
30,113,0,0,0.0,0.0,0.0
30,114,2,0,2.5,0.0,-2.5
30,115,0,0,0.0,0.0,0.0
30,116,1,0,1.25,0.0,-1.25
30,117,0,0,0.0,0.0,0.0
30,118,1,1,1.25,1.25,0.0
30,119,0,0,0.0,0.0,0.0
30,120,2,1,2.5,1.25,-1.25
30,121,1,0,1.25,0.0,-1.25
30,122,1,0,1.25,0.0,-1.25
30,123,1,1,1.25,1.25,0.0
30,124,0,0,0.0,0.0,0.0
30,125,3,0,3.75,0.0,-3.75
30,126,0,1,0.0,1.25,1.25
30,127,1,3,1.25,3.75,2.5
30,128,2,1,2.5,1.25,-1.25
30,129,0,0,0.0,0.0,0.0
30,130,0,1,0.0,1.25,1.25
30,131,0,0,0.0,0.0,0.0
30,132,0,3,0.0,3.75,3.75
30,133,0,0,0.0,0.0,0.0
30,134,0,1,0.0,1.25,1.25
31,0,7,6,8.75,7.5,-1.25
31,1,7,5,8.75,6.25,-2.5
31,2,6,2,7.5,2.5,-5.0
31,3,5,2,6.25,2.5,-3.75
31,4,9,4,11.25,5.0,-6.25
31,5,12,8,15.0,10.0,-5.0
31,6,6,8,7.5,10.0,2.5
31,7,8,5,10.0,6.25,-3.75
31,8,7,8,8.75,10.0,1.25
31,9,9,10,11.25,12.5,1.25
31,10,0,2,0.0,2.5,2.5
31,11,7,0,8.75,0.0,-8.75
31,12,3,8,3.75,10.0,6.25
31,13,2,0,2.5,0.0,-2.5
31,14,14,2,17.5,2.5,-15.0
31,15,2,9,2.5,11.25,8.75
31,16,10,2,12.5,2.5,-10.0
31,17,4,0,5.0,0.0,-5.0
31,18,3,1,3.75,1.25,-2.5
31,19,8,8,10.0,10.0,0.0
31,20,10,0,12.5,0.0,-12.5
31,21,5,0,6.25,0.0,-6.25
31,22,7,4,8.75,5.0,-3.75
31,23,9,2,11.25,2.5,-8.75
31,24,2,3,2.5,3.75,1.25
31,25,9,2,11.25,2.5,-8.75
31,26,4,8,5.0,10.0,5.0
31,27,8,1,10.0,1.25,-8.75
31,28,5,2,6.25,2.5,-3.75
31,29,3,2,3.75,2.5,-1.25
31,30,1,6,1.25,7.5,6.25
31,31,2,1,2.5,1.25,-1.25
31,32,6,6,7.5,7.5,0.0
31,33,0,0,0.0,0.0,0.0
31,34,3,1,3.75,1.25,-2.5
31,35,2,2,2.5,2.5,0.0
31,36,1,0,1.25,0.0,-1.25
31,37,4,10,5.0,12.5,7.5
31,38,2,4,2.5,5.0,2.5
31,39,0,5,0.0,6.25,6.25
31,40,0,3,0.0,3.75,3.75
31,41,3,10,3.75,12.5,8.75
31,42,4,2,5.0,2.5,-2.5
31,43,3,1,3.75,1.25,-2.5
31,44,8,2,10.0,2.5,-7.5
31,45,3,5,3.75,6.25,2.5
31,46,7,1,8.75,1.25,-7.5
31,47,4,8,5.0,10.0,5.0
31,48,10,3,12.5,3.75,-8.75
31,49,5,0,6.25,0.0,-6.25
31,50,1,2,1.25,2.5,1.25
31,51,5,1,6.25,1.25,-5.0
31,52,3,2,3.75,2.5,-1.25
31,53,3,10,3.75,12.5,8.75
31,54,10,0,12.5,0.0,-12.5
31,55,10,0,12.5,0.0,-12.5
31,56,6,3,7.5,3.75,-3.75
31,57,4,4,5.0,5.0,0.0
31,58,1,2,1.25,2.5,1.25
31,59,12,2,15.0,2.5,-12.5
31,60,5,0,6.25,0.0,-6.25
31,61,2,1,2.5,1.25,-1.25
31,62,2,0,2.5,0.0,-2.5
31,63,11,1,13.75,1.25,-12.5
31,64,12,3,15.0,3.75,-11.25
31,65,0,5,0.0,6.25,6.25
31,66,1,2,1.25,2.5,1.25
31,67,2,6,2.5,7.5,5.0
31,68,2,6,2.5,7.5,5.0
31,69,8,10,10.0,12.5,2.5
31,70,7,3,8.75,3.75,-5.0
31,71,3,3,3.75,3.75,0.0
31,72,6,3,7.5,3.75,-3.75
31,73,5,5,6.25,6.25,0.0
31,74,11,0,13.75,0.0,-13.75
31,75,3,6,3.75,7.5,3.75
31,76,5,3,6.25,3.75,-2.5
31,77,6,0,7.5,0.0,-7.5
31,78,0,1,0.0,1.25,1.25
31,79,1,1,1.25,1.25,0.0
31,80,0,1,0.0,1.25,1.25
31,81,2,0,2.5,0.0,-2.5
31,82,7,7,8.75,8.75,0.0
31,83,9,6,11.25,7.5,-3.75
31,84,8,8,10.0,10.0,0.0
31,85,1,2,1.25,2.5,1.25
31,86,13,0,16.25,0.0,-16.25
31,87,1,0,1.25,0.0,-1.25
31,88,1,2,1.25,2.5,1.25
31,89,1,3,1.25,3.75,2.5
31,90,2,8,2.5,10.0,7.5
31,91,1,3,1.25,3.75,2.5
31,92,0,2,0.0,2.5,2.5
31,93,0,1,0.0,1.25,1.25
31,94,14,1,17.5,1.25,-16.25
31,95,2,0,2.5,0.0,-2.5
31,96,3,2,3.75,2.5,-1.25
31,97,0,1,0.0,1.25,1.25
31,98,3,1,3.75,1.25,-2.5
31,99,12,1,15.0,1.25,-13.75
31,100,0,6,0.0,7.5,7.5
31,101,3,1,3.75,1.25,-2.5
31,102,2,1,2.5,1.25,-1.25
31,103,6,1,7.5,1.25,-6.25
31,104,1,1,1.25,1.25,0.0
31,105,3,3,3.75,3.75,0.0
31,106,7,5,8.75,6.25,-2.5
31,107,2,4,2.5,5.0,2.5
31,108,2,3,2.5,3.75,1.25
31,109,4,2,5.0,2.5,-2.5
31,110,9,3,11.25,3.75,-7.5
31,111,0,0,0.0,0.0,0.0
31,112,10,3,12.5,3.75,-8.75
31,113,6,3,7.5,3.75,-3.75
31,114,7,2,8.75,2.5,-6.25
31,115,8,0,10.0,0.0,-10.0
31,116,1,0,1.25,0.0,-1.25
31,117,1,1,1.25,1.25,0.0
31,118,8,3,10.0,3.75,-6.25
31,119,4,8,5.0,10.0,5.0
31,120,1,1,1.25,1.25,0.0
31,121,5,6,6.25,7.5,1.25
31,122,3,3,3.75,3.75,0.0
31,123,10,1,12.5,1.25,-11.25
31,124,5,2,6.25,2.5,-3.75
31,125,3,1,3.75,1.25,-2.5
31,126,0,8,0.0,10.0,10.0
31,127,0,6,0.0,7.5,7.5
31,128,3,3,3.75,3.75,0.0
31,129,2,1,2.5,1.25,-1.25
31,130,9,8,11.25,10.0,-1.25
31,131,5,7,6.25,8.75,2.5
31,132,9,4,11.25,5.0,-6.25
31,133,1,0,1.25,0.0,-1.25
31,134,1,7,1.25,8.75,7.5
32,0,10,9,12.5,11.25,-1.25
32,1,4,6,5.0,7.5,2.5
32,2,8,7,10.0,8.75,-1.25
32,3,7,10,8.75,12.5,3.75
32,4,5,4,6.25,5.0,-1.25
32,5,8,10,10.0,12.5,2.5
32,6,9,2,11.25,2.5,-8.75
32,7,9,10,11.25,12.5,1.25
32,8,12,12,15.0,15.0,0.0
32,9,5,6,6.25,7.5,1.25
32,10,6,11,7.5,13.75,6.25
32,11,6,5,7.5,6.25,-1.25
32,12,4,8,5.0,10.0,5.0
32,13,7,8,8.75,10.0,1.25
32,14,9,8,11.25,10.0,-1.25
32,15,5,9,6.25,11.25,5.0
32,16,6,13,7.5,16.25,8.75
32,17,7,10,8.75,12.5,3.75
32,18,5,6,6.25,7.5,1.25
32,19,6,13,7.5,16.25,8.75
32,20,9,6,11.25,7.5,-3.75
32,21,7,10,8.75,12.5,3.75
32,22,13,6,16.25,7.5,-8.75
32,23,4,7,5.0,8.75,3.75
32,24,8,5,10.0,6.25,-3.75
32,25,8,3,10.0,3.75,-6.25
32,26,6,6,7.5,7.5,0.0
32,27,9,12,11.25,15.0,3.75
32,28,6,7,7.5,8.75,1.25
32,29,6,8,7.5,10.0,2.5
32,30,9,10,11.25,12.5,1.25
32,31,10,5,12.5,6.25,-6.25
32,32,11,10,13.75,12.5,-1.25
32,33,10,8,12.5,10.0,-2.5
32,34,9,10,11.25,12.5,1.25
32,35,7,7,8.75,8.75,0.0
32,36,7,10,8.75,12.5,3.75
32,37,7,11,8.75,13.75,5.0
32,38,9,4,11.25,5.0,-6.25
32,39,11,11,13.75,13.75,0.0
32,40,6,8,7.5,10.0,2.5
32,41,13,4,16.25,5.0,-11.25
32,42,8,15,10.0,18.75,8.75
32,43,12,8,15.0,10.0,-5.0
32,44,5,11,6.25,13.75,7.5
32,45,9,11,11.25,13.75,2.5
32,46,10,8,12.5,10.0,-2.5
32,47,8,13,10.0,16.25,6.25
32,48,13,6,16.25,7.5,-8.75
32,49,7,7,8.75,8.75,0.0
32,50,10,11,12.5,13.75,1.25
32,51,7,11,8.75,13.75,5.0
32,52,7,15,8.75,18.75,10.0
32,53,9,10,11.25,12.5,1.25
32,54,14,11,17.5,13.75,-3.75
32,55,9,4,11.25,5.0,-6.25
32,56,5,11,6.25,13.75,7.5
32,57,7,6,8.75,7.5,-1.25
32,58,8,5,10.0,6.25,-3.75
32,59,9,9,11.25,11.25,0.0
32,60,13,9,16.25,11.25,-5.0
32,61,8,7,10.0,8.75,-1.25
32,62,7,8,8.75,10.0,1.25
32,63,11,9,13.75,11.25,-2.5
32,64,7,8,8.75,10.0,1.25
32,65,8,6,10.0,7.5,-2.5
32,66,10,8,12.5,10.0,-2.5
32,67,5,9,6.25,11.25,5.0
32,68,7,3,8.75,3.75,-5.0
32,69,12,7,15.0,8.75,-6.25
32,70,6,8,7.5,10.0,2.5
32,71,4,10,5.0,12.5,7.5
32,72,13,9,16.25,11.25,-5.0
32,73,10,4,12.5,5.0,-7.5
32,74,9,6,11.25,7.5,-3.75
32,75,7,3,8.75,3.75,-5.0
32,76,11,9,13.75,11.25,-2.5
32,77,8,7,10.0,8.75,-1.25
32,78,14,9,17.5,11.25,-6.25
32,79,8,8,10.0,10.0,0.0
32,80,16,6,20.0,7.5,-12.5
32,81,12,5,15.0,6.25,-8.75
32,82,6,7,7.5,8.75,1.25
32,83,8,7,10.0,8.75,-1.25
32,84,12,7,15.0,8.75,-6.25
32,85,5,10,6.25,12.5,6.25
32,86,9,9,11.25,11.25,0.0
32,87,9,2,11.25,2.5,-8.75
32,88,9,6,11.25,7.5,-3.75
32,89,11,11,13.75,13.75,0.0
32,90,10,8,12.5,10.0,-2.5
32,91,12,7,15.0,8.75,-6.25
32,92,6,6,7.5,7.5,0.0
32,93,6,8,7.5,10.0,2.5
32,94,10,11,12.5,13.75,1.25
32,95,5,12,6.25,15.0,8.75
32,96,10,6,12.5,7.5,-5.0
32,97,8,8,10.0,10.0,0.0
32,98,11,11,13.75,13.75,0.0
32,99,7,10,8.75,12.5,3.75
32,100,7,9,8.75,11.25,2.5
32,101,9,8,11.25,10.0,-1.25
32,102,9,6,11.25,7.5,-3.75
32,103,10,7,12.5,8.75,-3.75
32,104,7,7,8.75,8.75,0.0
32,105,15,10,18.75,12.5,-6.25
32,106,10,11,12.5,13.75,1.25
32,107,9,12,11.25,15.0,3.75
32,108,10,5,12.5,6.25,-6.25
32,109,6,13,7.5,16.25,8.75
32,110,13,7,16.25,8.75,-7.5
32,111,8,10,10.0,12.5,2.5
32,112,13,10,16.25,12.5,-3.75
32,113,9,5,11.25,6.25,-5.0
32,114,4,9,5.0,11.25,6.25
32,115,11,9,13.75,11.25,-2.5
32,116,11,10,13.75,12.5,-1.25
32,117,12,14,15.0,17.5,2.5
32,118,9,9,11.25,11.25,0.0
32,119,9,9,11.25,11.25,0.0
32,120,12,5,15.0,6.25,-8.75
32,121,6,5,7.5,6.25,-1.25
32,122,7,13,8.75,16.25,7.5
32,123,7,5,8.75,6.25,-2.5
32,124,9,4,11.25,5.0,-6.25
32,125,2,11,2.5,13.75,11.25
32,126,10,2,12.5,2.5,-10.0
32,127,12,8,15.0,10.0,-5.0
32,128,13,12,16.25,15.0,-1.25
32,129,5,8,6.25,10.0,3.75
32,130,6,8,7.5,10.0,2.5
32,131,12,12,15.0,15.0,0.0
32,132,5,6,6.25,7.5,1.25
32,133,7,10,8.75,12.5,3.75
32,134,7,10,8.75,12.5,3.75
33,0,9,3,11.25,3.75,-7.5
33,1,3,4,3.75,5.0,1.25
33,2,0,2,0.0,2.5,2.5
33,3,2,4,2.5,5.0,2.5
33,4,2,2,2.5,2.5,0.0
33,5,5,1,6.25,1.25,-5.0
33,6,4,1,5.0,1.25,-3.75
33,7,3,2,3.75,2.5,-1.25
33,8,3,3,3.75,3.75,0.0
33,9,9,4,11.25,5.0,-6.25
33,10,6,6,7.5,7.5,0.0
33,11,4,3,5.0,3.75,-1.25
33,12,3,5,3.75,6.25,2.5
33,13,7,3,8.75,3.75,-5.0
33,14,3,0,3.75,0.0,-3.75
33,15,6,4,7.5,5.0,-2.5
33,16,4,2,5.0,2.5,-2.5
33,17,1,3,1.25,3.75,2.5
33,18,2,2,2.5,2.5,0.0
33,19,5,2,6.25,2.5,-3.75
33,20,7,5,8.75,6.25,-2.5
33,21,2,3,2.5,3.75,1.25
33,22,3,2,3.75,2.5,-1.25
33,23,4,6,5.0,7.5,2.5
33,24,6,2,7.5,2.5,-5.0
33,25,6,4,7.5,5.0,-2.5
33,26,4,4,5.0,5.0,0.0
33,27,2,1,2.5,1.25,-1.25
33,28,6,3,7.5,3.75,-3.75
33,29,3,7,3.75,8.75,5.0
33,30,2,2,2.5,2.5,0.0
33,31,5,3,6.25,3.75,-2.5
33,32,5,1,6.25,1.25,-5.0
33,33,3,4,3.75,5.0,1.25
33,34,1,4,1.25,5.0,3.75
33,35,2,2,2.5,2.5,0.0
33,36,3,7,3.75,8.75,5.0
33,37,1,8,1.25,10.0,8.75
33,38,5,3,6.25,3.75,-2.5
33,39,5,3,6.25,3.75,-2.5
33,40,6,5,7.5,6.25,-1.25
33,41,3,7,3.75,8.75,5.0
33,42,2,9,2.5,11.25,8.75
33,43,4,6,5.0,7.5,2.5
33,44,3,6,3.75,7.5,3.75
33,45,7,3,8.75,3.75,-5.0
33,46,4,6,5.0,7.5,2.5
33,47,7,4,8.75,5.0,-3.75
33,48,6,5,7.5,6.25,-1.25
33,49,2,1,2.5,1.25,-1.25
33,50,6,5,7.5,6.25,-1.25
33,51,6,9,7.5,11.25,3.75
33,52,2,4,2.5,5.0,2.5
33,53,5,3,6.25,3.75,-2.5
33,54,5,3,6.25,3.75,-2.5
33,55,2,5,2.5,6.25,3.75
33,56,7,5,8.75,6.25,-2.5
33,57,6,5,7.5,6.25,-1.25
33,58,6,5,7.5,6.25,-1.25
33,59,6,6,7.5,7.5,0.0
33,60,3,3,3.75,3.75,0.0
33,61,4,7,5.0,8.75,3.75
33,62,5,11,6.25,13.75,7.5
33,63,7,2,8.75,2.5,-6.25
33,64,5,5,6.25,6.25,0.0
33,65,2,4,2.5,5.0,2.5
33,66,5,7,6.25,8.75,2.5
33,67,9,5,11.25,6.25,-5.0
33,68,5,6,6.25,7.5,1.25
33,69,6,5,7.5,6.25,-1.25
33,70,3,4,3.75,5.0,1.25
33,71,2,5,2.5,6.25,3.75
33,72,8,7,10.0,8.75,-1.25
33,73,7,5,8.75,6.25,-2.5
33,74,6,4,7.5,5.0,-2.5
33,75,5,5,6.25,6.25,0.0
33,76,7,7,8.75,8.75,0.0
33,77,4,4,5.0,5.0,0.0
33,78,4,4,5.0,5.0,0.0
33,79,0,3,0.0,3.75,3.75
33,80,4,3,5.0,3.75,-1.25
33,81,6,6,7.5,7.5,0.0
33,82,3,5,3.75,6.25,2.5
33,83,3,8,3.75,10.0,6.25
33,84,5,7,6.25,8.75,2.5
33,85,5,3,6.25,3.75,-2.5
33,86,6,5,7.5,6.25,-1.25
33,87,4,4,5.0,5.0,0.0
33,88,5,4,6.25,5.0,-1.25
33,89,3,8,3.75,10.0,6.25
33,90,7,2,8.75,2.5,-6.25
33,91,4,7,5.0,8.75,3.75
33,92,6,2,7.5,2.5,-5.0
33,93,2,4,2.5,5.0,2.5
33,94,4,7,5.0,8.75,3.75
33,95,3,6,3.75,7.5,3.75
33,96,6,4,7.5,5.0,-2.5
33,97,3,4,3.75,5.0,1.25
33,98,7,5,8.75,6.25,-2.5
33,99,7,3,8.75,3.75,-5.0
33,100,10,5,12.5,6.25,-6.25
33,101,4,5,5.0,6.25,1.25
33,102,2,5,2.5,6.25,3.75
33,103,5,6,6.25,7.5,1.25
33,104,1,5,1.25,6.25,5.0
33,105,3,4,3.75,5.0,1.25
33,106,6,2,7.5,2.5,-5.0
33,107,5,4,6.25,5.0,-1.25
33,108,3,6,3.75,7.5,3.75
33,109,5,9,6.25,11.25,5.0
33,110,4,7,5.0,8.75,3.75
33,111,4,4,5.0,5.0,0.0
33,112,6,5,7.5,6.25,-1.25
33,113,3,3,3.75,3.75,0.0
33,114,5,6,6.25,7.5,1.25
33,115,6,4,7.5,5.0,-2.5
33,116,3,7,3.75,8.75,5.0
33,117,4,9,5.0,11.25,6.25
33,118,5,10,6.25,12.5,6.25
33,119,1,7,1.25,8.75,7.5
33,120,4,2,5.0,2.5,-2.5
33,121,2,5,2.5,6.25,3.75
33,122,5,5,6.25,6.25,0.0
33,123,3,3,3.75,3.75,0.0
33,124,6,5,7.5,6.25,-1.25
33,125,6,13,7.5,16.25,8.75
33,126,2,2,2.5,2.5,0.0
33,127,4,4,5.0,5.0,0.0
33,128,4,5,5.0,6.25,1.25
33,129,10,2,12.5,2.5,-10.0
33,130,3,2,3.75,2.5,-1.25
33,131,3,3,3.75,3.75,0.0
33,132,2,7,2.5,8.75,6.25
33,133,6,3,7.5,3.75,-3.75
33,134,2,11,2.5,13.75,11.25
34,0,2,1,2.5,1.25,-1.25
34,1,0,1,0.0,1.25,1.25
34,2,1,1,1.25,1.25,0.0
34,3,1,1,1.25,1.25,0.0
34,4,1,0,1.25,0.0,-1.25
34,5,0,3,0.0,3.75,3.75
34,6,3,0,3.75,0.0,-3.75
34,7,0,1,0.0,1.25,1.25
34,8,1,1,1.25,1.25,0.0
34,9,1,1,1.25,1.25,0.0
34,10,0,1,0.0,1.25,1.25
34,11,0,1,0.0,1.25,1.25
34,12,0,2,0.0,2.5,2.5
34,13,2,2,2.5,2.5,0.0
34,14,0,3,0.0,3.75,3.75
34,15,1,1,1.25,1.25,0.0
34,16,1,1,1.25,1.25,0.0
34,17,1,2,1.25,2.5,1.25
34,18,0,2,0.0,2.5,2.5
34,19,1,2,1.25,2.5,1.25
34,20,0,1,0.0,1.25,1.25
34,21,3,2,3.75,2.5,-1.25
34,22,1,0,1.25,0.0,-1.25
34,23,0,3,0.0,3.75,3.75
34,24,1,1,1.25,1.25,0.0
34,25,2,2,2.5,2.5,0.0
34,26,0,1,0.0,1.25,1.25
34,27,3,1,3.75,1.25,-2.5
34,28,0,4,0.0,5.0,5.0
34,29,2,1,2.5,1.25,-1.25
34,30,1,4,1.25,5.0,3.75
34,31,1,3,1.25,3.75,2.5
34,32,2,1,2.5,1.25,-1.25
34,33,1,1,1.25,1.25,0.0
34,34,1,2,1.25,2.5,1.25
34,35,3,2,3.75,2.5,-1.25
34,36,2,0,2.5,0.0,-2.5
34,37,1,0,1.25,0.0,-1.25
34,38,1,0,1.25,0.0,-1.25
34,39,1,1,1.25,1.25,0.0
34,40,1,1,1.25,1.25,0.0
34,41,0,0,0.0,0.0,0.0
34,42,1,2,1.25,2.5,1.25
34,43,2,1,2.5,1.25,-1.25
34,44,3,0,3.75,0.0,-3.75
34,45,3,1,3.75,1.25,-2.5
34,46,2,5,2.5,6.25,3.75
34,47,1,1,1.25,1.25,0.0
34,48,1,1,1.25,1.25,0.0
34,49,2,1,2.5,1.25,-1.25
34,50,1,1,1.25,1.25,0.0
34,51,2,1,2.5,1.25,-1.25
34,52,1,1,1.25,1.25,0.0
34,53,4,1,5.0,1.25,-3.75
34,54,1,2,1.25,2.5,1.25
34,55,1,3,1.25,3.75,2.5
34,56,1,2,1.25,2.5,1.25
34,57,2,0,2.5,0.0,-2.5
34,58,2,3,2.5,3.75,1.25
34,59,0,3,0.0,3.75,3.75
34,60,1,3,1.25,3.75,2.5
34,61,0,1,0.0,1.25,1.25
34,62,0,1,0.0,1.25,1.25
34,63,1,4,1.25,5.0,3.75
34,64,3,2,3.75,2.5,-1.25
34,65,0,3,0.0,3.75,3.75
34,66,1,2,1.25,2.5,1.25
34,67,2,0,2.5,0.0,-2.5
34,68,2,1,2.5,1.25,-1.25
34,69,1,1,1.25,1.25,0.0
34,70,0,1,0.0,1.25,1.25
34,71,2,1,2.5,1.25,-1.25
34,72,1,6,1.25,7.5,6.25
34,73,2,0,2.5,0.0,-2.5
34,74,1,0,1.25,0.0,-1.25
34,75,2,2,2.5,2.5,0.0
34,76,1,1,1.25,1.25,0.0
34,77,3,1,3.75,1.25,-2.5
34,78,2,2,2.5,2.5,0.0
34,79,2,1,2.5,1.25,-1.25
34,80,0,1,0.0,1.25,1.25
34,81,0,2,0.0,2.5,2.5
34,82,2,1,2.5,1.25,-1.25
34,83,1,2,1.25,2.5,1.25
34,84,1,0,1.25,0.0,-1.25
34,85,0,2,0.0,2.5,2.5
34,86,2,1,2.5,1.25,-1.25
34,87,0,3,0.0,3.75,3.75
34,88,1,1,1.25,1.25,0.0
34,89,1,1,1.25,1.25,0.0
34,90,1,2,1.25,2.5,1.25
34,91,0,0,0.0,0.0,0.0
34,92,1,3,1.25,3.75,2.5
34,93,1,2,1.25,2.5,1.25
34,94,1,3,1.25,3.75,2.5
34,95,1,3,1.25,3.75,2.5
34,96,3,0,3.75,0.0,-3.75
34,97,1,1,1.25,1.25,0.0
34,98,0,1,0.0,1.25,1.25
34,99,0,1,0.0,1.25,1.25
34,100,1,0,1.25,0.0,-1.25
34,101,1,3,1.25,3.75,2.5
34,102,1,3,1.25,3.75,2.5
34,103,3,1,3.75,1.25,-2.5
34,104,1,4,1.25,5.0,3.75
34,105,2,0,2.5,0.0,-2.5
34,106,1,1,1.25,1.25,0.0
34,107,3,0,3.75,0.0,-3.75
34,108,0,0,0.0,0.0,0.0
34,109,1,2,1.25,2.5,1.25
34,110,0,2,0.0,2.5,2.5
34,111,2,2,2.5,2.5,0.0
34,112,2,1,2.5,1.25,-1.25
34,113,1,2,1.25,2.5,1.25
34,114,1,1,1.25,1.25,0.0
34,115,1,1,1.25,1.25,0.0
34,116,0,1,0.0,1.25,1.25
34,117,5,0,6.25,0.0,-6.25
34,118,0,1,0.0,1.25,1.25
34,119,3,2,3.75,2.5,-1.25
34,120,1,1,1.25,1.25,0.0
34,121,4,0,5.0,0.0,-5.0
34,122,0,0,0.0,0.0,0.0
34,123,2,1,2.5,1.25,-1.25
34,124,0,1,0.0,1.25,1.25
34,125,2,1,2.5,1.25,-1.25
34,126,1,5,1.25,6.25,5.0
34,127,2,2,2.5,2.5,0.0
34,128,2,0,2.5,0.0,-2.5
34,129,0,3,0.0,3.75,3.75
34,130,3,3,3.75,3.75,0.0
34,131,0,1,0.0,1.25,1.25
34,132,2,2,2.5,2.5,0.0
34,133,2,1,2.5,1.25,-1.25
34,134,1,0,1.25,0.0,-1.25
35,0,11,4,13.75,5.0,-8.75
35,1,4,5,5.0,6.25,1.25
35,2,1,5,1.25,6.25,5.0
35,3,3,3,3.75,3.75,0.0
35,4,2,3,2.5,3.75,1.25
35,5,3,3,3.75,3.75,0.0
35,6,3,3,3.75,3.75,0.0
35,7,5,4,6.25,5.0,-1.25
35,8,2,6,2.5,7.5,5.0
35,9,1,4,1.25,5.0,3.75
35,10,2,3,2.5,3.75,1.25
35,11,4,4,5.0,5.0,0.0
35,12,4,3,5.0,3.75,-1.25
35,13,2,5,2.5,6.25,3.75
35,14,2,4,2.5,5.0,2.5
35,15,4,2,5.0,2.5,-2.5
35,16,3,2,3.75,2.5,-1.25
35,17,1,2,1.25,2.5,1.25
35,18,4,3,5.0,3.75,-1.25
35,19,7,3,8.75,3.75,-5.0
35,20,2,3,2.5,3.75,1.25
35,21,2,3,2.5,3.75,1.25
35,22,3,5,3.75,6.25,2.5
35,23,3,4,3.75,5.0,1.25
35,24,3,4,3.75,5.0,1.25
35,25,6,3,7.5,3.75,-3.75
35,26,5,4,6.25,5.0,-1.25
35,27,9,5,11.25,6.25,-5.0
35,28,5,3,6.25,3.75,-2.5
35,29,4,4,5.0,5.0,0.0
35,30,9,4,11.25,5.0,-6.25
35,31,8,7,10.0,8.75,-1.25
35,32,5,1,6.25,1.25,-5.0
35,33,8,9,10.0,11.25,1.25
35,34,7,11,8.75,13.75,5.0
35,35,6,2,7.5,2.5,-5.0
35,36,6,5,7.5,6.25,-1.25
35,37,10,7,12.5,8.75,-3.75
35,38,9,4,11.25,5.0,-6.25
35,39,7,5,8.75,6.25,-2.5
35,40,9,6,11.25,7.5,-3.75
35,41,11,6,13.75,7.5,-6.25
35,42,11,8,13.75,10.0,-3.75
35,43,5,6,6.25,7.5,1.25
35,44,8,3,10.0,3.75,-6.25
35,45,5,3,6.25,3.75,-2.5
35,46,5,2,6.25,2.5,-3.75
35,47,8,9,10.0,11.25,1.25
35,48,6,5,7.5,6.25,-1.25
35,49,5,7,6.25,8.75,2.5
35,50,5,1,6.25,1.25,-5.0
35,51,8,6,10.0,7.5,-2.5
35,52,5,3,6.25,3.75,-2.5
35,53,5,5,6.25,6.25,0.0
35,54,11,7,13.75,8.75,-5.0
35,55,4,2,5.0,2.5,-2.5
35,56,7,6,8.75,7.5,-1.25
35,57,5,4,6.25,5.0,-1.25
35,58,7,3,8.75,3.75,-5.0
35,59,4,3,5.0,3.75,-1.25
35,60,8,6,10.0,7.5,-2.5
35,61,6,6,7.5,7.5,0.0
35,62,3,6,3.75,7.5,3.75
35,63,8,4,10.0,5.0,-5.0
35,64,7,4,8.75,5.0,-3.75
35,65,7,3,8.75,3.75,-5.0
35,66,7,8,8.75,10.0,1.25
35,67,7,1,8.75,1.25,-7.5
35,68,10,4,12.5,5.0,-7.5
35,69,8,6,10.0,7.5,-2.5
35,70,3,2,3.75,2.5,-1.25
35,71,7,4,8.75,5.0,-3.75
35,72,6,5,7.5,6.25,-1.25
35,73,6,5,7.5,6.25,-1.25
35,74,7,7,8.75,8.75,0.0
35,75,6,5,7.5,6.25,-1.25
35,76,9,3,11.25,3.75,-7.5
35,77,6,6,7.5,7.5,0.0
35,78,6,8,7.5,10.0,2.5
35,79,7,7,8.75,8.75,0.0
35,80,4,8,5.0,10.0,5.0
35,81,9,5,11.25,6.25,-5.0
35,82,7,5,8.75,6.25,-2.5
35,83,6,1,7.5,1.25,-6.25
35,84,6,7,7.5,8.75,1.25
35,85,5,2,6.25,2.5,-3.75
35,86,9,4,11.25,5.0,-6.25
35,87,5,6,6.25,7.5,1.25
35,88,2,6,2.5,7.5,5.0
35,89,5,4,6.25,5.0,-1.25
35,90,4,2,5.0,2.5,-2.5
35,91,8,2,10.0,2.5,-7.5
35,92,4,1,5.0,1.25,-3.75
35,93,7,3,8.75,3.75,-5.0
35,94,4,6,5.0,7.5,2.5
35,95,2,10,2.5,12.5,10.0
35,96,8,3,10.0,3.75,-6.25
35,97,0,4,0.0,5.0,5.0
35,98,6,7,7.5,8.75,1.25
35,99,7,5,8.75,6.25,-2.5
35,100,3,3,3.75,3.75,0.0
35,101,2,6,2.5,7.5,5.0
35,102,3,6,3.75,7.5,3.75
35,103,5,4,6.25,5.0,-1.25
35,104,10,5,12.5,6.25,-6.25
35,105,9,6,11.25,7.5,-3.75
35,106,4,4,5.0,5.0,0.0
35,107,3,3,3.75,3.75,0.0
35,108,5,4,6.25,5.0,-1.25
35,109,7,5,8.75,6.25,-2.5
35,110,5,4,6.25,5.0,-1.25
35,111,4,1,5.0,1.25,-3.75
35,112,6,5,7.5,6.25,-1.25
35,113,8,2,10.0,2.5,-7.5
35,114,12,3,15.0,3.75,-11.25
35,115,9,3,11.25,3.75,-7.5
35,116,5,6,6.25,7.5,1.25
35,117,4,5,5.0,6.25,1.25
35,118,5,4,6.25,5.0,-1.25
35,119,6,2,7.5,2.5,-5.0
35,120,5,6,6.25,7.5,1.25
35,121,4,2,5.0,2.5,-2.5
35,122,10,3,12.5,3.75,-8.75
35,123,5,7,6.25,8.75,2.5
35,124,4,4,5.0,5.0,0.0
35,125,4,5,5.0,6.25,1.25
35,126,2,4,2.5,5.0,2.5
35,127,1,5,1.25,6.25,5.0
35,128,0,2,0.0,2.5,2.5
35,129,7,2,8.75,2.5,-6.25
35,130,5,0,6.25,0.0,-6.25
35,131,4,2,5.0,2.5,-2.5
35,132,1,1,1.25,1.25,0.0
35,133,7,6,8.75,7.5,-1.25
35,134,7,5,8.75,6.25,-2.5
36,0,0,0,0.0,0.0,0.0
36,1,0,1,0.0,1.25,1.25
36,2,0,0,0.0,0.0,0.0
36,3,0,0,0.0,0.0,0.0
36,4,0,0,0.0,0.0,0.0
36,5,1,0,1.25,0.0,-1.25
36,6,0,0,0.0,0.0,0.0
36,7,0,1,0.0,1.25,1.25
36,8,1,0,1.25,0.0,-1.25
36,9,0,0,0.0,0.0,0.0
36,10,0,2,0.0,2.5,2.5
36,11,0,0,0.0,0.0,0.0
36,12,0,1,0.0,1.25,1.25
36,13,0,3,0.0,3.75,3.75
36,14,0,1,0.0,1.25,1.25
36,15,1,1,1.25,1.25,0.0
36,16,0,1,0.0,1.25,1.25
36,17,0,0,0.0,0.0,0.0
36,18,1,0,1.25,0.0,-1.25
36,19,0,0,0.0,0.0,0.0
36,20,0,0,0.0,0.0,0.0
36,21,2,1,2.5,1.25,-1.25
36,22,1,1,1.25,1.25,0.0
36,23,1,0,1.25,0.0,-1.25
36,24,0,1,0.0,1.25,1.25
36,25,1,0,1.25,0.0,-1.25
36,26,0,0,0.0,0.0,0.0
36,27,1,0,1.25,0.0,-1.25
36,28,1,0,1.25,0.0,-1.25
36,29,0,0,0.0,0.0,0.0
36,30,1,0,1.25,0.0,-1.25
36,31,1,1,1.25,1.25,0.0
36,32,0,0,0.0,0.0,0.0
36,33,0,0,0.0,0.0,0.0
36,34,0,0,0.0,0.0,0.0
36,35,0,0,0.0,0.0,0.0
36,36,0,0,0.0,0.0,0.0
36,37,0,0,0.0,0.0,0.0
36,38,2,1,2.5,1.25,-1.25
36,39,0,0,0.0,0.0,0.0
36,40,0,0,0.0,0.0,0.0
36,41,0,0,0.0,0.0,0.0
36,42,0,0,0.0,0.0,0.0
36,43,0,0,0.0,0.0,0.0
36,44,0,0,0.0,0.0,0.0
36,45,0,0,0.0,0.0,0.0
36,46,0,0,0.0,0.0,0.0
36,47,0,0,0.0,0.0,0.0
36,48,1,0,1.25,0.0,-1.25
36,49,0,1,0.0,1.25,1.25
36,50,1,1,1.25,1.25,0.0
36,51,1,0,1.25,0.0,-1.25
36,52,0,1,0.0,1.25,1.25
36,53,1,0,1.25,0.0,-1.25
36,54,1,0,1.25,0.0,-1.25
36,55,0,0,0.0,0.0,0.0
36,56,0,0,0.0,0.0,0.0
36,57,0,1,0.0,1.25,1.25
36,58,2,1,2.5,1.25,-1.25
36,59,0,0,0.0,0.0,0.0
36,60,0,0,0.0,0.0,0.0
36,61,0,0,0.0,0.0,0.0
36,62,2,0,2.5,0.0,-2.5
36,63,0,0,0.0,0.0,0.0
36,64,0,0,0.0,0.0,0.0
36,65,1,0,1.25,0.0,-1.25
36,66,0,0,0.0,0.0,0.0
36,67,0,1,0.0,1.25,1.25
36,68,0,0,0.0,0.0,0.0
36,69,0,2,0.0,2.5,2.5
36,70,0,0,0.0,0.0,0.0
36,71,0,0,0.0,0.0,0.0
36,72,0,3,0.0,3.75,3.75
36,73,0,2,0.0,2.5,2.5
36,74,0,0,0.0,0.0,0.0
36,75,0,0,0.0,0.0,0.0
36,76,0,1,0.0,1.25,1.25
36,77,0,1,0.0,1.25,1.25
36,78,0,1,0.0,1.25,1.25
36,79,0,0,0.0,0.0,0.0
36,80,0,5,0.0,6.25,6.25
36,81,2,0,2.5,0.0,-2.5
36,82,0,0,0.0,0.0,0.0
36,83,0,0,0.0,0.0,0.0
36,84,0,1,0.0,1.25,1.25
36,85,0,1,0.0,1.25,1.25
36,86,2,0,2.5,0.0,-2.5
36,87,1,1,1.25,1.25,0.0
36,88,1,1,1.25,1.25,0.0
36,89,1,2,1.25,2.5,1.25
36,90,2,0,2.5,0.0,-2.5
36,91,1,0,1.25,0.0,-1.25
36,92,0,1,0.0,1.25,1.25
36,93,0,0,0.0,0.0,0.0
36,94,0,0,0.0,0.0,0.0
36,95,1,1,1.25,1.25,0.0
36,96,0,0,0.0,0.0,0.0
36,97,0,0,0.0,0.0,0.0
36,98,3,0,3.75,0.0,-3.75
36,99,1,1,1.25,1.25,0.0
36,100,0,1,0.0,1.25,1.25
36,101,1,0,1.25,0.0,-1.25
36,102,0,0,0.0,0.0,0.0
36,103,0,1,0.0,1.25,1.25
36,104,0,0,0.0,0.0,0.0
36,105,1,1,1.25,1.25,0.0
36,106,1,0,1.25,0.0,-1.25
36,107,0,0,0.0,0.0,0.0
36,108,1,1,1.25,1.25,0.0
36,109,1,1,1.25,1.25,0.0
36,110,1,1,1.25,1.25,0.0
36,111,1,1,1.25,1.25,0.0
36,112,0,2,0.0,2.5,2.5
36,113,1,3,1.25,3.75,2.5
36,114,2,0,2.5,0.0,-2.5
36,115,0,2,0.0,2.5,2.5
36,116,0,0,0.0,0.0,0.0
36,117,1,4,1.25,5.0,3.75
36,118,0,3,0.0,3.75,3.75
36,119,0,2,0.0,2.5,2.5
36,120,1,0,1.25,0.0,-1.25
36,121,3,0,3.75,0.0,-3.75
36,122,1,1,1.25,1.25,0.0
36,123,2,0,2.5,0.0,-2.5
36,124,0,1,0.0,1.25,1.25
36,125,2,0,2.5,0.0,-2.5
36,126,0,3,0.0,3.75,3.75
36,127,2,1,2.5,1.25,-1.25
36,128,0,2,0.0,2.5,2.5
36,129,0,0,0.0,0.0,0.0
36,130,0,0,0.0,0.0,0.0
36,131,0,1,0.0,1.25,1.25
36,132,0,0,0.0,0.0,0.0
36,133,0,0,0.0,0.0,0.0
36,134,2,0,2.5,0.0,-2.5
37,0,1,0,1.25,0.0,-1.25
37,1,3,0,3.75,0.0,-3.75
37,2,1,1,1.25,1.25,0.0
37,3,2,1,2.5,1.25,-1.25
37,4,3,0,3.75,0.0,-3.75
37,5,3,1,3.75,1.25,-2.5
37,6,1,3,1.25,3.75,2.5
37,7,2,1,2.5,1.25,-1.25
37,8,1,2,1.25,2.5,1.25
37,9,3,1,3.75,1.25,-2.5
37,10,1,1,1.25,1.25,0.0
37,11,3,1,3.75,1.25,-2.5
37,12,1,1,1.25,1.25,0.0
37,13,2,0,2.5,0.0,-2.5
37,14,2,3,2.5,3.75,1.25
37,15,1,1,1.25,1.25,0.0
37,16,0,2,0.0,2.5,2.5
37,17,0,5,0.0,6.25,6.25
37,18,2,1,2.5,1.25,-1.25
37,19,0,0,0.0,0.0,0.0
37,20,0,0,0.0,0.0,0.0
37,21,4,3,5.0,3.75,-1.25
37,22,1,0,1.25,0.0,-1.25
37,23,0,1,0.0,1.25,1.25
37,24,2,1,2.5,1.25,-1.25
37,25,2,1,2.5,1.25,-1.25
37,26,0,1,0.0,1.25,1.25
37,27,0,6,0.0,7.5,7.5
37,28,0,2,0.0,2.5,2.5
37,29,3,1,3.75,1.25,-2.5
37,30,0,0,0.0,0.0,0.0
37,31,3,1,3.75,1.25,-2.5
37,32,2,1,2.5,1.25,-1.25
37,33,4,2,5.0,2.5,-2.5
37,34,1,1,1.25,1.25,0.0
37,35,3,1,3.75,1.25,-2.5
37,36,1,1,1.25,1.25,0.0
37,37,0,1,0.0,1.25,1.25
37,38,0,0,0.0,0.0,0.0
37,39,1,7,1.25,8.75,7.5
37,40,3,1,3.75,1.25,-2.5
37,41,2,0,2.5,0.0,-2.5
37,42,1,2,1.25,2.5,1.25
37,43,3,2,3.75,2.5,-1.25
37,44,0,2,0.0,2.5,2.5
37,45,1,0,1.25,0.0,-1.25
37,46,1,0,1.25,0.0,-1.25
37,47,2,0,2.5,0.0,-2.5
37,48,1,3,1.25,3.75,2.5
37,49,1,0,1.25,0.0,-1.25
37,50,0,1,0.0,1.25,1.25
37,51,5,1,6.25,1.25,-5.0
37,52,1,2,1.25,2.5,1.25
37,53,1,0,1.25,0.0,-1.25
37,54,2,1,2.5,1.25,-1.25
37,55,2,0,2.5,0.0,-2.5
37,56,1,1,1.25,1.25,0.0
37,57,0,1,0.0,1.25,1.25
37,58,2,1,2.5,1.25,-1.25
37,59,3,1,3.75,1.25,-2.5
37,60,0,1,0.0,1.25,1.25
37,61,0,1,0.0,1.25,1.25
37,62,0,1,0.0,1.25,1.25
37,63,0,3,0.0,3.75,3.75
37,64,1,0,1.25,0.0,-1.25
37,65,0,1,0.0,1.25,1.25
37,66,0,0,0.0,0.0,0.0
37,67,1,1,1.25,1.25,0.0
37,68,0,0,0.0,0.0,0.0
37,69,1,0,1.25,0.0,-1.25
37,70,3,0,3.75,0.0,-3.75
37,71,1,1,1.25,1.25,0.0
37,72,0,1,0.0,1.25,1.25
37,73,0,1,0.0,1.25,1.25
37,74,1,6,1.25,7.5,6.25
37,75,0,1,0.0,1.25,1.25
37,76,0,0,0.0,0.0,0.0
37,77,2,0,2.5,0.0,-2.5
37,78,0,0,0.0,0.0,0.0
37,79,0,1,0.0,1.25,1.25
37,80,1,2,1.25,2.5,1.25
37,81,0,0,0.0,0.0,0.0
37,82,0,1,0.0,1.25,1.25
37,83,0,1,0.0,1.25,1.25
37,84,0,0,0.0,0.0,0.0
37,85,1,0,1.25,0.0,-1.25
37,86,0,2,0.0,2.5,2.5
37,87,0,1,0.0,1.25,1.25
37,88,0,0,0.0,0.0,0.0
37,89,0,0,0.0,0.0,0.0
37,90,0,2,0.0,2.5,2.5
37,91,0,1,0.0,1.25,1.25
37,92,0,0,0.0,0.0,0.0
37,93,0,1,0.0,1.25,1.25
37,94,1,1,1.25,1.25,0.0
37,95,1,2,1.25,2.5,1.25
37,96,1,1,1.25,1.25,0.0
37,97,0,0,0.0,0.0,0.0
37,98,1,1,1.25,1.25,0.0
37,99,1,0,1.25,0.0,-1.25
37,100,1,0,1.25,0.0,-1.25
37,101,0,2,0.0,2.5,2.5
37,102,0,0,0.0,0.0,0.0
37,103,0,0,0.0,0.0,0.0
37,104,0,2,0.0,2.5,2.5
37,105,0,0,0.0,0.0,0.0
37,106,0,3,0.0,3.75,3.75
37,107,0,0,0.0,0.0,0.0
37,108,1,0,1.25,0.0,-1.25
37,109,1,0,1.25,0.0,-1.25
37,110,0,0,0.0,0.0,0.0
37,111,0,1,0.0,1.25,1.25
37,112,0,0,0.0,0.0,0.0
37,113,0,1,0.0,1.25,1.25
37,114,0,1,0.0,1.25,1.25
37,115,0,1,0.0,1.25,1.25
37,116,1,0,1.25,0.0,-1.25
37,117,1,2,1.25,2.5,1.25
37,118,0,0,0.0,0.0,0.0
37,119,1,0,1.25,0.0,-1.25
37,120,1,0,1.25,0.0,-1.25
37,121,3,2,3.75,2.5,-1.25
37,122,0,2,0.0,2.5,2.5
37,123,0,0,0.0,0.0,0.0
37,124,0,1,0.0,1.25,1.25
37,125,0,0,0.0,0.0,0.0
37,126,1,1,1.25,1.25,0.0
37,127,1,0,1.25,0.0,-1.25
37,128,1,0,1.25,0.0,-1.25
37,129,2,0,2.5,0.0,-2.5
37,130,0,0,0.0,0.0,0.0
37,131,0,3,0.0,3.75,3.75
37,132,1,2,1.25,2.5,1.25
37,133,1,1,1.25,1.25,0.0
37,134,1,2,1.25,2.5,1.25
38,0,2,0,2.5,0.0,-2.5
38,1,2,2,2.5,2.5,0.0
38,2,1,3,1.25,3.75,2.5
38,3,3,4,3.75,5.0,1.25
38,4,4,1,5.0,1.25,-3.75
38,5,4,1,5.0,1.25,-3.75
38,6,3,6,3.75,7.5,3.75
38,7,0,2,0.0,2.5,2.5
38,8,3,2,3.75,2.5,-1.25
38,9,4,1,5.0,1.25,-3.75
38,10,4,2,5.0,2.5,-2.5
38,11,1,1,1.25,1.25,0.0
38,12,2,3,2.5,3.75,1.25
38,13,1,4,1.25,5.0,3.75
38,14,3,1,3.75,1.25,-2.5
38,15,0,0,0.0,0.0,0.0
38,16,1,2,1.25,2.5,1.25
38,17,1,2,1.25,2.5,1.25
38,18,0,1,0.0,1.25,1.25
38,19,0,5,0.0,6.25,6.25
38,20,1,0,1.25,0.0,-1.25
38,21,0,1,0.0,1.25,1.25
38,22,0,1,0.0,1.25,1.25
38,23,3,2,3.75,2.5,-1.25
38,24,1,1,1.25,1.25,0.0
38,25,0,2,0.0,2.5,2.5
38,26,1,0,1.25,0.0,-1.25
38,27,1,2,1.25,2.5,1.25
38,28,4,2,5.0,2.5,-2.5
38,29,1,1,1.25,1.25,0.0
38,30,2,1,2.5,1.25,-1.25
38,31,2,1,2.5,1.25,-1.25
38,32,1,3,1.25,3.75,2.5
38,33,2,2,2.5,2.5,0.0
38,34,0,2,0.0,2.5,2.5
38,35,1,2,1.25,2.5,1.25
38,36,3,1,3.75,1.25,-2.5
38,37,1,0,1.25,0.0,-1.25
38,38,3,1,3.75,1.25,-2.5
38,39,1,1,1.25,1.25,0.0
38,40,3,0,3.75,0.0,-3.75
38,41,1,1,1.25,1.25,0.0
38,42,2,1,2.5,1.25,-1.25
38,43,2,2,2.5,2.5,0.0
38,44,1,0,1.25,0.0,-1.25
38,45,2,2,2.5,2.5,0.0
38,46,0,1,0.0,1.25,1.25
38,47,1,0,1.25,0.0,-1.25
38,48,0,0,0.0,0.0,0.0
38,49,0,1,0.0,1.25,1.25
38,50,0,1,0.0,1.25,1.25
38,51,0,2,0.0,2.5,2.5
38,52,2,0,2.5,0.0,-2.5
38,53,2,0,2.5,0.0,-2.5
38,54,4,2,5.0,2.5,-2.5
38,55,3,2,3.75,2.5,-1.25
38,56,1,0,1.25,0.0,-1.25
38,57,2,2,2.5,2.5,0.0
38,58,1,1,1.25,1.25,0.0
38,59,1,1,1.25,1.25,0.0
38,60,2,3,2.5,3.75,1.25
38,61,0,0,0.0,0.0,0.0
38,62,0,0,0.0,0.0,0.0
38,63,5,2,6.25,2.5,-3.75
38,64,0,1,0.0,1.25,1.25
38,65,0,1,0.0,1.25,1.25
38,66,2,0,2.5,0.0,-2.5
38,67,1,2,1.25,2.5,1.25
38,68,1,0,1.25,0.0,-1.25
38,69,3,2,3.75,2.5,-1.25
38,70,3,0,3.75,0.0,-3.75
38,71,4,1,5.0,1.25,-3.75
38,72,0,1,0.0,1.25,1.25
38,73,2,0,2.5,0.0,-2.5
38,74,1,4,1.25,5.0,3.75
38,75,1,3,1.25,3.75,2.5
38,76,1,2,1.25,2.5,1.25
38,77,2,0,2.5,0.0,-2.5
38,78,1,2,1.25,2.5,1.25
38,79,3,0,3.75,0.0,-3.75
38,80,2,2,2.5,2.5,0.0
38,81,3,2,3.75,2.5,-1.25
38,82,3,1,3.75,1.25,-2.5
38,83,1,3,1.25,3.75,2.5
38,84,2,0,2.5,0.0,-2.5
38,85,0,1,0.0,1.25,1.25
38,86,1,0,1.25,0.0,-1.25
38,87,1,1,1.25,1.25,0.0
38,88,4,2,5.0,2.5,-2.5
38,89,3,2,3.75,2.5,-1.25
38,90,3,3,3.75,3.75,0.0
38,91,1,1,1.25,1.25,0.0
38,92,2,2,2.5,2.5,0.0
38,93,2,1,2.5,1.25,-1.25
38,94,1,1,1.25,1.25,0.0
38,95,4,3,5.0,3.75,-1.25
38,96,0,2,0.0,2.5,2.5
38,97,3,3,3.75,3.75,0.0
38,98,2,5,2.5,6.25,3.75
38,99,1,0,1.25,0.0,-1.25
38,100,3,3,3.75,3.75,0.0
38,101,1,5,1.25,6.25,5.0
38,102,3,0,3.75,0.0,-3.75
38,103,2,2,2.5,2.5,0.0
38,104,1,2,1.25,2.5,1.25
38,105,4,1,5.0,1.25,-3.75
38,106,1,1,1.25,1.25,0.0
38,107,1,1,1.25,1.25,0.0
38,108,0,2,0.0,2.5,2.5
38,109,0,3,0.0,3.75,3.75
38,110,0,1,0.0,1.25,1.25
38,111,2,3,2.5,3.75,1.25
38,112,0,0,0.0,0.0,0.0
38,113,0,0,0.0,0.0,0.0
38,114,2,0,2.5,0.0,-2.5
38,115,2,2,2.5,2.5,0.0
38,116,2,0,2.5,0.0,-2.5
38,117,2,4,2.5,5.0,2.5
38,118,2,0,2.5,0.0,-2.5
38,119,1,1,1.25,1.25,0.0
38,120,2,3,2.5,3.75,1.25
38,121,2,0,2.5,0.0,-2.5
38,122,0,0,0.0,0.0,0.0
38,123,1,0,1.25,0.0,-1.25
38,124,1,1,1.25,1.25,0.0
38,125,2,1,2.5,1.25,-1.25
38,126,0,2,0.0,2.5,2.5
38,127,1,5,1.25,6.25,5.0
38,128,3,0,3.75,0.0,-3.75
38,129,3,5,3.75,6.25,2.5
38,130,0,2,0.0,2.5,2.5
38,131,2,2,2.5,2.5,0.0
38,132,2,0,2.5,0.0,-2.5
38,133,0,0,0.0,0.0,0.0
38,134,3,0,3.75,0.0,-3.75
39,0,2,2,2.5,2.5,0.0
39,1,2,0,2.5,0.0,-2.5
39,2,1,0,1.25,0.0,-1.25
39,3,1,1,1.25,1.25,0.0
39,4,1,0,1.25,0.0,-1.25
39,5,1,0,1.25,0.0,-1.25
39,6,1,0,1.25,0.0,-1.25
39,7,0,1,0.0,1.25,1.25
39,8,0,2,0.0,2.5,2.5
39,9,0,0,0.0,0.0,0.0
39,10,0,2,0.0,2.5,2.5
39,11,1,0,1.25,0.0,-1.25
39,12,0,1,0.0,1.25,1.25
39,13,0,0,0.0,0.0,0.0
39,14,0,1,0.0,1.25,1.25
39,15,0,0,0.0,0.0,0.0
39,16,1,1,1.25,1.25,0.0
39,17,2,0,2.5,0.0,-2.5
39,18,0,1,0.0,1.25,1.25
39,19,1,1,1.25,1.25,0.0
39,20,0,0,0.0,0.0,0.0
39,21,0,1,0.0,1.25,1.25
39,22,1,1,1.25,1.25,0.0
39,23,0,1,0.0,1.25,1.25
39,24,0,0,0.0,0.0,0.0
39,25,1,1,1.25,1.25,0.0
39,26,0,1,0.0,1.25,1.25
39,27,1,1,1.25,1.25,0.0
39,28,0,0,0.0,0.0,0.0
39,29,0,1,0.0,1.25,1.25
39,30,0,0,0.0,0.0,0.0
39,31,1,0,1.25,0.0,-1.25
39,32,0,2,0.0,2.5,2.5
39,33,0,0,0.0,0.0,0.0
39,34,0,1,0.0,1.25,1.25
39,35,0,0,0.0,0.0,0.0
39,36,0,1,0.0,1.25,1.25
39,37,0,1,0.0,1.25,1.25
39,38,1,0,1.25,0.0,-1.25
39,39,0,1,0.0,1.25,1.25
39,40,0,0,0.0,0.0,0.0
39,41,0,1,0.0,1.25,1.25
39,42,0,1,0.0,1.25,1.25
39,43,1,0,1.25,0.0,-1.25
39,44,0,2,0.0,2.5,2.5
39,45,1,0,1.25,0.0,-1.25
39,46,1,0,1.25,0.0,-1.25
39,47,0,1,0.0,1.25,1.25
39,48,0,0,0.0,0.0,0.0
39,49,0,0,0.0,0.0,0.0
39,50,0,1,0.0,1.25,1.25
39,51,0,0,0.0,0.0,0.0
39,52,0,0,0.0,0.0,0.0
39,53,0,1,0.0,1.25,1.25
39,54,0,0,0.0,0.0,0.0
39,55,0,0,0.0,0.0,0.0
39,56,0,1,0.0,1.25,1.25
39,57,0,0,0.0,0.0,0.0
39,58,0,1,0.0,1.25,1.25
39,59,0,1,0.0,1.25,1.25
39,60,1,0,1.25,0.0,-1.25
39,61,0,0,0.0,0.0,0.0
39,62,0,1,0.0,1.25,1.25
39,63,0,1,0.0,1.25,1.25
39,64,1,0,1.25,0.0,-1.25
39,65,0,0,0.0,0.0,0.0
39,66,0,1,0.0,1.25,1.25
39,67,0,1,0.0,1.25,1.25
39,68,1,2,1.25,2.5,1.25
39,69,2,0,2.5,0.0,-2.5
39,70,2,0,2.5,0.0,-2.5
39,71,0,2,0.0,2.5,2.5
39,72,0,1,0.0,1.25,1.25
39,73,0,0,0.0,0.0,0.0
39,74,1,1,1.25,1.25,0.0
39,75,1,0,1.25,0.0,-1.25
39,76,0,0,0.0,0.0,0.0
39,77,1,0,1.25,0.0,-1.25
39,78,0,0,0.0,0.0,0.0
39,79,1,0,1.25,0.0,-1.25
39,80,0,0,0.0,0.0,0.0
39,81,0,0,0.0,0.0,0.0
39,82,0,0,0.0,0.0,0.0
39,83,0,0,0.0,0.0,0.0
39,84,1,0,1.25,0.0,-1.25
39,85,1,1,1.25,1.25,0.0
39,86,1,0,1.25,0.0,-1.25
39,87,0,0,0.0,0.0,0.0
39,88,0,1,0.0,1.25,1.25
39,89,0,0,0.0,0.0,0.0
39,90,0,0,0.0,0.0,0.0
39,91,0,0,0.0,0.0,0.0
39,92,1,0,1.25,0.0,-1.25
39,93,0,0,0.0,0.0,0.0
39,94,0,1,0.0,1.25,1.25
39,95,0,0,0.0,0.0,0.0
39,96,0,0,0.0,0.0,0.0
39,97,0,1,0.0,1.25,1.25
39,98,1,1,1.25,1.25,0.0
39,99,0,0,0.0,0.0,0.0
39,100,1,0,1.25,0.0,-1.25
39,101,0,0,0.0,0.0,0.0
39,102,0,0,0.0,0.0,0.0
39,103,0,0,0.0,0.0,0.0
39,104,1,1,1.25,1.25,0.0
39,105,0,0,0.0,0.0,0.0
39,106,0,0,0.0,0.0,0.0
39,107,0,1,0.0,1.25,1.25
39,108,0,0,0.0,0.0,0.0
39,109,0,1,0.0,1.25,1.25
39,110,0,1,0.0,1.25,1.25
39,111,0,0,0.0,0.0,0.0
39,112,0,1,0.0,1.25,1.25
39,113,1,0,1.25,0.0,-1.25
39,114,0,1,0.0,1.25,1.25
39,115,0,0,0.0,0.0,0.0
39,116,0,0,0.0,0.0,0.0
39,117,0,1,0.0,1.25,1.25
39,118,0,0,0.0,0.0,0.0
39,119,0,0,0.0,0.0,0.0
39,120,0,0,0.0,0.0,0.0
39,121,0,0,0.0,0.0,0.0
39,122,0,0,0.0,0.0,0.0
39,123,0,1,0.0,1.25,1.25
39,124,0,0,0.0,0.0,0.0
39,125,0,0,0.0,0.0,0.0
39,126,0,0,0.0,0.0,0.0
39,127,0,0,0.0,0.0,0.0
39,128,1,0,1.25,0.0,-1.25
39,129,1,1,1.25,1.25,0.0
39,130,1,0,1.25,0.0,-1.25
39,131,1,1,1.25,1.25,0.0
39,132,0,0,0.0,0.0,0.0
39,133,0,0,0.0,0.0,0.0
39,134,0,0,0.0,0.0,0.0
