unit_id,trial_id,baseline_count,response_count,baseline_rate_hz,response_rate_hz,rate_difference_hz
0,0,0,0,0.0,0.0,0.0
0,1,0,0,0.0,0.0,0.0
0,2,0,0,0.0,0.0,0.0
0,3,0,1,0.0,1.25,1.25
0,4,0,0,0.0,0.0,0.0
0,5,0,0,0.0,0.0,0.0
0,6,1,0,1.25,0.0,-1.25
0,7,0,0,0.0,0.0,0.0
0,8,2,0,2.5,0.0,-2.5
0,9,0,0,0.0,0.0,0.0
0,10,1,0,1.25,0.0,-1.25
0,11,0,0,0.0,0.0,0.0
0,12,0,0,0.0,0.0,0.0
0,13,0,0,0.0,0.0,0.0
0,14,2,0,2.5,0.0,-2.5
0,15,0,0,0.0,0.0,0.0
0,16,0,0,0.0,0.0,0.0
0,17,0,0,0.0,0.0,0.0
0,18,0,0,0.0,0.0,0.0
0,19,1,0,1.25,0.0,-1.25
0,20,0,0,0.0,0.0,0.0
0,21,0,0,0.0,0.0,0.0
0,22,0,0,0.0,0.0,0.0
0,23,0,0,0.0,0.0,0.0
0,24,0,0,0.0,0.0,0.0
0,25,0,1,0.0,1.25,1.25
0,26,0,0,0.0,0.0,0.0
0,27,0,0,0.0,0.0,0.0
0,28,0,0,0.0,0.0,0.0
0,29,0,0,0.0,0.0,0.0
0,30,0,0,0.0,0.0,0.0
0,31,0,0,0.0,0.0,0.0
0,32,0,0,0.0,0.0,0.0
0,33,0,0,0.0,0.0,0.0
0,34,0,0,0.0,0.0,0.0
0,35,0,0,0.0,0.0,0.0
0,36,0,0,0.0,0.0,0.0
0,37,0,0,0.0,0.0,0.0
0,38,0,0,0.0,0.0,0.0
0,39,0,0,0.0,0.0,0.0
0,40,0,0,0.0,0.0,0.0
0,41,0,0,0.0,0.0,0.0
0,42,0,3,0.0,3.75,3.75
0,43,0,0,0.0,0.0,0.0
0,44,1,0,1.25,0.0,-1.25
0,45,0,0,0.0,0.0,0.0
0,46,0,0,0.0,0.0,0.0
0,47,0,0,0.0,0.0,0.0
0,48,0,0,0.0,0.0,0.0
0,49,0,0,0.0,0.0,0.0
0,50,1,2,1.25,2.5,1.25
0,51,0,0,0.0,0.0,0.0
0,52,0,0,0.0,0.0,0.0
0,53,2,0,2.5,0.0,-2.5
0,54,3,0,3.75,0.0,-3.75
0,55,0,0,0.0,0.0,0.0
0,56,0,0,0.0,0.0,0.0
0,57,0,1,0.0,1.25,1.25
0,58,0,0,0.0,0.0,0.0
0,59,0,0,0.0,0.0,0.0
0,60,0,0,0.0,0.0,0.0
0,61,0,1,0.0,1.25,1.25
0,62,0,1,0.0,1.25,1.25
0,63,0,1,0.0,1.25,1.25
0,64,0,0,0.0,0.0,0.0
0,65,0,0,0.0,0.0,0.0
0,66,0,0,0.0,0.0,0.0
0,67,0,0,0.0,0.0,0.0
0,68,0,0,0.0,0.0,0.0
0,69,0,0,0.0,0.0,0.0
0,70,0,0,0.0,0.0,0.0
0,71,0,1,0.0,1.25,1.25
0,72,1,0,1.25,0.0,-1.25
0,73,0,1,0.0,1.25,1.25
0,74,1,0,1.25,0.0,-1.25
0,75,0,0,0.0,0.0,0.0
0,76,0,1,0.0,1.25,1.25
0,77,0,0,0.0,0.0,0.0
0,78,0,1,0.0,1.25,1.25
0,79,0,0,0.0,0.0,0.0
0,80,0,0,0.0,0.0,0.0
0,81,0,0,0.0,0.0,0.0
0,82,0,0,0.0,0.0,0.0
0,83,0,0,0.0,0.0,0.0
0,84,0,0,0.0,0.0,0.0
0,85,0,0,0.0,0.0,0.0
0,86,0,0,0.0,0.0,0.0
0,87,1,0,1.25,0.0,-1.25
0,88,0,0,0.0,0.0,0.0
0,89,0,0,0.0,0.0,0.0
0,90,0,0,0.0,0.0,0.0
0,91,0,0,0.0,0.0,0.0
0,92,0,0,0.0,0.0,0.0
0,93,0,1,0.0,1.25,1.25
0,94,0,0,0.0,0.0,0.0
0,95,0,0,0.0,0.0,0.0
0,96,0,0,0.0,0.0,0.0
0,97,1,0,1.25,0.0,-1.25
0,98,0,0,0.0,0.0,0.0
0,99,0,0,0.0,0.0,0.0
0,100,1,0,1.25,0.0,-1.25
0,101,0,0,0.0,0.0,0.0
0,102,0,0,0.0,0.0,0.0
0,103,0,0,0.0,0.0,0.0
0,104,0,1,0.0,1.25,1.25
0,105,0,0,0.0,0.0,0.0
0,106,2,0,2.5,0.0,-2.5
0,107,0,0,0.0,0.0,0.0
0,108,0,0,0.0,0.0,0.0
0,109,0,0,0.0,0.0,0.0
0,110,1,0,1.25,0.0,-1.25
0,111,0,0,0.0,0.0,0.0
0,112,0,0,0.0,0.0,0.0
0,113,0,0,0.0,0.0,0.0
0,114,0,1,0.0,1.25,1.25
0,115,0,0,0.0,0.0,0.0
0,116,0,0,0.0,0.0,0.0
0,117,1,0,1.25,0.0,-1.25
0,118,0,0,0.0,0.0,0.0
0,119,1,0,1.25,0.0,-1.25
0,120,0,0,0.0,0.0,0.0
0,121,0,0,0.0,0.0,0.0
0,122,0,0,0.0,0.0,0.0
0,123,1,1,1.25,1.25,0.0
0,124,0,0,0.0,0.0,0.0
0,125,0,0,0.0,0.0,0.0
0,126,0,1,0.0,1.25,1.25
0,127,1,0,1.25,0.0,-1.25
0,128,0,3,0.0,3.75,3.75
0,129,0,0,0.0,0.0,0.0
0,130,0,0,0.0,0.0,0.0
0,131,0,1,0.0,1.25,1.25
0,132,0,0,0.0,0.0,0.0
0,133,0,0,0.0,0.0,0.0
0,134,0,0,0.0,0.0,0.0
1,0,0,0,0.0,0.0,0.0
1,1,1,1,1.25,1.25,0.0
1,2,1,2,1.25,2.5,1.25
1,3,0,0,0.0,0.0,0.0
1,4,1,2,1.25,2.5,1.25
1,5,0,1,0.0,1.25,1.25
1,6,1,4,1.25,5.0,3.75
1,7,0,0,0.0,0.0,0.0
1,8,1,4,1.25,5.0,3.75
1,9,0,0,0.0,0.0,0.0
1,10,0,0,0.0,0.0,0.0
1,11,0,2,0.0,2.5,2.5
1,12,0,1,0.0,1.25,1.25
1,13,0,0,0.0,0.0,0.0
1,14,0,1,0.0,1.25,1.25
1,15,1,0,1.25,0.0,-1.25
1,16,0,0,0.0,0.0,0.0
1,17,0,1,0.0,1.25,1.25
1,18,0,0,0.0,0.0,0.0
1,19,1,2,1.25,2.5,1.25
1,20,0,0,0.0,0.0,0.0
1,21,0,2,0.0,2.5,2.5
1,22,0,2,0.0,2.5,2.5
1,23,1,1,1.25,1.25,0.0
1,24,0,0,0.0,0.0,0.0
1,25,0,2,0.0,2.5,2.5
1,26,2,0,2.5,0.0,-2.5
1,27,0,0,0.0,0.0,0.0
1,28,1,1,1.25,1.25,0.0
1,29,0,0,0.0,0.0,0.0
1,30,0,0,0.0,0.0,0.0
1,31,2,0,2.5,0.0,-2.5
1,32,0,3,0.0,3.75,3.75
1,33,0,0,0.0,0.0,0.0
1,34,2,1,2.5,1.25,-1.25
1,35,0,0,0.0,0.0,0.0
1,36,0,0,0.0,0.0,0.0
1,37,0,3,0.0,3.75,3.75
1,38,1,3,1.25,3.75,2.5
1,39,0,0,0.0,0.0,0.0
1,40,0,1,0.0,1.25,1.25
1,41,1,1,1.25,1.25,0.0
1,42,0,0,0.0,0.0,0.0
1,43,0,2,0.0,2.5,2.5
1,44,0,0,0.0,0.0,0.0
1,45,0,2,0.0,2.5,2.5
1,46,0,1,0.0,1.25,1.25
1,47,1,3,1.25,3.75,2.5
1,48,1,0,1.25,0.0,-1.25
1,49,0,0,0.0,0.0,0.0
1,50,0,0,0.0,0.0,0.0
1,51,0,0,0.0,0.0,0.0
1,52,1,2,1.25,2.5,1.25
1,53,2,1,2.5,1.25,-1.25
1,54,0,3,0.0,3.75,3.75
1,55,1,0,1.25,0.0,-1.25
1,56,0,3,0.0,3.75,3.75
1,57,0,1,0.0,1.25,1.25
1,58,2,0,2.5,0.0,-2.5
1,59,0,4,0.0,5.0,5.0
1,60,0,1,0.0,1.25,1.25
1,61,0,2,0.0,2.5,2.5
1,62,0,0,0.0,0.0,0.0
1,63,1,2,1.25,2.5,1.25
1,64,0,1,0.0,1.25,1.25
1,65,0,0,0.0,0.0,0.0
1,66,0,1,0.0,1.25,1.25
1,67,0,4,0.0,5.0,5.0
1,68,0,2,0.0,2.5,2.5
1,69,1,0,1.25,0.0,-1.25
1,70,0,1,0.0,1.25,1.25
1,71,0,1,0.0,1.25,1.25
1,72,0,0,0.0,0.0,0.0
1,73,0,3,0.0,3.75,3.75
1,74,0,1,0.0,1.25,1.25
1,75,1,1,1.25,1.25,0.0
1,76,1,1,1.25,1.25,0.0
1,77,0,0,0.0,0.0,0.0
1,78,4,0,5.0,0.0,-5.0
1,79,1,2,1.25,2.5,1.25
1,80,0,0,0.0,0.0,0.0
1,81,0,0,0.0,0.0,0.0
1,82,0,1,0.0,1.25,1.25
1,83,0,1,0.0,1.25,1.25
1,84,0,0,0.0,0.0,0.0
1,85,1,1,1.25,1.25,0.0
1,86,0,0,0.0,0.0,0.0
1,87,2,0,2.5,0.0,-2.5
1,88,1,2,1.25,2.5,1.25
1,89,0,1,0.0,1.25,1.25
1,90,0,0,0.0,0.0,0.0
1,91,0,1,0.0,1.25,1.25
1,92,1,2,1.25,2.5,1.25
1,93,0,1,0.0,1.25,1.25
1,94,1,2,1.25,2.5,1.25
1,95,1,2,1.25,2.5,1.25
1,96,0,0,0.0,0.0,0.0
1,97,0,0,0.0,0.0,0.0
1,98,3,0,3.75,0.0,-3.75
1,99,1,2,1.25,2.5,1.25
1,100,2,1,2.5,1.25,-1.25
1,101,0,0,0.0,0.0,0.0
1,102,0,1,0.0,1.25,1.25
1,103,0,2,0.0,2.5,2.5
1,104,0,1,0.0,1.25,1.25
1,105,6,0,7.5,0.0,-7.5
1,106,1,1,1.25,1.25,0.0
1,107,0,0,0.0,0.0,0.0
1,108,0,2,0.0,2.5,2.5
1,109,1,2,1.25,2.5,1.25
1,110,2,1,2.5,1.25,-1.25
1,111,2,0,2.5,0.0,-2.5
1,112,0,3,0.0,3.75,3.75
1,113,1,3,1.25,3.75,2.5
1,114,0,3,0.0,3.75,3.75
1,115,2,0,2.5,0.0,-2.5
1,116,0,1,0.0,1.25,1.25
1,117,0,0,0.0,0.0,0.0
1,118,0,0,0.0,0.0,0.0
1,119,2,1,2.5,1.25,-1.25
1,120,0,0,0.0,0.0,0.0
1,121,0,0,0.0,0.0,0.0
1,122,1,0,1.25,0.0,-1.25
1,123,0,0,0.0,0.0,0.0
1,124,0,1,0.0,1.25,1.25
1,125,3,0,3.75,0.0,-3.75
1,126,1,2,1.25,2.5,1.25
1,127,0,0,0.0,0.0,0.0
1,128,0,0,0.0,0.0,0.0
1,129,1,2,1.25,2.5,1.25
1,130,1,1,1.25,1.25,0.0
1,131,0,0,0.0,0.0,0.0
1,132,7,0,8.75,0.0,-8.75
1,133,0,1,0.0,1.25,1.25
1,134,2,1,2.5,1.25,-1.25
2,0,3,2,3.75,2.5,-1.25
2,1,0,1,0.0,1.25,1.25
2,2,0,9,0.0,11.25,11.25
2,3,0,0,0.0,0.0,0.0
2,4,2,4,2.5,5.0,2.5
2,5,0,2,0.0,2.5,2.5
2,6,0,2,0.0,2.5,2.5
2,7,1,3,1.25,3.75,2.5
2,8,1,9,1.25,11.25,10.0
2,9,1,0,1.25,0.0,-1.25
2,10,0,1,0.0,1.25,1.25
2,11,0,0,0.0,0.0,0.0
2,12,0,1,0.0,1.25,1.25
2,13,0,1,0.0,1.25,1.25
2,14,1,2,1.25,2.5,1.25
2,15,1,1,1.25,1.25,0.0
2,16,0,1,0.0,1.25,1.25
2,17,1,1,1.25,1.25,0.0
2,18,1,6,1.25,7.5,6.25
2,19,1,3,1.25,3.75,2.5
2,20,0,0,0.0,0.0,0.0
2,21,0,2,0.0,2.5,2.5
2,22,0,3,0.0,3.75,3.75
2,23,2,2,2.5,2.5,0.0
2,24,0,0,0.0,0.0,0.0
2,25,0,0,0.0,0.0,0.0
2,26,2,5,2.5,6.25,3.75
2,27,0,0,0.0,0.0,0.0
2,28,0,0,0.0,0.0,0.0
2,29,0,2,0.0,2.5,2.5
2,30,1,0,1.25,0.0,-1.25
2,31,0,0,0.0,0.0,0.0
2,32,0,0,0.0,0.0,0.0
2,33,0,1,0.0,1.25,1.25
2,34,1,5,1.25,6.25,5.0
2,35,1,1,1.25,1.25,0.0
2,36,1,1,1.25,1.25,0.0
2,37,0,0,0.0,0.0,0.0
2,38,1,3,1.25,3.75,2.5
2,39,0,0,0.0,0.0,0.0
2,40,0,0,0.0,0.0,0.0
2,41,0,1,0.0,1.25,1.25
2,42,0,5,0.0,6.25,6.25
2,43,0,1,0.0,1.25,1.25
2,44,0,0,0.0,0.0,0.0
2,45,0,1,0.0,1.25,1.25
2,46,0,1,0.0,1.25,1.25
2,47,0,5,0.0,6.25,6.25
2,48,0,0,0.0,0.0,0.0
2,49,0,0,0.0,0.0,0.0
2,50,2,1,2.5,1.25,-1.25
2,51,0,0,0.0,0.0,0.0
2,52,0,0,0.0,0.0,0.0
2,53,0,1,0.0,1.25,1.25
2,54,1,0,1.25,0.0,-1.25
2,55,2,0,2.5,0.0,-2.5
2,56,1,1,1.25,1.25,0.0
2,57,1,0,1.25,0.0,-1.25
2,58,0,2,0.0,2.5,2.5
2,59,0,2,0.0,2.5,2.5
2,60,1,1,1.25,1.25,0.0
2,61,0,0,0.0,0.0,0.0
2,62,0,0,0.0,0.0,0.0
2,63,0,2,0.0,2.5,2.5
2,64,0,2,0.0,2.5,2.5
2,65,0,0,0.0,0.0,0.0
2,66,0,0,0.0,0.0,0.0
2,67,0,2,0.0,2.5,2.5
2,68,0,0,0.0,0.0,0.0
2,69,0,1,0.0,1.25,1.25
2,70,0,0,0.0,0.0,0.0
2,71,0,1,0.0,1.25,1.25
2,72,0,0,0.0,0.0,0.0
2,73,0,0,0.0,0.0,0.0
2,74,0,1,0.0,1.25,1.25
2,75,0,0,0.0,0.0,0.0
2,76,0,0,0.0,0.0,0.0
2,77,0,1,0.0,1.25,1.25
2,78,0,0,0.0,0.0,0.0
2,79,0,0,0.0,0.0,0.0
2,80,0,0,0.0,0.0,0.0
2,81,0,0,0.0,0.0,0.0
2,82,0,0,0.0,0.0,0.0
2,83,0,2,0.0,2.5,2.5
2,84,0,7,0.0,8.75,8.75
2,85,0,0,0.0,0.0,0.0
2,86,0,1,0.0,1.25,1.25
2,87,0,3,0.0,3.75,3.75
2,88,2,0,2.5,0.0,-2.5
2,89,0,0,0.0,0.0,0.0
2,90,1,0,1.25,0.0,-1.25
2,91,0,1,0.0,1.25,1.25
2,92,0,0,0.0,0.0,0.0
2,93,0,0,0.0,0.0,0.0
2,94,1,0,1.25,0.0,-1.25
2,95,1,2,1.25,2.5,1.25
2,96,0,0,0.0,0.0,0.0
2,97,1,0,1.25,0.0,-1.25
2,98,0,0,0.0,0.0,0.0
2,99,0,0,0.0,0.0,0.0
2,100,1,3,1.25,3.75,2.5
2,101,0,1,0.0,1.25,1.25
2,102,0,1,0.0,1.25,1.25
2,103,0,1,0.0,1.25,1.25
2,104,0,0,0.0,0.0,0.0
2,105,2,0,2.5,0.0,-2.5
2,106,0,0,0.0,0.0,0.0
2,107,0,0,0.0,0.0,0.0
2,108,0,0,0.0,0.0,0.0
2,109,1,2,1.25,2.5,1.25
2,110,0,1,0.0,1.25,1.25
2,111,2,0,2.5,0.0,-2.5
2,112,0,1,0.0,1.25,1.25
2,113,0,2,0.0,2.5,2.5
2,114,0,1,0.0,1.25,1.25
2,115,3,0,3.75,0.0,-3.75
2,116,0,1,0.0,1.25,1.25
2,117,1,0,1.25,0.0,-1.25
2,118,2,0,2.5,0.0,-2.5
2,119,1,0,1.25,0.0,-1.25
2,120,0,0,0.0,0.0,0.0
2,121,2,1,2.5,1.25,-1.25
2,122,0,1,0.0,1.25,1.25
2,123,0,1,0.0,1.25,1.25
2,124,0,0,0.0,0.0,0.0
2,125,2,0,2.5,0.0,-2.5
2,126,0,2,0.0,2.5,2.5
2,127,1,0,1.25,0.0,-1.25
2,128,0,0,0.0,0.0,0.0
2,129,0,1,0.0,1.25,1.25
2,130,1,1,1.25,1.25,0.0
2,131,1,0,1.25,0.0,-1.25
2,132,0,1,0.0,1.25,1.25
2,133,2,0,2.5,0.0,-2.5
2,134,1,2,1.25,2.5,1.25
3,0,0,2,0.0,2.5,2.5
3,1,2,1,2.5,1.25,-1.25
3,2,1,0,1.25,0.0,-1.25
3,3,0,2,0.0,2.5,2.5
3,4,2,1,2.5,1.25,-1.25
3,5,2,1,2.5,1.25,-1.25
3,6,0,2,0.0,2.5,2.5
3,7,1,1,1.25,1.25,0.0
3,8,0,1,0.0,1.25,1.25
3,9,2,0,2.5,0.0,-2.5
3,10,0,2,0.0,2.5,2.5
3,11,1,0,1.25,0.0,-1.25
3,12,1,0,1.25,0.0,-1.25
3,13,0,0,0.0,0.0,0.0
3,14,0,1,0.0,1.25,1.25
3,15,1,1,1.25,1.25,0.0
3,16,1,0,1.25,0.0,-1.25
3,17,0,0,0.0,0.0,0.0
3,18,1,0,1.25,0.0,-1.25
3,19,2,0,2.5,0.0,-2.5
3,20,2,0,2.5,0.0,-2.5
3,21,1,0,1.25,0.0,-1.25
3,22,2,1,2.5,1.25,-1.25
3,23,0,0,0.0,0.0,0.0
3,24,0,1,0.0,1.25,1.25
3,25,0,0,0.0,0.0,0.0
3,26,0,2,0.0,2.5,2.5
3,27,0,0,0.0,0.0,0.0
3,28,3,2,3.75,2.5,-1.25
3,29,4,2,5.0,2.5,-2.5
3,30,4,2,5.0,2.5,-2.5
3,31,4,3,5.0,3.75,-1.25
3,32,1,1,1.25,1.25,0.0
3,33,2,4,2.5,5.0,2.5
3,34,3,1,3.75,1.25,-2.5
3,35,1,3,1.25,3.75,2.5
3,36,5,4,6.25,5.0,-1.25
3,37,2,2,2.5,2.5,0.0
3,38,2,2,2.5,2.5,0.0
3,39,2,1,2.5,1.25,-1.25
3,40,0,2,0.0,2.5,2.5
3,41,0,2,0.0,2.5,2.5
3,42,2,3,2.5,3.75,1.25
3,43,5,4,6.25,5.0,-1.25
3,44,3,1,3.75,1.25,-2.5
3,45,5,0,6.25,0.0,-6.25
3,46,2,4,2.5,5.0,2.5
3,47,2,1,2.5,1.25,-1.25
3,48,1,1,1.25,1.25,0.0
3,49,4,0,5.0,0.0,-5.0
3,50,3,6,3.75,7.5,3.75
3,51,7,4,8.75,5.0,-3.75
3,52,5,3,6.25,3.75,-2.5
3,53,1,2,1.25,2.5,1.25
3,54,2,1,2.5,1.25,-1.25
3,55,3,0,3.75,0.0,-3.75
3,56,5,6,6.25,7.5,1.25
3,57,6,4,7.5,5.0,-2.5
3,58,2,3,2.5,3.75,1.25
3,59,0,1,0.0,1.25,1.25
3,60,4,4,5.0,5.0,0.0
3,61,4,4,5.0,5.0,0.0
3,62,2,2,2.5,2.5,0.0
3,63,2,6,2.5,7.5,5.0
3,64,6,3,7.5,3.75,-3.75
3,65,2,3,2.5,3.75,1.25
3,66,4,5,5.0,6.25,1.25
3,67,1,1,1.25,1.25,0.0
3,68,1,0,1.25,0.0,-1.25
3,69,0,0,0.0,0.0,0.0
3,70,0,0,0.0,0.0,0.0
3,71,3,0,3.75,0.0,-3.75
3,72,1,2,1.25,2.5,1.25
3,73,1,0,1.25,0.0,-1.25
3,74,0,1,0.0,1.25,1.25
3,75,1,1,1.25,1.25,0.0
3,76,0,0,0.0,0.0,0.0
3,77,1,1,1.25,1.25,0.0
3,78,1,1,1.25,1.25,0.0
3,79,0,0,0.0,0.0,0.0
3,80,1,3,1.25,3.75,2.5
3,81,0,0,0.0,0.0,0.0
3,82,0,1,0.0,1.25,1.25
3,83,1,0,1.25,0.0,-1.25
3,84,1,0,1.25,0.0,-1.25
3,85,1,0,1.25,0.0,-1.25
3,86,5,0,6.25,0.0,-6.25
3,87,0,1,0.0,1.25,1.25
3,88,0,1,0.0,1.25,1.25
3,89,1,0,1.25,0.0,-1.25
3,90,1,0,1.25,0.0,-1.25
3,91,1,1,1.25,1.25,0.0
3,92,0,0,0.0,0.0,0.0
3,93,0,2,0.0,2.5,2.5
3,94,1,1,1.25,1.25,0.0
3,95,2,0,2.5,0.0,-2.5
3,96,1,0,1.25,0.0,-1.25
3,97,1,1,1.25,1.25,0.0
3,98,1,2,1.25,2.5,1.25
3,99,0,1,0.0,1.25,1.25
3,100,1,0,1.25,0.0,-1.25
3,101,0,1,0.0,1.25,1.25
3,102,0,0,0.0,0.0,0.0
3,103,0,0,0.0,0.0,0.0
3,104,1,0,1.25,0.0,-1.25
3,105,2,1,2.5,1.25,-1.25
3,106,1,0,1.25,0.0,-1.25
3,107,0,0,0.0,0.0,0.0
3,108,0,0,0.0,0.0,0.0
3,109,0,1,0.0,1.25,1.25
3,110,1,0,1.25,0.0,-1.25
3,111,1,1,1.25,1.25,0.0
3,112,0,2,0.0,2.5,2.5
3,113,1,1,1.25,1.25,0.0
3,114,3,0,3.75,0.0,-3.75
3,115,0,0,0.0,0.0,0.0
3,116,1,1,1.25,1.25,0.0
3,117,0,0,0.0,0.0,0.0
3,118,1,0,1.25,0.0,-1.25
3,119,1,0,1.25,0.0,-1.25
3,120,0,1,0.0,1.25,1.25
3,121,0,0,0.0,0.0,0.0
3,122,1,3,1.25,3.75,2.5
3,123,1,0,1.25,0.0,-1.25
3,124,0,0,0.0,0.0,0.0
3,125,0,6,0.0,7.5,7.5
3,126,1,0,1.25,0.0,-1.25
3,127,0,0,0.0,0.0,0.0
3,128,0,1,0.0,1.25,1.25
3,129,3,0,3.75,0.0,-3.75
3,130,0,0,0.0,0.0,0.0
3,131,1,0,1.25,0.0,-1.25
3,132,0,0,0.0,0.0,0.0
3,133,1,0,1.25,0.0,-1.25
3,134,1,1,1.25,1.25,0.0
4,0,2,6,2.5,7.5,5.0
4,1,7,6,8.75,7.5,-1.25
4,2,4,5,5.0,6.25,1.25
4,3,3,6,3.75,7.5,3.75
4,4,5,3,6.25,3.75,-2.5
4,5,5,5,6.25,6.25,0.0
4,6,2,4,2.5,5.0,2.5
4,7,4,5,5.0,6.25,1.25
4,8,7,2,8.75,2.5,-6.25
4,9,7,3,8.75,3.75,-5.0
4,10,4,3,5.0,3.75,-1.25
4,11,4,6,5.0,7.5,2.5
4,12,5,5,6.25,6.25,0.0
4,13,6,4,7.5,5.0,-2.5
4,14,5,6,6.25,7.5,1.25
4,15,4,4,5.0,5.0,0.0
4,16,5,6,6.25,7.5,1.25
4,17,6,4,7.5,5.0,-2.5
4,18,5,2,6.25,2.5,-3.75
4,19,7,2,8.75,2.5,-6.25
4,20,5,3,6.25,3.75,-2.5
4,21,8,4,10.0,5.0,-5.0
4,22,7,3,8.75,3.75,-5.0
4,23,4,2,5.0,2.5,-2.5
4,24,7,8,8.75,10.0,1.25
4,25,5,3,6.25,3.75,-2.5
4,26,6,4,7.5,5.0,-2.5
4,27,7,6,8.75,7.5,-1.25
4,28,3,6,3.75,7.5,3.75
4,29,5,6,6.25,7.5,1.25
4,30,3,4,3.75,5.0,1.25
4,31,5,4,6.25,5.0,-1.25
4,32,5,2,6.25,2.5,-3.75
4,33,3,4,3.75,5.0,1.25
4,34,5,4,6.25,5.0,-1.25
4,35,5,9,6.25,11.25,5.0
4,36,6,5,7.5,6.25,-1.25
4,37,3,3,3.75,3.75,0.0
4,38,6,2,7.5,2.5,-5.0
4,39,5,2,6.25,2.5,-3.75
4,40,4,4,5.0,5.0,0.0
4,41,7,3,8.75,3.75,-5.0
4,42,2,1,2.5,1.25,-1.25
4,43,4,6,5.0,7.5,2.5
4,44,4,7,5.0,8.75,3.75
4,45,4,4,5.0,5.0,0.0
4,46,5,5,6.25,6.25,0.0
4,47,4,1,5.0,1.25,-3.75
4,48,4,4,5.0,5.0,0.0
4,49,5,5,6.25,6.25,0.0
4,50,5,2,6.25,2.5,-3.75
4,51,11,9,13.75,11.25,-2.5
4,52,6,6,7.5,7.5,0.0
4,53,3,2,3.75,2.5,-1.25
4,54,2,3,2.5,3.75,1.25
4,55,4,1,5.0,1.25,-3.75
4,56,3,1,3.75,1.25,-2.5
4,57,4,4,5.0,5.0,0.0
4,58,4,5,5.0,6.25,1.25
4,59,5,3,6.25,3.75,-2.5
4,60,5,6,6.25,7.5,1.25
4,61,4,4,5.0,5.0,0.0
4,62,6,5,7.5,6.25,-1.25
4,63,6,1,7.5,1.25,-6.25
4,64,4,4,5.0,5.0,0.0
4,65,3,3,3.75,3.75,0.0
4,66,3,3,3.75,3.75,0.0
4,67,2,3,2.5,3.75,1.25
4,68,3,3,3.75,3.75,0.0
4,69,3,3,3.75,3.75,0.0
4,70,3,4,3.75,5.0,1.25
4,71,3,2,3.75,2.5,-1.25
4,72,3,3,3.75,3.75,0.0
4,73,3,4,3.75,5.0,1.25
4,74,4,4,5.0,5.0,0.0
4,75,5,1,6.25,1.25,-5.0
4,76,4,4,5.0,5.0,0.0
4,77,2,4,2.5,5.0,2.5
4,78,5,5,6.25,6.25,0.0
4,79,2,4,2.5,5.0,2.5
4,80,5,5,6.25,6.25,0.0
4,81,6,4,7.5,5.0,-2.5
4,82,5,5,6.25,6.25,0.0
4,83,7,7,8.75,8.75,0.0
4,84,2,3,2.5,3.75,1.25
4,85,3,3,3.75,3.75,0.0
4,86,3,5,3.75,6.25,2.5
4,87,3,7,3.75,8.75,5.0
4,88,5,3,6.25,3.75,-2.5
4,89,7,2,8.75,2.5,-6.25
4,90,5,9,6.25,11.25,5.0
4,91,7,6,8.75,7.5,-1.25
4,92,7,8,8.75,10.0,1.25
4,93,6,4,7.5,5.0,-2.5
4,94,8,6,10.0,7.5,-2.5
4,95,5,8,6.25,10.0,3.75
4,96,5,5,6.25,6.25,0.0
4,97,6,5,7.5,6.25,-1.25
4,98,6,7,7.5,8.75,1.25
4,99,2,4,2.5,5.0,2.5
4,100,4,3,5.0,3.75,-1.25
4,101,4,6,5.0,7.5,2.5
4,102,5,3,6.25,3.75,-2.5
4,103,3,5,3.75,6.25,2.5
4,104,5,7,6.25,8.75,2.5
4,105,4,3,5.0,3.75,-1.25
4,106,3,5,3.75,6.25,2.5
4,107,3,3,3.75,3.75,0.0
4,108,4,4,5.0,5.0,0.0
4,109,5,3,6.25,3.75,-2.5
4,110,2,1,2.5,1.25,-1.25
4,111,2,5,2.5,6.25,3.75
4,112,3,3,3.75,3.75,0.0
4,113,6,4,7.5,5.0,-2.5
4,114,4,4,5.0,5.0,0.0
4,115,5,3,6.25,3.75,-2.5
4,116,4,5,5.0,6.25,1.25
4,117,4,4,5.0,5.0,0.0
4,118,3,5,3.75,6.25,2.5
4,119,3,8,3.75,10.0,6.25
4,120,6,3,7.5,3.75,-3.75
4,121,7,9,8.75,11.25,2.5
4,122,5,6,6.25,7.5,1.25
4,123,4,6,5.0,7.5,2.5
4,124,3,4,3.75,5.0,1.25
4,125,3,5,3.75,6.25,2.5
4,126,3,6,3.75,7.5,3.75
4,127,6,5,7.5,6.25,-1.25
4,128,3,5,3.75,6.25,2.5
4,129,4,3,5.0,3.75,-1.25
4,130,8,3,10.0,3.75,-6.25
4,131,6,7,7.5,8.75,1.25
4,132,4,5,5.0,6.25,1.25
4,133,8,11,10.0,13.75,3.75
4,134,5,6,6.25,7.5,1.25
5,0,1,2,1.25,2.5,1.25
5,1,0,1,0.0,1.25,1.25
5,2,2,3,2.5,3.75,1.25
5,3,2,2,2.5,2.5,0.0
5,4,0,0,0.0,0.0,0.0
5,5,4,1,5.0,1.25,-3.75
5,6,1,3,1.25,3.75,2.5
5,7,0,1,0.0,1.25,1.25
5,8,0,0,0.0,0.0,0.0
5,9,0,3,0.0,3.75,3.75
5,10,2,2,2.5,2.5,0.0
5,11,4,2,5.0,2.5,-2.5
5,12,4,0,5.0,0.0,-5.0
5,13,4,0,5.0,0.0,-5.0
5,14,3,1,3.75,1.25,-2.5
5,15,4,4,5.0,5.0,0.0
5,16,5,2,6.25,2.5,-3.75
5,17,2,0,2.5,0.0,-2.5
5,18,2,1,2.5,1.25,-1.25
5,19,4,1,5.0,1.25,-3.75
5,20,2,4,2.5,5.0,2.5
5,21,1,3,1.25,3.75,2.5
5,22,2,4,2.5,5.0,2.5
5,23,1,1,1.25,1.25,0.0
5,24,2,1,2.5,1.25,-1.25
5,25,2,1,2.5,1.25,-1.25
5,26,0,1,0.0,1.25,1.25
5,27,0,1,0.0,1.25,1.25
5,28,1,0,1.25,0.0,-1.25
5,29,0,1,0.0,1.25,1.25
5,30,4,1,5.0,1.25,-3.75
5,31,2,1,2.5,1.25,-1.25
5,32,1,3,1.25,3.75,2.5
5,33,5,0,6.25,0.0,-6.25
5,34,2,1,2.5,1.25,-1.25
5,35,5,2,6.25,2.5,-3.75
5,36,1,2,1.25,2.5,1.25
5,37,3,0,3.75,0.0,-3.75
5,38,1,1,1.25,1.25,0.0
5,39,2,2,2.5,2.5,0.0
5,40,1,4,1.25,5.0,3.75
5,41,2,1,2.5,1.25,-1.25
5,42,4,1,5.0,1.25,-3.75
5,43,3,0,3.75,0.0,-3.75
5,44,0,3,0.0,3.75,3.75
5,45,2,0,2.5,0.0,-2.5
5,46,1,1,1.25,1.25,0.0
5,47,4,2,5.0,2.5,-2.5
5,48,0,2,0.0,2.5,2.5
5,49,5,1,6.25,1.25,-5.0
5,50,1,0,1.25,0.0,-1.25
5,51,0,1,0.0,1.25,1.25
5,52,4,1,5.0,1.25,-3.75
5,53,1,1,1.25,1.25,0.0
5,54,3,1,3.75,1.25,-2.5
5,55,3,1,3.75,1.25,-2.5
5,56,2,8,2.5,10.0,7.5
5,57,5,4,6.25,5.0,-1.25
5,58,6,0,7.5,0.0,-7.5
5,59,2,2,2.5,2.5,0.0
5,60,1,2,1.25,2.5,1.25
5,61,1,0,1.25,0.0,-1.25
5,62,3,2,3.75,2.5,-1.25
5,63,3,3,3.75,3.75,0.0
5,64,2,1,2.5,1.25,-1.25
5,65,2,4,2.5,5.0,2.5
5,66,2,1,2.5,1.25,-1.25
5,67,4,6,5.0,7.5,2.5
5,68,2,1,2.5,1.25,-1.25
5,69,4,0,5.0,0.0,-5.0
5,70,1,2,1.25,2.5,1.25
5,71,3,1,3.75,1.25,-2.5
5,72,1,1,1.25,1.25,0.0
5,73,2,1,2.5,1.25,-1.25
5,74,3,0,3.75,0.0,-3.75
5,75,2,4,2.5,5.0,2.5
5,76,2,1,2.5,1.25,-1.25
5,77,4,3,5.0,3.75,-1.25
5,78,1,1,1.25,1.25,0.0
5,79,2,1,2.5,1.25,-1.25
5,80,1,0,1.25,0.0,-1.25
5,81,1,2,1.25,2.5,1.25
5,82,2,3,2.5,3.75,1.25
5,83,3,1,3.75,1.25,-2.5
5,84,2,2,2.5,2.5,0.0
5,85,0,2,0.0,2.5,2.5
5,86,0,0,0.0,0.0,0.0
5,87,0,1,0.0,1.25,1.25
5,88,0,0,0.0,0.0,0.0
5,89,0,0,0.0,0.0,0.0
5,90,1,0,1.25,0.0,-1.25
5,91,1,0,1.25,0.0,-1.25
5,92,0,1,0.0,1.25,1.25
5,93,0,0,0.0,0.0,0.0
5,94,1,1,1.25,1.25,0.0
5,95,0,1,0.0,1.25,1.25
5,96,1,0,1.25,0.0,-1.25
5,97,1,1,1.25,1.25,0.0
5,98,4,0,5.0,0.0,-5.0
5,99,2,0,2.5,0.0,-2.5
5,100,5,3,6.25,3.75,-2.5
5,101,0,0,0.0,0.0,0.0
5,102,0,1,0.0,1.25,1.25
5,103,3,2,3.75,2.5,-1.25
5,104,1,1,1.25,1.25,0.0
5,105,1,1,1.25,1.25,0.0
5,106,2,2,2.5,2.5,0.0
5,107,1,0,1.25,0.0,-1.25
5,108,0,4,0.0,5.0,5.0
5,109,3,2,3.75,2.5,-1.25
5,110,3,1,3.75,1.25,-2.5
5,111,1,1,1.25,1.25,0.0
5,112,0,0,0.0,0.0,0.0
5,113,0,1,0.0,1.25,1.25
5,114,1,2,1.25,2.5,1.25
5,115,2,0,2.5,0.0,-2.5
5,116,1,0,1.25,0.0,-1.25
5,117,1,2,1.25,2.5,1.25
5,118,3,1,3.75,1.25,-2.5
5,119,1,4,1.25,5.0,3.75
5,120,0,1,0.0,1.25,1.25
5,121,2,1,2.5,1.25,-1.25
5,122,2,0,2.5,0.0,-2.5
5,123,1,1,1.25,1.25,0.0
5,124,2,0,2.5,0.0,-2.5
5,125,1,0,1.25,0.0,-1.25
5,126,5,3,6.25,3.75,-2.5
5,127,0,0,0.0,0.0,0.0
5,128,4,0,5.0,0.0,-5.0
5,129,3,3,3.75,3.75,0.0
5,130,1,0,1.25,0.0,-1.25
5,131,0,3,0.0,3.75,3.75
5,132,3,1,3.75,1.25,-2.5
5,133,0,0,0.0,0.0,0.0
5,134,0,1,0.0,1.25,1.25
6,0,10,11,12.5,13.75,1.25
6,1,13,10,16.25,12.5,-3.75
6,2,13,10,16.25,12.5,-3.75
6,3,17,15,21.25,18.75,-2.5
6,4,9,6,11.25,7.5,-3.75
6,5,5,11,6.25,13.75,7.5
6,6,14,15,17.5,18.75,1.25
6,7,10,9,12.5,11.25,-1.25
6,8,15,6,18.75,7.5,-11.25
6,9,12,13,15.0,16.25,1.25
6,10,9,12,11.25,15.0,3.75
6,11,19,9,23.75,11.25,-12.5
6,12,16,6,20.0,7.5,-12.5
6,13,3,12,3.75,15.0,11.25
6,14,10,12,12.5,15.0,2.5
6,15,16,14,20.0,17.5,-2.5
6,16,14,7,17.5,8.75,-8.75
6,17,9,8,11.25,10.0,-1.25
6,18,13,10,16.25,12.5,-3.75
6,19,16,12,20.0,15.0,-5.0
6,20,14,2,17.5,2.5,-15.0
6,21,12,10,15.0,12.5,-2.5
6,22,8,12,10.0,15.0,5.0
6,23,6,15,7.5,18.75,11.25
6,24,13,9,16.25,11.25,-5.0
6,25,16,13,20.0,16.25,-3.75
6,26,10,14,12.5,17.5,5.0
6,27,18,7,22.5,8.75,-13.75
6,28,15,8,18.75,10.0,-8.75
6,29,10,8,12.5,10.0,-2.5
6,30,11,12,13.75,15.0,1.25
6,31,14,13,17.5,16.25,-1.25
6,32,8,6,10.0,7.5,-2.5
6,33,12,8,15.0,10.0,-5.0
6,34,6,11,7.5,13.75,6.25
6,35,10,15,12.5,18.75,6.25
6,36,11,12,13.75,15.0,1.25
6,37,11,11,13.75,13.75,0.0
6,38,14,11,17.5,13.75,-3.75
6,39,11,10,13.75,12.5,-1.25
6,40,8,9,10.0,11.25,1.25
6,41,10,12,12.5,15.0,2.5
6,42,12,5,15.0,6.25,-8.75
6,43,7,12,8.75,15.0,6.25
6,44,8,13,10.0,16.25,6.25
6,45,11,12,13.75,15.0,1.25
6,46,8,12,10.0,15.0,5.0
6,47,12,8,15.0,10.0,-5.0
6,48,4,12,5.0,15.0,10.0
6,49,9,7,11.25,8.75,-2.5
6,50,7,7,8.75,8.75,0.0
6,51,9,13,11.25,16.25,5.0
6,52,9,11,11.25,13.75,2.5
6,53,9,11,11.25,13.75,2.5
6,54,7,13,8.75,16.25,7.5
6,55,10,14,12.5,17.5,5.0
6,56,13,18,16.25,22.5,6.25
6,57,7,11,8.75,13.75,5.0
6,58,11,7,13.75,8.75,-5.0
6,59,10,13,12.5,16.25,3.75
6,60,9,3,11.25,3.75,-7.5
6,61,2,9,2.5,11.25,8.75
6,62,8,12,10.0,15.0,5.0
6,63,12,11,15.0,13.75,-1.25
6,64,9,8,11.25,10.0,-1.25
6,65,8,12,10.0,15.0,5.0
6,66,6,7,7.5,8.75,1.25
6,67,12,7,15.0,8.75,-6.25
6,68,7,12,8.75,15.0,6.25
6,69,4,8,5.0,10.0,5.0
6,70,11,9,13.75,11.25,-2.5
6,71,7,8,8.75,10.0,1.25
6,72,10,8,12.5,10.0,-2.5
6,73,9,6,11.25,7.5,-3.75
6,74,12,10,15.0,12.5,-2.5
6,75,8,12,10.0,15.0,5.0
6,76,8,9,10.0,11.25,1.25
6,77,9,12,11.25,15.0,3.75
6,78,9,10,11.25,12.5,1.25
6,79,4,11,5.0,13.75,8.75
6,80,13,5,16.25,6.25,-10.0
6,81,8,7,10.0,8.75,-1.25
6,82,8,9,10.0,11.25,1.25
6,83,8,9,10.0,11.25,1.25
6,84,10,12,12.5,15.0,2.5
6,85,6,8,7.5,10.0,2.5
6,86,5,10,6.25,12.5,6.25
6,87,4,3,5.0,3.75,-1.25
6,88,10,9,12.5,11.25,-1.25
6,89,7,8,8.75,10.0,1.25
6,90,6,9,7.5,11.25,3.75
6,91,8,8,10.0,10.0,0.0
6,92,2,8,2.5,10.0,7.5
6,93,8,10,10.0,12.5,2.5
6,94,5,9,6.25,11.25,5.0
6,95,8,7,10.0,8.75,-1.25
6,96,5,11,6.25,13.75,7.5
6,97,8,7,10.0,8.75,-1.25
6,98,8,8,10.0,10.0,0.0
6,99,8,7,10.0,8.75,-1.25
6,100,8,7,10.0,8.75,-1.25
6,101,14,7,17.5,8.75,-8.75
6,102,5,10,6.25,12.5,6.25
6,103,3,7,3.75,8.75,5.0
6,104,7,13,8.75,16.25,7.5
6,105,7,8,8.75,10.0,1.25
6,106,9,6,11.25,7.5,-3.75
6,107,7,11,8.75,13.75,5.0
6,108,6,7,7.5,8.75,1.25
6,109,7,10,8.75,12.5,3.75
6,110,9,10,11.25,12.5,1.25
6,111,7,5,8.75,6.25,-2.5
6,112,9,8,11.25,10.0,-1.25
6,113,6,4,7.5,5.0,-2.5
6,114,8,9,10.0,11.25,1.25
6,115,10,8,12.5,10.0,-2.5
6,116,7,9,8.75,11.25,2.5
6,117,8,10,10.0,12.5,2.5
6,118,4,7,5.0,8.75,3.75
6,119,7,6,8.75,7.5,-1.25
6,120,7,4,8.75,5.0,-3.75
6,121,6,15,7.5,18.75,11.25
6,122,13,11,16.25,13.75,-2.5
6,123,5,11,6.25,13.75,7.5
6,124,12,5,15.0,6.25,-8.75
6,125,10,8,12.5,10.0,-2.5
6,126,7,7,8.75,8.75,0.0
6,127,6,5,7.5,6.25,-1.25
6,128,9,12,11.25,15.0,3.75
6,129,4,8,5.0,10.0,5.0
6,130,10,15,12.5,18.75,6.25
6,131,6,9,7.5,11.25,3.75
6,132,5,7,6.25,8.75,2.5
6,133,6,5,7.5,6.25,-1.25
6,134,7,7,8.75,8.75,0.0
7,0,3,4,3.75,5.0,1.25
7,1,0,1,0.0,1.25,1.25
7,2,4,2,5.0,2.5,-2.5
7,3,0,2,0.0,2.5,2.5
7,4,0,1,0.0,1.25,1.25
7,5,0,5,0.0,6.25,6.25
7,6,0,2,0.0,2.5,2.5
7,7,0,5,0.0,6.25,6.25
7,8,0,6,0.0,7.5,7.5
7,9,0,6,0.0,7.5,7.5
7,10,1,3,1.25,3.75,2.5
7,11,0,1,0.0,1.25,1.25
7,12,0,1,0.0,1.25,1.25
7,13,0,0,0.0,0.0,0.0
7,14,0,0,0.0,0.0,0.0
7,15,1,0,1.25,0.0,-1.25
7,16,0,0,0.0,0.0,0.0
7,17,1,0,1.25,0.0,-1.25
7,18,0,4,0.0,5.0,5.0
7,19,0,2,0.0,2.5,2.5
7,20,0,2,0.0,2.5,2.5
7,21,0,3,0.0,3.75,3.75
7,22,0,0,0.0,0.0,0.0
7,23,2,0,2.5,0.0,-2.5
7,24,0,0,0.0,0.0,0.0
7,25,0,0,0.0,0.0,0.0
7,26,3,2,3.75,2.5,-1.25
7,27,0,0,0.0,0.0,0.0
7,28,2,1,2.5,1.25,-1.25
7,29,0,2,0.0,2.5,2.5
7,30,0,2,0.0,2.5,2.5
7,31,0,0,0.0,0.0,0.0
7,32,0,3,0.0,3.75,3.75
7,33,0,3,0.0,3.75,3.75
7,34,0,1,0.0,1.25,1.25
7,35,1,0,1.25,0.0,-1.25
7,36,1,3,1.25,3.75,2.5
7,37,0,2,0.0,2.5,2.5
7,38,0,4,0.0,5.0,5.0
7,39,0,0,0.0,0.0,0.0
7,40,1,0,1.25,0.0,-1.25
7,41,2,1,2.5,1.25,-1.25
7,42,0,3,0.0,3.75,3.75
7,43,0,2,0.0,2.5,2.5
7,44,0,0,0.0,0.0,0.0
7,45,0,0,0.0,0.0,0.0
7,46,0,3,0.0,3.75,3.75
7,47,2,2,2.5,2.5,0.0
7,48,1,2,1.25,2.5,1.25
7,49,0,1,0.0,1.25,1.25
7,50,1,1,1.25,1.25,0.0
7,51,0,0,0.0,0.0,0.0
7,52,0,2,0.0,2.5,2.5
7,53,0,1,0.0,1.25,1.25
7,54,4,0,5.0,0.0,-5.0
7,55,0,1,0.0,1.25,1.25
7,56,1,4,1.25,5.0,3.75
7,57,1,0,1.25,0.0,-1.25
7,58,1,0,1.25,0.0,-1.25
7,59,0,0,0.0,0.0,0.0
7,60,0,0,0.0,0.0,0.0
7,61,0,0,0.0,0.0,0.0
7,62,0,2,0.0,2.5,2.5
7,63,0,2,0.0,2.5,2.5
7,64,1,0,1.25,0.0,-1.25
7,65,1,0,1.25,0.0,-1.25
7,66,0,2,0.0,2.5,2.5
7,67,0,0,0.0,0.0,0.0
7,68,0,0,0.0,0.0,0.0
7,69,1,5,1.25,6.25,5.0
7,70,1,6,1.25,7.5,6.25
7,71,2,1,2.5,1.25,-1.25
7,72,1,2,1.25,2.5,1.25
7,73,2,2,2.5,2.5,0.0
7,74,0,1,0.0,1.25,1.25
7,75,3,5,3.75,6.25,2.5
7,76,0,7,0.0,8.75,8.75
7,77,2,0,2.5,0.0,-2.5
7,78,0,3,0.0,3.75,3.75
7,79,0,10,0.0,12.5,12.5
7,80,3,4,3.75,5.0,1.25
7,81,0,4,0.0,5.0,5.0
7,82,6,9,7.5,11.25,3.75
7,83,1,3,1.25,3.75,2.5
7,84,2,1,2.5,1.25,-1.25
7,85,3,2,3.75,2.5,-1.25
7,86,2,4,2.5,5.0,2.5
7,87,0,0,0.0,0.0,0.0
7,88,4,1,5.0,1.25,-3.75
7,89,0,7,0.0,8.75,8.75
7,90,2,0,2.5,0.0,-2.5
7,91,0,2,0.0,2.5,2.5
7,92,2,3,2.5,3.75,1.25
7,93,2,9,2.5,11.25,8.75
7,94,1,1,1.25,1.25,0.0
7,95,3,1,3.75,1.25,-2.5
7,96,2,4,2.5,5.0,2.5
7,97,0,2,0.0,2.5,2.5
7,98,0,2,0.0,2.5,2.5
7,99,0,2,0.0,2.5,2.5
7,100,2,2,2.5,2.5,0.0
7,101,0,1,0.0,1.25,1.25
7,102,1,1,1.25,1.25,0.0
7,103,0,4,0.0,5.0,5.0
7,104,1,6,1.25,7.5,6.25
7,105,4,0,5.0,0.0,-5.0
7,106,0,2,0.0,2.5,2.5
7,107,2,5,2.5,6.25,3.75
7,108,0,5,0.0,6.25,6.25
7,109,1,0,1.25,0.0,-1.25
7,110,4,3,5.0,3.75,-1.25
7,111,2,2,2.5,2.5,0.0
7,112,1,3,1.25,3.75,2.5
7,113,0,2,0.0,2.5,2.5
7,114,0,4,0.0,5.0,5.0
7,115,11,6,13.75,7.5,-6.25
7,116,0,5,0.0,6.25,6.25
7,117,2,3,2.5,3.75,1.25
7,118,1,3,1.25,3.75,2.5
7,119,2,1,2.5,1.25,-1.25
7,120,0,0,0.0,0.0,0.0
7,121,1,8,1.25,10.0,8.75
7,122,1,1,1.25,1.25,0.0
7,123,1,3,1.25,3.75,2.5
7,124,2,2,2.5,2.5,0.0
7,125,1,4,1.25,5.0,3.75
7,126,1,4,1.25,5.0,3.75
7,127,3,1,3.75,1.25,-2.5
7,128,3,0,3.75,0.0,-3.75
7,129,0,9,0.0,11.25,11.25
7,130,1,3,1.25,3.75,2.5
7,131,1,0,1.25,0.0,-1.25
7,132,0,2,0.0,2.5,2.5
7,133,0,1,0.0,1.25,1.25
7,134,0,3,0.0,3.75,3.75
8,0,0,0,0.0,0.0,0.0
8,1,0,0,0.0,0.0,0.0
8,2,0,0,0.0,0.0,0.0
8,3,0,0,0.0,0.0,0.0
8,4,0,0,0.0,0.0,0.0
8,5,0,1,0.0,1.25,1.25
8,6,0,1,0.0,1.25,1.25
8,7,0,0,0.0,0.0,0.0
8,8,1,0,1.25,0.0,-1.25
8,9,2,2,2.5,2.5,0.0
8,10,0,0,0.0,0.0,0.0
8,11,0,0,0.0,0.0,0.0
8,12,0,0,0.0,0.0,0.0
8,13,0,0,0.0,0.0,0.0
8,14,0,0,0.0,0.0,0.0
8,15,0,1,0.0,1.25,1.25
8,16,0,0,0.0,0.0,0.0
8,17,0,0,0.0,0.0,0.0
8,18,0,0,0.0,0.0,0.0
8,19,0,0,0.0,0.0,0.0
8,20,0,0,0.0,0.0,0.0
8,21,0,0,0.0,0.0,0.0
8,22,0,0,0.0,0.0,0.0
8,23,0,0,0.0,0.0,0.0
8,24,0,1,0.0,1.25,1.25
8,25,1,0,1.25,0.0,-1.25
8,26,0,0,0.0,0.0,0.0
8,27,0,2,0.0,2.5,2.5
8,28,1,0,1.25,0.0,-1.25
8,29,0,1,0.0,1.25,1.25
8,30,0,1,0.0,1.25,1.25
8,31,1,0,1.25,0.0,-1.25
8,32,0,1,0.0,1.25,1.25
8,33,0,0,0.0,0.0,0.0
8,34,1,0,1.25,0.0,-1.25
8,35,1,0,1.25,0.0,-1.25
8,36,1,0,1.25,0.0,-1.25
8,37,0,1,0.0,1.25,1.25
8,38,0,0,0.0,0.0,0.0
8,39,0,0,0.0,0.0,0.0
8,40,0,0,0.0,0.0,0.0
8,41,1,0,1.25,0.0,-1.25
8,42,1,0,1.25,0.0,-1.25
8,43,1,1,1.25,1.25,0.0
8,44,1,0,1.25,0.0,-1.25
8,45,0,1,0.0,1.25,1.25
8,46,1,0,1.25,0.0,-1.25
8,47,1,0,1.25,0.0,-1.25
8,48,0,1,0.0,1.25,1.25
8,49,0,1,0.0,1.25,1.25
8,50,0,0,0.0,0.0,0.0
8,51,1,0,1.25,0.0,-1.25
8,52,0,1,0.0,1.25,1.25
8,53,0,0,0.0,0.0,0.0
8,54,0,2,0.0,2.5,2.5
8,55,0,0,0.0,0.0,0.0
8,56,0,1,0.0,1.25,1.25
8,57,0,0,0.0,0.0,0.0
8,58,0,0,0.0,0.0,0.0
8,59,1,0,1.25,0.0,-1.25
8,60,0,0,0.0,0.0,0.0
8,61,0,0,0.0,0.0,0.0
8,62,0,0,0.0,0.0,0.0
8,63,0,1,0.0,1.25,1.25
8,64,1,0,1.25,0.0,-1.25
8,65,0,1,0.0,1.25,1.25
8,66,0,0,0.0,0.0,0.0
8,67,0,1,0.0,1.25,1.25
8,68,0,0,0.0,0.0,0.0
8,69,0,0,0.0,0.0,0.0
8,70,0,0,0.0,0.0,0.0
8,71,1,0,1.25,0.0,-1.25
8,72,1,0,1.25,0.0,-1.25
8,73,0,0,0.0,0.0,0.0
8,74,0,1,0.0,1.25,1.25
8,75,3,0,3.75,0.0,-3.75
8,76,0,0,0.0,0.0,0.0
8,77,1,0,1.25,0.0,-1.25
8,78,0,0,0.0,0.0,0.0
8,79,0,0,0.0,0.0,0.0
8,80,0,0,0.0,0.0,0.0
8,81,0,1,0.0,1.25,1.25
8,82,0,1,0.0,1.25,1.25
8,83,0,0,0.0,0.0,0.0
8,84,0,1,0.0,1.25,1.25
8,85,0,0,0.0,0.0,0.0
8,86,0,1,0.0,1.25,1.25
8,87,0,1,0.0,1.25,1.25
8,88,1,1,1.25,1.25,0.0
8,89,1,0,1.25,0.0,-1.25
8,90,0,1,0.0,1.25,1.25
8,91,0,0,0.0,0.0,0.0
8,92,0,0,0.0,0.0,0.0
8,93,0,0,0.0,0.0,0.0
8,94,0,0,0.0,0.0,0.0
8,95,0,0,0.0,0.0,0.0
8,96,0,1,0.0,1.25,1.25
8,97,0,0,0.0,0.0,0.0
8,98,0,1,0.0,1.25,1.25
8,99,0,0,0.0,0.0,0.0
8,100,1,0,1.25,0.0,-1.25
8,101,0,0,0.0,0.0,0.0
8,102,0,0,0.0,0.0,0.0
8,103,0,0,0.0,0.0,0.0
8,104,0,1,0.0,1.25,1.25
8,105,1,0,1.25,0.0,-1.25
8,106,0,0,0.0,0.0,0.0
8,107,0,1,0.0,1.25,1.25
8,108,1,0,1.25,0.0,-1.25
8,109,0,0,0.0,0.0,0.0
8,110,1,0,1.25,0.0,-1.25
8,111,0,0,0.0,0.0,0.0
8,112,1,1,1.25,1.25,0.0
8,113,0,0,0.0,0.0,0.0
8,114,0,2,0.0,2.5,2.5
8,115,0,0,0.0,0.0,0.0
8,116,0,0,0.0,0.0,0.0
8,117,0,0,0.0,0.0,0.0
8,118,0,0,0.0,0.0,0.0
8,119,1,0,1.25,0.0,-1.25
8,120,0,0,0.0,0.0,0.0
8,121,1,0,1.25,0.0,-1.25
8,122,0,1,0.0,1.25,1.25
8,123,0,1,0.0,1.25,1.25
8,124,0,0,0.0,0.0,0.0
8,125,0,1,0.0,1.25,1.25
8,126,1,1,1.25,1.25,0.0
8,127,0,0,0.0,0.0,0.0
8,128,1,0,1.25,0.0,-1.25
8,129,0,0,0.0,0.0,0.0
8,130,0,1,0.0,1.25,1.25
8,131,0,1,0.0,1.25,1.25
8,132,0,0,0.0,0.0,0.0
8,133,0,0,0.0,0.0,0.0
8,134,0,0,0.0,0.0,0.0
9,0,0,1,0.0,1.25,1.25
9,1,1,5,1.25,6.25,5.0
9,2,0,1,0.0,1.25,1.25
9,3,1,2,1.25,2.5,1.25
9,4,2,1,2.5,1.25,-1.25
9,5,0,2,0.0,2.5,2.5
9,6,1,0,1.25,0.0,-1.25
9,7,1,0,1.25,0.0,-1.25
9,8,2,0,2.5,0.0,-2.5
9,9,0,0,0.0,0.0,0.0
9,10,0,1,0.0,1.25,1.25
9,11,1,2,1.25,2.5,1.25
9,12,0,1,0.0,1.25,1.25
9,13,1,0,1.25,0.0,-1.25
9,14,0,0,0.0,0.0,0.0
9,15,1,0,1.25,0.0,-1.25
9,16,0,0,0.0,0.0,0.0
9,17,2,0,2.5,0.0,-2.5
9,18,0,0,0.0,0.0,0.0
9,19,2,1,2.5,1.25,-1.25
9,20,1,2,1.25,2.5,1.25
9,21,2,3,2.5,3.75,1.25
9,22,0,0,0.0,0.0,0.0
9,23,1,1,1.25,1.25,0.0
9,24,1,1,1.25,1.25,0.0
9,25,0,0,0.0,0.0,0.0
9,26,4,0,5.0,0.0,-5.0
9,27,1,2,1.25,2.5,1.25
9,28,0,0,0.0,0.0,0.0
9,29,2,0,2.5,0.0,-2.5
9,30,1,0,1.25,0.0,-1.25
9,31,1,0,1.25,0.0,-1.25
9,32,1,1,1.25,1.25,0.0
9,33,0,0,0.0,0.0,0.0
9,34,1,0,1.25,0.0,-1.25
9,35,1,0,1.25,0.0,-1.25
9,36,1,0,1.25,0.0,-1.25
9,37,1,1,1.25,1.25,0.0
9,38,2,1,2.5,1.25,-1.25
9,39,1,2,1.25,2.5,1.25
9,40,1,2,1.25,2.5,1.25
9,41,3,2,3.75,2.5,-1.25
9,42,1,1,1.25,1.25,0.0
9,43,1,1,1.25,1.25,0.0
9,44,3,1,3.75,1.25,-2.5
9,45,1,1,1.25,1.25,0.0
9,46,3,2,3.75,2.5,-1.25
9,47,0,0,0.0,0.0,0.0
9,48,0,1,0.0,1.25,1.25
9,49,2,0,2.5,0.0,-2.5
9,50,1,1,1.25,1.25,0.0
9,51,1,1,1.25,1.25,0.0
9,52,2,2,2.5,2.5,0.0
9,53,1,1,1.25,1.25,0.0
9,54,0,0,0.0,0.0,0.0
9,55,0,1,0.0,1.25,1.25
9,56,1,0,1.25,0.0,-1.25
9,57,1,1,1.25,1.25,0.0
9,58,0,0,0.0,0.0,0.0
9,59,1,1,1.25,1.25,0.0
9,60,2,0,2.5,0.0,-2.5
9,61,4,3,5.0,3.75,-1.25
9,62,2,2,2.5,2.5,0.0
9,63,1,0,1.25,0.0,-1.25
9,64,0,0,0.0,0.0,0.0
9,65,1,3,1.25,3.75,2.5
9,66,0,2,0.0,2.5,2.5
9,67,2,2,2.5,2.5,0.0
9,68,1,1,1.25,1.25,0.0
9,69,1,3,1.25,3.75,2.5
9,70,3,1,3.75,1.25,-2.5
9,71,1,1,1.25,1.25,0.0
9,72,1,0,1.25,0.0,-1.25
9,73,0,0,0.0,0.0,0.0
9,74,2,1,2.5,1.25,-1.25
9,75,1,3,1.25,3.75,2.5
9,76,0,2,0.0,2.5,2.5
9,77,0,0,0.0,0.0,0.0
9,78,1,0,1.25,0.0,-1.25
9,79,1,1,1.25,1.25,0.0
9,80,1,1,1.25,1.25,0.0
9,81,1,2,1.25,2.5,1.25
9,82,1,2,1.25,2.5,1.25
9,83,1,2,1.25,2.5,1.25
9,84,0,1,0.0,1.25,1.25
9,85,2,0,2.5,0.0,-2.5
9,86,1,0,1.25,0.0,-1.25
9,87,0,0,0.0,0.0,0.0
9,88,1,0,1.25,0.0,-1.25
9,89,5,1,6.25,1.25,-5.0
9,90,1,0,1.25,0.0,-1.25
9,91,0,0,0.0,0.0,0.0
9,92,2,1,2.5,1.25,-1.25
9,93,3,1,3.75,1.25,-2.5
9,94,1,0,1.25,0.0,-1.25
9,95,3,1,3.75,1.25,-2.5
9,96,2,0,2.5,0.0,-2.5
9,97,2,1,2.5,1.25,-1.25
9,98,1,0,1.25,0.0,-1.25
9,99,5,1,6.25,1.25,-5.0
9,100,0,3,0.0,3.75,3.75
9,101,1,4,1.25,5.0,3.75
9,102,3,0,3.75,0.0,-3.75
9,103,1,0,1.25,0.0,-1.25
9,104,3,1,3.75,1.25,-2.5
9,105,0,1,0.0,1.25,1.25
9,106,1,2,1.25,2.5,1.25
9,107,1,2,1.25,2.5,1.25
9,108,2,1,2.5,1.25,-1.25
9,109,5,1,6.25,1.25,-5.0
9,110,0,1,0.0,1.25,1.25
9,111,2,0,2.5,0.0,-2.5
9,112,0,1,0.0,1.25,1.25
9,113,0,0,0.0,0.0,0.0
9,114,1,1,1.25,1.25,0.0
9,115,0,3,0.0,3.75,3.75
9,116,3,1,3.75,1.25,-2.5
9,117,2,2,2.5,2.5,0.0
9,118,1,0,1.25,0.0,-1.25
9,119,1,0,1.25,0.0,-1.25
9,120,1,2,1.25,2.5,1.25
9,121,1,0,1.25,0.0,-1.25
9,122,1,0,1.25,0.0,-1.25
9,123,1,1,1.25,1.25,0.0
9,124,0,0,0.0,0.0,0.0
9,125,2,1,2.5,1.25,-1.25
9,126,1,0,1.25,0.0,-1.25
9,127,0,1,0.0,1.25,1.25
9,128,0,2,0.0,2.5,2.5
9,129,5,0,6.25,0.0,-6.25
9,130,1,0,1.25,0.0,-1.25
9,131,1,2,1.25,2.5,1.25
9,132,0,0,0.0,0.0,0.0
9,133,0,0,0.0,0.0,0.0
9,134,1,0,1.25,0.0,-1.25
10,0,16,18,20.0,22.5,2.5
10,1,26,18,32.5,22.5,-10.0
10,2,20,20,25.0,25.0,0.0
10,3,21,18,26.25,22.5,-3.75
10,4,26,13,32.5,16.25,-16.25
10,5,19,20,23.75,25.0,1.25
10,6,15,20,18.75,25.0,6.25
10,7,20,20,25.0,25.0,0.0
10,8,18,11,22.5,13.75,-8.75
10,9,21,21,26.25,26.25,0.0
10,10,19,20,23.75,25.0,1.25
10,11,12,18,15.0,22.5,7.5
10,12,17,18,21.25,22.5,1.25
10,13,22,21,27.5,26.25,-1.25
10,14,19,17,23.75,21.25,-2.5
10,15,21,18,26.25,22.5,-3.75
10,16,16,17,20.0,21.25,1.25
10,17,17,20,21.25,25.0,3.75
10,18,21,14,26.25,17.5,-8.75
10,19,20,18,25.0,22.5,-2.5
10,20,15,14,18.75,17.5,-1.25
10,21,12,24,15.0,30.0,15.0
10,22,23,20,28.75,25.0,-3.75
10,23,24,20,30.0,25.0,-5.0
10,24,14,21,17.5,26.25,8.75
10,25,21,21,26.25,26.25,0.0
10,26,18,19,22.5,23.75,1.25
10,27,18,16,22.5,20.0,-2.5
10,28,18,18,22.5,22.5,0.0
10,29,24,19,30.0,23.75,-6.25
10,30,16,21,20.0,26.25,6.25
10,31,18,21,22.5,26.25,3.75
10,32,16,15,20.0,18.75,-1.25
10,33,25,17,31.25,21.25,-10.0
10,34,14,15,17.5,18.75,1.25
10,35,17,19,21.25,23.75,2.5
10,36,17,21,21.25,26.25,5.0
10,37,21,21,26.25,26.25,0.0
10,38,19,16,23.75,20.0,-3.75
10,39,16,13,20.0,16.25,-3.75
10,40,22,21,27.5,26.25,-1.25
10,41,20,12,25.0,15.0,-10.0
10,42,16,13,20.0,16.25,-3.75
10,43,10,16,12.5,20.0,7.5
10,44,20,16,25.0,20.0,-5.0
10,45,20,19,25.0,23.75,-1.25
10,46,15,19,18.75,23.75,5.0
10,47,20,15,25.0,18.75,-6.25
10,48,12,14,15.0,17.5,2.5
10,49,16,18,20.0,22.5,2.5
10,50,18,12,22.5,15.0,-7.5
10,51,11,18,13.75,22.5,8.75
10,52,11,16,13.75,20.0,6.25
10,53,22,18,27.5,22.5,-5.0
10,54,21,13,26.25,16.25,-10.0
10,55,21,15,26.25,18.75,-7.5
10,56,19,18,23.75,22.5,-1.25
10,57,21,19,26.25,23.75,-2.5
10,58,13,14,16.25,17.5,1.25
10,59,25,18,31.25,22.5,-8.75
10,60,17,14,21.25,17.5,-3.75
10,61,15,17,18.75,21.25,2.5
10,62,18,18,22.5,22.5,0.0
10,63,12,16,15.0,20.0,5.0
10,64,18,18,22.5,22.5,0.0
10,65,24,9,30.0,11.25,-18.75
10,66,17,21,21.25,26.25,5.0
10,67,16,13,20.0,16.25,-3.75
10,68,16,13,20.0,16.25,-3.75
10,69,16,20,20.0,25.0,5.0
10,70,16,20,20.0,25.0,5.0
10,71,23,13,28.75,16.25,-12.5
10,72,17,19,21.25,23.75,2.5
10,73,18,17,22.5,21.25,-1.25
10,74,20,19,25.0,23.75,-1.25
10,75,14,16,17.5,20.0,2.5
10,76,17,19,21.25,23.75,2.5
10,77,13,18,16.25,22.5,6.25
10,78,17,19,21.25,23.75,2.5
10,79,12,15,15.0,18.75,3.75
10,80,15,18,18.75,22.5,3.75
10,81,19,14,23.75,17.5,-6.25
10,82,18,14,22.5,17.5,-5.0
10,83,19,15,23.75,18.75,-5.0
10,84,16,17,20.0,21.25,1.25
10,85,17,17,21.25,21.25,0.0
10,86,19,14,23.75,17.5,-6.25
10,87,12,16,15.0,20.0,5.0
10,88,14,15,17.5,18.75,1.25
10,89,13,14,16.25,17.5,1.25
10,90,17,9,21.25,11.25,-10.0
10,91,22,16,27.5,20.0,-7.5
10,92,15,17,18.75,21.25,2.5
10,93,13,22,16.25,27.5,11.25
10,94,18,20,22.5,25.0,2.5
10,95,15,14,18.75,17.5,-1.25
10,96,15,15,18.75,18.75,0.0
10,97,21,19,26.25,23.75,-2.5
10,98,9,17,11.25,21.25,10.0
10,99,14,17,17.5,21.25,3.75
10,100,22,11,27.5,13.75,-13.75
10,101,18,16,22.5,20.0,-2.5
10,102,15,17,18.75,21.25,2.5
10,103,9,19,11.25,23.75,12.5
10,104,15,12,18.75,15.0,-3.75
10,105,12,9,15.0,11.25,-3.75
10,106,13,14,16.25,17.5,1.25
10,107,14,10,17.5,12.5,-5.0
10,108,16,14,20.0,17.5,-2.5
10,109,17,12,21.25,15.0,-6.25
10,110,17,8,21.25,10.0,-11.25
10,111,17,18,21.25,22.5,1.25
10,112,12,22,15.0,27.5,12.5
10,113,14,14,17.5,17.5,0.0
10,114,14,13,17.5,16.25,-1.25
10,115,16,19,20.0,23.75,3.75
10,116,17,12,21.25,15.0,-6.25
10,117,17,19,21.25,23.75,2.5
10,118,17,16,21.25,20.0,-1.25
10,119,15,11,18.75,13.75,-5.0
10,120,17,17,21.25,21.25,0.0
10,121,12,13,15.0,16.25,1.25
10,122,19,14,23.75,17.5,-6.25
10,123,14,13,17.5,16.25,-1.25
10,124,13,14,16.25,17.5,1.25
10,125,15,12,18.75,15.0,-3.75
10,126,16,19,20.0,23.75,3.75
10,127,15,16,18.75,20.0,1.25
10,128,11,13,13.75,16.25,2.5
10,129,14,15,17.5,18.75,1.25
10,130,15,16,18.75,20.0,1.25
10,131,15,13,18.75,16.25,-2.5
10,132,14,15,17.5,18.75,1.25
10,133,8,6,10.0,7.5,-2.5
10,134,17,15,21.25,18.75,-2.5
11,0,1,0,1.25,0.0,-1.25
11,1,3,0,3.75,0.0,-3.75
11,2,0,0,0.0,0.0,0.0
11,3,0,0,0.0,0.0,0.0
11,4,0,1,0.0,1.25,1.25
11,5,0,1,0.0,1.25,1.25
11,6,1,3,1.25,3.75,2.5
11,7,1,0,1.25,0.0,-1.25
11,8,1,1,1.25,1.25,0.0
11,9,1,0,1.25,0.0,-1.25
11,10,0,1,0.0,1.25,1.25
11,11,0,2,0.0,2.5,2.5
11,12,1,2,1.25,2.5,1.25
11,13,1,1,1.25,1.25,0.0
11,14,2,1,2.5,1.25,-1.25
11,15,0,1,0.0,1.25,1.25
11,16,0,1,0.0,1.25,1.25
11,17,0,1,0.0,1.25,1.25
11,18,0,2,0.0,2.5,2.5
11,19,0,2,0.0,2.5,2.5
11,20,2,0,2.5,0.0,-2.5
11,21,1,1,1.25,1.25,0.0
11,22,1,1,1.25,1.25,0.0
11,23,0,1,0.0,1.25,1.25
11,24,1,0,1.25,0.0,-1.25
11,25,0,0,0.0,0.0,0.0
11,26,2,6,2.5,7.5,5.0
11,27,1,0,1.25,0.0,-1.25
11,28,1,3,1.25,3.75,2.5
11,29,3,0,3.75,0.0,-3.75
11,30,1,2,1.25,2.5,1.25
11,31,1,0,1.25,0.0,-1.25
11,32,1,3,1.25,3.75,2.5
11,33,2,1,2.5,1.25,-1.25
11,34,1,3,1.25,3.75,2.5
11,35,0,1,0.0,1.25,1.25
11,36,1,1,1.25,1.25,0.0
11,37,1,1,1.25,1.25,0.0
11,38,3,0,3.75,0.0,-3.75
11,39,2,0,2.5,0.0,-2.5
11,40,0,2,0.0,2.5,2.5
11,41,0,1,0.0,1.25,1.25
11,42,2,1,2.5,1.25,-1.25
11,43,2,1,2.5,1.25,-1.25
11,44,1,1,1.25,1.25,0.0
11,45,0,0,0.0,0.0,0.0
11,46,0,0,0.0,0.0,0.0
11,47,0,1,0.0,1.25,1.25
11,48,0,4,0.0,5.0,5.0
11,49,2,1,2.5,1.25,-1.25
11,50,1,0,1.25,0.0,-1.25
11,51,1,0,1.25,0.0,-1.25
11,52,0,4,0.0,5.0,5.0
11,53,2,1,2.5,1.25,-1.25
11,54,0,1,0.0,1.25,1.25
11,55,1,1,1.25,1.25,0.0
11,56,1,2,1.25,2.5,1.25
11,57,2,2,2.5,2.5,0.0
11,58,0,1,0.0,1.25,1.25
11,59,2,0,2.5,0.0,-2.5
11,60,1,0,1.25,0.0,-1.25
11,61,1,2,1.25,2.5,1.25
11,62,0,3,0.0,3.75,3.75
11,63,1,3,1.25,3.75,2.5
11,64,0,1,0.0,1.25,1.25
11,65,1,0,1.25,0.0,-1.25
11,66,1,0,1.25,0.0,-1.25
11,67,0,0,0.0,0.0,0.0
11,68,0,1,0.0,1.25,1.25
11,69,0,1,0.0,1.25,1.25
11,70,0,0,0.0,0.0,0.0
11,71,0,0,0.0,0.0,0.0
11,72,1,0,1.25,0.0,-1.25
11,73,0,0,0.0,0.0,0.0
11,74,0,1,0.0,1.25,1.25
11,75,1,2,1.25,2.5,1.25
11,76,0,0,0.0,0.0,0.0
11,77,3,1,3.75,1.25,-2.5
11,78,1,0,1.25,0.0,-1.25
11,79,2,1,2.5,1.25,-1.25
11,80,1,0,1.25,0.0,-1.25
11,81,0,0,0.0,0.0,0.0
11,82,1,0,1.25,0.0,-1.25
11,83,0,0,0.0,0.0,0.0
11,84,0,1,0.0,1.25,1.25
11,85,0,1,0.0,1.25,1.25
11,86,0,0,0.0,0.0,0.0
11,87,0,1,0.0,1.25,1.25
11,88,2,2,2.5,2.5,0.0
11,89,2,1,2.5,1.25,-1.25
11,90,2,3,2.5,3.75,1.25
11,91,0,1,0.0,1.25,1.25
11,92,0,0,0.0,0.0,0.0
11,93,0,0,0.0,0.0,0.0
11,94,0,0,0.0,0.0,0.0
11,95,0,1,0.0,1.25,1.25
11,96,0,1,0.0,1.25,1.25
11,97,0,1,0.0,1.25,1.25
11,98,2,0,2.5,0.0,-2.5
11,99,3,1,3.75,1.25,-2.5
11,100,1,1,1.25,1.25,0.0
11,101,1,1,1.25,1.25,0.0
11,102,1,0,1.25,0.0,-1.25
11,103,0,1,0.0,1.25,1.25
11,104,1,1,1.25,1.25,0.0
11,105,2,4,2.5,5.0,2.5
11,106,1,0,1.25,0.0,-1.25
11,107,2,1,2.5,1.25,-1.25
11,108,0,0,0.0,0.0,0.0
11,109,1,1,1.25,1.25,0.0
11,110,2,0,2.5,0.0,-2.5
11,111,0,0,0.0,0.0,0.0
11,112,0,1,0.0,1.25,1.25
11,113,1,0,1.25,0.0,-1.25
11,114,0,3,0.0,3.75,3.75
11,115,2,0,2.5,0.0,-2.5
11,116,1,1,1.25,1.25,0.0
11,117,1,1,1.25,1.25,0.0
11,118,1,0,1.25,0.0,-1.25
11,119,0,0,0.0,0.0,0.0
11,120,1,1,1.25,1.25,0.0
11,121,3,2,3.75,2.5,-1.25
11,122,0,2,0.0,2.5,2.5
11,123,1,2,1.25,2.5,1.25
11,124,4,1,5.0,1.25,-3.75
11,125,0,0,0.0,0.0,0.0
11,126,0,2,0.0,2.5,2.5
11,127,0,0,0.0,0.0,0.0
11,128,1,3,1.25,3.75,2.5
11,129,1,2,1.25,2.5,1.25
11,130,0,0,0.0,0.0,0.0
11,131,2,2,2.5,2.5,0.0
11,132,1,1,1.25,1.25,0.0
11,133,4,0,5.0,0.0,-5.0
11,134,0,1,0.0,1.25,1.25
12,0,14,7,17.5,8.75,-8.75
12,1,8,8,10.0,10.0,0.0
12,2,9,5,11.25,6.25,-5.0
12,3,11,8,13.75,10.0,-3.75
12,4,11,4,13.75,5.0,-8.75
12,5,14,8,17.5,10.0,-7.5
12,6,13,4,16.25,5.0,-11.25
12,7,11,7,13.75,8.75,-5.0
12,8,9,3,11.25,3.75,-7.5
12,9,7,7,8.75,8.75,0.0
12,10,9,7,11.25,8.75,-2.5
12,11,15,9,18.75,11.25,-7.5
12,12,11,6,13.75,7.5,-6.25
12,13,11,8,13.75,10.0,-3.75
12,14,11,7,13.75,8.75,-5.0
12,15,7,9,8.75,11.25,2.5
12,16,11,4,13.75,5.0,-8.75
12,17,12,8,15.0,10.0,-5.0
12,18,7,4,8.75,5.0,-3.75
12,19,5,4,6.25,5.0,-1.25
12,20,10,8,12.5,10.0,-2.5
12,21,19,5,23.75,6.25,-17.5
12,22,8,4,10.0,5.0,-5.0
12,23,7,5,8.75,6.25,-2.5
12,24,5,11,6.25,13.75,7.5
12,25,8,5,10.0,6.25,-3.75
12,26,7,7,8.75,8.75,0.0
12,27,10,6,12.5,7.5,-5.0
12,28,8,6,10.0,7.5,-2.5
12,29,10,11,12.5,13.75,1.25
12,30,10,5,12.5,6.25,-6.25
12,31,7,6,8.75,7.5,-1.25
12,32,8,7,10.0,8.75,-1.25
12,33,5,4,6.25,5.0,-1.25
12,34,4,6,5.0,7.5,2.5
12,35,9,7,11.25,8.75,-2.5
12,36,7,7,8.75,8.75,0.0
12,37,14,7,17.5,8.75,-8.75
12,38,6,4,7.5,5.0,-2.5
12,39,7,6,8.75,7.5,-1.25
12,40,8,5,10.0,6.25,-3.75
12,41,7,5,8.75,6.25,-2.5
12,42,10,5,12.5,6.25,-6.25
12,43,9,6,11.25,7.5,-3.75
12,44,6,12,7.5,15.0,7.5
12,45,7,8,8.75,10.0,1.25
12,46,9,5,11.25,6.25,-5.0
12,47,7,3,8.75,3.75,-5.0
12,48,7,4,8.75,5.0,-3.75
12,49,4,4,5.0,5.0,0.0
12,50,7,3,8.75,3.75,-5.0
12,51,10,9,12.5,11.25,-1.25
12,52,9,4,11.25,5.0,-6.25
12,53,4,9,5.0,11.25,6.25
12,54,5,4,6.25,5.0,-1.25
12,55,6,3,7.5,3.75,-3.75
12,56,7,5,8.75,6.25,-2.5
12,57,5,4,6.25,5.0,-1.25
12,58,12,6,15.0,7.5,-7.5
12,59,4,4,5.0,5.0,0.0
12,60,8,9,10.0,11.25,1.25
12,61,7,7,8.75,8.75,0.0
12,62,7,9,8.75,11.25,2.5
12,63,8,6,10.0,7.5,-2.5
12,64,10,8,12.5,10.0,-2.5
12,65,6,6,7.5,7.5,0.0
12,66,7,5,8.75,6.25,-2.5
12,67,6,4,7.5,5.0,-2.5
12,68,13,9,16.25,11.25,-5.0
12,69,16,8,20.0,10.0,-10.0
12,70,14,7,17.5,8.75,-8.75
12,71,10,11,12.5,13.75,1.25
12,72,11,7,13.75,8.75,-5.0
12,73,11,10,13.75,12.5,-1.25
12,74,11,8,13.75,10.0,-3.75
12,75,10,6,12.5,7.5,-5.0
12,76,12,6,15.0,7.5,-7.5
12,77,10,9,12.5,11.25,-1.25
12,78,11,8,13.75,10.0,-3.75
12,79,15,6,18.75,7.5,-11.25
12,80,6,5,7.5,6.25,-1.25
12,81,9,9,11.25,11.25,0.0
12,82,9,6,11.25,7.5,-3.75
12,83,10,9,12.5,11.25,-1.25
12,84,10,8,12.5,10.0,-2.5
12,85,7,6,8.75,7.5,-1.25
12,86,9,8,11.25,10.0,-1.25
12,87,11,15,13.75,18.75,5.0
12,88,6,6,7.5,7.5,0.0
12,89,8,10,10.0,12.5,2.5
12,90,11,18,13.75,22.5,8.75
12,91,11,7,13.75,8.75,-5.0
12,92,20,13,25.0,16.25,-8.75
12,93,11,7,13.75,8.75,-5.0
12,94,9,9,11.25,11.25,0.0
12,95,11,18,13.75,22.5,8.75
12,96,9,8,11.25,10.0,-1.25
12,97,7,7,8.75,8.75,0.0
12,98,15,7,18.75,8.75,-10.0
12,99,15,10,18.75,12.5,-6.25
12,100,9,9,11.25,11.25,0.0
12,101,8,9,10.0,11.25,1.25
12,102,10,10,12.5,12.5,0.0
12,103,8,9,10.0,11.25,1.25
12,104,10,8,12.5,10.0,-2.5
12,105,4,11,5.0,13.75,8.75
12,106,9,9,11.25,11.25,0.0
12,107,9,8,11.25,10.0,-1.25
12,108,8,7,10.0,8.75,-1.25
12,109,10,12,12.5,15.0,2.5
12,110,9,7,11.25,8.75,-2.5
12,111,12,5,15.0,6.25,-8.75
12,112,11,6,13.75,7.5,-6.25
12,113,9,6,11.25,7.5,-3.75
12,114,13,11,16.25,13.75,-2.5
12,115,8,7,10.0,8.75,-1.25
12,116,10,7,12.5,8.75,-3.75
12,117,7,8,8.75,10.0,1.25
12,118,12,6,15.0,7.5,-7.5
12,119,7,15,8.75,18.75,10.0
12,120,5,8,6.25,10.0,3.75
12,121,11,11,13.75,13.75,0.0
12,122,10,9,12.5,11.25,-1.25
12,123,13,11,16.25,13.75,-2.5
12,124,20,8,25.0,10.0,-15.0
12,125,8,5,10.0,6.25,-3.75
12,126,10,8,12.5,10.0,-2.5
12,127,11,8,13.75,10.0,-3.75
12,128,11,5,13.75,6.25,-7.5
12,129,8,5,10.0,6.25,-3.75
12,130,14,11,17.5,13.75,-3.75
12,131,12,9,15.0,11.25,-3.75
12,132,16,7,20.0,8.75,-11.25
12,133,14,20,17.5,25.0,7.5
12,134,10,7,12.5,8.75,-3.75
13,0,0,0,0.0,0.0,0.0
13,1,0,0,0.0,0.0,0.0
13,2,0,0,0.0,0.0,0.0
13,3,1,0,1.25,0.0,-1.25
13,4,0,0,0.0,0.0,0.0
13,5,1,0,1.25,0.0,-1.25
13,6,1,0,1.25,0.0,-1.25
13,7,0,1,0.0,1.25,1.25
13,8,1,0,1.25,0.0,-1.25
13,9,0,0,0.0,0.0,0.0
13,10,0,0,0.0,0.0,0.0
13,11,2,0,2.5,0.0,-2.5
13,12,0,0,0.0,0.0,0.0
13,13,0,0,0.0,0.0,0.0
13,14,1,0,1.25,0.0,-1.25
13,15,1,0,1.25,0.0,-1.25
13,16,2,0,2.5,0.0,-2.5
13,17,0,0,0.0,0.0,0.0
13,18,0,4,0.0,5.0,5.0
13,19,0,0,0.0,0.0,0.0
13,20,4,1,5.0,1.25,-3.75
13,21,2,0,2.5,0.0,-2.5
13,22,0,0,0.0,0.0,0.0
13,23,0,0,0.0,0.0,0.0
13,24,0,0,0.0,0.0,0.0
13,25,1,0,1.25,0.0,-1.25
13,26,0,1,0.0,1.25,1.25
13,27,0,0,0.0,0.0,0.0
13,28,0,0,0.0,0.0,0.0
13,29,1,1,1.25,1.25,0.0
13,30,0,0,0.0,0.0,0.0
13,31,0,1,0.0,1.25,1.25
13,32,1,2,1.25,2.5,1.25
13,33,1,0,1.25,0.0,-1.25
13,34,1,1,1.25,1.25,0.0
13,35,0,0,0.0,0.0,0.0
13,36,0,0,0.0,0.0,0.0
13,37,1,1,1.25,1.25,0.0
13,38,1,0,1.25,0.0,-1.25
13,39,0,0,0.0,0.0,0.0
13,40,0,0,0.0,0.0,0.0
13,41,1,0,1.25,0.0,-1.25
13,42,1,0,1.25,0.0,-1.25
13,43,0,0,0.0,0.0,0.0
13,44,0,0,0.0,0.0,0.0
13,45,0,1,0.0,1.25,1.25
13,46,1,2,1.25,2.5,1.25
13,47,2,0,2.5,0.0,-2.5
13,48,0,0,0.0,0.0,0.0
13,49,1,2,1.25,2.5,1.25
13,50,1,1,1.25,1.25,0.0
13,51,0,0,0.0,0.0,0.0
13,52,0,0,0.0,0.0,0.0
13,53,0,0,0.0,0.0,0.0
13,54,1,0,1.25,0.0,-1.25
13,55,0,1,0.0,1.25,1.25
13,56,1,1,1.25,1.25,0.0
13,57,1,0,1.25,0.0,-1.25
13,58,1,0,1.25,0.0,-1.25
13,59,2,1,2.5,1.25,-1.25
13,60,1,0,1.25,0.0,-1.25
13,61,2,0,2.5,0.0,-2.5
13,62,1,0,1.25,0.0,-1.25
13,63,0,0,0.0,0.0,0.0
13,64,1,0,1.25,0.0,-1.25
13,65,0,0,0.0,0.0,0.0
13,66,0,0,0.0,0.0,0.0
13,67,1,2,1.25,2.5,1.25
13,68,0,0,0.0,0.0,0.0
13,69,1,0,1.25,0.0,-1.25
13,70,0,0,0.0,0.0,0.0
13,71,0,1,0.0,1.25,1.25
13,72,0,0,0.0,0.0,0.0
13,73,2,0,2.5,0.0,-2.5
13,74,0,0,0.0,0.0,0.0
13,75,1,0,1.25,0.0,-1.25
13,76,0,0,0.0,0.0,0.0
13,77,2,0,2.5,0.0,-2.5
13,78,0,1,0.0,1.25,1.25
13,79,1,0,1.25,0.0,-1.25
13,80,1,2,1.25,2.5,1.25
13,81,1,0,1.25,0.0,-1.25
13,82,0,1,0.0,1.25,1.25
13,83,1,1,1.25,1.25,0.0
13,84,0,1,0.0,1.25,1.25
13,85,1,0,1.25,0.0,-1.25
13,86,1,0,1.25,0.0,-1.25
13,87,2,1,2.5,1.25,-1.25
13,88,1,3,1.25,3.75,2.5
13,89,0,0,0.0,0.0,0.0
13,90,3,2,3.75,2.5,-1.25
13,91,1,0,1.25,0.0,-1.25
13,92,0,1,0.0,1.25,1.25
13,93,1,0,1.25,0.0,-1.25
13,94,2,2,2.5,2.5,0.0
13,95,1,2,1.25,2.5,1.25
13,96,1,1,1.25,1.25,0.0
13,97,0,2,0.0,2.5,2.5
13,98,2,1,2.5,1.25,-1.25
13,99,5,1,6.25,1.25,-5.0
13,100,1,2,1.25,2.5,1.25
13,101,3,0,3.75,0.0,-3.75
13,102,0,1,0.0,1.25,1.25
13,103,1,0,1.25,0.0,-1.25
13,104,0,1,0.0,1.25,1.25
13,105,0,4,0.0,5.0,5.0
13,106,1,2,1.25,2.5,1.25
13,107,2,0,2.5,0.0,-2.5
13,108,2,1,2.5,1.25,-1.25
13,109,0,0,0.0,0.0,0.0
13,110,2,1,2.5,1.25,-1.25
13,111,1,4,1.25,5.0,3.75
13,112,0,2,0.0,2.5,2.5
13,113,2,1,2.5,1.25,-1.25
13,114,2,2,2.5,2.5,0.0
13,115,1,2,1.25,2.5,1.25
13,116,1,0,1.25,0.0,-1.25
13,117,1,0,1.25,0.0,-1.25
13,118,2,3,2.5,3.75,1.25
13,119,3,0,3.75,0.0,-3.75
13,120,3,1,3.75,1.25,-2.5
13,121,1,3,1.25,3.75,2.5
13,122,0,0,0.0,0.0,0.0
13,123,4,2,5.0,2.5,-2.5
13,124,2,0,2.5,0.0,-2.5
13,125,1,1,1.25,1.25,0.0
13,126,0,2,0.0,2.5,2.5
13,127,2,1,2.5,1.25,-1.25
13,128,0,0,0.0,0.0,0.0
13,129,4,1,5.0,1.25,-3.75
13,130,0,1,0.0,1.25,1.25
13,131,2,0,2.5,0.0,-2.5
13,132,2,1,2.5,1.25,-1.25
13,133,3,3,3.75,3.75,0.0
13,134,1,1,1.25,1.25,0.0
14,0,1,0,1.25,0.0,-1.25
14,1,0,0,0.0,0.0,0.0
14,2,0,0,0.0,0.0,0.0
14,3,0,0,0.0,0.0,0.0
14,4,0,0,0.0,0.0,0.0
14,5,2,0,2.5,0.0,-2.5
14,6,2,0,2.5,0.0,-2.5
14,7,0,0,0.0,0.0,0.0
14,8,0,0,0.0,0.0,0.0
14,9,0,0,0.0,0.0,0.0
14,10,0,0,0.0,0.0,0.0
14,11,3,0,3.75,0.0,-3.75
14,12,2,0,2.5,0.0,-2.5
14,13,0,0,0.0,0.0,0.0
14,14,0,0,0.0,0.0,0.0
14,15,0,0,0.0,0.0,0.0
14,16,1,0,1.25,0.0,-1.25
14,17,0,0,0.0,0.0,0.0
14,18,0,0,0.0,0.0,0.0
14,19,0,0,0.0,0.0,0.0
14,20,0,0,0.0,0.0,0.0
14,21,1,0,1.25,0.0,-1.25
14,22,0,0,0.0,0.0,0.0
14,23,0,0,0.0,0.0,0.0
14,24,0,0,0.0,0.0,0.0
14,25,0,0,0.0,0.0,0.0
14,26,0,0,0.0,0.0,0.0
14,27,0,0,0.0,0.0,0.0
14,28,0,0,0.0,0.0,0.0
14,29,0,0,0.0,0.0,0.0
14,30,0,0,0.0,0.0,0.0
14,31,0,0,0.0,0.0,0.0
14,32,0,0,0.0,0.0,0.0
14,33,0,0,0.0,0.0,0.0
14,34,0,0,0.0,0.0,0.0
14,35,0,0,0.0,0.0,0.0
14,36,0,0,0.0,0.0,0.0
14,37,0,0,0.0,0.0,0.0
14,38,0,0,0.0,0.0,0.0
14,39,0,0,0.0,0.0,0.0
14,40,0,0,0.0,0.0,0.0
14,41,0,0,0.0,0.0,0.0
14,42,0,0,0.0,0.0,0.0
14,43,1,0,1.25,0.0,-1.25
14,44,0,0,0.0,0.0,0.0
14,45,0,0,0.0,0.0,0.0
14,46,0,0,0.0,0.0,0.0
14,47,0,1,0.0,1.25,1.25
14,48,0,0,0.0,0.0,0.0
14,49,0,0,0.0,0.0,0.0
14,50,0,0,0.0,0.0,0.0
14,51,0,0,0.0,0.0,0.0
14,52,1,0,1.25,0.0,-1.25
14,53,0,0,0.0,0.0,0.0
14,54,0,0,0.0,0.0,0.0
14,55,0,0,0.0,0.0,0.0
14,56,0,0,0.0,0.0,0.0
14,57,0,0,0.0,0.0,0.0
14,58,1,0,1.25,0.0,-1.25
14,59,0,0,0.0,0.0,0.0
14,60,0,0,0.0,0.0,0.0
14,61,0,0,0.0,0.0,0.0
14,62,0,0,0.0,0.0,0.0
14,63,0,0,0.0,0.0,0.0
14,64,1,0,1.25,0.0,-1.25
14,65,0,0,0.0,0.0,0.0
14,66,0,0,0.0,0.0,0.0
14,67,3,0,3.75,0.0,-3.75
14,68,0,0,0.0,0.0,0.0
14,69,1,0,1.25,0.0,-1.25
14,70,0,0,0.0,0.0,0.0
14,71,1,0,1.25,0.0,-1.25
14,72,1,0,1.25,0.0,-1.25
14,73,0,0,0.0,0.0,0.0
14,74,0,0,0.0,0.0,0.0
14,75,0,0,0.0,0.0,0.0
14,76,0,0,0.0,0.0,0.0
14,77,1,0,1.25,0.0,-1.25
14,78,0,0,0.0,0.0,0.0
14,79,4,0,5.0,0.0,-5.0
14,80,0,0,0.0,0.0,0.0
14,81,0,0,0.0,0.0,0.0
14,82,0,0,0.0,0.0,0.0
14,83,1,0,1.25,0.0,-1.25
14,84,0,0,0.0,0.0,0.0
14,85,0,0,0.0,0.0,0.0
14,86,0,0,0.0,0.0,0.0
14,87,0,0,0.0,0.0,0.0
14,88,0,0,0.0,0.0,0.0
14,89,0,0,0.0,0.0,0.0
14,90,0,1,0.0,1.25,1.25
14,91,1,0,1.25,0.0,-1.25
14,92,1,0,1.25,0.0,-1.25
14,93,0,0,0.0,0.0,0.0
14,94,0,0,0.0,0.0,0.0
14,95,1,1,1.25,1.25,0.0
14,96,0,0,0.0,0.0,0.0
14,97,0,0,0.0,0.0,0.0
14,98,1,0,1.25,0.0,-1.25
14,99,0,0,0.0,0.0,0.0
14,100,0,0,0.0,0.0,0.0
14,101,0,0,0.0,0.0,0.0
14,102,0,0,0.0,0.0,0.0
14,103,0,0,0.0,0.0,0.0
14,104,0,0,0.0,0.0,0.0
14,105,0,1,0.0,1.25,1.25
14,106,0,0,0.0,0.0,0.0
14,107,0,0,0.0,0.0,0.0
14,108,0,0,0.0,0.0,0.0
14,109,0,0,0.0,0.0,0.0
14,110,0,0,0.0,0.0,0.0
14,111,0,0,0.0,0.0,0.0
14,112,0,0,0.0,0.0,0.0
14,113,0,0,0.0,0.0,0.0
14,114,0,0,0.0,0.0,0.0
14,115,0,0,0.0,0.0,0.0
14,116,0,0,0.0,0.0,0.0
14,117,0,0,0.0,0.0,0.0
14,118,0,0,0.0,0.0,0.0
14,119,0,0,0.0,0.0,0.0
14,120,0,1,0.0,1.25,1.25
14,121,0,0,0.0,0.0,0.0
14,122,0,0,0.0,0.0,0.0
14,123,1,0,1.25,0.0,-1.25
14,124,0,0,0.0,0.0,0.0
14,125,0,0,0.0,0.0,0.0
14,126,0,0,0.0,0.0,0.0
14,127,0,0,0.0,0.0,0.0
14,128,2,0,2.5,0.0,-2.5
14,129,0,0,0.0,0.0,0.0
14,130,0,0,0.0,0.0,0.0
14,131,0,0,0.0,0.0,0.0
14,132,2,1,2.5,1.25,-1.25
14,133,0,7,0.0,8.75,8.75
14,134,0,0,0.0,0.0,0.0
15,0,11,9,13.75,11.25,-2.5
15,1,14,15,17.5,18.75,1.25
15,2,11,17,13.75,21.25,7.5
15,3,9,9,11.25,11.25,0.0
15,4,18,14,22.5,17.5,-5.0
15,5,12,14,15.0,17.5,2.5
15,6,13,13,16.25,16.25,0.0
15,7,11,10,13.75,12.5,-1.25
15,8,9,10,11.25,12.5,1.25
15,9,20,11,25.0,13.75,-11.25
15,10,10,10,12.5,12.5,0.0
15,11,5,13,6.25,16.25,10.0
15,12,11,16,13.75,20.0,6.25
15,13,12,13,15.0,16.25,1.25
15,14,12,9,15.0,11.25,-3.75
15,15,12,13,15.0,16.25,1.25
15,16,13,11,16.25,13.75,-2.5
15,17,12,14,15.0,17.5,2.5
15,18,9,9,11.25,11.25,0.0
15,19,18,9,22.5,11.25,-11.25
15,20,9,13,11.25,16.25,5.0
15,21,7,11,8.75,13.75,5.0
15,22,10,14,12.5,17.5,5.0
15,23,15,11,18.75,13.75,-5.0
15,24,13,9,16.25,11.25,-5.0
15,25,8,12,10.0,15.0,5.0
15,26,10,12,12.5,15.0,2.5
15,27,5,16,6.25,20.0,13.75
15,28,14,9,17.5,11.25,-6.25
15,29,9,12,11.25,15.0,3.75
15,30,13,10,16.25,12.5,-3.75
15,31,17,10,21.25,12.5,-8.75
15,32,13,9,16.25,11.25,-5.0
15,33,15,10,18.75,12.5,-6.25
15,34,12,8,15.0,10.0,-5.0
15,35,13,12,16.25,15.0,-1.25
15,36,8,14,10.0,17.5,7.5
15,37,15,15,18.75,18.75,0.0
15,38,8,13,10.0,16.25,6.25
15,39,12,9,15.0,11.25,-3.75
15,40,16,10,20.0,12.5,-7.5
15,41,21,14,26.25,17.5,-8.75
15,42,12,10,15.0,12.5,-2.5
15,43,9,10,11.25,12.5,1.25
15,44,5,11,6.25,13.75,7.5
15,45,11,10,13.75,12.5,-1.25
15,46,12,13,15.0,16.25,1.25
15,47,11,16,13.75,20.0,6.25
15,48,13,10,16.25,12.5,-3.75
15,49,16,16,20.0,20.0,0.0
15,50,16,13,20.0,16.25,-3.75
15,51,11,8,13.75,10.0,-3.75
15,52,16,14,20.0,17.5,-2.5
15,53,13,9,16.25,11.25,-5.0
15,54,9,10,11.25,12.5,1.25
15,55,10,9,12.5,11.25,-1.25
15,56,13,15,16.25,18.75,2.5
15,57,7,12,8.75,15.0,6.25
15,58,8,15,10.0,18.75,8.75
15,59,9,8,11.25,10.0,-1.25
15,60,7,15,8.75,18.75,10.0
15,61,8,14,10.0,17.5,7.5
15,62,11,14,13.75,17.5,3.75
15,63,15,15,18.75,18.75,0.0
15,64,7,15,8.75,18.75,10.0
15,65,14,16,17.5,20.0,2.5
15,66,7,11,8.75,13.75,5.0
15,67,12,12,15.0,15.0,0.0
15,68,14,8,17.5,10.0,-7.5
15,69,15,10,18.75,12.5,-6.25
15,70,9,10,11.25,12.5,1.25
15,71,11,10,13.75,12.5,-1.25
15,72,12,8,15.0,10.0,-5.0
15,73,12,14,15.0,17.5,2.5
15,74,15,5,18.75,6.25,-12.5
15,75,10,10,12.5,12.5,0.0
15,76,16,11,20.0,13.75,-6.25
15,77,13,10,16.25,12.5,-3.75
15,78,12,9,15.0,11.25,-3.75
15,79,10,9,12.5,11.25,-1.25
15,80,9,12,11.25,15.0,3.75
15,81,10,11,12.5,13.75,1.25
15,82,14,8,17.5,10.0,-7.5
15,83,14,12,17.5,15.0,-2.5
15,84,9,19,11.25,23.75,12.5
15,85,12,10,15.0,12.5,-2.5
15,86,11,5,13.75,6.25,-7.5
15,87,12,14,15.0,17.5,2.5
15,88,18,9,22.5,11.25,-11.25
15,89,5,14,6.25,17.5,11.25
15,90,17,6,21.25,7.5,-13.75
15,91,13,11,16.25,13.75,-2.5
15,92,12,16,15.0,20.0,5.0
15,93,3,9,3.75,11.25,7.5
15,94,12,10,15.0,12.5,-2.5
15,95,14,11,17.5,13.75,-3.75
15,96,12,8,15.0,10.0,-5.0
15,97,15,11,18.75,13.75,-5.0
15,98,10,9,12.5,11.25,-1.25
15,99,11,10,13.75,12.5,-1.25
15,100,17,14,21.25,17.5,-3.75
15,101,14,13,17.5,16.25,-1.25
15,102,11,12,13.75,15.0,1.25
15,103,12,11,15.0,13.75,-1.25
15,104,12,13,15.0,16.25,1.25
15,105,20,13,25.0,16.25,-8.75
15,106,12,22,15.0,27.5,12.5
15,107,21,10,26.25,12.5,-13.75
15,108,17,16,21.25,20.0,-1.25
15,109,11,6,13.75,7.5,-6.25
15,110,15,10,18.75,12.5,-6.25
15,111,5,11,6.25,13.75,7.5
15,112,12,11,15.0,13.75,-1.25
15,113,15,14,18.75,17.5,-1.25
15,114,9,13,11.25,16.25,5.0
15,115,14,6,17.5,7.5,-10.0
15,116,14,9,17.5,11.25,-6.25
15,117,9,15,11.25,18.75,7.5
15,118,7,9,8.75,11.25,2.5
15,119,9,9,11.25,11.25,0.0
15,120,13,16,16.25,20.0,3.75
15,121,6,9,7.5,11.25,3.75
15,122,19,14,23.75,17.5,-6.25
15,123,14,13,17.5,16.25,-1.25
15,124,7,11,8.75,13.75,5.0
15,125,8,11,10.0,13.75,3.75
15,126,18,11,22.5,13.75,-8.75
15,127,10,11,12.5,13.75,1.25
15,128,12,11,15.0,13.75,-1.25
15,129,17,16,21.25,20.0,-1.25
15,130,14,19,17.5,23.75,6.25
15,131,11,15,13.75,18.75,5.0
15,132,9,11,11.25,13.75,2.5
15,133,7,12,8.75,15.0,6.25
15,134,14,15,17.5,18.75,1.25
16,0,3,5,3.75,6.25,2.5
16,1,6,4,7.5,5.0,-2.5
16,2,5,6,6.25,7.5,1.25
16,3,3,3,3.75,3.75,0.0
16,4,3,4,3.75,5.0,1.25
16,5,1,2,1.25,2.5,1.25
16,6,1,3,1.25,3.75,2.5
16,7,1,3,1.25,3.75,2.5
16,8,3,1,3.75,1.25,-2.5
16,9,3,2,3.75,2.5,-1.25
16,10,1,4,1.25,5.0,3.75
16,11,2,4,2.5,5.0,2.5
16,12,2,4,2.5,5.0,2.5
16,13,1,5,1.25,6.25,5.0
16,14,2,4,2.5,5.0,2.5
16,15,5,4,6.25,5.0,-1.25
16,16,2,6,2.5,7.5,5.0
16,17,2,3,2.5,3.75,1.25
16,18,4,2,5.0,2.5,-2.5
16,19,4,3,5.0,3.75,-1.25
16,20,1,3,1.25,3.75,2.5
16,21,1,0,1.25,0.0,-1.25
16,22,2,2,2.5,2.5,0.0
16,23,2,5,2.5,6.25,3.75
16,24,2,2,2.5,2.5,0.0
16,25,0,2,0.0,2.5,2.5
16,26,4,2,5.0,2.5,-2.5
16,27,2,4,2.5,5.0,2.5
16,28,4,6,5.0,7.5,2.5
16,29,1,7,1.25,8.75,7.5
16,30,6,4,7.5,5.0,-2.5
16,31,5,8,6.25,10.0,3.75
16,32,3,7,3.75,8.75,5.0
16,33,6,6,7.5,7.5,0.0
16,34,2,2,2.5,2.5,0.0
16,35,2,3,2.5,3.75,1.25
16,36,3,6,3.75,7.5,3.75
16,37,4,5,5.0,6.25,1.25
16,38,3,2,3.75,2.5,-1.25
16,39,3,2,3.75,2.5,-1.25
16,40,5,4,6.25,5.0,-1.25
16,41,7,6,8.75,7.5,-1.25
16,42,3,2,3.75,2.5,-1.25
16,43,3,6,3.75,7.5,3.75
16,44,1,2,1.25,2.5,1.25
16,45,6,6,7.5,7.5,0.0
16,46,4,6,5.0,7.5,2.5
16,47,7,4,8.75,5.0,-3.75
16,48,1,4,1.25,5.0,3.75
16,49,6,4,7.5,5.0,-2.5
16,50,3,3,3.75,3.75,0.0
16,51,0,4,0.0,5.0,5.0
16,52,3,9,3.75,11.25,7.5
16,53,6,4,7.5,5.0,-2.5
16,54,3,5,3.75,6.25,2.5
16,55,5,5,6.25,6.25,0.0
16,56,7,4,8.75,5.0,-3.75
16,57,5,7,6.25,8.75,2.5
16,58,2,6,2.5,7.5,5.0
16,59,5,4,6.25,5.0,-1.25
16,60,3,4,3.75,5.0,1.25
16,61,2,2,2.5,2.5,0.0
16,62,4,9,5.0,11.25,6.25
16,63,4,5,5.0,6.25,1.25
16,64,5,4,6.25,5.0,-1.25
16,65,5,5,6.25,6.25,0.0
16,66,5,5,6.25,6.25,0.0
16,67,1,7,1.25,8.75,7.5
16,68,2,4,2.5,5.0,2.5
16,69,3,5,3.75,6.25,2.5
16,70,0,3,0.0,3.75,3.75
16,71,4,5,5.0,6.25,1.25
16,72,3,4,3.75,5.0,1.25
16,73,2,2,2.5,2.5,0.0
16,74,4,2,5.0,2.5,-2.5
16,75,4,4,5.0,5.0,0.0
16,76,3,4,3.75,5.0,1.25
16,77,10,9,12.5,11.25,-1.25
16,78,4,2,5.0,2.5,-2.5
16,79,2,5,2.5,6.25,3.75
16,80,3,4,3.75,5.0,1.25
16,81,2,5,2.5,6.25,3.75
16,82,5,4,6.25,5.0,-1.25
16,83,4,3,5.0,3.75,-1.25
16,84,4,5,5.0,6.25,1.25
16,85,6,3,7.5,3.75,-3.75
16,86,4,6,5.0,7.5,2.5
16,87,2,3,2.5,3.75,1.25
16,88,4,6,5.0,7.5,2.5
16,89,4,7,5.0,8.75,3.75
16,90,6,2,7.5,2.5,-5.0
16,91,4,7,5.0,8.75,3.75
16,92,5,4,6.25,5.0,-1.25
16,93,4,7,5.0,8.75,3.75
16,94,3,3,3.75,3.75,0.0
16,95,5,4,6.25,5.0,-1.25
16,96,6,6,7.5,7.5,0.0
16,97,6,5,7.5,6.25,-1.25
16,98,2,5,2.5,6.25,3.75
16,99,3,6,3.75,7.5,3.75
16,100,5,2,6.25,2.5,-3.75
16,101,3,6,3.75,7.5,3.75
16,102,5,2,6.25,2.5,-3.75
16,103,1,4,1.25,5.0,3.75
16,104,3,5,3.75,6.25,2.5
16,105,4,6,5.0,7.5,2.5
16,106,4,5,5.0,6.25,1.25
16,107,5,3,6.25,3.75,-2.5
16,108,4,5,5.0,6.25,1.25
16,109,3,5,3.75,6.25,2.5
16,110,3,4,3.75,5.0,1.25
16,111,3,3,3.75,3.75,0.0
16,112,3,5,3.75,6.25,2.5
16,113,2,5,2.5,6.25,3.75
16,114,1,4,1.25,5.0,3.75
16,115,5,4,6.25,5.0,-1.25
16,116,4,4,5.0,5.0,0.0
16,117,3,6,3.75,7.5,3.75
16,118,2,5,2.5,6.25,3.75
16,119,2,4,2.5,5.0,2.5
16,120,2,4,2.5,5.0,2.5
16,121,5,10,6.25,12.5,6.25
16,122,4,4,5.0,5.0,0.0
16,123,2,5,2.5,6.25,3.75
16,124,3,2,3.75,2.5,-1.25
16,125,4,4,5.0,5.0,0.0
16,126,3,7,3.75,8.75,5.0
16,127,2,3,2.5,3.75,1.25
16,128,7,2,8.75,2.5,-6.25
16,129,2,1,2.5,1.25,-1.25
16,130,2,3,2.5,3.75,1.25
16,131,2,4,2.5,5.0,2.5
16,132,4,2,5.0,2.5,-2.5
16,133,1,5,1.25,6.25,5.0
16,134,3,4,3.75,5.0,1.25
17,0,4,0,5.0,0.0,-5.0
17,1,4,3,5.0,3.75,-1.25
17,2,7,2,8.75,2.5,-6.25
17,3,6,3,7.5,3.75,-3.75
17,4,9,2,11.25,2.5,-8.75
17,5,11,6,13.75,7.5,-6.25
17,6,6,1,7.5,1.25,-6.25
17,7,8,4,10.0,5.0,-5.0
17,8,2,2,2.5,2.5,0.0
17,9,2,1,2.5,1.25,-1.25
17,10,6,1,7.5,1.25,-6.25
17,11,6,4,7.5,5.0,-2.5
17,12,7,4,8.75,5.0,-3.75
17,13,4,3,5.0,3.75,-1.25
17,14,4,1,5.0,1.25,-3.75
17,15,5,4,6.25,5.0,-1.25
17,16,5,5,6.25,6.25,0.0
17,17,4,2,5.0,2.5,-2.5
17,18,4,5,5.0,6.25,1.25
17,19,4,2,5.0,2.5,-2.5
17,20,9,6,11.25,7.5,-3.75
17,21,6,2,7.5,2.5,-5.0
17,22,8,6,10.0,7.5,-2.5
17,23,5,4,6.25,5.0,-1.25
17,24,7,9,8.75,11.25,2.5
17,25,5,9,6.25,11.25,5.0
17,26,9,7,11.25,8.75,-2.5
17,27,6,4,7.5,5.0,-2.5
17,28,5,6,6.25,7.5,1.25
17,29,3,4,3.75,5.0,1.25
17,30,4,2,5.0,2.5,-2.5
17,31,2,2,2.5,2.5,0.0
17,32,8,4,10.0,5.0,-5.0
17,33,2,1,2.5,1.25,-1.25
17,34,3,0,3.75,0.0,-3.75
17,35,3,2,3.75,2.5,-1.25
17,36,9,1,11.25,1.25,-10.0
17,37,4,1,5.0,1.25,-3.75
17,38,5,3,6.25,3.75,-2.5
17,39,7,6,8.75,7.5,-1.25
17,40,4,3,5.0,3.75,-1.25
17,41,5,6,6.25,7.5,1.25
17,42,3,6,3.75,7.5,3.75
17,43,5,4,6.25,5.0,-1.25
17,44,1,6,1.25,7.5,6.25
17,45,7,3,8.75,3.75,-5.0
17,46,3,6,3.75,7.5,3.75
17,47,1,0,1.25,0.0,-1.25
17,48,3,4,3.75,5.0,1.25
17,49,0,5,0.0,6.25,6.25
17,50,7,2,8.75,2.5,-6.25
17,51,3,2,3.75,2.5,-1.25
17,52,2,1,2.5,1.25,-1.25
17,53,3,3,3.75,3.75,0.0
17,54,1,1,1.25,1.25,0.0
17,55,5,5,6.25,6.25,0.0
17,56,4,4,5.0,5.0,0.0
17,57,6,4,7.5,5.0,-2.5
17,58,3,1,3.75,1.25,-2.5
17,59,3,2,3.75,2.5,-1.25
17,60,2,7,2.5,8.75,6.25
17,61,0,2,0.0,2.5,2.5
17,62,4,0,5.0,0.0,-5.0
17,63,3,0,3.75,0.0,-3.75
17,64,6,2,7.5,2.5,-5.0
17,65,3,3,3.75,3.75,0.0
17,66,2,3,2.5,3.75,1.25
17,67,11,1,13.75,1.25,-12.5
17,68,6,4,7.5,5.0,-2.5
17,69,6,2,7.5,2.5,-5.0
17,70,6,3,7.5,3.75,-3.75
17,71,2,2,2.5,2.5,0.0
17,72,4,4,5.0,5.0,0.0
17,73,5,4,6.25,5.0,-1.25
17,74,5,5,6.25,6.25,0.0
17,75,7,7,8.75,8.75,0.0
17,76,5,4,6.25,5.0,-1.25
17,77,2,7,2.5,8.75,6.25
17,78,2,4,2.5,5.0,2.5
17,79,5,4,6.25,5.0,-1.25
17,80,5,3,6.25,3.75,-2.5
17,81,5,4,6.25,5.0,-1.25
17,82,7,4,8.75,5.0,-3.75
17,83,9,2,11.25,2.5,-8.75
17,84,4,2,5.0,2.5,-2.5
17,85,4,3,5.0,3.75,-1.25
17,86,3,2,3.75,2.5,-1.25
17,87,4,4,5.0,5.0,0.0
17,88,2,2,2.5,2.5,0.0
17,89,3,4,3.75,5.0,1.25
17,90,4,1,5.0,1.25,-3.75
17,91,5,5,6.25,6.25,0.0
17,92,10,1,12.5,1.25,-11.25
17,93,7,4,8.75,5.0,-3.75
17,94,8,1,10.0,1.25,-8.75
17,95,7,5,8.75,6.25,-2.5
17,96,5,6,6.25,7.5,1.25
17,97,6,5,7.5,6.25,-1.25
17,98,4,1,5.0,1.25,-3.75
17,99,3,2,3.75,2.5,-1.25
17,100,8,4,10.0,5.0,-5.0
17,101,5,3,6.25,3.75,-2.5
17,102,2,5,2.5,6.25,3.75
17,103,6,6,7.5,7.5,0.0
17,104,3,7,3.75,8.75,5.0
17,105,2,0,2.5,0.0,-2.5
17,106,6,4,7.5,5.0,-2.5
17,107,6,4,7.5,5.0,-2.5
17,108,4,2,5.0,2.5,-2.5
17,109,3,3,3.75,3.75,0.0
17,110,3,4,3.75,5.0,1.25
17,111,7,0,8.75,0.0,-8.75
17,112,4,4,5.0,5.0,0.0
17,113,1,2,1.25,2.5,1.25
17,114,3,4,3.75,5.0,1.25
17,115,5,5,6.25,6.25,0.0
17,116,7,5,8.75,6.25,-2.5
17,117,5,3,6.25,3.75,-2.5
17,118,5,2,6.25,2.5,-3.75
17,119,4,2,5.0,2.5,-2.5
17,120,2,2,2.5,2.5,0.0
17,121,0,4,0.0,5.0,5.0
17,122,3,7,3.75,8.75,5.0
17,123,1,7,1.25,8.75,7.5
17,124,2,4,2.5,5.0,2.5
17,125,3,7,3.75,8.75,5.0
17,126,8,2,10.0,2.5,-7.5
17,127,2,8,2.5,10.0,7.5
17,128,3,5,3.75,6.25,2.5
17,129,11,1,13.75,1.25,-12.5
17,130,5,3,6.25,3.75,-2.5
17,131,7,6,8.75,7.5,-1.25
17,132,7,7,8.75,8.75,0.0
17,133,6,4,7.5,5.0,-2.5
17,134,3,6,3.75,7.5,3.75
18,0,6,5,7.5,6.25,-1.25
18,1,5,5,6.25,6.25,0.0
18,2,5,2,6.25,2.5,-3.75
18,3,7,6,8.75,7.5,-1.25
18,4,4,1,5.0,1.25,-3.75
18,5,5,4,6.25,5.0,-1.25
18,6,6,3,7.5,3.75,-3.75
18,7,4,4,5.0,5.0,0.0
18,8,5,1,6.25,1.25,-5.0
18,9,5,3,6.25,3.75,-2.5
18,10,5,3,6.25,3.75,-2.5
18,11,5,5,6.25,6.25,0.0
18,12,6,2,7.5,2.5,-5.0
18,13,6,6,7.5,7.5,0.0
18,14,5,5,6.25,6.25,0.0
18,15,4,2,5.0,2.5,-2.5
18,16,6,5,7.5,6.25,-1.25
18,17,4,6,5.0,7.5,2.5
18,18,4,3,5.0,3.75,-1.25
18,19,5,1,6.25,1.25,-5.0
18,20,5,3,6.25,3.75,-2.5
18,21,4,3,5.0,3.75,-1.25
18,22,5,3,6.25,3.75,-2.5
18,23,4,5,5.0,6.25,1.25
18,24,3,3,3.75,3.75,0.0
18,25,5,5,6.25,6.25,0.0
18,26,4,5,5.0,6.25,1.25
18,27,5,6,6.25,7.5,1.25
18,28,7,5,8.75,6.25,-2.5
18,29,5,7,6.25,8.75,2.5
18,30,4,5,5.0,6.25,1.25
18,31,8,6,10.0,7.5,-2.5
18,32,10,7,12.5,8.75,-3.75
18,33,6,4,7.5,5.0,-2.5
18,34,6,4,7.5,5.0,-2.5
18,35,4,7,5.0,8.75,3.75
18,36,4,5,5.0,6.25,1.25
18,37,6,4,7.5,5.0,-2.5
18,38,5,2,6.25,2.5,-3.75
18,39,3,4,3.75,5.0,1.25
18,40,4,4,5.0,5.0,0.0
18,41,5,5,6.25,6.25,0.0
18,42,4,2,5.0,2.5,-2.5
18,43,5,3,6.25,3.75,-2.5
18,44,5,8,6.25,10.0,3.75
18,45,6,5,7.5,6.25,-1.25
18,46,6,5,7.5,6.25,-1.25
18,47,6,1,7.5,1.25,-6.25
18,48,3,5,3.75,6.25,2.5
18,49,5,3,6.25,3.75,-2.5
18,50,6,2,7.5,2.5,-5.0
18,51,2,5,2.5,6.25,3.75
18,52,4,2,5.0,2.5,-2.5
18,53,5,5,6.25,6.25,0.0
18,54,5,4,6.25,5.0,-1.25
18,55,4,3,5.0,3.75,-1.25
18,56,6,4,7.5,5.0,-2.5
18,57,5,6,6.25,7.5,1.25
18,58,5,4,6.25,5.0,-1.25
18,59,5,3,6.25,3.75,-2.5
18,60,6,5,7.5,6.25,-1.25
18,61,4,5,5.0,6.25,1.25
18,62,5,5,6.25,6.25,0.0
18,63,4,4,5.0,5.0,0.0
18,64,8,4,10.0,5.0,-5.0
18,65,7,6,8.75,7.5,-1.25
18,66,4,4,5.0,5.0,0.0
18,67,5,4,6.25,5.0,-1.25
18,68,4,6,5.0,7.5,2.5
18,69,4,4,5.0,5.0,0.0
18,70,7,4,8.75,5.0,-3.75
18,71,8,6,10.0,7.5,-2.5
18,72,7,6,8.75,7.5,-1.25
18,73,6,7,7.5,8.75,1.25
18,74,6,4,7.5,5.0,-2.5
18,75,3,4,3.75,5.0,1.25
18,76,5,6,6.25,7.5,1.25
18,77,8,6,10.0,7.5,-2.5
18,78,6,7,7.5,8.75,1.25
18,79,6,4,7.5,5.0,-2.5
18,80,6,6,7.5,7.5,0.0
18,81,4,6,5.0,7.5,2.5
18,82,6,4,7.5,5.0,-2.5
18,83,7,5,8.75,6.25,-2.5
18,84,5,5,6.25,6.25,0.0
18,85,5,3,6.25,3.75,-2.5
18,86,5,5,6.25,6.25,0.0
18,87,6,7,7.5,8.75,1.25
18,88,3,3,3.75,3.75,0.0
18,89,5,2,6.25,2.5,-3.75
18,90,5,9,6.25,11.25,5.0
18,91,5,5,6.25,6.25,0.0
18,92,6,5,7.5,6.25,-1.25
18,93,6,1,7.5,1.25,-6.25
18,94,6,5,7.5,6.25,-1.25
18,95,7,6,8.75,7.5,-1.25
18,96,6,4,7.5,5.0,-2.5
18,97,4,4,5.0,5.0,0.0
18,98,7,5,8.75,6.25,-2.5
18,99,4,4,5.0,5.0,0.0
18,100,4,5,5.0,6.25,1.25
18,101,4,4,5.0,5.0,0.0
18,102,3,3,3.75,3.75,0.0
18,103,6,5,7.5,6.25,-1.25
18,104,5,6,6.25,7.5,1.25
18,105,1,8,1.25,10.0,8.75
18,106,6,7,7.5,8.75,1.25
18,107,5,4,6.25,5.0,-1.25
18,108,6,6,7.5,7.5,0.0
18,109,7,7,8.75,8.75,0.0
18,110,4,4,5.0,5.0,0.0
18,111,4,6,5.0,7.5,2.5
18,112,4,5,5.0,6.25,1.25
18,113,4,1,5.0,1.25,-3.75
18,114,3,3,3.75,3.75,0.0
18,115,4,5,5.0,6.25,1.25
18,116,7,5,8.75,6.25,-2.5
18,117,5,4,6.25,5.0,-1.25
18,118,5,6,6.25,7.5,1.25
18,119,5,7,6.25,8.75,2.5
18,120,3,6,3.75,7.5,3.75
18,121,6,7,7.5,8.75,1.25
18,122,7,5,8.75,6.25,-2.5
18,123,6,5,7.5,6.25,-1.25
18,124,6,1,7.5,1.25,-6.25
18,125,3,3,3.75,3.75,0.0
18,126,6,5,7.5,6.25,-1.25
18,127,7,2,8.75,2.5,-6.25
18,128,4,5,5.0,6.25,1.25
18,129,6,0,7.5,0.0,-7.5
18,130,5,6,6.25,7.5,1.25
18,131,6,5,7.5,6.25,-1.25
18,132,6,3,7.5,3.75,-3.75
18,133,6,2,7.5,2.5,-5.0
18,134,6,5,7.5,6.25,-1.25
19,0,10,6,12.5,7.5,-5.0
19,1,6,5,7.5,6.25,-1.25
19,2,5,4,6.25,5.0,-1.25
19,3,4,6,5.0,7.5,2.5
19,4,4,7,5.0,8.75,3.75
19,5,7,5,8.75,6.25,-2.5
19,6,11,6,13.75,7.5,-6.25
19,7,9,3,11.25,3.75,-7.5
19,8,5,3,6.25,3.75,-2.5
19,9,7,8,8.75,10.0,1.25
19,10,8,8,10.0,10.0,0.0
19,11,7,7,8.75,8.75,0.0
19,12,7,9,8.75,11.25,2.5
19,13,8,3,10.0,3.75,-6.25
19,14,6,5,7.5,6.25,-1.25
19,15,5,7,6.25,8.75,2.5
19,16,11,8,13.75,10.0,-3.75
19,17,5,7,6.25,8.75,2.5
19,18,8,8,10.0,10.0,0.0
19,19,6,1,7.5,1.25,-6.25
19,20,6,8,7.5,10.0,2.5
19,21,7,6,8.75,7.5,-1.25
19,22,6,4,7.5,5.0,-2.5
19,23,2,4,2.5,5.0,2.5
19,24,5,4,6.25,5.0,-1.25
19,25,7,10,8.75,12.5,3.75
19,26,6,6,7.5,7.5,0.0
19,27,5,1,6.25,1.25,-5.0
19,28,3,6,3.75,7.5,3.75
19,29,3,3,3.75,3.75,0.0
19,30,7,6,8.75,7.5,-1.25
19,31,9,5,11.25,6.25,-5.0
19,32,6,5,7.5,6.25,-1.25
19,33,10,10,12.5,12.5,0.0
19,34,6,6,7.5,7.5,0.0
19,35,8,4,10.0,5.0,-5.0
19,36,8,6,10.0,7.5,-2.5
19,37,4,8,5.0,10.0,5.0
19,38,7,6,8.75,7.5,-1.25
19,39,6,9,7.5,11.25,3.75
19,40,6,7,7.5,8.75,1.25
19,41,6,6,7.5,7.5,0.0
19,42,4,4,5.0,5.0,0.0
19,43,7,6,8.75,7.5,-1.25
19,44,7,4,8.75,5.0,-3.75
19,45,5,4,6.25,5.0,-1.25
19,46,5,6,6.25,7.5,1.25
19,47,7,6,8.75,7.5,-1.25
19,48,6,6,7.5,7.5,0.0
19,49,7,7,8.75,8.75,0.0
19,50,6,3,7.5,3.75,-3.75
19,51,5,4,6.25,5.0,-1.25
19,52,8,5,10.0,6.25,-3.75
19,53,6,5,7.5,6.25,-1.25
19,54,7,8,8.75,10.0,1.25
19,55,6,6,7.5,7.5,0.0
19,56,6,5,7.5,6.25,-1.25
19,57,9,6,11.25,7.5,-3.75
19,58,5,6,6.25,7.5,1.25
19,59,9,6,11.25,7.5,-3.75
19,60,9,5,11.25,6.25,-5.0
19,61,9,4,11.25,5.0,-6.25
19,62,8,4,10.0,5.0,-5.0
19,63,5,8,6.25,10.0,3.75
19,64,7,2,8.75,2.5,-6.25
19,65,6,8,7.5,10.0,2.5
19,66,4,4,5.0,5.0,0.0
19,67,5,6,6.25,7.5,1.25
19,68,7,5,8.75,6.25,-2.5
19,69,7,4,8.75,5.0,-3.75
19,70,1,6,1.25,7.5,6.25
19,71,7,4,8.75,5.0,-3.75
19,72,6,6,7.5,7.5,0.0
19,73,9,4,11.25,5.0,-6.25
19,74,8,6,10.0,7.5,-2.5
19,75,8,5,10.0,6.25,-3.75
19,76,8,7,10.0,8.75,-1.25
19,77,9,4,11.25,5.0,-6.25
19,78,6,4,7.5,5.0,-2.5
19,79,10,2,12.5,2.5,-10.0
19,80,5,4,6.25,5.0,-1.25
19,81,6,4,7.5,5.0,-2.5
19,82,2,6,2.5,7.5,5.0
19,83,5,5,6.25,6.25,0.0
19,84,8,5,10.0,6.25,-3.75
19,85,8,8,10.0,10.0,0.0
19,86,8,6,10.0,7.5,-2.5
19,87,8,7,10.0,8.75,-1.25
19,88,10,10,12.5,12.5,0.0
19,89,6,4,7.5,5.0,-2.5
19,90,9,5,11.25,6.25,-5.0
19,91,6,5,7.5,6.25,-1.25
19,92,5,6,6.25,7.5,1.25
19,93,8,7,10.0,8.75,-1.25
19,94,5,5,6.25,6.25,0.0
19,95,5,4,6.25,5.0,-1.25
19,96,7,4,8.75,5.0,-3.75
19,97,7,5,8.75,6.25,-2.5
19,98,5,2,6.25,2.5,-3.75
19,99,9,4,11.25,5.0,-6.25
19,100,9,8,11.25,10.0,-1.25
19,101,7,7,8.75,8.75,0.0
19,102,8,6,10.0,7.5,-2.5
19,103,3,4,3.75,5.0,1.25
19,104,6,5,7.5,6.25,-1.25
19,105,4,5,5.0,6.25,1.25
19,106,12,7,15.0,8.75,-6.25
19,107,4,5,5.0,6.25,1.25
19,108,7,7,8.75,8.75,0.0
19,109,7,5,8.75,6.25,-2.5
19,110,5,5,6.25,6.25,0.0
19,111,6,5,7.5,6.25,-1.25
19,112,10,4,12.5,5.0,-7.5
19,113,12,2,15.0,2.5,-12.5
19,114,9,4,11.25,5.0,-6.25
19,115,10,10,12.5,12.5,0.0
19,116,9,7,11.25,8.75,-2.5
19,117,6,11,7.5,13.75,6.25
19,118,6,8,7.5,10.0,2.5
19,119,6,7,7.5,8.75,1.25
19,120,6,6,7.5,7.5,0.0
19,121,9,5,11.25,6.25,-5.0
19,122,5,6,6.25,7.5,1.25
19,123,4,8,5.0,10.0,5.0
19,124,7,6,8.75,7.5,-1.25
19,125,7,6,8.75,7.5,-1.25
19,126,4,4,5.0,5.0,0.0
19,127,3,10,3.75,12.5,8.75
19,128,7,4,8.75,5.0,-3.75
19,129,7,5,8.75,6.25,-2.5
19,130,7,4,8.75,5.0,-3.75
19,131,6,4,7.5,5.0,-2.5
19,132,4,6,5.0,7.5,2.5
19,133,5,10,6.25,12.5,6.25
19,134,4,4,5.0,5.0,0.0
20,0,4,1,5.0,1.25,-3.75
20,1,0,1,0.0,1.25,1.25
20,2,1,0,1.25,0.0,-1.25
20,3,2,1,2.5,1.25,-1.25
20,4,3,3,3.75,3.75,0.0
20,5,3,2,3.75,2.5,-1.25
20,6,2,1,2.5,1.25,-1.25
20,7,0,2,0.0,2.5,2.5
20,8,0,2,0.0,2.5,2.5
20,9,1,3,1.25,3.75,2.5
20,10,1,4,1.25,5.0,3.75
20,11,1,0,1.25,0.0,-1.25
20,12,0,2,0.0,2.5,2.5
20,13,2,2,2.5,2.5,0.0
20,14,1,1,1.25,1.25,0.0
20,15,3,2,3.75,2.5,-1.25
20,16,1,3,1.25,3.75,2.5
20,17,5,1,6.25,1.25,-5.0
20,18,2,3,2.5,3.75,1.25
20,19,7,0,8.75,0.0,-8.75
20,20,6,4,7.5,5.0,-2.5
20,21,1,2,1.25,2.5,1.25
20,22,0,2,0.0,2.5,2.5
20,23,0,1,0.0,1.25,1.25
20,24,1,1,1.25,1.25,0.0
20,25,0,1,0.0,1.25,1.25
20,26,3,1,3.75,1.25,-2.5
20,27,1,1,1.25,1.25,0.0
20,28,2,2,2.5,2.5,0.0
20,29,1,1,1.25,1.25,0.0
20,30,3,0,3.75,0.0,-3.75
20,31,1,7,1.25,8.75,7.5
20,32,0,3,0.0,3.75,3.75
20,33,4,2,5.0,2.5,-2.5
20,34,0,6,0.0,7.5,7.5
20,35,1,0,1.25,0.0,-1.25
20,36,2,3,2.5,3.75,1.25
20,37,1,0,1.25,0.0,-1.25
20,38,0,0,0.0,0.0,0.0
20,39,5,3,6.25,3.75,-2.5
20,40,2,0,2.5,0.0,-2.5
20,41,0,1,0.0,1.25,1.25
20,42,1,3,1.25,3.75,2.5
20,43,2,1,2.5,1.25,-1.25
20,44,4,1,5.0,1.25,-3.75
20,45,2,5,2.5,6.25,3.75
20,46,2,1,2.5,1.25,-1.25
20,47,6,1,7.5,1.25,-6.25
20,48,1,1,1.25,1.25,0.0
20,49,3,0,3.75,0.0,-3.75
20,50,3,7,3.75,8.75,5.0
20,51,2,2,2.5,2.5,0.0
20,52,2,1,2.5,1.25,-1.25
20,53,3,2,3.75,2.5,-1.25
20,54,0,3,0.0,3.75,3.75
20,55,0,6,0.0,7.5,7.5
20,56,2,5,2.5,6.25,3.75
20,57,0,1,0.0,1.25,1.25
20,58,0,0,0.0,0.0,0.0
20,59,3,2,3.75,2.5,-1.25
20,60,0,0,0.0,0.0,0.0
20,61,6,1,7.5,1.25,-6.25
20,62,1,2,1.25,2.5,1.25
20,63,1,4,1.25,5.0,3.75
20,64,4,2,5.0,2.5,-2.5
20,65,1,0,1.25,0.0,-1.25
20,66,1,2,1.25,2.5,1.25
20,67,2,3,2.5,3.75,1.25
20,68,2,5,2.5,6.25,3.75
20,69,0,7,0.0,8.75,8.75
20,70,3,2,3.75,2.5,-1.25
20,71,2,1,2.5,1.25,-1.25
20,72,0,0,0.0,0.0,0.0
20,73,3,3,3.75,3.75,0.0
20,74,1,1,1.25,1.25,0.0
20,75,1,5,1.25,6.25,5.0
20,76,4,0,5.0,0.0,-5.0
20,77,0,0,0.0,0.0,0.0
20,78,0,3,0.0,3.75,3.75
20,79,0,5,0.0,6.25,6.25
20,80,2,3,2.5,3.75,1.25
20,81,2,0,2.5,0.0,-2.5
20,82,5,1,6.25,1.25,-5.0
20,83,0,3,0.0,3.75,3.75
20,84,3,3,3.75,3.75,0.0
20,85,1,4,1.25,5.0,3.75
20,86,3,1,3.75,1.25,-2.5
20,87,0,2,0.0,2.5,2.5
20,88,1,3,1.25,3.75,2.5
20,89,3,1,3.75,1.25,-2.5
20,90,5,1,6.25,1.25,-5.0
20,91,1,3,1.25,3.75,2.5
20,92,3,3,3.75,3.75,0.0
20,93,0,1,0.0,1.25,1.25
20,94,0,0,0.0,0.0,0.0
20,95,2,3,2.5,3.75,1.25
20,96,2,3,2.5,3.75,1.25
20,97,1,2,1.25,2.5,1.25
20,98,0,1,0.0,1.25,1.25
20,99,1,1,1.25,1.25,0.0
20,100,2,3,2.5,3.75,1.25
20,101,5,1,6.25,1.25,-5.0
20,102,0,0,0.0,0.0,0.0
20,103,0,0,0.0,0.0,0.0
20,104,1,2,1.25,2.5,1.25
20,105,4,2,5.0,2.5,-2.5
20,106,0,2,0.0,2.5,2.5
20,107,1,2,1.25,2.5,1.25
20,108,1,3,1.25,3.75,2.5
20,109,1,2,1.25,2.5,1.25
20,110,2,8,2.5,10.0,7.5
20,111,1,2,1.25,2.5,1.25
20,112,4,4,5.0,5.0,0.0
20,113,1,2,1.25,2.5,1.25
20,114,0,2,0.0,2.5,2.5
20,115,3,1,3.75,1.25,-2.5
20,116,1,2,1.25,2.5,1.25
20,117,8,1,10.0,1.25,-8.75
20,118,1,5,1.25,6.25,5.0
20,119,2,3,2.5,3.75,1.25
20,120,0,1,0.0,1.25,1.25
20,121,3,1,3.75,1.25,-2.5
20,122,0,1,0.0,1.25,1.25
20,123,1,3,1.25,3.75,2.5
20,124,1,2,1.25,2.5,1.25
20,125,0,2,0.0,2.5,2.5
20,126,1,1,1.25,1.25,0.0
20,127,3,1,3.75,1.25,-2.5
20,128,4,1,5.0,1.25,-3.75
20,129,1,0,1.25,0.0,-1.25
20,130,6,2,7.5,2.5,-5.0
20,131,6,4,7.5,5.0,-2.5
20,132,2,5,2.5,6.25,3.75
20,133,3,0,3.75,0.0,-3.75
20,134,3,1,3.75,1.25,-2.5
21,0,1,3,1.25,3.75,2.5
21,1,2,3,2.5,3.75,1.25
21,2,4,7,5.0,8.75,3.75
21,3,3,2,3.75,2.5,-1.25
21,4,2,0,2.5,0.0,-2.5
21,5,0,3,0.0,3.75,3.75
21,6,0,4,0.0,5.0,5.0
21,7,2,3,2.5,3.75,1.25
21,8,2,6,2.5,7.5,5.0
21,9,3,2,3.75,2.5,-1.25
21,10,0,2,0.0,2.5,2.5
21,11,2,3,2.5,3.75,1.25
21,12,0,0,0.0,0.0,0.0
21,13,0,1,0.0,1.25,1.25
21,14,2,2,2.5,2.5,0.0
21,15,0,3,0.0,3.75,3.75
21,16,1,1,1.25,1.25,0.0
21,17,0,1,0.0,1.25,1.25
21,18,2,0,2.5,0.0,-2.5
21,19,1,0,1.25,0.0,-1.25
21,20,0,0,0.0,0.0,0.0
21,21,1,0,1.25,0.0,-1.25
21,22,0,0,0.0,0.0,0.0
21,23,2,0,2.5,0.0,-2.5
21,24,1,1,1.25,1.25,0.0
21,25,0,0,0.0,0.0,0.0
21,26,0,1,0.0,1.25,1.25
21,27,2,2,2.5,2.5,0.0
21,28,2,1,2.5,1.25,-1.25
21,29,2,5,2.5,6.25,3.75
21,30,2,1,2.5,1.25,-1.25
21,31,0,2,0.0,2.5,2.5
21,32,3,3,3.75,3.75,0.0
21,33,1,0,1.25,0.0,-1.25
21,34,4,2,5.0,2.5,-2.5
21,35,2,3,2.5,3.75,1.25
21,36,2,3,2.5,3.75,1.25
21,37,2,4,2.5,5.0,2.5
21,38,1,6,1.25,7.5,6.25
21,39,1,2,1.25,2.5,1.25
21,40,1,0,1.25,0.0,-1.25
21,41,0,1,0.0,1.25,1.25
21,42,3,6,3.75,7.5,3.75
21,43,0,3,0.0,3.75,3.75
21,44,2,2,2.5,2.5,0.0
21,45,0,0,0.0,0.0,0.0
21,46,1,3,1.25,3.75,2.5
21,47,0,6,0.0,7.5,7.5
21,48,1,1,1.25,1.25,0.0
21,49,0,0,0.0,0.0,0.0
21,50,1,0,1.25,0.0,-1.25
21,51,0,0,0.0,0.0,0.0
21,52,0,2,0.0,2.5,2.5
21,53,0,2,0.0,2.5,2.5
21,54,5,2,6.25,2.5,-3.75
21,55,3,1,3.75,1.25,-2.5
21,56,1,1,1.25,1.25,0.0
21,57,0,0,0.0,0.0,0.0
21,58,0,0,0.0,0.0,0.0
21,59,2,0,2.5,0.0,-2.5
21,60,0,0,0.0,0.0,0.0
21,61,1,1,1.25,1.25,0.0
21,62,0,1,0.0,1.25,1.25
21,63,1,2,1.25,2.5,1.25
21,64,0,0,0.0,0.0,0.0
21,65,3,2,3.75,2.5,-1.25
21,66,0,2,0.0,2.5,2.5
21,67,2,3,2.5,3.75,1.25
21,68,5,3,6.25,3.75,-2.5
21,69,5,4,6.25,5.0,-1.25
21,70,4,3,5.0,3.75,-1.25
21,71,3,5,3.75,6.25,2.5
21,72,5,4,6.25,5.0,-1.25
21,73,3,4,3.75,5.0,1.25
21,74,5,2,6.25,2.5,-3.75
21,75,1,2,1.25,2.5,1.25
21,76,2,5,2.5,6.25,3.75
21,77,4,3,5.0,3.75,-1.25
21,78,1,3,1.25,3.75,2.5
21,79,6,1,7.5,1.25,-6.25
21,80,2,1,2.5,1.25,-1.25
21,81,4,4,5.0,5.0,0.0
21,82,4,3,5.0,3.75,-1.25
21,83,4,6,5.0,7.5,2.5
21,84,1,2,1.25,2.5,1.25
21,85,2,4,2.5,5.0,2.5
21,86,2,4,2.5,5.0,2.5
21,87,5,3,6.25,3.75,-2.5
21,88,0,2,0.0,2.5,2.5
21,89,1,0,1.25,0.0,-1.25
21,90,2,1,2.5,1.25,-1.25
21,91,5,5,6.25,6.25,0.0
21,92,5,4,6.25,5.0,-1.25
21,93,4,7,5.0,8.75,3.75
21,94,3,5,3.75,6.25,2.5
21,95,0,3,0.0,3.75,3.75
21,96,5,3,6.25,3.75,-2.5
21,97,7,4,8.75,5.0,-3.75
21,98,4,7,5.0,8.75,3.75
21,99,4,4,5.0,5.0,0.0
21,100,1,2,1.25,2.5,1.25
21,101,3,1,3.75,1.25,-2.5
21,102,2,3,2.5,3.75,1.25
21,103,3,3,3.75,3.75,0.0
21,104,3,5,3.75,6.25,2.5
21,105,3,2,3.75,2.5,-1.25
21,106,0,2,0.0,2.5,2.5
21,107,6,5,7.5,6.25,-1.25
21,108,1,2,1.25,2.5,1.25
21,109,4,5,5.0,6.25,1.25
21,110,0,1,0.0,1.25,1.25
21,111,6,2,7.5,2.5,-5.0
21,112,2,1,2.5,1.25,-1.25
21,113,2,5,2.5,6.25,3.75
21,114,1,3,1.25,3.75,2.5
21,115,4,0,5.0,0.0,-5.0
21,116,3,3,3.75,3.75,0.0
21,117,1,4,1.25,5.0,3.75
21,118,5,2,6.25,2.5,-3.75
21,119,1,1,1.25,1.25,0.0
21,120,0,2,0.0,2.5,2.5
21,121,3,1,3.75,1.25,-2.5
21,122,0,0,0.0,0.0,0.0
21,123,2,0,2.5,0.0,-2.5
21,124,7,3,8.75,3.75,-5.0
21,125,3,2,3.75,2.5,-1.25
21,126,2,1,2.5,1.25,-1.25
21,127,2,6,2.5,7.5,5.0
21,128,2,2,2.5,2.5,0.0
21,129,4,5,5.0,6.25,1.25
21,130,4,1,5.0,1.25,-3.75
21,131,2,1,2.5,1.25,-1.25
21,132,4,1,5.0,1.25,-3.75
21,133,2,8,2.5,10.0,7.5
21,134,4,3,5.0,3.75,-1.25
22,0,0,1,0.0,1.25,1.25
22,1,0,1,0.0,1.25,1.25
22,2,0,0,0.0,0.0,0.0
22,3,0,0,0.0,0.0,0.0
22,4,0,1,0.0,1.25,1.25
22,5,0,0,0.0,0.0,0.0
22,6,1,0,1.25,0.0,-1.25
22,7,0,0,0.0,0.0,0.0
22,8,1,2,1.25,2.5,1.25
22,9,0,2,0.0,2.5,2.5
22,10,1,0,1.25,0.0,-1.25
22,11,0,0,0.0,0.0,0.0
22,12,0,4,0.0,5.0,5.0
22,13,1,2,1.25,2.5,1.25
22,14,0,1,0.0,1.25,1.25
22,15,1,1,1.25,1.25,0.0
22,16,0,2,0.0,2.5,2.5
22,17,0,0,0.0,0.0,0.0
22,18,0,0,0.0,0.0,0.0
22,19,0,1,0.0,1.25,1.25
22,20,0,2,0.0,2.5,2.5
22,21,0,2,0.0,2.5,2.5
22,22,0,1,0.0,1.25,1.25
22,23,0,3,0.0,3.75,3.75
22,24,0,3,0.0,3.75,3.75
22,25,0,0,0.0,0.0,0.0
22,26,0,2,0.0,2.5,2.5
22,27,2,1,2.5,1.25,-1.25
22,28,2,0,2.5,0.0,-2.5
22,29,1,0,1.25,0.0,-1.25
22,30,0,0,0.0,0.0,0.0
22,31,0,1,0.0,1.25,1.25
22,32,1,0,1.25,0.0,-1.25
22,33,0,1,0.0,1.25,1.25
22,34,0,0,0.0,0.0,0.0
22,35,0,0,0.0,0.0,0.0
22,36,0,3,0.0,3.75,3.75
22,37,1,1,1.25,1.25,0.0
22,38,1,1,1.25,1.25,0.0
22,39,1,0,1.25,0.0,-1.25
22,40,0,1,0.0,1.25,1.25
22,41,1,2,1.25,2.5,1.25
22,42,0,0,0.0,0.0,0.0
22,43,0,0,0.0,0.0,0.0
22,44,1,2,1.25,2.5,1.25
22,45,2,2,2.5,2.5,0.0
22,46,1,3,1.25,3.75,2.5
22,47,0,0,0.0,0.0,0.0
22,48,0,0,0.0,0.0,0.0
22,49,1,3,1.25,3.75,2.5
22,50,0,0,0.0,0.0,0.0
22,51,3,2,3.75,2.5,-1.25
22,52,1,2,1.25,2.5,1.25
22,53,0,0,0.0,0.0,0.0
22,54,0,0,0.0,0.0,0.0
22,55,1,0,1.25,0.0,-1.25
22,56,0,0,0.0,0.0,0.0
22,57,0,0,0.0,0.0,0.0
22,58,0,1,0.0,1.25,1.25
22,59,1,0,1.25,0.0,-1.25
22,60,0,0,0.0,0.0,0.0
22,61,0,2,0.0,2.5,2.5
22,62,3,1,3.75,1.25,-2.5
22,63,0,0,0.0,0.0,0.0
22,64,0,1,0.0,1.25,1.25
22,65,0,0,0.0,0.0,0.0
22,66,1,3,1.25,3.75,2.5
22,67,0,0,0.0,0.0,0.0
22,68,0,0,0.0,0.0,0.0
22,69,0,0,0.0,0.0,0.0
22,70,0,0,0.0,0.0,0.0
22,71,0,0,0.0,0.0,0.0
22,72,1,0,1.25,0.0,-1.25
22,73,0,0,0.0,0.0,0.0
22,74,0,0,0.0,0.0,0.0
22,75,0,0,0.0,0.0,0.0
22,76,0,0,0.0,0.0,0.0
22,77,0,2,0.0,2.5,2.5
22,78,0,0,0.0,0.0,0.0
22,79,0,0,0.0,0.0,0.0
22,80,1,0,1.25,0.0,-1.25
22,81,1,0,1.25,0.0,-1.25
22,82,0,0,0.0,0.0,0.0
22,83,0,0,0.0,0.0,0.0
22,84,1,2,1.25,2.5,1.25
22,85,0,0,0.0,0.0,0.0
22,86,0,1,0.0,1.25,1.25
22,87,0,0,0.0,0.0,0.0
22,88,1,4,1.25,5.0,3.75
22,89,1,3,1.25,3.75,2.5
22,90,0,0,0.0,0.0,0.0
22,91,0,1,0.0,1.25,1.25
22,92,1,0,1.25,0.0,-1.25
22,93,1,0,1.25,0.0,-1.25
22,94,0,3,0.0,3.75,3.75
22,95,0,0,0.0,0.0,0.0
22,96,1,1,1.25,1.25,0.0
22,97,0,1,0.0,1.25,1.25
22,98,0,0,0.0,0.0,0.0
22,99,0,0,0.0,0.0,0.0
22,100,0,1,0.0,1.25,1.25
22,101,0,0,0.0,0.0,0.0
22,102,1,0,1.25,0.0,-1.25
22,103,0,0,0.0,0.0,0.0
22,104,0,0,0.0,0.0,0.0
22,105,2,0,2.5,0.0,-2.5
22,106,1,0,1.25,0.0,-1.25
22,107,0,0,0.0,0.0,0.0
22,108,3,2,3.75,2.5,-1.25
22,109,0,0,0.0,0.0,0.0
22,110,1,0,1.25,0.0,-1.25
22,111,1,0,1.25,0.0,-1.25
22,112,1,2,1.25,2.5,1.25
22,113,0,0,0.0,0.0,0.0
22,114,0,0,0.0,0.0,0.0
22,115,0,4,0.0,5.0,5.0
22,116,0,1,0.0,1.25,1.25
22,117,0,0,0.0,0.0,0.0
22,118,0,0,0.0,0.0,0.0
22,119,5,0,6.25,0.0,-6.25
22,120,2,1,2.5,1.25,-1.25
22,121,0,0,0.0,0.0,0.0
22,122,2,3,2.5,3.75,1.25
22,123,1,0,1.25,0.0,-1.25
22,124,0,0,0.0,0.0,0.0
22,125,0,1,0.0,1.25,1.25
22,126,0,0,0.0,0.0,0.0
22,127,0,1,0.0,1.25,1.25
22,128,1,0,1.25,0.0,-1.25
22,129,0,0,0.0,0.0,0.0
22,130,1,3,1.25,3.75,2.5
22,131,1,0,1.25,0.0,-1.25
22,132,3,1,3.75,1.25,-2.5
22,133,0,0,0.0,0.0,0.0
22,134,1,0,1.25,0.0,-1.25
23,0,0,0,0.0,0.0,0.0
23,1,0,0,0.0,0.0,0.0
23,2,0,0,0.0,0.0,0.0
23,3,1,0,1.25,0.0,-1.25
23,4,0,1,0.0,1.25,1.25
23,5,2,1,2.5,1.25,-1.25
23,6,0,0,0.0,0.0,0.0
23,7,0,0,0.0,0.0,0.0
23,8,0,1,0.0,1.25,1.25
23,9,1,0,1.25,0.0,-1.25
23,10,0,2,0.0,2.5,2.5
23,11,0,0,0.0,0.0,0.0
23,12,1,1,1.25,1.25,0.0
23,13,0,1,0.0,1.25,1.25
23,14,0,0,0.0,0.0,0.0
23,15,0,0,0.0,0.0,0.0
23,16,0,0,0.0,0.0,0.0
23,17,2,2,2.5,2.5,0.0
23,18,2,2,2.5,2.5,0.0
23,19,0,0,0.0,0.0,0.0
23,20,0,1,0.0,1.25,1.25
23,21,1,0,1.25,0.0,-1.25
23,22,1,1,1.25,1.25,0.0
23,23,0,0,0.0,0.0,0.0
23,24,1,0,1.25,0.0,-1.25
23,25,0,1,0.0,1.25,1.25
23,26,0,2,0.0,2.5,2.5
23,27,0,0,0.0,0.0,0.0
23,28,0,0,0.0,0.0,0.0
23,29,0,1,0.0,1.25,1.25
23,30,0,0,0.0,0.0,0.0
23,31,0,0,0.0,0.0,0.0
23,32,0,0,0.0,0.0,0.0
23,33,1,1,1.25,1.25,0.0
23,34,2,1,2.5,1.25,-1.25
23,35,0,2,0.0,2.5,2.5
23,36,0,0,0.0,0.0,0.0
23,37,1,0,1.25,0.0,-1.25
23,38,0,1,0.0,1.25,1.25
23,39,0,0,0.0,0.0,0.0
23,40,0,0,0.0,0.0,0.0
23,41,0,0,0.0,0.0,0.0
23,42,0,1,0.0,1.25,1.25
23,43,0,0,0.0,0.0,0.0
23,44,0,2,0.0,2.5,2.5
23,45,0,1,0.0,1.25,1.25
23,46,4,2,5.0,2.5,-2.5
23,47,0,3,0.0,3.75,3.75
23,48,0,0,0.0,0.0,0.0
23,49,0,1,0.0,1.25,1.25
23,50,1,0,1.25,0.0,-1.25
23,51,0,0,0.0,0.0,0.0
23,52,0,0,0.0,0.0,0.0
23,53,0,2,0.0,2.5,2.5
23,54,0,0,0.0,0.0,0.0
23,55,1,2,1.25,2.5,1.25
23,56,0,2,0.0,2.5,2.5
23,57,0,0,0.0,0.0,0.0
23,58,0,1,0.0,1.25,1.25
23,59,1,1,1.25,1.25,0.0
23,60,0,0,0.0,0.0,0.0
23,61,3,0,3.75,0.0,-3.75
23,62,1,0,1.25,0.0,-1.25
23,63,1,1,1.25,1.25,0.0
23,64,2,1,2.5,1.25,-1.25
23,65,1,0,1.25,0.0,-1.25
23,66,0,1,0.0,1.25,1.25
23,67,1,2,1.25,2.5,1.25
23,68,0,1,0.0,1.25,1.25
23,69,0,0,0.0,0.0,0.0
23,70,0,0,0.0,0.0,0.0
23,71,0,0,0.0,0.0,0.0
23,72,1,0,1.25,0.0,-1.25
23,73,0,0,0.0,0.0,0.0
23,74,0,0,0.0,0.0,0.0
23,75,0,1,0.0,1.25,1.25
23,76,0,0,0.0,0.0,0.0
23,77,0,1,0.0,1.25,1.25
23,78,0,2,0.0,2.5,2.5
23,79,0,1,0.0,1.25,1.25
23,80,0,0,0.0,0.0,0.0
23,81,0,0,0.0,0.0,0.0
23,82,0,0,0.0,0.0,0.0
23,83,0,0,0.0,0.0,0.0
23,84,2,2,2.5,2.5,0.0
23,85,1,1,1.25,1.25,0.0
23,86,0,1,0.0,1.25,1.25
23,87,0,1,0.0,1.25,1.25
23,88,0,1,0.0,1.25,1.25
23,89,0,2,0.0,2.5,2.5
23,90,0,1,0.0,1.25,1.25
23,91,1,0,1.25,0.0,-1.25
23,92,0,0,0.0,0.0,0.0
23,93,1,0,1.25,0.0,-1.25
23,94,2,1,2.5,1.25,-1.25
23,95,1,0,1.25,0.0,-1.25
23,96,0,0,0.0,0.0,0.0
23,97,0,0,0.0,0.0,0.0
23,98,1,0,1.25,0.0,-1.25
23,99,0,0,0.0,0.0,0.0
23,100,0,0,0.0,0.0,0.0
23,101,1,2,1.25,2.5,1.25
23,102,0,1,0.0,1.25,1.25
23,103,0,0,0.0,0.0,0.0
23,104,0,0,0.0,0.0,0.0
23,105,0,0,0.0,0.0,0.0
23,106,0,3,0.0,3.75,3.75
23,107,0,2,0.0,2.5,2.5
23,108,2,0,2.5,0.0,-2.5
23,109,0,2,0.0,2.5,2.5
23,110,0,1,0.0,1.25,1.25
23,111,0,2,0.0,2.5,2.5
23,112,2,1,2.5,1.25,-1.25
23,113,0,0,0.0,0.0,0.0
23,114,2,1,2.5,1.25,-1.25
23,115,0,0,0.0,0.0,0.0
23,116,1,0,1.25,0.0,-1.25
23,117,2,0,2.5,0.0,-2.5
23,118,0,0,0.0,0.0,0.0
23,119,1,0,1.25,0.0,-1.25
23,120,1,3,1.25,3.75,2.5
23,121,0,0,0.0,0.0,0.0
23,122,1,1,1.25,1.25,0.0
23,123,0,0,0.0,0.0,0.0
23,124,1,1,1.25,1.25,0.0
23,125,0,0,0.0,0.0,0.0
23,126,2,1,2.5,1.25,-1.25
23,127,0,0,0.0,0.0,0.0
23,128,0,1,0.0,1.25,1.25
23,129,1,0,1.25,0.0,-1.25
23,130,1,0,1.25,0.0,-1.25
23,131,1,0,1.25,0.0,-1.25
23,132,0,1,0.0,1.25,1.25
23,133,0,0,0.0,0.0,0.0
23,134,1,0,1.25,0.0,-1.25
24,0,5,3,6.25,3.75,-2.5
24,1,4,5,5.0,6.25,1.25
24,2,1,4,1.25,5.0,3.75
24,3,4,2,5.0,2.5,-2.5
24,4,1,3,1.25,3.75,2.5
24,5,5,2,6.25,2.5,-3.75
24,6,2,3,2.5,3.75,1.25
24,7,3,0,3.75,0.0,-3.75
24,8,4,4,5.0,5.0,0.0
24,9,0,1,0.0,1.25,1.25
24,10,1,5,1.25,6.25,5.0
24,11,3,1,3.75,1.25,-2.5
24,12,0,2,0.0,2.5,2.5
24,13,2,0,2.5,0.0,-2.5
24,14,1,2,1.25,2.5,1.25
24,15,0,1,0.0,1.25,1.25
24,16,2,1,2.5,1.25,-1.25
24,17,2,4,2.5,5.0,2.5
24,18,0,2,0.0,2.5,2.5
24,19,0,3,0.0,3.75,3.75
24,20,2,3,2.5,3.75,1.25
24,21,2,1,2.5,1.25,-1.25
24,22,1,2,1.25,2.5,1.25
24,23,0,0,0.0,0.0,0.0
24,24,4,1,5.0,1.25,-3.75
24,25,1,1,1.25,1.25,0.0
24,26,2,1,2.5,1.25,-1.25
24,27,2,3,2.5,3.75,1.25
24,28,2,1,2.5,1.25,-1.25
24,29,2,3,2.5,3.75,1.25
24,30,4,2,5.0,2.5,-2.5
24,31,2,7,2.5,8.75,6.25
24,32,5,6,6.25,7.5,1.25
24,33,4,4,5.0,5.0,0.0
24,34,3,2,3.75,2.5,-1.25
24,35,1,4,1.25,5.0,3.75
24,36,1,3,1.25,3.75,2.5
24,37,6,3,7.5,3.75,-3.75
24,38,2,1,2.5,1.25,-1.25
24,39,4,6,5.0,7.5,2.5
24,40,2,1,2.5,1.25,-1.25
24,41,0,1,0.0,1.25,1.25
24,42,2,4,2.5,5.0,2.5
24,43,0,4,0.0,5.0,5.0
24,44,4,3,5.0,3.75,-1.25
24,45,0,1,0.0,1.25,1.25
24,46,3,2,3.75,2.5,-1.25
24,47,1,1,1.25,1.25,0.0
24,48,0,0,0.0,0.0,0.0
24,49,4,1,5.0,1.25,-3.75
24,50,2,2,2.5,2.5,0.0
24,51,0,2,0.0,2.5,2.5
24,52,3,0,3.75,0.0,-3.75
24,53,1,2,1.25,2.5,1.25
24,54,3,3,3.75,3.75,0.0
24,55,2,1,2.5,1.25,-1.25
24,56,1,0,1.25,0.0,-1.25
24,57,1,1,1.25,1.25,0.0
24,58,1,0,1.25,0.0,-1.25
24,59,3,0,3.75,0.0,-3.75
24,60,2,1,2.5,1.25,-1.25
24,61,3,1,3.75,1.25,-2.5
24,62,0,0,0.0,0.0,0.0
24,63,4,2,5.0,2.5,-2.5
24,64,1,1,1.25,1.25,0.0
24,65,2,0,2.5,0.0,-2.5
24,66,1,3,1.25,3.75,2.5
24,67,2,0,2.5,0.0,-2.5
24,68,2,1,2.5,1.25,-1.25
24,69,3,2,3.75,2.5,-1.25
24,70,3,2,3.75,2.5,-1.25
24,71,4,4,5.0,5.0,0.0
24,72,4,3,5.0,3.75,-1.25
24,73,3,2,3.75,2.5,-1.25
24,74,4,1,5.0,1.25,-3.75
24,75,3,3,3.75,3.75,0.0
24,76,4,2,5.0,2.5,-2.5
24,77,3,4,3.75,5.0,1.25
24,78,0,3,0.0,3.75,3.75
24,79,0,4,0.0,5.0,5.0
24,80,2,2,2.5,2.5,0.0
24,81,0,4,0.0,5.0,5.0
24,82,4,0,5.0,0.0,-5.0
24,83,3,3,3.75,3.75,0.0
24,84,3,1,3.75,1.25,-2.5
24,85,6,4,7.5,5.0,-2.5
24,86,7,2,8.75,2.5,-6.25
24,87,2,1,2.5,1.25,-1.25
24,88,0,1,0.0,1.25,1.25
24,89,2,1,2.5,1.25,-1.25
24,90,2,2,2.5,2.5,0.0
24,91,3,5,3.75,6.25,2.5
24,92,6,1,7.5,1.25,-6.25
24,93,2,3,2.5,3.75,1.25
24,94,2,1,2.5,1.25,-1.25
24,95,2,0,2.5,0.0,-2.5
24,96,2,4,2.5,5.0,2.5
24,97,6,2,7.5,2.5,-5.0
24,98,3,3,3.75,3.75,0.0
24,99,2,2,2.5,2.5,0.0
24,100,3,1,3.75,1.25,-2.5
24,101,1,0,1.25,0.0,-1.25
24,102,1,3,1.25,3.75,2.5
24,103,1,2,1.25,2.5,1.25
24,104,3,3,3.75,3.75,0.0
24,105,3,0,3.75,0.0,-3.75
24,106,1,4,1.25,5.0,3.75
24,107,0,3,0.0,3.75,3.75
24,108,0,1,0.0,1.25,1.25
24,109,1,4,1.25,5.0,3.75
24,110,1,1,1.25,1.25,0.0
24,111,4,2,5.0,2.5,-2.5
24,112,2,2,2.5,2.5,0.0
24,113,2,3,2.5,3.75,1.25
24,114,1,2,1.25,2.5,1.25
24,115,2,1,2.5,1.25,-1.25
24,116,0,0,0.0,0.0,0.0
24,117,2,2,2.5,2.5,0.0
24,118,1,1,1.25,1.25,0.0
24,119,2,3,2.5,3.75,1.25
24,120,3,2,3.75,2.5,-1.25
24,121,3,0,3.75,0.0,-3.75
24,122,1,1,1.25,1.25,0.0
24,123,1,3,1.25,3.75,2.5
24,124,4,4,5.0,5.0,0.0
24,125,2,5,2.5,6.25,3.75
24,126,3,3,3.75,3.75,0.0
24,127,3,1,3.75,1.25,-2.5
24,128,1,2,1.25,2.5,1.25
24,129,4,2,5.0,2.5,-2.5
24,130,1,3,1.25,3.75,2.5
24,131,0,4,0.0,5.0,5.0
24,132,3,3,3.75,3.75,0.0
24,133,3,4,3.75,5.0,1.25
24,134,2,5,2.5,6.25,3.75
25,0,0,0,0.0,0.0,0.0
25,1,0,1,0.0,1.25,1.25
25,2,0,0,0.0,0.0,0.0
25,3,0,0,0.0,0.0,0.0
25,4,1,0,1.25,0.0,-1.25
25,5,1,0,1.25,0.0,-1.25
25,6,0,0,0.0,0.0,0.0
25,7,1,0,1.25,0.0,-1.25
25,8,0,0,0.0,0.0,0.0
25,9,0,0,0.0,0.0,0.0
25,10,0,0,0.0,0.0,0.0
25,11,1,0,1.25,0.0,-1.25
25,12,0,0,0.0,0.0,0.0
25,13,0,0,0.0,0.0,0.0
25,14,0,0,0.0,0.0,0.0
25,15,0,0,0.0,0.0,0.0
25,16,0,0,0.0,0.0,0.0
25,17,0,0,0.0,0.0,0.0
25,18,0,0,0.0,0.0,0.0
25,19,0,0,0.0,0.0,0.0
25,20,0,0,0.0,0.0,0.0
25,21,0,0,0.0,0.0,0.0
25,22,0,0,0.0,0.0,0.0
25,23,0,0,0.0,0.0,0.0
25,24,0,0,0.0,0.0,0.0
25,25,0,0,0.0,0.0,0.0
25,26,0,0,0.0,0.0,0.0
25,27,0,0,0.0,0.0,0.0
25,28,1,0,1.25,0.0,-1.25
25,29,0,0,0.0,0.0,0.0
25,30,0,0,0.0,0.0,0.0
25,31,0,0,0.0,0.0,0.0
25,32,0,0,0.0,0.0,0.0
25,33,1,0,1.25,0.0,-1.25
25,34,0,0,0.0,0.0,0.0
25,35,0,0,0.0,0.0,0.0
25,36,0,0,0.0,0.0,0.0
25,37,1,0,1.25,0.0,-1.25
25,38,0,0,0.0,0.0,0.0
25,39,0,1,0.0,1.25,1.25
25,40,0,0,0.0,0.0,0.0
25,41,0,0,0.0,0.0,0.0
25,42,0,0,0.0,0.0,0.0
25,43,0,0,0.0,0.0,0.0
25,44,0,0,0.0,0.0,0.0
25,45,1,0,1.25,0.0,-1.25
25,46,1,0,1.25,0.0,-1.25
25,47,0,1,0.0,1.25,1.25
25,48,0,0,0.0,0.0,0.0
25,49,0,0,0.0,0.0,0.0
25,50,0,0,0.0,0.0,0.0
25,51,0,0,0.0,0.0,0.0
25,52,0,0,0.0,0.0,0.0
25,53,0,0,0.0,0.0,0.0
25,54,1,0,1.25,0.0,-1.25
25,55,0,0,0.0,0.0,0.0
25,56,0,0,0.0,0.0,0.0
25,57,0,0,0.0,0.0,0.0
25,58,0,0,0.0,0.0,0.0
25,59,0,0,0.0,0.0,0.0
25,60,0,0,0.0,0.0,0.0
25,61,1,1,1.25,1.25,0.0
25,62,0,1,0.0,1.25,1.25
25,63,0,0,0.0,0.0,0.0
25,64,0,0,0.0,0.0,0.0
25,65,1,0,1.25,0.0,-1.25
25,66,0,1,0.0,1.25,1.25
25,67,0,0,0.0,0.0,0.0
25,68,0,0,0.0,0.0,0.0
25,69,0,0,0.0,0.0,0.0
25,70,0,0,0.0,0.0,0.0
25,71,0,0,0.0,0.0,0.0
25,72,2,0,2.5,0.0,-2.5
25,73,0,1,0.0,1.25,1.25
25,74,2,1,2.5,1.25,-1.25
25,75,0,0,0.0,0.0,0.0
25,76,1,0,1.25,0.0,-1.25
25,77,0,0,0.0,0.0,0.0
25,78,0,0,0.0,0.0,0.0
25,79,1,0,1.25,0.0,-1.25
25,80,0,1,0.0,1.25,1.25
25,81,0,0,0.0,0.0,0.0
25,82,0,0,0.0,0.0,0.0
25,83,0,0,0.0,0.0,0.0
25,84,1,1,1.25,1.25,0.0
25,85,0,0,0.0,0.0,0.0
25,86,0,0,0.0,0.0,0.0
25,87,1,1,1.25,1.25,0.0
25,88,0,0,0.0,0.0,0.0
25,89,0,0,0.0,0.0,0.0
25,90,0,1,0.0,1.25,1.25
25,91,0,0,0.0,0.0,0.0
25,92,2,0,2.5,0.0,-2.5
25,93,0,0,0.0,0.0,0.0
25,94,0,0,0.0,0.0,0.0
25,95,0,0,0.0,0.0,0.0
25,96,0,0,0.0,0.0,0.0
25,97,0,0,0.0,0.0,0.0
25,98,0,0,0.0,0.0,0.0
25,99,0,0,0.0,0.0,0.0
25,100,1,1,1.25,1.25,0.0
25,101,0,0,0.0,0.0,0.0
25,102,0,0,0.0,0.0,0.0
25,103,0,0,0.0,0.0,0.0
25,104,0,0,0.0,0.0,0.0
25,105,1,0,1.25,0.0,-1.25
25,106,0,0,0.0,0.0,0.0
25,107,0,0,0.0,0.0,0.0
25,108,0,1,0.0,1.25,1.25
25,109,0,0,0.0,0.0,0.0
25,110,0,0,0.0,0.0,0.0
25,111,0,0,0.0,0.0,0.0
25,112,0,0,0.0,0.0,0.0
25,113,0,0,0.0,0.0,0.0
25,114,0,1,0.0,1.25,1.25
25,115,0,0,0.0,0.0,0.0
25,116,0,0,0.0,0.0,0.0
25,117,0,0,0.0,0.0,0.0
25,118,0,0,0.0,0.0,0.0
25,119,0,0,0.0,0.0,0.0
25,120,0,0,0.0,0.0,0.0
25,121,2,0,2.5,0.0,-2.5
25,122,0,0,0.0,0.0,0.0
25,123,0,0,0.0,0.0,0.0
25,124,0,0,0.0,0.0,0.0
25,125,0,0,0.0,0.0,0.0
25,126,0,0,0.0,0.0,0.0
25,127,0,0,0.0,0.0,0.0
25,128,1,0,1.25,0.0,-1.25
25,129,0,0,0.0,0.0,0.0
25,130,0,1,0.0,1.25,1.25
25,131,1,0,1.25,0.0,-1.25
25,132,1,0,1.25,0.0,-1.25
25,133,1,1,1.25,1.25,0.0
25,134,0,0,0.0,0.0,0.0
26,0,3,1,3.75,1.25,-2.5
26,1,1,12,1.25,15.0,13.75
26,2,4,1,5.0,1.25,-3.75
26,3,1,3,1.25,3.75,2.5
26,4,7,1,8.75,1.25,-7.5
26,5,0,1,0.0,1.25,1.25
26,6,2,4,2.5,5.0,2.5
26,7,0,0,0.0,0.0,0.0
26,8,0,2,0.0,2.5,2.5
26,9,1,4,1.25,5.0,3.75
26,10,0,1,0.0,1.25,1.25
26,11,1,0,1.25,0.0,-1.25
26,12,0,2,0.0,2.5,2.5
26,13,0,4,0.0,5.0,5.0
26,14,0,1,0.0,1.25,1.25
26,15,0,0,0.0,0.0,0.0
26,16,1,0,1.25,0.0,-1.25
26,17,0,8,0.0,10.0,10.0
26,18,0,1,0.0,1.25,1.25
26,19,0,0,0.0,0.0,0.0
26,20,0,2,0.0,2.5,2.5
26,21,0,0,0.0,0.0,0.0
26,22,0,0,0.0,0.0,0.0
26,23,1,0,1.25,0.0,-1.25
26,24,1,5,1.25,6.25,5.0
26,25,1,1,1.25,1.25,0.0
26,26,2,2,2.5,2.5,0.0
26,27,2,2,2.5,2.5,0.0
26,28,2,1,2.5,1.25,-1.25
26,29,2,2,2.5,2.5,0.0
26,30,2,1,2.5,1.25,-1.25
26,31,5,3,6.25,3.75,-2.5
26,32,6,11,7.5,13.75,6.25
26,33,2,5,2.5,6.25,3.75
26,34,2,3,2.5,3.75,1.25
26,35,0,0,0.0,0.0,0.0
26,36,1,2,1.25,2.5,1.25
26,37,0,0,0.0,0.0,0.0
26,38,0,0,0.0,0.0,0.0
26,39,0,0,0.0,0.0,0.0
26,40,0,0,0.0,0.0,0.0
26,41,0,1,0.0,1.25,1.25
26,42,1,3,1.25,3.75,2.5
26,43,2,2,2.5,2.5,0.0
26,44,2,4,2.5,5.0,2.5
26,45,2,5,2.5,6.25,3.75
26,46,2,0,2.5,0.0,-2.5
26,47,0,1,0.0,1.25,1.25
26,48,0,0,0.0,0.0,0.0
26,49,0,4,0.0,5.0,5.0
26,50,9,1,11.25,1.25,-10.0
26,51,2,0,2.5,0.0,-2.5
26,52,5,4,6.25,5.0,-1.25
26,53,0,5,0.0,6.25,6.25
26,54,3,6,3.75,7.5,3.75
26,55,4,5,5.0,6.25,1.25
26,56,1,2,1.25,2.5,1.25
26,57,1,2,1.25,2.5,1.25
26,58,1,1,1.25,1.25,0.0
26,59,0,2,0.0,2.5,2.5
26,60,5,3,6.25,3.75,-2.5
26,61,2,0,2.5,0.0,-2.5
26,62,3,2,3.75,2.5,-1.25
26,63,6,10,7.5,12.5,5.0
26,64,1,4,1.25,5.0,3.75
26,65,0,4,0.0,5.0,5.0
26,66,0,2,0.0,2.5,2.5
26,67,2,5,2.5,6.25,3.75
26,68,1,8,1.25,10.0,8.75
26,69,4,6,5.0,7.5,2.5
26,70,2,10,2.5,12.5,10.0
26,71,2,1,2.5,1.25,-1.25
26,72,3,3,3.75,3.75,0.0
26,73,1,1,1.25,1.25,0.0
26,74,3,1,3.75,1.25,-2.5
26,75,3,9,3.75,11.25,7.5
26,76,0,4,0.0,5.0,5.0
26,77,6,2,7.5,2.5,-5.0
26,78,6,6,7.5,7.5,0.0
26,79,4,3,5.0,3.75,-1.25
26,80,0,4,0.0,5.0,5.0
26,81,5,2,6.25,2.5,-3.75
26,82,6,3,7.5,3.75,-3.75
26,83,0,4,0.0,5.0,5.0
26,84,2,3,2.5,3.75,1.25
26,85,0,3,0.0,3.75,3.75
26,86,2,4,2.5,5.0,2.5
26,87,4,4,5.0,5.0,0.0
26,88,4,2,5.0,2.5,-2.5
26,89,2,5,2.5,6.25,3.75
26,90,2,1,2.5,1.25,-1.25
26,91,2,4,2.5,5.0,2.5
26,92,1,2,1.25,2.5,1.25
26,93,3,5,3.75,6.25,2.5
26,94,1,3,1.25,3.75,2.5
26,95,5,1,6.25,1.25,-5.0
26,96,2,9,2.5,11.25,8.75
26,97,4,2,5.0,2.5,-2.5
26,98,3,6,3.75,7.5,3.75
26,99,1,2,1.25,2.5,1.25
26,100,1,5,1.25,6.25,5.0
26,101,3,3,3.75,3.75,0.0
26,102,7,4,8.75,5.0,-3.75
26,103,7,0,8.75,0.0,-8.75
26,104,6,4,7.5,5.0,-2.5
26,105,1,6,1.25,7.5,6.25
26,106,3,3,3.75,3.75,0.0
26,107,3,9,3.75,11.25,7.5
26,108,2,1,2.5,1.25,-1.25
26,109,3,3,3.75,3.75,0.0
26,110,4,3,5.0,3.75,-1.25
26,111,7,5,8.75,6.25,-2.5
26,112,4,2,5.0,2.5,-2.5
26,113,13,1,16.25,1.25,-15.0
26,114,2,6,2.5,7.5,5.0
26,115,8,2,10.0,2.5,-7.5
26,116,4,4,5.0,5.0,0.0
26,117,2,4,2.5,5.0,2.5
26,118,4,1,5.0,1.25,-3.75
26,119,6,4,7.5,5.0,-2.5
26,120,1,3,1.25,3.75,2.5
26,121,4,2,5.0,2.5,-2.5
26,122,1,2,1.25,2.5,1.25
26,123,1,4,1.25,5.0,3.75
26,124,4,6,5.0,7.5,2.5
26,125,5,3,6.25,3.75,-2.5
26,126,6,2,7.5,2.5,-5.0
26,127,3,3,3.75,3.75,0.0
26,128,9,5,11.25,6.25,-5.0
26,129,8,6,10.0,7.5,-2.5
26,130,3,3,3.75,3.75,0.0
26,131,2,4,2.5,5.0,2.5
26,132,2,1,2.5,1.25,-1.25
26,133,5,0,6.25,0.0,-6.25
26,134,2,0,2.5,0.0,-2.5
27,0,0,0,0.0,0.0,0.0
27,1,0,0,0.0,0.0,0.0
27,2,0,0,0.0,0.0,0.0
27,3,0,0,0.0,0.0,0.0
27,4,0,0,0.0,0.0,0.0
27,5,0,0,0.0,0.0,0.0
27,6,0,0,0.0,0.0,0.0
27,7,0,0,0.0,0.0,0.0
27,8,0,0,0.0,0.0,0.0
27,9,0,0,0.0,0.0,0.0
27,10,0,0,0.0,0.0,0.0
27,11,0,0,0.0,0.0,0.0
27,12,0,0,0.0,0.0,0.0
27,13,0,0,0.0,0.0,0.0
27,14,0,0,0.0,0.0,0.0
27,15,0,0,0.0,0.0,0.0
27,16,0,0,0.0,0.0,0.0
27,17,0,0,0.0,0.0,0.0
27,18,0,0,0.0,0.0,0.0
27,19,0,0,0.0,0.0,0.0
27,20,0,0,0.0,0.0,0.0
27,21,0,0,0.0,0.0,0.0
27,22,0,0,0.0,0.0,0.0
27,23,0,0,0.0,0.0,0.0
27,24,0,0,0.0,0.0,0.0
27,25,0,1,0.0,1.25,1.25
27,26,0,0,0.0,0.0,0.0
27,27,0,0,0.0,0.0,0.0
27,28,0,0,0.0,0.0,0.0
27,29,0,0,0.0,0.0,0.0
27,30,0,0,0.0,0.0,0.0
27,31,0,0,0.0,0.0,0.0
27,32,0,0,0.0,0.0,0.0
27,33,0,1,0.0,1.25,1.25
27,34,0,0,0.0,0.0,0.0
27,35,0,0,0.0,0.0,0.0
27,36,0,1,0.0,1.25,1.25
27,37,0,0,0.0,0.0,0.0
27,38,0,0,0.0,0.0,0.0
27,39,0,1,0.0,1.25,1.25
27,40,0,0,0.0,0.0,0.0
27,41,0,0,0.0,0.0,0.0
27,42,0,0,0.0,0.0,0.0
27,43,0,0,0.0,0.0,0.0
27,44,0,0,0.0,0.0,0.0
27,45,0,0,0.0,0.0,0.0
27,46,0,0,0.0,0.0,0.0
27,47,0,0,0.0,0.0,0.0
27,48,0,0,0.0,0.0,0.0
27,49,0,0,0.0,0.0,0.0
27,50,0,0,0.0,0.0,0.0
27,51,1,0,1.25,0.0,-1.25
27,52,0,0,0.0,0.0,0.0
27,53,0,0,0.0,0.0,0.0
27,54,0,1,0.0,1.25,1.25
27,55,0,0,0.0,0.0,0.0
27,56,0,0,0.0,0.0,0.0
27,57,0,0,0.0,0.0,0.0
27,58,0,0,0.0,0.0,0.0
27,59,0,0,0.0,0.0,0.0
27,60,1,2,1.25,2.5,1.25
27,61,0,1,0.0,1.25,1.25
27,62,0,0,0.0,0.0,0.0
27,63,0,2,0.0,2.5,2.5
27,64,0,0,0.0,0.0,0.0
27,65,0,1,0.0,1.25,1.25
27,66,0,0,0.0,0.0,0.0
27,67,0,0,0.0,0.0,0.0
27,68,0,0,0.0,0.0,0.0
27,69,0,1,0.0,1.25,1.25
27,70,1,2,1.25,2.5,1.25
27,71,1,0,1.25,0.0,-1.25
27,72,1,2,1.25,2.5,1.25
27,73,0,0,0.0,0.0,0.0
27,74,0,1,0.0,1.25,1.25
27,75,0,0,0.0,0.0,0.0
27,76,0,0,0.0,0.0,0.0
27,77,1,0,1.25,0.0,-1.25
27,78,1,0,1.25,0.0,-1.25
27,79,0,0,0.0,0.0,0.0
27,80,1,0,1.25,0.0,-1.25
27,81,0,0,0.0,0.0,0.0
27,82,0,1,0.0,1.25,1.25
27,83,0,1,0.0,1.25,1.25
27,84,0,0,0.0,0.0,0.0
27,85,0,1,0.0,1.25,1.25
27,86,0,0,0.0,0.0,0.0
27,87,2,0,2.5,0.0,-2.5
27,88,0,1,0.0,1.25,1.25
27,89,0,0,0.0,0.0,0.0
27,90,0,0,0.0,0.0,0.0
27,91,0,0,0.0,0.0,0.0
27,92,0,0,0.0,0.0,0.0
27,93,1,1,1.25,1.25,0.0
27,94,0,0,0.0,0.0,0.0
27,95,1,1,1.25,1.25,0.0
27,96,0,2,0.0,2.5,2.5
27,97,2,0,2.5,0.0,-2.5
27,98,0,1,0.0,1.25,1.25
27,99,0,0,0.0,0.0,0.0
27,100,0,0,0.0,0.0,0.0
27,101,0,0,0.0,0.0,0.0
27,102,1,3,1.25,3.75,2.5
27,103,0,0,0.0,0.0,0.0
27,104,0,1,0.0,1.25,1.25
27,105,0,0,0.0,0.0,0.0
27,106,1,1,1.25,1.25,0.0
27,107,0,3,0.0,3.75,3.75
27,108,1,0,1.25,0.0,-1.25
27,109,0,1,0.0,1.25,1.25
27,110,0,0,0.0,0.0,0.0
27,111,0,0,0.0,0.0,0.0
27,112,1,0,1.25,0.0,-1.25
27,113,1,1,1.25,1.25,0.0
27,114,0,2,0.0,2.5,2.5
27,115,1,0,1.25,0.0,-1.25
27,116,1,1,1.25,1.25,0.0
27,117,2,0,2.5,0.0,-2.5
27,118,0,2,0.0,2.5,2.5
27,119,1,0,1.25,0.0,-1.25
27,120,0,0,0.0,0.0,0.0
27,121,3,0,3.75,0.0,-3.75
27,122,0,0,0.0,0.0,0.0
27,123,0,1,0.0,1.25,1.25
27,124,0,1,0.0,1.25,1.25
27,125,1,2,1.25,2.5,1.25
27,126,0,2,0.0,2.5,2.5
27,127,0,3,0.0,3.75,3.75
27,128,1,1,1.25,1.25,0.0
27,129,0,0,0.0,0.0,0.0
27,130,0,0,0.0,0.0,0.0
27,131,1,0,1.25,0.0,-1.25
27,132,0,0,0.0,0.0,0.0
27,133,2,0,2.5,0.0,-2.5
27,134,1,0,1.25,0.0,-1.25
28,0,0,0,0.0,0.0,0.0
28,1,0,0,0.0,0.0,0.0
28,2,0,0,0.0,0.0,0.0
28,3,0,0,0.0,0.0,0.0
28,4,0,0,0.0,0.0,0.0
28,5,0,0,0.0,0.0,0.0
28,6,0,0,0.0,0.0,0.0
28,7,0,0,0.0,0.0,0.0
28,8,0,0,0.0,0.0,0.0
28,9,0,0,0.0,0.0,0.0
28,10,0,0,0.0,0.0,0.0
28,11,0,0,0.0,0.0,0.0
28,12,0,0,0.0,0.0,0.0
28,13,0,0,0.0,0.0,0.0
28,14,0,0,0.0,0.0,0.0
28,15,0,0,0.0,0.0,0.0
28,16,0,0,0.0,0.0,0.0
28,17,0,0,0.0,0.0,0.0
28,18,0,0,0.0,0.0,0.0
28,19,0,0,0.0,0.0,0.0
28,20,0,0,0.0,0.0,0.0
28,21,0,0,0.0,0.0,0.0
28,22,0,0,0.0,0.0,0.0
28,23,0,0,0.0,0.0,0.0
28,24,0,1,0.0,1.25,1.25
28,25,0,0,0.0,0.0,0.0
28,26,0,0,0.0,0.0,0.0
28,27,2,1,2.5,1.25,-1.25
28,28,0,0,0.0,0.0,0.0
28,29,0,0,0.0,0.0,0.0
28,30,0,0,0.0,0.0,0.0
28,31,1,0,1.25,0.0,-1.25
28,32,2,0,2.5,0.0,-2.5
28,33,0,0,0.0,0.0,0.0
28,34,0,0,0.0,0.0,0.0
28,35,0,0,0.0,0.0,0.0
28,36,0,0,0.0,0.0,0.0
28,37,0,0,0.0,0.0,0.0
28,38,0,0,0.0,0.0,0.0
28,39,0,0,0.0,0.0,0.0
28,40,0,0,0.0,0.0,0.0
28,41,0,0,0.0,0.0,0.0
28,42,0,0,0.0,0.0,0.0
28,43,0,0,0.0,0.0,0.0
28,44,1,2,1.25,2.5,1.25
28,45,0,0,0.0,0.0,0.0
28,46,0,0,0.0,0.0,0.0
28,47,0,0,0.0,0.0,0.0
28,48,0,0,0.0,0.0,0.0
28,49,0,0,0.0,0.0,0.0
28,50,0,0,0.0,0.0,0.0
28,51,1,0,1.25,0.0,-1.25
28,52,0,0,0.0,0.0,0.0
28,53,0,0,0.0,0.0,0.0
28,54,0,0,0.0,0.0,0.0
28,55,0,0,0.0,0.0,0.0
28,56,0,0,0.0,0.0,0.0
28,57,0,1,0.0,1.25,1.25
28,58,0,0,0.0,0.0,0.0
28,59,0,0,0.0,0.0,0.0
28,60,3,0,3.75,0.0,-3.75
28,61,1,0,1.25,0.0,-1.25
28,62,0,0,0.0,0.0,0.0
28,63,2,2,2.5,2.5,0.0
28,64,0,0,0.0,0.0,0.0
28,65,0,0,0.0,0.0,0.0
28,66,0,0,0.0,0.0,0.0
28,67,0,1,0.0,1.25,1.25
28,68,0,1,0.0,1.25,1.25
28,69,2,3,2.5,3.75,1.25
28,70,3,0,3.75,0.0,-3.75
28,71,0,2,0.0,2.5,2.5
28,72,1,0,1.25,0.0,-1.25
28,73,0,2,0.0,2.5,2.5
28,74,1,0,1.25,0.0,-1.25
28,75,0,0,0.0,0.0,0.0
28,76,0,1,0.0,1.25,1.25
28,77,1,0,1.25,0.0,-1.25
28,78,1,0,1.25,0.0,-1.25
28,79,2,2,2.5,2.5,0.0
28,80,1,0,1.25,0.0,-1.25
28,81,0,0,0.0,0.0,0.0
28,82,0,0,0.0,0.0,0.0
28,83,0,0,0.0,0.0,0.0
28,84,0,1,0.0,1.25,1.25
28,85,0,2,0.0,2.5,2.5
28,86,1,0,1.25,0.0,-1.25
28,87,1,1,1.25,1.25,0.0
28,88,0,2,0.0,2.5,2.5
28,89,0,0,0.0,0.0,0.0
28,90,2,1,2.5,1.25,-1.25
28,91,1,0,1.25,0.0,-1.25
28,92,1,2,1.25,2.5,1.25
28,93,2,1,2.5,1.25,-1.25
28,94,1,0,1.25,0.0,-1.25
28,95,1,1,1.25,1.25,0.0
28,96,0,1,0.0,1.25,1.25
28,97,1,1,1.25,1.25,0.0
28,98,2,2,2.5,2.5,0.0
28,99,1,1,1.25,1.25,0.0
28,100,0,0,0.0,0.0,0.0
28,101,0,0,0.0,0.0,0.0
28,102,0,4,0.0,5.0,5.0
28,103,4,0,5.0,0.0,-5.0
28,104,2,1,2.5,1.25,-1.25
28,105,0,2,0.0,2.5,2.5
28,106,0,0,0.0,0.0,0.0
28,107,1,6,1.25,7.5,6.25
28,108,0,2,0.0,2.5,2.5
28,109,0,0,0.0,0.0,0.0
28,110,0,0,0.0,0.0,0.0
28,111,3,2,3.75,2.5,-1.25
28,112,4,1,5.0,1.25,-3.75
28,113,3,1,3.75,1.25,-2.5
28,114,1,3,1.25,3.75,2.5
28,115,3,0,3.75,0.0,-3.75
28,116,2,2,2.5,2.5,0.0
28,117,1,2,1.25,2.5,1.25
28,118,1,1,1.25,1.25,0.0
28,119,1,0,1.25,0.0,-1.25
28,120,1,0,1.25,0.0,-1.25
28,121,0,0,0.0,0.0,0.0
28,122,1,0,1.25,0.0,-1.25
28,123,1,0,1.25,0.0,-1.25
28,124,1,3,1.25,3.75,2.5
28,125,2,0,2.5,0.0,-2.5
28,126,4,1,5.0,1.25,-3.75
28,127,1,0,1.25,0.0,-1.25
28,128,1,1,1.25,1.25,0.0
28,129,2,1,2.5,1.25,-1.25
28,130,0,0,0.0,0.0,0.0
28,131,0,4,0.0,5.0,5.0
28,132,0,0,0.0,0.0,0.0
28,133,2,0,2.5,0.0,-2.5
28,134,2,0,2.5,0.0,-2.5
29,0,6,4,7.5,5.0,-2.5
29,1,0,9,0.0,11.25,11.25
29,2,3,5,3.75,6.25,2.5
29,3,1,3,1.25,3.75,2.5
29,4,4,1,5.0,1.25,-3.75
29,5,0,5,0.0,6.25,6.25
29,6,2,6,2.5,7.5,5.0
29,7,0,0,0.0,0.0,0.0
29,8,3,1,3.75,1.25,-2.5
29,9,0,2,0.0,2.5,2.5
29,10,1,2,1.25,2.5,1.25
29,11,1,0,1.25,0.0,-1.25
29,12,0,0,0.0,0.0,0.0
29,13,0,2,0.0,2.5,2.5
29,14,1,0,1.25,0.0,-1.25
29,15,0,0,0.0,0.0,0.0
29,16,0,1,0.0,1.25,1.25
29,17,1,11,1.25,13.75,12.5
29,18,0,0,0.0,0.0,0.0
29,19,0,0,0.0,0.0,0.0
29,20,0,5,0.0,6.25,6.25
29,21,0,1,0.0,1.25,1.25
29,22,0,0,0.0,0.0,0.0
29,23,1,2,1.25,2.5,1.25
29,24,2,4,2.5,5.0,2.5
29,25,2,3,2.5,3.75,1.25
29,26,0,1,0.0,1.25,1.25
29,27,2,3,2.5,3.75,1.25
29,28,0,0,0.0,0.0,0.0
29,29,0,1,0.0,1.25,1.25
29,30,1,0,1.25,0.0,-1.25
29,31,2,2,2.5,2.5,0.0
29,32,7,13,8.75,16.25,7.5
29,33,3,6,3.75,7.5,3.75
29,34,1,1,1.25,1.25,0.0
29,35,0,1,0.0,1.25,1.25
29,36,1,1,1.25,1.25,0.0
29,37,0,0,0.0,0.0,0.0
29,38,0,2,0.0,2.5,2.5
29,39,0,0,0.0,0.0,0.0
29,40,0,0,0.0,0.0,0.0
29,41,2,0,2.5,0.0,-2.5
29,42,0,3,0.0,3.75,3.75
29,43,1,4,1.25,5.0,3.75
29,44,2,3,2.5,3.75,1.25
29,45,1,1,1.25,1.25,0.0
29,46,3,1,3.75,1.25,-2.5
29,47,3,5,3.75,6.25,2.5
29,48,0,0,0.0,0.0,0.0
29,49,0,2,0.0,2.5,2.5
29,50,3,0,3.75,0.0,-3.75
29,51,1,0,1.25,0.0,-1.25
29,52,5,1,6.25,1.25,-5.0
29,53,3,7,3.75,8.75,5.0
29,54,2,8,2.5,10.0,7.5
29,55,1,2,1.25,2.5,1.25
29,56,1,2,1.25,2.5,1.25
29,57,0,2,0.0,2.5,2.5
29,58,0,2,0.0,2.5,2.5
29,59,2,0,2.5,0.0,-2.5
29,60,4,5,5.0,6.25,1.25
29,61,2,4,2.5,5.0,2.5
29,62,5,3,6.25,3.75,-2.5
29,63,2,9,2.5,11.25,8.75
29,64,2,4,2.5,5.0,2.5
29,65,0,0,0.0,0.0,0.0
29,66,0,2,0.0,2.5,2.5
29,67,3,3,3.75,3.75,0.0
29,68,1,13,1.25,16.25,15.0
29,69,1,5,1.25,6.25,5.0
29,70,4,8,5.0,10.0,5.0
29,71,3,8,3.75,10.0,6.25
29,72,12,10,15.0,12.5,-2.5
29,73,2,2,2.5,2.5,0.0
29,74,2,1,2.5,1.25,-1.25
29,75,3,11,3.75,13.75,10.0
29,76,1,2,1.25,2.5,1.25
29,77,4,2,5.0,2.5,-2.5
29,78,3,6,3.75,7.5,3.75
29,79,4,2,5.0,2.5,-2.5
29,80,2,11,2.5,13.75,11.25
29,81,2,3,2.5,3.75,1.25
29,82,4,2,5.0,2.5,-2.5
29,83,0,1,0.0,1.25,1.25
29,84,2,5,2.5,6.25,3.75
29,85,2,2,2.5,2.5,0.0
29,86,3,5,3.75,6.25,2.5
29,87,3,1,3.75,1.25,-2.5
29,88,11,5,13.75,6.25,-7.5
29,89,11,1,13.75,1.25,-12.5
29,90,3,3,3.75,3.75,0.0
29,91,4,6,5.0,7.5,2.5
29,92,1,4,1.25,5.0,3.75
29,93,4,5,5.0,6.25,1.25
29,94,3,5,3.75,6.25,2.5
29,95,4,0,5.0,0.0,-5.0
29,96,2,7,2.5,8.75,6.25
29,97,6,5,7.5,6.25,-1.25
29,98,5,4,6.25,5.0,-1.25
29,99,0,4,0.0,5.0,5.0
29,100,1,1,1.25,1.25,0.0
29,101,4,2,5.0,2.5,-2.5
29,102,5,8,6.25,10.0,3.75
29,103,6,5,7.5,6.25,-1.25
29,104,8,4,10.0,5.0,-5.0
29,105,3,2,3.75,2.5,-1.25
29,106,1,9,1.25,11.25,10.0
29,107,2,10,2.5,12.5,10.0
29,108,3,1,3.75,1.25,-2.5
29,109,2,5,2.5,6.25,3.75
29,110,3,6,3.75,7.5,3.75
29,111,7,2,8.75,2.5,-6.25
29,112,6,3,7.5,3.75,-3.75
29,113,8,4,10.0,5.0,-5.0
29,114,4,9,5.0,11.25,6.25
29,115,4,4,5.0,5.0,0.0
29,116,8,5,10.0,6.25,-3.75
29,117,6,2,7.5,2.5,-5.0
29,118,3,4,3.75,5.0,1.25
29,119,5,5,6.25,6.25,0.0
29,120,8,3,10.0,3.75,-6.25
29,121,10,1,12.5,1.25,-11.25
29,122,6,1,7.5,1.25,-6.25
29,123,2,3,2.5,3.75,1.25
29,124,1,4,1.25,5.0,3.75
29,125,3,5,3.75,6.25,2.5
29,126,6,3,7.5,3.75,-3.75
29,127,4,10,5.0,12.5,7.5
29,128,6,7,7.5,8.75,1.25
29,129,3,10,3.75,12.5,8.75
29,130,2,6,2.5,7.5,5.0
29,131,2,7,2.5,8.75,6.25
29,132,2,1,2.5,1.25,-1.25
29,133,13,5,16.25,6.25,-10.0
29,134,2,6,2.5,7.5,5.0
30,0,0,1,0.0,1.25,1.25
30,1,0,2,0.0,2.5,2.5
30,2,4,3,5.0,3.75,-1.25
30,3,0,2,0.0,2.5,2.5
30,4,2,2,2.5,2.5,0.0
30,5,1,4,1.25,5.0,3.75
30,6,3,10,3.75,12.5,8.75
30,7,0,6,0.0,7.5,7.5
30,8,6,3,7.5,3.75,-3.75
30,9,4,1,5.0,1.25,-3.75
30,10,1,5,1.25,6.25,5.0
30,11,1,3,1.25,3.75,2.5
30,12,0,1,0.0,1.25,1.25
30,13,5,5,6.25,6.25,0.0
30,14,1,0,1.25,0.0,-1.25
30,15,2,1,2.5,1.25,-1.25
30,16,0,4,0.0,5.0,5.0
30,17,3,5,3.75,6.25,2.5
30,18,0,4,0.0,5.0,5.0
30,19,0,6,0.0,7.5,7.5
30,20,2,0,2.5,0.0,-2.5
30,21,1,3,1.25,3.75,2.5
30,22,3,0,3.75,0.0,-3.75
30,23,0,0,0.0,0.0,0.0
30,24,0,2,0.0,2.5,2.5
30,25,3,2,3.75,2.5,-1.25
30,26,6,1,7.5,1.25,-6.25
30,27,4,0,5.0,0.0,-5.0
30,28,2,0,2.5,0.0,-2.5
30,29,1,1,1.25,1.25,0.0
30,30,0,2,0.0,2.5,2.5
30,31,1,4,1.25,5.0,3.75
30,32,5,9,6.25,11.25,5.0
30,33,1,9,1.25,11.25,10.0
30,34,2,3,2.5,3.75,1.25
30,35,1,2,1.25,2.5,1.25
30,36,0,3,0.0,3.75,3.75
30,37,1,1,1.25,1.25,0.0
30,38,4,2,5.0,2.5,-2.5
30,39,0,2,0.0,2.5,2.5
30,40,1,3,1.25,3.75,2.5
30,41,0,1,0.0,1.25,1.25
30,42,1,3,1.25,3.75,2.5
30,43,0,0,0.0,0.0,0.0
30,44,0,0,0.0,0.0,0.0
30,45,2,4,2.5,5.0,2.5
30,46,3,0,3.75,0.0,-3.75
30,47,0,2,0.0,2.5,2.5
30,48,0,1,0.0,1.25,1.25
30,49,3,3,3.75,3.75,0.0
30,50,12,1,15.0,1.25,-13.75
30,51,0,1,0.0,1.25,1.25
30,52,3,2,3.75,2.5,-1.25
30,53,1,4,1.25,5.0,3.75
30,54,2,1,2.5,1.25,-1.25
30,55,1,2,1.25,2.5,1.25
30,56,1,4,1.25,5.0,3.75
30,57,0,0,0.0,0.0,0.0
30,58,0,1,0.0,1.25,1.25
30,59,2,3,2.5,3.75,1.25
30,60,0,1,0.0,1.25,1.25
30,61,1,7,1.25,8.75,7.5
30,62,3,0,3.75,0.0,-3.75
30,63,0,7,0.0,8.75,8.75
30,64,5,3,6.25,3.75,-2.5
30,65,0,1,0.0,1.25,1.25
30,66,0,2,0.0,2.5,2.5
30,67,2,3,2.5,3.75,1.25
30,68,1,3,1.25,3.75,2.5
30,69,0,1,0.0,1.25,1.25
30,70,1,1,1.25,1.25,0.0
30,71,1,0,1.25,0.0,-1.25
30,72,5,2,6.25,2.5,-3.75
30,73,1,1,1.25,1.25,0.0
30,74,1,1,1.25,1.25,0.0
30,75,5,3,6.25,3.75,-2.5
30,76,6,2,7.5,2.5,-5.0
30,77,1,1,1.25,1.25,0.0
30,78,1,0,1.25,0.0,-1.25
30,79,3,0,3.75,0.0,-3.75
30,80,1,2,1.25,2.5,1.25
30,81,4,0,5.0,0.0,-5.0
30,82,2,4,2.5,5.0,2.5
30,83,2,1,2.5,1.25,-1.25
30,84,5,0,6.25,0.0,-6.25
30,85,1,2,1.25,2.5,1.25
30,86,0,2,0.0,2.5,2.5
30,87,0,2,0.0,2.5,2.5
30,88,3,0,3.75,0.0,-3.75
30,89,4,1,5.0,1.25,-3.75
30,90,1,0,1.25,0.0,-1.25
30,91,6,1,7.5,1.25,-6.25
30,92,1,4,1.25,5.0,3.75
30,93,8,1,10.0,1.25,-8.75
30,94,1,3,1.25,3.75,2.5
30,95,1,0,1.25,0.0,-1.25
30,96,1,5,1.25,6.25,5.0
30,97,4,0,5.0,0.0,-5.0
30,98,0,2,0.0,2.5,2.5
30,99,2,1,2.5,1.25,-1.25
30,100,3,2,3.75,2.5,-1.25
30,101,1,2,1.25,2.5,1.25
30,102,1,1,1.25,1.25,0.0
30,103,9,2,11.25,2.5,-8.75
30,104,1,1,1.25,1.25,0.0
30,105,2,2,2.5,2.5,0.0
30,106,1,2,1.25,2.5,1.25
30,107,0,6,0.0,7.5,7.5
30,108,0,1,0.0,1.25,1.25
30,109,1,0,1.25,0.0,-1.25
30,110,1,6,1.25,7.5,6.25
30,111,2,1,2.5,1.25,-1.25
30,112,3,0,3.75,0.0,-3.75
30,113,4,1,5.0,1.25,-3.75
30,114,3,0,3.75,0.0,-3.75
30,115,4,0,5.0,0.0,-5.0
30,116,1,5,1.25,6.25,5.0
30,117,3,3,3.75,3.75,0.0
30,118,2,2,2.5,2.5,0.0
30,119,1,0,1.25,0.0,-1.25
30,120,1,3,1.25,3.75,2.5
30,121,0,0,0.0,0.0,0.0
30,122,2,1,2.5,1.25,-1.25
30,123,3,0,3.75,0.0,-3.75
30,124,6,3,7.5,3.75,-3.75
30,125,0,2,0.0,2.5,2.5
30,126,0,1,0.0,1.25,1.25
30,127,0,3,0.0,3.75,3.75
30,128,3,1,3.75,1.25,-2.5
30,129,0,1,0.0,1.25,1.25
30,130,1,4,1.25,5.0,3.75
30,131,1,1,1.25,1.25,0.0
30,132,1,2,1.25,2.5,1.25
30,133,3,0,3.75,0.0,-3.75
30,134,4,1,5.0,1.25,-3.75
31,0,0,0,0.0,0.0,0.0
31,1,0,0,0.0,0.0,0.0
31,2,0,0,0.0,0.0,0.0
31,3,0,0,0.0,0.0,0.0
31,4,0,0,0.0,0.0,0.0
31,5,1,0,1.25,0.0,-1.25
31,6,0,1,0.0,1.25,1.25
31,7,1,0,1.25,0.0,-1.25
31,8,0,0,0.0,0.0,0.0
31,9,0,0,0.0,0.0,0.0
31,10,1,0,1.25,0.0,-1.25
31,11,0,0,0.0,0.0,0.0
31,12,0,0,0.0,0.0,0.0
31,13,1,0,1.25,0.0,-1.25
31,14,0,0,0.0,0.0,0.0
31,15,1,0,1.25,0.0,-1.25
31,16,0,0,0.0,0.0,0.0
31,17,0,0,0.0,0.0,0.0
31,18,0,1,0.0,1.25,1.25
31,19,0,0,0.0,0.0,0.0
31,20,0,0,0.0,0.0,0.0
31,21,0,0,0.0,0.0,0.0
31,22,0,4,0.0,5.0,5.0
31,23,0,0,0.0,0.0,0.0
31,24,0,0,0.0,0.0,0.0
31,25,0,0,0.0,0.0,0.0
31,26,0,0,0.0,0.0,0.0
31,27,0,1,0.0,1.25,1.25
31,28,0,0,0.0,0.0,0.0
31,29,0,0,0.0,0.0,0.0
31,30,0,0,0.0,0.0,0.0
31,31,0,0,0.0,0.0,0.0
31,32,1,0,1.25,0.0,-1.25
31,33,0,0,0.0,0.0,0.0
31,34,0,2,0.0,2.5,2.5
31,35,0,0,0.0,0.0,0.0
31,36,0,2,0.0,2.5,2.5
31,37,1,1,1.25,1.25,0.0
31,38,0,0,0.0,0.0,0.0
31,39,0,0,0.0,0.0,0.0
31,40,0,0,0.0,0.0,0.0
31,41,0,0,0.0,0.0,0.0
31,42,0,0,0.0,0.0,0.0
31,43,1,0,1.25,0.0,-1.25
31,44,0,0,0.0,0.0,0.0
31,45,0,0,0.0,0.0,0.0
31,46,0,0,0.0,0.0,0.0
31,47,0,1,0.0,1.25,1.25
31,48,0,0,0.0,0.0,0.0
31,49,0,0,0.0,0.0,0.0
31,50,0,1,0.0,1.25,1.25
31,51,0,0,0.0,0.0,0.0
31,52,2,5,2.5,6.25,3.75
31,53,0,0,0.0,0.0,0.0
31,54,0,3,0.0,3.75,3.75
31,55,0,0,0.0,0.0,0.0
31,56,0,0,0.0,0.0,0.0
31,57,0,1,0.0,1.25,1.25
31,58,0,0,0.0,0.0,0.0
31,59,0,0,0.0,0.0,0.0
31,60,0,0,0.0,0.0,0.0
31,61,0,0,0.0,0.0,0.0
31,62,0,1,0.0,1.25,1.25
31,63,0,0,0.0,0.0,0.0
31,64,0,0,0.0,0.0,0.0
31,65,0,0,0.0,0.0,0.0
31,66,0,0,0.0,0.0,0.0
31,67,0,1,0.0,1.25,1.25
31,68,0,0,0.0,0.0,0.0
31,69,0,0,0.0,0.0,0.0
31,70,0,0,0.0,0.0,0.0
31,71,0,1,0.0,1.25,1.25
31,72,0,0,0.0,0.0,0.0
31,73,0,0,0.0,0.0,0.0
31,74,0,0,0.0,0.0,0.0
31,75,0,1,0.0,1.25,1.25
31,76,1,0,1.25,0.0,-1.25
31,77,0,1,0.0,1.25,1.25
31,78,0,0,0.0,0.0,0.0
31,79,0,0,0.0,0.0,0.0
31,80,0,0,0.0,0.0,0.0
31,81,0,0,0.0,0.0,0.0
31,82,1,2,1.25,2.5,1.25
31,83,0,1,0.0,1.25,1.25
31,84,0,1,0.0,1.25,1.25
31,85,0,0,0.0,0.0,0.0
31,86,0,0,0.0,0.0,0.0
31,87,0,1,0.0,1.25,1.25
31,88,0,0,0.0,0.0,0.0
31,89,0,0,0.0,0.0,0.0
31,90,0,0,0.0,0.0,0.0
31,91,1,0,1.25,0.0,-1.25
31,92,0,0,0.0,0.0,0.0
31,93,0,0,0.0,0.0,0.0
31,94,0,0,0.0,0.0,0.0
31,95,0,0,0.0,0.0,0.0
31,96,0,0,0.0,0.0,0.0
31,97,0,0,0.0,0.0,0.0
31,98,0,0,0.0,0.0,0.0
31,99,0,0,0.0,0.0,0.0
31,100,0,0,0.0,0.0,0.0
31,101,0,0,0.0,0.0,0.0
31,102,0,0,0.0,0.0,0.0
31,103,0,0,0.0,0.0,0.0
31,104,0,0,0.0,0.0,0.0
31,105,0,0,0.0,0.0,0.0
31,106,0,0,0.0,0.0,0.0
31,107,0,0,0.0,0.0,0.0
31,108,0,1,0.0,1.25,1.25
31,109,0,0,0.0,0.0,0.0
31,110,0,0,0.0,0.0,0.0
31,111,0,0,0.0,0.0,0.0
31,112,0,0,0.0,0.0,0.0
31,113,1,0,1.25,0.0,-1.25
31,114,0,1,0.0,1.25,1.25
31,115,0,0,0.0,0.0,0.0
31,116,0,0,0.0,0.0,0.0
31,117,0,0,0.0,0.0,0.0
31,118,0,0,0.0,0.0,0.0
31,119,0,0,0.0,0.0,0.0
31,120,0,0,0.0,0.0,0.0
31,121,0,0,0.0,0.0,0.0
31,122,0,0,0.0,0.0,0.0
31,123,0,0,0.0,0.0,0.0
31,124,0,0,0.0,0.0,0.0
31,125,0,0,0.0,0.0,0.0
31,126,0,0,0.0,0.0,0.0
31,127,0,0,0.0,0.0,0.0
31,128,0,0,0.0,0.0,0.0
31,129,0,0,0.0,0.0,0.0
31,130,0,0,0.0,0.0,0.0
31,131,0,1,0.0,1.25,1.25
31,132,0,0,0.0,0.0,0.0
31,133,0,0,0.0,0.0,0.0
31,134,0,0,0.0,0.0,0.0
32,0,1,0,1.25,0.0,-1.25
32,1,0,0,0.0,0.0,0.0
32,2,0,0,0.0,0.0,0.0
32,3,0,0,0.0,0.0,0.0
32,4,0,0,0.0,0.0,0.0
32,5,0,5,0.0,6.25,6.25
32,6,0,0,0.0,0.0,0.0
32,7,0,0,0.0,0.0,0.0
32,8,0,1,0.0,1.25,1.25
32,9,0,0,0.0,0.0,0.0
32,10,0,1,0.0,1.25,1.25
32,11,0,0,0.0,0.0,0.0
32,12,0,0,0.0,0.0,0.0
32,13,0,0,0.0,0.0,0.0
32,14,0,1,0.0,1.25,1.25
32,15,0,0,0.0,0.0,0.0
32,16,0,0,0.0,0.0,0.0
32,17,0,1,0.0,1.25,1.25
32,18,0,0,0.0,0.0,0.0
32,19,0,0,0.0,0.0,0.0
32,20,0,0,0.0,0.0,0.0
32,21,0,0,0.0,0.0,0.0
32,22,0,0,0.0,0.0,0.0
32,23,0,0,0.0,0.0,0.0
32,24,0,0,0.0,0.0,0.0
32,25,0,0,0.0,0.0,0.0
32,26,0,0,0.0,0.0,0.0
32,27,0,0,0.0,0.0,0.0
32,28,0,0,0.0,0.0,0.0
32,29,0,0,0.0,0.0,0.0
32,30,0,0,0.0,0.0,0.0
32,31,0,0,0.0,0.0,0.0
32,32,0,0,0.0,0.0,0.0
32,33,0,0,0.0,0.0,0.0
32,34,0,0,0.0,0.0,0.0
32,35,0,0,0.0,0.0,0.0
32,36,0,0,0.0,0.0,0.0
32,37,0,0,0.0,0.0,0.0
32,38,0,0,0.0,0.0,0.0
32,39,0,0,0.0,0.0,0.0
32,40,0,0,0.0,0.0,0.0
32,41,0,0,0.0,0.0,0.0
32,42,0,1,0.0,1.25,1.25
32,43,0,0,0.0,0.0,0.0
32,44,0,0,0.0,0.0,0.0
32,45,0,0,0.0,0.0,0.0
32,46,0,0,0.0,0.0,0.0
32,47,0,0,0.0,0.0,0.0
32,48,0,0,0.0,0.0,0.0
32,49,0,0,0.0,0.0,0.0
32,50,1,0,1.25,0.0,-1.25
32,51,0,0,0.0,0.0,0.0
32,52,0,4,0.0,5.0,5.0
32,53,0,0,0.0,0.0,0.0
32,54,0,4,0.0,5.0,5.0
32,55,5,0,6.25,0.0,-6.25
32,56,0,0,0.0,0.0,0.0
32,57,0,0,0.0,0.0,0.0
32,58,0,0,0.0,0.0,0.0
32,59,0,1,0.0,1.25,1.25
32,60,0,0,0.0,0.0,0.0
32,61,0,0,0.0,0.0,0.0
32,62,0,0,0.0,0.0,0.0
32,63,0,0,0.0,0.0,0.0
32,64,1,0,1.25,0.0,-1.25
32,65,1,0,1.25,0.0,-1.25
32,66,0,0,0.0,0.0,0.0
32,67,0,1,0.0,1.25,1.25
32,68,0,0,0.0,0.0,0.0
32,69,0,0,0.0,0.0,0.0
32,70,0,0,0.0,0.0,0.0
32,71,0,0,0.0,0.0,0.0
32,72,0,0,0.0,0.0,0.0
32,73,0,0,0.0,0.0,0.0
32,74,0,0,0.0,0.0,0.0
32,75,0,2,0.0,2.5,2.5
32,76,0,0,0.0,0.0,0.0
32,77,0,0,0.0,0.0,0.0
32,78,0,2,0.0,2.5,2.5
32,79,0,0,0.0,0.0,0.0
32,80,0,0,0.0,0.0,0.0
32,81,0,0,0.0,0.0,0.0
32,82,1,1,1.25,1.25,0.0
32,83,0,0,0.0,0.0,0.0
32,84,0,0,0.0,0.0,0.0
32,85,0,0,0.0,0.0,0.0
32,86,0,0,0.0,0.0,0.0
32,87,0,0,0.0,0.0,0.0
32,88,4,0,5.0,0.0,-5.0
32,89,0,0,0.0,0.0,0.0
32,90,0,0,0.0,0.0,0.0
32,91,0,0,0.0,0.0,0.0
32,92,0,0,0.0,0.0,0.0
32,93,0,0,0.0,0.0,0.0
32,94,0,0,0.0,0.0,0.0
32,95,0,0,0.0,0.0,0.0
32,96,0,1,0.0,1.25,1.25
32,97,0,0,0.0,0.0,0.0
32,98,0,0,0.0,0.0,0.0
32,99,0,0,0.0,0.0,0.0
32,100,1,0,1.25,0.0,-1.25
32,101,0,0,0.0,0.0,0.0
32,102,0,2,0.0,2.5,2.5
32,103,0,0,0.0,0.0,0.0
32,104,0,0,0.0,0.0,0.0
32,105,0,0,0.0,0.0,0.0
32,106,0,0,0.0,0.0,0.0
32,107,0,2,0.0,2.5,2.5
32,108,0,0,0.0,0.0,0.0
32,109,0,0,0.0,0.0,0.0
32,110,0,0,0.0,0.0,0.0
32,111,0,0,0.0,0.0,0.0
32,112,0,0,0.0,0.0,0.0
32,113,0,0,0.0,0.0,0.0
32,114,2,0,2.5,0.0,-2.5
32,115,0,0,0.0,0.0,0.0
32,116,1,0,1.25,0.0,-1.25
32,117,0,0,0.0,0.0,0.0
32,118,1,0,1.25,0.0,-1.25
32,119,1,0,1.25,0.0,-1.25
32,120,0,0,0.0,0.0,0.0
32,121,0,0,0.0,0.0,0.0
32,122,0,0,0.0,0.0,0.0
32,123,0,0,0.0,0.0,0.0
32,124,0,0,0.0,0.0,0.0
32,125,0,1,0.0,1.25,1.25
32,126,0,0,0.0,0.0,0.0
32,127,0,0,0.0,0.0,0.0
32,128,0,0,0.0,0.0,0.0
32,129,1,0,1.25,0.0,-1.25
32,130,0,0,0.0,0.0,0.0
32,131,1,0,1.25,0.0,-1.25
32,132,0,0,0.0,0.0,0.0
32,133,1,0,1.25,0.0,-1.25
32,134,0,0,0.0,0.0,0.0
33,0,0,0,0.0,0.0,0.0
33,1,0,0,0.0,0.0,0.0
33,2,0,0,0.0,0.0,0.0
33,3,0,0,0.0,0.0,0.0
33,4,0,0,0.0,0.0,0.0
33,5,0,0,0.0,0.0,0.0
33,6,0,0,0.0,0.0,0.0
33,7,0,1,0.0,1.25,1.25
33,8,0,0,0.0,0.0,0.0
33,9,0,0,0.0,0.0,0.0
33,10,0,0,0.0,0.0,0.0
33,11,0,0,0.0,0.0,0.0
33,12,0,1,0.0,1.25,1.25
33,13,0,0,0.0,0.0,0.0
33,14,0,0,0.0,0.0,0.0
33,15,0,0,0.0,0.0,0.0
33,16,0,0,0.0,0.0,0.0
33,17,0,1,0.0,1.25,1.25
33,18,0,1,0.0,1.25,1.25
33,19,0,0,0.0,0.0,0.0
33,20,1,0,1.25,0.0,-1.25
33,21,0,0,0.0,0.0,0.0
33,22,0,0,0.0,0.0,0.0
33,23,0,0,0.0,0.0,0.0
33,24,0,0,0.0,0.0,0.0
33,25,1,1,1.25,1.25,0.0
33,26,0,1,0.0,1.25,1.25
33,27,2,0,2.5,0.0,-2.5
33,28,0,0,0.0,0.0,0.0
33,29,0,0,0.0,0.0,0.0
33,30,0,0,0.0,0.0,0.0
33,31,0,1,0.0,1.25,1.25
33,32,0,0,0.0,0.0,0.0
33,33,0,0,0.0,0.0,0.0
33,34,1,0,1.25,0.0,-1.25
33,35,0,1,0.0,1.25,1.25
33,36,0,0,0.0,0.0,0.0
33,37,0,0,0.0,0.0,0.0
33,38,0,0,0.0,0.0,0.0
33,39,0,1,0.0,1.25,1.25
33,40,0,0,0.0,0.0,0.0
33,41,0,0,0.0,0.0,0.0
33,42,0,0,0.0,0.0,0.0
33,43,0,0,0.0,0.0,0.0
33,44,0,0,0.0,0.0,0.0
33,45,0,0,0.0,0.0,0.0
33,46,0,0,0.0,0.0,0.0
33,47,0,0,0.0,0.0,0.0
33,48,0,0,0.0,0.0,0.0
33,49,0,0,0.0,0.0,0.0
33,50,0,0,0.0,0.0,0.0
33,51,0,0,0.0,0.0,0.0
33,52,0,0,0.0,0.0,0.0
33,53,0,0,0.0,0.0,0.0
33,54,0,0,0.0,0.0,0.0
33,55,0,0,0.0,0.0,0.0
33,56,2,0,2.5,0.0,-2.5
33,57,0,0,0.0,0.0,0.0
33,58,0,0,0.0,0.0,0.0
33,59,0,0,0.0,0.0,0.0
33,60,0,0,0.0,0.0,0.0
33,61,0,0,0.0,0.0,0.0
33,62,0,0,0.0,0.0,0.0
33,63,0,0,0.0,0.0,0.0
33,64,0,0,0.0,0.0,0.0
33,65,0,0,0.0,0.0,0.0
33,66,0,0,0.0,0.0,0.0
33,67,0,0,0.0,0.0,0.0
33,68,1,1,1.25,1.25,0.0
33,69,0,2,0.0,2.5,2.5
33,70,1,1,1.25,1.25,0.0
33,71,1,0,1.25,0.0,-1.25
33,72,0,0,0.0,0.0,0.0
33,73,1,0,1.25,0.0,-1.25
33,74,0,0,0.0,0.0,0.0
33,75,0,0,0.0,0.0,0.0
33,76,1,0,1.25,0.0,-1.25
33,77,0,0,0.0,0.0,0.0
33,78,1,0,1.25,0.0,-1.25
33,79,0,0,0.0,0.0,0.0
33,80,0,0,0.0,0.0,0.0
33,81,0,0,0.0,0.0,0.0
33,82,1,0,1.25,0.0,-1.25
33,83,0,0,0.0,0.0,0.0
33,84,0,0,0.0,0.0,0.0
33,85,0,0,0.0,0.0,0.0
33,86,2,0,2.5,0.0,-2.5
33,87,0,0,0.0,0.0,0.0
33,88,0,0,0.0,0.0,0.0
33,89,1,2,1.25,2.5,1.25
33,90,0,0,0.0,0.0,0.0
33,91,0,0,0.0,0.0,0.0
33,92,0,0,0.0,0.0,0.0
33,93,0,0,0.0,0.0,0.0
33,94,0,1,0.0,1.25,1.25
33,95,0,0,0.0,0.0,0.0
33,96,0,0,0.0,0.0,0.0
33,97,2,1,2.5,1.25,-1.25
33,98,0,0,0.0,0.0,0.0
33,99,0,0,0.0,0.0,0.0
33,100,0,0,0.0,0.0,0.0
33,101,1,0,1.25,0.0,-1.25
33,102,1,0,1.25,0.0,-1.25
33,103,0,2,0.0,2.5,2.5
33,104,1,1,1.25,1.25,0.0
33,105,0,3,0.0,3.75,3.75
33,106,0,0,0.0,0.0,0.0
33,107,0,1,0.0,1.25,1.25
33,108,0,1,0.0,1.25,1.25
33,109,1,0,1.25,0.0,-1.25
33,110,0,2,0.0,2.5,2.5
33,111,0,0,0.0,0.0,0.0
33,112,1,0,1.25,0.0,-1.25
33,113,0,0,0.0,0.0,0.0
33,114,1,0,1.25,0.0,-1.25
33,115,1,0,1.25,0.0,-1.25
33,116,1,0,1.25,0.0,-1.25
33,117,0,0,0.0,0.0,0.0
33,118,0,0,0.0,0.0,0.0
33,119,1,0,1.25,0.0,-1.25
33,120,1,0,1.25,0.0,-1.25
33,121,0,0,0.0,0.0,0.0
33,122,0,0,0.0,0.0,0.0
33,123,0,0,0.0,0.0,0.0
33,124,0,0,0.0,0.0,0.0
33,125,0,4,0.0,5.0,5.0
33,126,2,0,2.5,0.0,-2.5
33,127,0,0,0.0,0.0,0.0
33,128,0,1,0.0,1.25,1.25
33,129,0,0,0.0,0.0,0.0
33,130,1,0,1.25,0.0,-1.25
33,131,0,2,0.0,2.5,2.5
33,132,0,0,0.0,0.0,0.0
33,133,0,0,0.0,0.0,0.0
33,134,0,0,0.0,0.0,0.0
34,0,2,0,2.5,0.0,-2.5
34,1,0,3,0.0,3.75,3.75
34,2,1,0,1.25,0.0,-1.25
34,3,0,0,0.0,0.0,0.0
34,4,0,0,0.0,0.0,0.0
34,5,0,0,0.0,0.0,0.0
34,6,0,1,0.0,1.25,1.25
34,7,0,0,0.0,0.0,0.0
34,8,0,0,0.0,0.0,0.0
34,9,0,0,0.0,0.0,0.0
34,10,0,1,0.0,1.25,1.25
34,11,0,1,0.0,1.25,1.25
34,12,0,0,0.0,0.0,0.0
34,13,0,1,0.0,1.25,1.25
34,14,0,0,0.0,0.0,0.0
34,15,0,0,0.0,0.0,0.0
34,16,0,0,0.0,0.0,0.0
34,17,0,0,0.0,0.0,0.0
34,18,0,0,0.0,0.0,0.0
34,19,0,0,0.0,0.0,0.0
34,20,0,0,0.0,0.0,0.0
34,21,0,0,0.0,0.0,0.0
34,22,0,0,0.0,0.0,0.0
34,23,0,0,0.0,0.0,0.0
34,24,0,0,0.0,0.0,0.0
34,25,0,0,0.0,0.0,0.0
34,26,0,0,0.0,0.0,0.0
34,27,0,0,0.0,0.0,0.0
34,28,0,1,0.0,1.25,1.25
34,29,0,0,0.0,0.0,0.0
34,30,0,0,0.0,0.0,0.0
34,31,0,0,0.0,0.0,0.0
34,32,2,0,2.5,0.0,-2.5
34,33,1,0,1.25,0.0,-1.25
34,34,0,3,0.0,3.75,3.75
34,35,0,0,0.0,0.0,0.0
34,36,0,0,0.0,0.0,0.0
34,37,0,1,0.0,1.25,1.25
34,38,1,1,1.25,1.25,0.0
34,39,0,2,0.0,2.5,2.5
34,40,0,0,0.0,0.0,0.0
34,41,0,0,0.0,0.0,0.0
34,42,1,0,1.25,0.0,-1.25
34,43,0,0,0.0,0.0,0.0
34,44,0,0,0.0,0.0,0.0
34,45,0,0,0.0,0.0,0.0
34,46,1,0,1.25,0.0,-1.25
34,47,1,0,1.25,0.0,-1.25
34,48,0,0,0.0,0.0,0.0
34,49,1,0,1.25,0.0,-1.25
34,50,2,1,2.5,1.25,-1.25
34,51,0,0,0.0,0.0,0.0
34,52,0,1,0.0,1.25,1.25
34,53,0,0,0.0,0.0,0.0
34,54,1,0,1.25,0.0,-1.25
34,55,0,1,0.0,1.25,1.25
34,56,0,0,0.0,0.0,0.0
34,57,2,0,2.5,0.0,-2.5
34,58,0,0,0.0,0.0,0.0
34,59,0,0,0.0,0.0,0.0
34,60,0,1,0.0,1.25,1.25
34,61,0,0,0.0,0.0,0.0
34,62,0,0,0.0,0.0,0.0
34,63,0,5,0.0,6.25,6.25
34,64,0,1,0.0,1.25,1.25
34,65,0,0,0.0,0.0,0.0
34,66,0,0,0.0,0.0,0.0
34,67,0,0,0.0,0.0,0.0
34,68,0,0,0.0,0.0,0.0
34,69,0,0,0.0,0.0,0.0
34,70,0,0,0.0,0.0,0.0
34,71,0,0,0.0,0.0,0.0
34,72,2,1,2.5,1.25,-1.25
34,73,0,0,0.0,0.0,0.0
34,74,2,0,2.5,0.0,-2.5
34,75,1,1,1.25,1.25,0.0
34,76,1,1,1.25,1.25,0.0
34,77,1,1,1.25,1.25,0.0
34,78,0,0,0.0,0.0,0.0
34,79,0,0,0.0,0.0,0.0
34,80,0,1,0.0,1.25,1.25
34,81,1,0,1.25,0.0,-1.25
34,82,1,1,1.25,1.25,0.0
34,83,0,0,0.0,0.0,0.0
34,84,2,0,2.5,0.0,-2.5
34,85,0,3,0.0,3.75,3.75
34,86,0,0,0.0,0.0,0.0
34,87,3,0,3.75,0.0,-3.75
34,88,0,0,0.0,0.0,0.0
34,89,0,0,0.0,0.0,0.0
34,90,2,0,2.5,0.0,-2.5
34,91,0,0,0.0,0.0,0.0
34,92,0,1,0.0,1.25,1.25
34,93,0,3,0.0,3.75,3.75
34,94,0,0,0.0,0.0,0.0
34,95,1,1,1.25,1.25,0.0
34,96,0,0,0.0,0.0,0.0
34,97,0,0,0.0,0.0,0.0
34,98,0,0,0.0,0.0,0.0
34,99,0,0,0.0,0.0,0.0
34,100,0,0,0.0,0.0,0.0
34,101,2,3,2.5,3.75,1.25
34,102,0,0,0.0,0.0,0.0
34,103,0,2,0.0,2.5,2.5
34,104,1,0,1.25,0.0,-1.25
34,105,0,0,0.0,0.0,0.0
34,106,0,0,0.0,0.0,0.0
34,107,0,0,0.0,0.0,0.0
34,108,0,0,0.0,0.0,0.0
34,109,0,0,0.0,0.0,0.0
34,110,1,0,1.25,0.0,-1.25
34,111,0,0,0.0,0.0,0.0
34,112,0,1,0.0,1.25,1.25
34,113,0,0,0.0,0.0,0.0
34,114,0,0,0.0,0.0,0.0
34,115,1,0,1.25,0.0,-1.25
34,116,1,0,1.25,0.0,-1.25
34,117,0,1,0.0,1.25,1.25
34,118,1,0,1.25,0.0,-1.25
34,119,0,0,0.0,0.0,0.0
34,120,0,0,0.0,0.0,0.0
34,121,0,0,0.0,0.0,0.0
34,122,0,0,0.0,0.0,0.0
34,123,0,0,0.0,0.0,0.0
34,124,1,0,1.25,0.0,-1.25
34,125,0,0,0.0,0.0,0.0
34,126,0,0,0.0,0.0,0.0
34,127,0,0,0.0,0.0,0.0
34,128,0,0,0.0,0.0,0.0
34,129,0,0,0.0,0.0,0.0
34,130,0,1,0.0,1.25,1.25
34,131,1,0,1.25,0.0,-1.25
34,132,0,0,0.0,0.0,0.0
34,133,0,0,0.0,0.0,0.0
34,134,0,0,0.0,0.0,0.0
35,0,2,0,2.5,0.0,-2.5
35,1,0,0,0.0,0.0,0.0
35,2,0,0,0.0,0.0,0.0
35,3,0,0,0.0,0.0,0.0
35,4,0,0,0.0,0.0,0.0
35,5,0,0,0.0,0.0,0.0
35,6,0,0,0.0,0.0,0.0
35,7,0,1,0.0,1.25,1.25
35,8,0,0,0.0,0.0,0.0
35,9,0,0,0.0,0.0,0.0
35,10,0,0,0.0,0.0,0.0
35,11,1,0,1.25,0.0,-1.25
35,12,0,0,0.0,0.0,0.0
35,13,0,3,0.0,3.75,3.75
35,14,0,0,0.0,0.0,0.0
35,15,0,0,0.0,0.0,0.0
35,16,0,0,0.0,0.0,0.0
35,17,1,0,1.25,0.0,-1.25
35,18,0,0,0.0,0.0,0.0
35,19,0,0,0.0,0.0,0.0
35,20,0,1,0.0,1.25,1.25
35,21,0,0,0.0,0.0,0.0
35,22,0,0,0.0,0.0,0.0
35,23,1,0,1.25,0.0,-1.25
35,24,0,0,0.0,0.0,0.0
35,25,0,0,0.0,0.0,0.0
35,26,0,0,0.0,0.0,0.0
35,27,0,0,0.0,0.0,0.0
35,28,0,0,0.0,0.0,0.0
35,29,0,0,0.0,0.0,0.0
35,30,0,0,0.0,0.0,0.0
35,31,0,0,0.0,0.0,0.0
35,32,0,1,0.0,1.25,1.25
35,33,2,0,2.5,0.0,-2.5
35,34,0,1,0.0,1.25,1.25
35,35,0,0,0.0,0.0,0.0
35,36,0,0,0.0,0.0,0.0
35,37,0,2,0.0,2.5,2.5
35,38,0,0,0.0,0.0,0.0
35,39,0,0,0.0,0.0,0.0
35,40,0,0,0.0,0.0,0.0
35,41,0,0,0.0,0.0,0.0
35,42,1,0,1.25,0.0,-1.25
35,43,0,1,0.0,1.25,1.25
35,44,0,0,0.0,0.0,0.0
35,45,0,0,0.0,0.0,0.0
35,46,2,0,2.5,0.0,-2.5
35,47,0,0,0.0,0.0,0.0
35,48,0,0,0.0,0.0,0.0
35,49,0,0,0.0,0.0,0.0
35,50,0,3,0.0,3.75,3.75
35,51,0,0,0.0,0.0,0.0
35,52,0,0,0.0,0.0,0.0
35,53,0,0,0.0,0.0,0.0
35,54,0,0,0.0,0.0,0.0
35,55,0,0,0.0,0.0,0.0
35,56,0,0,0.0,0.0,0.0
35,57,0,0,0.0,0.0,0.0
35,58,0,0,0.0,0.0,0.0
35,59,0,0,0.0,0.0,0.0
35,60,0,0,0.0,0.0,0.0
35,61,0,0,0.0,0.0,0.0
35,62,0,0,0.0,0.0,0.0
35,63,0,0,0.0,0.0,0.0
35,64,0,0,0.0,0.0,0.0
35,65,0,0,0.0,0.0,0.0
35,66,0,0,0.0,0.0,0.0
35,67,2,0,2.5,0.0,-2.5
35,68,0,0,0.0,0.0,0.0
35,69,0,0,0.0,0.0,0.0
35,70,0,0,0.0,0.0,0.0
35,71,0,0,0.0,0.0,0.0
35,72,0,0,0.0,0.0,0.0
35,73,0,0,0.0,0.0,0.0
35,74,0,0,0.0,0.0,0.0
35,75,0,0,0.0,0.0,0.0
35,76,0,1,0.0,1.25,1.25
35,77,0,0,0.0,0.0,0.0
35,78,0,0,0.0,0.0,0.0
35,79,0,0,0.0,0.0,0.0
35,80,0,0,0.0,0.0,0.0
35,81,0,0,0.0,0.0,0.0
35,82,0,0,0.0,0.0,0.0
35,83,0,0,0.0,0.0,0.0
35,84,1,1,1.25,1.25,0.0
35,85,0,0,0.0,0.0,0.0
35,86,0,0,0.0,0.0,0.0
35,87,0,0,0.0,0.0,0.0
35,88,0,0,0.0,0.0,0.0
35,89,0,0,0.0,0.0,0.0
35,90,0,0,0.0,0.0,0.0
35,91,1,0,1.25,0.0,-1.25
35,92,0,0,0.0,0.0,0.0
35,93,0,0,0.0,0.0,0.0
35,94,0,0,0.0,0.0,0.0
35,95,0,0,0.0,0.0,0.0
35,96,0,0,0.0,0.0,0.0
35,97,0,0,0.0,0.0,0.0
35,98,0,0,0.0,0.0,0.0
35,99,0,0,0.0,0.0,0.0
35,100,0,0,0.0,0.0,0.0
35,101,0,0,0.0,0.0,0.0
35,102,0,0,0.0,0.0,0.0
35,103,0,0,0.0,0.0,0.0
35,104,0,0,0.0,0.0,0.0
35,105,0,0,0.0,0.0,0.0
35,106,0,0,0.0,0.0,0.0
35,107,0,0,0.0,0.0,0.0
35,108,0,0,0.0,0.0,0.0
35,109,0,0,0.0,0.0,0.0
35,110,0,0,0.0,0.0,0.0
35,111,0,0,0.0,0.0,0.0
35,112,0,0,0.0,0.0,0.0
35,113,0,0,0.0,0.0,0.0
35,114,0,0,0.0,0.0,0.0
35,115,1,0,1.25,0.0,-1.25
35,116,0,0,0.0,0.0,0.0
35,117,0,0,0.0,0.0,0.0
35,118,0,0,0.0,0.0,0.0
35,119,0,0,0.0,0.0,0.0
35,120,0,0,0.0,0.0,0.0
35,121,0,0,0.0,0.0,0.0
35,122,0,0,0.0,0.0,0.0
35,123,0,0,0.0,0.0,0.0
35,124,0,0,0.0,0.0,0.0
35,125,0,0,0.0,0.0,0.0
35,126,0,0,0.0,0.0,0.0
35,127,0,0,0.0,0.0,0.0
35,128,0,0,0.0,0.0,0.0
35,129,0,0,0.0,0.0,0.0
35,130,0,0,0.0,0.0,0.0
35,131,0,1,0.0,1.25,1.25
35,132,0,0,0.0,0.0,0.0
35,133,0,0,0.0,0.0,0.0
35,134,0,0,0.0,0.0,0.0
36,0,0,4,0.0,5.0,5.0
36,1,0,0,0.0,0.0,0.0
36,2,0,1,0.0,1.25,1.25
36,3,0,2,0.0,2.5,2.5
36,4,0,3,0.0,3.75,3.75
36,5,0,0,0.0,0.0,0.0
36,6,0,0,0.0,0.0,0.0
36,7,0,0,0.0,0.0,0.0
36,8,0,0,0.0,0.0,0.0
36,9,0,0,0.0,0.0,0.0
36,10,0,0,0.0,0.0,0.0
36,11,0,0,0.0,0.0,0.0
36,12,0,1,0.0,1.25,1.25
36,13,0,0,0.0,0.0,0.0
36,14,0,0,0.0,0.0,0.0
36,15,0,0,0.0,0.0,0.0
36,16,0,2,0.0,2.5,2.5
36,17,0,0,0.0,0.0,0.0
36,18,0,3,0.0,3.75,3.75
36,19,0,0,0.0,0.0,0.0
36,20,0,0,0.0,0.0,0.0
36,21,0,0,0.0,0.0,0.0
36,22,0,2,0.0,2.5,2.5
36,23,0,0,0.0,0.0,0.0
36,24,0,0,0.0,0.0,0.0
36,25,1,0,1.25,0.0,-1.25
36,26,1,0,1.25,0.0,-1.25
36,27,0,0,0.0,0.0,0.0
36,28,0,0,0.0,0.0,0.0
36,29,3,0,3.75,0.0,-3.75
36,30,1,0,1.25,0.0,-1.25
36,31,3,0,3.75,0.0,-3.75
36,32,0,0,0.0,0.0,0.0
36,33,0,0,0.0,0.0,0.0
36,34,1,0,1.25,0.0,-1.25
36,35,0,0,0.0,0.0,0.0
36,36,0,3,0.0,3.75,3.75
36,37,0,1,0.0,1.25,1.25
36,38,0,0,0.0,0.0,0.0
36,39,0,1,0.0,1.25,1.25
36,40,0,0,0.0,0.0,0.0
36,41,1,0,1.25,0.0,-1.25
36,42,1,3,1.25,3.75,2.5
36,43,0,1,0.0,1.25,1.25
36,44,0,0,0.0,0.0,0.0
36,45,1,0,1.25,0.0,-1.25
36,46,1,4,1.25,5.0,3.75
36,47,0,0,0.0,0.0,0.0
36,48,0,0,0.0,0.0,0.0
36,49,0,0,0.0,0.0,0.0
36,50,0,3,0.0,3.75,3.75
36,51,0,1,0.0,1.25,1.25
36,52,0,0,0.0,0.0,0.0
36,53,1,0,1.25,0.0,-1.25
36,54,1,0,1.25,0.0,-1.25
36,55,1,1,1.25,1.25,0.0
36,56,0,1,0.0,1.25,1.25
36,57,0,1,0.0,1.25,1.25
36,58,0,0,0.0,0.0,0.0
36,59,2,2,2.5,2.5,0.0
36,60,0,1,0.0,1.25,1.25
36,61,0,2,0.0,2.5,2.5
36,62,0,0,0.0,0.0,0.0
36,63,0,0,0.0,0.0,0.0
36,64,1,1,1.25,1.25,0.0
36,65,1,0,1.25,0.0,-1.25
36,66,0,0,0.0,0.0,0.0
36,67,1,0,1.25,0.0,-1.25
36,68,1,0,1.25,0.0,-1.25
36,69,0,0,0.0,0.0,0.0
36,70,0,6,0.0,7.5,7.5
36,71,1,0,1.25,0.0,-1.25
36,72,0,0,0.0,0.0,0.0
36,73,0,0,0.0,0.0,0.0
36,74,0,0,0.0,0.0,0.0
36,75,0,1,0.0,1.25,1.25
36,76,0,0,0.0,0.0,0.0
36,77,0,0,0.0,0.0,0.0
36,78,0,0,0.0,0.0,0.0
36,79,1,0,1.25,0.0,-1.25
36,80,1,0,1.25,0.0,-1.25
36,81,0,0,0.0,0.0,0.0
36,82,0,0,0.0,0.0,0.0
36,83,1,0,1.25,0.0,-1.25
36,84,0,0,0.0,0.0,0.0
36,85,0,2,0.0,2.5,2.5
36,86,0,0,0.0,0.0,0.0
36,87,0,0,0.0,0.0,0.0
36,88,0,5,0.0,6.25,6.25
36,89,0,0,0.0,0.0,0.0
36,90,0,0,0.0,0.0,0.0
36,91,0,0,0.0,0.0,0.0
36,92,0,2,0.0,2.5,2.5
36,93,0,3,0.0,3.75,3.75
36,94,0,3,0.0,3.75,3.75
36,95,0,0,0.0,0.0,0.0
36,96,0,0,0.0,0.0,0.0
36,97,0,0,0.0,0.0,0.0
36,98,0,0,0.0,0.0,0.0
36,99,0,0,0.0,0.0,0.0
36,100,0,0,0.0,0.0,0.0
36,101,0,3,0.0,3.75,3.75
36,102,0,0,0.0,0.0,0.0
36,103,0,0,0.0,0.0,0.0
36,104,0,0,0.0,0.0,0.0
36,105,0,0,0.0,0.0,0.0
36,106,0,1,0.0,1.25,1.25
36,107,1,0,1.25,0.0,-1.25
36,108,1,0,1.25,0.0,-1.25
36,109,0,1,0.0,1.25,1.25
36,110,0,0,0.0,0.0,0.0
36,111,0,0,0.0,0.0,0.0
36,112,0,0,0.0,0.0,0.0
36,113,1,4,1.25,5.0,3.75
36,114,0,2,0.0,2.5,2.5
36,115,0,0,0.0,0.0,0.0
36,116,0,0,0.0,0.0,0.0
36,117,0,0,0.0,0.0,0.0
36,118,0,0,0.0,0.0,0.0
36,119,0,2,0.0,2.5,2.5
36,120,2,0,2.5,0.0,-2.5
36,121,0,0,0.0,0.0,0.0
36,122,1,0,1.25,0.0,-1.25
36,123,1,0,1.25,0.0,-1.25
36,124,0,0,0.0,0.0,0.0
36,125,0,0,0.0,0.0,0.0
36,126,0,0,0.0,0.0,0.0
36,127,0,4,0.0,5.0,5.0
36,128,0,0,0.0,0.0,0.0
36,129,0,6,0.0,7.5,7.5
36,130,0,1,0.0,1.25,1.25
36,131,0,0,0.0,0.0,0.0
36,132,0,2,0.0,2.5,2.5
36,133,0,0,0.0,0.0,0.0
36,134,0,0,0.0,0.0,0.0
37,0,0,0,0.0,0.0,0.0
37,1,0,0,0.0,0.0,0.0
37,2,0,0,0.0,0.0,0.0
37,3,0,0,0.0,0.0,0.0
37,4,0,0,0.0,0.0,0.0
37,5,0,0,0.0,0.0,0.0
37,6,0,2,0.0,2.5,2.5
37,7,0,0,0.0,0.0,0.0
37,8,0,0,0.0,0.0,0.0
37,9,0,0,0.0,0.0,0.0
37,10,0,0,0.0,0.0,0.0
37,11,0,0,0.0,0.0,0.0
37,12,0,0,0.0,0.0,0.0
37,13,0,0,0.0,0.0,0.0
37,14,0,0,0.0,0.0,0.0
37,15,0,0,0.0,0.0,0.0
37,16,0,0,0.0,0.0,0.0
37,17,0,0,0.0,0.0,0.0
37,18,0,0,0.0,0.0,0.0
37,19,0,0,0.0,0.0,0.0
37,20,0,0,0.0,0.0,0.0
37,21,0,0,0.0,0.0,0.0
37,22,1,0,1.25,0.0,-1.25
37,23,0,0,0.0,0.0,0.0
37,24,0,0,0.0,0.0,0.0
37,25,0,0,0.0,0.0,0.0
37,26,2,0,2.5,0.0,-2.5
37,27,0,0,0.0,0.0,0.0
37,28,0,0,0.0,0.0,0.0
37,29,0,1,0.0,1.25,1.25
37,30,0,0,0.0,0.0,0.0
37,31,0,1,0.0,1.25,1.25
37,32,0,0,0.0,0.0,0.0
37,33,0,0,0.0,0.0,0.0
37,34,0,0,0.0,0.0,0.0
37,35,0,0,0.0,0.0,0.0
37,36,2,1,2.5,1.25,-1.25
37,37,0,1,0.0,1.25,1.25
37,38,0,0,0.0,0.0,0.0
37,39,0,1,0.0,1.25,1.25
37,40,0,0,0.0,0.0,0.0
37,41,1,0,1.25,0.0,-1.25
37,42,1,0,1.25,0.0,-1.25
37,43,0,0,0.0,0.0,0.0
37,44,0,0,0.0,0.0,0.0
37,45,0,0,0.0,0.0,0.0
37,46,1,0,1.25,0.0,-1.25
37,47,0,0,0.0,0.0,0.0
37,48,0,0,0.0,0.0,0.0
37,49,1,0,1.25,0.0,-1.25
37,50,2,0,2.5,0.0,-2.5
37,51,0,0,0.0,0.0,0.0
37,52,0,0,0.0,0.0,0.0
37,53,2,0,2.5,0.0,-2.5
37,54,1,0,1.25,0.0,-1.25
37,55,0,1,0.0,1.25,1.25
37,56,0,0,0.0,0.0,0.0
37,57,0,0,0.0,0.0,0.0
37,58,0,1,0.0,1.25,1.25
37,59,2,0,2.5,0.0,-2.5
37,60,0,2,0.0,2.5,2.5
37,61,0,0,0.0,0.0,0.0
37,62,0,0,0.0,0.0,0.0
37,63,0,2,0.0,2.5,2.5
37,64,0,2,0.0,2.5,2.5
37,65,1,0,1.25,0.0,-1.25
37,66,0,0,0.0,0.0,0.0
37,67,0,0,0.0,0.0,0.0
37,68,2,0,2.5,0.0,-2.5
37,69,0,0,0.0,0.0,0.0
37,70,0,0,0.0,0.0,0.0
37,71,0,0,0.0,0.0,0.0
37,72,2,0,2.5,0.0,-2.5
37,73,1,0,1.25,0.0,-1.25
37,74,1,0,1.25,0.0,-1.25
37,75,0,0,0.0,0.0,0.0
37,76,0,0,0.0,0.0,0.0
37,77,0,0,0.0,0.0,0.0
37,78,0,0,0.0,0.0,0.0
37,79,0,0,0.0,0.0,0.0
37,80,1,0,1.25,0.0,-1.25
37,81,0,0,0.0,0.0,0.0
37,82,0,0,0.0,0.0,0.0
37,83,2,0,2.5,0.0,-2.5
37,84,1,0,1.25,0.0,-1.25
37,85,0,0,0.0,0.0,0.0
37,86,0,0,0.0,0.0,0.0
37,87,0,0,0.0,0.0,0.0
37,88,0,0,0.0,0.0,0.0
37,89,0,0,0.0,0.0,0.0
37,90,0,0,0.0,0.0,0.0
37,91,0,0,0.0,0.0,0.0
37,92,0,1,0.0,1.25,1.25
37,93,0,0,0.0,0.0,0.0
37,94,0,0,0.0,0.0,0.0
37,95,0,0,0.0,0.0,0.0
37,96,0,2,0.0,2.5,2.5
37,97,0,2,0.0,2.5,2.5
37,98,0,0,0.0,0.0,0.0
37,99,1,0,1.25,0.0,-1.25
37,100,0,0,0.0,0.0,0.0
37,101,0,1,0.0,1.25,1.25
37,102,0,0,0.0,0.0,0.0
37,103,0,0,0.0,0.0,0.0
37,104,0,0,0.0,0.0,0.0
37,105,0,0,0.0,0.0,0.0
37,106,0,0,0.0,0.0,0.0
37,107,0,0,0.0,0.0,0.0
37,108,0,0,0.0,0.0,0.0
37,109,1,0,1.25,0.0,-1.25
37,110,0,1,0.0,1.25,1.25
37,111,0,2,0.0,2.5,2.5
37,112,0,0,0.0,0.0,0.0
37,113,2,0,2.5,0.0,-2.5
37,114,0,2,0.0,2.5,2.5
37,115,0,0,0.0,0.0,0.0
37,116,0,0,0.0,0.0,0.0
37,117,0,0,0.0,0.0,0.0
37,118,1,0,1.25,0.0,-1.25
37,119,0,0,0.0,0.0,0.0
37,120,0,0,0.0,0.0,0.0
37,121,0,0,0.0,0.0,0.0
37,122,2,0,2.5,0.0,-2.5
37,123,1,0,1.25,0.0,-1.25
37,124,0,0,0.0,0.0,0.0
37,125,0,0,0.0,0.0,0.0
37,126,0,0,0.0,0.0,0.0
37,127,0,1,0.0,1.25,1.25
37,128,1,0,1.25,0.0,-1.25
37,129,0,0,0.0,0.0,0.0
37,130,0,0,0.0,0.0,0.0
37,131,0,0,0.0,0.0,0.0
37,132,0,2,0.0,2.5,2.5
37,133,0,0,0.0,0.0,0.0
37,134,2,0,2.5,0.0,-2.5
38,0,4,5,5.0,6.25,1.25
38,1,1,0,1.25,0.0,-1.25
38,2,2,1,2.5,1.25,-1.25
38,3,0,0,0.0,0.0,0.0
38,4,0,0,0.0,0.0,0.0
38,5,0,0,0.0,0.0,0.0
38,6,1,1,1.25,1.25,0.0
38,7,0,0,0.0,0.0,0.0
38,8,0,0,0.0,0.0,0.0
38,9,0,0,0.0,0.0,0.0
38,10,0,0,0.0,0.0,0.0
38,11,0,0,0.0,0.0,0.0
38,12,1,0,1.25,0.0,-1.25
38,13,0,0,0.0,0.0,0.0
38,14,0,0,0.0,0.0,0.0
38,15,0,1,0.0,1.25,1.25
38,16,0,0,0.0,0.0,0.0
38,17,2,1,2.5,1.25,-1.25
38,18,0,0,0.0,0.0,0.0
38,19,0,0,0.0,0.0,0.0
38,20,1,0,1.25,0.0,-1.25
38,21,0,0,0.0,0.0,0.0
38,22,0,0,0.0,0.0,0.0
38,23,0,0,0.0,0.0,0.0
38,24,0,0,0.0,0.0,0.0
38,25,0,1,0.0,1.25,1.25
38,26,0,0,0.0,0.0,0.0
38,27,6,0,7.5,0.0,-7.5
38,28,1,0,1.25,0.0,-1.25
38,29,1,0,1.25,0.0,-1.25
38,30,0,1,0.0,1.25,1.25
38,31,1,2,1.25,2.5,1.25
38,32,1,1,1.25,1.25,0.0
38,33,0,0,0.0,0.0,0.0
38,34,0,0,0.0,0.0,0.0
38,35,0,0,0.0,0.0,0.0
38,36,1,2,1.25,2.5,1.25
38,37,0,2,0.0,2.5,2.5
38,38,0,0,0.0,0.0,0.0
38,39,0,0,0.0,0.0,0.0
38,40,0,0,0.0,0.0,0.0
38,41,2,1,2.5,1.25,-1.25
38,42,0,0,0.0,0.0,0.0
38,43,0,8,0.0,10.0,10.0
38,44,0,3,0.0,3.75,3.75
38,45,0,1,0.0,1.25,1.25
38,46,0,0,0.0,0.0,0.0
38,47,1,3,1.25,3.75,2.5
38,48,0,0,0.0,0.0,0.0
38,49,0,0,0.0,0.0,0.0
38,50,1,0,1.25,0.0,-1.25
38,51,0,0,0.0,0.0,0.0
38,52,3,2,3.75,2.5,-1.25
38,53,0,8,0.0,10.0,10.0
38,54,0,1,0.0,1.25,1.25
38,55,0,0,0.0,0.0,0.0
38,56,1,0,1.25,0.0,-1.25
38,57,2,0,2.5,0.0,-2.5
38,58,0,1,0.0,1.25,1.25
38,59,2,0,2.5,0.0,-2.5
38,60,4,1,5.0,1.25,-3.75
38,61,0,0,0.0,0.0,0.0
38,62,5,0,6.25,0.0,-6.25
38,63,2,6,2.5,7.5,5.0
38,64,0,0,0.0,0.0,0.0
38,65,0,0,0.0,0.0,0.0
38,66,0,1,0.0,1.25,1.25
38,67,0,0,0.0,0.0,0.0
38,68,0,5,0.0,6.25,6.25
38,69,4,8,5.0,10.0,5.0
38,70,9,7,11.25,8.75,-2.5
38,71,8,5,10.0,6.25,-3.75
38,72,3,2,3.75,2.5,-1.25
38,73,2,2,2.5,2.5,0.0
38,74,0,1,0.0,1.25,1.25
38,75,4,4,5.0,5.0,0.0
38,76,3,0,3.75,0.0,-3.75
38,77,0,1,0.0,1.25,1.25
38,78,3,4,3.75,5.0,1.25
38,79,1,2,1.25,2.5,1.25
38,80,0,1,0.0,1.25,1.25
38,81,2,0,2.5,0.0,-2.5
38,82,2,5,2.5,6.25,3.75
38,83,1,1,1.25,1.25,0.0
38,84,0,0,0.0,0.0,0.0
38,85,0,1,0.0,1.25,1.25
38,86,0,5,0.0,6.25,6.25
38,87,3,1,3.75,1.25,-2.5
38,88,1,0,1.25,0.0,-1.25
38,89,2,5,2.5,6.25,3.75
38,90,1,0,1.25,0.0,-1.25
38,91,0,1,0.0,1.25,1.25
38,92,2,1,2.5,1.25,-1.25
38,93,3,5,3.75,6.25,2.5
38,94,0,4,0.0,5.0,5.0
38,95,2,2,2.5,2.5,0.0
38,96,2,9,2.5,11.25,8.75
38,97,3,5,3.75,6.25,2.5
38,98,1,3,1.25,3.75,2.5
38,99,1,2,1.25,2.5,1.25
38,100,4,3,5.0,3.75,-1.25
38,101,1,2,1.25,2.5,1.25
38,102,1,0,1.25,0.0,-1.25
38,103,3,1,3.75,1.25,-2.5
38,104,1,2,1.25,2.5,1.25
38,105,3,5,3.75,6.25,2.5
38,106,1,0,1.25,0.0,-1.25
38,107,1,9,1.25,11.25,10.0
38,108,0,0,0.0,0.0,0.0
38,109,0,0,0.0,0.0,0.0
38,110,1,3,1.25,3.75,2.5
38,111,2,4,2.5,5.0,2.5
38,112,2,0,2.5,0.0,-2.5
38,113,3,2,3.75,2.5,-1.25
38,114,1,1,1.25,1.25,0.0
38,115,2,0,2.5,0.0,-2.5
38,116,1,3,1.25,3.75,2.5
38,117,1,0,1.25,0.0,-1.25
38,118,3,3,3.75,3.75,0.0
38,119,2,0,2.5,0.0,-2.5
38,120,4,4,5.0,5.0,0.0
38,121,0,2,0.0,2.5,2.5
38,122,5,1,6.25,1.25,-5.0
38,123,1,2,1.25,2.5,1.25
38,124,0,1,0.0,1.25,1.25
38,125,0,4,0.0,5.0,5.0
38,126,4,3,5.0,3.75,-1.25
38,127,3,3,3.75,3.75,0.0
38,128,1,3,1.25,3.75,2.5
38,129,0,1,0.0,1.25,1.25
38,130,2,5,2.5,6.25,3.75
38,131,3,3,3.75,3.75,0.0
38,132,1,1,1.25,1.25,0.0
38,133,4,0,5.0,0.0,-5.0
38,134,2,0,2.5,0.0,-2.5
39,0,0,0,0.0,0.0,0.0
39,1,0,1,0.0,1.25,1.25
39,2,1,1,1.25,1.25,0.0
39,3,1,4,1.25,5.0,3.75
39,4,2,1,2.5,1.25,-1.25
39,5,0,1,0.0,1.25,1.25
39,6,0,4,0.0,5.0,5.0
39,7,0,2,0.0,2.5,2.5
39,8,0,1,0.0,1.25,1.25
39,9,0,0,0.0,0.0,0.0
39,10,0,1,0.0,1.25,1.25
39,11,1,2,1.25,2.5,1.25
39,12,0,2,0.0,2.5,2.5
39,13,0,2,0.0,2.5,2.5
39,14,0,0,0.0,0.0,0.0
39,15,0,0,0.0,0.0,0.0
39,16,2,0,2.5,0.0,-2.5
39,17,7,6,8.75,7.5,-1.25
39,18,0,2,0.0,2.5,2.5
39,19,0,0,0.0,0.0,0.0
39,20,1,0,1.25,0.0,-1.25
39,21,0,2,0.0,2.5,2.5
39,22,3,2,3.75,2.5,-1.25
39,23,0,0,0.0,0.0,0.0
39,24,0,2,0.0,2.5,2.5
39,25,1,0,1.25,0.0,-1.25
39,26,0,0,0.0,0.0,0.0
39,27,0,0,0.0,0.0,0.0
39,28,0,0,0.0,0.0,0.0
39,29,3,1,3.75,1.25,-2.5
39,30,0,1,0.0,1.25,1.25
39,31,0,0,0.0,0.0,0.0
39,32,1,7,1.25,8.75,7.5
39,33,2,1,2.5,1.25,-1.25
39,34,2,4,2.5,5.0,2.5
39,35,0,0,0.0,0.0,0.0
39,36,1,4,1.25,5.0,3.75
39,37,1,3,1.25,3.75,2.5
39,38,0,0,0.0,0.0,0.0
39,39,0,0,0.0,0.0,0.0
39,40,0,1,0.0,1.25,1.25
39,41,0,0,0.0,0.0,0.0
39,42,0,1,0.0,1.25,1.25
39,43,2,0,2.5,0.0,-2.5
39,44,0,2,0.0,2.5,2.5
39,45,1,0,1.25,0.0,-1.25
39,46,1,0,1.25,0.0,-1.25
39,47,1,7,1.25,8.75,7.5
39,48,0,1,0.0,1.25,1.25
39,49,1,1,1.25,1.25,0.0
39,50,4,0,5.0,0.0,-5.0
39,51,0,0,0.0,0.0,0.0
39,52,3,0,3.75,0.0,-3.75
39,53,0,3,0.0,3.75,3.75
39,54,1,6,1.25,7.5,6.25
39,55,2,2,2.5,2.5,0.0
39,56,3,0,3.75,0.0,-3.75
39,57,3,1,3.75,1.25,-2.5
39,58,0,3,0.0,3.75,3.75
39,59,1,1,1.25,1.25,0.0
39,60,5,1,6.25,1.25,-5.0
39,61,0,0,0.0,0.0,0.0
39,62,0,0,0.0,0.0,0.0
39,63,0,4,0.0,5.0,5.0
39,64,2,0,2.5,0.0,-2.5
39,65,0,1,0.0,1.25,1.25
39,66,0,0,0.0,0.0,0.0
39,67,1,2,1.25,2.5,1.25
39,68,1,3,1.25,3.75,2.5
39,69,0,1,0.0,1.25,1.25
39,70,1,0,1.25,0.0,-1.25
39,71,0,0,0.0,0.0,0.0
39,72,7,3,8.75,3.75,-5.0
39,73,1,0,1.25,0.0,-1.25
39,74,0,2,0.0,2.5,2.5
39,75,2,7,2.5,8.75,6.25
39,76,4,0,5.0,0.0,-5.0
39,77,1,0,1.25,0.0,-1.25
39,78,0,3,0.0,3.75,3.75
39,79,0,0,0.0,0.0,0.0
39,80,0,1,0.0,1.25,1.25
39,81,3,0,3.75,0.0,-3.75
39,82,0,2,0.0,2.5,2.5
39,83,0,1,0.0,1.25,1.25
39,84,1,2,1.25,2.5,1.25
39,85,2,5,2.5,6.25,3.75
39,86,1,2,1.25,2.5,1.25
39,87,0,2,0.0,2.5,2.5
39,88,0,0,0.0,0.0,0.0
39,89,0,0,0.0,0.0,0.0
39,90,0,0,0.0,0.0,0.0
39,91,2,0,2.5,0.0,-2.5
39,92,0,0,0.0,0.0,0.0
39,93,0,6,0.0,7.5,7.5
39,94,1,0,1.25,0.0,-1.25
39,95,4,2,5.0,2.5,-2.5
39,96,0,9,0.0,11.25,11.25
39,97,2,0,2.5,0.0,-2.5
39,98,6,3,7.5,3.75,-3.75
39,99,1,1,1.25,1.25,0.0
39,100,7,1,8.75,1.25,-7.5
39,101,1,6,1.25,7.5,6.25
39,102,1,2,1.25,2.5,1.25
39,103,1,0,1.25,0.0,-1.25
39,104,1,0,1.25,0.0,-1.25
39,105,0,2,0.0,2.5,2.5
39,106,0,0,0.0,0.0,0.0
39,107,0,7,0.0,8.75,8.75
39,108,0,0,0.0,0.0,0.0
39,109,0,0,0.0,0.0,0.0
39,110,1,0,1.25,0.0,-1.25
39,111,1,4,1.25,5.0,3.75
39,112,1,2,1.25,2.5,1.25
39,113,7,0,8.75,0.0,-8.75
39,114,0,0,0.0,0.0,0.0
39,115,3,0,3.75,0.0,-3.75
39,116,1,0,1.25,0.0,-1.25
39,117,3,0,3.75,0.0,-3.75
39,118,2,0,2.5,0.0,-2.5
39,119,1,2,1.25,2.5,1.25
39,120,0,1,0.0,1.25,1.25
39,121,0,0,0.0,0.0,0.0
39,122,1,1,1.25,1.25,0.0
39,123,0,0,0.0,0.0,0.0
39,124,0,1,0.0,1.25,1.25
39,125,0,0,0.0,0.0,0.0
39,126,0,0,0.0,0.0,0.0
39,127,3,1,3.75,1.25,-2.5
39,128,3,1,3.75,1.25,-2.5
39,129,1,0,1.25,0.0,-1.25
39,130,1,1,1.25,1.25,0.0
39,131,0,1,0.0,1.25,1.25
39,132,1,0,1.25,0.0,-1.25
39,133,2,0,2.5,0.0,-2.5
39,134,0,1,0.0,1.25,1.25
40,0,1,0,1.25,0.0,-1.25
40,1,2,1,2.5,1.25,-1.25
40,2,0,0,0.0,0.0,0.0
40,3,0,1,0.0,1.25,1.25
40,4,0,1,0.0,1.25,1.25
40,5,0,5,0.0,6.25,6.25
40,6,1,0,1.25,0.0,-1.25
40,7,0,0,0.0,0.0,0.0
40,8,1,0,1.25,0.0,-1.25
40,9,0,1,0.0,1.25,1.25
40,10,0,2,0.0,2.5,2.5
40,11,0,0,0.0,0.0,0.0
40,12,0,1,0.0,1.25,1.25
40,13,0,0,0.0,0.0,0.0
40,14,0,0,0.0,0.0,0.0
40,15,0,0,0.0,0.0,0.0
40,16,0,0,0.0,0.0,0.0
40,17,6,5,7.5,6.25,-1.25
40,18,0,0,0.0,0.0,0.0
40,19,0,2,0.0,2.5,2.5
40,20,0,0,0.0,0.0,0.0
40,21,0,1,0.0,1.25,1.25
40,22,0,1,0.0,1.25,1.25
40,23,0,0,0.0,0.0,0.0
40,24,0,0,0.0,0.0,0.0
40,25,0,0,0.0,0.0,0.0
40,26,0,0,0.0,0.0,0.0
40,27,0,0,0.0,0.0,0.0
40,28,0,1,0.0,1.25,1.25
40,29,1,0,1.25,0.0,-1.25
40,30,0,0,0.0,0.0,0.0
40,31,0,1,0.0,1.25,1.25
40,32,2,3,2.5,3.75,1.25
40,33,1,1,1.25,1.25,0.0
40,34,0,7,0.0,8.75,8.75
40,35,0,0,0.0,0.0,0.0
40,36,0,0,0.0,0.0,0.0
40,37,0,0,0.0,0.0,0.0
40,38,0,1,0.0,1.25,1.25
40,39,1,0,1.25,0.0,-1.25
40,40,0,0,0.0,0.0,0.0
40,41,0,0,0.0,0.0,0.0
40,42,1,1,1.25,1.25,0.0
40,43,0,0,0.0,0.0,0.0
40,44,2,0,2.5,0.0,-2.5
40,45,0,0,0.0,0.0,0.0
40,46,1,0,1.25,0.0,-1.25
40,47,0,1,0.0,1.25,1.25
40,48,0,2,0.0,2.5,2.5
40,49,1,1,1.25,1.25,0.0
40,50,2,0,2.5,0.0,-2.5
40,51,1,0,1.25,0.0,-1.25
40,52,0,0,0.0,0.0,0.0
40,53,0,0,0.0,0.0,0.0
40,54,2,6,2.5,7.5,5.0
40,55,2,5,2.5,6.25,3.75
40,56,0,2,0.0,2.5,2.5
40,57,0,1,0.0,1.25,1.25
40,58,0,0,0.0,0.0,0.0
40,59,0,1,0.0,1.25,1.25
40,60,4,0,5.0,0.0,-5.0
40,61,1,0,1.25,0.0,-1.25
40,62,0,0,0.0,0.0,0.0
40,63,0,6,0.0,7.5,7.5
40,64,0,0,0.0,0.0,0.0
40,65,0,0,0.0,0.0,0.0
40,66,0,0,0.0,0.0,0.0
40,67,3,3,3.75,3.75,0.0
40,68,2,0,2.5,0.0,-2.5
40,69,0,0,0.0,0.0,0.0
40,70,0,1,0.0,1.25,1.25
40,71,0,1,0.0,1.25,1.25
40,72,1,0,1.25,0.0,-1.25
40,73,0,2,0.0,2.5,2.5
40,74,0,1,0.0,1.25,1.25
40,75,0,4,0.0,5.0,5.0
40,76,0,2,0.0,2.5,2.5
40,77,0,0,0.0,0.0,0.0
40,78,0,0,0.0,0.0,0.0
40,79,0,0,0.0,0.0,0.0
40,80,0,2,0.0,2.5,2.5
40,81,2,0,2.5,0.0,-2.5
40,82,0,2,0.0,2.5,2.5
40,83,1,0,1.25,0.0,-1.25
40,84,1,0,1.25,0.0,-1.25
40,85,0,0,0.0,0.0,0.0
40,86,0,1,0.0,1.25,1.25
40,87,0,0,0.0,0.0,0.0
40,88,0,0,0.0,0.0,0.0
40,89,1,4,1.25,5.0,3.75
40,90,2,0,2.5,0.0,-2.5
40,91,0,0,0.0,0.0,0.0
40,92,0,0,0.0,0.0,0.0
40,93,0,2,0.0,2.5,2.5
40,94,0,0,0.0,0.0,0.0
40,95,0,0,0.0,0.0,0.0
40,96,0,7,0.0,8.75,8.75
40,97,0,0,0.0,0.0,0.0
40,98,3,0,3.75,0.0,-3.75
40,99,2,2,2.5,2.5,0.0
40,100,0,0,0.0,0.0,0.0
40,101,3,2,3.75,2.5,-1.25
40,102,0,0,0.0,0.0,0.0
40,103,0,0,0.0,0.0,0.0
40,104,2,0,2.5,0.0,-2.5
40,105,0,0,0.0,0.0,0.0
40,106,0,0,0.0,0.0,0.0
40,107,0,0,0.0,0.0,0.0
40,108,0,0,0.0,0.0,0.0
40,109,0,0,0.0,0.0,0.0
40,110,1,0,1.25,0.0,-1.25
40,111,2,2,2.5,2.5,0.0
40,112,0,3,0.0,3.75,3.75
40,113,4,0,5.0,0.0,-5.0
40,114,2,0,2.5,0.0,-2.5
40,115,2,0,2.5,0.0,-2.5
40,116,2,2,2.5,2.5,0.0
40,117,0,0,0.0,0.0,0.0
40,118,0,3,0.0,3.75,3.75
40,119,1,0,1.25,0.0,-1.25
40,120,0,0,0.0,0.0,0.0
40,121,0,0,0.0,0.0,0.0
40,122,0,0,0.0,0.0,0.0
40,123,0,0,0.0,0.0,0.0
40,124,0,2,0.0,2.5,2.5
40,125,0,4,0.0,5.0,5.0
40,126,0,0,0.0,0.0,0.0
40,127,0,3,0.0,3.75,3.75
40,128,5,1,6.25,1.25,-5.0
40,129,0,2,0.0,2.5,2.5
40,130,0,2,0.0,2.5,2.5
40,131,2,1,2.5,1.25,-1.25
40,132,0,0,0.0,0.0,0.0
40,133,0,0,0.0,0.0,0.0
40,134,0,0,0.0,0.0,0.0
41,0,0,0,0.0,0.0,0.0
41,1,2,1,2.5,1.25,-1.25
41,2,0,0,0.0,0.0,0.0
41,3,0,0,0.0,0.0,0.0
41,4,0,0,0.0,0.0,0.0
41,5,0,3,0.0,3.75,3.75
41,6,0,0,0.0,0.0,0.0
41,7,0,0,0.0,0.0,0.0
41,8,0,0,0.0,0.0,0.0
41,9,0,0,0.0,0.0,0.0
41,10,0,0,0.0,0.0,0.0
41,11,0,0,0.0,0.0,0.0
41,12,0,1,0.0,1.25,1.25
41,13,0,0,0.0,0.0,0.0
41,14,0,0,0.0,0.0,0.0
41,15,0,0,0.0,0.0,0.0
41,16,0,0,0.0,0.0,0.0
41,17,0,0,0.0,0.0,0.0
41,18,0,0,0.0,0.0,0.0
41,19,0,0,0.0,0.0,0.0
41,20,0,0,0.0,0.0,0.0
41,21,0,0,0.0,0.0,0.0
41,22,0,0,0.0,0.0,0.0
41,23,0,0,0.0,0.0,0.0
41,24,0,0,0.0,0.0,0.0
41,25,0,0,0.0,0.0,0.0
41,26,0,0,0.0,0.0,0.0
41,27,0,0,0.0,0.0,0.0
41,28,0,0,0.0,0.0,0.0
41,29,0,0,0.0,0.0,0.0
41,30,0,0,0.0,0.0,0.0
41,31,0,0,0.0,0.0,0.0
41,32,0,0,0.0,0.0,0.0
41,33,1,0,1.25,0.0,-1.25
41,34,0,2,0.0,2.5,2.5
41,35,1,0,1.25,0.0,-1.25
41,36,0,0,0.0,0.0,0.0
41,37,0,0,0.0,0.0,0.0
41,38,0,0,0.0,0.0,0.0
41,39,0,0,0.0,0.0,0.0
41,40,0,0,0.0,0.0,0.0
41,41,0,0,0.0,0.0,0.0
41,42,0,0,0.0,0.0,0.0
41,43,0,0,0.0,0.0,0.0
41,44,0,0,0.0,0.0,0.0
41,45,0,0,0.0,0.0,0.0
41,46,0,0,0.0,0.0,0.0
41,47,0,3,0.0,3.75,3.75
41,48,0,0,0.0,0.0,0.0
41,49,0,0,0.0,0.0,0.0
41,50,0,0,0.0,0.0,0.0
41,51,0,0,0.0,0.0,0.0
41,52,0,0,0.0,0.0,0.0
41,53,0,0,0.0,0.0,0.0
41,54,2,0,2.5,0.0,-2.5
41,55,0,0,0.0,0.0,0.0
41,56,0,0,0.0,0.0,0.0
41,57,0,0,0.0,0.0,0.0
41,58,0,0,0.0,0.0,0.0
41,59,0,0,0.0,0.0,0.0
41,60,0,0,0.0,0.0,0.0
41,61,0,0,0.0,0.0,0.0
41,62,0,0,0.0,0.0,0.0
41,63,0,0,0.0,0.0,0.0
41,64,0,0,0.0,0.0,0.0
41,65,0,0,0.0,0.0,0.0
41,66,0,0,0.0,0.0,0.0
41,67,0,0,0.0,0.0,0.0
41,68,0,0,0.0,0.0,0.0
41,69,0,0,0.0,0.0,0.0
41,70,0,0,0.0,0.0,0.0
41,71,0,0,0.0,0.0,0.0
41,72,0,0,0.0,0.0,0.0
41,73,0,0,0.0,0.0,0.0
41,74,0,0,0.0,0.0,0.0
41,75,0,0,0.0,0.0,0.0
41,76,0,0,0.0,0.0,0.0
41,77,0,0,0.0,0.0,0.0
41,78,0,0,0.0,0.0,0.0
41,79,0,0,0.0,0.0,0.0
41,80,0,2,0.0,2.5,2.5
41,81,0,0,0.0,0.0,0.0
41,82,0,1,0.0,1.25,1.25
41,83,0,0,0.0,0.0,0.0
41,84,0,0,0.0,0.0,0.0
41,85,0,0,0.0,0.0,0.0
41,86,0,0,0.0,0.0,0.0
41,87,0,0,0.0,0.0,0.0
41,88,0,0,0.0,0.0,0.0
41,89,0,0,0.0,0.0,0.0
41,90,0,0,0.0,0.0,0.0
41,91,0,0,0.0,0.0,0.0
41,92,0,0,0.0,0.0,0.0
41,93,0,2,0.0,2.5,2.5
41,94,0,0,0.0,0.0,0.0
41,95,0,0,0.0,0.0,0.0
41,96,0,2,0.0,2.5,2.5
41,97,0,2,0.0,2.5,2.5
41,98,0,0,0.0,0.0,0.0
41,99,0,0,0.0,0.0,0.0
41,100,0,0,0.0,0.0,0.0
41,101,0,1,0.0,1.25,1.25
41,102,0,0,0.0,0.0,0.0
41,103,0,0,0.0,0.0,0.0
41,104,0,0,0.0,0.0,0.0
41,105,0,0,0.0,0.0,0.0
41,106,0,0,0.0,0.0,0.0
41,107,0,0,0.0,0.0,0.0
41,108,1,0,1.25,0.0,-1.25
41,109,1,0,1.25,0.0,-1.25
41,110,0,1,0.0,1.25,1.25
41,111,0,0,0.0,0.0,0.0
41,112,0,0,0.0,0.0,0.0
41,113,0,0,0.0,0.0,0.0
41,114,0,2,0.0,2.5,2.5
41,115,0,0,0.0,0.0,0.0
41,116,2,0,2.5,0.0,-2.5
41,117,1,0,1.25,0.0,-1.25
41,118,0,0,0.0,0.0,0.0
41,119,0,0,0.0,0.0,0.0
41,120,0,0,0.0,0.0,0.0
41,121,0,0,0.0,0.0,0.0
41,122,0,0,0.0,0.0,0.0
41,123,0,0,0.0,0.0,0.0
41,124,0,0,0.0,0.0,0.0
41,125,0,0,0.0,0.0,0.0
41,126,0,0,0.0,0.0,0.0
41,127,0,0,0.0,0.0,0.0
41,128,0,2,0.0,2.5,2.5
41,129,0,0,0.0,0.0,0.0
41,130,0,0,0.0,0.0,0.0
41,131,1,0,1.25,0.0,-1.25
41,132,0,0,0.0,0.0,0.0
41,133,0,0,0.0,0.0,0.0
41,134,0,0,0.0,0.0,0.0
42,0,1,1,1.25,1.25,0.0
42,1,0,0,0.0,0.0,0.0
42,2,0,0,0.0,0.0,0.0
42,3,0,0,0.0,0.0,0.0
42,4,1,0,1.25,0.0,-1.25
42,5,0,1,0.0,1.25,1.25
42,6,0,0,0.0,0.0,0.0
42,7,0,1,0.0,1.25,1.25
42,8,0,0,0.0,0.0,0.0
42,9,1,0,1.25,0.0,-1.25
42,10,0,0,0.0,0.0,0.0
42,11,0,0,0.0,0.0,0.0
42,12,0,1,0.0,1.25,1.25
42,13,0,0,0.0,0.0,0.0
42,14,0,0,0.0,0.0,0.0
42,15,0,0,0.0,0.0,0.0
42,16,0,0,0.0,0.0,0.0
42,17,1,1,1.25,1.25,0.0
42,18,0,0,0.0,0.0,0.0
42,19,0,1,0.0,1.25,1.25
42,20,0,0,0.0,0.0,0.0
42,21,0,0,0.0,0.0,0.0
42,22,0,0,0.0,0.0,0.0
42,23,0,0,0.0,0.0,0.0
42,24,0,0,0.0,0.0,0.0
42,25,0,0,0.0,0.0,0.0
42,26,0,0,0.0,0.0,0.0
42,27,0,0,0.0,0.0,0.0
42,28,0,0,0.0,0.0,0.0
42,29,1,1,1.25,1.25,0.0
42,30,0,0,0.0,0.0,0.0
42,31,0,1,0.0,1.25,1.25
42,32,0,0,0.0,0.0,0.0
42,33,1,1,1.25,1.25,0.0
42,34,1,0,1.25,0.0,-1.25
42,35,0,0,0.0,0.0,0.0
42,36,0,0,0.0,0.0,0.0
42,37,0,0,0.0,0.0,0.0
42,38,0,1,0.0,1.25,1.25
42,39,0,0,0.0,0.0,0.0
42,40,0,0,0.0,0.0,0.0
42,41,0,0,0.0,0.0,0.0
42,42,0,0,0.0,0.0,0.0
42,43,0,0,0.0,0.0,0.0
42,44,0,0,0.0,0.0,0.0
42,45,0,0,0.0,0.0,0.0
42,46,0,0,0.0,0.0,0.0
42,47,0,2,0.0,2.5,2.5
42,48,0,0,0.0,0.0,0.0
42,49,0,0,0.0,0.0,0.0
42,50,1,0,1.25,0.0,-1.25
42,51,0,0,0.0,0.0,0.0
42,52,0,0,0.0,0.0,0.0
42,53,0,0,0.0,0.0,0.0
42,54,0,0,0.0,0.0,0.0
42,55,0,2,0.0,2.5,2.5
42,56,0,1,0.0,1.25,1.25
42,57,0,0,0.0,0.0,0.0
42,58,0,0,0.0,0.0,0.0
42,59,0,0,0.0,0.0,0.0
42,60,0,1,0.0,1.25,1.25
42,61,0,0,0.0,0.0,0.0
42,62,0,0,0.0,0.0,0.0
42,63,0,0,0.0,0.0,0.0
42,64,0,0,0.0,0.0,0.0
42,65,0,1,0.0,1.25,1.25
42,66,1,0,1.25,0.0,-1.25
42,67,2,0,2.5,0.0,-2.5
42,68,0,0,0.0,0.0,0.0
42,69,0,1,0.0,1.25,1.25
42,70,0,1,0.0,1.25,1.25
42,71,0,0,0.0,0.0,0.0
42,72,0,1,0.0,1.25,1.25
42,73,0,0,0.0,0.0,0.0
42,74,0,0,0.0,0.0,0.0
42,75,1,1,1.25,1.25,0.0
42,76,0,0,0.0,0.0,0.0
42,77,0,0,0.0,0.0,0.0
42,78,0,0,0.0,0.0,0.0
42,79,0,0,0.0,0.0,0.0
42,80,0,0,0.0,0.0,0.0
42,81,0,0,0.0,0.0,0.0
42,82,0,0,0.0,0.0,0.0
42,83,0,0,0.0,0.0,0.0
42,84,0,0,0.0,0.0,0.0
42,85,0,0,0.0,0.0,0.0
42,86,0,0,0.0,0.0,0.0
42,87,0,0,0.0,0.0,0.0
42,88,0,0,0.0,0.0,0.0
42,89,0,0,0.0,0.0,0.0
42,90,0,0,0.0,0.0,0.0
42,91,0,0,0.0,0.0,0.0
42,92,0,0,0.0,0.0,0.0
42,93,1,0,1.25,0.0,-1.25
42,94,0,0,0.0,0.0,0.0
42,95,1,0,1.25,0.0,-1.25
42,96,0,0,0.0,0.0,0.0
42,97,0,0,0.0,0.0,0.0
42,98,1,0,1.25,0.0,-1.25
42,99,0,0,0.0,0.0,0.0
42,100,0,0,0.0,0.0,0.0
42,101,0,0,0.0,0.0,0.0
42,102,1,0,1.25,0.0,-1.25
42,103,1,0,1.25,0.0,-1.25
42,104,1,0,1.25,0.0,-1.25
42,105,0,0,0.0,0.0,0.0
42,106,0,0,0.0,0.0,0.0
42,107,0,1,0.0,1.25,1.25
42,108,0,1,0.0,1.25,1.25
42,109,0,1,0.0,1.25,1.25
42,110,0,0,0.0,0.0,0.0
42,111,0,1,0.0,1.25,1.25
42,112,0,0,0.0,0.0,0.0
42,113,0,0,0.0,0.0,0.0
42,114,0,0,0.0,0.0,0.0
42,115,0,0,0.0,0.0,0.0
42,116,0,1,0.0,1.25,1.25
42,117,0,0,0.0,0.0,0.0
42,118,0,0,0.0,0.0,0.0
42,119,0,0,0.0,0.0,0.0
42,120,1,0,1.25,0.0,-1.25
42,121,0,0,0.0,0.0,0.0
42,122,0,0,0.0,0.0,0.0
42,123,0,0,0.0,0.0,0.0
42,124,0,0,0.0,0.0,0.0
42,125,0,1,0.0,1.25,1.25
42,126,0,0,0.0,0.0,0.0
42,127,0,0,0.0,0.0,0.0
42,128,0,1,0.0,1.25,1.25
42,129,0,0,0.0,0.0,0.0
42,130,0,1,0.0,1.25,1.25
42,131,0,0,0.0,0.0,0.0
42,132,0,1,0.0,1.25,1.25
42,133,0,0,0.0,0.0,0.0
42,134,1,0,1.25,0.0,-1.25
43,0,7,5,8.75,6.25,-2.5
43,1,0,2,0.0,2.5,2.5
43,2,0,1,0.0,1.25,1.25
43,3,0,1,0.0,1.25,1.25
43,4,2,1,2.5,1.25,-1.25
43,5,0,2,0.0,2.5,2.5
43,6,1,0,1.25,0.0,-1.25
43,7,0,0,0.0,0.0,0.0
43,8,0,1,0.0,1.25,1.25
43,9,0,1,0.0,1.25,1.25
43,10,0,5,0.0,6.25,6.25
43,11,1,0,1.25,0.0,-1.25
43,12,0,1,0.0,1.25,1.25
43,13,0,0,0.0,0.0,0.0
43,14,0,0,0.0,0.0,0.0
43,15,0,0,0.0,0.0,0.0
43,16,0,1,0.0,1.25,1.25
43,17,4,4,5.0,5.0,0.0
43,18,0,1,0.0,1.25,1.25
43,19,0,0,0.0,0.0,0.0
43,20,1,0,1.25,0.0,-1.25
43,21,0,0,0.0,0.0,0.0
43,22,0,0,0.0,0.0,0.0
43,23,0,1,0.0,1.25,1.25
43,24,0,0,0.0,0.0,0.0
43,25,1,2,1.25,2.5,1.25
43,26,0,1,0.0,1.25,1.25
43,27,3,0,3.75,0.0,-3.75
43,28,0,0,0.0,0.0,0.0
43,29,1,1,1.25,1.25,0.0
43,30,1,0,1.25,0.0,-1.25
43,31,9,2,11.25,2.5,-8.75
43,32,2,8,2.5,10.0,7.5
43,33,1,7,1.25,8.75,7.5
43,34,0,0,0.0,0.0,0.0
43,35,0,0,0.0,0.0,0.0
43,36,0,3,0.0,3.75,3.75
43,37,0,1,0.0,1.25,1.25
43,38,0,1,0.0,1.25,1.25
43,39,0,0,0.0,0.0,0.0
43,40,0,1,0.0,1.25,1.25
43,41,0,0,0.0,0.0,0.0
43,42,0,0,0.0,0.0,0.0
43,43,0,0,0.0,0.0,0.0
43,44,1,2,1.25,2.5,1.25
43,45,4,2,5.0,2.5,-2.5
43,46,2,1,2.5,1.25,-1.25
43,47,0,3,0.0,3.75,3.75
43,48,0,1,0.0,1.25,1.25
43,49,1,0,1.25,0.0,-1.25
43,50,2,2,2.5,2.5,0.0
43,51,0,0,0.0,0.0,0.0
43,52,1,1,1.25,1.25,0.0
43,53,2,1,2.5,1.25,-1.25
43,54,1,3,1.25,3.75,2.5
43,55,0,1,0.0,1.25,1.25
43,56,1,3,1.25,3.75,2.5
43,57,1,2,1.25,2.5,1.25
43,58,1,2,1.25,2.5,1.25
43,59,1,3,1.25,3.75,2.5
43,60,3,3,3.75,3.75,0.0
43,61,2,5,2.5,6.25,3.75
43,62,1,0,1.25,0.0,-1.25
43,63,2,13,2.5,16.25,13.75
43,64,0,0,0.0,0.0,0.0
43,65,0,1,0.0,1.25,1.25
43,66,0,1,0.0,1.25,1.25
43,67,4,0,5.0,0.0,-5.0
43,68,4,3,5.0,3.75,-1.25
43,69,3,4,3.75,5.0,1.25
43,70,2,8,2.5,10.0,7.5
43,71,2,2,2.5,2.5,0.0
43,72,2,4,2.5,5.0,2.5
43,73,1,1,1.25,1.25,0.0
43,74,1,1,1.25,1.25,0.0
43,75,9,6,11.25,7.5,-3.75
43,76,3,1,3.75,1.25,-2.5
43,77,2,4,2.5,5.0,2.5
43,78,1,5,1.25,6.25,5.0
43,79,1,0,1.25,0.0,-1.25
43,80,0,5,0.0,6.25,6.25
43,81,1,1,1.25,1.25,0.0
43,82,2,5,2.5,6.25,3.75
43,83,0,0,0.0,0.0,0.0
43,84,0,0,0.0,0.0,0.0
43,85,4,1,5.0,1.25,-3.75
43,86,11,3,13.75,3.75,-10.0
43,87,1,0,1.25,0.0,-1.25
43,88,4,6,5.0,7.5,2.5
43,89,4,5,5.0,6.25,1.25
43,90,2,2,2.5,2.5,0.0
43,91,2,2,2.5,2.5,0.0
43,92,0,4,0.0,5.0,5.0
43,93,1,7,1.25,8.75,7.5
43,94,1,1,1.25,1.25,0.0
43,95,2,0,2.5,0.0,-2.5
43,96,3,5,3.75,6.25,2.5
43,97,5,5,6.25,6.25,0.0
43,98,3,2,3.75,2.5,-1.25
43,99,1,4,1.25,5.0,3.75
43,100,0,1,0.0,1.25,1.25
43,101,6,7,7.5,8.75,1.25
43,102,2,0,2.5,0.0,-2.5
43,103,3,5,3.75,6.25,2.5
43,104,3,3,3.75,3.75,0.0
43,105,1,6,1.25,7.5,6.25
43,106,1,1,1.25,1.25,0.0
43,107,2,7,2.5,8.75,6.25
43,108,2,2,2.5,2.5,0.0
43,109,1,2,1.25,2.5,1.25
43,110,0,3,0.0,3.75,3.75
43,111,1,4,1.25,5.0,3.75
43,112,2,3,2.5,3.75,1.25
43,113,5,5,6.25,6.25,0.0
43,114,5,6,6.25,7.5,1.25
43,115,6,2,7.5,2.5,-5.0
43,116,2,2,2.5,2.5,0.0
43,117,3,2,3.75,2.5,-1.25
43,118,4,5,5.0,6.25,1.25
43,119,8,4,10.0,5.0,-5.0
43,120,5,0,6.25,0.0,-6.25
43,121,2,3,2.5,3.75,1.25
43,122,0,1,0.0,1.25,1.25
43,123,1,2,1.25,2.5,1.25
43,124,1,1,1.25,1.25,0.0
43,125,1,8,1.25,10.0,8.75
43,126,3,0,3.75,0.0,-3.75
43,127,0,4,0.0,5.0,5.0
43,128,6,2,7.5,2.5,-5.0
43,129,1,4,1.25,5.0,3.75
43,130,1,3,1.25,3.75,2.5
43,131,1,5,1.25,6.25,5.0
43,132,0,1,0.0,1.25,1.25
43,133,6,0,7.5,0.0,-7.5
43,134,2,1,2.5,1.25,-1.25
44,0,0,3,0.0,3.75,3.75
44,1,0,1,0.0,1.25,1.25
44,2,0,0,0.0,0.0,0.0
44,3,0,1,0.0,1.25,1.25
44,4,0,1,0.0,1.25,1.25
44,5,0,0,0.0,0.0,0.0
44,6,1,4,1.25,5.0,3.75
44,7,0,0,0.0,0.0,0.0
44,8,0,0,0.0,0.0,0.0
44,9,0,0,0.0,0.0,0.0
44,10,0,0,0.0,0.0,0.0
44,11,0,0,0.0,0.0,0.0
44,12,0,1,0.0,1.25,1.25
44,13,0,0,0.0,0.0,0.0
44,14,0,1,0.0,1.25,1.25
44,15,0,0,0.0,0.0,0.0
44,16,0,2,0.0,2.5,2.5
44,17,0,2,0.0,2.5,2.5
44,18,0,0,0.0,0.0,0.0
44,19,0,1,0.0,1.25,1.25
44,20,0,1,0.0,1.25,1.25
44,21,0,0,0.0,0.0,0.0
44,22,2,2,2.5,2.5,0.0
44,23,0,0,0.0,0.0,0.0
44,24,0,0,0.0,0.0,0.0
44,25,1,0,1.25,0.0,-1.25
44,26,3,0,3.75,0.0,-3.75
44,27,0,0,0.0,0.0,0.0
44,28,0,0,0.0,0.0,0.0
44,29,5,3,6.25,3.75,-2.5
44,30,0,1,0.0,1.25,1.25
44,31,1,1,1.25,1.25,0.0
44,32,0,2,0.0,2.5,2.5
44,33,0,1,0.0,1.25,1.25
44,34,1,2,1.25,2.5,1.25
44,35,0,0,0.0,0.0,0.0
44,36,3,2,3.75,2.5,-1.25
44,37,0,4,0.0,5.0,5.0
44,38,1,0,1.25,0.0,-1.25
44,39,0,4,0.0,5.0,5.0
44,40,0,0,0.0,0.0,0.0
44,41,3,0,3.75,0.0,-3.75
44,42,3,2,3.75,2.5,-1.25
44,43,1,1,1.25,1.25,0.0
44,44,0,0,0.0,0.0,0.0
44,45,2,0,2.5,0.0,-2.5
44,46,2,3,2.5,3.75,1.25
44,47,0,1,0.0,1.25,1.25
44,48,0,2,0.0,2.5,2.5
44,49,2,0,2.5,0.0,-2.5
44,50,3,1,3.75,1.25,-2.5
44,51,1,1,1.25,1.25,0.0
44,52,0,0,0.0,0.0,0.0
44,53,2,1,2.5,1.25,-1.25
44,54,4,1,5.0,1.25,-3.75
44,55,3,3,3.75,3.75,0.0
44,56,3,2,3.75,2.5,-1.25
44,57,0,3,0.0,3.75,3.75
44,58,0,1,0.0,1.25,1.25
44,59,4,1,5.0,1.25,-3.75
44,60,0,4,0.0,5.0,5.0
44,61,0,0,0.0,0.0,0.0
44,62,0,0,0.0,0.0,0.0
44,63,0,6,0.0,7.5,7.5
44,64,1,3,1.25,3.75,2.5
44,65,3,0,3.75,0.0,-3.75
44,66,1,0,1.25,0.0,-1.25
44,67,3,0,3.75,0.0,-3.75
44,68,3,1,3.75,1.25,-2.5
44,69,0,0,0.0,0.0,0.0
44,70,0,5,0.0,6.25,6.25
44,71,0,1,0.0,1.25,1.25
44,72,3,0,3.75,0.0,-3.75
44,73,1,1,1.25,1.25,0.0
44,74,2,0,2.5,0.0,-2.5
44,75,1,3,1.25,3.75,2.5
44,76,0,0,0.0,0.0,0.0
44,77,0,0,0.0,0.0,0.0
44,78,0,0,0.0,0.0,0.0
44,79,1,0,1.25,0.0,-1.25
44,80,3,1,3.75,1.25,-2.5
44,81,0,0,0.0,0.0,0.0
44,82,0,0,0.0,0.0,0.0
44,83,3,0,3.75,0.0,-3.75
44,84,4,0,5.0,0.0,-5.0
44,85,0,2,0.0,2.5,2.5
44,86,2,0,2.5,0.0,-2.5
44,87,0,0,0.0,0.0,0.0
44,88,0,2,0.0,2.5,2.5
44,89,0,1,0.0,1.25,1.25
44,90,1,0,1.25,0.0,-1.25
44,91,0,0,0.0,0.0,0.0
44,92,0,3,0.0,3.75,3.75
44,93,0,1,0.0,1.25,1.25
44,94,0,3,0.0,3.75,3.75
44,95,0,0,0.0,0.0,0.0
44,96,0,4,0.0,5.0,5.0
44,97,0,3,0.0,3.75,3.75
44,98,1,0,1.25,0.0,-1.25
44,99,1,1,1.25,1.25,0.0
44,100,0,0,0.0,0.0,0.0
44,101,0,5,0.0,6.25,6.25
44,102,1,0,1.25,0.0,-1.25
44,103,2,0,2.5,0.0,-2.5
44,104,1,0,1.25,0.0,-1.25
44,105,0,1,0.0,1.25,1.25
44,106,0,1,0.0,1.25,1.25
44,107,2,1,2.5,1.25,-1.25
44,108,1,1,1.25,1.25,0.0
44,109,3,0,3.75,0.0,-3.75
44,110,0,3,0.0,3.75,3.75
44,111,0,3,0.0,3.75,3.75
44,112,0,0,0.0,0.0,0.0
44,113,3,2,3.75,2.5,-1.25
44,114,0,4,0.0,5.0,5.0
44,115,0,0,0.0,0.0,0.0
44,116,0,1,0.0,1.25,1.25
44,117,0,0,0.0,0.0,0.0
44,118,1,0,1.25,0.0,-1.25
44,119,1,0,1.25,0.0,-1.25
44,120,1,0,1.25,0.0,-1.25
44,121,0,0,0.0,0.0,0.0
44,122,3,0,3.75,0.0,-3.75
44,123,3,0,3.75,0.0,-3.75
44,124,0,0,0.0,0.0,0.0
44,125,1,0,1.25,0.0,-1.25
44,126,0,0,0.0,0.0,0.0
44,127,0,5,0.0,6.25,6.25
44,128,3,1,3.75,1.25,-2.5
44,129,0,5,0.0,6.25,6.25
44,130,0,1,0.0,1.25,1.25
44,131,0,0,0.0,0.0,0.0
44,132,1,3,1.25,3.75,2.5
44,133,0,0,0.0,0.0,0.0
44,134,2,0,2.5,0.0,-2.5
45,0,0,0,0.0,0.0,0.0
45,1,0,1,0.0,1.25,1.25
45,2,1,0,1.25,0.0,-1.25
45,3,1,2,1.25,2.5,1.25
45,4,1,1,1.25,1.25,0.0
45,5,0,0,0.0,0.0,0.0
45,6,0,1,0.0,1.25,1.25
45,7,0,0,0.0,0.0,0.0
45,8,0,1,0.0,1.25,1.25
45,9,0,1,0.0,1.25,1.25
45,10,1,2,1.25,2.5,1.25
45,11,0,0,0.0,0.0,0.0
45,12,0,1,0.0,1.25,1.25
45,13,2,0,2.5,0.0,-2.5
45,14,0,0,0.0,0.0,0.0
45,15,0,2,0.0,2.5,2.5
45,16,1,1,1.25,1.25,0.0
45,17,3,0,3.75,0.0,-3.75
45,18,0,0,0.0,0.0,0.0
45,19,1,2,1.25,2.5,1.25
45,20,0,1,0.0,1.25,1.25
45,21,0,2,0.0,2.5,2.5
45,22,0,0,0.0,0.0,0.0
45,23,1,1,1.25,1.25,0.0
45,24,0,1,0.0,1.25,1.25
45,25,0,0,0.0,0.0,0.0
45,26,1,0,1.25,0.0,-1.25
45,27,1,0,1.25,0.0,-1.25
45,28,1,1,1.25,1.25,0.0
45,29,0,0,0.0,0.0,0.0
45,30,0,0,0.0,0.0,0.0
45,31,2,0,2.5,0.0,-2.5
45,32,1,0,1.25,0.0,-1.25
45,33,0,3,0.0,3.75,3.75
45,34,1,0,1.25,0.0,-1.25
45,35,2,1,2.5,1.25,-1.25
45,36,0,0,0.0,0.0,0.0
45,37,0,1,0.0,1.25,1.25
45,38,0,2,0.0,2.5,2.5
45,39,1,0,1.25,0.0,-1.25
45,40,1,0,1.25,0.0,-1.25
45,41,2,1,2.5,1.25,-1.25
45,42,1,0,1.25,0.0,-1.25
45,43,0,1,0.0,1.25,1.25
45,44,0,3,0.0,3.75,3.75
45,45,0,0,0.0,0.0,0.0
45,46,0,0,0.0,0.0,0.0
45,47,0,1,0.0,1.25,1.25
45,48,0,2,0.0,2.5,2.5
45,49,3,0,3.75,0.0,-3.75
45,50,0,1,0.0,1.25,1.25
45,51,2,2,2.5,2.5,0.0
45,52,0,0,0.0,0.0,0.0
45,53,0,0,0.0,0.0,0.0
45,54,0,0,0.0,0.0,0.0
45,55,0,0,0.0,0.0,0.0
45,56,0,0,0.0,0.0,0.0
45,57,0,0,0.0,0.0,0.0
45,58,1,1,1.25,1.25,0.0
45,59,0,0,0.0,0.0,0.0
45,60,0,0,0.0,0.0,0.0
45,61,0,2,0.0,2.5,2.5
45,62,0,0,0.0,0.0,0.0
45,63,1,2,1.25,2.5,1.25
45,64,0,0,0.0,0.0,0.0
45,65,0,0,0.0,0.0,0.0
45,66,0,3,0.0,3.75,3.75
45,67,0,2,0.0,2.5,2.5
45,68,1,1,1.25,1.25,0.0
45,69,0,1,0.0,1.25,1.25
45,70,1,0,1.25,0.0,-1.25
45,71,0,0,0.0,0.0,0.0
45,72,0,0,0.0,0.0,0.0
45,73,0,1,0.0,1.25,1.25
45,74,3,0,3.75,0.0,-3.75
45,75,2,2,2.5,2.5,0.0
45,76,0,0,0.0,0.0,0.0
45,77,3,2,3.75,2.5,-1.25
45,78,0,2,0.0,2.5,2.5
45,79,1,0,1.25,0.0,-1.25
45,80,0,1,0.0,1.25,1.25
45,81,1,0,1.25,0.0,-1.25
45,82,0,0,0.0,0.0,0.0
45,83,0,1,0.0,1.25,1.25
45,84,1,1,1.25,1.25,0.0
45,85,0,0,0.0,0.0,0.0
45,86,1,1,1.25,1.25,0.0
45,87,0,0,0.0,0.0,0.0
45,88,0,0,0.0,0.0,0.0
45,89,1,0,1.25,0.0,-1.25
45,90,0,1,0.0,1.25,1.25
45,91,0,0,0.0,0.0,0.0
45,92,0,1,0.0,1.25,1.25
45,93,3,0,3.75,0.0,-3.75
45,94,1,0,1.25,0.0,-1.25
45,95,0,1,0.0,1.25,1.25
45,96,0,0,0.0,0.0,0.0
45,97,0,1,0.0,1.25,1.25
45,98,1,2,1.25,2.5,1.25
45,99,0,0,0.0,0.0,0.0
45,100,0,1,0.0,1.25,1.25
45,101,0,0,0.0,0.0,0.0
45,102,0,0,0.0,0.0,0.0
45,103,1,1,1.25,1.25,0.0
45,104,1,0,1.25,0.0,-1.25
45,105,1,3,1.25,3.75,2.5
45,106,1,0,1.25,0.0,-1.25
45,107,0,1,0.0,1.25,1.25
45,108,0,1,0.0,1.25,1.25
45,109,1,1,1.25,1.25,0.0
45,110,0,0,0.0,0.0,0.0
45,111,1,1,1.25,1.25,0.0
45,112,1,0,1.25,0.0,-1.25
45,113,1,1,1.25,1.25,0.0
45,114,0,1,0.0,1.25,1.25
45,115,0,0,0.0,0.0,0.0
45,116,0,0,0.0,0.0,0.0
45,117,0,1,0.0,1.25,1.25
45,118,0,1,0.0,1.25,1.25
45,119,0,0,0.0,0.0,0.0
45,120,0,0,0.0,0.0,0.0
45,121,1,0,1.25,0.0,-1.25
45,122,0,1,0.0,1.25,1.25
45,123,0,0,0.0,0.0,0.0
45,124,0,1,0.0,1.25,1.25
45,125,0,0,0.0,0.0,0.0
45,126,2,1,2.5,1.25,-1.25
45,127,0,0,0.0,0.0,0.0
45,128,0,1,0.0,1.25,1.25
45,129,0,0,0.0,0.0,0.0
45,130,1,0,1.25,0.0,-1.25
45,131,1,1,1.25,1.25,0.0
45,132,0,1,0.0,1.25,1.25
45,133,1,0,1.25,0.0,-1.25
45,134,1,0,1.25,0.0,-1.25
46,0,0,1,0.0,1.25,1.25
46,1,0,2,0.0,2.5,2.5
46,2,0,1,0.0,1.25,1.25
46,3,1,0,1.25,0.0,-1.25
46,4,1,1,1.25,1.25,0.0
46,5,1,0,1.25,0.0,-1.25
46,6,0,2,0.0,2.5,2.5
46,7,1,0,1.25,0.0,-1.25
46,8,0,1,0.0,1.25,1.25
46,9,0,0,0.0,0.0,0.0
46,10,0,0,0.0,0.0,0.0
46,11,0,2,0.0,2.5,2.5
46,12,2,0,2.5,0.0,-2.5
46,13,1,3,1.25,3.75,2.5
46,14,2,3,2.5,3.75,1.25
46,15,0,0,0.0,0.0,0.0
46,16,0,1,0.0,1.25,1.25
46,17,0,0,0.0,0.0,0.0
46,18,0,0,0.0,0.0,0.0
46,19,0,0,0.0,0.0,0.0
46,20,1,0,1.25,0.0,-1.25
46,21,1,1,1.25,1.25,0.0
46,22,0,0,0.0,0.0,0.0
46,23,1,1,1.25,1.25,0.0
46,24,0,0,0.0,0.0,0.0
46,25,0,0,0.0,0.0,0.0
46,26,0,0,0.0,0.0,0.0
46,27,2,1,2.5,1.25,-1.25
46,28,0,0,0.0,0.0,0.0
46,29,1,0,1.25,0.0,-1.25
46,30,1,2,1.25,2.5,1.25
46,31,1,0,1.25,0.0,-1.25
46,32,1,0,1.25,0.0,-1.25
46,33,0,2,0.0,2.5,2.5
46,34,0,0,0.0,0.0,0.0
46,35,0,1,0.0,1.25,1.25
46,36,1,1,1.25,1.25,0.0
46,37,0,0,0.0,0.0,0.0
46,38,2,1,2.5,1.25,-1.25
46,39,2,0,2.5,0.0,-2.5
46,40,0,0,0.0,0.0,0.0
46,41,1,0,1.25,0.0,-1.25
46,42,1,2,1.25,2.5,1.25
46,43,1,2,1.25,2.5,1.25
46,44,2,0,2.5,0.0,-2.5
46,45,2,2,2.5,2.5,0.0
46,46,0,0,0.0,0.0,0.0
46,47,1,0,1.25,0.0,-1.25
46,48,0,1,0.0,1.25,1.25
46,49,0,1,0.0,1.25,1.25
46,50,0,1,0.0,1.25,1.25
46,51,1,2,1.25,2.5,1.25
46,52,0,0,0.0,0.0,0.0
46,53,1,0,1.25,0.0,-1.25
46,54,2,1,2.5,1.25,-1.25
46,55,1,2,1.25,2.5,1.25
46,56,0,0,0.0,0.0,0.0
46,57,1,2,1.25,2.5,1.25
46,58,0,1,0.0,1.25,1.25
46,59,1,0,1.25,0.0,-1.25
46,60,0,0,0.0,0.0,0.0
46,61,1,4,1.25,5.0,3.75
46,62,0,0,0.0,0.0,0.0
46,63,0,3,0.0,3.75,3.75
46,64,1,1,1.25,1.25,0.0
46,65,0,0,0.0,0.0,0.0
46,66,0,0,0.0,0.0,0.0
46,67,1,1,1.25,1.25,0.0
46,68,3,2,3.75,2.5,-1.25
46,69,0,0,0.0,0.0,0.0
46,70,3,0,3.75,0.0,-3.75
46,71,0,0,0.0,0.0,0.0
46,72,0,1,0.0,1.25,1.25
46,73,0,0,0.0,0.0,0.0
46,74,0,2,0.0,2.5,2.5
46,75,1,1,1.25,1.25,0.0
46,76,0,0,0.0,0.0,0.0
46,77,0,2,0.0,2.5,2.5
46,78,0,0,0.0,0.0,0.0
46,79,1,0,1.25,0.0,-1.25
46,80,2,2,2.5,2.5,0.0
46,81,2,0,2.5,0.0,-2.5
46,82,1,1,1.25,1.25,0.0
46,83,1,1,1.25,1.25,0.0
46,84,1,0,1.25,0.0,-1.25
46,85,1,2,1.25,2.5,1.25
46,86,1,2,1.25,2.5,1.25
46,87,2,4,2.5,5.0,2.5
46,88,1,2,1.25,2.5,1.25
46,89,2,1,2.5,1.25,-1.25
46,90,1,2,1.25,2.5,1.25
46,91,0,2,0.0,2.5,2.5
46,92,2,2,2.5,2.5,0.0
46,93,0,1,0.0,1.25,1.25
46,94,2,3,2.5,3.75,1.25
46,95,0,0,0.0,0.0,0.0
46,96,0,1,0.0,1.25,1.25
46,97,1,0,1.25,0.0,-1.25
46,98,1,2,1.25,2.5,1.25
46,99,2,0,2.5,0.0,-2.5
46,100,1,1,1.25,1.25,0.0
46,101,0,0,0.0,0.0,0.0
46,102,0,1,0.0,1.25,1.25
46,103,2,1,2.5,1.25,-1.25
46,104,0,1,0.0,1.25,1.25
46,105,2,0,2.5,0.0,-2.5
46,106,2,1,2.5,1.25,-1.25
46,107,0,0,0.0,0.0,0.0
46,108,0,1,0.0,1.25,1.25
46,109,0,0,0.0,0.0,0.0
46,110,0,1,0.0,1.25,1.25
46,111,0,0,0.0,0.0,0.0
46,112,1,2,1.25,2.5,1.25
46,113,1,0,1.25,0.0,-1.25
46,114,0,3,0.0,3.75,3.75
46,115,1,1,1.25,1.25,0.0
46,116,0,1,0.0,1.25,1.25
46,117,0,1,0.0,1.25,1.25
46,118,1,0,1.25,0.0,-1.25
46,119,0,2,0.0,2.5,2.5
46,120,0,0,0.0,0.0,0.0
46,121,1,2,1.25,2.5,1.25
46,122,0,0,0.0,0.0,0.0
46,123,2,1,2.5,1.25,-1.25
46,124,2,0,2.5,0.0,-2.5
46,125,0,1,0.0,1.25,1.25
46,126,0,0,0.0,0.0,0.0
46,127,0,0,0.0,0.0,0.0
46,128,2,1,2.5,1.25,-1.25
46,129,0,1,0.0,1.25,1.25
46,130,3,1,3.75,1.25,-2.5
46,131,2,1,2.5,1.25,-1.25
46,132,1,0,1.25,0.0,-1.25
46,133,2,3,2.5,3.75,1.25
46,134,0,1,0.0,1.25,1.25
47,0,0,0,0.0,0.0,0.0
47,1,0,1,0.0,1.25,1.25
47,2,0,0,0.0,0.0,0.0
47,3,0,0,0.0,0.0,0.0
47,4,0,0,0.0,0.0,0.0
47,5,0,1,0.0,1.25,1.25
47,6,0,0,0.0,0.0,0.0
47,7,0,0,0.0,0.0,0.0
47,8,0,0,0.0,0.0,0.0
47,9,1,0,1.25,0.0,-1.25
47,10,0,0,0.0,0.0,0.0
47,11,0,0,0.0,0.0,0.0
47,12,0,1,0.0,1.25,1.25
47,13,0,0,0.0,0.0,0.0
47,14,0,1,0.0,1.25,1.25
47,15,1,0,1.25,0.0,-1.25
47,16,0,0,0.0,0.0,0.0
47,17,0,0,0.0,0.0,0.0
47,18,1,0,1.25,0.0,-1.25
47,19,0,0,0.0,0.0,0.0
47,20,0,0,0.0,0.0,0.0
47,21,0,0,0.0,0.0,0.0
47,22,0,0,0.0,0.0,0.0
47,23,0,0,0.0,0.0,0.0
47,24,0,0,0.0,0.0,0.0
47,25,0,0,0.0,0.0,0.0
47,26,0,0,0.0,0.0,0.0
47,27,0,0,0.0,0.0,0.0
47,28,0,1,0.0,1.25,1.25
47,29,0,0,0.0,0.0,0.0
47,30,0,0,0.0,0.0,0.0
47,31,0,0,0.0,0.0,0.0
47,32,0,1,0.0,1.25,1.25
47,33,0,0,0.0,0.0,0.0
47,34,0,0,0.0,0.0,0.0
47,35,0,0,0.0,0.0,0.0
47,36,0,1,0.0,1.25,1.25
47,37,0,0,0.0,0.0,0.0
47,38,0,0,0.0,0.0,0.0
47,39,0,1,0.0,1.25,1.25
47,40,0,0,0.0,0.0,0.0
47,41,0,0,0.0,0.0,0.0
47,42,0,0,0.0,0.0,0.0
47,43,0,1,0.0,1.25,1.25
47,44,0,0,0.0,0.0,0.0
47,45,0,1,0.0,1.25,1.25
47,46,0,0,0.0,0.0,0.0
47,47,0,0,0.0,0.0,0.0
47,48,0,0,0.0,0.0,0.0
47,49,0,0,0.0,0.0,0.0
47,50,0,1,0.0,1.25,1.25
47,51,0,0,0.0,0.0,0.0
47,52,0,0,0.0,0.0,0.0
47,53,1,0,1.25,0.0,-1.25
47,54,0,0,0.0,0.0,0.0
47,55,0,2,0.0,2.5,2.5
47,56,0,1,0.0,1.25,1.25
47,57,0,0,0.0,0.0,0.0
47,58,0,0,0.0,0.0,0.0
47,59,0,0,0.0,0.0,0.0
47,60,0,0,0.0,0.0,0.0
47,61,1,1,1.25,1.25,0.0
47,62,0,0,0.0,0.0,0.0
47,63,0,1,0.0,1.25,1.25
47,64,0,0,0.0,0.0,0.0
47,65,2,1,2.5,1.25,-1.25
47,66,0,0,0.0,0.0,0.0
47,67,0,0,0.0,0.0,0.0
47,68,0,0,0.0,0.0,0.0
47,69,1,1,1.25,1.25,0.0
47,70,1,0,1.25,0.0,-1.25
47,71,0,1,0.0,1.25,1.25
47,72,0,0,0.0,0.0,0.0
47,73,0,0,0.0,0.0,0.0
47,74,0,0,0.0,0.0,0.0
47,75,0,1,0.0,1.25,1.25
47,76,0,0,0.0,0.0,0.0
47,77,1,1,1.25,1.25,0.0
47,78,0,2,0.0,2.5,2.5
47,79,0,0,0.0,0.0,0.0
47,80,0,1,0.0,1.25,1.25
47,81,0,0,0.0,0.0,0.0
47,82,0,0,0.0,0.0,0.0
47,83,0,0,0.0,0.0,0.0
47,84,0,0,0.0,0.0,0.0
47,85,0,0,0.0,0.0,0.0
47,86,0,0,0.0,0.0,0.0
47,87,0,0,0.0,0.0,0.0
47,88,0,0,0.0,0.0,0.0
47,89,1,0,1.25,0.0,-1.25
47,90,0,0,0.0,0.0,0.0
47,91,0,0,0.0,0.0,0.0
47,92,0,0,0.0,0.0,0.0
47,93,0,0,0.0,0.0,0.0
47,94,1,0,1.25,0.0,-1.25
47,95,0,0,0.0,0.0,0.0
47,96,0,0,0.0,0.0,0.0
47,97,0,0,0.0,0.0,0.0
47,98,0,0,0.0,0.0,0.0
47,99,0,1,0.0,1.25,1.25
47,100,0,0,0.0,0.0,0.0
47,101,0,0,0.0,0.0,0.0
47,102,0,0,0.0,0.0,0.0
47,103,0,0,0.0,0.0,0.0
47,104,0,0,0.0,0.0,0.0
47,105,0,1,0.0,1.25,1.25
47,106,2,0,2.5,0.0,-2.5
47,107,0,0,0.0,0.0,0.0
47,108,0,0,0.0,0.0,0.0
47,109,0,1,0.0,1.25,1.25
47,110,0,0,0.0,0.0,0.0
47,111,0,0,0.0,0.0,0.0
47,112,1,0,1.25,0.0,-1.25
47,113,0,0,0.0,0.0,0.0
47,114,1,0,1.25,0.0,-1.25
47,115,0,0,0.0,0.0,0.0
47,116,0,0,0.0,0.0,0.0
47,117,0,1,0.0,1.25,1.25
47,118,0,0,0.0,0.0,0.0
47,119,0,0,0.0,0.0,0.0
47,120,1,0,1.25,0.0,-1.25
47,121,1,0,1.25,0.0,-1.25
47,122,0,1,0.0,1.25,1.25
47,123,0,0,0.0,0.0,0.0
47,124,0,0,0.0,0.0,0.0
47,125,0,0,0.0,0.0,0.0
47,126,0,0,0.0,0.0,0.0
47,127,0,2,0.0,2.5,2.5
47,128,0,0,0.0,0.0,0.0
47,129,0,0,0.0,0.0,0.0
47,130,0,1,0.0,1.25,1.25
47,131,0,0,0.0,0.0,0.0
47,132,0,0,0.0,0.0,0.0
47,133,0,0,0.0,0.0,0.0
47,134,0,0,0.0,0.0,0.0
48,0,0,2,0.0,2.5,2.5
48,1,1,2,1.25,2.5,1.25
48,2,2,1,2.5,1.25,-1.25
48,3,0,1,0.0,1.25,1.25
48,4,1,0,1.25,0.0,-1.25
48,5,2,1,2.5,1.25,-1.25
48,6,1,4,1.25,5.0,3.75
48,7,0,1,0.0,1.25,1.25
48,8,0,0,0.0,0.0,0.0
48,9,2,3,2.5,3.75,1.25
48,10,0,5,0.0,6.25,6.25
48,11,0,1,0.0,1.25,1.25
48,12,0,1,0.0,1.25,1.25
48,13,2,0,2.5,0.0,-2.5
48,14,2,0,2.5,0.0,-2.5
48,15,2,1,2.5,1.25,-1.25
48,16,1,1,1.25,1.25,0.0
48,17,1,0,1.25,0.0,-1.25
48,18,1,0,1.25,0.0,-1.25
48,19,0,1,0.0,1.25,1.25
48,20,2,2,2.5,2.5,0.0
48,21,1,1,1.25,1.25,0.0
48,22,2,1,2.5,1.25,-1.25
48,23,1,3,1.25,3.75,2.5
48,24,1,0,1.25,0.0,-1.25
48,25,0,2,0.0,2.5,2.5
48,26,3,1,3.75,1.25,-2.5
48,27,2,4,2.5,5.0,2.5
48,28,3,0,3.75,0.0,-3.75
48,29,0,2,0.0,2.5,2.5
48,30,2,1,2.5,1.25,-1.25
48,31,1,4,1.25,5.0,3.75
48,32,1,3,1.25,3.75,2.5
48,33,1,5,1.25,6.25,5.0
48,34,0,2,0.0,2.5,2.5
48,35,1,0,1.25,0.0,-1.25
48,36,4,1,5.0,1.25,-3.75
48,37,1,1,1.25,1.25,0.0
48,38,1,2,1.25,2.5,1.25
48,39,0,0,0.0,0.0,0.0
48,40,0,2,0.0,2.5,2.5
48,41,0,1,0.0,1.25,1.25
48,42,1,1,1.25,1.25,0.0
48,43,0,1,0.0,1.25,1.25
48,44,0,1,0.0,1.25,1.25
48,45,0,1,0.0,1.25,1.25
48,46,1,4,1.25,5.0,3.75
48,47,1,1,1.25,1.25,0.0
48,48,1,3,1.25,3.75,2.5
48,49,1,1,1.25,1.25,0.0
48,50,3,2,3.75,2.5,-1.25
48,51,2,0,2.5,0.0,-2.5
48,52,2,0,2.5,0.0,-2.5
48,53,2,1,2.5,1.25,-1.25
48,54,0,0,0.0,0.0,0.0
48,55,2,3,2.5,3.75,1.25
48,56,1,1,1.25,1.25,0.0
48,57,0,1,0.0,1.25,1.25
48,58,2,0,2.5,0.0,-2.5
48,59,0,1,0.0,1.25,1.25
48,60,1,3,1.25,3.75,2.5
48,61,1,4,1.25,5.0,3.75
48,62,1,2,1.25,2.5,1.25
48,63,0,2,0.0,2.5,2.5
48,64,0,0,0.0,0.0,0.0
48,65,1,2,1.25,2.5,1.25
48,66,1,3,1.25,3.75,2.5
48,67,2,3,2.5,3.75,1.25
48,68,0,3,0.0,3.75,3.75
48,69,3,3,3.75,3.75,0.0
48,70,1,1,1.25,1.25,0.0
48,71,0,1,0.0,1.25,1.25
48,72,1,0,1.25,0.0,-1.25
48,73,1,0,1.25,0.0,-1.25
48,74,0,0,0.0,0.0,0.0
48,75,1,2,1.25,2.5,1.25
48,76,1,1,1.25,1.25,0.0
48,77,1,5,1.25,6.25,5.0
48,78,3,4,3.75,5.0,1.25
48,79,0,1,0.0,1.25,1.25
48,80,1,0,1.25,0.0,-1.25
48,81,0,0,0.0,0.0,0.0
48,82,1,1,1.25,1.25,0.0
48,83,0,1,0.0,1.25,1.25
48,84,2,1,2.5,1.25,-1.25
48,85,3,5,3.75,6.25,2.5
48,86,0,0,0.0,0.0,0.0
48,87,0,1,0.0,1.25,1.25
48,88,1,1,1.25,1.25,0.0
48,89,1,1,1.25,1.25,0.0
48,90,0,2,0.0,2.5,2.5
48,91,0,0,0.0,0.0,0.0
48,92,0,0,0.0,0.0,0.0
48,93,0,2,0.0,2.5,2.5
48,94,3,1,3.75,1.25,-2.5
48,95,1,0,1.25,0.0,-1.25
48,96,1,3,1.25,3.75,2.5
48,97,0,0,0.0,0.0,0.0
48,98,1,1,1.25,1.25,0.0
48,99,0,1,0.0,1.25,1.25
48,100,2,3,2.5,3.75,1.25
48,101,1,4,1.25,5.0,3.75
48,102,2,0,2.5,0.0,-2.5
48,103,1,3,1.25,3.75,2.5
48,104,1,1,1.25,1.25,0.0
48,105,1,3,1.25,3.75,2.5
48,106,0,0,0.0,0.0,0.0
48,107,0,0,0.0,0.0,0.0
48,108,0,1,0.0,1.25,1.25
48,109,2,1,2.5,1.25,-1.25
48,110,0,0,0.0,0.0,0.0
48,111,3,1,3.75,1.25,-2.5
48,112,0,2,0.0,2.5,2.5
48,113,0,0,0.0,0.0,0.0
48,114,1,3,1.25,3.75,2.5
48,115,2,0,2.5,0.0,-2.5
48,116,1,2,1.25,2.5,1.25
48,117,1,3,1.25,3.75,2.5
48,118,0,0,0.0,0.0,0.0
48,119,0,0,0.0,0.0,0.0
48,120,2,0,2.5,0.0,-2.5
48,121,0,1,0.0,1.25,1.25
48,122,2,0,2.5,0.0,-2.5
48,123,2,1,2.5,1.25,-1.25
48,124,1,0,1.25,0.0,-1.25
48,125,1,1,1.25,1.25,0.0
48,126,1,1,1.25,1.25,0.0
48,127,0,3,0.0,3.75,3.75
48,128,1,3,1.25,3.75,2.5
48,129,5,0,6.25,0.0,-6.25
48,130,2,1,2.5,1.25,-1.25
48,131,0,2,0.0,2.5,2.5
48,132,2,1,2.5,1.25,-1.25
48,133,2,1,2.5,1.25,-1.25
48,134,2,0,2.5,0.0,-2.5
49,0,3,0,3.75,0.0,-3.75
49,1,0,3,0.0,3.75,3.75
49,2,0,3,0.0,3.75,3.75
49,3,0,1,0.0,1.25,1.25
49,4,0,0,0.0,0.0,0.0
49,5,0,2,0.0,2.5,2.5
49,6,0,0,0.0,0.0,0.0
49,7,0,0,0.0,0.0,0.0
49,8,1,2,1.25,2.5,1.25
49,9,1,0,1.25,0.0,-1.25
49,10,2,0,2.5,0.0,-2.5
49,11,0,0,0.0,0.0,0.0
49,12,0,0,0.0,0.0,0.0
49,13,0,1,0.0,1.25,1.25
49,14,0,0,0.0,0.0,0.0
49,15,2,0,2.5,0.0,-2.5
49,16,1,2,1.25,2.5,1.25
49,17,1,1,1.25,1.25,0.0
49,18,1,3,1.25,3.75,2.5
49,19,0,2,0.0,2.5,2.5
49,20,0,0,0.0,0.0,0.0
49,21,0,2,0.0,2.5,2.5
49,22,0,1,0.0,1.25,1.25
49,23,0,0,0.0,0.0,0.0
49,24,0,0,0.0,0.0,0.0
49,25,0,2,0.0,2.5,2.5
49,26,0,1,0.0,1.25,1.25
49,27,0,2,0.0,2.5,2.5
49,28,1,1,1.25,1.25,0.0
49,29,0,1,0.0,1.25,1.25
49,30,3,0,3.75,0.0,-3.75
49,31,0,0,0.0,0.0,0.0
49,32,0,1,0.0,1.25,1.25
49,33,0,1,0.0,1.25,1.25
49,34,1,0,1.25,0.0,-1.25
49,35,0,1,0.0,1.25,1.25
49,36,0,3,0.0,3.75,3.75
49,37,1,2,1.25,2.5,1.25
49,38,1,2,1.25,2.5,1.25
49,39,0,2,0.0,2.5,2.5
49,40,0,2,0.0,2.5,2.5
49,41,0,1,0.0,1.25,1.25
49,42,2,0,2.5,0.0,-2.5
49,43,0,1,0.0,1.25,1.25
49,44,0,1,0.0,1.25,1.25
49,45,1,3,1.25,3.75,2.5
49,46,0,0,0.0,0.0,0.0
49,47,2,1,2.5,1.25,-1.25
49,48,0,0,0.0,0.0,0.0
49,49,3,2,3.75,2.5,-1.25
49,50,1,0,1.25,0.0,-1.25
49,51,0,0,0.0,0.0,0.0
49,52,0,0,0.0,0.0,0.0
49,53,0,0,0.0,0.0,0.0
49,54,1,1,1.25,1.25,0.0
49,55,1,0,1.25,0.0,-1.25
49,56,0,1,0.0,1.25,1.25
49,57,2,0,2.5,0.0,-2.5
49,58,0,0,0.0,0.0,0.0
49,59,0,0,0.0,0.0,0.0
49,60,0,0,0.0,0.0,0.0
49,61,0,1,0.0,1.25,1.25
49,62,0,0,0.0,0.0,0.0
49,63,0,2,0.0,2.5,2.5
49,64,1,1,1.25,1.25,0.0
49,65,1,0,1.25,0.0,-1.25
49,66,0,3,0.0,3.75,3.75
49,67,0,0,0.0,0.0,0.0
49,68,1,0,1.25,0.0,-1.25
49,69,0,1,0.0,1.25,1.25
49,70,0,2,0.0,2.5,2.5
49,71,0,1,0.0,1.25,1.25
49,72,0,1,0.0,1.25,1.25
49,73,0,1,0.0,1.25,1.25
49,74,0,0,0.0,0.0,0.0
49,75,1,2,1.25,2.5,1.25
49,76,1,0,1.25,0.0,-1.25
49,77,0,0,0.0,0.0,0.0
49,78,1,1,1.25,1.25,0.0
49,79,0,0,0.0,0.0,0.0
49,80,1,0,1.25,0.0,-1.25
49,81,2,0,2.5,0.0,-2.5
49,82,0,1,0.0,1.25,1.25
49,83,0,0,0.0,0.0,0.0
49,84,0,1,0.0,1.25,1.25
49,85,0,2,0.0,2.5,2.5
49,86,0,3,0.0,3.75,3.75
49,87,0,3,0.0,3.75,3.75
49,88,0,0,0.0,0.0,0.0
49,89,0,0,0.0,0.0,0.0
49,90,0,0,0.0,0.0,0.0
49,91,0,0,0.0,0.0,0.0
49,92,0,0,0.0,0.0,0.0
49,93,0,1,0.0,1.25,1.25
49,94,1,1,1.25,1.25,0.0
49,95,1,0,1.25,0.0,-1.25
49,96,0,0,0.0,0.0,0.0
49,97,0,0,0.0,0.0,0.0
49,98,0,1,0.0,1.25,1.25
49,99,0,0,0.0,0.0,0.0
49,100,1,1,1.25,1.25,0.0
49,101,0,0,0.0,0.0,0.0
49,102,0,0,0.0,0.0,0.0
49,103,0,0,0.0,0.0,0.0
49,104,0,0,0.0,0.0,0.0
49,105,0,0,0.0,0.0,0.0
49,106,1,1,1.25,1.25,0.0
49,107,0,0,0.0,0.0,0.0
49,108,0,1,0.0,1.25,1.25
49,109,0,1,0.0,1.25,1.25
49,110,1,2,1.25,2.5,1.25
49,111,0,1,0.0,1.25,1.25
49,112,0,1,0.0,1.25,1.25
49,113,1,0,1.25,0.0,-1.25
49,114,2,1,2.5,1.25,-1.25
49,115,0,0,0.0,0.0,0.0
49,116,0,0,0.0,0.0,0.0
49,117,0,0,0.0,0.0,0.0
49,118,0,1,0.0,1.25,1.25
49,119,0,0,0.0,0.0,0.0
49,120,0,1,0.0,1.25,1.25
49,121,1,0,1.25,0.0,-1.25
49,122,1,1,1.25,1.25,0.0
49,123,0,0,0.0,0.0,0.0
49,124,0,1,0.0,1.25,1.25
49,125,1,2,1.25,2.5,1.25
49,126,2,0,2.5,0.0,-2.5
49,127,0,0,0.0,0.0,0.0
49,128,0,0,0.0,0.0,0.0
49,129,0,1,0.0,1.25,1.25
49,130,0,0,0.0,0.0,0.0
49,131,0,0,0.0,0.0,0.0
49,132,0,3,0.0,3.75,3.75
49,133,0,2,0.0,2.5,2.5
49,134,1,0,1.25,0.0,-1.25
50,0,3,0,3.75,0.0,-3.75
50,1,2,0,2.5,0.0,-2.5
50,2,2,3,2.5,3.75,1.25
50,3,0,1,0.0,1.25,1.25
50,4,1,1,1.25,1.25,0.0
50,5,0,0,0.0,0.0,0.0
50,6,2,0,2.5,0.0,-2.5
50,7,1,0,1.25,0.0,-1.25
50,8,0,4,0.0,5.0,5.0
50,9,0,1,0.0,1.25,1.25
50,10,0,0,0.0,0.0,0.0
50,11,0,3,0.0,3.75,3.75
50,12,1,4,1.25,5.0,3.75
50,13,1,0,1.25,0.0,-1.25
50,14,1,0,1.25,0.0,-1.25
50,15,3,1,3.75,1.25,-2.5
50,16,0,0,0.0,0.0,0.0
50,17,0,2,0.0,2.5,2.5
50,18,3,1,3.75,1.25,-2.5
50,19,1,1,1.25,1.25,0.0
50,20,0,1,0.0,1.25,1.25
50,21,1,2,1.25,2.5,1.25
50,22,3,1,3.75,1.25,-2.5
50,23,0,1,0.0,1.25,1.25
50,24,0,4,0.0,5.0,5.0
50,25,0,2,0.0,2.5,2.5
50,26,0,1,0.0,1.25,1.25
50,27,0,1,0.0,1.25,1.25
50,28,1,1,1.25,1.25,0.0
50,29,0,1,0.0,1.25,1.25
50,30,1,1,1.25,1.25,0.0
50,31,3,2,3.75,2.5,-1.25
50,32,0,1,0.0,1.25,1.25
50,33,2,4,2.5,5.0,2.5
50,34,2,0,2.5,0.0,-2.5
50,35,0,0,0.0,0.0,0.0
50,36,2,3,2.5,3.75,1.25
50,37,1,1,1.25,1.25,0.0
50,38,1,3,1.25,3.75,2.5
50,39,0,0,0.0,0.0,0.0
50,40,0,3,0.0,3.75,3.75
50,41,0,3,0.0,3.75,3.75
50,42,2,0,2.5,0.0,-2.5
50,43,0,0,0.0,0.0,0.0
50,44,7,0,8.75,0.0,-8.75
50,45,0,0,0.0,0.0,0.0
50,46,0,0,0.0,0.0,0.0
50,47,2,2,2.5,2.5,0.0
50,48,1,0,1.25,0.0,-1.25
50,49,1,2,1.25,2.5,1.25
50,50,2,0,2.5,0.0,-2.5
50,51,1,1,1.25,1.25,0.0
50,52,1,4,1.25,5.0,3.75
50,53,3,0,3.75,0.0,-3.75
50,54,1,2,1.25,2.5,1.25
50,55,0,1,0.0,1.25,1.25
50,56,0,2,0.0,2.5,2.5
50,57,1,1,1.25,1.25,0.0
50,58,1,1,1.25,1.25,0.0
50,59,4,0,5.0,0.0,-5.0
50,60,0,1,0.0,1.25,1.25
50,61,1,0,1.25,0.0,-1.25
50,62,1,1,1.25,1.25,0.0
50,63,1,0,1.25,0.0,-1.25
50,64,0,3,0.0,3.75,3.75
50,65,0,2,0.0,2.5,2.5
50,66,2,3,2.5,3.75,1.25
50,67,0,2,0.0,2.5,2.5
50,68,1,0,1.25,0.0,-1.25
50,69,2,2,2.5,2.5,0.0
50,70,0,1,0.0,1.25,1.25
50,71,2,0,2.5,0.0,-2.5
50,72,0,1,0.0,1.25,1.25
50,73,1,2,1.25,2.5,1.25
50,74,1,3,1.25,3.75,2.5
50,75,0,3,0.0,3.75,3.75
50,76,0,1,0.0,1.25,1.25
50,77,2,1,2.5,1.25,-1.25
50,78,3,1,3.75,1.25,-2.5
50,79,0,2,0.0,2.5,2.5
50,80,0,0,0.0,0.0,0.0
50,81,0,3,0.0,3.75,3.75
50,82,0,0,0.0,0.0,0.0
50,83,3,2,3.75,2.5,-1.25
50,84,0,1,0.0,1.25,1.25
50,85,0,1,0.0,1.25,1.25
50,86,2,4,2.5,5.0,2.5
50,87,0,1,0.0,1.25,1.25
50,88,0,1,0.0,1.25,1.25
50,89,1,1,1.25,1.25,0.0
50,90,1,1,1.25,1.25,0.0
50,91,2,2,2.5,2.5,0.0
50,92,2,2,2.5,2.5,0.0
50,93,0,0,0.0,0.0,0.0
50,94,1,1,1.25,1.25,0.0
50,95,2,3,2.5,3.75,1.25
50,96,1,4,1.25,5.0,3.75
50,97,0,4,0.0,5.0,5.0
50,98,0,1,0.0,1.25,1.25
50,99,1,0,1.25,0.0,-1.25
50,100,2,2,2.5,2.5,0.0
50,101,2,2,2.5,2.5,0.0
50,102,2,3,2.5,3.75,1.25
50,103,0,0,0.0,0.0,0.0
50,104,0,0,0.0,0.0,0.0
50,105,1,2,1.25,2.5,1.25
50,106,0,2,0.0,2.5,2.5
50,107,0,1,0.0,1.25,1.25
50,108,0,2,0.0,2.5,2.5
50,109,2,1,2.5,1.25,-1.25
50,110,1,1,1.25,1.25,0.0
50,111,1,0,1.25,0.0,-1.25
50,112,2,3,2.5,3.75,1.25
50,113,1,2,1.25,2.5,1.25
50,114,1,3,1.25,3.75,2.5
50,115,0,0,0.0,0.0,0.0
50,116,0,1,0.0,1.25,1.25
50,117,2,2,2.5,2.5,0.0
50,118,0,0,0.0,0.0,0.0
50,119,2,0,2.5,0.0,-2.5
50,120,2,1,2.5,1.25,-1.25
50,121,1,1,1.25,1.25,0.0
50,122,3,1,3.75,1.25,-2.5
50,123,2,0,2.5,0.0,-2.5
50,124,0,2,0.0,2.5,2.5
50,125,2,0,2.5,0.0,-2.5
50,126,2,2,2.5,2.5,0.0
50,127,2,0,2.5,0.0,-2.5
50,128,1,1,1.25,1.25,0.0
50,129,0,2,0.0,2.5,2.5
50,130,1,2,1.25,2.5,1.25
50,131,1,1,1.25,1.25,0.0
50,132,0,3,0.0,3.75,3.75
50,133,0,0,0.0,0.0,0.0
50,134,0,4,0.0,5.0,5.0
51,0,0,6,0.0,7.5,7.5
51,1,0,3,0.0,3.75,3.75
51,2,0,2,0.0,2.5,2.5
51,3,1,1,1.25,1.25,0.0
51,4,2,3,2.5,3.75,1.25
51,5,1,1,1.25,1.25,0.0
51,6,1,5,1.25,6.25,5.0
51,7,1,0,1.25,0.0,-1.25
51,8,0,3,0.0,3.75,3.75
51,9,1,4,1.25,5.0,3.75
51,10,0,2,0.0,2.5,2.5
51,11,0,5,0.0,6.25,6.25
51,12,4,0,5.0,0.0,-5.0
51,13,1,2,1.25,2.5,1.25
51,14,1,3,1.25,3.75,2.5
51,15,1,0,1.25,0.0,-1.25
51,16,0,1,0.0,1.25,1.25
51,17,0,2,0.0,2.5,2.5
51,18,3,0,3.75,0.0,-3.75
51,19,1,1,1.25,1.25,0.0
51,20,1,0,1.25,0.0,-1.25
51,21,1,3,1.25,3.75,2.5
51,22,0,1,0.0,1.25,1.25
51,23,3,4,3.75,5.0,1.25
51,24,0,2,0.0,2.5,2.5
51,25,3,0,3.75,0.0,-3.75
51,26,1,3,1.25,3.75,2.5
51,27,1,2,1.25,2.5,1.25
51,28,2,2,2.5,2.5,0.0
51,29,0,0,0.0,0.0,0.0
51,30,0,0,0.0,0.0,0.0
51,31,2,1,2.5,1.25,-1.25
51,32,2,4,2.5,5.0,2.5
51,33,0,2,0.0,2.5,2.5
51,34,0,0,0.0,0.0,0.0
51,35,0,1,0.0,1.25,1.25
51,36,0,0,0.0,0.0,0.0
51,37,0,0,0.0,0.0,0.0
51,38,3,2,3.75,2.5,-1.25
51,39,4,0,5.0,0.0,-5.0
51,40,0,1,0.0,1.25,1.25
51,41,2,2,2.5,2.5,0.0
51,42,2,2,2.5,2.5,0.0
51,43,2,1,2.5,1.25,-1.25
51,44,3,3,3.75,3.75,0.0
51,45,3,2,3.75,2.5,-1.25
51,46,2,2,2.5,2.5,0.0
51,47,1,1,1.25,1.25,0.0
51,48,1,2,1.25,2.5,1.25
51,49,1,1,1.25,1.25,0.0
51,50,0,0,0.0,0.0,0.0
51,51,0,4,0.0,5.0,5.0
51,52,0,1,0.0,1.25,1.25
51,53,7,1,8.75,1.25,-7.5
51,54,0,1,0.0,1.25,1.25
51,55,3,3,3.75,3.75,0.0
51,56,0,0,0.0,0.0,0.0
51,57,2,2,2.5,2.5,0.0
51,58,1,3,1.25,3.75,2.5
51,59,1,2,1.25,2.5,1.25
51,60,1,0,1.25,0.0,-1.25
51,61,3,10,3.75,12.5,8.75
51,62,2,0,2.5,0.0,-2.5
51,63,0,2,0.0,2.5,2.5
51,64,1,0,1.25,0.0,-1.25
51,65,0,0,0.0,0.0,0.0
51,66,2,2,2.5,2.5,0.0
51,67,0,1,0.0,1.25,1.25
51,68,4,3,5.0,3.75,-1.25
51,69,1,1,1.25,1.25,0.0
51,70,4,1,5.0,1.25,-3.75
51,71,0,3,0.0,3.75,3.75
51,72,1,1,1.25,1.25,0.0
51,73,0,0,0.0,0.0,0.0
51,74,1,1,1.25,1.25,0.0
51,75,3,4,3.75,5.0,1.25
51,76,0,1,0.0,1.25,1.25
51,77,0,2,0.0,2.5,2.5
51,78,5,1,6.25,1.25,-5.0
51,79,1,0,1.25,0.0,-1.25
51,80,1,3,1.25,3.75,2.5
51,81,1,0,1.25,0.0,-1.25
51,82,2,1,2.5,1.25,-1.25
51,83,2,2,2.5,2.5,0.0
51,84,2,0,2.5,0.0,-2.5
51,85,0,4,0.0,5.0,5.0
51,86,3,5,3.75,6.25,2.5
51,87,4,12,5.0,15.0,10.0
51,88,2,9,2.5,11.25,8.75
51,89,2,1,2.5,1.25,-1.25
51,90,1,8,1.25,10.0,8.75
51,91,1,5,1.25,6.25,5.0
51,92,1,2,1.25,2.5,1.25
51,93,1,0,1.25,0.0,-1.25
51,94,4,5,5.0,6.25,1.25
51,95,0,0,0.0,0.0,0.0
51,96,0,2,0.0,2.5,2.5
51,97,3,1,3.75,1.25,-2.5
51,98,4,2,5.0,2.5,-2.5
51,99,5,1,6.25,1.25,-5.0
51,100,3,1,3.75,1.25,-2.5
51,101,0,2,0.0,2.5,2.5
51,102,0,1,0.0,1.25,1.25
51,103,2,1,2.5,1.25,-1.25
51,104,0,2,0.0,2.5,2.5
51,105,4,1,5.0,1.25,-3.75
51,106,3,3,3.75,3.75,0.0
51,107,1,0,1.25,0.0,-1.25
51,108,1,2,1.25,2.5,1.25
51,109,2,3,2.5,3.75,1.25
51,110,0,2,0.0,2.5,2.5
51,111,0,1,0.0,1.25,1.25
51,112,3,4,3.75,5.0,1.25
51,113,1,0,1.25,0.0,-1.25
51,114,0,6,0.0,7.5,7.5
51,115,1,3,1.25,3.75,2.5
51,116,2,1,2.5,1.25,-1.25
51,117,2,2,2.5,2.5,0.0
51,118,4,1,5.0,1.25,-3.75
51,119,2,8,2.5,10.0,7.5
51,120,2,0,2.5,0.0,-2.5
51,121,7,4,8.75,5.0,-3.75
51,122,1,2,1.25,2.5,1.25
51,123,3,1,3.75,1.25,-2.5
51,124,4,3,5.0,3.75,-1.25
51,125,0,1,0.0,1.25,1.25
51,126,0,0,0.0,0.0,0.0
51,127,0,3,0.0,3.75,3.75
51,128,3,2,3.75,2.5,-1.25
51,129,2,0,2.5,0.0,-2.5
51,130,7,1,8.75,1.25,-7.5
51,131,4,1,5.0,1.25,-3.75
51,132,2,1,2.5,1.25,-1.25
51,133,4,4,5.0,5.0,0.0
51,134,0,2,0.0,2.5,2.5
52,0,0,0,0.0,0.0,0.0
52,1,0,0,0.0,0.0,0.0
52,2,0,0,0.0,0.0,0.0
52,3,0,0,0.0,0.0,0.0
52,4,0,1,0.0,1.25,1.25
52,5,0,0,0.0,0.0,0.0
52,6,0,0,0.0,0.0,0.0
52,7,0,0,0.0,0.0,0.0
52,8,0,3,0.0,3.75,3.75
52,9,0,0,0.0,0.0,0.0
52,10,0,0,0.0,0.0,0.0
52,11,1,1,1.25,1.25,0.0
52,12,3,0,3.75,0.0,-3.75
52,13,0,0,0.0,0.0,0.0
52,14,0,0,0.0,0.0,0.0
52,15,1,0,1.25,0.0,-1.25
52,16,0,0,0.0,0.0,0.0
52,17,0,0,0.0,0.0,0.0
52,18,1,3,1.25,3.75,2.5
52,19,0,2,0.0,2.5,2.5
52,20,0,0,0.0,0.0,0.0
52,21,0,1,0.0,1.25,1.25
52,22,1,2,1.25,2.5,1.25
52,23,0,1,0.0,1.25,1.25
52,24,0,0,0.0,0.0,0.0
52,25,0,0,0.0,0.0,0.0
52,26,0,3,0.0,3.75,3.75
52,27,0,0,0.0,0.0,0.0
52,28,1,0,1.25,0.0,-1.25
52,29,0,3,0.0,3.75,3.75
52,30,0,0,0.0,0.0,0.0
52,31,0,0,0.0,0.0,0.0
52,32,1,0,1.25,0.0,-1.25
52,33,0,0,0.0,0.0,0.0
52,34,0,3,0.0,3.75,3.75
52,35,0,1,0.0,1.25,1.25
52,36,0,0,0.0,0.0,0.0
52,37,1,1,1.25,1.25,0.0
52,38,0,2,0.0,2.5,2.5
52,39,0,1,0.0,1.25,1.25
52,40,0,1,0.0,1.25,1.25
52,41,1,0,1.25,0.0,-1.25
52,42,4,0,5.0,0.0,-5.0
52,43,0,0,0.0,0.0,0.0
52,44,0,1,0.0,1.25,1.25
52,45,2,0,2.5,0.0,-2.5
52,46,0,0,0.0,0.0,0.0
52,47,0,1,0.0,1.25,1.25
52,48,0,1,0.0,1.25,1.25
52,49,0,0,0.0,0.0,0.0
52,50,1,1,1.25,1.25,0.0
52,51,1,0,1.25,0.0,-1.25
52,52,0,0,0.0,0.0,0.0
52,53,0,1,0.0,1.25,1.25
52,54,1,0,1.25,0.0,-1.25
52,55,0,1,0.0,1.25,1.25
52,56,2,3,2.5,3.75,1.25
52,57,1,0,1.25,0.0,-1.25
52,58,0,1,0.0,1.25,1.25
52,59,0,2,0.0,2.5,2.5
52,60,1,1,1.25,1.25,0.0
52,61,1,1,1.25,1.25,0.0
52,62,0,1,0.0,1.25,1.25
52,63,0,2,0.0,2.5,2.5
52,64,0,1,0.0,1.25,1.25
52,65,1,0,1.25,0.0,-1.25
52,66,1,1,1.25,1.25,0.0
52,67,0,0,0.0,0.0,0.0
52,68,0,1,0.0,1.25,1.25
52,69,6,1,7.5,1.25,-6.25
52,70,0,0,0.0,0.0,0.0
52,71,3,1,3.75,1.25,-2.5
52,72,1,2,1.25,2.5,1.25
52,73,1,2,1.25,2.5,1.25
52,74,1,0,1.25,0.0,-1.25
52,75,1,0,1.25,0.0,-1.25
52,76,0,0,0.0,0.0,0.0
52,77,2,2,2.5,2.5,0.0
52,78,2,1,2.5,1.25,-1.25
52,79,1,0,1.25,0.0,-1.25
52,80,1,0,1.25,0.0,-1.25
52,81,1,1,1.25,1.25,0.0
52,82,0,0,0.0,0.0,0.0
52,83,1,1,1.25,1.25,0.0
52,84,0,0,0.0,0.0,0.0
52,85,1,2,1.25,2.5,1.25
52,86,1,0,1.25,0.0,-1.25
52,87,2,2,2.5,2.5,0.0
52,88,0,0,0.0,0.0,0.0
52,89,0,1,0.0,1.25,1.25
52,90,3,1,3.75,1.25,-2.5
52,91,0,0,0.0,0.0,0.0
52,92,0,1,0.0,1.25,1.25
52,93,0,1,0.0,1.25,1.25
52,94,0,0,0.0,0.0,0.0
52,95,0,1,0.0,1.25,1.25
52,96,0,0,0.0,0.0,0.0
52,97,1,0,1.25,0.0,-1.25
52,98,1,1,1.25,1.25,0.0
52,99,0,1,0.0,1.25,1.25
52,100,0,1,0.0,1.25,1.25
52,101,0,3,0.0,3.75,3.75
52,102,1,1,1.25,1.25,0.0
52,103,0,2,0.0,2.5,2.5
52,104,2,2,2.5,2.5,0.0
52,105,0,2,0.0,2.5,2.5
52,106,0,0,0.0,0.0,0.0
52,107,0,1,0.0,1.25,1.25
52,108,1,0,1.25,0.0,-1.25
52,109,4,1,5.0,1.25,-3.75
52,110,1,0,1.25,0.0,-1.25
52,111,0,1,0.0,1.25,1.25
52,112,0,1,0.0,1.25,1.25
52,113,1,0,1.25,0.0,-1.25
52,114,0,0,0.0,0.0,0.0
52,115,0,1,0.0,1.25,1.25
52,116,1,1,1.25,1.25,0.0
52,117,1,0,1.25,0.0,-1.25
52,118,0,1,0.0,1.25,1.25
52,119,1,2,1.25,2.5,1.25
52,120,3,0,3.75,0.0,-3.75
52,121,1,3,1.25,3.75,2.5
52,122,3,1,3.75,1.25,-2.5
52,123,0,3,0.0,3.75,3.75
52,124,1,0,1.25,0.0,-1.25
52,125,2,3,2.5,3.75,1.25
52,126,1,2,1.25,2.5,1.25
52,127,1,0,1.25,0.0,-1.25
52,128,0,1,0.0,1.25,1.25
52,129,0,1,0.0,1.25,1.25
52,130,2,0,2.5,0.0,-2.5
52,131,1,2,1.25,2.5,1.25
52,132,0,1,0.0,1.25,1.25
52,133,1,1,1.25,1.25,0.0
52,134,1,0,1.25,0.0,-1.25
53,0,1,2,1.25,2.5,1.25
53,1,0,1,0.0,1.25,1.25
53,2,0,3,0.0,3.75,3.75
53,3,0,0,0.0,0.0,0.0
53,4,3,2,3.75,2.5,-1.25
53,5,0,0,0.0,0.0,0.0
53,6,0,2,0.0,2.5,2.5
53,7,0,0,0.0,0.0,0.0
53,8,0,2,0.0,2.5,2.5
53,9,0,0,0.0,0.0,0.0
53,10,0,0,0.0,0.0,0.0
53,11,0,1,0.0,1.25,1.25
53,12,1,0,1.25,0.0,-1.25
53,13,0,1,0.0,1.25,1.25
53,14,1,0,1.25,0.0,-1.25
53,15,0,1,0.0,1.25,1.25
53,16,0,0,0.0,0.0,0.0
53,17,0,0,0.0,0.0,0.0
53,18,2,1,2.5,1.25,-1.25
53,19,1,0,1.25,0.0,-1.25
53,20,2,1,2.5,1.25,-1.25
53,21,0,1,0.0,1.25,1.25
53,22,0,1,0.0,1.25,1.25
53,23,1,2,1.25,2.5,1.25
53,24,0,1,0.0,1.25,1.25
53,25,0,0,0.0,0.0,0.0
53,26,0,1,0.0,1.25,1.25
53,27,0,3,0.0,3.75,3.75
53,28,0,0,0.0,0.0,0.0
53,29,0,0,0.0,0.0,0.0
53,30,0,0,0.0,0.0,0.0
53,31,2,0,2.5,0.0,-2.5
53,32,0,3,0.0,3.75,3.75
53,33,0,1,0.0,1.25,1.25
53,34,0,0,0.0,0.0,0.0
53,35,0,1,0.0,1.25,1.25
53,36,1,1,1.25,1.25,0.0
53,37,0,0,0.0,0.0,0.0
53,38,2,0,2.5,0.0,-2.5
53,39,1,0,1.25,0.0,-1.25
53,40,0,0,0.0,0.0,0.0
53,41,1,0,1.25,0.0,-1.25
53,42,0,2,0.0,2.5,2.5
53,43,0,1,0.0,1.25,1.25
53,44,1,1,1.25,1.25,0.0
53,45,0,1,0.0,1.25,1.25
53,46,3,1,3.75,1.25,-2.5
53,47,0,1,0.0,1.25,1.25
53,48,1,2,1.25,2.5,1.25
53,49,0,3,0.0,3.75,3.75
53,50,0,1,0.0,1.25,1.25
53,51,0,0,0.0,0.0,0.0
53,52,0,0,0.0,0.0,0.0
53,53,1,0,1.25,0.0,-1.25
53,54,0,1,0.0,1.25,1.25
53,55,1,1,1.25,1.25,0.0
53,56,0,0,0.0,0.0,0.0
53,57,1,0,1.25,0.0,-1.25
53,58,1,2,1.25,2.5,1.25
53,59,0,0,0.0,0.0,0.0
53,60,1,0,1.25,0.0,-1.25
53,61,0,2,0.0,2.5,2.5
53,62,0,1,0.0,1.25,1.25
53,63,0,1,0.0,1.25,1.25
53,64,1,0,1.25,0.0,-1.25
53,65,0,1,0.0,1.25,1.25
53,66,0,1,0.0,1.25,1.25
53,67,1,2,1.25,2.5,1.25
53,68,2,1,2.5,1.25,-1.25
53,69,0,0,0.0,0.0,0.0
53,70,2,0,2.5,0.0,-2.5
53,71,0,0,0.0,0.0,0.0
53,72,0,2,0.0,2.5,2.5
53,73,1,0,1.25,0.0,-1.25
53,74,0,0,0.0,0.0,0.0
53,75,0,3,0.0,3.75,3.75
53,76,0,0,0.0,0.0,0.0
53,77,0,1,0.0,1.25,1.25
53,78,1,0,1.25,0.0,-1.25
53,79,0,0,0.0,0.0,0.0
53,80,0,0,0.0,0.0,0.0
53,81,1,0,1.25,0.0,-1.25
53,82,4,1,5.0,1.25,-3.75
53,83,2,2,2.5,2.5,0.0
53,84,0,0,0.0,0.0,0.0
53,85,0,3,0.0,3.75,3.75
53,86,1,4,1.25,5.0,3.75
53,87,0,3,0.0,3.75,3.75
53,88,2,2,2.5,2.5,0.0
53,89,1,0,1.25,0.0,-1.25
53,90,1,3,1.25,3.75,2.5
53,91,0,4,0.0,5.0,5.0
53,92,2,1,2.5,1.25,-1.25
53,93,0,1,0.0,1.25,1.25
53,94,2,2,2.5,2.5,0.0
53,95,0,0,0.0,0.0,0.0
53,96,0,1,0.0,1.25,1.25
53,97,0,0,0.0,0.0,0.0
53,98,2,1,2.5,1.25,-1.25
53,99,3,0,3.75,0.0,-3.75
53,100,2,0,2.5,0.0,-2.5
53,101,0,2,0.0,2.5,2.5
53,102,0,0,0.0,0.0,0.0
53,103,0,1,0.0,1.25,1.25
53,104,0,1,0.0,1.25,1.25
53,105,1,1,1.25,1.25,0.0
53,106,0,2,0.0,2.5,2.5
53,107,0,0,0.0,0.0,0.0
53,108,0,0,0.0,0.0,0.0
53,109,0,1,0.0,1.25,1.25
53,110,0,0,0.0,0.0,0.0
53,111,0,1,0.0,1.25,1.25
53,112,3,4,3.75,5.0,1.25
53,113,1,0,1.25,0.0,-1.25
53,114,0,4,0.0,5.0,5.0
53,115,1,0,1.25,0.0,-1.25
53,116,0,0,0.0,0.0,0.0
53,117,1,0,1.25,0.0,-1.25
53,118,0,0,0.0,0.0,0.0
53,119,1,0,1.25,0.0,-1.25
53,120,0,0,0.0,0.0,0.0
53,121,3,3,3.75,3.75,0.0
53,122,0,2,0.0,2.5,2.5
53,123,0,1,0.0,1.25,1.25
53,124,1,0,1.25,0.0,-1.25
53,125,0,0,0.0,0.0,0.0
53,126,0,0,0.0,0.0,0.0
53,127,0,0,0.0,0.0,0.0
53,128,1,1,1.25,1.25,0.0
53,129,0,2,0.0,2.5,2.5
53,130,6,1,7.5,1.25,-6.25
53,131,1,0,1.25,0.0,-1.25
53,132,1,0,1.25,0.0,-1.25
53,133,0,3,0.0,3.75,3.75
53,134,0,0,0.0,0.0,0.0
54,0,0,5,0.0,6.25,6.25
54,1,0,3,0.0,3.75,3.75
54,2,0,4,0.0,5.0,5.0
54,3,1,0,1.25,0.0,-1.25
54,4,2,4,2.5,5.0,2.5
54,5,1,1,1.25,1.25,0.0
54,6,1,3,1.25,3.75,2.5
54,7,1,0,1.25,0.0,-1.25
54,8,0,4,0.0,5.0,5.0
54,9,0,1,0.0,1.25,1.25
54,10,0,0,0.0,0.0,0.0
54,11,0,4,0.0,5.0,5.0
54,12,4,0,5.0,0.0,-5.0
54,13,1,2,1.25,2.5,1.25
54,14,2,3,2.5,3.75,1.25
54,15,0,0,0.0,0.0,0.0
54,16,0,1,0.0,1.25,1.25
54,17,0,0,0.0,0.0,0.0
54,18,2,0,2.5,0.0,-2.5
54,19,2,0,2.5,0.0,-2.5
54,20,2,1,2.5,1.25,-1.25
54,21,1,2,1.25,2.5,1.25
54,22,0,1,0.0,1.25,1.25
54,23,3,5,3.75,6.25,2.5
54,24,0,2,0.0,2.5,2.5
54,25,2,0,2.5,0.0,-2.5
54,26,1,1,1.25,1.25,0.0
54,27,2,2,2.5,2.5,0.0
54,28,2,0,2.5,0.0,-2.5
54,29,0,0,0.0,0.0,0.0
54,30,0,0,0.0,0.0,0.0
54,31,3,1,3.75,1.25,-2.5
54,32,1,3,1.25,3.75,2.5
54,33,0,2,0.0,2.5,2.5
54,34,0,0,0.0,0.0,0.0
54,35,0,2,0.0,2.5,2.5
54,36,2,1,2.5,1.25,-1.25
54,37,0,1,0.0,1.25,1.25
54,38,3,3,3.75,3.75,0.0
54,39,3,0,3.75,0.0,-3.75
54,40,0,0,0.0,0.0,0.0
54,41,3,1,3.75,1.25,-2.5
54,42,1,5,1.25,6.25,5.0
54,43,1,1,1.25,1.25,0.0
54,44,4,2,5.0,2.5,-2.5
54,45,1,3,1.25,3.75,2.5
54,46,1,1,1.25,1.25,0.0
54,47,1,0,1.25,0.0,-1.25
54,48,1,2,1.25,2.5,1.25
54,49,1,3,1.25,3.75,2.5
54,50,0,1,0.0,1.25,1.25
54,51,0,3,0.0,3.75,3.75
54,52,0,1,0.0,1.25,1.25
54,53,3,0,3.75,0.0,-3.75
54,54,0,1,0.0,1.25,1.25
54,55,2,4,2.5,5.0,2.5
54,56,0,0,0.0,0.0,0.0
54,57,2,1,2.5,1.25,-1.25
54,58,2,3,2.5,3.75,1.25
54,59,0,1,0.0,1.25,1.25
54,60,0,0,0.0,0.0,0.0
54,61,2,10,2.5,12.5,10.0
54,62,2,0,2.5,0.0,-2.5
54,63,0,2,0.0,2.5,2.5
54,64,1,1,1.25,1.25,0.0
54,65,0,1,0.0,1.25,1.25
54,66,0,1,0.0,1.25,1.25
54,67,1,2,1.25,2.5,1.25
54,68,6,4,7.5,5.0,-2.5
54,69,1,0,1.25,0.0,-1.25
54,70,5,1,6.25,1.25,-5.0
54,71,0,0,0.0,0.0,0.0
54,72,0,2,0.0,2.5,2.5
54,73,1,0,1.25,0.0,-1.25
54,74,0,2,0.0,2.5,2.5
54,75,2,3,2.5,3.75,1.25
54,76,0,0,0.0,0.0,0.0
54,77,0,3,0.0,3.75,3.75
54,78,1,1,1.25,1.25,0.0
54,79,2,0,2.5,0.0,-2.5
54,80,1,3,1.25,3.75,2.5
54,81,1,0,1.25,0.0,-1.25
54,82,3,1,3.75,1.25,-2.5
54,83,4,3,5.0,3.75,-1.25
54,84,2,0,2.5,0.0,-2.5
54,85,0,4,0.0,5.0,5.0
54,86,2,5,2.5,6.25,3.75
54,87,2,6,2.5,7.5,5.0
54,88,2,7,2.5,8.75,6.25
54,89,3,0,3.75,0.0,-3.75
54,90,2,7,2.5,8.75,6.25
54,91,0,5,0.0,6.25,6.25
54,92,3,2,3.75,2.5,-1.25
54,93,1,1,1.25,1.25,0.0
54,94,3,7,3.75,8.75,5.0
54,95,0,0,0.0,0.0,0.0
54,96,0,2,0.0,2.5,2.5
54,97,3,0,3.75,0.0,-3.75
54,98,4,2,5.0,2.5,-2.5
54,99,4,1,5.0,1.25,-3.75
54,100,4,1,5.0,1.25,-3.75
54,101,0,2,0.0,2.5,2.5
54,102,0,1,0.0,1.25,1.25
54,103,3,1,3.75,1.25,-2.5
54,104,0,2,0.0,2.5,2.5
54,105,2,1,2.5,1.25,-1.25
54,106,2,2,2.5,2.5,0.0
54,107,1,0,1.25,0.0,-1.25
54,108,1,2,1.25,2.5,1.25
54,109,1,3,1.25,3.75,2.5
54,110,0,2,0.0,2.5,2.5
54,111,0,1,0.0,1.25,1.25
54,112,3,4,3.75,5.0,1.25
54,113,1,0,1.25,0.0,-1.25
54,114,0,6,0.0,7.5,7.5
54,115,1,2,1.25,2.5,1.25
54,116,2,1,2.5,1.25,-1.25
54,117,2,2,2.5,2.5,0.0
54,118,2,0,2.5,0.0,-2.5
54,119,1,0,1.25,0.0,-1.25
54,120,1,0,1.25,0.0,-1.25
54,121,3,4,3.75,5.0,1.25
54,122,0,3,0.0,3.75,3.75
54,123,3,1,3.75,1.25,-2.5
54,124,5,3,6.25,3.75,-2.5
54,125,0,1,0.0,1.25,1.25
54,126,0,0,0.0,0.0,0.0
54,127,0,2,0.0,2.5,2.5
54,128,2,2,2.5,2.5,0.0
54,129,2,1,2.5,1.25,-1.25
54,130,7,1,8.75,1.25,-7.5
54,131,4,1,5.0,1.25,-3.75
54,132,2,0,2.5,0.0,-2.5
54,133,1,5,1.25,6.25,5.0
54,134,0,3,0.0,3.75,3.75
55,0,0,1,0.0,1.25,1.25
55,1,0,1,0.0,1.25,1.25
55,2,0,0,0.0,0.0,0.0
55,3,1,0,1.25,0.0,-1.25
55,4,1,0,1.25,0.0,-1.25
55,5,0,0,0.0,0.0,0.0
55,6,0,0,0.0,0.0,0.0
55,7,0,0,0.0,0.0,0.0
55,8,1,0,1.25,0.0,-1.25
55,9,0,2,0.0,2.5,2.5
55,10,0,3,0.0,3.75,3.75
55,11,0,0,0.0,0.0,0.0
55,12,0,0,0.0,0.0,0.0
55,13,1,3,1.25,3.75,2.5
55,14,1,0,1.25,0.0,-1.25
55,15,0,2,0.0,2.5,2.5
55,16,0,0,0.0,0.0,0.0
55,17,0,0,0.0,0.0,0.0
55,18,0,0,0.0,0.0,0.0
55,19,0,0,0.0,0.0,0.0
55,20,1,0,1.25,0.0,-1.25
55,21,0,0,0.0,0.0,0.0
55,22,0,0,0.0,0.0,0.0
55,23,0,0,0.0,0.0,0.0
55,24,0,0,0.0,0.0,0.0
55,25,2,0,2.5,0.0,-2.5
55,26,0,0,0.0,0.0,0.0
55,27,2,0,2.5,0.0,-2.5
55,28,0,1,0.0,1.25,1.25
55,29,0,0,0.0,0.0,0.0
55,30,2,1,2.5,1.25,-1.25
55,31,2,0,2.5,0.0,-2.5
55,32,0,0,0.0,0.0,0.0
55,33,0,0,0.0,0.0,0.0
55,34,1,0,1.25,0.0,-1.25
55,35,0,0,0.0,0.0,0.0
55,36,2,0,2.5,0.0,-2.5
55,37,0,0,0.0,0.0,0.0
55,38,0,1,0.0,1.25,1.25
55,39,0,0,0.0,0.0,0.0
55,40,0,0,0.0,0.0,0.0
55,41,0,0,0.0,0.0,0.0
55,42,0,0,0.0,0.0,0.0
55,43,1,0,1.25,0.0,-1.25
55,44,1,6,1.25,7.5,6.25
55,45,0,2,0.0,2.5,2.5
55,46,0,0,0.0,0.0,0.0
55,47,0,0,0.0,0.0,0.0
55,48,0,0,0.0,0.0,0.0
55,49,0,0,0.0,0.0,0.0
55,50,0,0,0.0,0.0,0.0
55,51,2,3,2.5,3.75,1.25
55,52,0,0,0.0,0.0,0.0
55,53,3,0,3.75,0.0,-3.75
55,54,2,0,2.5,0.0,-2.5
55,55,0,0,0.0,0.0,0.0
55,56,0,0,0.0,0.0,0.0
55,57,0,0,0.0,0.0,0.0
55,58,0,0,0.0,0.0,0.0
55,59,3,0,3.75,0.0,-3.75
55,60,0,0,0.0,0.0,0.0
55,61,0,0,0.0,0.0,0.0
55,62,0,1,0.0,1.25,1.25
55,63,0,2,0.0,2.5,2.5
55,64,0,0,0.0,0.0,0.0
55,65,2,0,2.5,0.0,-2.5
55,66,0,0,0.0,0.0,0.0
55,67,0,0,0.0,0.0,0.0
55,68,0,0,0.0,0.0,0.0
55,69,0,1,0.0,1.25,1.25
55,70,0,0,0.0,0.0,0.0
55,71,0,1,0.0,1.25,1.25
55,72,2,0,2.5,0.0,-2.5
55,73,1,0,1.25,0.0,-1.25
55,74,0,0,0.0,0.0,0.0
55,75,0,1,0.0,1.25,1.25
55,76,0,0,0.0,0.0,0.0
55,77,0,0,0.0,0.0,0.0
55,78,0,0,0.0,0.0,0.0
55,79,0,0,0.0,0.0,0.0
55,80,0,1,0.0,1.25,1.25
55,81,0,0,0.0,0.0,0.0
55,82,0,0,0.0,0.0,0.0
55,83,1,0,1.25,0.0,-1.25
55,84,0,0,0.0,0.0,0.0
55,85,0,0,0.0,0.0,0.0
55,86,1,0,1.25,0.0,-1.25
55,87,5,7,6.25,8.75,2.5
55,88,0,2,0.0,2.5,2.5
55,89,0,0,0.0,0.0,0.0
55,90,6,1,7.5,1.25,-6.25
55,91,0,0,0.0,0.0,0.0
55,92,0,0,0.0,0.0,0.0
55,93,0,0,0.0,0.0,0.0
55,94,0,2,0.0,2.5,2.5
55,95,0,0,0.0,0.0,0.0
55,96,0,1,0.0,1.25,1.25
55,97,0,0,0.0,0.0,0.0
55,98,0,0,0.0,0.0,0.0
55,99,0,0,0.0,0.0,0.0
55,100,0,0,0.0,0.0,0.0
55,101,0,0,0.0,0.0,0.0
55,102,0,0,0.0,0.0,0.0
55,103,0,0,0.0,0.0,0.0
55,104,0,0,0.0,0.0,0.0
55,105,1,1,1.25,1.25,0.0
55,106,0,2,0.0,2.5,2.5
55,107,0,0,0.0,0.0,0.0
55,108,0,0,0.0,0.0,0.0
55,109,0,0,0.0,0.0,0.0
55,110,0,0,0.0,0.0,0.0
55,111,0,0,0.0,0.0,0.0
55,112,0,1,0.0,1.25,1.25
55,113,0,0,0.0,0.0,0.0
55,114,0,0,0.0,0.0,0.0
55,115,0,1,0.0,1.25,1.25
55,116,0,0,0.0,0.0,0.0
55,117,0,0,0.0,0.0,0.0
55,118,0,0,0.0,0.0,0.0
55,119,0,4,0.0,5.0,5.0
55,120,0,0,0.0,0.0,0.0
55,121,7,4,8.75,5.0,-3.75
55,122,0,0,0.0,0.0,0.0
55,123,0,0,0.0,0.0,0.0
55,124,0,0,0.0,0.0,0.0
55,125,0,0,0.0,0.0,0.0
55,126,0,0,0.0,0.0,0.0
55,127,0,0,0.0,0.0,0.0
55,128,0,0,0.0,0.0,0.0
55,129,0,0,0.0,0.0,0.0
55,130,0,1,0.0,1.25,1.25
55,131,0,0,0.0,0.0,0.0
55,132,0,0,0.0,0.0,0.0
55,133,11,2,13.75,2.5,-11.25
55,134,0,0,0.0,0.0,0.0
56,0,2,1,2.5,1.25,-1.25
56,1,1,3,1.25,3.75,2.5
56,2,2,5,2.5,6.25,3.75
56,3,1,4,1.25,5.0,3.75
56,4,4,0,5.0,0.0,-5.0
56,5,0,3,0.0,3.75,3.75
56,6,1,1,1.25,1.25,0.0
56,7,3,0,3.75,0.0,-3.75
56,8,2,1,2.5,1.25,-1.25
56,9,4,3,5.0,3.75,-1.25
56,10,0,3,0.0,3.75,3.75
56,11,0,0,0.0,0.0,0.0
56,12,2,1,2.5,1.25,-1.25
56,13,2,2,2.5,2.5,0.0
56,14,2,5,2.5,6.25,3.75
56,15,2,5,2.5,6.25,3.75
56,16,0,5,0.0,6.25,6.25
56,17,1,2,1.25,2.5,1.25
56,18,1,5,1.25,6.25,5.0
56,19,1,2,1.25,2.5,1.25
56,20,3,0,3.75,0.0,-3.75
56,21,0,4,0.0,5.0,5.0
56,22,4,2,5.0,2.5,-2.5
56,23,3,5,3.75,6.25,2.5
56,24,7,2,8.75,2.5,-6.25
56,25,1,3,1.25,3.75,2.5
56,26,6,3,7.5,3.75,-3.75
56,27,6,5,7.5,6.25,-1.25
56,28,4,1,5.0,1.25,-3.75
56,29,0,1,0.0,1.25,1.25
56,30,0,1,0.0,1.25,1.25
56,31,3,2,3.75,2.5,-1.25
56,32,2,0,2.5,0.0,-2.5
56,33,1,2,1.25,2.5,1.25
56,34,3,4,3.75,5.0,1.25
56,35,1,3,1.25,3.75,2.5
56,36,2,5,2.5,6.25,3.75
56,37,0,8,0.0,10.0,10.0
56,38,1,2,1.25,2.5,1.25
56,39,2,2,2.5,2.5,0.0
56,40,0,5,0.0,6.25,6.25
56,41,3,2,3.75,2.5,-1.25
56,42,0,5,0.0,6.25,6.25
56,43,8,4,10.0,5.0,-5.0
56,44,1,1,1.25,1.25,0.0
56,45,4,5,5.0,6.25,1.25
56,46,2,1,2.5,1.25,-1.25
56,47,0,1,0.0,1.25,1.25
56,48,1,2,1.25,2.5,1.25
56,49,1,0,1.25,0.0,-1.25
56,50,0,1,0.0,1.25,1.25
56,51,1,4,1.25,5.0,3.75
56,52,1,2,1.25,2.5,1.25
56,53,1,6,1.25,7.5,6.25
56,54,1,2,1.25,2.5,1.25
56,55,3,6,3.75,7.5,3.75
56,56,1,3,1.25,3.75,2.5
56,57,0,0,0.0,0.0,0.0
56,58,0,1,0.0,1.25,1.25
56,59,2,1,2.5,1.25,-1.25
56,60,0,1,0.0,1.25,1.25
56,61,1,2,1.25,2.5,1.25
56,62,2,0,2.5,0.0,-2.5
56,63,1,2,1.25,2.5,1.25
56,64,1,1,1.25,1.25,0.0
56,65,2,0,2.5,0.0,-2.5
56,66,3,3,3.75,3.75,0.0
56,67,0,3,0.0,3.75,3.75
56,68,4,2,5.0,2.5,-2.5
56,69,4,4,5.0,5.0,0.0
56,70,2,3,2.5,3.75,1.25
56,71,0,5,0.0,6.25,6.25
56,72,2,4,2.5,5.0,2.5
56,73,1,3,1.25,3.75,2.5
56,74,2,1,2.5,1.25,-1.25
56,75,4,1,5.0,1.25,-3.75
56,76,11,3,13.75,3.75,-10.0
56,77,0,2,0.0,2.5,2.5
56,78,0,6,0.0,7.5,7.5
56,79,0,4,0.0,5.0,5.0
56,80,2,2,2.5,2.5,0.0
56,81,2,3,2.5,3.75,1.25
56,82,1,1,1.25,1.25,0.0
56,83,1,5,1.25,6.25,5.0
56,84,4,4,5.0,5.0,0.0
56,85,1,5,1.25,6.25,5.0
56,86,6,2,7.5,2.5,-5.0
56,87,3,2,3.75,2.5,-1.25
56,88,2,5,2.5,6.25,3.75
56,89,2,5,2.5,6.25,3.75
56,90,1,8,1.25,10.0,8.75
56,91,2,6,2.5,7.5,5.0
56,92,1,1,1.25,1.25,0.0
56,93,1,4,1.25,5.0,3.75
56,94,2,3,2.5,3.75,1.25
56,95,1,1,1.25,1.25,0.0
56,96,4,2,5.0,2.5,-2.5
56,97,5,2,6.25,2.5,-3.75
56,98,0,7,0.0,8.75,8.75
56,99,1,2,1.25,2.5,1.25
56,100,4,3,5.0,3.75,-1.25
56,101,10,5,12.5,6.25,-6.25
56,102,0,2,0.0,2.5,2.5
56,103,1,3,1.25,3.75,2.5
56,104,3,2,3.75,2.5,-1.25
56,105,5,8,6.25,10.0,3.75
56,106,3,4,3.75,5.0,1.25
56,107,2,2,2.5,2.5,0.0
56,108,0,7,0.0,8.75,8.75
56,109,3,2,3.75,2.5,-1.25
56,110,1,3,1.25,3.75,2.5
56,111,1,5,1.25,6.25,5.0
56,112,2,6,2.5,7.5,5.0
56,113,1,4,1.25,5.0,3.75
56,114,0,4,0.0,5.0,5.0
56,115,1,6,1.25,7.5,6.25
56,116,0,4,0.0,5.0,5.0
56,117,3,4,3.75,5.0,1.25
56,118,3,1,3.75,1.25,-2.5
56,119,1,0,1.25,0.0,-1.25
56,120,3,3,3.75,3.75,0.0
56,121,6,1,7.5,1.25,-6.25
56,122,1,2,1.25,2.5,1.25
56,123,3,1,3.75,1.25,-2.5
56,124,0,3,0.0,3.75,3.75
56,125,0,3,0.0,3.75,3.75
56,126,2,1,2.5,1.25,-1.25
56,127,4,3,5.0,3.75,-1.25
56,128,2,5,2.5,6.25,3.75
56,129,0,3,0.0,3.75,3.75
56,130,2,2,2.5,2.5,0.0
56,131,1,0,1.25,0.0,-1.25
56,132,0,2,0.0,2.5,2.5
56,133,0,1,0.0,1.25,1.25
56,134,3,3,3.75,3.75,0.0
57,0,3,5,3.75,6.25,2.5
57,1,3,4,3.75,5.0,1.25
57,2,9,0,11.25,0.0,-11.25
57,3,1,4,1.25,5.0,3.75
57,4,4,1,5.0,1.25,-3.75
57,5,2,4,2.5,5.0,2.5
57,6,4,2,5.0,2.5,-2.5
57,7,8,2,10.0,2.5,-7.5
57,8,5,4,6.25,5.0,-1.25
57,9,4,2,5.0,2.5,-2.5
57,10,1,7,1.25,8.75,7.5
57,11,0,2,0.0,2.5,2.5
57,12,0,1,0.0,1.25,1.25
57,13,2,1,2.5,1.25,-1.25
57,14,3,4,3.75,5.0,1.25
57,15,2,2,2.5,2.5,0.0
57,16,1,1,1.25,1.25,0.0
57,17,1,2,1.25,2.5,1.25
57,18,5,2,6.25,2.5,-3.75
57,19,2,3,2.5,3.75,1.25
57,20,5,0,6.25,0.0,-6.25
57,21,1,2,1.25,2.5,1.25
57,22,0,3,0.0,3.75,3.75
57,23,1,6,1.25,7.5,6.25
57,24,5,1,6.25,1.25,-5.0
57,25,6,1,7.5,1.25,-6.25
57,26,3,1,3.75,1.25,-2.5
57,27,3,1,3.75,1.25,-2.5
57,28,3,0,3.75,0.0,-3.75
57,29,0,3,0.0,3.75,3.75
57,30,1,2,1.25,2.5,1.25
57,31,3,3,3.75,3.75,0.0
57,32,3,0,3.75,0.0,-3.75
57,33,0,3,0.0,3.75,3.75
57,34,6,0,7.5,0.0,-7.5
57,35,0,1,0.0,1.25,1.25
57,36,3,1,3.75,1.25,-2.5
57,37,0,2,0.0,2.5,2.5
57,38,0,0,0.0,0.0,0.0
57,39,1,1,1.25,1.25,0.0
57,40,0,3,0.0,3.75,3.75
57,41,0,2,0.0,2.5,2.5
57,42,1,4,1.25,5.0,3.75
57,43,7,1,8.75,1.25,-7.5
57,44,2,2,2.5,2.5,0.0
57,45,1,6,1.25,7.5,6.25
57,46,4,0,5.0,0.0,-5.0
57,47,0,2,0.0,2.5,2.5
57,48,1,0,1.25,0.0,-1.25
57,49,0,0,0.0,0.0,0.0
57,50,2,1,2.5,1.25,-1.25
57,51,4,3,5.0,3.75,-1.25
57,52,3,1,3.75,1.25,-2.5
57,53,1,3,1.25,3.75,2.5
57,54,2,6,2.5,7.5,5.0
57,55,1,10,1.25,12.5,11.25
57,56,0,3,0.0,3.75,3.75
57,57,1,5,1.25,6.25,5.0
57,58,0,0,0.0,0.0,0.0
57,59,2,3,2.5,3.75,1.25
57,60,1,0,1.25,0.0,-1.25
57,61,0,3,0.0,3.75,3.75
57,62,0,0,0.0,0.0,0.0
57,63,0,1,0.0,1.25,1.25
57,64,1,0,1.25,0.0,-1.25
57,65,2,1,2.5,1.25,-1.25
57,66,0,6,0.0,7.5,7.5
57,67,5,2,6.25,2.5,-3.75
57,68,2,3,2.5,3.75,1.25
57,69,1,1,1.25,1.25,0.0
57,70,4,0,5.0,0.0,-5.0
57,71,0,6,0.0,7.5,7.5
57,72,1,2,1.25,2.5,1.25
57,73,0,4,0.0,5.0,5.0
57,74,1,1,1.25,1.25,0.0
57,75,4,2,5.0,2.5,-2.5
57,76,0,1,0.0,1.25,1.25
57,77,0,1,0.0,1.25,1.25
57,78,1,0,1.25,0.0,-1.25
57,79,0,0,0.0,0.0,0.0
57,80,1,8,1.25,10.0,8.75
57,81,1,0,1.25,0.0,-1.25
57,82,2,1,2.5,1.25,-1.25
57,83,0,0,0.0,0.0,0.0
57,84,1,2,1.25,2.5,1.25
57,85,1,2,1.25,2.5,1.25
57,86,1,0,1.25,0.0,-1.25
57,87,0,0,0.0,0.0,0.0
57,88,0,5,0.0,6.25,6.25
57,89,2,2,2.5,2.5,0.0
57,90,3,3,3.75,3.75,0.0
57,91,1,2,1.25,2.5,1.25
57,92,0,1,0.0,1.25,1.25
57,93,0,0,0.0,0.0,0.0
57,94,0,1,0.0,1.25,1.25
57,95,1,0,1.25,0.0,-1.25
57,96,1,4,1.25,5.0,3.75
57,97,0,0,0.0,0.0,0.0
57,98,2,0,2.5,0.0,-2.5
57,99,1,0,1.25,0.0,-1.25
57,100,0,1,0.0,1.25,1.25
57,101,6,2,7.5,2.5,-5.0
57,102,0,0,0.0,0.0,0.0
57,103,2,3,2.5,3.75,1.25
57,104,0,1,0.0,1.25,1.25
57,105,2,1,2.5,1.25,-1.25
57,106,2,2,2.5,2.5,0.0
57,107,0,0,0.0,0.0,0.0
57,108,0,0,0.0,0.0,0.0
57,109,1,1,1.25,1.25,0.0
57,110,1,9,1.25,11.25,10.0
57,111,0,4,0.0,5.0,5.0
57,112,3,4,3.75,5.0,1.25
57,113,0,0,0.0,0.0,0.0
57,114,0,3,0.0,3.75,3.75
57,115,0,2,0.0,2.5,2.5
57,116,0,1,0.0,1.25,1.25
57,117,1,0,1.25,0.0,-1.25
57,118,3,0,3.75,0.0,-3.75
57,119,0,5,0.0,6.25,6.25
57,120,1,0,1.25,0.0,-1.25
57,121,1,3,1.25,3.75,2.5
57,122,0,1,0.0,1.25,1.25
57,123,4,1,5.0,1.25,-3.75
57,124,2,3,2.5,3.75,1.25
57,125,0,0,0.0,0.0,0.0
57,126,3,1,3.75,1.25,-2.5
57,127,0,2,0.0,2.5,2.5
57,128,3,4,3.75,5.0,1.25
57,129,4,1,5.0,1.25,-3.75
57,130,1,0,1.25,0.0,-1.25
57,131,0,0,0.0,0.0,0.0
57,132,5,2,6.25,2.5,-3.75
57,133,3,0,3.75,0.0,-3.75
57,134,0,0,0.0,0.0,0.0
58,0,3,0,3.75,0.0,-3.75
58,1,1,1,1.25,1.25,0.0
58,2,1,0,1.25,0.0,-1.25
58,3,0,0,0.0,0.0,0.0
58,4,2,1,2.5,1.25,-1.25
58,5,2,0,2.5,0.0,-2.5
58,6,3,1,3.75,1.25,-2.5
58,7,2,0,2.5,0.0,-2.5
58,8,0,1,0.0,1.25,1.25
58,9,0,0,0.0,0.0,0.0
58,10,0,0,0.0,0.0,0.0
58,11,0,0,0.0,0.0,0.0
58,12,0,0,0.0,0.0,0.0
58,13,0,0,0.0,0.0,0.0
58,14,0,0,0.0,0.0,0.0
58,15,1,0,1.25,0.0,-1.25
58,16,0,0,0.0,0.0,0.0
58,17,0,0,0.0,0.0,0.0
58,18,0,0,0.0,0.0,0.0
58,19,1,0,1.25,0.0,-1.25
58,20,0,1,0.0,1.25,1.25
58,21,1,0,1.25,0.0,-1.25
58,22,1,0,1.25,0.0,-1.25
58,23,0,1,0.0,1.25,1.25
58,24,0,0,0.0,0.0,0.0
58,25,0,0,0.0,0.0,0.0
58,26,0,1,0.0,1.25,1.25
58,27,0,0,0.0,0.0,0.0
58,28,0,0,0.0,0.0,0.0
58,29,0,0,0.0,0.0,0.0
58,30,0,0,0.0,0.0,0.0
58,31,0,2,0.0,2.5,2.5
58,32,2,0,2.5,0.0,-2.5
58,33,0,0,0.0,0.0,0.0
58,34,1,2,1.25,2.5,1.25
58,35,0,0,0.0,0.0,0.0
58,36,0,0,0.0,0.0,0.0
58,37,0,0,0.0,0.0,0.0
58,38,2,0,2.5,0.0,-2.5
58,39,0,0,0.0,0.0,0.0
58,40,0,0,0.0,0.0,0.0
58,41,0,0,0.0,0.0,0.0
58,42,4,1,5.0,1.25,-3.75
58,43,0,0,0.0,0.0,0.0
58,44,1,0,1.25,0.0,-1.25
58,45,0,1,0.0,1.25,1.25
58,46,1,0,1.25,0.0,-1.25
58,47,0,1,0.0,1.25,1.25
58,48,2,0,2.5,0.0,-2.5
58,49,1,0,1.25,0.0,-1.25
58,50,0,0,0.0,0.0,0.0
58,51,0,0,0.0,0.0,0.0
58,52,0,0,0.0,0.0,0.0
58,53,0,0,0.0,0.0,0.0
58,54,0,1,0.0,1.25,1.25
58,55,0,5,0.0,6.25,6.25
58,56,0,0,0.0,0.0,0.0
58,57,1,0,1.25,0.0,-1.25
58,58,1,0,1.25,0.0,-1.25
58,59,0,1,0.0,1.25,1.25
58,60,0,0,0.0,0.0,0.0
58,61,0,0,0.0,0.0,0.0
58,62,0,0,0.0,0.0,0.0
58,63,0,0,0.0,0.0,0.0
58,64,5,0,6.25,0.0,-6.25
58,65,0,1,0.0,1.25,1.25
58,66,0,2,0.0,2.5,2.5
58,67,0,0,0.0,0.0,0.0
58,68,0,0,0.0,0.0,0.0
58,69,0,0,0.0,0.0,0.0
58,70,4,1,5.0,1.25,-3.75
58,71,0,0,0.0,0.0,0.0
58,72,0,0,0.0,0.0,0.0
58,73,3,0,3.75,0.0,-3.75
58,74,0,0,0.0,0.0,0.0
58,75,0,0,0.0,0.0,0.0
58,76,0,0,0.0,0.0,0.0
58,77,0,0,0.0,0.0,0.0
58,78,0,0,0.0,0.0,0.0
58,79,5,0,6.25,0.0,-6.25
58,80,0,0,0.0,0.0,0.0
58,81,0,0,0.0,0.0,0.0
58,82,0,0,0.0,0.0,0.0
58,83,2,0,2.5,0.0,-2.5
58,84,2,0,2.5,0.0,-2.5
58,85,0,1,0.0,1.25,1.25
58,86,0,3,0.0,3.75,3.75
58,87,3,0,3.75,0.0,-3.75
58,88,0,0,0.0,0.0,0.0
58,89,0,0,0.0,0.0,0.0
58,90,0,0,0.0,0.0,0.0
58,91,0,0,0.0,0.0,0.0
58,92,0,0,0.0,0.0,0.0
58,93,0,0,0.0,0.0,0.0
58,94,0,2,0.0,2.5,2.5
58,95,6,0,7.5,0.0,-7.5
58,96,0,0,0.0,0.0,0.0
58,97,0,0,0.0,0.0,0.0
58,98,5,0,6.25,0.0,-6.25
58,99,0,0,0.0,0.0,0.0
58,100,0,2,0.0,2.5,2.5
58,101,0,1,0.0,1.25,1.25
58,102,0,0,0.0,0.0,0.0
58,103,1,0,1.25,0.0,-1.25
58,104,0,0,0.0,0.0,0.0
58,105,0,0,0.0,0.0,0.0
58,106,1,0,1.25,0.0,-1.25
58,107,0,0,0.0,0.0,0.0
58,108,0,0,0.0,0.0,0.0
58,109,1,0,1.25,0.0,-1.25
58,110,1,0,1.25,0.0,-1.25
58,111,2,0,2.5,0.0,-2.5
58,112,1,0,1.25,0.0,-1.25
58,113,0,1,0.0,1.25,1.25
58,114,6,0,7.5,0.0,-7.5
58,115,0,0,0.0,0.0,0.0
58,116,0,0,0.0,0.0,0.0
58,117,1,0,1.25,0.0,-1.25
58,118,3,0,3.75,0.0,-3.75
58,119,0,0,0.0,0.0,0.0
58,120,2,2,2.5,2.5,0.0
58,121,1,0,1.25,0.0,-1.25
58,122,0,0,0.0,0.0,0.0
58,123,0,0,0.0,0.0,0.0
58,124,3,0,3.75,0.0,-3.75
58,125,0,1,0.0,1.25,1.25
58,126,1,0,1.25,0.0,-1.25
58,127,2,0,2.5,0.0,-2.5
58,128,1,0,1.25,0.0,-1.25
58,129,1,0,1.25,0.0,-1.25
58,130,0,0,0.0,0.0,0.0
58,131,2,0,2.5,0.0,-2.5
58,132,1,1,1.25,1.25,0.0
58,133,0,0,0.0,0.0,0.0
58,134,1,0,1.25,0.0,-1.25
59,0,1,0,1.25,0.0,-1.25
59,1,0,0,0.0,0.0,0.0
59,2,0,1,0.0,1.25,1.25
59,3,0,0,0.0,0.0,0.0
59,4,0,1,0.0,1.25,1.25
59,5,0,0,0.0,0.0,0.0
59,6,1,1,1.25,1.25,0.0
59,7,0,0,0.0,0.0,0.0
59,8,0,4,0.0,5.0,5.0
59,9,0,1,0.0,1.25,1.25
59,10,0,0,0.0,0.0,0.0
59,11,0,0,0.0,0.0,0.0
59,12,0,0,0.0,0.0,0.0
59,13,0,0,0.0,0.0,0.0
59,14,0,0,0.0,0.0,0.0
59,15,0,1,0.0,1.25,1.25
59,16,0,0,0.0,0.0,0.0
59,17,0,1,0.0,1.25,1.25
59,18,2,2,2.5,2.5,0.0
59,19,0,3,0.0,3.75,3.75
59,20,1,0,1.25,0.0,-1.25
59,21,1,0,1.25,0.0,-1.25
59,22,0,1,0.0,1.25,1.25
59,23,0,0,0.0,0.0,0.0
59,24,0,0,0.0,0.0,0.0
59,25,0,1,0.0,1.25,1.25
59,26,0,0,0.0,0.0,0.0
59,27,0,1,0.0,1.25,1.25
59,28,0,1,0.0,1.25,1.25
59,29,0,0,0.0,0.0,0.0
59,30,1,0,1.25,0.0,-1.25
59,31,1,0,1.25,0.0,-1.25
59,32,0,0,0.0,0.0,0.0
59,33,1,0,1.25,0.0,-1.25
59,34,0,2,0.0,2.5,2.5
59,35,0,0,0.0,0.0,0.0
59,36,1,0,1.25,0.0,-1.25
59,37,0,0,0.0,0.0,0.0
59,38,0,0,0.0,0.0,0.0
59,39,0,0,0.0,0.0,0.0
59,40,1,0,1.25,0.0,-1.25
59,41,0,0,0.0,0.0,0.0
59,42,0,1,0.0,1.25,1.25
59,43,0,0,0.0,0.0,0.0
59,44,1,0,1.25,0.0,-1.25
59,45,0,0,0.0,0.0,0.0
59,46,0,0,0.0,0.0,0.0
59,47,1,2,1.25,2.5,1.25
59,48,0,0,0.0,0.0,0.0
59,49,0,0,0.0,0.0,0.0
59,50,2,4,2.5,5.0,2.5
59,51,2,0,2.5,0.0,-2.5
59,52,0,0,0.0,0.0,0.0
59,53,0,0,0.0,0.0,0.0
59,54,0,3,0.0,3.75,3.75
59,55,0,3,0.0,3.75,3.75
59,56,2,2,2.5,2.5,0.0
59,57,0,0,0.0,0.0,0.0
59,58,0,1,0.0,1.25,1.25
59,59,0,2,0.0,2.5,2.5
59,60,0,0,0.0,0.0,0.0
59,61,0,0,0.0,0.0,0.0
59,62,1,0,1.25,0.0,-1.25
59,63,0,4,0.0,5.0,5.0
59,64,2,1,2.5,1.25,-1.25
59,65,1,3,1.25,3.75,2.5
59,66,0,0,0.0,0.0,0.0
59,67,0,0,0.0,0.0,0.0
59,68,0,1,0.0,1.25,1.25
59,69,0,1,0.0,1.25,1.25
59,70,0,1,0.0,1.25,1.25
59,71,0,0,0.0,0.0,0.0
59,72,0,0,0.0,0.0,0.0
59,73,0,0,0.0,0.0,0.0
59,74,0,0,0.0,0.0,0.0
59,75,0,0,0.0,0.0,0.0
59,76,0,0,0.0,0.0,0.0
59,77,0,0,0.0,0.0,0.0
59,78,0,1,0.0,1.25,1.25
59,79,0,0,0.0,0.0,0.0
59,80,0,0,0.0,0.0,0.0
59,81,0,0,0.0,0.0,0.0
59,82,0,1,0.0,1.25,1.25
59,83,1,0,1.25,0.0,-1.25
59,84,0,0,0.0,0.0,0.0
59,85,1,0,1.25,0.0,-1.25
59,86,0,0,0.0,0.0,0.0
59,87,0,0,0.0,0.0,0.0
59,88,0,0,0.0,0.0,0.0
59,89,0,0,0.0,0.0,0.0
59,90,0,1,0.0,1.25,1.25
59,91,0,0,0.0,0.0,0.0
59,92,0,0,0.0,0.0,0.0
59,93,0,3,0.0,3.75,3.75
59,94,0,0,0.0,0.0,0.0
59,95,0,2,0.0,2.5,2.5
59,96,0,0,0.0,0.0,0.0
59,97,0,0,0.0,0.0,0.0
59,98,0,1,0.0,1.25,1.25
59,99,1,0,1.25,0.0,-1.25
59,100,0,1,0.0,1.25,1.25
59,101,0,0,0.0,0.0,0.0
59,102,0,0,0.0,0.0,0.0
59,103,0,1,0.0,1.25,1.25
59,104,0,0,0.0,0.0,0.0
59,105,2,1,2.5,1.25,-1.25
59,106,0,0,0.0,0.0,0.0
59,107,0,0,0.0,0.0,0.0
59,108,0,1,0.0,1.25,1.25
59,109,1,0,1.25,0.0,-1.25
59,110,1,1,1.25,1.25,0.0
59,111,0,0,0.0,0.0,0.0
59,112,0,0,0.0,0.0,0.0
59,113,0,5,0.0,6.25,6.25
59,114,1,0,1.25,0.0,-1.25
59,115,0,0,0.0,0.0,0.0
59,116,1,0,1.25,0.0,-1.25
59,117,1,0,1.25,0.0,-1.25
59,118,0,0,0.0,0.0,0.0
59,119,0,0,0.0,0.0,0.0
59,120,0,0,0.0,0.0,0.0
59,121,0,1,0.0,1.25,1.25
59,122,1,0,1.25,0.0,-1.25
59,123,0,0,0.0,0.0,0.0
59,124,0,0,0.0,0.0,0.0
59,125,0,0,0.0,0.0,0.0
59,126,0,0,0.0,0.0,0.0
59,127,0,0,0.0,0.0,0.0
59,128,0,0,0.0,0.0,0.0
59,129,1,2,1.25,2.5,1.25
59,130,0,0,0.0,0.0,0.0
59,131,0,0,0.0,0.0,0.0
59,132,0,4,0.0,5.0,5.0
59,133,1,0,1.25,0.0,-1.25
59,134,1,0,1.25,0.0,-1.25
60,0,8,0,10.0,0.0,-10.0
60,1,7,2,8.75,2.5,-6.25
60,2,3,9,3.75,11.25,7.5
60,3,2,1,2.5,1.25,-1.25
60,4,1,10,1.25,12.5,11.25
60,5,5,1,6.25,1.25,-5.0
60,6,2,8,2.5,10.0,7.5
60,7,5,1,6.25,1.25,-5.0
60,8,2,10,2.5,12.5,10.0
60,9,0,3,0.0,3.75,3.75
60,10,1,1,1.25,1.25,0.0
60,11,9,1,11.25,1.25,-10.0
60,12,3,2,3.75,2.5,-1.25
60,13,9,4,11.25,5.0,-6.25
60,14,5,3,6.25,3.75,-2.5
60,15,5,5,6.25,6.25,0.0
60,16,7,1,8.75,1.25,-7.5
60,17,5,3,6.25,3.75,-2.5
60,18,5,9,6.25,11.25,5.0
60,19,5,12,6.25,15.0,8.75
60,20,3,4,3.75,5.0,1.25
60,21,6,4,7.5,5.0,-2.5
60,22,3,9,3.75,11.25,7.5
60,23,3,11,3.75,13.75,10.0
60,24,1,1,1.25,1.25,0.0
60,25,2,3,2.5,3.75,1.25
60,26,3,14,3.75,17.5,13.75
60,27,3,2,3.75,2.5,-1.25
60,28,5,4,6.25,5.0,-1.25
60,29,3,3,3.75,3.75,0.0
60,30,2,0,2.5,0.0,-2.5
60,31,2,1,2.5,1.25,-1.25
60,32,4,4,5.0,5.0,0.0
60,33,8,1,10.0,1.25,-8.75
60,34,7,6,8.75,7.5,-1.25
60,35,3,0,3.75,0.0,-3.75
60,36,8,0,10.0,0.0,-10.0
60,37,5,1,6.25,1.25,-5.0
60,38,1,8,1.25,10.0,8.75
60,39,7,7,8.75,8.75,0.0
60,40,4,2,5.0,2.5,-2.5
60,41,4,4,5.0,5.0,0.0
60,42,8,11,10.0,13.75,3.75
60,43,1,3,1.25,3.75,2.5
60,44,6,4,7.5,5.0,-2.5
60,45,1,2,1.25,2.5,1.25
60,46,0,2,0.0,2.5,2.5
60,47,5,6,6.25,7.5,1.25
60,48,3,3,3.75,3.75,0.0
60,49,4,4,5.0,5.0,0.0
60,50,5,6,6.25,7.5,1.25
60,51,2,1,2.5,1.25,-1.25
60,52,3,3,3.75,3.75,0.0
60,53,4,3,5.0,3.75,-1.25
60,54,3,6,3.75,7.5,3.75
60,55,8,6,10.0,7.5,-2.5
60,56,0,5,0.0,6.25,6.25
60,57,6,1,7.5,1.25,-6.25
60,58,3,2,3.75,2.5,-1.25
60,59,3,4,3.75,5.0,1.25
60,60,2,7,2.5,8.75,6.25
60,61,8,3,10.0,3.75,-6.25
60,62,3,2,3.75,2.5,-1.25
60,63,3,12,3.75,15.0,11.25
60,64,3,9,3.75,11.25,7.5
60,65,5,1,6.25,1.25,-5.0
60,66,5,3,6.25,3.75,-2.5
60,67,2,4,2.5,5.0,2.5
60,68,0,1,0.0,1.25,1.25
60,69,3,1,3.75,1.25,-2.5
60,70,0,0,0.0,0.0,0.0
60,71,4,0,5.0,0.0,-5.0
60,72,7,0,8.75,0.0,-8.75
60,73,5,9,6.25,11.25,5.0
60,74,5,0,6.25,0.0,-6.25
60,75,4,3,5.0,3.75,-1.25
60,76,0,4,0.0,5.0,5.0
60,77,0,3,0.0,3.75,3.75
60,78,7,3,8.75,3.75,-5.0
60,79,3,0,3.75,0.0,-3.75
60,80,4,0,5.0,0.0,-5.0
60,81,2,2,2.5,2.5,0.0
60,82,0,3,0.0,3.75,3.75
60,83,2,2,2.5,2.5,0.0
60,84,3,1,3.75,1.25,-2.5
60,85,6,2,7.5,2.5,-5.0
60,86,2,1,2.5,1.25,-1.25
60,87,3,1,3.75,1.25,-2.5
60,88,1,2,1.25,2.5,1.25
60,89,1,0,1.25,0.0,-1.25
60,90,6,4,7.5,5.0,-2.5
60,91,0,2,0.0,2.5,2.5
60,92,1,1,1.25,1.25,0.0
60,93,3,5,3.75,6.25,2.5
60,94,6,3,7.5,3.75,-3.75
60,95,4,4,5.0,5.0,0.0
60,96,6,0,7.5,0.0,-7.5
60,97,6,1,7.5,1.25,-6.25
60,98,4,1,5.0,1.25,-3.75
60,99,3,6,3.75,7.5,3.75
60,100,3,5,3.75,6.25,2.5
60,101,3,0,3.75,0.0,-3.75
60,102,2,0,2.5,0.0,-2.5
60,103,2,2,2.5,2.5,0.0
60,104,6,1,7.5,1.25,-6.25
60,105,7,2,8.75,2.5,-6.25
60,106,2,2,2.5,2.5,0.0
60,107,1,1,1.25,1.25,0.0
60,108,0,1,0.0,1.25,1.25
60,109,3,3,3.75,3.75,0.0
60,110,0,3,0.0,3.75,3.75
60,111,1,4,1.25,5.0,3.75
60,112,0,0,0.0,0.0,0.0
60,113,3,5,3.75,6.25,2.5
60,114,5,3,6.25,3.75,-2.5
60,115,2,3,2.5,3.75,1.25
60,116,1,1,1.25,1.25,0.0
60,117,2,5,2.5,6.25,3.75
60,118,0,2,0.0,2.5,2.5
60,119,1,1,1.25,1.25,0.0
60,120,1,0,1.25,0.0,-1.25
60,121,7,10,8.75,12.5,3.75
60,122,0,1,0.0,1.25,1.25
60,123,3,0,3.75,0.0,-3.75
60,124,1,2,1.25,2.5,1.25
60,125,1,0,1.25,0.0,-1.25
60,126,4,8,5.0,10.0,5.0
60,127,5,2,6.25,2.5,-3.75
60,128,2,1,2.5,1.25,-1.25
60,129,3,2,3.75,2.5,-1.25
60,130,2,2,2.5,2.5,0.0
60,131,1,1,1.25,1.25,0.0
60,132,0,3,0.0,3.75,3.75
60,133,2,2,2.5,2.5,0.0
60,134,1,2,1.25,2.5,1.25
61,0,0,3,0.0,3.75,3.75
61,1,0,2,0.0,2.5,2.5
61,2,0,0,0.0,0.0,0.0
61,3,0,1,0.0,1.25,1.25
61,4,2,3,2.5,3.75,1.25
61,5,1,0,1.25,0.0,-1.25
61,6,1,1,1.25,1.25,0.0
61,7,0,0,0.0,0.0,0.0
61,8,0,1,0.0,1.25,1.25
61,9,0,0,0.0,0.0,0.0
61,10,0,0,0.0,0.0,0.0
61,11,0,2,0.0,2.5,2.5
61,12,2,0,2.5,0.0,-2.5
61,13,1,2,1.25,2.5,1.25
61,14,1,1,1.25,1.25,0.0
61,15,0,0,0.0,0.0,0.0
61,16,0,0,0.0,0.0,0.0
61,17,0,0,0.0,0.0,0.0
61,18,0,0,0.0,0.0,0.0
61,19,0,0,0.0,0.0,0.0
61,20,1,1,1.25,1.25,0.0
61,21,0,0,0.0,0.0,0.0
61,22,0,1,0.0,1.25,1.25
61,23,1,1,1.25,1.25,0.0
61,24,0,0,0.0,0.0,0.0
61,25,1,0,1.25,0.0,-1.25
61,26,0,1,0.0,1.25,1.25
61,27,2,2,2.5,2.5,0.0
61,28,0,1,0.0,1.25,1.25
61,29,0,0,0.0,0.0,0.0
61,30,0,0,0.0,0.0,0.0
61,31,1,1,1.25,1.25,0.0
61,32,0,0,0.0,0.0,0.0
61,33,0,1,0.0,1.25,1.25
61,34,0,0,0.0,0.0,0.0
61,35,0,0,0.0,0.0,0.0
61,36,0,2,0.0,2.5,2.5
61,37,0,1,0.0,1.25,1.25
61,38,2,1,2.5,1.25,-1.25
61,39,3,0,3.75,0.0,-3.75
61,40,0,0,0.0,0.0,0.0
61,41,2,0,2.5,0.0,-2.5
61,42,1,3,1.25,3.75,2.5
61,43,1,0,1.25,0.0,-1.25
61,44,1,0,1.25,0.0,-1.25
61,45,2,1,2.5,1.25,-1.25
61,46,2,1,2.5,1.25,-1.25
61,47,1,1,1.25,1.25,0.0
61,48,0,1,0.0,1.25,1.25
61,49,1,1,1.25,1.25,0.0
61,50,0,1,0.0,1.25,1.25
61,51,1,2,1.25,2.5,1.25
61,52,0,0,0.0,0.0,0.0
61,53,1,0,1.25,0.0,-1.25
61,54,0,0,0.0,0.0,0.0
61,55,0,1,0.0,1.25,1.25
61,56,0,0,0.0,0.0,0.0
61,57,1,1,1.25,1.25,0.0
61,58,1,2,1.25,2.5,1.25
61,59,0,1,0.0,1.25,1.25
61,60,0,0,0.0,0.0,0.0
61,61,0,7,0.0,8.75,8.75
61,62,3,0,3.75,0.0,-3.75
61,63,0,1,0.0,1.25,1.25
61,64,0,0,0.0,0.0,0.0
61,65,1,0,1.25,0.0,-1.25
61,66,0,1,0.0,1.25,1.25
61,67,1,0,1.25,0.0,-1.25
61,68,2,2,2.5,2.5,0.0
61,69,2,0,2.5,0.0,-2.5
61,70,3,3,3.75,3.75,0.0
61,71,0,0,0.0,0.0,0.0
61,72,0,0,0.0,0.0,0.0
61,73,0,0,0.0,0.0,0.0
61,74,0,1,0.0,1.25,1.25
61,75,2,2,2.5,2.5,0.0
61,76,0,0,0.0,0.0,0.0
61,77,0,2,0.0,2.5,2.5
61,78,1,1,1.25,1.25,0.0
61,79,1,0,1.25,0.0,-1.25
61,80,1,1,1.25,1.25,0.0
61,81,1,0,1.25,0.0,-1.25
61,82,3,1,3.75,1.25,-2.5
61,83,3,2,3.75,2.5,-1.25
61,84,0,0,0.0,0.0,0.0
61,85,0,3,0.0,3.75,3.75
61,86,1,1,1.25,1.25,0.0
61,87,1,4,1.25,5.0,3.75
61,88,1,5,1.25,6.25,5.0
61,89,1,0,1.25,0.0,-1.25
61,90,3,4,3.75,5.0,1.25
61,91,0,4,0.0,5.0,5.0
61,92,1,0,1.25,0.0,-1.25
61,93,0,0,0.0,0.0,0.0
61,94,1,3,1.25,3.75,2.5
61,95,0,0,0.0,0.0,0.0
61,96,0,2,0.0,2.5,2.5
61,97,2,0,2.5,0.0,-2.5
61,98,3,2,3.75,2.5,-1.25
61,99,3,0,3.75,0.0,-3.75
61,100,2,1,2.5,1.25,-1.25
61,101,0,3,0.0,3.75,3.75
61,102,0,1,0.0,1.25,1.25
61,103,1,1,1.25,1.25,0.0
61,104,0,1,0.0,1.25,1.25
61,105,1,2,1.25,2.5,1.25
61,106,2,3,2.5,3.75,1.25
61,107,1,0,1.25,0.0,-1.25
61,108,0,0,0.0,0.0,0.0
61,109,1,3,1.25,3.75,2.5
61,110,0,1,0.0,1.25,1.25
61,111,0,0,0.0,0.0,0.0
61,112,1,3,1.25,3.75,2.5
61,113,0,0,0.0,0.0,0.0
61,114,0,2,0.0,2.5,2.5
61,115,2,2,2.5,2.5,0.0
61,116,1,0,1.25,0.0,-1.25
61,117,0,0,0.0,0.0,0.0
61,118,0,0,0.0,0.0,0.0
61,119,0,0,0.0,0.0,0.0
61,120,1,0,1.25,0.0,-1.25
61,121,3,1,3.75,1.25,-2.5
61,122,0,3,0.0,3.75,3.75
61,123,3,1,3.75,1.25,-2.5
61,124,4,2,5.0,2.5,-2.5
61,125,0,1,0.0,1.25,1.25
61,126,1,0,1.25,0.0,-1.25
61,127,0,2,0.0,2.5,2.5
61,128,4,3,5.0,3.75,-1.25
61,129,1,2,1.25,2.5,1.25
61,130,4,0,5.0,0.0,-5.0
61,131,3,2,3.75,2.5,-1.25
61,132,0,0,0.0,0.0,0.0
61,133,4,3,5.0,3.75,-1.25
61,134,0,3,0.0,3.75,3.75
62,0,6,13,7.5,16.25,8.75
62,1,5,5,6.25,6.25,0.0
62,2,6,9,7.5,11.25,3.75
62,3,4,1,5.0,1.25,-3.75
62,4,7,12,8.75,15.0,6.25
62,5,12,1,15.0,1.25,-13.75
62,6,4,6,5.0,7.5,2.5
62,7,7,4,8.75,5.0,-3.75
62,8,4,8,5.0,10.0,5.0
62,9,10,8,12.5,10.0,-2.5
62,10,10,7,12.5,8.75,-3.75
62,11,11,9,13.75,11.25,-2.5
62,12,9,9,11.25,11.25,0.0
62,13,7,8,8.75,10.0,1.25
62,14,1,9,1.25,11.25,10.0
62,15,6,5,7.5,6.25,-1.25
62,16,6,13,7.5,16.25,8.75
62,17,5,10,6.25,12.5,6.25
62,18,7,8,8.75,10.0,1.25
62,19,1,5,1.25,6.25,5.0
62,20,0,4,0.0,5.0,5.0
62,21,9,10,11.25,12.5,1.25
62,22,1,5,1.25,6.25,5.0
62,23,9,9,11.25,11.25,0.0
62,24,11,7,13.75,8.75,-5.0
62,25,2,8,2.5,10.0,7.5
62,26,4,6,5.0,7.5,2.5
62,27,3,0,3.75,0.0,-3.75
62,28,10,8,12.5,10.0,-2.5
62,29,8,6,10.0,7.5,-2.5
62,30,6,2,7.5,2.5,-5.0
62,31,6,10,7.5,12.5,5.0
62,32,4,3,5.0,3.75,-1.25
62,33,5,2,6.25,2.5,-3.75
62,34,1,7,1.25,8.75,7.5
62,35,2,10,2.5,12.5,10.0
62,36,1,5,1.25,6.25,5.0
62,37,9,3,11.25,3.75,-7.5
62,38,6,12,7.5,15.0,7.5
62,39,5,6,6.25,7.5,1.25
62,40,8,7,10.0,8.75,-1.25
62,41,6,3,7.5,3.75,-3.75
62,42,3,6,3.75,7.5,3.75
62,43,7,3,8.75,3.75,-5.0
62,44,3,4,3.75,5.0,1.25
62,45,1,8,1.25,10.0,8.75
62,46,6,5,7.5,6.25,-1.25
62,47,3,4,3.75,5.0,1.25
62,48,5,1,6.25,1.25,-5.0
62,49,5,5,6.25,6.25,0.0
62,50,5,10,6.25,12.5,6.25
62,51,4,7,5.0,8.75,3.75
62,52,3,11,3.75,13.75,10.0
62,53,3,6,3.75,7.5,3.75
62,54,2,6,2.5,7.5,5.0
62,55,7,2,8.75,2.5,-6.25
62,56,4,9,5.0,11.25,6.25
62,57,8,1,10.0,1.25,-8.75
62,58,3,6,3.75,7.5,3.75
62,59,2,4,2.5,5.0,2.5
62,60,4,9,5.0,11.25,6.25
62,61,1,3,1.25,3.75,2.5
62,62,12,5,15.0,6.25,-8.75
62,63,0,3,0.0,3.75,3.75
62,64,5,4,6.25,5.0,-1.25
62,65,4,3,5.0,3.75,-1.25
62,66,0,2,0.0,2.5,2.5
62,67,4,6,5.0,7.5,2.5
62,68,10,9,12.5,11.25,-1.25
62,69,1,6,1.25,7.5,6.25
62,70,5,6,6.25,7.5,1.25
62,71,9,7,11.25,8.75,-2.5
62,72,7,6,8.75,7.5,-1.25
62,73,4,4,5.0,5.0,0.0
62,74,6,9,7.5,11.25,3.75
62,75,9,2,11.25,2.5,-8.75
62,76,7,6,8.75,7.5,-1.25
62,77,4,3,5.0,3.75,-1.25
62,78,12,1,15.0,1.25,-13.75
62,79,1,2,1.25,2.5,1.25
62,80,11,5,13.75,6.25,-7.5
62,81,13,4,16.25,5.0,-11.25
62,82,9,10,11.25,12.5,1.25
62,83,7,1,8.75,1.25,-7.5
62,84,0,4,0.0,5.0,5.0
62,85,9,9,11.25,11.25,0.0
62,86,2,2,2.5,2.5,0.0
62,87,7,0,8.75,0.0,-8.75
62,88,0,1,0.0,1.25,1.25
62,89,4,9,5.0,11.25,6.25
62,90,3,3,3.75,3.75,0.0
62,91,7,11,8.75,13.75,5.0
62,92,6,4,7.5,5.0,-2.5
62,93,3,6,3.75,7.5,3.75
62,94,4,6,5.0,7.5,2.5
62,95,13,7,16.25,8.75,-7.5
62,96,12,4,15.0,5.0,-10.0
62,97,12,7,15.0,8.75,-6.25
62,98,10,6,12.5,7.5,-5.0
62,99,3,2,3.75,2.5,-1.25
62,100,8,5,10.0,6.25,-3.75
62,101,3,4,3.75,5.0,1.25
62,102,7,8,8.75,10.0,1.25
62,103,6,2,7.5,2.5,-5.0
62,104,2,5,2.5,6.25,3.75
62,105,5,7,6.25,8.75,2.5
62,106,3,5,3.75,6.25,2.5
62,107,1,5,1.25,6.25,5.0
62,108,5,1,6.25,1.25,-5.0
62,109,7,5,8.75,6.25,-2.5
62,110,10,13,12.5,16.25,3.75
62,111,8,3,10.0,3.75,-6.25
62,112,1,5,1.25,6.25,5.0
62,113,1,4,1.25,5.0,3.75
62,114,5,6,6.25,7.5,1.25
62,115,6,7,7.5,8.75,1.25
62,116,6,1,7.5,1.25,-6.25
62,117,0,5,0.0,6.25,6.25
62,118,2,0,2.5,0.0,-2.5
62,119,3,9,3.75,11.25,7.5
62,120,1,2,1.25,2.5,1.25
62,121,9,9,11.25,11.25,0.0
62,122,10,5,12.5,6.25,-6.25
62,123,8,6,10.0,7.5,-2.5
62,124,9,9,11.25,11.25,0.0
62,125,12,5,15.0,6.25,-8.75
62,126,8,5,10.0,6.25,-3.75
62,127,6,5,7.5,6.25,-1.25
62,128,7,5,8.75,6.25,-2.5
62,129,1,4,1.25,5.0,3.75
62,130,4,1,5.0,1.25,-3.75
62,131,1,5,1.25,6.25,5.0
62,132,3,3,3.75,3.75,0.0
62,133,3,0,3.75,0.0,-3.75
62,134,6,10,7.5,12.5,5.0
63,0,11,8,13.75,10.0,-3.75
63,1,5,2,6.25,2.5,-3.75
63,2,3,9,3.75,11.25,7.5
63,3,11,4,13.75,5.0,-8.75
63,4,9,10,11.25,12.5,1.25
63,5,3,9,3.75,11.25,7.5
63,6,3,3,3.75,3.75,0.0
63,7,10,10,12.5,12.5,0.0
63,8,7,9,8.75,11.25,2.5
63,9,8,13,10.0,16.25,6.25
63,10,7,14,8.75,17.5,8.75
63,11,5,5,6.25,6.25,0.0
63,12,5,6,6.25,7.5,1.25
63,13,5,10,6.25,12.5,6.25
63,14,6,7,7.5,8.75,1.25
63,15,13,12,16.25,15.0,-1.25
63,16,3,7,3.75,8.75,5.0
63,17,9,5,11.25,6.25,-5.0
63,18,9,10,11.25,12.5,1.25
63,19,6,7,7.5,8.75,1.25
63,20,6,4,7.5,5.0,-2.5
63,21,5,7,6.25,8.75,2.5
63,22,10,8,12.5,10.0,-2.5
63,23,11,15,13.75,18.75,5.0
63,24,4,13,5.0,16.25,11.25
63,25,3,7,3.75,8.75,5.0
63,26,7,4,8.75,5.0,-3.75
63,27,5,11,6.25,13.75,7.5
63,28,7,4,8.75,5.0,-3.75
63,29,5,13,6.25,16.25,10.0
63,30,6,7,7.5,8.75,1.25
63,31,16,4,20.0,5.0,-15.0
63,32,5,6,6.25,7.5,1.25
63,33,11,8,13.75,10.0,-3.75
63,34,7,5,8.75,6.25,-2.5
63,35,11,10,13.75,12.5,-1.25
63,36,4,15,5.0,18.75,13.75
63,37,7,5,8.75,6.25,-2.5
63,38,2,8,2.5,10.0,7.5
63,39,10,6,12.5,7.5,-5.0
63,40,4,7,5.0,8.75,3.75
63,41,9,12,11.25,15.0,3.75
63,42,6,5,7.5,6.25,-1.25
63,43,8,11,10.0,13.75,3.75
63,44,8,6,10.0,7.5,-2.5
63,45,7,11,8.75,13.75,5.0
63,46,6,10,7.5,12.5,5.0
63,47,10,10,12.5,12.5,0.0
63,48,5,16,6.25,20.0,13.75
63,49,8,11,10.0,13.75,3.75
63,50,9,8,11.25,10.0,-1.25
63,51,8,7,10.0,8.75,-1.25
63,52,9,8,11.25,10.0,-1.25
63,53,8,10,10.0,12.5,2.5
63,54,7,5,8.75,6.25,-2.5
63,55,8,4,10.0,5.0,-5.0
63,56,9,3,11.25,3.75,-7.5
63,57,9,6,11.25,7.5,-3.75
63,58,4,5,5.0,6.25,1.25
63,59,10,8,12.5,10.0,-2.5
63,60,9,10,11.25,12.5,1.25
63,61,8,5,10.0,6.25,-3.75
63,62,7,6,8.75,7.5,-1.25
63,63,6,5,7.5,6.25,-1.25
63,64,9,4,11.25,5.0,-6.25
63,65,11,4,13.75,5.0,-8.75
63,66,9,13,11.25,16.25,5.0
63,67,2,11,2.5,13.75,11.25
63,68,4,8,5.0,10.0,5.0
63,69,5,14,6.25,17.5,11.25
63,70,11,10,13.75,12.5,-1.25
63,71,10,8,12.5,10.0,-2.5
63,72,9,5,11.25,6.25,-5.0
63,73,11,7,13.75,8.75,-5.0
63,74,8,4,10.0,5.0,-5.0
63,75,6,9,7.5,11.25,3.75
63,76,13,11,16.25,13.75,-2.5
63,77,8,5,10.0,6.25,-3.75
63,78,10,9,12.5,11.25,-1.25
63,79,5,9,6.25,11.25,5.0
63,80,9,7,11.25,8.75,-2.5
63,81,8,7,10.0,8.75,-1.25
63,82,9,16,11.25,20.0,8.75
63,83,8,8,10.0,10.0,0.0
63,84,9,7,11.25,8.75,-2.5
63,85,10,7,12.5,8.75,-3.75
63,86,10,14,12.5,17.5,5.0
63,87,11,2,13.75,2.5,-11.25
63,88,9,7,11.25,8.75,-2.5
63,89,12,6,15.0,7.5,-7.5
63,90,5,4,6.25,5.0,-1.25
63,91,4,7,5.0,8.75,3.75
63,92,9,10,11.25,12.5,1.25
63,93,6,14,7.5,17.5,10.0
63,94,11,7,13.75,8.75,-5.0
63,95,9,4,11.25,5.0,-6.25
63,96,8,9,10.0,11.25,1.25
63,97,2,9,2.5,11.25,8.75
63,98,7,13,8.75,16.25,7.5
63,99,9,6,11.25,7.5,-3.75
63,100,8,12,10.0,15.0,5.0
63,101,9,9,11.25,11.25,0.0
63,102,9,6,11.25,7.5,-3.75
63,103,6,6,7.5,7.5,0.0
63,104,9,7,11.25,8.75,-2.5
63,105,10,9,12.5,11.25,-1.25
63,106,7,6,8.75,7.5,-1.25
63,107,10,11,12.5,13.75,1.25
63,108,5,5,6.25,6.25,0.0
63,109,9,9,11.25,11.25,0.0
63,110,8,2,10.0,2.5,-7.5
63,111,10,7,12.5,8.75,-3.75
63,112,9,7,11.25,8.75,-2.5
63,113,7,7,8.75,8.75,0.0
63,114,5,6,6.25,7.5,1.25
63,115,12,4,15.0,5.0,-10.0
63,116,6,4,7.5,5.0,-2.5
63,117,10,8,12.5,10.0,-2.5
63,118,7,13,8.75,16.25,7.5
63,119,7,7,8.75,8.75,0.0
63,120,10,10,12.5,12.5,0.0
63,121,9,2,11.25,2.5,-8.75
63,122,11,5,13.75,6.25,-7.5
63,123,10,13,12.5,16.25,3.75
63,124,5,14,6.25,17.5,11.25
63,125,8,11,10.0,13.75,3.75
63,126,5,13,6.25,16.25,10.0
63,127,5,10,6.25,12.5,6.25
63,128,8,8,10.0,10.0,0.0
63,129,11,7,13.75,8.75,-5.0
63,130,6,10,7.5,12.5,5.0
63,131,9,11,11.25,13.75,2.5
63,132,8,11,10.0,13.75,3.75
63,133,4,2,5.0,2.5,-2.5
63,134,9,10,11.25,12.5,1.25
64,0,0,2,0.0,2.5,2.5
64,1,0,1,0.0,1.25,1.25
64,2,0,0,0.0,0.0,0.0
64,3,1,0,1.25,0.0,-1.25
64,4,1,0,1.25,0.0,-1.25
64,5,0,1,0.0,1.25,1.25
64,6,0,0,0.0,0.0,0.0
64,7,0,0,0.0,0.0,0.0
64,8,0,0,0.0,0.0,0.0
64,9,0,0,0.0,0.0,0.0
64,10,0,1,0.0,1.25,1.25
64,11,0,1,0.0,1.25,1.25
64,12,0,0,0.0,0.0,0.0
64,13,1,0,1.25,0.0,-1.25
64,14,1,0,1.25,0.0,-1.25
64,15,0,0,0.0,0.0,0.0
64,16,0,0,0.0,0.0,0.0
64,17,1,0,1.25,0.0,-1.25
64,18,0,0,0.0,0.0,0.0
64,19,1,0,1.25,0.0,-1.25
64,20,1,0,1.25,0.0,-1.25
64,21,1,1,1.25,1.25,0.0
64,22,0,0,0.0,0.0,0.0
64,23,0,1,0.0,1.25,1.25
64,24,0,0,0.0,0.0,0.0
64,25,0,0,0.0,0.0,0.0
64,26,0,1,0.0,1.25,1.25
64,27,0,1,0.0,1.25,1.25
64,28,0,0,0.0,0.0,0.0
64,29,0,0,0.0,0.0,0.0
64,30,0,0,0.0,0.0,0.0
64,31,1,1,1.25,1.25,0.0
64,32,0,1,0.0,1.25,1.25
64,33,0,1,0.0,1.25,1.25
64,34,0,0,0.0,0.0,0.0
64,35,0,2,0.0,2.5,2.5
64,36,1,0,1.25,0.0,-1.25
64,37,0,0,0.0,0.0,0.0
64,38,0,1,0.0,1.25,1.25
64,39,0,0,0.0,0.0,0.0
64,40,0,0,0.0,0.0,0.0
64,41,0,1,0.0,1.25,1.25
64,42,1,3,1.25,3.75,2.5
64,43,0,1,0.0,1.25,1.25
64,44,2,1,2.5,1.25,-1.25
64,45,0,1,0.0,1.25,1.25
64,46,1,0,1.25,0.0,-1.25
64,47,1,0,1.25,0.0,-1.25
64,48,0,2,0.0,2.5,2.5
64,49,0,0,0.0,0.0,0.0
64,50,0,0,0.0,0.0,0.0
64,51,0,1,0.0,1.25,1.25
64,52,0,0,0.0,0.0,0.0
64,53,5,0,6.25,0.0,-6.25
64,54,0,0,0.0,0.0,0.0
64,55,1,1,1.25,1.25,0.0
64,56,0,0,0.0,0.0,0.0
64,57,2,0,2.5,0.0,-2.5
64,58,0,2,0.0,2.5,2.5
64,59,0,1,0.0,1.25,1.25
64,60,0,0,0.0,0.0,0.0
64,61,1,4,1.25,5.0,3.75
64,62,0,0,0.0,0.0,0.0
64,63,0,1,0.0,1.25,1.25
64,64,1,1,1.25,1.25,0.0
64,65,0,1,0.0,1.25,1.25
64,66,0,1,0.0,1.25,1.25
64,67,1,3,1.25,3.75,2.5
64,68,3,0,3.75,0.0,-3.75
64,69,0,0,0.0,0.0,0.0
64,70,3,2,3.75,2.5,-1.25
64,71,0,0,0.0,0.0,0.0
64,72,1,1,1.25,1.25,0.0
64,73,1,0,1.25,0.0,-1.25
64,74,1,0,1.25,0.0,-1.25
64,75,3,2,3.75,2.5,-1.25
64,76,0,0,0.0,0.0,0.0
64,77,0,2,0.0,2.5,2.5
64,78,1,1,1.25,1.25,0.0
64,79,1,0,1.25,0.0,-1.25
64,80,0,3,0.0,3.75,3.75
64,81,0,0,0.0,0.0,0.0
64,82,2,0,2.5,0.0,-2.5
64,83,1,1,1.25,1.25,0.0
64,84,3,0,3.75,0.0,-3.75
64,85,0,1,0.0,1.25,1.25
64,86,1,4,1.25,5.0,3.75
64,87,1,3,1.25,3.75,2.5
64,88,0,4,0.0,5.0,5.0
64,89,3,0,3.75,0.0,-3.75
64,90,0,5,0.0,6.25,6.25
64,91,1,3,1.25,3.75,2.5
64,92,1,1,1.25,1.25,0.0
64,93,1,0,1.25,0.0,-1.25
64,94,2,6,2.5,7.5,5.0
64,95,0,0,0.0,0.0,0.0
64,96,0,1,0.0,1.25,1.25
64,97,1,0,1.25,0.0,-1.25
64,98,0,2,0.0,2.5,2.5
64,99,2,0,2.5,0.0,-2.5
64,100,3,1,3.75,1.25,-2.5
64,101,1,1,1.25,1.25,0.0
64,102,0,1,0.0,1.25,1.25
64,103,2,0,2.5,0.0,-2.5
64,104,0,2,0.0,2.5,2.5
64,105,1,3,1.25,3.75,2.5
64,106,0,0,0.0,0.0,0.0
64,107,1,0,1.25,0.0,-1.25
64,108,0,1,0.0,1.25,1.25
64,109,0,1,0.0,1.25,1.25
64,110,0,1,0.0,1.25,1.25
64,111,0,0,0.0,0.0,0.0
64,112,2,3,2.5,3.75,1.25
64,113,0,0,0.0,0.0,0.0
64,114,0,5,0.0,6.25,6.25
64,115,0,0,0.0,0.0,0.0
64,116,1,0,1.25,0.0,-1.25
64,117,2,2,2.5,2.5,0.0
64,118,1,0,1.25,0.0,-1.25
64,119,0,2,0.0,2.5,2.5
64,120,0,0,0.0,0.0,0.0
64,121,1,2,1.25,2.5,1.25
64,122,0,0,0.0,0.0,0.0
64,123,2,0,2.5,0.0,-2.5
64,124,1,0,1.25,0.0,-1.25
64,125,0,1,0.0,1.25,1.25
64,126,1,0,1.25,0.0,-1.25
64,127,0,1,0.0,1.25,1.25
64,128,1,1,1.25,1.25,0.0
64,129,2,1,2.5,1.25,-1.25
64,130,5,0,6.25,0.0,-6.25
64,131,1,0,1.25,0.0,-1.25
64,132,1,0,1.25,0.0,-1.25
64,133,0,0,0.0,0.0,0.0
64,134,0,1,0.0,1.25,1.25
65,0,0,3,0.0,3.75,3.75
65,1,0,0,0.0,0.0,0.0
65,2,0,0,0.0,0.0,0.0
65,3,0,1,0.0,1.25,1.25
65,4,1,1,1.25,1.25,0.0
65,5,0,0,0.0,0.0,0.0
65,6,1,1,1.25,1.25,0.0
65,7,0,1,0.0,1.25,1.25
65,8,0,1,0.0,1.25,1.25
65,9,0,1,0.0,1.25,1.25
65,10,0,0,0.0,0.0,0.0
65,11,0,2,0.0,2.5,2.5
65,12,1,0,1.25,0.0,-1.25
65,13,0,0,0.0,0.0,0.0
65,14,0,1,0.0,1.25,1.25
65,15,0,0,0.0,0.0,0.0
65,16,0,0,0.0,0.0,0.0
65,17,0,1,0.0,1.25,1.25
65,18,0,1,0.0,1.25,1.25
65,19,0,1,0.0,1.25,1.25
65,20,1,1,1.25,1.25,0.0
65,21,2,0,2.5,0.0,-2.5
65,22,0,1,0.0,1.25,1.25
65,23,0,1,0.0,1.25,1.25
65,24,0,0,0.0,0.0,0.0
65,25,2,1,2.5,1.25,-1.25
65,26,1,0,1.25,0.0,-1.25
65,27,3,0,3.75,0.0,-3.75
65,28,0,0,0.0,0.0,0.0
65,29,1,0,1.25,0.0,-1.25
65,30,0,0,0.0,0.0,0.0
65,31,0,1,0.0,1.25,1.25
65,32,1,0,1.25,0.0,-1.25
65,33,0,0,0.0,0.0,0.0
65,34,0,3,0.0,3.75,3.75
65,35,0,1,0.0,1.25,1.25
65,36,0,0,0.0,0.0,0.0
65,37,0,0,0.0,0.0,0.0
65,38,1,0,1.25,0.0,-1.25
65,39,1,2,1.25,2.5,1.25
65,40,0,0,0.0,0.0,0.0
65,41,0,2,0.0,2.5,2.5
65,42,2,1,2.5,1.25,-1.25
65,43,1,0,1.25,0.0,-1.25
65,44,0,4,0.0,5.0,5.0
65,45,0,0,0.0,0.0,0.0
65,46,1,0,1.25,0.0,-1.25
65,47,0,0,0.0,0.0,0.0
65,48,0,1,0.0,1.25,1.25
65,49,0,1,0.0,1.25,1.25
65,50,0,0,0.0,0.0,0.0
65,51,1,1,1.25,1.25,0.0
65,52,0,2,0.0,2.5,2.5
65,53,0,0,0.0,0.0,0.0
65,54,0,0,0.0,0.0,0.0
65,55,0,0,0.0,0.0,0.0
65,56,0,0,0.0,0.0,0.0
65,57,0,0,0.0,0.0,0.0
65,58,1,3,1.25,3.75,2.5
65,59,0,0,0.0,0.0,0.0
65,60,0,0,0.0,0.0,0.0
65,61,3,1,3.75,1.25,-2.5
65,62,0,0,0.0,0.0,0.0
65,63,0,0,0.0,0.0,0.0
65,64,0,0,0.0,0.0,0.0
65,65,1,1,1.25,1.25,0.0
65,66,0,0,0.0,0.0,0.0
65,67,0,0,0.0,0.0,0.0
65,68,0,1,0.0,1.25,1.25
65,69,0,0,0.0,0.0,0.0
65,70,2,2,2.5,2.5,0.0
65,71,0,0,0.0,0.0,0.0
65,72,0,0,0.0,0.0,0.0
65,73,1,0,1.25,0.0,-1.25
65,74,1,0,1.25,0.0,-1.25
65,75,0,0,0.0,0.0,0.0
65,76,0,0,0.0,0.0,0.0
65,77,0,0,0.0,0.0,0.0
65,78,0,0,0.0,0.0,0.0
65,79,1,0,1.25,0.0,-1.25
65,80,0,0,0.0,0.0,0.0
65,81,1,0,1.25,0.0,-1.25
65,82,0,0,0.0,0.0,0.0
65,83,0,0,0.0,0.0,0.0
65,84,1,2,1.25,2.5,1.25
65,85,0,1,0.0,1.25,1.25
65,86,0,1,0.0,1.25,1.25
65,87,3,6,3.75,7.5,3.75
65,88,0,0,0.0,0.0,0.0
65,89,1,0,1.25,0.0,-1.25
65,90,2,1,2.5,1.25,-1.25
65,91,2,0,2.5,0.0,-2.5
65,92,0,1,0.0,1.25,1.25
65,93,0,0,0.0,0.0,0.0
65,94,0,0,0.0,0.0,0.0
65,95,2,2,2.5,2.5,0.0
65,96,0,0,0.0,0.0,0.0
65,97,0,1,0.0,1.25,1.25
65,98,1,0,1.25,0.0,-1.25
65,99,0,0,0.0,0.0,0.0
65,100,0,0,0.0,0.0,0.0
65,101,0,0,0.0,0.0,0.0
65,102,1,0,1.25,0.0,-1.25
65,103,2,0,2.5,0.0,-2.5
65,104,0,0,0.0,0.0,0.0
65,105,3,4,3.75,5.0,1.25
65,106,0,0,0.0,0.0,0.0
65,107,0,0,0.0,0.0,0.0
65,108,2,1,2.5,1.25,-1.25
65,109,1,0,1.25,0.0,-1.25
65,110,0,0,0.0,0.0,0.0
65,111,1,0,1.25,0.0,-1.25
65,112,1,0,1.25,0.0,-1.25
65,113,0,0,0.0,0.0,0.0
65,114,0,0,0.0,0.0,0.0
65,115,0,0,0.0,0.0,0.0
65,116,0,0,0.0,0.0,0.0
65,117,0,0,0.0,0.0,0.0
65,118,0,0,0.0,0.0,0.0
65,119,0,2,0.0,2.5,2.5
65,120,0,1,0.0,1.25,1.25
65,121,1,1,1.25,1.25,0.0
65,122,2,0,2.5,0.0,-2.5
65,123,0,1,0.0,1.25,1.25
65,124,1,0,1.25,0.0,-1.25
65,125,0,0,0.0,0.0,0.0
65,126,0,0,0.0,0.0,0.0
65,127,1,0,1.25,0.0,-1.25
65,128,0,0,0.0,0.0,0.0
65,129,1,0,1.25,0.0,-1.25
65,130,0,0,0.0,0.0,0.0
65,131,3,0,3.75,0.0,-3.75
65,132,0,1,0.0,1.25,1.25
65,133,3,3,3.75,3.75,0.0
65,134,1,1,1.25,1.25,0.0
66,0,0,1,0.0,1.25,1.25
66,1,0,0,0.0,0.0,0.0
66,2,0,1,0.0,1.25,1.25
66,3,0,0,0.0,0.0,0.0
66,4,0,2,0.0,2.5,2.5
66,5,0,1,0.0,1.25,1.25
66,6,2,1,2.5,1.25,-1.25
66,7,1,0,1.25,0.0,-1.25
66,8,0,0,0.0,0.0,0.0
66,9,0,0,0.0,0.0,0.0
66,10,0,2,0.0,2.5,2.5
66,11,0,0,0.0,0.0,0.0
66,12,1,0,1.25,0.0,-1.25
66,13,1,1,1.25,1.25,0.0
66,14,0,0,0.0,0.0,0.0
66,15,0,0,0.0,0.0,0.0
66,16,0,0,0.0,0.0,0.0
66,17,0,0,0.0,0.0,0.0
66,18,0,0,0.0,0.0,0.0
66,19,0,1,0.0,1.25,1.25
66,20,2,0,2.5,0.0,-2.5
66,21,2,1,2.5,1.25,-1.25
66,22,0,1,0.0,1.25,1.25
66,23,0,1,0.0,1.25,1.25
66,24,2,0,2.5,0.0,-2.5
66,25,1,1,1.25,1.25,0.0
66,26,2,0,2.5,0.0,-2.5
66,27,1,0,1.25,0.0,-1.25
66,28,1,0,1.25,0.0,-1.25
66,29,0,0,0.0,0.0,0.0
66,30,0,0,0.0,0.0,0.0
66,31,0,1,0.0,1.25,1.25
66,32,0,0,0.0,0.0,0.0
66,33,0,1,0.0,1.25,1.25
66,34,0,5,0.0,6.25,6.25
66,35,0,0,0.0,0.0,0.0
66,36,1,1,1.25,1.25,0.0
66,37,0,1,0.0,1.25,1.25
66,38,1,0,1.25,0.0,-1.25
66,39,2,2,2.5,2.5,0.0
66,40,8,1,10.0,1.25,-8.75
66,41,4,2,5.0,2.5,-2.5
66,42,0,2,0.0,2.5,2.5
66,43,2,1,2.5,1.25,-1.25
66,44,1,3,1.25,3.75,2.5
66,45,0,0,0.0,0.0,0.0
66,46,4,1,5.0,1.25,-3.75
66,47,1,1,1.25,1.25,0.0
66,48,1,2,1.25,2.5,1.25
66,49,1,1,1.25,1.25,0.0
66,50,0,3,0.0,3.75,3.75
66,51,0,0,0.0,0.0,0.0
66,52,1,0,1.25,0.0,-1.25
66,53,0,0,0.0,0.0,0.0
66,54,0,2,0.0,2.5,2.5
66,55,0,2,0.0,2.5,2.5
66,56,0,1,0.0,1.25,1.25
66,57,0,0,0.0,0.0,0.0
66,58,1,1,1.25,1.25,0.0
66,59,0,0,0.0,0.0,0.0
66,60,3,0,3.75,0.0,-3.75
66,61,1,2,1.25,2.5,1.25
66,62,0,0,0.0,0.0,0.0
66,63,0,0,0.0,0.0,0.0
66,64,2,4,2.5,5.0,2.5
66,65,0,0,0.0,0.0,0.0
66,66,0,0,0.0,0.0,0.0
66,67,1,1,1.25,1.25,0.0
66,68,0,0,0.0,0.0,0.0
66,69,1,1,1.25,1.25,0.0
66,70,3,1,3.75,1.25,-2.5
66,71,0,1,0.0,1.25,1.25
66,72,4,2,5.0,2.5,-2.5
66,73,0,2,0.0,2.5,2.5
66,74,0,0,0.0,0.0,0.0
66,75,0,0,0.0,0.0,0.0
66,76,0,2,0.0,2.5,2.5
66,77,2,0,2.5,0.0,-2.5
66,78,0,3,0.0,3.75,3.75
66,79,2,4,2.5,5.0,2.5
66,80,2,0,2.5,0.0,-2.5
66,81,0,1,0.0,1.25,1.25
66,82,0,0,0.0,0.0,0.0
66,83,1,1,1.25,1.25,0.0
66,84,1,3,1.25,3.75,2.5
66,85,3,0,3.75,0.0,-3.75
66,86,4,1,5.0,1.25,-3.75
66,87,2,1,2.5,1.25,-1.25
66,88,2,2,2.5,2.5,0.0
66,89,1,2,1.25,2.5,1.25
66,90,0,2,0.0,2.5,2.5
66,91,1,2,1.25,2.5,1.25
66,92,0,1,0.0,1.25,1.25
66,93,0,2,0.0,2.5,2.5
66,94,2,1,2.5,1.25,-1.25
66,95,1,1,1.25,1.25,0.0
66,96,0,1,0.0,1.25,1.25
66,97,0,0,0.0,0.0,0.0
66,98,0,1,0.0,1.25,1.25
66,99,0,1,0.0,1.25,1.25
66,100,4,3,5.0,3.75,-1.25
66,101,1,1,1.25,1.25,0.0
66,102,2,1,2.5,1.25,-1.25
66,103,1,1,1.25,1.25,0.0
66,104,2,0,2.5,0.0,-2.5
66,105,1,5,1.25,6.25,5.0
66,106,1,1,1.25,1.25,0.0
66,107,0,2,0.0,2.5,2.5
66,108,1,3,1.25,3.75,2.5
66,109,3,3,3.75,3.75,0.0
66,110,1,1,1.25,1.25,0.0
66,111,0,2,0.0,2.5,2.5
66,112,1,0,1.25,0.0,-1.25
66,113,3,2,3.75,2.5,-1.25
66,114,0,1,0.0,1.25,1.25
66,115,0,1,0.0,1.25,1.25
66,116,1,1,1.25,1.25,0.0
66,117,1,0,1.25,0.0,-1.25
66,118,0,1,0.0,1.25,1.25
66,119,0,0,0.0,0.0,0.0
66,120,0,1,0.0,1.25,1.25
66,121,1,2,1.25,2.5,1.25
66,122,2,0,2.5,0.0,-2.5
66,123,0,1,0.0,1.25,1.25
66,124,1,0,1.25,0.0,-1.25
66,125,0,1,0.0,1.25,1.25
66,126,1,0,1.25,0.0,-1.25
66,127,2,0,2.5,0.0,-2.5
66,128,1,0,1.25,0.0,-1.25
66,129,2,0,2.5,0.0,-2.5
66,130,0,0,0.0,0.0,0.0
66,131,2,0,2.5,0.0,-2.5
66,132,0,0,0.0,0.0,0.0
66,133,0,0,0.0,0.0,0.0
66,134,1,0,1.25,0.0,-1.25
67,0,0,3,0.0,3.75,3.75
67,1,0,2,0.0,2.5,2.5
67,2,0,2,0.0,2.5,2.5
67,3,1,0,1.25,0.0,-1.25
67,4,1,1,1.25,1.25,0.0
67,5,1,1,1.25,1.25,0.0
67,6,1,1,1.25,1.25,0.0
67,7,2,0,2.5,0.0,-2.5
67,8,0,3,0.0,3.75,3.75
67,9,0,1,0.0,1.25,1.25
67,10,0,0,0.0,0.0,0.0
67,11,0,4,0.0,5.0,5.0
67,12,4,0,5.0,0.0,-5.0
67,13,1,1,1.25,1.25,0.0
67,14,2,3,2.5,3.75,1.25
67,15,0,0,0.0,0.0,0.0
67,16,0,1,0.0,1.25,1.25
67,17,0,0,0.0,0.0,0.0
67,18,1,0,1.25,0.0,-1.25
67,19,0,0,0.0,0.0,0.0
67,20,2,0,2.5,0.0,-2.5
67,21,1,1,1.25,1.25,0.0
67,22,0,0,0.0,0.0,0.0
67,23,1,2,1.25,2.5,1.25
67,24,0,1,0.0,1.25,1.25
67,25,1,0,1.25,0.0,-1.25
67,26,1,0,1.25,0.0,-1.25
67,27,1,1,1.25,1.25,0.0
67,28,1,0,1.25,0.0,-1.25
67,29,0,0,0.0,0.0,0.0
67,30,0,0,0.0,0.0,0.0
67,31,0,1,0.0,1.25,1.25
67,32,0,0,0.0,0.0,0.0
67,33,0,2,0.0,2.5,2.5
67,34,1,0,1.25,0.0,-1.25
67,35,0,1,0.0,1.25,1.25
67,36,3,1,3.75,1.25,-2.5
67,37,0,1,0.0,1.25,1.25
67,38,3,1,3.75,1.25,-2.5
67,39,2,0,2.5,0.0,-2.5
67,40,0,0,0.0,0.0,0.0
67,41,1,0,1.25,0.0,-1.25
67,42,1,4,1.25,5.0,3.75
67,43,0,1,0.0,1.25,1.25
67,44,1,2,1.25,2.5,1.25
67,45,0,1,0.0,1.25,1.25
67,46,1,1,1.25,1.25,0.0
67,47,0,0,0.0,0.0,0.0
67,48,1,2,1.25,2.5,1.25
67,49,1,2,1.25,2.5,1.25
67,50,0,0,0.0,0.0,0.0
67,51,0,2,0.0,2.5,2.5
67,52,1,0,1.25,0.0,-1.25
67,53,0,0,0.0,0.0,0.0
67,54,0,0,0.0,0.0,0.0
67,55,0,2,0.0,2.5,2.5
67,56,0,0,0.0,0.0,0.0
67,57,2,1,2.5,1.25,-1.25
67,58,1,1,1.25,1.25,0.0
67,59,1,0,1.25,0.0,-1.25
67,60,0,0,0.0,0.0,0.0
67,61,2,8,2.5,10.0,7.5
67,62,2,1,2.5,1.25,-1.25
67,63,0,0,0.0,0.0,0.0
67,64,1,0,1.25,0.0,-1.25
67,65,0,1,0.0,1.25,1.25
67,66,0,1,0.0,1.25,1.25
67,67,1,3,1.25,3.75,2.5
67,68,2,2,2.5,2.5,0.0
67,69,1,1,1.25,1.25,0.0
67,70,3,0,3.75,0.0,-3.75
67,71,0,0,0.0,0.0,0.0
67,72,0,0,0.0,0.0,0.0
67,73,0,0,0.0,0.0,0.0
67,74,0,1,0.0,1.25,1.25
67,75,2,1,2.5,1.25,-1.25
67,76,0,0,0.0,0.0,0.0
67,77,0,1,0.0,1.25,1.25
67,78,1,1,1.25,1.25,0.0
67,79,0,0,0.0,0.0,0.0
67,80,2,2,2.5,2.5,0.0
67,81,2,0,2.5,0.0,-2.5
67,82,2,0,2.5,0.0,-2.5
67,83,2,2,2.5,2.5,0.0
67,84,1,0,1.25,0.0,-1.25
67,85,0,3,0.0,3.75,3.75
67,86,0,4,0.0,5.0,5.0
67,87,3,5,3.75,6.25,2.5
67,88,1,3,1.25,3.75,2.5
67,89,2,0,2.5,0.0,-2.5
67,90,3,4,3.75,5.0,1.25
67,91,0,1,0.0,1.25,1.25
67,92,3,1,3.75,1.25,-2.5
67,93,1,2,1.25,2.5,1.25
67,94,2,7,2.5,8.75,6.25
67,95,0,0,0.0,0.0,0.0
67,96,0,1,0.0,1.25,1.25
67,97,1,0,1.25,0.0,-1.25
67,98,3,1,3.75,1.25,-2.5
67,99,2,0,2.5,0.0,-2.5
67,100,4,0,5.0,0.0,-5.0
67,101,0,1,0.0,1.25,1.25
67,102,0,1,0.0,1.25,1.25
67,103,1,1,1.25,1.25,0.0
67,104,0,2,0.0,2.5,2.5
67,105,1,0,1.25,0.0,-1.25
67,106,1,1,1.25,1.25,0.0
67,107,1,0,1.25,0.0,-1.25
67,108,1,1,1.25,1.25,0.0
67,109,1,2,1.25,2.5,1.25
67,110,0,0,0.0,0.0,0.0
67,111,0,1,0.0,1.25,1.25
67,112,0,1,0.0,1.25,1.25
67,113,1,0,1.25,0.0,-1.25
67,114,0,2,0.0,2.5,2.5
67,115,1,2,1.25,2.5,1.25
67,116,0,0,0.0,0.0,0.0
67,117,1,1,1.25,1.25,0.0
67,118,1,0,1.25,0.0,-1.25
67,119,0,1,0.0,1.25,1.25
67,120,1,0,1.25,0.0,-1.25
67,121,2,1,2.5,1.25,-1.25
67,122,0,2,0.0,2.5,2.5
67,123,2,1,2.5,1.25,-1.25
67,124,3,2,3.75,2.5,-1.25
67,125,0,0,0.0,0.0,0.0
67,126,0,0,0.0,0.0,0.0
67,127,0,1,0.0,1.25,1.25
67,128,2,1,2.5,1.25,-1.25
67,129,1,1,1.25,1.25,0.0
67,130,6,0,7.5,0.0,-7.5
67,131,3,1,3.75,1.25,-2.5
67,132,0,0,0.0,0.0,0.0
67,133,2,4,2.5,5.0,2.5
67,134,0,1,0.0,1.25,1.25
68,0,0,3,0.0,3.75,3.75
68,1,0,3,0.0,3.75,3.75
68,2,0,1,0.0,1.25,1.25
68,3,1,2,1.25,2.5,1.25
68,4,2,2,2.5,2.5,0.0
68,5,1,1,1.25,1.25,0.0
68,6,2,2,2.5,2.5,0.0
68,7,0,0,0.0,0.0,0.0
68,8,0,4,0.0,5.0,5.0
68,9,3,0,3.75,0.0,-3.75
68,10,1,0,1.25,0.0,-1.25
68,11,0,2,0.0,2.5,2.5
68,12,2,1,2.5,1.25,-1.25
68,13,1,2,1.25,2.5,1.25
68,14,2,2,2.5,2.5,0.0
68,15,1,0,1.25,0.0,-1.25
68,16,1,1,1.25,1.25,0.0
68,17,0,1,0.0,1.25,1.25
68,18,2,0,2.5,0.0,-2.5
68,19,1,1,1.25,1.25,0.0
68,20,3,1,3.75,1.25,-2.5
68,21,0,2,0.0,2.5,2.5
68,22,0,3,0.0,3.75,3.75
68,23,1,4,1.25,5.0,3.75
68,24,0,2,0.0,2.5,2.5
68,25,3,1,3.75,1.25,-2.5
68,26,2,2,2.5,2.5,0.0
68,27,2,0,2.5,0.0,-2.5
68,28,2,1,2.5,1.25,-1.25
68,29,0,0,0.0,0.0,0.0
68,30,2,0,2.5,0.0,-2.5
68,31,2,0,2.5,0.0,-2.5
68,32,0,2,0.0,2.5,2.5
68,33,0,4,0.0,5.0,5.0
68,34,1,2,1.25,2.5,1.25
68,35,0,0,0.0,0.0,0.0
68,36,3,1,3.75,1.25,-2.5
68,37,0,1,0.0,1.25,1.25
68,38,3,3,3.75,3.75,0.0
68,39,2,0,2.5,0.0,-2.5
68,40,0,1,0.0,1.25,1.25
68,41,2,0,2.5,0.0,-2.5
68,42,0,3,0.0,3.75,3.75
68,43,0,1,0.0,1.25,1.25
68,44,4,1,5.0,1.25,-3.75
68,45,1,2,1.25,2.5,1.25
68,46,2,1,2.5,1.25,-1.25
68,47,2,1,2.5,1.25,-1.25
68,48,1,2,1.25,2.5,1.25
68,49,0,1,0.0,1.25,1.25
68,50,0,3,0.0,3.75,3.75
68,51,2,2,2.5,2.5,0.0
68,52,0,0,0.0,0.0,0.0
68,53,3,2,3.75,2.5,-1.25
68,54,0,1,0.0,1.25,1.25
68,55,1,1,1.25,1.25,0.0
68,56,0,0,0.0,0.0,0.0
68,57,1,0,1.25,0.0,-1.25
68,58,1,6,1.25,7.5,6.25
68,59,2,1,2.5,1.25,-1.25
68,60,1,0,1.25,0.0,-1.25
68,61,1,5,1.25,6.25,5.0
68,62,0,0,0.0,0.0,0.0
68,63,0,0,0.0,0.0,0.0
68,64,1,1,1.25,1.25,0.0
68,65,1,1,1.25,1.25,0.0
68,66,0,1,0.0,1.25,1.25
68,67,1,2,1.25,2.5,1.25
68,68,7,3,8.75,3.75,-5.0
68,69,2,0,2.5,0.0,-2.5
68,70,1,1,1.25,1.25,0.0
68,71,0,2,0.0,2.5,2.5
68,72,1,0,1.25,0.0,-1.25
68,73,1,0,1.25,0.0,-1.25
68,74,1,2,1.25,2.5,1.25
68,75,2,2,2.5,2.5,0.0
68,76,0,0,0.0,0.0,0.0
68,77,0,3,0.0,3.75,3.75
68,78,3,1,3.75,1.25,-2.5
68,79,0,3,0.0,3.75,3.75
68,80,2,3,2.5,3.75,1.25
68,81,1,0,1.25,0.0,-1.25
68,82,1,3,1.25,3.75,2.5
68,83,4,1,5.0,1.25,-3.75
68,84,3,1,3.75,1.25,-2.5
68,85,1,3,1.25,3.75,2.5
68,86,2,2,2.5,2.5,0.0
68,87,3,5,3.75,6.25,2.5
68,88,1,9,1.25,11.25,10.0
68,89,3,0,3.75,0.0,-3.75
68,90,1,4,1.25,5.0,3.75
68,91,2,5,2.5,6.25,3.75
68,92,2,2,2.5,2.5,0.0
68,93,0,0,0.0,0.0,0.0
68,94,2,4,2.5,5.0,2.5
68,95,1,0,1.25,0.0,-1.25
68,96,0,0,0.0,0.0,0.0
68,97,2,0,2.5,0.0,-2.5
68,98,3,3,3.75,3.75,0.0
68,99,4,1,5.0,1.25,-3.75
68,100,3,2,3.75,2.5,-1.25
68,101,1,1,1.25,1.25,0.0
68,102,0,0,0.0,0.0,0.0
68,103,1,1,1.25,1.25,0.0
68,104,0,1,0.0,1.25,1.25
68,105,2,1,2.5,1.25,-1.25
68,106,0,3,0.0,3.75,3.75
68,107,1,0,1.25,0.0,-1.25
68,108,1,1,1.25,1.25,0.0
68,109,1,3,1.25,3.75,2.5
68,110,0,2,0.0,2.5,2.5
68,111,0,1,0.0,1.25,1.25
68,112,2,4,2.5,5.0,2.5
68,113,1,0,1.25,0.0,-1.25
68,114,1,6,1.25,7.5,6.25
68,115,1,3,1.25,3.75,2.5
68,116,2,1,2.5,1.25,-1.25
68,117,1,2,1.25,2.5,1.25
68,118,1,0,1.25,0.0,-1.25
68,119,0,1,0.0,1.25,1.25
68,120,1,1,1.25,1.25,0.0
68,121,2,3,2.5,3.75,1.25
68,122,0,3,0.0,3.75,3.75
68,123,1,0,1.25,0.0,-1.25
68,124,2,3,2.5,3.75,1.25
68,125,0,1,0.0,1.25,1.25
68,126,0,0,0.0,0.0,0.0
68,127,0,1,0.0,1.25,1.25
68,128,4,2,5.0,2.5,-2.5
68,129,1,0,1.25,0.0,-1.25
68,130,4,2,5.0,2.5,-2.5
68,131,2,0,2.5,0.0,-2.5
68,132,1,0,1.25,0.0,-1.25
68,133,1,2,1.25,2.5,1.25
68,134,1,2,1.25,2.5,1.25
69,0,4,8,5.0,10.0,5.0
69,1,5,1,6.25,1.25,-5.0
69,2,1,1,1.25,1.25,0.0
69,3,0,5,0.0,6.25,6.25
69,4,9,5,11.25,6.25,-5.0
69,5,4,2,5.0,2.5,-2.5
69,6,10,9,12.5,11.25,-1.25
69,7,7,5,8.75,6.25,-2.5
69,8,4,5,5.0,6.25,1.25
69,9,2,7,2.5,8.75,6.25
69,10,2,2,2.5,2.5,0.0
69,11,5,7,6.25,8.75,2.5
69,12,6,6,7.5,7.5,0.0
69,13,12,5,15.0,6.25,-8.75
69,14,8,1,10.0,1.25,-8.75
69,15,2,2,2.5,2.5,0.0
69,16,6,3,7.5,3.75,-3.75
69,17,14,3,17.5,3.75,-13.75
69,18,3,10,3.75,12.5,8.75
69,19,0,6,0.0,7.5,7.5
69,20,14,14,17.5,17.5,0.0
69,21,3,5,3.75,6.25,2.5
69,22,7,10,8.75,12.5,3.75
69,23,4,1,5.0,1.25,-3.75
69,24,3,5,3.75,6.25,2.5
69,25,2,8,2.5,10.0,7.5
69,26,6,1,7.5,1.25,-6.25
69,27,8,7,10.0,8.75,-1.25
69,28,7,7,8.75,8.75,0.0
69,29,4,4,5.0,5.0,0.0
69,30,3,4,3.75,5.0,1.25
69,31,5,3,6.25,3.75,-2.5
69,32,2,4,2.5,5.0,2.5
69,33,0,1,0.0,1.25,1.25
69,34,4,2,5.0,2.5,-2.5
69,35,2,2,2.5,2.5,0.0
69,36,14,5,17.5,6.25,-11.25
69,37,3,4,3.75,5.0,1.25
69,38,11,3,13.75,3.75,-10.0
69,39,2,4,2.5,5.0,2.5
69,40,3,4,3.75,5.0,1.25
69,41,8,6,10.0,7.5,-2.5
69,42,5,2,6.25,2.5,-3.75
69,43,8,5,10.0,6.25,-3.75
69,44,2,8,2.5,10.0,7.5
69,45,0,4,0.0,5.0,5.0
69,46,9,5,11.25,6.25,-5.0
69,47,0,2,0.0,2.5,2.5
69,48,2,8,2.5,10.0,7.5
69,49,1,10,1.25,12.5,11.25
69,50,1,2,1.25,2.5,1.25
69,51,5,3,6.25,3.75,-2.5
69,52,4,5,5.0,6.25,1.25
69,53,4,2,5.0,2.5,-2.5
69,54,3,7,3.75,8.75,5.0
69,55,1,2,1.25,2.5,1.25
69,56,5,7,6.25,8.75,2.5
69,57,2,1,2.5,1.25,-1.25
69,58,6,1,7.5,1.25,-6.25
69,59,2,3,2.5,3.75,1.25
69,60,6,6,7.5,7.5,0.0
69,61,7,10,8.75,12.5,3.75
69,62,4,5,5.0,6.25,1.25
69,63,1,3,1.25,3.75,2.5
69,64,11,9,13.75,11.25,-2.5
69,65,7,9,8.75,11.25,2.5
69,66,4,6,5.0,7.5,2.5
69,67,6,6,7.5,7.5,0.0
69,68,1,3,1.25,3.75,2.5
69,69,10,6,12.5,7.5,-5.0
69,70,7,0,8.75,0.0,-8.75
69,71,4,9,5.0,11.25,6.25
69,72,5,1,6.25,1.25,-5.0
69,73,4,4,5.0,5.0,0.0
69,74,5,0,6.25,0.0,-6.25
69,75,3,2,3.75,2.5,-1.25
69,76,2,3,2.5,3.75,1.25
69,77,3,6,3.75,7.5,3.75
69,78,9,3,11.25,3.75,-7.5
69,79,8,15,10.0,18.75,8.75
69,80,4,4,5.0,5.0,0.0
69,81,3,7,3.75,8.75,5.0
69,82,3,5,3.75,6.25,2.5
69,83,3,2,3.75,2.5,-1.25
69,84,5,6,6.25,7.5,1.25
69,85,3,7,3.75,8.75,5.0
69,86,7,4,8.75,5.0,-3.75
69,87,6,3,7.5,3.75,-3.75
69,88,3,3,3.75,3.75,0.0
69,89,11,7,13.75,8.75,-5.0
69,90,3,4,3.75,5.0,1.25
69,91,5,2,6.25,2.5,-3.75
69,92,4,1,5.0,1.25,-3.75
69,93,4,6,5.0,7.5,2.5
69,94,4,5,5.0,6.25,1.25
69,95,10,4,12.5,5.0,-7.5
69,96,2,3,2.5,3.75,1.25
69,97,2,6,2.5,7.5,5.0
69,98,5,7,6.25,8.75,2.5
69,99,6,3,7.5,3.75,-3.75
69,100,4,0,5.0,0.0,-5.0
69,101,2,4,2.5,5.0,2.5
69,102,6,5,7.5,6.25,-1.25
69,103,14,13,17.5,16.25,-1.25
69,104,4,12,5.0,15.0,10.0
69,105,4,8,5.0,10.0,5.0
69,106,6,7,7.5,8.75,1.25
69,107,8,4,10.0,5.0,-5.0
69,108,13,8,16.25,10.0,-6.25
69,109,0,0,0.0,0.0,0.0
69,110,1,5,1.25,6.25,5.0
69,111,6,1,7.5,1.25,-6.25
69,112,11,9,13.75,11.25,-2.5
69,113,8,2,10.0,2.5,-7.5
69,114,8,4,10.0,5.0,-5.0
69,115,4,3,5.0,3.75,-1.25
69,116,6,7,7.5,8.75,1.25
69,117,3,10,3.75,12.5,8.75
69,118,9,3,11.25,3.75,-7.5
69,119,3,5,3.75,6.25,2.5
69,120,3,1,3.75,1.25,-2.5
69,121,3,9,3.75,11.25,7.5
69,122,3,5,3.75,6.25,2.5
69,123,2,5,2.5,6.25,3.75
69,124,9,3,11.25,3.75,-7.5
69,125,3,1,3.75,1.25,-2.5
69,126,5,2,6.25,2.5,-3.75
69,127,4,6,5.0,7.5,2.5
69,128,2,4,2.5,5.0,2.5
69,129,9,3,11.25,3.75,-7.5
69,130,3,1,3.75,1.25,-2.5
69,131,1,2,1.25,2.5,1.25
69,132,3,5,3.75,6.25,2.5
69,133,2,0,2.5,0.0,-2.5
69,134,2,1,2.5,1.25,-1.25
70,0,1,1,1.25,1.25,0.0
70,1,2,9,2.5,11.25,8.75
70,2,0,4,0.0,5.0,5.0
70,3,3,1,3.75,1.25,-2.5
70,4,5,1,6.25,1.25,-5.0
70,5,5,2,6.25,2.5,-3.75
70,6,3,1,3.75,1.25,-2.5
70,7,2,2,2.5,2.5,0.0
70,8,1,2,1.25,2.5,1.25
70,9,0,3,0.0,3.75,3.75
70,10,2,3,2.5,3.75,1.25
70,11,5,5,6.25,6.25,0.0
70,12,2,2,2.5,2.5,0.0
70,13,6,0,7.5,0.0,-7.5
70,14,0,2,0.0,2.5,2.5
70,15,2,0,2.5,0.0,-2.5
70,16,7,4,8.75,5.0,-3.75
70,17,5,2,6.25,2.5,-3.75
70,18,1,0,1.25,0.0,-1.25
70,19,2,3,2.5,3.75,1.25
70,20,3,5,3.75,6.25,2.5
70,21,2,2,2.5,2.5,0.0
70,22,5,2,6.25,2.5,-3.75
70,23,0,1,0.0,1.25,1.25
70,24,8,1,10.0,1.25,-8.75
70,25,3,12,3.75,15.0,11.25
70,26,5,2,6.25,2.5,-3.75
70,27,0,3,0.0,3.75,3.75
70,28,3,0,3.75,0.0,-3.75
70,29,1,1,1.25,1.25,0.0
70,30,1,1,1.25,1.25,0.0
70,31,4,6,5.0,7.5,2.5
70,32,6,3,7.5,3.75,-3.75
70,33,1,1,1.25,1.25,0.0
70,34,0,2,0.0,2.5,2.5
70,35,2,2,2.5,2.5,0.0
70,36,4,1,5.0,1.25,-3.75
70,37,3,2,3.75,2.5,-1.25
70,38,4,1,5.0,1.25,-3.75
70,39,0,4,0.0,5.0,5.0
70,40,3,5,3.75,6.25,2.5
70,41,3,1,3.75,1.25,-2.5
70,42,2,5,2.5,6.25,3.75
70,43,4,1,5.0,1.25,-3.75
70,44,2,1,2.5,1.25,-1.25
70,45,3,3,3.75,3.75,0.0
70,46,5,1,6.25,1.25,-5.0
70,47,1,2,1.25,2.5,1.25
70,48,4,7,5.0,8.75,3.75
70,49,0,3,0.0,3.75,3.75
70,50,4,2,5.0,2.5,-2.5
70,51,1,3,1.25,3.75,2.5
70,52,6,10,7.5,12.5,5.0
70,53,4,1,5.0,1.25,-3.75
70,54,3,3,3.75,3.75,0.0
70,55,3,3,3.75,3.75,0.0
70,56,2,2,2.5,2.5,0.0
70,57,0,1,0.0,1.25,1.25
70,58,5,1,6.25,1.25,-5.0
70,59,1,2,1.25,2.5,1.25
70,60,3,0,3.75,0.0,-3.75
70,61,1,5,1.25,6.25,5.0
70,62,4,1,5.0,1.25,-3.75
70,63,1,2,1.25,2.5,1.25
70,64,6,5,7.5,6.25,-1.25
70,65,0,5,0.0,6.25,6.25
70,66,0,2,0.0,2.5,2.5
70,67,4,7,5.0,8.75,3.75
70,68,0,3,0.0,3.75,3.75
70,69,5,3,6.25,3.75,-2.5
70,70,0,5,0.0,6.25,6.25
70,71,1,2,1.25,2.5,1.25
70,72,2,0,2.5,0.0,-2.5
70,73,2,2,2.5,2.5,0.0
70,74,1,2,1.25,2.5,1.25
70,75,1,4,1.25,5.0,3.75
70,76,2,1,2.5,1.25,-1.25
70,77,0,1,0.0,1.25,1.25
70,78,4,1,5.0,1.25,-3.75
70,79,4,4,5.0,5.0,0.0
70,80,4,1,5.0,1.25,-3.75
70,81,1,3,1.25,3.75,2.5
70,82,1,3,1.25,3.75,2.5
70,83,0,1,0.0,1.25,1.25
70,84,2,4,2.5,5.0,2.5
70,85,1,2,1.25,2.5,1.25
70,86,4,0,5.0,0.0,-5.0
70,87,2,0,2.5,0.0,-2.5
70,88,1,3,1.25,3.75,2.5
70,89,6,2,7.5,2.5,-5.0
70,90,6,3,7.5,3.75,-3.75
70,91,2,4,2.5,5.0,2.5
70,92,2,2,2.5,2.5,0.0
70,93,1,3,1.25,3.75,2.5
70,94,3,0,3.75,0.0,-3.75
70,95,3,3,3.75,3.75,0.0
70,96,2,1,2.5,1.25,-1.25
70,97,3,2,3.75,2.5,-1.25
70,98,7,5,8.75,6.25,-2.5
70,99,6,2,7.5,2.5,-5.0
70,100,1,3,1.25,3.75,2.5
70,101,1,4,1.25,5.0,3.75
70,102,2,1,2.5,1.25,-1.25
70,103,4,2,5.0,2.5,-2.5
70,104,1,5,1.25,6.25,5.0
70,105,0,4,0.0,5.0,5.0
70,106,2,1,2.5,1.25,-1.25
70,107,1,2,1.25,2.5,1.25
70,108,2,3,2.5,3.75,1.25
70,109,2,1,2.5,1.25,-1.25
70,110,1,4,1.25,5.0,3.75
70,111,1,1,1.25,1.25,0.0
70,112,1,0,1.25,0.0,-1.25
70,113,5,3,6.25,3.75,-2.5
70,114,6,5,7.5,6.25,-1.25
70,115,1,2,1.25,2.5,1.25
70,116,0,3,0.0,3.75,3.75
70,117,1,5,1.25,6.25,5.0
70,118,6,1,7.5,1.25,-6.25
70,119,1,0,1.25,0.0,-1.25
70,120,1,2,1.25,2.5,1.25
70,121,1,1,1.25,1.25,0.0
70,122,0,2,0.0,2.5,2.5
70,123,0,2,0.0,2.5,2.5
70,124,3,3,3.75,3.75,0.0
70,125,1,1,1.25,1.25,0.0
70,126,3,3,3.75,3.75,0.0
70,127,1,2,1.25,2.5,1.25
70,128,0,3,0.0,3.75,3.75
70,129,6,1,7.5,1.25,-6.25
70,130,2,5,2.5,6.25,3.75
70,131,0,5,0.0,6.25,6.25
70,132,2,1,2.5,1.25,-1.25
70,133,2,0,2.5,0.0,-2.5
70,134,1,1,1.25,1.25,0.0
71,0,2,1,2.5,1.25,-1.25
71,1,0,3,0.0,3.75,3.75
71,2,0,3,0.0,3.75,3.75
71,3,5,1,6.25,1.25,-5.0
71,4,5,5,6.25,6.25,0.0
71,5,4,1,5.0,1.25,-3.75
71,6,4,1,5.0,1.25,-3.75
71,7,4,1,5.0,1.25,-3.75
71,8,3,4,3.75,5.0,1.25
71,9,1,6,1.25,7.5,6.25
71,10,2,2,2.5,2.5,0.0
71,11,5,2,6.25,2.5,-3.75
71,12,3,0,3.75,0.0,-3.75
71,13,5,2,6.25,2.5,-3.75
71,14,3,2,3.75,2.5,-1.25
71,15,5,3,6.25,3.75,-2.5
71,16,2,7,2.5,8.75,6.25
71,17,3,3,3.75,3.75,0.0
71,18,0,2,0.0,2.5,2.5
71,19,1,4,1.25,5.0,3.75
71,20,8,2,10.0,2.5,-7.5
71,21,3,0,3.75,0.0,-3.75
71,22,2,1,2.5,1.25,-1.25
71,23,0,0,0.0,0.0,0.0
71,24,2,3,2.5,3.75,1.25
71,25,5,8,6.25,10.0,3.75
71,26,6,0,7.5,0.0,-7.5
71,27,4,0,5.0,0.0,-5.0
71,28,3,3,3.75,3.75,0.0
71,29,8,1,10.0,1.25,-8.75
71,30,4,2,5.0,2.5,-2.5
71,31,2,3,2.5,3.75,1.25
71,32,6,4,7.5,5.0,-2.5
71,33,3,1,3.75,1.25,-2.5
71,34,2,7,2.5,8.75,6.25
71,35,1,0,1.25,0.0,-1.25
71,36,4,0,5.0,0.0,-5.0
71,37,0,4,0.0,5.0,5.0
71,38,4,4,5.0,5.0,0.0
71,39,2,1,2.5,1.25,-1.25
71,40,3,1,3.75,1.25,-2.5
71,41,3,7,3.75,8.75,5.0
71,42,2,1,2.5,1.25,-1.25
71,43,0,2,0.0,2.5,2.5
71,44,1,1,1.25,1.25,0.0
71,45,3,4,3.75,5.0,1.25
71,46,7,3,8.75,3.75,-5.0
71,47,1,5,1.25,6.25,5.0
71,48,9,1,11.25,1.25,-10.0
71,49,3,2,3.75,2.5,-1.25
71,50,0,1,0.0,1.25,1.25
71,51,7,6,8.75,7.5,-1.25
71,52,3,5,3.75,6.25,2.5
71,53,7,3,8.75,3.75,-5.0
71,54,4,6,5.0,7.5,2.5
71,55,2,0,2.5,0.0,-2.5
71,56,1,1,1.25,1.25,0.0
71,57,1,2,1.25,2.5,1.25
71,58,1,2,1.25,2.5,1.25
71,59,1,8,1.25,10.0,8.75
71,60,7,5,8.75,6.25,-2.5
71,61,4,2,5.0,2.5,-2.5
71,62,2,2,2.5,2.5,0.0
71,63,5,3,6.25,3.75,-2.5
71,64,6,6,7.5,7.5,0.0
71,65,4,7,5.0,8.75,3.75
71,66,0,2,0.0,2.5,2.5
71,67,4,4,5.0,5.0,0.0
71,68,0,4,0.0,5.0,5.0
71,69,1,3,1.25,3.75,2.5
71,70,6,4,7.5,5.0,-2.5
71,71,4,3,5.0,3.75,-1.25
71,72,3,0,3.75,0.0,-3.75
71,73,6,0,7.5,0.0,-7.5
71,74,1,0,1.25,0.0,-1.25
71,75,4,3,5.0,3.75,-1.25
71,76,2,4,2.5,5.0,2.5
71,77,3,3,3.75,3.75,0.0
71,78,5,0,6.25,0.0,-6.25
71,79,10,0,12.5,0.0,-12.5
71,80,3,1,3.75,1.25,-2.5
71,81,1,1,1.25,1.25,0.0
71,82,4,5,5.0,6.25,1.25
71,83,2,3,2.5,3.75,1.25
71,84,8,5,10.0,6.25,-3.75
71,85,1,6,1.25,7.5,6.25
71,86,0,2,0.0,2.5,2.5
71,87,1,3,1.25,3.75,2.5
71,88,3,6,3.75,7.5,3.75
71,89,9,3,11.25,3.75,-7.5
71,90,3,2,3.75,2.5,-1.25
71,91,2,5,2.5,6.25,3.75
71,92,8,1,10.0,1.25,-8.75
71,93,0,2,0.0,2.5,2.5
71,94,5,0,6.25,0.0,-6.25
71,95,4,2,5.0,2.5,-2.5
71,96,1,5,1.25,6.25,5.0
71,97,2,1,2.5,1.25,-1.25
71,98,6,6,7.5,7.5,0.0
71,99,6,5,7.5,6.25,-1.25
71,100,3,1,3.75,1.25,-2.5
71,101,2,1,2.5,1.25,-1.25
71,102,2,8,2.5,10.0,7.5
71,103,2,6,2.5,7.5,5.0
71,104,3,4,3.75,5.0,1.25
71,105,5,7,6.25,8.75,2.5
71,106,2,5,2.5,6.25,3.75
71,107,3,2,3.75,2.5,-1.25
71,108,12,7,15.0,8.75,-6.25
71,109,4,0,5.0,0.0,-5.0
71,110,2,1,2.5,1.25,-1.25
71,111,4,5,5.0,6.25,1.25
71,112,6,3,7.5,3.75,-3.75
71,113,10,7,12.5,8.75,-3.75
71,114,5,4,6.25,5.0,-1.25
71,115,1,0,1.25,0.0,-1.25
71,116,5,5,6.25,6.25,0.0
71,117,3,4,3.75,5.0,1.25
71,118,2,3,2.5,3.75,1.25
71,119,0,3,0.0,3.75,3.75
71,120,1,2,1.25,2.5,1.25
71,121,0,1,0.0,1.25,1.25
71,122,3,5,3.75,6.25,2.5
71,123,1,1,1.25,1.25,0.0
71,124,10,4,12.5,5.0,-7.5
71,125,0,1,0.0,1.25,1.25
71,126,3,1,3.75,1.25,-2.5
71,127,0,3,0.0,3.75,3.75
71,128,2,7,2.5,8.75,6.25
71,129,4,3,5.0,3.75,-1.25
71,130,0,2,0.0,2.5,2.5
71,131,0,2,0.0,2.5,2.5
71,132,6,8,7.5,10.0,2.5
71,133,2,1,2.5,1.25,-1.25
71,134,1,2,1.25,2.5,1.25
72,0,3,7,3.75,8.75,5.0
72,1,2,6,2.5,7.5,5.0
72,2,5,7,6.25,8.75,2.5
72,3,4,11,5.0,13.75,8.75
72,4,2,5,2.5,6.25,3.75
72,5,2,4,2.5,5.0,2.5
72,6,5,6,6.25,7.5,1.25
72,7,7,6,8.75,7.5,-1.25
72,8,1,7,1.25,8.75,7.5
72,9,11,2,13.75,2.5,-11.25
72,10,6,5,7.5,6.25,-1.25
72,11,7,2,8.75,2.5,-6.25
72,12,1,3,1.25,3.75,2.5
72,13,9,7,11.25,8.75,-2.5
72,14,2,6,2.5,7.5,5.0
72,15,1,2,1.25,2.5,1.25
72,16,2,1,2.5,1.25,-1.25
72,17,3,2,3.75,2.5,-1.25
72,18,4,3,5.0,3.75,-1.25
72,19,7,7,8.75,8.75,0.0
72,20,7,8,8.75,10.0,1.25
72,21,0,12,0.0,15.0,15.0
72,22,3,2,3.75,2.5,-1.25
72,23,1,0,1.25,0.0,-1.25
72,24,4,2,5.0,2.5,-2.5
72,25,4,1,5.0,1.25,-3.75
72,26,5,7,6.25,8.75,2.5
72,27,0,4,0.0,5.0,5.0
72,28,4,4,5.0,5.0,0.0
72,29,8,3,10.0,3.75,-6.25
72,30,4,5,5.0,6.25,1.25
72,31,3,9,3.75,11.25,7.5
72,32,3,5,3.75,6.25,2.5
72,33,6,4,7.5,5.0,-2.5
72,34,5,6,6.25,7.5,1.25
72,35,2,5,2.5,6.25,3.75
72,36,4,9,5.0,11.25,6.25
72,37,3,4,3.75,5.0,1.25
72,38,3,5,3.75,6.25,2.5
72,39,3,3,3.75,3.75,0.0
72,40,4,3,5.0,3.75,-1.25
72,41,5,1,6.25,1.25,-5.0
72,42,7,11,8.75,13.75,5.0
72,43,1,5,1.25,6.25,5.0
72,44,1,0,1.25,0.0,-1.25
72,45,1,2,1.25,2.5,1.25
72,46,1,11,1.25,13.75,12.5
72,47,4,4,5.0,5.0,0.0
72,48,4,7,5.0,8.75,3.75
72,49,3,4,3.75,5.0,1.25
72,50,4,5,5.0,6.25,1.25
72,51,6,8,7.5,10.0,2.5
72,52,3,4,3.75,5.0,1.25
72,53,2,5,2.5,6.25,3.75
72,54,5,2,6.25,2.5,-3.75
72,55,2,9,2.5,11.25,8.75
72,56,4,9,5.0,11.25,6.25
72,57,3,3,3.75,3.75,0.0
72,58,3,3,3.75,3.75,0.0
72,59,3,5,3.75,6.25,2.5
72,60,3,6,3.75,7.5,3.75
72,61,5,5,6.25,6.25,0.0
72,62,1,4,1.25,5.0,3.75
72,63,8,4,10.0,5.0,-5.0
72,64,8,0,10.0,0.0,-10.0
72,65,6,8,7.5,10.0,2.5
72,66,4,6,5.0,7.5,2.5
72,67,4,4,5.0,5.0,0.0
72,68,5,4,6.25,5.0,-1.25
72,69,8,3,10.0,3.75,-6.25
72,70,10,4,12.5,5.0,-7.5
72,71,5,3,6.25,3.75,-2.5
72,72,3,5,3.75,6.25,2.5
72,73,4,3,5.0,3.75,-1.25
72,74,1,2,1.25,2.5,1.25
72,75,3,7,3.75,8.75,5.0
72,76,4,0,5.0,0.0,-5.0
72,77,8,5,10.0,6.25,-3.75
72,78,2,2,2.5,2.5,0.0
72,79,2,1,2.5,1.25,-1.25
72,80,1,4,1.25,5.0,3.75
72,81,1,1,1.25,1.25,0.0
72,82,7,3,8.75,3.75,-5.0
72,83,5,4,6.25,5.0,-1.25
72,84,2,7,2.5,8.75,6.25
72,85,2,3,2.5,3.75,1.25
72,86,7,4,8.75,5.0,-3.75
72,87,3,7,3.75,8.75,5.0
72,88,5,5,6.25,6.25,0.0
72,89,5,2,6.25,2.5,-3.75
72,90,5,2,6.25,2.5,-3.75
72,91,5,6,6.25,7.5,1.25
72,92,2,2,2.5,2.5,0.0
72,93,6,2,7.5,2.5,-5.0
72,94,3,4,3.75,5.0,1.25
72,95,2,1,2.5,1.25,-1.25
72,96,1,8,1.25,10.0,8.75
72,97,7,4,8.75,5.0,-3.75
72,98,5,5,6.25,6.25,0.0
72,99,3,2,3.75,2.5,-1.25
72,100,4,1,5.0,1.25,-3.75
72,101,4,4,5.0,5.0,0.0
72,102,4,2,5.0,2.5,-2.5
72,103,7,1,8.75,1.25,-7.5
72,104,8,3,10.0,3.75,-6.25
72,105,2,3,2.5,3.75,1.25
72,106,0,1,0.0,1.25,1.25
72,107,1,1,1.25,1.25,0.0
72,108,2,5,2.5,6.25,3.75
72,109,2,2,2.5,2.5,0.0
72,110,1,7,1.25,8.75,7.5
72,111,4,6,5.0,7.5,2.5
72,112,2,3,2.5,3.75,1.25
72,113,5,5,6.25,6.25,0.0
72,114,4,4,5.0,5.0,0.0
72,115,4,7,5.0,8.75,3.75
72,116,2,10,2.5,12.5,10.0
72,117,3,4,3.75,5.0,1.25
72,118,4,3,5.0,3.75,-1.25
72,119,7,2,8.75,2.5,-6.25
72,120,3,6,3.75,7.5,3.75
72,121,11,4,13.75,5.0,-8.75
72,122,1,4,1.25,5.0,3.75
72,123,10,6,12.5,7.5,-5.0
72,124,4,5,5.0,6.25,1.25
72,125,4,1,5.0,1.25,-3.75
72,126,4,4,5.0,5.0,0.0
72,127,3,6,3.75,7.5,3.75
72,128,4,7,5.0,8.75,3.75
72,129,6,0,7.5,0.0,-7.5
72,130,2,2,2.5,2.5,0.0
72,131,2,5,2.5,6.25,3.75
72,132,6,1,7.5,1.25,-6.25
72,133,2,1,2.5,1.25,-1.25
72,134,3,1,3.75,1.25,-2.5
73,0,0,0,0.0,0.0,0.0
73,1,0,2,0.0,2.5,2.5
73,2,1,0,1.25,0.0,-1.25
73,3,0,2,0.0,2.5,2.5
73,4,0,1,0.0,1.25,1.25
73,5,1,0,1.25,0.0,-1.25
73,6,0,0,0.0,0.0,0.0
73,7,1,1,1.25,1.25,0.0
73,8,1,2,1.25,2.5,1.25
73,9,1,0,1.25,0.0,-1.25
73,10,0,2,0.0,2.5,2.5
73,11,0,0,0.0,0.0,0.0
73,12,1,0,1.25,0.0,-1.25
73,13,1,0,1.25,0.0,-1.25
73,14,0,0,0.0,0.0,0.0
73,15,0,2,0.0,2.5,2.5
73,16,1,0,1.25,0.0,-1.25
73,17,0,0,0.0,0.0,0.0
73,18,2,1,2.5,1.25,-1.25
73,19,1,0,1.25,0.0,-1.25
73,20,0,0,0.0,0.0,0.0
73,21,0,2,0.0,2.5,2.5
73,22,0,0,0.0,0.0,0.0
73,23,0,0,0.0,0.0,0.0
73,24,0,1,0.0,1.25,1.25
73,25,1,0,1.25,0.0,-1.25
73,26,0,0,0.0,0.0,0.0
73,27,0,2,0.0,2.5,2.5
73,28,0,1,0.0,1.25,1.25
73,29,0,0,0.0,0.0,0.0
73,30,0,0,0.0,0.0,0.0
73,31,1,2,1.25,2.5,1.25
73,32,2,0,2.5,0.0,-2.5
73,33,1,0,1.25,0.0,-1.25
73,34,0,0,0.0,0.0,0.0
73,35,0,0,0.0,0.0,0.0
73,36,2,0,2.5,0.0,-2.5
73,37,1,1,1.25,1.25,0.0
73,38,1,1,1.25,1.25,0.0
73,39,0,0,0.0,0.0,0.0
73,40,1,0,1.25,0.0,-1.25
73,41,0,0,0.0,0.0,0.0
73,42,0,2,0.0,2.5,2.5
73,43,0,1,0.0,1.25,1.25
73,44,0,0,0.0,0.0,0.0
73,45,0,1,0.0,1.25,1.25
73,46,0,0,0.0,0.0,0.0
73,47,0,1,0.0,1.25,1.25
73,48,0,1,0.0,1.25,1.25
73,49,0,0,0.0,0.0,0.0
73,50,0,2,0.0,2.5,2.5
73,51,0,0,0.0,0.0,0.0
73,52,2,0,2.5,0.0,-2.5
73,53,1,3,1.25,3.75,2.5
73,54,0,0,0.0,0.0,0.0
73,55,1,1,1.25,1.25,0.0
73,56,0,0,0.0,0.0,0.0
73,57,0,0,0.0,0.0,0.0
73,58,0,0,0.0,0.0,0.0
73,59,0,0,0.0,0.0,0.0
73,60,1,2,1.25,2.5,1.25
73,61,0,1,0.0,1.25,1.25
73,62,0,1,0.0,1.25,1.25
73,63,2,1,2.5,1.25,-1.25
73,64,1,1,1.25,1.25,0.0
73,65,0,0,0.0,0.0,0.0
73,66,0,0,0.0,0.0,0.0
73,67,0,1,0.0,1.25,1.25
73,68,0,0,0.0,0.0,0.0
73,69,0,0,0.0,0.0,0.0
73,70,0,0,0.0,0.0,0.0
73,71,0,0,0.0,0.0,0.0
73,72,1,0,1.25,0.0,-1.25
73,73,0,1,0.0,1.25,1.25
73,74,0,0,0.0,0.0,0.0
73,75,0,1,0.0,1.25,1.25
73,76,2,1,2.5,1.25,-1.25
73,77,0,2,0.0,2.5,2.5
73,78,1,0,1.25,0.0,-1.25
73,79,0,0,0.0,0.0,0.0
73,80,0,1,0.0,1.25,1.25
73,81,0,0,0.0,0.0,0.0
73,82,1,1,1.25,1.25,0.0
73,83,1,2,1.25,2.5,1.25
73,84,0,0,0.0,0.0,0.0
73,85,1,0,1.25,0.0,-1.25
73,86,0,1,0.0,1.25,1.25
73,87,0,0,0.0,0.0,0.0
73,88,0,0,0.0,0.0,0.0
73,89,0,1,0.0,1.25,1.25
73,90,1,2,1.25,2.5,1.25
73,91,0,0,0.0,0.0,0.0
73,92,0,0,0.0,0.0,0.0
73,93,1,0,1.25,0.0,-1.25
73,94,0,0,0.0,0.0,0.0
73,95,0,1,0.0,1.25,1.25
73,96,0,0,0.0,0.0,0.0
73,97,3,0,3.75,0.0,-3.75
73,98,1,0,1.25,0.0,-1.25
73,99,2,0,2.5,0.0,-2.5
73,100,1,0,1.25,0.0,-1.25
73,101,1,0,1.25,0.0,-1.25
73,102,0,1,0.0,1.25,1.25
73,103,1,0,1.25,0.0,-1.25
73,104,0,1,0.0,1.25,1.25
73,105,0,1,0.0,1.25,1.25
73,106,0,2,0.0,2.5,2.5
73,107,2,1,2.5,1.25,-1.25
73,108,1,0,1.25,0.0,-1.25
73,109,2,0,2.5,0.0,-2.5
73,110,0,0,0.0,0.0,0.0
73,111,0,1,0.0,1.25,1.25
73,112,1,1,1.25,1.25,0.0
73,113,1,0,1.25,0.0,-1.25
73,114,4,3,5.0,3.75,-1.25
73,115,0,0,0.0,0.0,0.0
73,116,0,0,0.0,0.0,0.0
73,117,2,1,2.5,1.25,-1.25
73,118,0,0,0.0,0.0,0.0
73,119,0,1,0.0,1.25,1.25
73,120,2,0,2.5,0.0,-2.5
73,121,2,1,2.5,1.25,-1.25
73,122,0,0,0.0,0.0,0.0
73,123,3,0,3.75,0.0,-3.75
73,124,1,0,1.25,0.0,-1.25
73,125,4,0,5.0,0.0,-5.0
73,126,0,2,0.0,2.5,2.5
73,127,0,1,0.0,1.25,1.25
73,128,0,1,0.0,1.25,1.25
73,129,1,0,1.25,0.0,-1.25
73,130,1,0,1.25,0.0,-1.25
73,131,0,0,0.0,0.0,0.0
73,132,2,2,2.5,2.5,0.0
73,133,1,0,1.25,0.0,-1.25
73,134,2,0,2.5,0.0,-2.5
