unit_id,trial_id,baseline_count,response_count,baseline_rate_hz,response_rate_hz,rate_difference_hz
0,0,3,1,3.75,1.25,-2.5
0,1,2,2,2.5,2.5,0.0
0,2,2,0,2.5,0.0,-2.5
0,3,2,2,2.5,2.5,0.0
0,4,0,0,0.0,0.0,0.0
0,5,1,1,1.25,1.25,0.0
0,6,0,0,0.0,0.0,0.0
0,7,0,0,0.0,0.0,0.0
0,8,0,1,0.0,1.25,1.25
0,9,2,0,2.5,0.0,-2.5
0,10,1,0,1.25,0.0,-1.25
0,11,0,2,0.0,2.5,2.5
0,12,3,1,3.75,1.25,-2.5
0,13,1,1,1.25,1.25,0.0
0,14,1,4,1.25,5.0,3.75
0,15,0,2,0.0,2.5,2.5
0,16,0,0,0.0,0.0,0.0
0,17,0,0,0.0,0.0,0.0
0,18,0,0,0.0,0.0,0.0
0,19,0,0,0.0,0.0,0.0
0,20,0,0,0.0,0.0,0.0
0,21,0,0,0.0,0.0,0.0
0,22,0,0,0.0,0.0,0.0
0,23,0,0,0.0,0.0,0.0
0,24,1,1,1.25,1.25,0.0
0,25,0,0,0.0,0.0,0.0
0,26,0,0,0.0,0.0,0.0
0,27,0,0,0.0,0.0,0.0
0,28,0,0,0.0,0.0,0.0
0,29,0,3,0.0,3.75,3.75
0,30,1,0,1.25,0.0,-1.25
0,31,3,0,3.75,0.0,-3.75
0,32,0,5,0.0,6.25,6.25
0,33,0,0,0.0,0.0,0.0
0,34,0,0,0.0,0.0,0.0
0,35,1,1,1.25,1.25,0.0
0,36,0,3,0.0,3.75,3.75
0,37,0,0,0.0,0.0,0.0
0,38,2,0,2.5,0.0,-2.5
0,39,0,0,0.0,0.0,0.0
0,40,0,1,0.0,1.25,1.25
0,41,0,1,0.0,1.25,1.25
0,42,0,0,0.0,0.0,0.0
0,43,0,0,0.0,0.0,0.0
0,44,0,0,0.0,0.0,0.0
0,45,0,0,0.0,0.0,0.0
0,46,0,0,0.0,0.0,0.0
0,47,0,0,0.0,0.0,0.0
0,48,0,0,0.0,0.0,0.0
0,49,0,0,0.0,0.0,0.0
0,50,0,0,0.0,0.0,0.0
0,51,0,0,0.0,0.0,0.0
0,52,0,0,0.0,0.0,0.0
0,53,0,0,0.0,0.0,0.0
0,54,0,0,0.0,0.0,0.0
0,55,0,0,0.0,0.0,0.0
0,56,0,0,0.0,0.0,0.0
0,57,0,0,0.0,0.0,0.0
0,58,0,2,0.0,2.5,2.5
0,59,0,0,0.0,0.0,0.0
0,60,3,3,3.75,3.75,0.0
0,61,2,1,2.5,1.25,-1.25
0,62,2,2,2.5,2.5,0.0
0,63,1,3,1.25,3.75,2.5
0,64,4,1,5.0,1.25,-3.75
0,65,1,1,1.25,1.25,0.0
0,66,5,5,6.25,6.25,0.0
0,67,2,1,2.5,1.25,-1.25
0,68,3,3,3.75,3.75,0.0
0,69,1,2,1.25,2.5,1.25
0,70,1,0,1.25,0.0,-1.25
0,71,2,3,2.5,3.75,1.25
0,72,2,2,2.5,2.5,0.0
0,73,0,0,0.0,0.0,0.0
0,74,0,0,0.0,0.0,0.0
0,75,0,0,0.0,0.0,0.0
0,76,0,0,0.0,0.0,0.0
0,77,0,0,0.0,0.0,0.0
0,78,0,1,0.0,1.25,1.25
0,79,0,2,0.0,2.5,2.5
0,80,5,0,6.25,0.0,-6.25
0,81,4,2,5.0,2.5,-2.5
0,82,3,2,3.75,2.5,-1.25
0,83,5,5,6.25,6.25,0.0
0,84,3,2,3.75,2.5,-1.25
0,85,2,1,2.5,1.25,-1.25
0,86,3,2,3.75,2.5,-1.25
0,87,0,0,0.0,0.0,0.0
0,88,0,0,0.0,0.0,0.0
0,89,0,0,0.0,0.0,0.0
0,90,0,0,0.0,0.0,0.0
0,91,0,0,0.0,0.0,0.0
0,92,0,0,0.0,0.0,0.0
0,93,0,0,0.0,0.0,0.0
0,94,0,0,0.0,0.0,0.0
0,95,0,0,0.0,0.0,0.0
0,96,0,0,0.0,0.0,0.0
0,97,0,2,0.0,2.5,2.5
0,98,4,2,5.0,2.5,-2.5
0,99,1,2,1.25,2.5,1.25
0,100,0,0,0.0,0.0,0.0
0,101,0,0,0.0,0.0,0.0
0,102,0,0,0.0,0.0,0.0
0,103,0,0,0.0,0.0,0.0
0,104,1,0,1.25,0.0,-1.25
0,105,2,1,2.5,1.25,-1.25
0,106,0,2,0.0,2.5,2.5
0,107,3,1,3.75,1.25,-2.5
0,108,2,1,2.5,1.25,-1.25
0,109,0,3,0.0,3.75,3.75
0,110,0,1,0.0,1.25,1.25
0,111,3,0,3.75,0.0,-3.75
0,112,1,1,1.25,1.25,0.0
0,113,1,1,1.25,1.25,0.0
0,114,1,3,1.25,3.75,2.5
0,115,0,0,0.0,0.0,0.0
0,116,0,0,0.0,0.0,0.0
0,117,1,1,1.25,1.25,0.0
0,118,0,1,0.0,1.25,1.25
0,119,0,0,0.0,0.0,0.0
0,120,0,0,0.0,0.0,0.0
0,121,0,0,0.0,0.0,0.0
0,122,0,0,0.0,0.0,0.0
0,123,0,0,0.0,0.0,0.0
0,124,0,0,0.0,0.0,0.0
0,125,0,0,0.0,0.0,0.0
0,126,0,0,0.0,0.0,0.0
0,127,0,0,0.0,0.0,0.0
0,128,0,0,0.0,0.0,0.0
0,129,0,0,0.0,0.0,0.0
0,130,0,0,0.0,0.0,0.0
0,131,0,0,0.0,0.0,0.0
0,132,0,0,0.0,0.0,0.0
0,133,0,0,0.0,0.0,0.0
0,134,0,0,0.0,0.0,0.0
1,0,0,0,0.0,0.0,0.0
1,1,0,0,0.0,0.0,0.0
1,2,0,0,0.0,0.0,0.0
1,3,0,0,0.0,0.0,0.0
1,4,0,0,0.0,0.0,0.0
1,5,0,0,0.0,0.0,0.0
1,6,2,0,2.5,0.0,-2.5
1,7,0,0,0.0,0.0,0.0
1,8,0,0,0.0,0.0,0.0
1,9,0,0,0.0,0.0,0.0
1,10,0,0,0.0,0.0,0.0
1,11,0,0,0.0,0.0,0.0
1,12,0,0,0.0,0.0,0.0
1,13,0,0,0.0,0.0,0.0
1,14,0,0,0.0,0.0,0.0
1,15,0,0,0.0,0.0,0.0
1,16,0,0,0.0,0.0,0.0
1,17,0,0,0.0,0.0,0.0
1,18,0,0,0.0,0.0,0.0
1,19,0,0,0.0,0.0,0.0
1,20,5,0,6.25,0.0,-6.25
1,21,0,1,0.0,1.25,1.25
1,22,0,1,0.0,1.25,1.25
1,23,2,1,2.5,1.25,-1.25
1,24,0,0,0.0,0.0,0.0
1,25,0,0,0.0,0.0,0.0
1,26,0,0,0.0,0.0,0.0
1,27,0,0,0.0,0.0,0.0
1,28,0,0,0.0,0.0,0.0
1,29,0,0,0.0,0.0,0.0
1,30,0,0,0.0,0.0,0.0
1,31,0,0,0.0,0.0,0.0
1,32,0,0,0.0,0.0,0.0
1,33,0,0,0.0,0.0,0.0
1,34,0,0,0.0,0.0,0.0
1,35,0,0,0.0,0.0,0.0
1,36,0,2,0.0,2.5,2.5
1,37,0,0,0.0,0.0,0.0
1,38,0,0,0.0,0.0,0.0
1,39,0,0,0.0,0.0,0.0
1,40,0,0,0.0,0.0,0.0
1,41,0,0,0.0,0.0,0.0
1,42,0,1,0.0,1.25,1.25
1,43,2,0,2.5,0.0,-2.5
1,44,6,3,7.5,3.75,-3.75
1,45,0,2,0.0,2.5,2.5
1,46,2,0,2.5,0.0,-2.5
1,47,0,0,0.0,0.0,0.0
1,48,0,0,0.0,0.0,0.0
1,49,2,0,2.5,0.0,-2.5
1,50,0,8,0.0,10.0,10.0
1,51,0,0,0.0,0.0,0.0
1,52,0,0,0.0,0.0,0.0
1,53,0,3,0.0,3.75,3.75
1,54,0,0,0.0,0.0,0.0
1,55,0,0,0.0,0.0,0.0
1,56,1,0,1.25,0.0,-1.25
1,57,0,0,0.0,0.0,0.0
1,58,1,1,1.25,1.25,0.0
1,59,0,0,0.0,0.0,0.0
1,60,2,0,2.5,0.0,-2.5
1,61,0,0,0.0,0.0,0.0
1,62,0,0,0.0,0.0,0.0
1,63,0,0,0.0,0.0,0.0
1,64,0,0,0.0,0.0,0.0
1,65,0,0,0.0,0.0,0.0
1,66,0,0,0.0,0.0,0.0
1,67,0,0,0.0,0.0,0.0
1,68,0,0,0.0,0.0,0.0
1,69,0,0,0.0,0.0,0.0
1,70,0,0,0.0,0.0,0.0
1,71,0,0,0.0,0.0,0.0
1,72,0,0,0.0,0.0,0.0
1,73,0,0,0.0,0.0,0.0
1,74,1,0,1.25,0.0,-1.25
1,75,4,1,5.0,1.25,-3.75
1,76,0,0,0.0,0.0,0.0
1,77,0,2,0.0,2.5,2.5
1,78,0,1,0.0,1.25,1.25
1,79,0,0,0.0,0.0,0.0
1,80,0,0,0.0,0.0,0.0
1,81,0,0,0.0,0.0,0.0
1,82,0,0,0.0,0.0,0.0
1,83,0,0,0.0,0.0,0.0
1,84,0,0,0.0,0.0,0.0
1,85,0,0,0.0,0.0,0.0
1,86,0,0,0.0,0.0,0.0
1,87,0,0,0.0,0.0,0.0
1,88,0,0,0.0,0.0,0.0
1,89,0,0,0.0,0.0,0.0
1,90,0,0,0.0,0.0,0.0
1,91,0,0,0.0,0.0,0.0
1,92,1,0,1.25,0.0,-1.25
1,93,0,1,0.0,1.25,1.25
1,94,0,0,0.0,0.0,0.0
1,95,0,0,0.0,0.0,0.0
1,96,2,0,2.5,0.0,-2.5
1,97,0,0,0.0,0.0,0.0
1,98,0,0,0.0,0.0,0.0
1,99,0,0,0.0,0.0,0.0
1,100,0,0,0.0,0.0,0.0
1,101,0,0,0.0,0.0,0.0
1,102,0,0,0.0,0.0,0.0
1,103,0,0,0.0,0.0,0.0
1,104,0,0,0.0,0.0,0.0
1,105,0,0,0.0,0.0,0.0
1,106,0,0,0.0,0.0,0.0
1,107,0,0,0.0,0.0,0.0
1,108,0,0,0.0,0.0,0.0
1,109,0,0,0.0,0.0,0.0
1,110,0,0,0.0,0.0,0.0
1,111,0,0,0.0,0.0,0.0
1,112,0,0,0.0,0.0,0.0
1,113,0,0,0.0,0.0,0.0
1,114,0,0,0.0,0.0,0.0
1,115,0,0,0.0,0.0,0.0
1,116,1,0,1.25,0.0,-1.25
1,117,0,0,0.0,0.0,0.0
1,118,0,0,0.0,0.0,0.0
1,119,0,0,0.0,0.0,0.0
1,120,0,0,0.0,0.0,0.0
1,121,3,3,3.75,3.75,0.0
1,122,0,3,0.0,3.75,3.75
1,123,0,3,0.0,3.75,3.75
1,124,0,0,0.0,0.0,0.0
1,125,0,0,0.0,0.0,0.0
1,126,0,0,0.0,0.0,0.0
1,127,1,1,1.25,1.25,0.0
1,128,0,0,0.0,0.0,0.0
1,129,0,0,0.0,0.0,0.0
1,130,0,0,0.0,0.0,0.0
1,131,0,0,0.0,0.0,0.0
1,132,0,0,0.0,0.0,0.0
1,133,1,1,1.25,1.25,0.0
1,134,0,0,0.0,0.0,0.0
2,0,0,0,0.0,0.0,0.0
2,1,0,0,0.0,0.0,0.0
2,2,0,0,0.0,0.0,0.0
2,3,0,0,0.0,0.0,0.0
2,4,0,0,0.0,0.0,0.0
2,5,0,0,0.0,0.0,0.0
2,6,0,0,0.0,0.0,0.0
2,7,0,0,0.0,0.0,0.0
2,8,1,0,1.25,0.0,-1.25
2,9,2,0,2.5,0.0,-2.5
2,10,0,2,0.0,2.5,2.5
2,11,0,0,0.0,0.0,0.0
2,12,0,0,0.0,0.0,0.0
2,13,2,0,2.5,0.0,-2.5
2,14,0,0,0.0,0.0,0.0
2,15,0,0,0.0,0.0,0.0
2,16,0,1,0.0,1.25,1.25
2,17,0,0,0.0,0.0,0.0
2,18,0,0,0.0,0.0,0.0
2,19,0,0,0.0,0.0,0.0
2,20,0,0,0.0,0.0,0.0
2,21,0,0,0.0,0.0,0.0
2,22,0,0,0.0,0.0,0.0
2,23,0,1,0.0,1.25,1.25
2,24,0,1,0.0,1.25,1.25
2,25,0,3,0.0,3.75,3.75
2,26,0,0,0.0,0.0,0.0
2,27,0,0,0.0,0.0,0.0
2,28,0,0,0.0,0.0,0.0
2,29,1,0,1.25,0.0,-1.25
2,30,0,2,0.0,2.5,2.5
2,31,0,0,0.0,0.0,0.0
2,32,0,0,0.0,0.0,0.0
2,33,0,0,0.0,0.0,0.0
2,34,0,0,0.0,0.0,0.0
2,35,0,0,0.0,0.0,0.0
2,36,0,5,0.0,6.25,6.25
2,37,0,1,0.0,1.25,1.25
2,38,0,0,0.0,0.0,0.0
2,39,0,1,0.0,1.25,1.25
2,40,1,0,1.25,0.0,-1.25
2,41,1,0,1.25,0.0,-1.25
2,42,0,0,0.0,0.0,0.0
2,43,1,0,1.25,0.0,-1.25
2,44,2,0,2.5,0.0,-2.5
2,45,0,2,0.0,2.5,2.5
2,46,2,0,2.5,0.0,-2.5
2,47,0,0,0.0,0.0,0.0
2,48,0,0,0.0,0.0,0.0
2,49,0,0,0.0,0.0,0.0
2,50,0,0,0.0,0.0,0.0
2,51,0,0,0.0,0.0,0.0
2,52,0,0,0.0,0.0,0.0
2,53,0,0,0.0,0.0,0.0
2,54,0,0,0.0,0.0,0.0
2,55,0,0,0.0,0.0,0.0
2,56,0,0,0.0,0.0,0.0
2,57,0,0,0.0,0.0,0.0
2,58,0,0,0.0,0.0,0.0
2,59,0,0,0.0,0.0,0.0
2,60,1,0,1.25,0.0,-1.25
2,61,0,0,0.0,0.0,0.0
2,62,0,0,0.0,0.0,0.0
2,63,1,2,1.25,2.5,1.25
2,64,0,0,0.0,0.0,0.0
2,65,0,1,0.0,1.25,1.25
2,66,1,1,1.25,1.25,0.0
2,67,1,0,1.25,0.0,-1.25
2,68,0,0,0.0,0.0,0.0
2,69,1,0,1.25,0.0,-1.25
2,70,0,0,0.0,0.0,0.0
2,71,0,1,0.0,1.25,1.25
2,72,0,0,0.0,0.0,0.0
2,73,0,0,0.0,0.0,0.0
2,74,0,0,0.0,0.0,0.0
2,75,0,0,0.0,0.0,0.0
2,76,0,0,0.0,0.0,0.0
2,77,0,0,0.0,0.0,0.0
2,78,0,0,0.0,0.0,0.0
2,79,1,0,1.25,0.0,-1.25
2,80,1,3,1.25,3.75,2.5
2,81,0,1,0.0,1.25,1.25
2,82,0,0,0.0,0.0,0.0
2,83,0,0,0.0,0.0,0.0
2,84,0,0,0.0,0.0,0.0
2,85,1,0,1.25,0.0,-1.25
2,86,1,0,1.25,0.0,-1.25
2,87,0,1,0.0,1.25,1.25
2,88,0,0,0.0,0.0,0.0
2,89,1,0,1.25,0.0,-1.25
2,90,0,0,0.0,0.0,0.0
2,91,0,0,0.0,0.0,0.0
2,92,1,0,1.25,0.0,-1.25
2,93,0,0,0.0,0.0,0.0
2,94,0,0,0.0,0.0,0.0
2,95,0,0,0.0,0.0,0.0
2,96,2,0,2.5,0.0,-2.5
2,97,0,0,0.0,0.0,0.0
2,98,0,0,0.0,0.0,0.0
2,99,0,1,0.0,1.25,1.25
2,100,0,0,0.0,0.0,0.0
2,101,0,3,0.0,3.75,3.75
2,102,0,0,0.0,0.0,0.0
2,103,1,0,1.25,0.0,-1.25
2,104,0,0,0.0,0.0,0.0
2,105,0,1,0.0,1.25,1.25
2,106,0,0,0.0,0.0,0.0
2,107,0,1,0.0,1.25,1.25
2,108,0,0,0.0,0.0,0.0
2,109,0,0,0.0,0.0,0.0
2,110,1,0,1.25,0.0,-1.25
2,111,0,1,0.0,1.25,1.25
2,112,0,1,0.0,1.25,1.25
2,113,0,0,0.0,0.0,0.0
2,114,1,0,1.25,0.0,-1.25
2,115,0,1,0.0,1.25,1.25
2,116,0,0,0.0,0.0,0.0
2,117,0,1,0.0,1.25,1.25
2,118,0,0,0.0,0.0,0.0
2,119,0,0,0.0,0.0,0.0
2,120,0,0,0.0,0.0,0.0
2,121,0,0,0.0,0.0,0.0
2,122,1,1,1.25,1.25,0.0
2,123,0,0,0.0,0.0,0.0
2,124,0,0,0.0,0.0,0.0
2,125,0,0,0.0,0.0,0.0
2,126,0,0,0.0,0.0,0.0
2,127,0,0,0.0,0.0,0.0
2,128,0,0,0.0,0.0,0.0
2,129,0,0,0.0,0.0,0.0
2,130,0,0,0.0,0.0,0.0
2,131,0,0,0.0,0.0,0.0
2,132,1,0,1.25,0.0,-1.25
2,133,0,0,0.0,0.0,0.0
2,134,1,1,1.25,1.25,0.0
3,0,0,0,0.0,0.0,0.0
3,1,0,0,0.0,0.0,0.0
3,2,0,0,0.0,0.0,0.0
3,3,0,0,0.0,0.0,0.0
3,4,0,0,0.0,0.0,0.0
3,5,0,0,0.0,0.0,0.0
3,6,0,0,0.0,0.0,0.0
3,7,0,0,0.0,0.0,0.0
3,8,0,0,0.0,0.0,0.0
3,9,0,0,0.0,0.0,0.0
3,10,0,0,0.0,0.0,0.0
3,11,0,0,0.0,0.0,0.0
3,12,0,0,0.0,0.0,0.0
3,13,0,0,0.0,0.0,0.0
3,14,0,0,0.0,0.0,0.0
3,15,0,0,0.0,0.0,0.0
3,16,0,0,0.0,0.0,0.0
3,17,0,0,0.0,0.0,0.0
3,18,0,0,0.0,0.0,0.0
3,19,0,0,0.0,0.0,0.0
3,20,2,0,2.5,0.0,-2.5
3,21,0,1,0.0,1.25,1.25
3,22,0,0,0.0,0.0,0.0
3,23,0,0,0.0,0.0,0.0
3,24,0,0,0.0,0.0,0.0
3,25,0,0,0.0,0.0,0.0
3,26,0,0,0.0,0.0,0.0
3,27,0,0,0.0,0.0,0.0
3,28,0,0,0.0,0.0,0.0
3,29,0,0,0.0,0.0,0.0
3,30,0,0,0.0,0.0,0.0
3,31,0,0,0.0,0.0,0.0
3,32,0,0,0.0,0.0,0.0
3,33,0,0,0.0,0.0,0.0
3,34,0,0,0.0,0.0,0.0
3,35,0,0,0.0,0.0,0.0
3,36,0,0,0.0,0.0,0.0
3,37,0,0,0.0,0.0,0.0
3,38,0,0,0.0,0.0,0.0
3,39,0,0,0.0,0.0,0.0
3,40,0,0,0.0,0.0,0.0
3,41,0,0,0.0,0.0,0.0
3,42,0,0,0.0,0.0,0.0
3,43,1,0,1.25,0.0,-1.25
3,44,1,1,1.25,1.25,0.0
3,45,0,1,0.0,1.25,1.25
3,46,0,0,0.0,0.0,0.0
3,47,0,0,0.0,0.0,0.0
3,48,0,0,0.0,0.0,0.0
3,49,1,0,1.25,0.0,-1.25
3,50,0,4,0.0,5.0,5.0
3,51,1,0,1.25,0.0,-1.25
3,52,0,0,0.0,0.0,0.0
3,53,0,0,0.0,0.0,0.0
3,54,0,0,0.0,0.0,0.0
3,55,0,1,0.0,1.25,1.25
3,56,0,0,0.0,0.0,0.0
3,57,0,0,0.0,0.0,0.0
3,58,0,0,0.0,0.0,0.0
3,59,0,0,0.0,0.0,0.0
3,60,1,0,1.25,0.0,-1.25
3,61,0,0,0.0,0.0,0.0
3,62,0,0,0.0,0.0,0.0
3,63,0,0,0.0,0.0,0.0
3,64,0,0,0.0,0.0,0.0
3,65,0,0,0.0,0.0,0.0
3,66,0,0,0.0,0.0,0.0
3,67,0,0,0.0,0.0,0.0
3,68,0,0,0.0,0.0,0.0
3,69,0,0,0.0,0.0,0.0
3,70,0,0,0.0,0.0,0.0
3,71,0,0,0.0,0.0,0.0
3,72,0,0,0.0,0.0,0.0
3,73,0,0,0.0,0.0,0.0
3,74,2,0,2.5,0.0,-2.5
3,75,5,3,6.25,3.75,-2.5
3,76,0,0,0.0,0.0,0.0
3,77,0,3,0.0,3.75,3.75
3,78,0,0,0.0,0.0,0.0
3,79,0,0,0.0,0.0,0.0
3,80,0,0,0.0,0.0,0.0
3,81,0,0,0.0,0.0,0.0
3,82,0,0,0.0,0.0,0.0
3,83,0,0,0.0,0.0,0.0
3,84,0,0,0.0,0.0,0.0
3,85,0,0,0.0,0.0,0.0
3,86,0,0,0.0,0.0,0.0
3,87,0,0,0.0,0.0,0.0
3,88,0,0,0.0,0.0,0.0
3,89,0,0,0.0,0.0,0.0
3,90,0,0,0.0,0.0,0.0
3,91,0,0,0.0,0.0,0.0
3,92,0,0,0.0,0.0,0.0
3,93,0,1,0.0,1.25,1.25
3,94,0,0,0.0,0.0,0.0
3,95,0,0,0.0,0.0,0.0
3,96,1,0,1.25,0.0,-1.25
3,97,0,0,0.0,0.0,0.0
3,98,0,0,0.0,0.0,0.0
3,99,0,0,0.0,0.0,0.0
3,100,0,0,0.0,0.0,0.0
3,101,0,1,0.0,1.25,1.25
3,102,0,0,0.0,0.0,0.0
3,103,0,1,0.0,1.25,1.25
3,104,0,0,0.0,0.0,0.0
3,105,0,0,0.0,0.0,0.0
3,106,0,0,0.0,0.0,0.0
3,107,0,0,0.0,0.0,0.0
3,108,0,0,0.0,0.0,0.0
3,109,0,0,0.0,0.0,0.0
3,110,0,0,0.0,0.0,0.0
3,111,0,0,0.0,0.0,0.0
3,112,0,0,0.0,0.0,0.0
3,113,0,0,0.0,0.0,0.0
3,114,0,0,0.0,0.0,0.0
3,115,0,0,0.0,0.0,0.0
3,116,0,0,0.0,0.0,0.0
3,117,0,0,0.0,0.0,0.0
3,118,0,0,0.0,0.0,0.0
3,119,0,0,0.0,0.0,0.0
3,120,0,0,0.0,0.0,0.0
3,121,1,0,1.25,0.0,-1.25
3,122,1,3,1.25,3.75,2.5
3,123,0,1,0.0,1.25,1.25
3,124,0,0,0.0,0.0,0.0
3,125,0,0,0.0,0.0,0.0
3,126,0,0,0.0,0.0,0.0
3,127,0,0,0.0,0.0,0.0
3,128,0,1,0.0,1.25,1.25
3,129,0,0,0.0,0.0,0.0
3,130,0,0,0.0,0.0,0.0
3,131,0,0,0.0,0.0,0.0
3,132,0,0,0.0,0.0,0.0
3,133,0,0,0.0,0.0,0.0
3,134,0,0,0.0,0.0,0.0
4,0,3,0,3.75,0.0,-3.75
4,1,0,0,0.0,0.0,0.0
4,2,0,0,0.0,0.0,0.0
4,3,0,1,0.0,1.25,1.25
4,4,0,0,0.0,0.0,0.0
4,5,0,0,0.0,0.0,0.0
4,6,1,0,1.25,0.0,-1.25
4,7,0,0,0.0,0.0,0.0
4,8,1,0,1.25,0.0,-1.25
4,9,0,0,0.0,0.0,0.0
4,10,0,0,0.0,0.0,0.0
4,11,2,0,2.5,0.0,-2.5
4,12,0,0,0.0,0.0,0.0
4,13,0,0,0.0,0.0,0.0
4,14,0,0,0.0,0.0,0.0
4,15,0,0,0.0,0.0,0.0
4,16,0,0,0.0,0.0,0.0
4,17,2,0,2.5,0.0,-2.5
4,18,0,1,0.0,1.25,1.25
4,19,0,0,0.0,0.0,0.0
4,20,0,0,0.0,0.0,0.0
4,21,0,1,0.0,1.25,1.25
4,22,0,3,0.0,3.75,3.75
4,23,0,3,0.0,3.75,3.75
4,24,0,0,0.0,0.0,0.0
4,25,0,1,0.0,1.25,1.25
4,26,0,0,0.0,0.0,0.0
4,27,0,0,0.0,0.0,0.0
4,28,0,0,0.0,0.0,0.0
4,29,1,0,1.25,0.0,-1.25
4,30,0,1,0.0,1.25,1.25
4,31,0,0,0.0,0.0,0.0
4,32,0,0,0.0,0.0,0.0
4,33,0,0,0.0,0.0,0.0
4,34,3,0,3.75,0.0,-3.75
4,35,0,0,0.0,0.0,0.0
4,36,0,2,0.0,2.5,2.5
4,37,0,0,0.0,0.0,0.0
4,38,1,0,1.25,0.0,-1.25
4,39,0,0,0.0,0.0,0.0
4,40,2,0,2.5,0.0,-2.5
4,41,0,0,0.0,0.0,0.0
4,42,0,0,0.0,0.0,0.0
4,43,1,0,1.25,0.0,-1.25
4,44,2,3,2.5,3.75,1.25
4,45,1,1,1.25,1.25,0.0
4,46,3,0,3.75,0.0,-3.75
4,47,0,0,0.0,0.0,0.0
4,48,0,0,0.0,0.0,0.0
4,49,0,0,0.0,0.0,0.0
4,50,0,1,0.0,1.25,1.25
4,51,0,0,0.0,0.0,0.0
4,52,0,0,0.0,0.0,0.0
4,53,0,0,0.0,0.0,0.0
4,54,0,0,0.0,0.0,0.0
4,55,0,1,0.0,1.25,1.25
4,56,1,0,1.25,0.0,-1.25
4,57,0,0,0.0,0.0,0.0
4,58,1,0,1.25,0.0,-1.25
4,59,0,0,0.0,0.0,0.0
4,60,1,0,1.25,0.0,-1.25
4,61,0,0,0.0,0.0,0.0
4,62,0,0,0.0,0.0,0.0
4,63,1,0,1.25,0.0,-1.25
4,64,0,1,0.0,1.25,1.25
4,65,1,0,1.25,0.0,-1.25
4,66,0,0,0.0,0.0,0.0
4,67,0,1,0.0,1.25,1.25
4,68,0,0,0.0,0.0,0.0
4,69,0,0,0.0,0.0,0.0
4,70,3,0,3.75,0.0,-3.75
4,71,1,1,1.25,1.25,0.0
4,72,0,0,0.0,0.0,0.0
4,73,0,0,0.0,0.0,0.0
4,74,0,0,0.0,0.0,0.0
4,75,3,0,3.75,0.0,-3.75
4,76,0,0,0.0,0.0,0.0
4,77,0,1,0.0,1.25,1.25
4,78,0,2,0.0,2.5,2.5
4,79,0,0,0.0,0.0,0.0
4,80,0,0,0.0,0.0,0.0
4,81,0,0,0.0,0.0,0.0
4,82,1,1,1.25,1.25,0.0
4,83,0,2,0.0,2.5,2.5
4,84,0,1,0.0,1.25,1.25
4,85,1,0,1.25,0.0,-1.25
4,86,0,0,0.0,0.0,0.0
4,87,0,0,0.0,0.0,0.0
4,88,0,0,0.0,0.0,0.0
4,89,0,0,0.0,0.0,0.0
4,90,0,1,0.0,1.25,1.25
4,91,0,0,0.0,0.0,0.0
4,92,1,0,1.25,0.0,-1.25
4,93,0,0,0.0,0.0,0.0
4,94,0,0,0.0,0.0,0.0
4,95,0,0,0.0,0.0,0.0
4,96,0,0,0.0,0.0,0.0
4,97,0,0,0.0,0.0,0.0
4,98,0,1,0.0,1.25,1.25
4,99,0,1,0.0,1.25,1.25
4,100,0,0,0.0,0.0,0.0
4,101,0,5,0.0,6.25,6.25
4,102,0,0,0.0,0.0,0.0
4,103,0,1,0.0,1.25,1.25
4,104,0,0,0.0,0.0,0.0
4,105,1,0,1.25,0.0,-1.25
4,106,0,0,0.0,0.0,0.0
4,107,0,0,0.0,0.0,0.0
4,108,0,0,0.0,0.0,0.0
4,109,0,1,0.0,1.25,1.25
4,110,1,1,1.25,1.25,0.0
4,111,0,1,0.0,1.25,1.25
4,112,0,0,0.0,0.0,0.0
4,113,0,0,0.0,0.0,0.0
4,114,1,0,1.25,0.0,-1.25
4,115,0,0,0.0,0.0,0.0
4,116,0,0,0.0,0.0,0.0
4,117,0,0,0.0,0.0,0.0
4,118,0,0,0.0,0.0,0.0
4,119,0,0,0.0,0.0,0.0
4,120,0,0,0.0,0.0,0.0
4,121,0,0,0.0,0.0,0.0
4,122,0,0,0.0,0.0,0.0
4,123,0,0,0.0,0.0,0.0
4,124,0,0,0.0,0.0,0.0
4,125,0,0,0.0,0.0,0.0
4,126,0,0,0.0,0.0,0.0
4,127,0,0,0.0,0.0,0.0
4,128,0,0,0.0,0.0,0.0
4,129,0,0,0.0,0.0,0.0
4,130,0,0,0.0,0.0,0.0
4,131,0,0,0.0,0.0,0.0
4,132,0,1,0.0,1.25,1.25
4,133,1,1,1.25,1.25,0.0
4,134,0,1,0.0,1.25,1.25
5,0,0,0,0.0,0.0,0.0
5,1,2,2,2.5,2.5,0.0
5,2,2,1,2.5,1.25,-1.25
5,3,1,1,1.25,1.25,0.0
5,4,1,1,1.25,1.25,0.0
5,5,0,1,0.0,1.25,1.25
5,6,3,1,3.75,1.25,-2.5
5,7,0,1,0.0,1.25,1.25
5,8,0,0,0.0,0.0,0.0
5,9,0,2,0.0,2.5,2.5
5,10,3,0,3.75,0.0,-3.75
5,11,0,1,0.0,1.25,1.25
5,12,0,0,0.0,0.0,0.0
5,13,0,0,0.0,0.0,0.0
5,14,0,2,0.0,2.5,2.5
5,15,0,1,0.0,1.25,1.25
5,16,1,0,1.25,0.0,-1.25
5,17,0,1,0.0,1.25,1.25
5,18,0,0,0.0,0.0,0.0
5,19,0,0,0.0,0.0,0.0
5,20,0,0,0.0,0.0,0.0
5,21,0,0,0.0,0.0,0.0
5,22,0,0,0.0,0.0,0.0
5,23,0,0,0.0,0.0,0.0
5,24,0,0,0.0,0.0,0.0
5,25,3,0,3.75,0.0,-3.75
5,26,1,0,1.25,0.0,-1.25
5,27,0,0,0.0,0.0,0.0
5,28,0,0,0.0,0.0,0.0
5,29,0,1,0.0,1.25,1.25
5,30,2,2,2.5,2.5,0.0
5,31,1,1,1.25,1.25,0.0
5,32,0,1,0.0,1.25,1.25
5,33,1,0,1.25,0.0,-1.25
5,34,1,0,1.25,0.0,-1.25
5,35,0,0,0.0,0.0,0.0
5,36,0,2,0.0,2.5,2.5
5,37,0,1,0.0,1.25,1.25
5,38,1,2,1.25,2.5,1.25
5,39,0,0,0.0,0.0,0.0
5,40,3,0,3.75,0.0,-3.75
5,41,0,1,0.0,1.25,1.25
5,42,0,0,0.0,0.0,0.0
5,43,0,0,0.0,0.0,0.0
5,44,0,1,0.0,1.25,1.25
5,45,0,0,0.0,0.0,0.0
5,46,0,1,0.0,1.25,1.25
5,47,0,0,0.0,0.0,0.0
5,48,0,0,0.0,0.0,0.0
5,49,1,0,1.25,0.0,-1.25
5,50,0,0,0.0,0.0,0.0
5,51,0,0,0.0,0.0,0.0
5,52,0,0,0.0,0.0,0.0
5,53,0,0,0.0,0.0,0.0
5,54,0,0,0.0,0.0,0.0
5,55,0,0,0.0,0.0,0.0
5,56,0,0,0.0,0.0,0.0
5,57,0,0,0.0,0.0,0.0
5,58,0,0,0.0,0.0,0.0
5,59,0,1,0.0,1.25,1.25
5,60,3,0,3.75,0.0,-3.75
5,61,1,1,1.25,1.25,0.0
5,62,1,2,1.25,2.5,1.25
5,63,2,1,2.5,1.25,-1.25
5,64,1,2,1.25,2.5,1.25
5,65,0,2,0.0,2.5,2.5
5,66,0,2,0.0,2.5,2.5
5,67,0,0,0.0,0.0,0.0
5,68,0,1,0.0,1.25,1.25
5,69,1,0,1.25,0.0,-1.25
5,70,2,1,2.5,1.25,-1.25
5,71,2,1,2.5,1.25,-1.25
5,72,2,0,2.5,0.0,-2.5
5,73,0,0,0.0,0.0,0.0
5,74,0,0,0.0,0.0,0.0
5,75,1,0,1.25,0.0,-1.25
5,76,0,0,0.0,0.0,0.0
5,77,0,0,0.0,0.0,0.0
5,78,0,3,0.0,3.75,3.75
5,79,0,1,0.0,1.25,1.25
5,80,0,0,0.0,0.0,0.0
5,81,1,0,1.25,0.0,-1.25
5,82,2,0,2.5,0.0,-2.5
5,83,1,3,1.25,3.75,2.5
5,84,1,0,1.25,0.0,-1.25
5,85,2,0,2.5,0.0,-2.5
5,86,0,3,0.0,3.75,3.75
5,87,0,0,0.0,0.0,0.0
5,88,1,0,1.25,0.0,-1.25
5,89,0,0,0.0,0.0,0.0
5,90,0,0,0.0,0.0,0.0
5,91,0,0,0.0,0.0,0.0
5,92,0,0,0.0,0.0,0.0
5,93,0,0,0.0,0.0,0.0
5,94,0,0,0.0,0.0,0.0
5,95,0,0,0.0,0.0,0.0
5,96,1,0,1.25,0.0,-1.25
5,97,0,1,0.0,1.25,1.25
5,98,0,0,0.0,0.0,0.0
5,99,1,1,1.25,1.25,0.0
5,100,0,0,0.0,0.0,0.0
5,101,0,0,0.0,0.0,0.0
5,102,1,0,1.25,0.0,-1.25
5,103,2,1,2.5,1.25,-1.25
5,104,1,1,1.25,1.25,0.0
5,105,1,1,1.25,1.25,0.0
5,106,0,0,0.0,0.0,0.0
5,107,0,1,0.0,1.25,1.25
5,108,1,0,1.25,0.0,-1.25
5,109,2,0,2.5,0.0,-2.5
5,110,0,0,0.0,0.0,0.0
5,111,1,0,1.25,0.0,-1.25
5,112,0,1,0.0,1.25,1.25
5,113,1,1,1.25,1.25,0.0
5,114,2,1,2.5,1.25,-1.25
5,115,0,0,0.0,0.0,0.0
5,116,0,0,0.0,0.0,0.0
5,117,0,1,0.0,1.25,1.25
5,118,1,0,1.25,0.0,-1.25
5,119,0,0,0.0,0.0,0.0
5,120,0,0,0.0,0.0,0.0
5,121,0,0,0.0,0.0,0.0
5,122,0,0,0.0,0.0,0.0
5,123,0,0,0.0,0.0,0.0
5,124,0,0,0.0,0.0,0.0
5,125,0,0,0.0,0.0,0.0
5,126,0,0,0.0,0.0,0.0
5,127,0,0,0.0,0.0,0.0
5,128,0,0,0.0,0.0,0.0
5,129,0,0,0.0,0.0,0.0
5,130,0,0,0.0,0.0,0.0
5,131,0,1,0.0,1.25,1.25
5,132,1,0,1.25,0.0,-1.25
5,133,0,0,0.0,0.0,0.0
5,134,0,0,0.0,0.0,0.0
6,0,0,1,0.0,1.25,1.25
6,1,1,0,1.25,0.0,-1.25
6,2,0,1,0.0,1.25,1.25
6,3,1,0,1.25,0.0,-1.25
6,4,2,0,2.5,0.0,-2.5
6,5,0,1,0.0,1.25,1.25
6,6,3,1,3.75,1.25,-2.5
6,7,1,0,1.25,0.0,-1.25
6,8,0,5,0.0,6.25,6.25
6,9,2,1,2.5,1.25,-1.25
6,10,0,1,0.0,1.25,1.25
6,11,0,0,0.0,0.0,0.0
6,12,2,1,2.5,1.25,-1.25
6,13,1,1,1.25,1.25,0.0
6,14,0,1,0.0,1.25,1.25
6,15,0,0,0.0,0.0,0.0
6,16,1,0,1.25,0.0,-1.25
6,17,0,2,0.0,2.5,2.5
6,18,0,2,0.0,2.5,2.5
6,19,1,0,1.25,0.0,-1.25
6,20,1,0,1.25,0.0,-1.25
6,21,0,0,0.0,0.0,0.0
6,22,0,1,0.0,1.25,1.25
6,23,0,2,0.0,2.5,2.5
6,24,1,1,1.25,1.25,0.0
6,25,0,3,0.0,3.75,3.75
6,26,1,0,1.25,0.0,-1.25
6,27,0,0,0.0,0.0,0.0
6,28,0,0,0.0,0.0,0.0
6,29,3,3,3.75,3.75,0.0
6,30,1,3,1.25,3.75,2.5
6,31,1,0,1.25,0.0,-1.25
6,32,0,0,0.0,0.0,0.0
6,33,1,1,1.25,1.25,0.0
6,34,0,0,0.0,0.0,0.0
6,35,1,1,1.25,1.25,0.0
6,36,0,3,0.0,3.75,3.75
6,37,0,0,0.0,0.0,0.0
6,38,1,1,1.25,1.25,0.0
6,39,1,1,1.25,1.25,0.0
6,40,0,0,0.0,0.0,0.0
6,41,0,1,0.0,1.25,1.25
6,42,0,0,0.0,0.0,0.0
6,43,1,0,1.25,0.0,-1.25
6,44,2,1,2.5,1.25,-1.25
6,45,0,1,0.0,1.25,1.25
6,46,3,0,3.75,0.0,-3.75
6,47,0,0,0.0,0.0,0.0
6,48,0,0,0.0,0.0,0.0
6,49,0,0,0.0,0.0,0.0
6,50,0,2,0.0,2.5,2.5
6,51,0,0,0.0,0.0,0.0
6,52,0,0,0.0,0.0,0.0
6,53,0,1,0.0,1.25,1.25
6,54,0,0,0.0,0.0,0.0
6,55,0,0,0.0,0.0,0.0
6,56,0,0,0.0,0.0,0.0
6,57,0,0,0.0,0.0,0.0
6,58,1,0,1.25,0.0,-1.25
6,59,0,0,0.0,0.0,0.0
6,60,4,2,5.0,2.5,-2.5
6,61,1,1,1.25,1.25,0.0
6,62,0,1,0.0,1.25,1.25
6,63,1,0,1.25,0.0,-1.25
6,64,0,2,0.0,2.5,2.5
6,65,1,2,1.25,2.5,1.25
6,66,1,1,1.25,1.25,0.0
6,67,0,2,0.0,2.5,2.5
6,68,1,0,1.25,0.0,-1.25
6,69,3,0,3.75,0.0,-3.75
6,70,0,1,0.0,1.25,1.25
6,71,2,1,2.5,1.25,-1.25
6,72,0,0,0.0,0.0,0.0
6,73,0,0,0.0,0.0,0.0
6,74,0,0,0.0,0.0,0.0
6,75,1,0,1.25,0.0,-1.25
6,76,1,0,1.25,0.0,-1.25
6,77,1,0,1.25,0.0,-1.25
6,78,0,1,0.0,1.25,1.25
6,79,1,1,1.25,1.25,0.0
6,80,0,2,0.0,2.5,2.5
6,81,3,1,3.75,1.25,-2.5
6,82,0,3,0.0,3.75,3.75
6,83,1,1,1.25,1.25,0.0
6,84,1,0,1.25,0.0,-1.25
6,85,1,4,1.25,5.0,3.75
6,86,1,0,1.25,0.0,-1.25
6,87,0,0,0.0,0.0,0.0
6,88,0,0,0.0,0.0,0.0
6,89,1,0,1.25,0.0,-1.25
6,90,0,0,0.0,0.0,0.0
6,91,0,0,0.0,0.0,0.0
6,92,2,0,2.5,0.0,-2.5
6,93,0,0,0.0,0.0,0.0
6,94,0,0,0.0,0.0,0.0
6,95,0,0,0.0,0.0,0.0
6,96,1,0,1.25,0.0,-1.25
6,97,0,0,0.0,0.0,0.0
6,98,2,2,2.5,2.5,0.0
6,99,0,1,0.0,1.25,1.25
6,100,0,0,0.0,0.0,0.0
6,101,0,3,0.0,3.75,3.75
6,102,0,0,0.0,0.0,0.0
6,103,0,0,0.0,0.0,0.0
6,104,1,2,1.25,2.5,1.25
6,105,1,0,1.25,0.0,-1.25
6,106,2,1,2.5,1.25,-1.25
6,107,0,0,0.0,0.0,0.0
6,108,0,2,0.0,2.5,2.5
6,109,1,1,1.25,1.25,0.0
6,110,1,0,1.25,0.0,-1.25
6,111,1,1,1.25,1.25,0.0
6,112,1,2,1.25,2.5,1.25
6,113,1,0,1.25,0.0,-1.25
6,114,1,0,1.25,0.0,-1.25
6,115,2,0,2.5,0.0,-2.5
6,116,0,0,0.0,0.0,0.0
6,117,2,1,2.5,1.25,-1.25
6,118,0,0,0.0,0.0,0.0
6,119,0,0,0.0,0.0,0.0
6,120,0,0,0.0,0.0,0.0
6,121,0,0,0.0,0.0,0.0
6,122,0,0,0.0,0.0,0.0
6,123,0,0,0.0,0.0,0.0
6,124,0,0,0.0,0.0,0.0
6,125,0,0,0.0,0.0,0.0
6,126,0,0,0.0,0.0,0.0
6,127,0,0,0.0,0.0,0.0
6,128,0,0,0.0,0.0,0.0
6,129,0,0,0.0,0.0,0.0
6,130,0,0,0.0,0.0,0.0
6,131,1,1,1.25,1.25,0.0
6,132,1,0,1.25,0.0,-1.25
6,133,1,0,1.25,0.0,-1.25
6,134,0,0,0.0,0.0,0.0
7,0,1,1,1.25,1.25,0.0
7,1,0,4,0.0,5.0,5.0
7,2,1,3,1.25,3.75,2.5
7,3,3,0,3.75,0.0,-3.75
7,4,2,2,2.5,2.5,0.0
7,5,0,1,0.0,1.25,1.25
7,6,1,6,1.25,7.5,6.25
7,7,1,4,1.25,5.0,3.75
7,8,5,1,6.25,1.25,-5.0
7,9,3,0,3.75,0.0,-3.75
7,10,2,0,2.5,0.0,-2.5
7,11,2,0,2.5,0.0,-2.5
7,12,0,4,0.0,5.0,5.0
7,13,0,1,0.0,1.25,1.25
7,14,0,0,0.0,0.0,0.0
7,15,2,1,2.5,1.25,-1.25
7,16,2,1,2.5,1.25,-1.25
7,17,0,1,0.0,1.25,1.25
7,18,1,1,1.25,1.25,0.0
7,19,1,0,1.25,0.0,-1.25
7,20,1,0,1.25,0.0,-1.25
7,21,3,2,3.75,2.5,-1.25
7,22,2,1,2.5,1.25,-1.25
7,23,4,1,5.0,1.25,-3.75
7,24,0,0,0.0,0.0,0.0
7,25,0,2,0.0,2.5,2.5
7,26,1,3,1.25,3.75,2.5
7,27,0,1,0.0,1.25,1.25
7,28,0,1,0.0,1.25,1.25
7,29,0,0,0.0,0.0,0.0
7,30,0,0,0.0,0.0,0.0
7,31,0,1,0.0,1.25,1.25
7,32,3,1,3.75,1.25,-2.5
7,33,1,2,1.25,2.5,1.25
7,34,3,3,3.75,3.75,0.0
7,35,4,2,5.0,2.5,-2.5
7,36,1,1,1.25,1.25,0.0
7,37,3,2,3.75,2.5,-1.25
7,38,0,2,0.0,2.5,2.5
7,39,2,1,2.5,1.25,-1.25
7,40,1,2,1.25,2.5,1.25
7,41,0,0,0.0,0.0,0.0
7,42,2,1,2.5,1.25,-1.25
7,43,1,0,1.25,0.0,-1.25
7,44,0,1,0.0,1.25,1.25
7,45,0,2,0.0,2.5,2.5
7,46,1,2,1.25,2.5,1.25
7,47,1,0,1.25,0.0,-1.25
7,48,2,0,2.5,0.0,-2.5
7,49,0,1,0.0,1.25,1.25
7,50,0,1,0.0,1.25,1.25
7,51,2,0,2.5,0.0,-2.5
7,52,1,0,1.25,0.0,-1.25
7,53,1,0,1.25,0.0,-1.25
7,54,0,0,0.0,0.0,0.0
7,55,0,0,0.0,0.0,0.0
7,56,0,1,0.0,1.25,1.25
7,57,0,1,0.0,1.25,1.25
7,58,1,0,1.25,0.0,-1.25
7,59,0,0,0.0,0.0,0.0
7,60,0,0,0.0,0.0,0.0
7,61,0,1,0.0,1.25,1.25
7,62,2,1,2.5,1.25,-1.25
7,63,2,0,2.5,0.0,-2.5
7,64,1,1,1.25,1.25,0.0
7,65,4,3,5.0,3.75,-1.25
7,66,2,0,2.5,0.0,-2.5
7,67,0,0,0.0,0.0,0.0
7,68,1,0,1.25,0.0,-1.25
7,69,1,1,1.25,1.25,0.0
7,70,0,0,0.0,0.0,0.0
7,71,1,0,1.25,0.0,-1.25
7,72,0,1,0.0,1.25,1.25
7,73,1,0,1.25,0.0,-1.25
7,74,0,2,0.0,2.5,2.5
7,75,3,4,3.75,5.0,1.25
7,76,0,0,0.0,0.0,0.0
7,77,1,1,1.25,1.25,0.0
7,78,1,1,1.25,1.25,0.0
7,79,1,0,1.25,0.0,-1.25
7,80,1,0,1.25,0.0,-1.25
7,81,1,0,1.25,0.0,-1.25
7,82,0,2,0.0,2.5,2.5
7,83,1,2,1.25,2.5,1.25
7,84,3,3,3.75,3.75,0.0
7,85,1,2,1.25,2.5,1.25
7,86,1,4,1.25,5.0,3.75
7,87,0,0,0.0,0.0,0.0
7,88,3,2,3.75,2.5,-1.25
7,89,1,0,1.25,0.0,-1.25
7,90,1,0,1.25,0.0,-1.25
7,91,0,1,0.0,1.25,1.25
7,92,1,0,1.25,0.0,-1.25
7,93,1,0,1.25,0.0,-1.25
7,94,1,3,1.25,3.75,2.5
7,95,0,2,0.0,2.5,2.5
7,96,1,3,1.25,3.75,2.5
7,97,0,0,0.0,0.0,0.0
7,98,0,0,0.0,0.0,0.0
7,99,0,1,0.0,1.25,1.25
7,100,0,1,0.0,1.25,1.25
7,101,1,0,1.25,0.0,-1.25
7,102,0,1,0.0,1.25,1.25
7,103,0,1,0.0,1.25,1.25
7,104,0,1,0.0,1.25,1.25
7,105,1,0,1.25,0.0,-1.25
7,106,0,2,0.0,2.5,2.5
7,107,1,1,1.25,1.25,0.0
7,108,0,1,0.0,1.25,1.25
7,109,0,0,0.0,0.0,0.0
7,110,1,1,1.25,1.25,0.0
7,111,2,1,2.5,1.25,-1.25
7,112,0,0,0.0,0.0,0.0
7,113,2,1,2.5,1.25,-1.25
7,114,1,0,1.25,0.0,-1.25
7,115,2,2,2.5,2.5,0.0
7,116,1,0,1.25,0.0,-1.25
7,117,1,0,1.25,0.0,-1.25
7,118,2,0,2.5,0.0,-2.5
7,119,4,2,5.0,2.5,-2.5
7,120,1,2,1.25,2.5,1.25
7,121,2,1,2.5,1.25,-1.25
7,122,0,0,0.0,0.0,0.0
7,123,0,0,0.0,0.0,0.0
7,124,1,1,1.25,1.25,0.0
7,125,1,1,1.25,1.25,0.0
7,126,1,0,1.25,0.0,-1.25
7,127,1,0,1.25,0.0,-1.25
7,128,0,1,0.0,1.25,1.25
7,129,1,0,1.25,0.0,-1.25
7,130,1,1,1.25,1.25,0.0
7,131,0,0,0.0,0.0,0.0
7,132,1,0,1.25,0.0,-1.25
7,133,2,1,2.5,1.25,-1.25
7,134,1,1,1.25,1.25,0.0
8,0,1,2,1.25,2.5,1.25
8,1,1,1,1.25,1.25,0.0
8,2,2,0,2.5,0.0,-2.5
8,3,1,2,1.25,2.5,1.25
8,4,1,4,1.25,5.0,3.75
8,5,1,0,1.25,0.0,-1.25
8,6,3,0,3.75,0.0,-3.75
8,7,1,0,1.25,0.0,-1.25
8,8,1,1,1.25,1.25,0.0
8,9,3,1,3.75,1.25,-2.5
8,10,1,0,1.25,0.0,-1.25
8,11,3,1,3.75,1.25,-2.5
8,12,2,0,2.5,0.0,-2.5
8,13,0,1,0.0,1.25,1.25
8,14,0,3,0.0,3.75,3.75
8,15,0,0,0.0,0.0,0.0
8,16,0,0,0.0,0.0,0.0
8,17,0,0,0.0,0.0,0.0
8,18,0,0,0.0,0.0,0.0
8,19,0,0,0.0,0.0,0.0
8,20,1,0,1.25,0.0,-1.25
8,21,1,0,1.25,0.0,-1.25
8,22,1,3,1.25,3.75,2.5
8,23,1,0,1.25,0.0,-1.25
8,24,2,2,2.5,2.5,0.0
8,25,0,4,0.0,5.0,5.0
8,26,4,0,5.0,0.0,-5.0
8,27,3,2,3.75,2.5,-1.25
8,28,2,2,2.5,2.5,0.0
8,29,1,5,1.25,6.25,5.0
8,30,1,1,1.25,1.25,0.0
8,31,3,0,3.75,0.0,-3.75
8,32,3,0,3.75,0.0,-3.75
8,33,2,1,2.5,1.25,-1.25
8,34,2,1,2.5,1.25,-1.25
8,35,3,2,3.75,2.5,-1.25
8,36,3,2,3.75,2.5,-1.25
8,37,0,0,0.0,0.0,0.0
8,38,1,1,1.25,1.25,0.0
8,39,3,2,3.75,2.5,-1.25
8,40,2,3,2.5,3.75,1.25
8,41,1,2,1.25,2.5,1.25
8,42,1,0,1.25,0.0,-1.25
8,43,1,0,1.25,0.0,-1.25
8,44,1,0,1.25,0.0,-1.25
8,45,2,0,2.5,0.0,-2.5
8,46,2,0,2.5,0.0,-2.5
8,47,2,3,2.5,3.75,1.25
8,48,0,3,0.0,3.75,3.75
8,49,1,2,1.25,2.5,1.25
8,50,5,2,6.25,2.5,-3.75
8,51,2,1,2.5,1.25,-1.25
8,52,0,0,0.0,0.0,0.0
8,53,1,0,1.25,0.0,-1.25
8,54,0,0,0.0,0.0,0.0
8,55,0,0,0.0,0.0,0.0
8,56,1,0,1.25,0.0,-1.25
8,57,0,0,0.0,0.0,0.0
8,58,0,0,0.0,0.0,0.0
8,59,0,0,0.0,0.0,0.0
8,60,1,1,1.25,1.25,0.0
8,61,0,1,0.0,1.25,1.25
8,62,0,1,0.0,1.25,1.25
8,63,0,2,0.0,2.5,2.5
8,64,1,0,1.25,0.0,-1.25
8,65,0,2,0.0,2.5,2.5
8,66,1,0,1.25,0.0,-1.25
8,67,2,4,2.5,5.0,2.5
8,68,0,0,0.0,0.0,0.0
8,69,2,1,2.5,1.25,-1.25
8,70,2,1,2.5,1.25,-1.25
8,71,0,0,0.0,0.0,0.0
8,72,1,3,1.25,3.75,2.5
8,73,2,0,2.5,0.0,-2.5
8,74,0,0,0.0,0.0,0.0
8,75,0,0,0.0,0.0,0.0
8,76,1,1,1.25,1.25,0.0
8,77,1,1,1.25,1.25,0.0
8,78,0,1,0.0,1.25,1.25
8,79,1,1,1.25,1.25,0.0
8,80,1,0,1.25,0.0,-1.25
8,81,2,1,2.5,1.25,-1.25
8,82,0,1,0.0,1.25,1.25
8,83,2,3,2.5,3.75,1.25
8,84,1,0,1.25,0.0,-1.25
8,85,1,0,1.25,0.0,-1.25
8,86,2,0,2.5,0.0,-2.5
8,87,0,1,0.0,1.25,1.25
8,88,3,0,3.75,0.0,-3.75
8,89,7,5,8.75,6.25,-2.5
8,90,2,1,2.5,1.25,-1.25
8,91,1,0,1.25,0.0,-1.25
8,92,2,0,2.5,0.0,-2.5
8,93,2,0,2.5,0.0,-2.5
8,94,1,6,1.25,7.5,6.25
8,95,0,0,0.0,0.0,0.0
8,96,2,0,2.5,0.0,-2.5
8,97,0,0,0.0,0.0,0.0
8,98,3,1,3.75,1.25,-2.5
8,99,0,2,0.0,2.5,2.5
8,100,0,0,0.0,0.0,0.0
8,101,1,1,1.25,1.25,0.0
8,102,2,1,2.5,1.25,-1.25
8,103,1,0,1.25,0.0,-1.25
8,104,4,4,5.0,5.0,0.0
8,105,5,1,6.25,1.25,-5.0
8,106,4,3,5.0,3.75,-1.25
8,107,4,1,5.0,1.25,-3.75
8,108,3,1,3.75,1.25,-2.5
8,109,0,2,0.0,2.5,2.5
8,110,0,1,0.0,1.25,1.25
8,111,2,2,2.5,2.5,0.0
8,112,1,1,1.25,1.25,0.0
8,113,5,1,6.25,1.25,-5.0
8,114,2,2,2.5,2.5,0.0
8,115,3,1,3.75,1.25,-2.5
8,116,4,4,5.0,5.0,0.0
8,117,0,1,0.0,1.25,1.25
8,118,3,2,3.75,2.5,-1.25
8,119,3,1,3.75,1.25,-2.5
8,120,2,1,2.5,1.25,-1.25
8,121,5,1,6.25,1.25,-5.0
8,122,1,3,1.25,3.75,2.5
8,123,0,0,0.0,0.0,0.0
8,124,2,3,2.5,3.75,1.25
8,125,3,4,3.75,5.0,1.25
8,126,4,1,5.0,1.25,-3.75
8,127,0,4,0.0,5.0,5.0
8,128,1,2,1.25,2.5,1.25
8,129,1,1,1.25,1.25,0.0
8,130,2,3,2.5,3.75,1.25
8,131,2,1,2.5,1.25,-1.25
8,132,3,0,3.75,0.0,-3.75
8,133,2,1,2.5,1.25,-1.25
8,134,0,3,0.0,3.75,3.75
9,0,0,3,0.0,3.75,3.75
9,1,12,3,15.0,3.75,-11.25
9,2,4,4,5.0,5.0,0.0
9,3,6,3,7.5,3.75,-3.75
9,4,2,3,2.5,3.75,1.25
9,5,0,6,0.0,7.5,7.5
9,6,3,5,3.75,6.25,2.5
9,7,1,6,1.25,7.5,6.25
9,8,7,4,8.75,5.0,-3.75
9,9,6,6,7.5,7.5,0.0
9,10,2,1,2.5,1.25,-1.25
9,11,5,3,6.25,3.75,-2.5
9,12,9,4,11.25,5.0,-6.25
9,13,3,3,3.75,3.75,0.0
9,14,3,5,3.75,6.25,2.5
9,15,3,4,3.75,5.0,1.25
9,16,4,5,5.0,6.25,1.25
9,17,2,0,2.5,0.0,-2.5
9,18,5,10,6.25,12.5,6.25
9,19,1,1,1.25,1.25,0.0
9,20,1,0,1.25,0.0,-1.25
9,21,5,8,6.25,10.0,3.75
9,22,1,3,1.25,3.75,2.5
9,23,3,5,3.75,6.25,2.5
9,24,12,4,15.0,5.0,-10.0
9,25,4,5,5.0,6.25,1.25
9,26,9,2,11.25,2.5,-8.75
9,27,1,3,1.25,3.75,2.5
9,28,4,3,5.0,3.75,-1.25
9,29,0,3,0.0,3.75,3.75
9,30,2,3,2.5,3.75,1.25
9,31,2,0,2.5,0.0,-2.5
9,32,1,3,1.25,3.75,2.5
9,33,4,0,5.0,0.0,-5.0
9,34,1,4,1.25,5.0,3.75
9,35,1,3,1.25,3.75,2.5
9,36,3,1,3.75,1.25,-2.5
9,37,6,3,7.5,3.75,-3.75
9,38,6,0,7.5,0.0,-7.5
9,39,1,2,1.25,2.5,1.25
9,40,2,0,2.5,0.0,-2.5
9,41,1,6,1.25,7.5,6.25
9,42,1,0,1.25,0.0,-1.25
9,43,2,6,2.5,7.5,5.0
9,44,7,4,8.75,5.0,-3.75
9,45,4,2,5.0,2.5,-2.5
9,46,2,1,2.5,1.25,-1.25
9,47,0,3,0.0,3.75,3.75
9,48,1,2,1.25,2.5,1.25
9,49,2,2,2.5,2.5,0.0
9,50,8,7,10.0,8.75,-1.25
9,51,6,4,7.5,5.0,-2.5
9,52,3,3,3.75,3.75,0.0
9,53,3,3,3.75,3.75,0.0
9,54,0,0,0.0,0.0,0.0
9,55,0,0,0.0,0.0,0.0
9,56,1,3,1.25,3.75,2.5
9,57,3,2,3.75,2.5,-1.25
9,58,6,3,7.5,3.75,-3.75
9,59,1,2,1.25,2.5,1.25
9,60,3,4,3.75,5.0,1.25
9,61,2,3,2.5,3.75,1.25
9,62,5,2,6.25,2.5,-3.75
9,63,1,4,1.25,5.0,3.75
9,64,3,4,3.75,5.0,1.25
9,65,1,5,1.25,6.25,5.0
9,66,5,1,6.25,1.25,-5.0
9,67,7,5,8.75,6.25,-2.5
9,68,5,3,6.25,3.75,-2.5
9,69,2,2,2.5,2.5,0.0
9,70,0,10,0.0,12.5,12.5
9,71,3,1,3.75,1.25,-2.5
9,72,1,4,1.25,5.0,3.75
9,73,3,0,3.75,0.0,-3.75
9,74,0,1,0.0,1.25,1.25
9,75,2,6,2.5,7.5,5.0
9,76,4,3,5.0,3.75,-1.25
9,77,0,5,0.0,6.25,6.25
9,78,1,2,1.25,2.5,1.25
9,79,2,0,2.5,0.0,-2.5
9,80,3,4,3.75,5.0,1.25
9,81,6,2,7.5,2.5,-5.0
9,82,1,3,1.25,3.75,2.5
9,83,2,5,2.5,6.25,3.75
9,84,3,14,3.75,17.5,13.75
9,85,5,4,6.25,5.0,-1.25
9,86,1,3,1.25,3.75,2.5
9,87,1,0,1.25,0.0,-1.25
9,88,13,2,16.25,2.5,-13.75
9,89,0,8,0.0,10.0,10.0
9,90,2,5,2.5,6.25,3.75
9,91,2,1,2.5,1.25,-1.25
9,92,1,2,1.25,2.5,1.25
9,93,1,4,1.25,5.0,3.75
9,94,1,1,1.25,1.25,0.0
9,95,3,2,3.75,2.5,-1.25
9,96,1,0,1.25,0.0,-1.25
9,97,3,5,3.75,6.25,2.5
9,98,3,1,3.75,1.25,-2.5
9,99,2,5,2.5,6.25,3.75
9,100,0,2,0.0,2.5,2.5
9,101,1,6,1.25,7.5,6.25
9,102,5,10,6.25,12.5,6.25
9,103,4,4,5.0,5.0,0.0
9,104,1,6,1.25,7.5,6.25
9,105,0,1,0.0,1.25,1.25
9,106,1,6,1.25,7.5,6.25
9,107,7,4,8.75,5.0,-3.75
9,108,3,5,3.75,6.25,2.5
9,109,9,7,11.25,8.75,-2.5
9,110,1,3,1.25,3.75,2.5
9,111,0,0,0.0,0.0,0.0
9,112,6,2,7.5,2.5,-5.0
9,113,4,5,5.0,6.25,1.25
9,114,1,3,1.25,3.75,2.5
9,115,1,2,1.25,2.5,1.25
9,116,5,2,6.25,2.5,-3.75
9,117,5,0,6.25,0.0,-6.25
9,118,2,0,2.5,0.0,-2.5
9,119,4,1,5.0,1.25,-3.75
9,120,4,8,5.0,10.0,5.0
9,121,2,6,2.5,7.5,5.0
9,122,1,2,1.25,2.5,1.25
9,123,2,1,2.5,1.25,-1.25
9,124,1,1,1.25,1.25,0.0
9,125,2,6,2.5,7.5,5.0
9,126,5,2,6.25,2.5,-3.75
9,127,3,4,3.75,5.0,1.25
9,128,2,4,2.5,5.0,2.5
9,129,3,3,3.75,3.75,0.0
9,130,13,7,16.25,8.75,-7.5
9,131,4,7,5.0,8.75,3.75
9,132,2,1,2.5,1.25,-1.25
9,133,6,4,7.5,5.0,-2.5
9,134,2,3,2.5,3.75,1.25
10,0,0,0,0.0,0.0,0.0
10,1,0,0,0.0,0.0,0.0
10,2,0,0,0.0,0.0,0.0
10,3,0,1,0.0,1.25,1.25
10,4,0,0,0.0,0.0,0.0
10,5,0,0,0.0,0.0,0.0
10,6,1,0,1.25,0.0,-1.25
10,7,0,0,0.0,0.0,0.0
10,8,0,0,0.0,0.0,0.0
10,9,1,0,1.25,0.0,-1.25
10,10,0,1,0.0,1.25,1.25
10,11,0,0,0.0,0.0,0.0
10,12,0,0,0.0,0.0,0.0
10,13,0,0,0.0,0.0,0.0
10,14,0,0,0.0,0.0,0.0
10,15,0,0,0.0,0.0,0.0
10,16,0,0,0.0,0.0,0.0
10,17,0,0,0.0,0.0,0.0
10,18,0,1,0.0,1.25,1.25
10,19,0,0,0.0,0.0,0.0
10,20,0,0,0.0,0.0,0.0
10,21,0,0,0.0,0.0,0.0
10,22,0,0,0.0,0.0,0.0
10,23,0,0,0.0,0.0,0.0
10,24,1,0,1.25,0.0,-1.25
10,25,0,0,0.0,0.0,0.0
10,26,0,0,0.0,0.0,0.0
10,27,0,0,0.0,0.0,0.0
10,28,0,0,0.0,0.0,0.0
10,29,0,0,0.0,0.0,0.0
10,30,0,0,0.0,0.0,0.0
10,31,0,0,0.0,0.0,0.0
10,32,0,1,0.0,1.25,1.25
10,33,0,0,0.0,0.0,0.0
10,34,0,0,0.0,0.0,0.0
10,35,0,0,0.0,0.0,0.0
10,36,0,0,0.0,0.0,0.0
10,37,0,0,0.0,0.0,0.0
10,38,1,0,1.25,0.0,-1.25
10,39,0,0,0.0,0.0,0.0
10,40,1,0,1.25,0.0,-1.25
10,41,0,0,0.0,0.0,0.0
10,42,0,0,0.0,0.0,0.0
10,43,0,0,0.0,0.0,0.0
10,44,0,0,0.0,0.0,0.0
10,45,0,0,0.0,0.0,0.0
10,46,0,0,0.0,0.0,0.0
10,47,0,0,0.0,0.0,0.0
10,48,0,0,0.0,0.0,0.0
10,49,0,0,0.0,0.0,0.0
10,50,1,0,1.25,0.0,-1.25
10,51,0,0,0.0,0.0,0.0
10,52,0,0,0.0,0.0,0.0
10,53,0,0,0.0,0.0,0.0
10,54,0,0,0.0,0.0,0.0
10,55,0,0,0.0,0.0,0.0
10,56,0,0,0.0,0.0,0.0
10,57,0,0,0.0,0.0,0.0
10,58,0,0,0.0,0.0,0.0
10,59,0,0,0.0,0.0,0.0
10,60,0,0,0.0,0.0,0.0
10,61,0,0,0.0,0.0,0.0
10,62,0,0,0.0,0.0,0.0
10,63,0,0,0.0,0.0,0.0
10,64,1,0,1.25,0.0,-1.25
10,65,0,0,0.0,0.0,0.0
10,66,0,0,0.0,0.0,0.0
10,67,0,0,0.0,0.0,0.0
10,68,0,0,0.0,0.0,0.0
10,69,0,0,0.0,0.0,0.0
10,70,0,0,0.0,0.0,0.0
10,71,0,0,0.0,0.0,0.0
10,72,0,1,0.0,1.25,1.25
10,73,0,1,0.0,1.25,1.25
10,74,0,0,0.0,0.0,0.0
10,75,0,0,0.0,0.0,0.0
10,76,0,0,0.0,0.0,0.0
10,77,0,0,0.0,0.0,0.0
10,78,0,0,0.0,0.0,0.0
10,79,0,0,0.0,0.0,0.0
10,80,1,0,1.25,0.0,-1.25
10,81,0,0,0.0,0.0,0.0
10,82,0,0,0.0,0.0,0.0
10,83,0,0,0.0,0.0,0.0
10,84,0,0,0.0,0.0,0.0
10,85,0,0,0.0,0.0,0.0
10,86,0,0,0.0,0.0,0.0
10,87,0,0,0.0,0.0,0.0
10,88,0,1,0.0,1.25,1.25
10,89,0,0,0.0,0.0,0.0
10,90,1,0,1.25,0.0,-1.25
10,91,0,0,0.0,0.0,0.0
10,92,0,0,0.0,0.0,0.0
10,93,0,0,0.0,0.0,0.0
10,94,0,0,0.0,0.0,0.0
10,95,0,0,0.0,0.0,0.0
10,96,0,0,0.0,0.0,0.0
10,97,0,0,0.0,0.0,0.0
10,98,1,0,1.25,0.0,-1.25
10,99,1,0,1.25,0.0,-1.25
10,100,0,0,0.0,0.0,0.0
10,101,0,0,0.0,0.0,0.0
10,102,0,0,0.0,0.0,0.0
10,103,0,0,0.0,0.0,0.0
10,104,0,0,0.0,0.0,0.0
10,105,1,0,1.25,0.0,-1.25
10,106,0,0,0.0,0.0,0.0
10,107,0,0,0.0,0.0,0.0
10,108,0,0,0.0,0.0,0.0
10,109,0,0,0.0,0.0,0.0
10,110,0,0,0.0,0.0,0.0
10,111,0,0,0.0,0.0,0.0
10,112,0,0,0.0,0.0,0.0
10,113,1,0,1.25,0.0,-1.25
10,114,0,0,0.0,0.0,0.0
10,115,1,1,1.25,1.25,0.0
10,116,0,0,0.0,0.0,0.0
10,117,0,0,0.0,0.0,0.0
10,118,0,0,0.0,0.0,0.0
10,119,0,0,0.0,0.0,0.0
10,120,0,0,0.0,0.0,0.0
10,121,0,0,0.0,0.0,0.0
10,122,0,1,0.0,1.25,1.25
10,123,0,0,0.0,0.0,0.0
10,124,0,0,0.0,0.0,0.0
10,125,1,0,1.25,0.0,-1.25
10,126,0,0,0.0,0.0,0.0
10,127,0,0,0.0,0.0,0.0
10,128,0,0,0.0,0.0,0.0
10,129,1,0,1.25,0.0,-1.25
10,130,0,0,0.0,0.0,0.0
10,131,3,0,3.75,0.0,-3.75
10,132,2,0,2.5,0.0,-2.5
10,133,0,0,0.0,0.0,0.0
10,134,0,0,0.0,0.0,0.0
11,0,0,2,0.0,2.5,2.5
11,1,0,1,0.0,1.25,1.25
11,2,1,0,1.25,0.0,-1.25
11,3,0,0,0.0,0.0,0.0
11,4,1,0,1.25,0.0,-1.25
11,5,0,0,0.0,0.0,0.0
11,6,0,0,0.0,0.0,0.0
11,7,1,0,1.25,0.0,-1.25
11,8,1,1,1.25,1.25,0.0
11,9,0,1,0.0,1.25,1.25
11,10,0,1,0.0,1.25,1.25
11,11,0,0,0.0,0.0,0.0
11,12,0,0,0.0,0.0,0.0
11,13,0,0,0.0,0.0,0.0
11,14,0,0,0.0,0.0,0.0
11,15,2,1,2.5,1.25,-1.25
11,16,2,1,2.5,1.25,-1.25
11,17,2,0,2.5,0.0,-2.5
11,18,0,0,0.0,0.0,0.0
11,19,0,2,0.0,2.5,2.5
11,20,2,0,2.5,0.0,-2.5
11,21,0,2,0.0,2.5,2.5
11,22,0,1,0.0,1.25,1.25
11,23,1,1,1.25,1.25,0.0
11,24,2,2,2.5,2.5,0.0
11,25,0,0,0.0,0.0,0.0
11,26,1,1,1.25,1.25,0.0
11,27,0,1,0.0,1.25,1.25
11,28,0,2,0.0,2.5,2.5
11,29,0,0,0.0,0.0,0.0
11,30,1,0,1.25,0.0,-1.25
11,31,0,0,0.0,0.0,0.0
11,32,0,2,0.0,2.5,2.5
11,33,0,2,0.0,2.5,2.5
11,34,0,0,0.0,0.0,0.0
11,35,0,0,0.0,0.0,0.0
11,36,1,1,1.25,1.25,0.0
11,37,0,0,0.0,0.0,0.0
11,38,0,5,0.0,6.25,6.25
11,39,0,1,0.0,1.25,1.25
11,40,1,0,1.25,0.0,-1.25
11,41,0,1,0.0,1.25,1.25
11,42,0,0,0.0,0.0,0.0
11,43,0,1,0.0,1.25,1.25
11,44,0,5,0.0,6.25,6.25
11,45,1,0,1.25,0.0,-1.25
11,46,0,3,0.0,3.75,3.75
11,47,0,0,0.0,0.0,0.0
11,48,0,1,0.0,1.25,1.25
11,49,1,1,1.25,1.25,0.0
11,50,0,5,0.0,6.25,6.25
11,51,1,0,1.25,0.0,-1.25
11,52,3,0,3.75,0.0,-3.75
11,53,0,0,0.0,0.0,0.0
11,54,0,0,0.0,0.0,0.0
11,55,2,0,2.5,0.0,-2.5
11,56,0,0,0.0,0.0,0.0
11,57,1,1,1.25,1.25,0.0
11,58,0,0,0.0,0.0,0.0
11,59,0,2,0.0,2.5,2.5
11,60,0,0,0.0,0.0,0.0
11,61,0,1,0.0,1.25,1.25
11,62,0,1,0.0,1.25,1.25
11,63,0,0,0.0,0.0,0.0
11,64,0,0,0.0,0.0,0.0
11,65,0,0,0.0,0.0,0.0
11,66,0,5,0.0,6.25,6.25
11,67,0,1,0.0,1.25,1.25
11,68,0,0,0.0,0.0,0.0
11,69,0,0,0.0,0.0,0.0
11,70,1,0,1.25,0.0,-1.25
11,71,0,0,0.0,0.0,0.0
11,72,1,0,1.25,0.0,-1.25
11,73,0,0,0.0,0.0,0.0
11,74,0,0,0.0,0.0,0.0
11,75,1,1,1.25,1.25,0.0
11,76,0,0,0.0,0.0,0.0
11,77,1,2,1.25,2.5,1.25
11,78,0,1,0.0,1.25,1.25
11,79,1,6,1.25,7.5,6.25
11,80,0,1,0.0,1.25,1.25
11,81,0,0,0.0,0.0,0.0
11,82,0,3,0.0,3.75,3.75
11,83,1,1,1.25,1.25,0.0
11,84,1,0,1.25,0.0,-1.25
11,85,2,1,2.5,1.25,-1.25
11,86,0,0,0.0,0.0,0.0
11,87,0,0,0.0,0.0,0.0
11,88,1,0,1.25,0.0,-1.25
11,89,0,1,0.0,1.25,1.25
11,90,0,0,0.0,0.0,0.0
11,91,0,1,0.0,1.25,1.25
11,92,2,1,2.5,1.25,-1.25
11,93,0,1,0.0,1.25,1.25
11,94,0,1,0.0,1.25,1.25
11,95,0,3,0.0,3.75,3.75
11,96,0,0,0.0,0.0,0.0
11,97,0,0,0.0,0.0,0.0
11,98,0,0,0.0,0.0,0.0
11,99,0,0,0.0,0.0,0.0
11,100,1,4,1.25,5.0,3.75
11,101,0,0,0.0,0.0,0.0
11,102,1,0,1.25,0.0,-1.25
11,103,0,0,0.0,0.0,0.0
11,104,0,0,0.0,0.0,0.0
11,105,0,2,0.0,2.5,2.5
11,106,1,0,1.25,0.0,-1.25
11,107,0,1,0.0,1.25,1.25
11,108,2,0,2.5,0.0,-2.5
11,109,2,1,2.5,1.25,-1.25
11,110,0,0,0.0,0.0,0.0
11,111,0,2,0.0,2.5,2.5
11,112,0,3,0.0,3.75,3.75
11,113,0,0,0.0,0.0,0.0
11,114,0,1,0.0,1.25,1.25
11,115,0,2,0.0,2.5,2.5
11,116,0,1,0.0,1.25,1.25
11,117,0,5,0.0,6.25,6.25
11,118,2,0,2.5,0.0,-2.5
11,119,0,0,0.0,0.0,0.0
11,120,0,0,0.0,0.0,0.0
11,121,0,0,0.0,0.0,0.0
11,122,0,0,0.0,0.0,0.0
11,123,0,0,0.0,0.0,0.0
11,124,0,1,0.0,1.25,1.25
11,125,1,0,1.25,0.0,-1.25
11,126,0,0,0.0,0.0,0.0
11,127,1,2,1.25,2.5,1.25
11,128,0,0,0.0,0.0,0.0
11,129,0,1,0.0,1.25,1.25
11,130,1,0,1.25,0.0,-1.25
11,131,0,0,0.0,0.0,0.0
11,132,0,2,0.0,2.5,2.5
11,133,0,1,0.0,1.25,1.25
11,134,0,1,0.0,1.25,1.25
12,0,2,9,2.5,11.25,8.75
12,1,6,2,7.5,2.5,-5.0
12,2,5,1,6.25,1.25,-5.0
12,3,3,6,3.75,7.5,3.75
12,4,0,1,0.0,1.25,1.25
12,5,4,10,5.0,12.5,7.5
12,6,6,5,7.5,6.25,-1.25
12,7,3,3,3.75,3.75,0.0
12,8,5,3,6.25,3.75,-2.5
12,9,3,5,3.75,6.25,2.5
12,10,5,3,6.25,3.75,-2.5
12,11,2,7,2.5,8.75,6.25
12,12,3,10,3.75,12.5,8.75
12,13,6,1,7.5,1.25,-6.25
12,14,3,2,3.75,2.5,-1.25
12,15,2,1,2.5,1.25,-1.25
12,16,7,3,8.75,3.75,-5.0
12,17,0,13,0.0,16.25,16.25
12,18,4,6,5.0,7.5,2.5
12,19,2,5,2.5,6.25,3.75
12,20,9,7,11.25,8.75,-2.5
12,21,1,3,1.25,3.75,2.5
12,22,2,7,2.5,8.75,6.25
12,23,0,4,0.0,5.0,5.0
12,24,3,4,3.75,5.0,1.25
12,25,0,9,0.0,11.25,11.25
12,26,4,8,5.0,10.0,5.0
12,27,7,2,8.75,2.5,-6.25
12,28,3,7,3.75,8.75,5.0
12,29,5,7,6.25,8.75,2.5
12,30,1,2,1.25,2.5,1.25
12,31,5,6,6.25,7.5,1.25
12,32,4,4,5.0,5.0,0.0
12,33,3,8,3.75,10.0,6.25
12,34,2,8,2.5,10.0,7.5
12,35,2,2,2.5,2.5,0.0
12,36,8,5,10.0,6.25,-3.75
12,37,2,6,2.5,7.5,5.0
12,38,2,4,2.5,5.0,2.5
12,39,3,5,3.75,6.25,2.5
12,40,3,3,3.75,3.75,0.0
12,41,5,9,6.25,11.25,5.0
12,42,3,6,3.75,7.5,3.75
12,43,4,3,5.0,3.75,-1.25
12,44,1,1,1.25,1.25,0.0
12,45,0,7,0.0,8.75,8.75
12,46,3,7,3.75,8.75,5.0
12,47,4,3,5.0,3.75,-1.25
12,48,0,5,0.0,6.25,6.25
12,49,4,2,5.0,2.5,-2.5
12,50,4,15,5.0,18.75,13.75
12,51,2,3,2.5,3.75,1.25
12,52,2,3,2.5,3.75,1.25
12,53,3,0,3.75,0.0,-3.75
12,54,6,3,7.5,3.75,-3.75
12,55,1,6,1.25,7.5,6.25
12,56,0,2,0.0,2.5,2.5
12,57,2,4,2.5,5.0,2.5
12,58,2,8,2.5,10.0,7.5
12,59,0,7,0.0,8.75,8.75
12,60,5,3,6.25,3.75,-2.5
12,61,4,2,5.0,2.5,-2.5
12,62,6,9,7.5,11.25,3.75
12,63,2,4,2.5,5.0,2.5
12,64,5,7,6.25,8.75,2.5
12,65,5,7,6.25,8.75,2.5
12,66,7,2,8.75,2.5,-6.25
12,67,5,5,6.25,6.25,0.0
12,68,8,14,10.0,17.5,7.5
12,69,5,6,6.25,7.5,1.25
12,70,8,7,10.0,8.75,-1.25
12,71,1,4,1.25,5.0,3.75
12,72,8,7,10.0,8.75,-1.25
12,73,2,7,2.5,8.75,6.25
12,74,3,3,3.75,3.75,0.0
12,75,4,4,5.0,5.0,0.0
12,76,5,5,6.25,6.25,0.0
12,77,4,4,5.0,5.0,0.0
12,78,11,2,13.75,2.5,-11.25
12,79,2,2,2.5,2.5,0.0
12,80,5,3,6.25,3.75,-2.5
12,81,9,4,11.25,5.0,-6.25
12,82,2,6,2.5,7.5,5.0
12,83,3,5,3.75,6.25,2.5
12,84,2,5,2.5,6.25,3.75
12,85,3,7,3.75,8.75,5.0
12,86,5,2,6.25,2.5,-3.75
12,87,4,4,5.0,5.0,0.0
12,88,4,5,5.0,6.25,1.25
12,89,4,4,5.0,5.0,0.0
12,90,4,4,5.0,5.0,0.0
12,91,4,4,5.0,5.0,0.0
12,92,7,2,8.75,2.5,-6.25
12,93,5,6,6.25,7.5,1.25
12,94,3,7,3.75,8.75,5.0
12,95,6,4,7.5,5.0,-2.5
12,96,4,2,5.0,2.5,-2.5
12,97,9,5,11.25,6.25,-5.0
12,98,8,1,10.0,1.25,-8.75
12,99,4,4,5.0,5.0,0.0
12,100,3,5,3.75,6.25,2.5
12,101,4,7,5.0,8.75,3.75
12,102,3,1,3.75,1.25,-2.5
12,103,1,6,1.25,7.5,6.25
12,104,4,4,5.0,5.0,0.0
12,105,4,8,5.0,10.0,5.0
12,106,2,1,2.5,1.25,-1.25
12,107,5,4,6.25,5.0,-1.25
12,108,2,2,2.5,2.5,0.0
12,109,5,13,6.25,16.25,10.0
12,110,7,8,8.75,10.0,1.25
12,111,2,2,2.5,2.5,0.0
12,112,2,5,2.5,6.25,3.75
12,113,9,0,11.25,0.0,-11.25
12,114,6,4,7.5,5.0,-2.5
12,115,3,8,3.75,10.0,6.25
12,116,2,3,2.5,3.75,1.25
12,117,8,1,10.0,1.25,-8.75
12,118,0,2,0.0,2.5,2.5
12,119,4,4,5.0,5.0,0.0
12,120,5,5,6.25,6.25,0.0
12,121,0,3,0.0,3.75,3.75
12,122,0,2,0.0,2.5,2.5
12,123,2,5,2.5,6.25,3.75
12,124,0,6,0.0,7.5,7.5
12,125,2,4,2.5,5.0,2.5
12,126,2,0,2.5,0.0,-2.5
12,127,7,4,8.75,5.0,-3.75
12,128,1,1,1.25,1.25,0.0
12,129,6,8,7.5,10.0,2.5
12,130,3,5,3.75,6.25,2.5
12,131,3,2,3.75,2.5,-1.25
12,132,5,3,6.25,3.75,-2.5
12,133,3,9,3.75,11.25,7.5
12,134,1,3,1.25,3.75,2.5
13,0,0,0,0.0,0.0,0.0
13,1,0,0,0.0,0.0,0.0
13,2,0,0,0.0,0.0,0.0
13,3,3,0,3.75,0.0,-3.75
13,4,0,0,0.0,0.0,0.0
13,5,0,8,0.0,10.0,10.0
13,6,1,1,1.25,1.25,0.0
13,7,10,2,12.5,2.5,-10.0
13,8,0,0,0.0,0.0,0.0
13,9,4,1,5.0,1.25,-3.75
13,10,2,2,2.5,2.5,0.0
13,11,1,0,1.25,0.0,-1.25
13,12,0,10,0.0,12.5,12.5
13,13,3,0,3.75,0.0,-3.75
13,14,2,0,2.5,0.0,-2.5
13,15,0,0,0.0,0.0,0.0
13,16,2,0,2.5,0.0,-2.5
13,17,0,15,0.0,18.75,18.75
13,18,0,0,0.0,0.0,0.0
13,19,1,0,1.25,0.0,-1.25
13,20,0,0,0.0,0.0,0.0
13,21,0,1,0.0,1.25,1.25
13,22,0,0,0.0,0.0,0.0
13,23,1,0,1.25,0.0,-1.25
13,24,0,0,0.0,0.0,0.0
13,25,0,17,0.0,21.25,21.25
13,26,5,10,6.25,12.5,6.25
13,27,4,0,5.0,0.0,-5.0
13,28,0,1,0.0,1.25,1.25
13,29,0,1,0.0,1.25,1.25
13,30,0,1,0.0,1.25,1.25
13,31,0,8,0.0,10.0,10.0
13,32,6,0,7.5,0.0,-7.5
13,33,0,1,0.0,1.25,1.25
13,34,1,4,1.25,5.0,3.75
13,35,0,0,0.0,0.0,0.0
13,36,0,0,0.0,0.0,0.0
13,37,0,1,0.0,1.25,1.25
13,38,0,1,0.0,1.25,1.25
13,39,3,0,3.75,0.0,-3.75
13,40,0,0,0.0,0.0,0.0
13,41,0,16,0.0,20.0,20.0
13,42,0,0,0.0,0.0,0.0
13,43,2,1,2.5,1.25,-1.25
13,44,0,0,0.0,0.0,0.0
13,45,0,11,0.0,13.75,13.75
13,46,3,0,3.75,0.0,-3.75
13,47,0,0,0.0,0.0,0.0
13,48,0,0,0.0,0.0,0.0
13,49,0,0,0.0,0.0,0.0
13,50,2,0,2.5,0.0,-2.5
13,51,0,0,0.0,0.0,0.0
13,52,1,7,1.25,8.75,7.5
13,53,0,3,0.0,3.75,3.75
13,54,6,0,7.5,0.0,-7.5
13,55,0,2,0.0,2.5,2.5
13,56,0,2,0.0,2.5,2.5
13,57,0,1,0.0,1.25,1.25
13,58,3,1,3.75,1.25,-2.5
13,59,3,0,3.75,0.0,-3.75
13,60,4,8,5.0,10.0,5.0
13,61,7,0,8.75,0.0,-8.75
13,62,7,5,8.75,6.25,-2.5
13,63,2,0,2.5,0.0,-2.5
13,64,0,6,0.0,7.5,7.5
13,65,3,4,3.75,5.0,1.25
13,66,8,0,10.0,0.0,-10.0
13,67,1,1,1.25,1.25,0.0
13,68,7,8,8.75,10.0,1.25
13,69,2,0,2.5,0.0,-2.5
13,70,2,0,2.5,0.0,-2.5
13,71,0,0,0.0,0.0,0.0
13,72,0,0,0.0,0.0,0.0
13,73,0,1,0.0,1.25,1.25
13,74,2,3,2.5,3.75,1.25
13,75,0,0,0.0,0.0,0.0
13,76,1,0,1.25,0.0,-1.25
13,77,0,2,0.0,2.5,2.5
13,78,0,0,0.0,0.0,0.0
13,79,0,0,0.0,0.0,0.0
13,80,1,0,1.25,0.0,-1.25
13,81,1,0,1.25,0.0,-1.25
13,82,1,0,1.25,0.0,-1.25
13,83,2,1,2.5,1.25,-1.25
13,84,3,1,3.75,1.25,-2.5
13,85,2,5,2.5,6.25,3.75
13,86,0,2,0.0,2.5,2.5
13,87,1,2,1.25,2.5,1.25
13,88,1,1,1.25,1.25,0.0
13,89,1,11,1.25,13.75,12.5
13,90,2,0,2.5,0.0,-2.5
13,91,0,0,0.0,0.0,0.0
13,92,0,0,0.0,0.0,0.0
13,93,0,1,0.0,1.25,1.25
13,94,2,11,2.5,13.75,11.25
13,95,0,0,0.0,0.0,0.0
13,96,0,3,0.0,3.75,3.75
13,97,0,7,0.0,8.75,8.75
13,98,2,0,2.5,0.0,-2.5
13,99,2,2,2.5,2.5,0.0
13,100,1,2,1.25,2.5,1.25
13,101,2,0,2.5,0.0,-2.5
13,102,2,2,2.5,2.5,0.0
13,103,5,5,6.25,6.25,0.0
13,104,2,0,2.5,0.0,-2.5
13,105,0,4,0.0,5.0,5.0
13,106,0,0,0.0,0.0,0.0
13,107,0,1,0.0,1.25,1.25
13,108,3,0,3.75,0.0,-3.75
13,109,0,0,0.0,0.0,0.0
13,110,0,11,0.0,13.75,13.75
13,111,0,2,0.0,2.5,2.5
13,112,0,1,0.0,1.25,1.25
13,113,2,0,2.5,0.0,-2.5
13,114,4,3,5.0,3.75,-1.25
13,115,2,1,2.5,1.25,-1.25
13,116,0,2,0.0,2.5,2.5
13,117,1,0,1.25,0.0,-1.25
13,118,0,0,0.0,0.0,0.0
13,119,0,0,0.0,0.0,0.0
13,120,0,8,0.0,10.0,10.0
13,121,0,4,0.0,5.0,5.0
13,122,0,1,0.0,1.25,1.25
13,123,0,0,0.0,0.0,0.0
13,124,0,0,0.0,0.0,0.0
13,125,0,1,0.0,1.25,1.25
13,126,1,0,1.25,0.0,-1.25
13,127,3,1,3.75,1.25,-2.5
13,128,0,0,0.0,0.0,0.0
13,129,0,1,0.0,1.25,1.25
13,130,0,5,0.0,6.25,6.25
13,131,0,0,0.0,0.0,0.0
13,132,1,0,1.25,0.0,-1.25
13,133,0,5,0.0,6.25,6.25
13,134,5,0,6.25,0.0,-6.25
14,0,2,3,2.5,3.75,1.25
14,1,5,3,6.25,3.75,-2.5
14,2,0,2,0.0,2.5,2.5
14,3,0,1,0.0,1.25,1.25
14,4,7,0,8.75,0.0,-8.75
14,5,0,2,0.0,2.5,2.5
14,6,4,2,5.0,2.5,-2.5
14,7,2,3,2.5,3.75,1.25
14,8,0,2,0.0,2.5,2.5
14,9,2,1,2.5,1.25,-1.25
14,10,4,0,5.0,0.0,-5.0
14,11,1,2,1.25,2.5,1.25
14,12,2,7,2.5,8.75,6.25
14,13,3,2,3.75,2.5,-1.25
14,14,2,3,2.5,3.75,1.25
14,15,2,2,2.5,2.5,0.0
14,16,1,0,1.25,0.0,-1.25
14,17,0,7,0.0,8.75,8.75
14,18,0,0,0.0,0.0,0.0
14,19,2,2,2.5,2.5,0.0
14,20,1,1,1.25,1.25,0.0
14,21,0,1,0.0,1.25,1.25
14,22,1,1,1.25,1.25,0.0
14,23,0,2,0.0,2.5,2.5
14,24,2,1,2.5,1.25,-1.25
14,25,2,6,2.5,7.5,5.0
14,26,3,4,3.75,5.0,1.25
14,27,2,5,2.5,6.25,3.75
14,28,0,1,0.0,1.25,1.25
14,29,2,2,2.5,2.5,0.0
14,30,2,2,2.5,2.5,0.0
14,31,0,0,0.0,0.0,0.0
14,32,4,4,5.0,5.0,0.0
14,33,0,2,0.0,2.5,2.5
14,34,0,2,0.0,2.5,2.5
14,35,1,1,1.25,1.25,0.0
14,36,0,1,0.0,1.25,1.25
14,37,1,2,1.25,2.5,1.25
14,38,0,7,0.0,8.75,8.75
14,39,1,3,1.25,3.75,2.5
14,40,5,2,6.25,2.5,-3.75
14,41,1,4,1.25,5.0,3.75
14,42,1,5,1.25,6.25,5.0
14,43,0,1,0.0,1.25,1.25
14,44,4,3,5.0,3.75,-1.25
14,45,3,6,3.75,7.5,3.75
14,46,1,2,1.25,2.5,1.25
14,47,0,2,0.0,2.5,2.5
14,48,2,2,2.5,2.5,0.0
14,49,1,0,1.25,0.0,-1.25
14,50,1,3,1.25,3.75,2.5
14,51,2,0,2.5,0.0,-2.5
14,52,1,4,1.25,5.0,3.75
14,53,0,0,0.0,0.0,0.0
14,54,1,1,1.25,1.25,0.0
14,55,0,0,0.0,0.0,0.0
14,56,0,2,0.0,2.5,2.5
14,57,4,2,5.0,2.5,-2.5
14,58,2,5,2.5,6.25,3.75
14,59,1,7,1.25,8.75,7.5
14,60,1,1,1.25,1.25,0.0
14,61,6,0,7.5,0.0,-7.5
14,62,6,5,7.5,6.25,-1.25
14,63,2,2,2.5,2.5,0.0
14,64,2,6,2.5,7.5,5.0
14,65,1,0,1.25,0.0,-1.25
14,66,2,2,2.5,2.5,0.0
14,67,3,1,3.75,1.25,-2.5
14,68,2,5,2.5,6.25,3.75
14,69,1,2,1.25,2.5,1.25
14,70,2,1,2.5,1.25,-1.25
14,71,1,0,1.25,0.0,-1.25
14,72,0,0,0.0,0.0,0.0
14,73,1,1,1.25,1.25,0.0
14,74,3,0,3.75,0.0,-3.75
14,75,2,3,2.5,3.75,1.25
14,76,1,1,1.25,1.25,0.0
14,77,1,6,1.25,7.5,6.25
14,78,3,1,3.75,1.25,-2.5
14,79,0,0,0.0,0.0,0.0
14,80,2,0,2.5,0.0,-2.5
14,81,2,3,2.5,3.75,1.25
14,82,3,3,3.75,3.75,0.0
14,83,3,2,3.75,2.5,-1.25
14,84,1,4,1.25,5.0,3.75
14,85,6,6,7.5,7.5,0.0
14,86,2,1,2.5,1.25,-1.25
14,87,1,0,1.25,0.0,-1.25
14,88,0,0,0.0,0.0,0.0
14,89,0,5,0.0,6.25,6.25
14,90,1,3,1.25,3.75,2.5
14,91,2,0,2.5,0.0,-2.5
14,92,4,2,5.0,2.5,-2.5
14,93,1,1,1.25,1.25,0.0
14,94,2,1,2.5,1.25,-1.25
14,95,0,3,0.0,3.75,3.75
14,96,3,0,3.75,0.0,-3.75
14,97,2,2,2.5,2.5,0.0
14,98,3,0,3.75,0.0,-3.75
14,99,5,2,6.25,2.5,-3.75
14,100,1,2,1.25,2.5,1.25
14,101,6,2,7.5,2.5,-5.0
14,102,0,1,0.0,1.25,1.25
14,103,0,1,0.0,1.25,1.25
14,104,2,1,2.5,1.25,-1.25
14,105,1,3,1.25,3.75,2.5
14,106,2,2,2.5,2.5,0.0
14,107,3,1,3.75,1.25,-2.5
14,108,0,1,0.0,1.25,1.25
14,109,2,4,2.5,5.0,2.5
14,110,0,1,0.0,1.25,1.25
14,111,0,2,0.0,2.5,2.5
14,112,0,1,0.0,1.25,1.25
14,113,1,0,1.25,0.0,-1.25
14,114,0,0,0.0,0.0,0.0
14,115,2,4,2.5,5.0,2.5
14,116,0,0,0.0,0.0,0.0
14,117,1,1,1.25,1.25,0.0
14,118,0,1,0.0,1.25,1.25
14,119,1,1,1.25,1.25,0.0
14,120,3,0,3.75,0.0,-3.75
14,121,1,2,1.25,2.5,1.25
14,122,2,6,2.5,7.5,5.0
14,123,1,0,1.25,0.0,-1.25
14,124,1,1,1.25,1.25,0.0
14,125,2,2,2.5,2.5,0.0
14,126,1,1,1.25,1.25,0.0
14,127,4,1,5.0,1.25,-3.75
14,128,0,0,0.0,0.0,0.0
14,129,1,2,1.25,2.5,1.25
14,130,3,0,3.75,0.0,-3.75
14,131,1,1,1.25,1.25,0.0
14,132,7,2,8.75,2.5,-6.25
14,133,0,0,0.0,0.0,0.0
14,134,0,2,0.0,2.5,2.5
15,0,0,10,0.0,12.5,12.5
15,1,4,0,5.0,0.0,-5.0
15,2,0,1,0.0,1.25,1.25
15,3,3,6,3.75,7.5,3.75
15,4,0,6,0.0,7.5,7.5
15,5,4,1,5.0,1.25,-3.75
15,6,0,0,0.0,0.0,0.0
15,7,2,2,2.5,2.5,0.0
15,8,1,0,1.25,0.0,-1.25
15,9,0,0,0.0,0.0,0.0
15,10,0,0,0.0,0.0,0.0
15,11,0,0,0.0,0.0,0.0
15,12,0,1,0.0,1.25,1.25
15,13,1,1,1.25,1.25,0.0
15,14,0,1,0.0,1.25,1.25
15,15,0,3,0.0,3.75,3.75
15,16,1,2,1.25,2.5,1.25
15,17,0,0,0.0,0.0,0.0
15,18,0,2,0.0,2.5,2.5
15,19,0,0,0.0,0.0,0.0
15,20,0,1,0.0,1.25,1.25
15,21,0,0,0.0,0.0,0.0
15,22,0,1,0.0,1.25,1.25
15,23,0,8,0.0,10.0,10.0
15,24,0,0,0.0,0.0,0.0
15,25,0,0,0.0,0.0,0.0
15,26,0,0,0.0,0.0,0.0
15,27,0,1,0.0,1.25,1.25
15,28,1,1,1.25,1.25,0.0
15,29,0,1,0.0,1.25,1.25
15,30,1,2,1.25,2.5,1.25
15,31,5,1,6.25,1.25,-5.0
15,32,0,1,0.0,1.25,1.25
15,33,0,0,0.0,0.0,0.0
15,34,0,1,0.0,1.25,1.25
15,35,0,2,0.0,2.5,2.5
15,36,0,5,0.0,6.25,6.25
15,37,0,3,0.0,3.75,3.75
15,38,1,0,1.25,0.0,-1.25
15,39,0,2,0.0,2.5,2.5
15,40,1,2,1.25,2.5,1.25
15,41,1,0,1.25,0.0,-1.25
15,42,3,2,3.75,2.5,-1.25
15,43,0,1,0.0,1.25,1.25
15,44,0,0,0.0,0.0,0.0
15,45,1,0,1.25,0.0,-1.25
15,46,0,8,0.0,10.0,10.0
15,47,2,1,2.5,1.25,-1.25
15,48,1,2,1.25,2.5,1.25
15,49,1,0,1.25,0.0,-1.25
15,50,1,10,1.25,12.5,11.25
15,51,2,1,2.5,1.25,-1.25
15,52,4,2,5.0,2.5,-2.5
15,53,0,0,0.0,0.0,0.0
15,54,2,1,2.5,1.25,-1.25
15,55,0,3,0.0,3.75,3.75
15,56,1,0,1.25,0.0,-1.25
15,57,0,1,0.0,1.25,1.25
15,58,1,2,1.25,2.5,1.25
15,59,3,4,3.75,5.0,1.25
15,60,0,0,0.0,0.0,0.0
15,61,0,3,0.0,3.75,3.75
15,62,0,2,0.0,2.5,2.5
15,63,0,1,0.0,1.25,1.25
15,64,1,2,1.25,2.5,1.25
15,65,2,1,2.5,1.25,-1.25
15,66,0,0,0.0,0.0,0.0
15,67,0,0,0.0,0.0,0.0
15,68,0,0,0.0,0.0,0.0
15,69,0,0,0.0,0.0,0.0
15,70,1,2,1.25,2.5,1.25
15,71,0,1,0.0,1.25,1.25
15,72,1,0,1.25,0.0,-1.25
15,73,0,0,0.0,0.0,0.0
15,74,1,0,1.25,0.0,-1.25
15,75,0,1,0.0,1.25,1.25
15,76,0,4,0.0,5.0,5.0
15,77,0,0,0.0,0.0,0.0
15,78,3,2,3.75,2.5,-1.25
15,79,0,1,0.0,1.25,1.25
15,80,0,1,0.0,1.25,1.25
15,81,0,2,0.0,2.5,2.5
15,82,0,0,0.0,0.0,0.0
15,83,0,0,0.0,0.0,0.0
15,84,2,0,2.5,0.0,-2.5
15,85,1,1,1.25,1.25,0.0
15,86,0,1,0.0,1.25,1.25
15,87,0,0,0.0,0.0,0.0
15,88,1,4,1.25,5.0,3.75
15,89,3,0,3.75,0.0,-3.75
15,90,1,2,1.25,2.5,1.25
15,91,0,2,0.0,2.5,2.5
15,92,1,1,1.25,1.25,0.0
15,93,0,1,0.0,1.25,1.25
15,94,1,1,1.25,1.25,0.0
15,95,6,0,7.5,0.0,-7.5
15,96,0,1,0.0,1.25,1.25
15,97,0,0,0.0,0.0,0.0
15,98,1,0,1.25,0.0,-1.25
15,99,0,0,0.0,0.0,0.0
15,100,0,0,0.0,0.0,0.0
15,101,1,2,1.25,2.5,1.25
15,102,0,1,0.0,1.25,1.25
15,103,1,1,1.25,1.25,0.0
15,104,0,1,0.0,1.25,1.25
15,105,0,0,0.0,0.0,0.0
15,106,2,1,2.5,1.25,-1.25
15,107,1,0,1.25,0.0,-1.25
15,108,0,1,0.0,1.25,1.25
15,109,5,3,6.25,3.75,-2.5
15,110,1,2,1.25,2.5,1.25
15,111,1,0,1.25,0.0,-1.25
15,112,0,2,0.0,2.5,2.5
15,113,0,4,0.0,5.0,5.0
15,114,3,3,3.75,3.75,0.0
15,115,0,3,0.0,3.75,3.75
15,116,0,0,0.0,0.0,0.0
15,117,4,1,5.0,1.25,-3.75
15,118,0,0,0.0,0.0,0.0
15,119,1,0,1.25,0.0,-1.25
15,120,0,0,0.0,0.0,0.0
15,121,0,0,0.0,0.0,0.0
15,122,0,0,0.0,0.0,0.0
15,123,0,1,0.0,1.25,1.25
15,124,0,0,0.0,0.0,0.0
15,125,0,2,0.0,2.5,2.5
15,126,0,2,0.0,2.5,2.5
15,127,0,0,0.0,0.0,0.0
15,128,0,2,0.0,2.5,2.5
15,129,0,6,0.0,7.5,7.5
15,130,1,0,1.25,0.0,-1.25
15,131,3,0,3.75,0.0,-3.75
15,132,2,2,2.5,2.5,0.0
15,133,0,0,0.0,0.0,0.0
15,134,0,1,0.0,1.25,1.25
16,0,0,1,0.0,1.25,1.25
16,1,4,1,5.0,1.25,-3.75
16,2,6,10,7.5,12.5,5.0
16,3,1,0,1.25,0.0,-1.25
16,4,5,6,6.25,7.5,1.25
16,5,0,1,0.0,1.25,1.25
16,6,3,1,3.75,1.25,-2.5
16,7,0,3,0.0,3.75,3.75
16,8,0,1,0.0,1.25,1.25
16,9,2,0,2.5,0.0,-2.5
16,10,0,2,0.0,2.5,2.5
16,11,4,2,5.0,2.5,-2.5
16,12,5,0,6.25,0.0,-6.25
16,13,0,8,0.0,10.0,10.0
16,14,2,1,2.5,1.25,-1.25
16,15,3,2,3.75,2.5,-1.25
16,16,0,0,0.0,0.0,0.0
16,17,0,0,0.0,0.0,0.0
16,18,0,3,0.0,3.75,3.75
16,19,3,0,3.75,0.0,-3.75
16,20,0,9,0.0,11.25,11.25
16,21,3,1,3.75,1.25,-2.5
16,22,2,3,2.5,3.75,1.25
16,23,2,1,2.5,1.25,-1.25
16,24,1,0,1.25,0.0,-1.25
16,25,3,0,3.75,0.0,-3.75
16,26,0,0,0.0,0.0,0.0
16,27,3,0,3.75,0.0,-3.75
16,28,1,0,1.25,0.0,-1.25
16,29,2,2,2.5,2.5,0.0
16,30,0,0,0.0,0.0,0.0
16,31,2,1,2.5,1.25,-1.25
16,32,0,0,0.0,0.0,0.0
16,33,1,0,1.25,0.0,-1.25
16,34,3,5,3.75,6.25,2.5
16,35,2,11,2.5,13.75,11.25
16,36,0,1,0.0,1.25,1.25
16,37,1,0,1.25,0.0,-1.25
16,38,2,0,2.5,0.0,-2.5
16,39,1,5,1.25,6.25,5.0
16,40,1,10,1.25,12.5,11.25
16,41,0,0,0.0,0.0,0.0
16,42,0,0,0.0,0.0,0.0
16,43,0,12,0.0,15.0,15.0
16,44,9,1,11.25,1.25,-10.0
16,45,1,0,1.25,0.0,-1.25
16,46,0,1,0.0,1.25,1.25
16,47,0,5,0.0,6.25,6.25
16,48,3,0,3.75,0.0,-3.75
16,49,4,1,5.0,1.25,-3.75
16,50,0,0,0.0,0.0,0.0
16,51,0,1,0.0,1.25,1.25
16,52,1,0,1.25,0.0,-1.25
16,53,5,6,6.25,7.5,1.25
16,54,4,9,5.0,11.25,6.25
16,55,3,4,3.75,5.0,1.25
16,56,1,4,1.25,5.0,3.75
16,57,0,2,0.0,2.5,2.5
16,58,1,1,1.25,1.25,0.0
16,59,0,1,0.0,1.25,1.25
16,60,0,0,0.0,0.0,0.0
16,61,0,4,0.0,5.0,5.0
16,62,0,0,0.0,0.0,0.0
16,63,0,0,0.0,0.0,0.0
16,64,0,1,0.0,1.25,1.25
16,65,2,4,2.5,5.0,2.5
16,66,1,0,1.25,0.0,-1.25
16,67,10,2,12.5,2.5,-10.0
16,68,1,0,1.25,0.0,-1.25
16,69,1,10,1.25,12.5,11.25
16,70,1,1,1.25,1.25,0.0
16,71,2,9,2.5,11.25,8.75
16,72,6,1,7.5,1.25,-6.25
16,73,2,0,2.5,0.0,-2.5
16,74,2,0,2.5,0.0,-2.5
16,75,0,2,0.0,2.5,2.5
16,76,3,1,3.75,1.25,-2.5
16,77,1,7,1.25,8.75,7.5
16,78,0,0,0.0,0.0,0.0
16,79,3,0,3.75,0.0,-3.75
16,80,1,2,1.25,2.5,1.25
16,81,1,1,1.25,1.25,0.0
16,82,3,0,3.75,0.0,-3.75
16,83,0,1,0.0,1.25,1.25
16,84,0,4,0.0,5.0,5.0
16,85,2,0,2.5,0.0,-2.5
16,86,0,10,0.0,12.5,12.5
16,87,1,1,1.25,1.25,0.0
16,88,1,1,1.25,1.25,0.0
16,89,4,2,5.0,2.5,-2.5
16,90,1,0,1.25,0.0,-1.25
16,91,4,9,5.0,11.25,6.25
16,92,1,3,1.25,3.75,2.5
16,93,2,5,2.5,6.25,3.75
16,94,2,0,2.5,0.0,-2.5
16,95,2,0,2.5,0.0,-2.5
16,96,7,1,8.75,1.25,-7.5
16,97,0,1,0.0,1.25,1.25
16,98,0,1,0.0,1.25,1.25
16,99,0,1,0.0,1.25,1.25
16,100,0,0,0.0,0.0,0.0
16,101,1,0,1.25,0.0,-1.25
16,102,0,0,0.0,0.0,0.0
16,103,0,0,0.0,0.0,0.0
16,104,0,4,0.0,5.0,5.0
16,105,0,1,0.0,1.25,1.25
16,106,0,3,0.0,3.75,3.75
16,107,5,0,6.25,0.0,-6.25
16,108,0,11,0.0,13.75,13.75
16,109,7,0,8.75,0.0,-8.75
16,110,2,0,2.5,0.0,-2.5
16,111,7,0,8.75,0.0,-8.75
16,112,0,2,0.0,2.5,2.5
16,113,0,3,0.0,3.75,3.75
16,114,0,0,0.0,0.0,0.0
16,115,0,1,0.0,1.25,1.25
16,116,0,6,0.0,7.5,7.5
16,117,0,0,0.0,0.0,0.0
16,118,0,6,0.0,7.5,7.5
16,119,12,2,15.0,2.5,-12.5
16,120,1,0,1.25,0.0,-1.25
16,121,2,0,2.5,0.0,-2.5
16,122,2,6,2.5,7.5,5.0
16,123,0,1,0.0,1.25,1.25
16,124,3,0,3.75,0.0,-3.75
16,125,0,12,0.0,15.0,15.0
16,126,0,8,0.0,10.0,10.0
16,127,1,3,1.25,3.75,2.5
16,128,1,7,1.25,8.75,7.5
16,129,2,1,2.5,1.25,-1.25
16,130,2,2,2.5,2.5,0.0
16,131,0,0,0.0,0.0,0.0
16,132,0,0,0.0,0.0,0.0
16,133,5,1,6.25,1.25,-5.0
16,134,1,0,1.25,0.0,-1.25
17,0,3,8,3.75,10.0,6.25
17,1,6,15,7.5,18.75,11.25
17,2,11,4,13.75,5.0,-8.75
17,3,9,5,11.25,6.25,-5.0
17,4,1,6,1.25,7.5,6.25
17,5,5,6,6.25,7.5,1.25
17,6,0,7,0.0,8.75,8.75
17,7,7,14,8.75,17.5,8.75
17,8,2,2,2.5,2.5,0.0
17,9,0,4,0.0,5.0,5.0
17,10,2,5,2.5,6.25,3.75
17,11,0,21,0.0,26.25,26.25
17,12,6,6,7.5,7.5,0.0
17,13,6,7,7.5,8.75,1.25
17,14,5,15,6.25,18.75,12.5
17,15,1,6,1.25,7.5,6.25
17,16,4,5,5.0,6.25,1.25
17,17,2,9,2.5,11.25,8.75
17,18,1,8,1.25,10.0,8.75
17,19,1,5,1.25,6.25,5.0
17,20,8,1,10.0,1.25,-8.75
17,21,0,3,0.0,3.75,3.75
17,22,3,5,3.75,6.25,2.5
17,23,7,11,8.75,13.75,5.0
17,24,2,5,2.5,6.25,3.75
17,25,1,7,1.25,8.75,7.5
17,26,7,6,8.75,7.5,-1.25
17,27,5,4,6.25,5.0,-1.25
17,28,2,29,2.5,36.25,33.75
17,29,0,5,0.0,6.25,6.25
17,30,5,17,6.25,21.25,15.0
17,31,6,4,7.5,5.0,-2.5
17,32,4,24,5.0,30.0,25.0
17,33,6,11,7.5,13.75,6.25
17,34,5,0,6.25,0.0,-6.25
17,35,1,3,1.25,3.75,2.5
17,36,3,11,3.75,13.75,10.0
17,37,6,7,7.5,8.75,1.25
17,38,4,6,5.0,7.5,2.5
17,39,2,4,2.5,5.0,2.5
17,40,1,9,1.25,11.25,10.0
17,41,11,8,13.75,10.0,-3.75
17,42,4,6,5.0,7.5,2.5
17,43,5,9,6.25,11.25,5.0
17,44,2,5,2.5,6.25,3.75
17,45,7,6,8.75,7.5,-1.25
17,46,1,9,1.25,11.25,10.0
17,47,4,6,5.0,7.5,2.5
17,48,3,3,3.75,3.75,0.0
17,49,0,1,0.0,1.25,1.25
17,50,7,8,8.75,10.0,1.25
17,51,3,8,3.75,10.0,6.25
17,52,11,9,13.75,11.25,-2.5
17,53,0,3,0.0,3.75,3.75
17,54,2,4,2.5,5.0,2.5
17,55,1,4,1.25,5.0,3.75
17,56,1,4,1.25,5.0,3.75
17,57,8,8,10.0,10.0,0.0
17,58,4,11,5.0,13.75,8.75
17,59,5,14,6.25,17.5,11.25
17,60,6,10,7.5,12.5,5.0
17,61,6,3,7.5,3.75,-3.75
17,62,6,6,7.5,7.5,0.0
17,63,2,23,2.5,28.75,26.25
17,64,7,2,8.75,2.5,-6.25
17,65,1,3,1.25,3.75,2.5
17,66,7,1,8.75,1.25,-7.5
17,67,3,28,3.75,35.0,31.25
17,68,3,9,3.75,11.25,7.5
17,69,3,6,3.75,7.5,3.75
17,70,5,3,6.25,3.75,-2.5
17,71,1,7,1.25,8.75,7.5
17,72,3,26,3.75,32.5,28.75
17,73,1,14,1.25,17.5,16.25
17,74,5,11,6.25,13.75,7.5
17,75,8,11,10.0,13.75,3.75
17,76,5,5,6.25,6.25,0.0
17,77,2,1,2.5,1.25,-1.25
17,78,19,5,23.75,6.25,-17.5
17,79,6,4,7.5,5.0,-2.5
17,80,5,4,6.25,5.0,-1.25
17,81,1,15,1.25,18.75,17.5
17,82,1,2,1.25,2.5,1.25
17,83,11,3,13.75,3.75,-10.0
17,84,8,2,10.0,2.5,-7.5
17,85,7,5,8.75,6.25,-2.5
17,86,0,3,0.0,3.75,3.75
17,87,1,2,1.25,2.5,1.25
17,88,3,6,3.75,7.5,3.75
17,89,7,6,8.75,7.5,-1.25
17,90,4,5,5.0,6.25,1.25
17,91,4,5,5.0,6.25,1.25
17,92,2,5,2.5,6.25,3.75
17,93,2,13,2.5,16.25,13.75
17,94,3,10,3.75,12.5,8.75
17,95,14,1,17.5,1.25,-16.25
17,96,0,9,0.0,11.25,11.25
17,97,7,2,8.75,2.5,-6.25
17,98,7,0,8.75,0.0,-8.75
17,99,7,4,8.75,5.0,-3.75
17,100,16,4,20.0,5.0,-15.0
17,101,12,8,15.0,10.0,-5.0
17,102,5,12,6.25,15.0,8.75
17,103,0,14,0.0,17.5,17.5
17,104,2,4,2.5,5.0,2.5
17,105,1,3,1.25,3.75,2.5
17,106,3,2,3.75,2.5,-1.25
17,107,1,3,1.25,3.75,2.5
17,108,5,3,6.25,3.75,-2.5
17,109,2,16,2.5,20.0,17.5
17,110,8,5,10.0,6.25,-3.75
17,111,1,5,1.25,6.25,5.0
17,112,1,8,1.25,10.0,8.75
17,113,1,3,1.25,3.75,2.5
17,114,4,5,5.0,6.25,1.25
17,115,3,4,3.75,5.0,1.25
17,116,6,9,7.5,11.25,3.75
17,117,7,1,8.75,1.25,-7.5
17,118,5,3,6.25,3.75,-2.5
17,119,1,1,1.25,1.25,0.0
17,120,0,6,0.0,7.5,7.5
17,121,0,4,0.0,5.0,5.0
17,122,0,7,0.0,8.75,8.75
17,123,3,9,3.75,11.25,7.5
17,124,5,2,6.25,2.5,-3.75
17,125,3,4,3.75,5.0,1.25
17,126,5,10,6.25,12.5,6.25
17,127,7,2,8.75,2.5,-6.25
17,128,0,6,0.0,7.5,7.5
17,129,2,7,2.5,8.75,6.25
17,130,1,2,1.25,2.5,1.25
17,131,6,4,7.5,5.0,-2.5
17,132,5,13,6.25,16.25,10.0
17,133,2,3,2.5,3.75,1.25
17,134,1,11,1.25,13.75,12.5
18,0,0,2,0.0,2.5,2.5
18,1,1,3,1.25,3.75,2.5
18,2,1,4,1.25,5.0,3.75
18,3,3,1,3.75,1.25,-2.5
18,4,3,4,3.75,5.0,1.25
18,5,3,2,3.75,2.5,-1.25
18,6,0,1,0.0,1.25,1.25
18,7,1,1,1.25,1.25,0.0
18,8,2,1,2.5,1.25,-1.25
18,9,1,2,1.25,2.5,1.25
18,10,3,1,3.75,1.25,-2.5
18,11,0,3,0.0,3.75,3.75
18,12,1,2,1.25,2.5,1.25
18,13,2,2,2.5,2.5,0.0
18,14,0,1,0.0,1.25,1.25
18,15,4,6,5.0,7.5,2.5
18,16,5,2,6.25,2.5,-3.75
18,17,2,4,2.5,5.0,2.5
18,18,1,1,1.25,1.25,0.0
18,19,0,1,0.0,1.25,1.25
18,20,1,1,1.25,1.25,0.0
18,21,0,0,0.0,0.0,0.0
18,22,2,2,2.5,2.5,0.0
18,23,1,6,1.25,7.5,6.25
18,24,1,2,1.25,2.5,1.25
18,25,1,1,1.25,1.25,0.0
18,26,1,0,1.25,0.0,-1.25
18,27,2,1,2.5,1.25,-1.25
18,28,3,1,3.75,1.25,-2.5
18,29,1,1,1.25,1.25,0.0
18,30,0,3,0.0,3.75,3.75
18,31,2,1,2.5,1.25,-1.25
18,32,0,1,0.0,1.25,1.25
18,33,3,0,3.75,0.0,-3.75
18,34,2,4,2.5,5.0,2.5
18,35,0,4,0.0,5.0,5.0
18,36,0,4,0.0,5.0,5.0
18,37,2,3,2.5,3.75,1.25
18,38,0,1,0.0,1.25,1.25
18,39,0,1,0.0,1.25,1.25
18,40,0,2,0.0,2.5,2.5
18,41,2,3,2.5,3.75,1.25
18,42,2,1,2.5,1.25,-1.25
18,43,1,0,1.25,0.0,-1.25
18,44,2,0,2.5,0.0,-2.5
18,45,0,2,0.0,2.5,2.5
18,46,0,4,0.0,5.0,5.0
18,47,3,1,3.75,1.25,-2.5
18,48,0,0,0.0,0.0,0.0
18,49,0,1,0.0,1.25,1.25
18,50,3,7,3.75,8.75,5.0
18,51,1,2,1.25,2.5,1.25
18,52,1,2,1.25,2.5,1.25
18,53,0,1,0.0,1.25,1.25
18,54,3,3,3.75,3.75,0.0
18,55,0,0,0.0,0.0,0.0
18,56,1,2,1.25,2.5,1.25
18,57,2,3,2.5,3.75,1.25
18,58,4,1,5.0,1.25,-3.75
18,59,2,1,2.5,1.25,-1.25
18,60,1,4,1.25,5.0,3.75
18,61,2,1,2.5,1.25,-1.25
18,62,1,0,1.25,0.0,-1.25
18,63,0,0,0.0,0.0,0.0
18,64,2,3,2.5,3.75,1.25
18,65,2,1,2.5,1.25,-1.25
18,66,2,1,2.5,1.25,-1.25
18,67,3,4,3.75,5.0,1.25
18,68,2,4,2.5,5.0,2.5
18,69,0,1,0.0,1.25,1.25
18,70,1,1,1.25,1.25,0.0
18,71,3,1,3.75,1.25,-2.5
18,72,0,4,0.0,5.0,5.0
18,73,1,0,1.25,0.0,-1.25
18,74,1,2,1.25,2.5,1.25
18,75,7,3,8.75,3.75,-5.0
18,76,2,4,2.5,5.0,2.5
18,77,0,0,0.0,0.0,0.0
18,78,2,4,2.5,5.0,2.5
18,79,0,1,0.0,1.25,1.25
18,80,0,0,0.0,0.0,0.0
18,81,2,2,2.5,2.5,0.0
18,82,0,1,0.0,1.25,1.25
18,83,0,1,0.0,1.25,1.25
18,84,1,1,1.25,1.25,0.0
18,85,2,3,2.5,3.75,1.25
18,86,0,3,0.0,3.75,3.75
18,87,1,2,1.25,2.5,1.25
18,88,0,2,0.0,2.5,2.5
18,89,0,2,0.0,2.5,2.5
18,90,1,0,1.25,0.0,-1.25
18,91,0,2,0.0,2.5,2.5
18,92,2,6,2.5,7.5,5.0
18,93,0,1,0.0,1.25,1.25
18,94,0,3,0.0,3.75,3.75
18,95,1,2,1.25,2.5,1.25
18,96,1,0,1.25,0.0,-1.25
18,97,6,1,7.5,1.25,-6.25
18,98,0,0,0.0,0.0,0.0
18,99,1,4,1.25,5.0,3.75
18,100,1,1,1.25,1.25,0.0
18,101,2,2,2.5,2.5,0.0
18,102,0,2,0.0,2.5,2.5
18,103,1,3,1.25,3.75,2.5
18,104,2,1,2.5,1.25,-1.25
18,105,2,4,2.5,5.0,2.5
18,106,4,0,5.0,0.0,-5.0
18,107,1,1,1.25,1.25,0.0
18,108,1,3,1.25,3.75,2.5
18,109,1,5,1.25,6.25,5.0
18,110,0,3,0.0,3.75,3.75
18,111,2,2,2.5,2.5,0.0
18,112,1,1,1.25,1.25,0.0
18,113,0,2,0.0,2.5,2.5
18,114,1,2,1.25,2.5,1.25
18,115,1,1,1.25,1.25,0.0
18,116,1,3,1.25,3.75,2.5
18,117,3,2,3.75,2.5,-1.25
18,118,0,3,0.0,3.75,3.75
18,119,0,5,0.0,6.25,6.25
18,120,0,4,0.0,5.0,5.0
18,121,0,1,0.0,1.25,1.25
18,122,2,2,2.5,2.5,0.0
18,123,1,0,1.25,0.0,-1.25
18,124,1,2,1.25,2.5,1.25
18,125,1,1,1.25,1.25,0.0
18,126,0,4,0.0,5.0,5.0
18,127,3,1,3.75,1.25,-2.5
18,128,0,2,0.0,2.5,2.5
18,129,2,4,2.5,5.0,2.5
18,130,1,4,1.25,5.0,3.75
18,131,1,1,1.25,1.25,0.0
18,132,2,3,2.5,3.75,1.25
18,133,2,2,2.5,2.5,0.0
18,134,3,2,3.75,2.5,-1.25
19,0,0,0,0.0,0.0,0.0
19,1,0,2,0.0,2.5,2.5
19,2,1,0,1.25,0.0,-1.25
19,3,0,0,0.0,0.0,0.0
19,4,0,0,0.0,0.0,0.0
19,5,0,0,0.0,0.0,0.0
19,6,1,0,1.25,0.0,-1.25
19,7,0,0,0.0,0.0,0.0
19,8,0,0,0.0,0.0,0.0
19,9,0,0,0.0,0.0,0.0
19,10,0,0,0.0,0.0,0.0
19,11,0,1,0.0,1.25,1.25
19,12,0,1,0.0,1.25,1.25
19,13,0,0,0.0,0.0,0.0
19,14,0,0,0.0,0.0,0.0
19,15,0,0,0.0,0.0,0.0
19,16,0,0,0.0,0.0,0.0
19,17,1,0,1.25,0.0,-1.25
19,18,0,0,0.0,0.0,0.0
19,19,0,0,0.0,0.0,0.0
19,20,0,0,0.0,0.0,0.0
19,21,0,0,0.0,0.0,0.0
19,22,0,0,0.0,0.0,0.0
19,23,0,0,0.0,0.0,0.0
19,24,0,0,0.0,0.0,0.0
19,25,0,0,0.0,0.0,0.0
19,26,0,0,0.0,0.0,0.0
19,27,0,0,0.0,0.0,0.0
19,28,0,3,0.0,3.75,3.75
19,29,0,0,0.0,0.0,0.0
19,30,0,0,0.0,0.0,0.0
19,31,0,0,0.0,0.0,0.0
19,32,0,2,0.0,2.5,2.5
19,33,0,0,0.0,0.0,0.0
19,34,0,0,0.0,0.0,0.0
19,35,0,0,0.0,0.0,0.0
19,36,0,1,0.0,1.25,1.25
19,37,0,1,0.0,1.25,1.25
19,38,0,0,0.0,0.0,0.0
19,39,0,0,0.0,0.0,0.0
19,40,0,0,0.0,0.0,0.0
19,41,3,0,3.75,0.0,-3.75
19,42,0,0,0.0,0.0,0.0
19,43,1,0,1.25,0.0,-1.25
19,44,0,0,0.0,0.0,0.0
19,45,0,0,0.0,0.0,0.0
19,46,0,0,0.0,0.0,0.0
19,47,0,0,0.0,0.0,0.0
19,48,0,0,0.0,0.0,0.0
19,49,0,0,0.0,0.0,0.0
19,50,0,0,0.0,0.0,0.0
19,51,0,0,0.0,0.0,0.0
19,52,0,0,0.0,0.0,0.0
19,53,0,0,0.0,0.0,0.0
19,54,1,0,1.25,0.0,-1.25
19,55,1,0,1.25,0.0,-1.25
19,56,0,0,0.0,0.0,0.0
19,57,1,1,1.25,1.25,0.0
19,58,0,2,0.0,2.5,2.5
19,59,0,2,0.0,2.5,2.5
19,60,0,0,0.0,0.0,0.0
19,61,1,0,1.25,0.0,-1.25
19,62,0,0,0.0,0.0,0.0
19,63,0,0,0.0,0.0,0.0
19,64,1,0,1.25,0.0,-1.25
19,65,0,0,0.0,0.0,0.0
19,66,1,0,1.25,0.0,-1.25
19,67,1,2,1.25,2.5,1.25
19,68,0,0,0.0,0.0,0.0
19,69,0,0,0.0,0.0,0.0
19,70,0,0,0.0,0.0,0.0
19,71,0,0,0.0,0.0,0.0
19,72,0,2,0.0,2.5,2.5
19,73,0,0,0.0,0.0,0.0
19,74,0,0,0.0,0.0,0.0
19,75,0,0,0.0,0.0,0.0
19,76,0,0,0.0,0.0,0.0
19,77,0,1,0.0,1.25,1.25
19,78,0,1,0.0,1.25,1.25
19,79,0,0,0.0,0.0,0.0
19,80,0,0,0.0,0.0,0.0
19,81,0,0,0.0,0.0,0.0
19,82,0,1,0.0,1.25,1.25
19,83,1,0,1.25,0.0,-1.25
19,84,1,0,1.25,0.0,-1.25
19,85,1,0,1.25,0.0,-1.25
19,86,0,0,0.0,0.0,0.0
19,87,0,0,0.0,0.0,0.0
19,88,0,0,0.0,0.0,0.0
19,89,1,0,1.25,0.0,-1.25
19,90,0,0,0.0,0.0,0.0
19,91,0,0,0.0,0.0,0.0
19,92,2,1,2.5,1.25,-1.25
19,93,0,0,0.0,0.0,0.0
19,94,1,0,1.25,0.0,-1.25
19,95,1,1,1.25,1.25,0.0
19,96,0,0,0.0,0.0,0.0
19,97,0,0,0.0,0.0,0.0
19,98,0,0,0.0,0.0,0.0
19,99,0,1,0.0,1.25,1.25
19,100,0,0,0.0,0.0,0.0
19,101,1,0,1.25,0.0,-1.25
19,102,0,1,0.0,1.25,1.25
19,103,0,1,0.0,1.25,1.25
19,104,0,0,0.0,0.0,0.0
19,105,0,0,0.0,0.0,0.0
19,106,0,0,0.0,0.0,0.0
19,107,0,0,0.0,0.0,0.0
19,108,0,0,0.0,0.0,0.0
19,109,0,0,0.0,0.0,0.0
19,110,0,0,0.0,0.0,0.0
19,111,0,0,0.0,0.0,0.0
19,112,0,0,0.0,0.0,0.0
19,113,0,0,0.0,0.0,0.0
19,114,0,0,0.0,0.0,0.0
19,115,1,1,1.25,1.25,0.0
19,116,0,0,0.0,0.0,0.0
19,117,0,1,0.0,1.25,1.25
19,118,0,0,0.0,0.0,0.0
19,119,0,0,0.0,0.0,0.0
19,120,0,0,0.0,0.0,0.0
19,121,0,1,0.0,1.25,1.25
19,122,0,1,0.0,1.25,1.25
19,123,0,0,0.0,0.0,0.0
19,124,0,0,0.0,0.0,0.0
19,125,0,1,0.0,1.25,1.25
19,126,0,0,0.0,0.0,0.0
19,127,0,0,0.0,0.0,0.0
19,128,0,0,0.0,0.0,0.0
19,129,0,0,0.0,0.0,0.0
19,130,0,0,0.0,0.0,0.0
19,131,0,0,0.0,0.0,0.0
19,132,0,3,0.0,3.75,3.75
19,133,0,0,0.0,0.0,0.0
19,134,0,0,0.0,0.0,0.0
20,0,1,3,1.25,3.75,2.5
20,1,2,1,2.5,1.25,-1.25
20,2,2,3,2.5,3.75,1.25
20,3,0,1,0.0,1.25,1.25
20,4,4,2,5.0,2.5,-2.5
20,5,0,2,0.0,2.5,2.5
20,6,0,1,0.0,1.25,1.25
20,7,0,2,0.0,2.5,2.5
20,8,1,1,1.25,1.25,0.0
20,9,2,2,2.5,2.5,0.0
20,10,0,1,0.0,1.25,1.25
20,11,0,0,0.0,0.0,0.0
20,12,2,2,2.5,2.5,0.0
20,13,0,1,0.0,1.25,1.25
20,14,1,2,1.25,2.5,1.25
20,15,2,1,2.5,1.25,-1.25
20,16,0,2,0.0,2.5,2.5
20,17,0,2,0.0,2.5,2.5
20,18,1,0,1.25,0.0,-1.25
20,19,0,2,0.0,2.5,2.5
20,20,2,3,2.5,3.75,1.25
20,21,0,0,0.0,0.0,0.0
20,22,0,2,0.0,2.5,2.5
20,23,0,1,0.0,1.25,1.25
20,24,1,1,1.25,1.25,0.0
20,25,0,3,0.0,3.75,3.75
20,26,0,1,0.0,1.25,1.25
20,27,1,1,1.25,1.25,0.0
20,28,0,1,0.0,1.25,1.25
20,29,1,1,1.25,1.25,0.0
20,30,1,1,1.25,1.25,0.0
20,31,2,1,2.5,1.25,-1.25
20,32,2,1,2.5,1.25,-1.25
20,33,0,0,0.0,0.0,0.0
20,34,0,1,0.0,1.25,1.25
20,35,0,1,0.0,1.25,1.25
20,36,1,1,1.25,1.25,0.0
20,37,0,1,0.0,1.25,1.25
20,38,2,1,2.5,1.25,-1.25
20,39,1,2,1.25,2.5,1.25
20,40,1,5,1.25,6.25,5.0
20,41,1,2,1.25,2.5,1.25
20,42,3,1,3.75,1.25,-2.5
20,43,0,3,0.0,3.75,3.75
20,44,3,0,3.75,0.0,-3.75
20,45,2,1,2.5,1.25,-1.25
20,46,0,0,0.0,0.0,0.0
20,47,0,2,0.0,2.5,2.5
20,48,3,2,3.75,2.5,-1.25
20,49,0,3,0.0,3.75,3.75
20,50,1,2,1.25,2.5,1.25
20,51,0,0,0.0,0.0,0.0
20,52,1,1,1.25,1.25,0.0
20,53,2,3,2.5,3.75,1.25
20,54,5,2,6.25,2.5,-3.75
20,55,0,0,0.0,0.0,0.0
20,56,0,2,0.0,2.5,2.5
20,57,2,1,2.5,1.25,-1.25
20,58,1,0,1.25,0.0,-1.25
20,59,2,1,2.5,1.25,-1.25
20,60,2,0,2.5,0.0,-2.5
20,61,2,1,2.5,1.25,-1.25
20,62,0,2,0.0,2.5,2.5
20,63,0,0,0.0,0.0,0.0
20,64,0,0,0.0,0.0,0.0
20,65,1,0,1.25,0.0,-1.25
20,66,1,0,1.25,0.0,-1.25
20,67,2,1,2.5,1.25,-1.25
20,68,1,1,1.25,1.25,0.0
20,69,0,5,0.0,6.25,6.25
20,70,2,0,2.5,0.0,-2.5
20,71,1,2,1.25,2.5,1.25
20,72,3,0,3.75,0.0,-3.75
20,73,1,0,1.25,0.0,-1.25
20,74,0,1,0.0,1.25,1.25
20,75,0,0,0.0,0.0,0.0
20,76,4,0,5.0,0.0,-5.0
20,77,1,1,1.25,1.25,0.0
20,78,0,0,0.0,0.0,0.0
20,79,1,1,1.25,1.25,0.0
20,80,0,1,0.0,1.25,1.25
20,81,0,0,0.0,0.0,0.0
20,82,3,2,3.75,2.5,-1.25
20,83,1,0,1.25,0.0,-1.25
20,84,1,2,1.25,2.5,1.25
20,85,1,0,1.25,0.0,-1.25
20,86,0,2,0.0,2.5,2.5
20,87,1,2,1.25,2.5,1.25
20,88,0,0,0.0,0.0,0.0
20,89,0,2,0.0,2.5,2.5
20,90,0,0,0.0,0.0,0.0
20,91,2,1,2.5,1.25,-1.25
20,92,1,2,1.25,2.5,1.25
20,93,1,1,1.25,1.25,0.0
20,94,1,1,1.25,1.25,0.0
20,95,0,0,0.0,0.0,0.0
20,96,2,0,2.5,0.0,-2.5
20,97,0,1,0.0,1.25,1.25
20,98,1,0,1.25,0.0,-1.25
20,99,3,0,3.75,0.0,-3.75
20,100,1,3,1.25,3.75,2.5
20,101,2,2,2.5,2.5,0.0
20,102,0,0,0.0,0.0,0.0
20,103,0,1,0.0,1.25,1.25
20,104,1,4,1.25,5.0,3.75
20,105,1,1,1.25,1.25,0.0
20,106,0,2,0.0,2.5,2.5
20,107,1,1,1.25,1.25,0.0
20,108,2,3,2.5,3.75,1.25
20,109,1,0,1.25,0.0,-1.25
20,110,1,3,1.25,3.75,2.5
20,111,1,0,1.25,0.0,-1.25
20,112,0,0,0.0,0.0,0.0
20,113,1,0,1.25,0.0,-1.25
20,114,1,2,1.25,2.5,1.25
20,115,0,4,0.0,5.0,5.0
20,116,0,3,0.0,3.75,3.75
20,117,1,0,1.25,0.0,-1.25
20,118,0,1,0.0,1.25,1.25
20,119,0,0,0.0,0.0,0.0
20,120,1,0,1.25,0.0,-1.25
20,121,0,0,0.0,0.0,0.0
20,122,1,1,1.25,1.25,0.0
20,123,0,0,0.0,0.0,0.0
20,124,0,1,0.0,1.25,1.25
20,125,0,5,0.0,6.25,6.25
20,126,1,0,1.25,0.0,-1.25
20,127,0,0,0.0,0.0,0.0
20,128,0,3,0.0,3.75,3.75
20,129,1,0,1.25,0.0,-1.25
20,130,0,1,0.0,1.25,1.25
20,131,3,1,3.75,1.25,-2.5
20,132,2,0,2.5,0.0,-2.5
20,133,0,0,0.0,0.0,0.0
20,134,2,0,2.5,0.0,-2.5
21,0,0,0,0.0,0.0,0.0
21,1,0,0,0.0,0.0,0.0
21,2,1,2,1.25,2.5,1.25
21,3,1,1,1.25,1.25,0.0
21,4,0,0,0.0,0.0,0.0
21,5,0,2,0.0,2.5,2.5
21,6,0,1,0.0,1.25,1.25
21,7,0,0,0.0,0.0,0.0
21,8,0,0,0.0,0.0,0.0
21,9,2,0,2.5,0.0,-2.5
21,10,1,0,1.25,0.0,-1.25
21,11,1,0,1.25,0.0,-1.25
21,12,0,1,0.0,1.25,1.25
21,13,1,1,1.25,1.25,0.0
21,14,0,0,0.0,0.0,0.0
21,15,0,1,0.0,1.25,1.25
21,16,1,0,1.25,0.0,-1.25
21,17,0,0,0.0,0.0,0.0
21,18,0,0,0.0,0.0,0.0
21,19,1,0,1.25,0.0,-1.25
21,20,0,0,0.0,0.0,0.0
21,21,1,0,1.25,0.0,-1.25
21,22,1,0,1.25,0.0,-1.25
21,23,0,0,0.0,0.0,0.0
21,24,0,0,0.0,0.0,0.0
21,25,0,0,0.0,0.0,0.0
21,26,1,0,1.25,0.0,-1.25
21,27,1,1,1.25,1.25,0.0
21,28,0,0,0.0,0.0,0.0
21,29,0,1,0.0,1.25,1.25
21,30,1,0,1.25,0.0,-1.25
21,31,0,1,0.0,1.25,1.25
21,32,1,1,1.25,1.25,0.0
21,33,0,2,0.0,2.5,2.5
21,34,1,0,1.25,0.0,-1.25
21,35,1,0,1.25,0.0,-1.25
21,36,0,0,0.0,0.0,0.0
21,37,1,0,1.25,0.0,-1.25
21,38,0,0,0.0,0.0,0.0
21,39,1,0,1.25,0.0,-1.25
21,40,0,0,0.0,0.0,0.0
21,41,5,1,6.25,1.25,-5.0
21,42,0,0,0.0,0.0,0.0
21,43,1,0,1.25,0.0,-1.25
21,44,0,2,0.0,2.5,2.5
21,45,1,1,1.25,1.25,0.0
21,46,0,0,0.0,0.0,0.0
21,47,0,0,0.0,0.0,0.0
21,48,0,0,0.0,0.0,0.0
21,49,0,0,0.0,0.0,0.0
21,50,0,1,0.0,1.25,1.25
21,51,0,0,0.0,0.0,0.0
21,52,0,0,0.0,0.0,0.0
21,53,0,0,0.0,0.0,0.0
21,54,0,0,0.0,0.0,0.0
21,55,0,0,0.0,0.0,0.0
21,56,1,0,1.25,0.0,-1.25
21,57,1,0,1.25,0.0,-1.25
21,58,0,1,0.0,1.25,1.25
21,59,1,1,1.25,1.25,0.0
21,60,0,2,0.0,2.5,2.5
21,61,0,1,0.0,1.25,1.25
21,62,0,0,0.0,0.0,0.0
21,63,1,0,1.25,0.0,-1.25
21,64,0,0,0.0,0.0,0.0
21,65,2,0,2.5,0.0,-2.5
21,66,0,0,0.0,0.0,0.0
21,67,2,0,2.5,0.0,-2.5
21,68,1,0,1.25,0.0,-1.25
21,69,0,1,0.0,1.25,1.25
21,70,0,1,0.0,1.25,1.25
21,71,2,0,2.5,0.0,-2.5
21,72,0,0,0.0,0.0,0.0
21,73,1,1,1.25,1.25,0.0
21,74,0,0,0.0,0.0,0.0
21,75,2,0,2.5,0.0,-2.5
21,76,0,0,0.0,0.0,0.0
21,77,0,0,0.0,0.0,0.0
21,78,0,1,0.0,1.25,1.25
21,79,1,1,1.25,1.25,0.0
21,80,0,0,0.0,0.0,0.0
21,81,0,1,0.0,1.25,1.25
21,82,1,0,1.25,0.0,-1.25
21,83,0,1,0.0,1.25,1.25
21,84,0,0,0.0,0.0,0.0
21,85,2,0,2.5,0.0,-2.5
21,86,2,0,2.5,0.0,-2.5
21,87,1,0,1.25,0.0,-1.25
21,88,1,0,1.25,0.0,-1.25
21,89,1,0,1.25,0.0,-1.25
21,90,0,0,0.0,0.0,0.0
21,91,0,0,0.0,0.0,0.0
21,92,1,1,1.25,1.25,0.0
21,93,2,1,2.5,1.25,-1.25
21,94,0,0,0.0,0.0,0.0
21,95,0,0,0.0,0.0,0.0
21,96,0,0,0.0,0.0,0.0
21,97,0,1,0.0,1.25,1.25
21,98,0,0,0.0,0.0,0.0
21,99,1,1,1.25,1.25,0.0
21,100,1,0,1.25,0.0,-1.25
21,101,0,0,0.0,0.0,0.0
21,102,0,1,0.0,1.25,1.25
21,103,0,0,0.0,0.0,0.0
21,104,1,0,1.25,0.0,-1.25
21,105,1,0,1.25,0.0,-1.25
21,106,1,0,1.25,0.0,-1.25
21,107,0,0,0.0,0.0,0.0
21,108,1,1,1.25,1.25,0.0
21,109,1,0,1.25,0.0,-1.25
21,110,0,0,0.0,0.0,0.0
21,111,0,0,0.0,0.0,0.0
21,112,0,0,0.0,0.0,0.0
21,113,1,0,1.25,0.0,-1.25
21,114,0,0,0.0,0.0,0.0
21,115,0,2,0.0,2.5,2.5
21,116,0,0,0.0,0.0,0.0
21,117,2,0,2.5,0.0,-2.5
21,118,0,0,0.0,0.0,0.0
21,119,0,0,0.0,0.0,0.0
21,120,2,2,2.5,2.5,0.0
21,121,0,2,0.0,2.5,2.5
21,122,1,1,1.25,1.25,0.0
21,123,0,0,0.0,0.0,0.0
21,124,1,0,1.25,0.0,-1.25
21,125,0,1,0.0,1.25,1.25
21,126,0,0,0.0,0.0,0.0
21,127,0,1,0.0,1.25,1.25
21,128,2,0,2.5,0.0,-2.5
21,129,0,0,0.0,0.0,0.0
21,130,0,0,0.0,0.0,0.0
21,131,1,0,1.25,0.0,-1.25
21,132,0,2,0.0,2.5,2.5
21,133,1,1,1.25,1.25,0.0
21,134,0,0,0.0,0.0,0.0
22,0,5,1,6.25,1.25,-5.0
22,1,2,1,2.5,1.25,-1.25
22,2,0,0,0.0,0.0,0.0
22,3,0,2,0.0,2.5,2.5
22,4,0,0,0.0,0.0,0.0
22,5,1,0,1.25,0.0,-1.25
22,6,5,0,6.25,0.0,-6.25
22,7,0,0,0.0,0.0,0.0
22,8,3,1,3.75,1.25,-2.5
22,9,0,0,0.0,0.0,0.0
22,10,2,0,2.5,0.0,-2.5
22,11,1,1,1.25,1.25,0.0
22,12,2,0,2.5,0.0,-2.5
22,13,2,0,2.5,0.0,-2.5
22,14,2,1,2.5,1.25,-1.25
22,15,1,2,1.25,2.5,1.25
22,16,3,1,3.75,1.25,-2.5
22,17,2,0,2.5,0.0,-2.5
22,18,2,1,2.5,1.25,-1.25
22,19,1,0,1.25,0.0,-1.25
22,20,1,0,1.25,0.0,-1.25
22,21,1,0,1.25,0.0,-1.25
22,22,1,1,1.25,1.25,0.0
22,23,1,0,1.25,0.0,-1.25
22,24,2,0,2.5,0.0,-2.5
22,25,1,0,1.25,0.0,-1.25
22,26,1,1,1.25,1.25,0.0
22,27,1,0,1.25,0.0,-1.25
22,28,1,1,1.25,1.25,0.0
22,29,3,2,3.75,2.5,-1.25
22,30,0,0,0.0,0.0,0.0
22,31,2,0,2.5,0.0,-2.5
22,32,2,1,2.5,1.25,-1.25
22,33,3,1,3.75,1.25,-2.5
22,34,1,1,1.25,1.25,0.0
22,35,1,1,1.25,1.25,0.0
22,36,2,0,2.5,0.0,-2.5
22,37,2,2,2.5,2.5,0.0
22,38,1,1,1.25,1.25,0.0
22,39,2,0,2.5,0.0,-2.5
22,40,2,0,2.5,0.0,-2.5
22,41,0,0,0.0,0.0,0.0
22,42,1,1,1.25,1.25,0.0
22,43,0,1,0.0,1.25,1.25
22,44,0,0,0.0,0.0,0.0
22,45,0,0,0.0,0.0,0.0
22,46,1,0,1.25,0.0,-1.25
22,47,2,0,2.5,0.0,-2.5
22,48,0,0,0.0,0.0,0.0
22,49,2,0,2.5,0.0,-2.5
22,50,1,1,1.25,1.25,0.0
22,51,1,4,1.25,5.0,3.75
22,52,1,0,1.25,0.0,-1.25
22,53,5,3,6.25,3.75,-2.5
22,54,1,1,1.25,1.25,0.0
22,55,1,2,1.25,2.5,1.25
22,56,1,0,1.25,0.0,-1.25
22,57,0,0,0.0,0.0,0.0
22,58,0,0,0.0,0.0,0.0
22,59,0,0,0.0,0.0,0.0
22,60,0,0,0.0,0.0,0.0
22,61,1,0,1.25,0.0,-1.25
22,62,1,0,1.25,0.0,-1.25
22,63,3,2,3.75,2.5,-1.25
22,64,1,1,1.25,1.25,0.0
22,65,3,2,3.75,2.5,-1.25
22,66,0,1,0.0,1.25,1.25
22,67,2,1,2.5,1.25,-1.25
22,68,1,0,1.25,0.0,-1.25
22,69,2,0,2.5,0.0,-2.5
22,70,1,0,1.25,0.0,-1.25
22,71,0,0,0.0,0.0,0.0
22,72,1,0,1.25,0.0,-1.25
22,73,2,3,2.5,3.75,1.25
22,74,2,1,2.5,1.25,-1.25
22,75,2,3,2.5,3.75,1.25
22,76,2,0,2.5,0.0,-2.5
22,77,2,3,2.5,3.75,1.25
22,78,0,1,0.0,1.25,1.25
22,79,1,1,1.25,1.25,0.0
22,80,2,3,2.5,3.75,1.25
22,81,2,1,2.5,1.25,-1.25
22,82,3,0,3.75,0.0,-3.75
22,83,0,2,0.0,2.5,2.5
22,84,0,0,0.0,0.0,0.0
22,85,1,0,1.25,0.0,-1.25
22,86,3,0,3.75,0.0,-3.75
22,87,2,2,2.5,2.5,0.0
22,88,1,1,1.25,1.25,0.0
22,89,1,0,1.25,0.0,-1.25
22,90,1,1,1.25,1.25,0.0
22,91,1,0,1.25,0.0,-1.25
22,92,2,0,2.5,0.0,-2.5
22,93,0,0,0.0,0.0,0.0
22,94,0,0,0.0,0.0,0.0
22,95,0,0,0.0,0.0,0.0
22,96,2,1,2.5,1.25,-1.25
22,97,1,2,1.25,2.5,1.25
22,98,1,3,1.25,3.75,2.5
22,99,0,0,0.0,0.0,0.0
22,100,0,1,0.0,1.25,1.25
22,101,1,2,1.25,2.5,1.25
22,102,0,1,0.0,1.25,1.25
22,103,3,3,3.75,3.75,0.0
22,104,4,1,5.0,1.25,-3.75
22,105,2,3,2.5,3.75,1.25
22,106,1,0,1.25,0.0,-1.25
22,107,2,1,2.5,1.25,-1.25
22,108,2,1,2.5,1.25,-1.25
22,109,1,0,1.25,0.0,-1.25
22,110,1,0,1.25,0.0,-1.25
22,111,0,0,0.0,0.0,0.0
22,112,3,0,3.75,0.0,-3.75
22,113,3,2,3.75,2.5,-1.25
22,114,1,1,1.25,1.25,0.0
22,115,2,2,2.5,2.5,0.0
22,116,2,0,2.5,0.0,-2.5
22,117,2,0,2.5,0.0,-2.5
22,118,0,2,0.0,2.5,2.5
22,119,2,4,2.5,5.0,2.5
22,120,3,2,3.75,2.5,-1.25
22,121,2,2,2.5,2.5,0.0
22,122,0,0,0.0,0.0,0.0
22,123,5,3,6.25,3.75,-2.5
22,124,4,1,5.0,1.25,-3.75
22,125,1,1,1.25,1.25,0.0
22,126,3,0,3.75,0.0,-3.75
22,127,0,0,0.0,0.0,0.0
22,128,2,2,2.5,2.5,0.0
22,129,0,0,0.0,0.0,0.0
22,130,0,0,0.0,0.0,0.0
22,131,0,0,0.0,0.0,0.0
22,132,4,0,5.0,0.0,-5.0
22,133,2,2,2.5,2.5,0.0
22,134,2,2,2.5,2.5,0.0
23,0,1,2,1.25,2.5,1.25
23,1,2,3,2.5,3.75,1.25
23,2,0,1,0.0,1.25,1.25
23,3,0,3,0.0,3.75,3.75
23,4,4,0,5.0,0.0,-5.0
23,5,4,1,5.0,1.25,-3.75
23,6,0,3,0.0,3.75,3.75
23,7,0,3,0.0,3.75,3.75
23,8,2,2,2.5,2.5,0.0
23,9,1,1,1.25,1.25,0.0
23,10,1,1,1.25,1.25,0.0
23,11,5,4,6.25,5.0,-1.25
23,12,5,4,6.25,5.0,-1.25
23,13,3,4,3.75,5.0,1.25
23,14,1,4,1.25,5.0,3.75
23,15,1,1,1.25,1.25,0.0
23,16,2,2,2.5,2.5,0.0
23,17,1,2,1.25,2.5,1.25
23,18,2,2,2.5,2.5,0.0
23,19,1,3,1.25,3.75,2.5
23,20,4,1,5.0,1.25,-3.75
23,21,2,0,2.5,0.0,-2.5
23,22,2,0,2.5,0.0,-2.5
23,23,2,3,2.5,3.75,1.25
23,24,3,2,3.75,2.5,-1.25
23,25,4,0,5.0,0.0,-5.0
23,26,1,2,1.25,2.5,1.25
23,27,3,4,3.75,5.0,1.25
23,28,2,3,2.5,3.75,1.25
23,29,2,3,2.5,3.75,1.25
23,30,1,2,1.25,2.5,1.25
23,31,4,0,5.0,0.0,-5.0
23,32,0,1,0.0,1.25,1.25
23,33,0,3,0.0,3.75,3.75
23,34,4,4,5.0,5.0,0.0
23,35,1,0,1.25,0.0,-1.25
23,36,3,1,3.75,1.25,-2.5
23,37,3,3,3.75,3.75,0.0
23,38,3,4,3.75,5.0,1.25
23,39,2,2,2.5,2.5,0.0
23,40,2,0,2.5,0.0,-2.5
23,41,3,0,3.75,0.0,-3.75
23,42,2,0,2.5,0.0,-2.5
23,43,1,0,1.25,0.0,-1.25
23,44,3,0,3.75,0.0,-3.75
23,45,2,0,2.5,0.0,-2.5
23,46,1,0,1.25,0.0,-1.25
23,47,1,1,1.25,1.25,0.0
23,48,2,1,2.5,1.25,-1.25
23,49,1,2,1.25,2.5,1.25
23,50,4,3,5.0,3.75,-1.25
23,51,4,3,5.0,3.75,-1.25
23,52,3,1,3.75,1.25,-2.5
23,53,0,4,0.0,5.0,5.0
23,54,0,2,0.0,2.5,2.5
23,55,3,4,3.75,5.0,1.25
23,56,3,0,3.75,0.0,-3.75
23,57,1,3,1.25,3.75,2.5
23,58,1,2,1.25,2.5,1.25
23,59,3,2,3.75,2.5,-1.25
23,60,4,0,5.0,0.0,-5.0
23,61,2,4,2.5,5.0,2.5
23,62,1,1,1.25,1.25,0.0
23,63,3,3,3.75,3.75,0.0
23,64,0,1,0.0,1.25,1.25
23,65,5,1,6.25,1.25,-5.0
23,66,0,1,0.0,1.25,1.25
23,67,1,3,1.25,3.75,2.5
23,68,1,0,1.25,0.0,-1.25
23,69,2,4,2.5,5.0,2.5
23,70,1,1,1.25,1.25,0.0
23,71,1,4,1.25,5.0,3.75
23,72,1,2,1.25,2.5,1.25
23,73,4,3,5.0,3.75,-1.25
23,74,1,1,1.25,1.25,0.0
23,75,0,0,0.0,0.0,0.0
23,76,1,1,1.25,1.25,0.0
23,77,1,3,1.25,3.75,2.5
23,78,4,3,5.0,3.75,-1.25
23,79,1,0,1.25,0.0,-1.25
23,80,0,1,0.0,1.25,1.25
23,81,4,0,5.0,0.0,-5.0
23,82,2,6,2.5,7.5,5.0
23,83,3,0,3.75,0.0,-3.75
23,84,2,0,2.5,0.0,-2.5
23,85,4,1,5.0,1.25,-3.75
23,86,1,0,1.25,0.0,-1.25
23,87,0,5,0.0,6.25,6.25
23,88,3,1,3.75,1.25,-2.5
23,89,1,1,1.25,1.25,0.0
23,90,4,4,5.0,5.0,0.0
23,91,1,0,1.25,0.0,-1.25
23,92,0,1,0.0,1.25,1.25
23,93,1,2,1.25,2.5,1.25
23,94,0,3,0.0,3.75,3.75
23,95,0,1,0.0,1.25,1.25
23,96,2,1,2.5,1.25,-1.25
23,97,1,0,1.25,0.0,-1.25
23,98,0,0,0.0,0.0,0.0
23,99,3,0,3.75,0.0,-3.75
23,100,0,1,0.0,1.25,1.25
23,101,1,2,1.25,2.5,1.25
23,102,1,2,1.25,2.5,1.25
23,103,2,3,2.5,3.75,1.25
23,104,2,1,2.5,1.25,-1.25
23,105,1,2,1.25,2.5,1.25
23,106,3,0,3.75,0.0,-3.75
23,107,2,2,2.5,2.5,0.0
23,108,0,1,0.0,1.25,1.25
23,109,1,2,1.25,2.5,1.25
23,110,2,3,2.5,3.75,1.25
23,111,1,2,1.25,2.5,1.25
23,112,0,1,0.0,1.25,1.25
23,113,1,2,1.25,2.5,1.25
23,114,0,5,0.0,6.25,6.25
23,115,4,2,5.0,2.5,-2.5
23,116,2,0,2.5,0.0,-2.5
23,117,2,3,2.5,3.75,1.25
23,118,0,0,0.0,0.0,0.0
23,119,2,1,2.5,1.25,-1.25
23,120,0,2,0.0,2.5,2.5
23,121,2,0,2.5,0.0,-2.5
23,122,0,4,0.0,5.0,5.0
23,123,3,2,3.75,2.5,-1.25
23,124,3,2,3.75,2.5,-1.25
23,125,1,0,1.25,0.0,-1.25
23,126,0,0,0.0,0.0,0.0
23,127,1,2,1.25,2.5,1.25
23,128,3,0,3.75,0.0,-3.75
23,129,4,2,5.0,2.5,-2.5
23,130,2,1,2.5,1.25,-1.25
23,131,1,0,1.25,0.0,-1.25
23,132,1,2,1.25,2.5,1.25
23,133,0,1,0.0,1.25,1.25
23,134,0,1,0.0,1.25,1.25
24,0,0,0,0.0,0.0,0.0
24,1,0,1,0.0,1.25,1.25
24,2,0,1,0.0,1.25,1.25
24,3,0,0,0.0,0.0,0.0
24,4,0,0,0.0,0.0,0.0
24,5,0,2,0.0,2.5,2.5
24,6,2,1,2.5,1.25,-1.25
24,7,0,0,0.0,0.0,0.0
24,8,0,1,0.0,1.25,1.25
24,9,1,2,1.25,2.5,1.25
24,10,0,0,0.0,0.0,0.0
24,11,0,0,0.0,0.0,0.0
24,12,0,0,0.0,0.0,0.0
24,13,1,0,1.25,0.0,-1.25
24,14,1,0,1.25,0.0,-1.25
24,15,1,0,1.25,0.0,-1.25
24,16,1,2,1.25,2.5,1.25
24,17,3,0,3.75,0.0,-3.75
24,18,2,0,2.5,0.0,-2.5
24,19,1,2,1.25,2.5,1.25
24,20,1,1,1.25,1.25,0.0
24,21,0,2,0.0,2.5,2.5
24,22,0,0,0.0,0.0,0.0
24,23,1,1,1.25,1.25,0.0
24,24,1,0,1.25,0.0,-1.25
24,25,0,1,0.0,1.25,1.25
24,26,1,0,1.25,0.0,-1.25
24,27,0,1,0.0,1.25,1.25
24,28,0,1,0.0,1.25,1.25
24,29,0,0,0.0,0.0,0.0
24,30,0,1,0.0,1.25,1.25
24,31,0,0,0.0,0.0,0.0
24,32,0,1,0.0,1.25,1.25
24,33,1,1,1.25,1.25,0.0
24,34,0,0,0.0,0.0,0.0
24,35,0,0,0.0,0.0,0.0
24,36,2,0,2.5,0.0,-2.5
24,37,0,1,0.0,1.25,1.25
24,38,1,4,1.25,5.0,3.75
24,39,0,2,0.0,2.5,2.5
24,40,2,1,2.5,1.25,-1.25
24,41,1,0,1.25,0.0,-1.25
24,42,1,1,1.25,1.25,0.0
24,43,0,1,0.0,1.25,1.25
24,44,0,4,0.0,5.0,5.0
24,45,2,0,2.5,0.0,-2.5
24,46,1,1,1.25,1.25,0.0
24,47,1,0,1.25,0.0,-1.25
24,48,0,0,0.0,0.0,0.0
24,49,1,1,1.25,1.25,0.0
24,50,0,3,0.0,3.75,3.75
24,51,1,0,1.25,0.0,-1.25
24,52,1,0,1.25,0.0,-1.25
24,53,1,0,1.25,0.0,-1.25
24,54,3,0,3.75,0.0,-3.75
24,55,1,0,1.25,0.0,-1.25
24,56,0,0,0.0,0.0,0.0
24,57,1,1,1.25,1.25,0.0
24,58,0,1,0.0,1.25,1.25
24,59,0,2,0.0,2.5,2.5
24,60,0,0,0.0,0.0,0.0
24,61,0,0,0.0,0.0,0.0
24,62,0,1,0.0,1.25,1.25
24,63,0,0,0.0,0.0,0.0
24,64,1,0,1.25,0.0,-1.25
24,65,0,0,0.0,0.0,0.0
24,66,1,2,1.25,2.5,1.25
24,67,0,0,0.0,0.0,0.0
24,68,0,0,0.0,0.0,0.0
24,69,0,0,0.0,0.0,0.0
24,70,1,0,1.25,0.0,-1.25
24,71,0,0,0.0,0.0,0.0
24,72,1,0,1.25,0.0,-1.25
24,73,0,0,0.0,0.0,0.0
24,74,0,0,0.0,0.0,0.0
24,75,0,0,0.0,0.0,0.0
24,76,2,0,2.5,0.0,-2.5
24,77,0,4,0.0,5.0,5.0
24,78,1,1,1.25,1.25,0.0
24,79,1,2,1.25,2.5,1.25
24,80,0,1,0.0,1.25,1.25
24,81,0,0,0.0,0.0,0.0
24,82,1,0,1.25,0.0,-1.25
24,83,0,0,0.0,0.0,0.0
24,84,1,0,1.25,0.0,-1.25
24,85,1,0,1.25,0.0,-1.25
24,86,1,0,1.25,0.0,-1.25
24,87,0,0,0.0,0.0,0.0
24,88,0,0,0.0,0.0,0.0
24,89,0,0,0.0,0.0,0.0
24,90,2,0,2.5,0.0,-2.5
24,91,0,1,0.0,1.25,1.25
24,92,2,0,2.5,0.0,-2.5
24,93,0,2,0.0,2.5,2.5
24,94,1,1,1.25,1.25,0.0
24,95,0,3,0.0,3.75,3.75
24,96,0,0,0.0,0.0,0.0
24,97,0,0,0.0,0.0,0.0
24,98,0,0,0.0,0.0,0.0
24,99,0,1,0.0,1.25,1.25
24,100,1,2,1.25,2.5,1.25
24,101,0,0,0.0,0.0,0.0
24,102,0,0,0.0,0.0,0.0
24,103,0,0,0.0,0.0,0.0
24,104,0,0,0.0,0.0,0.0
24,105,0,0,0.0,0.0,0.0
24,106,1,0,1.25,0.0,-1.25
24,107,0,0,0.0,0.0,0.0
24,108,2,0,2.5,0.0,-2.5
24,109,0,2,0.0,2.5,2.5
24,110,0,0,0.0,0.0,0.0
24,111,0,0,0.0,0.0,0.0
24,112,0,2,0.0,2.5,2.5
24,113,0,0,0.0,0.0,0.0
24,114,1,1,1.25,1.25,0.0
24,115,0,0,0.0,0.0,0.0
24,116,0,1,0.0,1.25,1.25
24,117,0,3,0.0,3.75,3.75
24,118,3,0,3.75,0.0,-3.75
24,119,1,2,1.25,2.5,1.25
24,120,0,0,0.0,0.0,0.0
24,121,0,1,0.0,1.25,1.25
24,122,0,2,0.0,2.5,2.5
24,123,0,1,0.0,1.25,1.25
24,124,0,0,0.0,0.0,0.0
24,125,2,0,2.5,0.0,-2.5
24,126,0,0,0.0,0.0,0.0
24,127,1,1,1.25,1.25,0.0
24,128,1,0,1.25,0.0,-1.25
24,129,0,1,0.0,1.25,1.25
24,130,0,0,0.0,0.0,0.0
24,131,1,0,1.25,0.0,-1.25
24,132,0,2,0.0,2.5,2.5
24,133,0,0,0.0,0.0,0.0
24,134,1,1,1.25,1.25,0.0
25,0,2,8,2.5,10.0,7.5
25,1,2,2,2.5,2.5,0.0
25,2,2,3,2.5,3.75,1.25
25,3,3,2,3.75,2.5,-1.25
25,4,2,3,2.5,3.75,1.25
25,5,2,2,2.5,2.5,0.0
25,6,2,1,2.5,1.25,-1.25
25,7,1,1,1.25,1.25,0.0
25,8,3,3,3.75,3.75,0.0
25,9,0,5,0.0,6.25,6.25
25,10,0,3,0.0,3.75,3.75
25,11,4,2,5.0,2.5,-2.5
25,12,2,3,2.5,3.75,1.25
25,13,1,6,1.25,7.5,6.25
25,14,2,2,2.5,2.5,0.0
25,15,2,1,2.5,1.25,-1.25
25,16,3,0,3.75,0.0,-3.75
25,17,5,2,6.25,2.5,-3.75
25,18,0,3,0.0,3.75,3.75
25,19,3,5,3.75,6.25,2.5
25,20,0,1,0.0,1.25,1.25
25,21,3,3,3.75,3.75,0.0
25,22,3,1,3.75,1.25,-2.5
25,23,2,2,2.5,2.5,0.0
25,24,0,3,0.0,3.75,3.75
25,25,0,0,0.0,0.0,0.0
25,26,0,2,0.0,2.5,2.5
25,27,2,4,2.5,5.0,2.5
25,28,2,2,2.5,2.5,0.0
25,29,2,1,2.5,1.25,-1.25
25,30,1,0,1.25,0.0,-1.25
25,31,0,1,0.0,1.25,1.25
25,32,1,1,1.25,1.25,0.0
25,33,1,0,1.25,0.0,-1.25
25,34,1,1,1.25,1.25,0.0
25,35,0,2,0.0,2.5,2.5
25,36,2,5,2.5,6.25,3.75
25,37,1,3,1.25,3.75,2.5
25,38,0,5,0.0,6.25,6.25
25,39,0,3,0.0,3.75,3.75
25,40,2,6,2.5,7.5,5.0
25,41,3,6,3.75,7.5,3.75
25,42,4,2,5.0,2.5,-2.5
25,43,1,5,1.25,6.25,5.0
25,44,1,2,1.25,2.5,1.25
25,45,5,4,6.25,5.0,-1.25
25,46,0,1,0.0,1.25,1.25
25,47,1,2,1.25,2.5,1.25
25,48,0,2,0.0,2.5,2.5
25,49,2,6,2.5,7.5,5.0
25,50,2,6,2.5,7.5,5.0
25,51,2,3,2.5,3.75,1.25
25,52,2,0,2.5,0.0,-2.5
25,53,0,0,0.0,0.0,0.0
25,54,1,2,1.25,2.5,1.25
25,55,0,1,0.0,1.25,1.25
25,56,1,3,1.25,3.75,2.5
25,57,4,1,5.0,1.25,-3.75
25,58,1,2,1.25,2.5,1.25
25,59,2,6,2.5,7.5,5.0
25,60,1,2,1.25,2.5,1.25
25,61,1,0,1.25,0.0,-1.25
25,62,0,3,0.0,3.75,3.75
25,63,0,0,0.0,0.0,0.0
25,64,0,3,0.0,3.75,3.75
25,65,1,3,1.25,3.75,2.5
25,66,1,3,1.25,3.75,2.5
25,67,0,1,0.0,1.25,1.25
25,68,3,3,3.75,3.75,0.0
25,69,1,1,1.25,1.25,0.0
25,70,2,0,2.5,0.0,-2.5
25,71,4,3,5.0,3.75,-1.25
25,72,3,1,3.75,1.25,-2.5
25,73,0,1,0.0,1.25,1.25
25,74,0,2,0.0,2.5,2.5
25,75,2,1,2.5,1.25,-1.25
25,76,0,1,0.0,1.25,1.25
25,77,1,7,1.25,8.75,7.5
25,78,2,1,2.5,1.25,-1.25
25,79,2,4,2.5,5.0,2.5
25,80,1,3,1.25,3.75,2.5
25,81,2,1,2.5,1.25,-1.25
25,82,1,3,1.25,3.75,2.5
25,83,1,2,1.25,2.5,1.25
25,84,2,1,2.5,1.25,-1.25
25,85,2,2,2.5,2.5,0.0
25,86,2,2,2.5,2.5,0.0
25,87,2,1,2.5,1.25,-1.25
25,88,2,2,2.5,2.5,0.0
25,89,0,3,0.0,3.75,3.75
25,90,2,2,2.5,2.5,0.0
25,91,0,4,0.0,5.0,5.0
25,92,2,1,2.5,1.25,-1.25
25,93,3,4,3.75,5.0,1.25
25,94,3,3,3.75,3.75,0.0
25,95,1,8,1.25,10.0,8.75
25,96,2,2,2.5,2.5,0.0
25,97,3,3,3.75,3.75,0.0
25,98,0,0,0.0,0.0,0.0
25,99,2,0,2.5,0.0,-2.5
25,100,1,4,1.25,5.0,3.75
25,101,3,2,3.75,2.5,-1.25
25,102,1,1,1.25,1.25,0.0
25,103,2,1,2.5,1.25,-1.25
25,104,1,1,1.25,1.25,0.0
25,105,1,2,1.25,2.5,1.25
25,106,2,1,2.5,1.25,-1.25
25,107,2,2,2.5,2.5,0.0
25,108,1,2,1.25,2.5,1.25
25,109,0,6,0.0,7.5,7.5
25,110,2,1,2.5,1.25,-1.25
25,111,1,1,1.25,1.25,0.0
25,112,0,0,0.0,0.0,0.0
25,113,1,2,1.25,2.5,1.25
25,114,0,3,0.0,3.75,3.75
25,115,0,1,0.0,1.25,1.25
25,116,0,2,0.0,2.5,2.5
25,117,2,1,2.5,1.25,-1.25
25,118,1,1,1.25,1.25,0.0
25,119,4,0,5.0,0.0,-5.0
25,120,0,1,0.0,1.25,1.25
25,121,3,0,3.75,0.0,-3.75
25,122,2,2,2.5,2.5,0.0
25,123,3,0,3.75,0.0,-3.75
25,124,1,0,1.25,0.0,-1.25
25,125,2,0,2.5,0.0,-2.5
25,126,1,3,1.25,3.75,2.5
25,127,2,4,2.5,5.0,2.5
25,128,1,4,1.25,5.0,3.75
25,129,0,9,0.0,11.25,11.25
25,130,0,2,0.0,2.5,2.5
25,131,4,2,5.0,2.5,-2.5
25,132,4,1,5.0,1.25,-3.75
25,133,1,1,1.25,1.25,0.0
25,134,0,2,0.0,2.5,2.5
26,0,0,1,0.0,1.25,1.25
26,1,0,0,0.0,0.0,0.0
26,2,1,0,1.25,0.0,-1.25
26,3,0,1,0.0,1.25,1.25
26,4,1,1,1.25,1.25,0.0
26,5,0,2,0.0,2.5,2.5
26,6,0,0,0.0,0.0,0.0
26,7,1,0,1.25,0.0,-1.25
26,8,1,2,1.25,2.5,1.25
26,9,0,0,0.0,0.0,0.0
26,10,0,0,0.0,0.0,0.0
26,11,0,0,0.0,0.0,0.0
26,12,1,1,1.25,1.25,0.0
26,13,0,0,0.0,0.0,0.0
26,14,0,0,0.0,0.0,0.0
26,15,1,0,1.25,0.0,-1.25
26,16,0,0,0.0,0.0,0.0
26,17,0,0,0.0,0.0,0.0
26,18,0,1,0.0,1.25,1.25
26,19,1,0,1.25,0.0,-1.25
26,20,1,0,1.25,0.0,-1.25
26,21,0,1,0.0,1.25,1.25
26,22,0,1,0.0,1.25,1.25
26,23,0,1,0.0,1.25,1.25
26,24,2,0,2.5,0.0,-2.5
26,25,0,0,0.0,0.0,0.0
26,26,0,0,0.0,0.0,0.0
26,27,0,1,0.0,1.25,1.25
26,28,0,1,0.0,1.25,1.25
26,29,0,0,0.0,0.0,0.0
26,30,0,1,0.0,1.25,1.25
26,31,0,0,0.0,0.0,0.0
26,32,1,0,1.25,0.0,-1.25
26,33,0,1,0.0,1.25,1.25
26,34,0,0,0.0,0.0,0.0
26,35,0,0,0.0,0.0,0.0
26,36,1,0,1.25,0.0,-1.25
26,37,0,0,0.0,0.0,0.0
26,38,0,2,0.0,2.5,2.5
26,39,0,1,0.0,1.25,1.25
26,40,1,0,1.25,0.0,-1.25
26,41,0,0,0.0,0.0,0.0
26,42,0,1,0.0,1.25,1.25
26,43,0,1,0.0,1.25,1.25
26,44,0,3,0.0,3.75,3.75
26,45,0,0,0.0,0.0,0.0
26,46,0,3,0.0,3.75,3.75
26,47,0,0,0.0,0.0,0.0
26,48,0,0,0.0,0.0,0.0
26,49,0,0,0.0,0.0,0.0
26,50,0,2,0.0,2.5,2.5
26,51,0,0,0.0,0.0,0.0
26,52,1,0,1.25,0.0,-1.25
26,53,0,0,0.0,0.0,0.0
26,54,0,0,0.0,0.0,0.0
26,55,2,0,2.5,0.0,-2.5
26,56,0,0,0.0,0.0,0.0
26,57,1,0,1.25,0.0,-1.25
26,58,0,1,0.0,1.25,1.25
26,59,0,1,0.0,1.25,1.25
26,60,0,0,0.0,0.0,0.0
26,61,0,0,0.0,0.0,0.0
26,62,0,2,0.0,2.5,2.5
26,63,0,0,0.0,0.0,0.0
26,64,2,0,2.5,0.0,-2.5
26,65,0,0,0.0,0.0,0.0
26,66,0,3,0.0,3.75,3.75
26,67,0,0,0.0,0.0,0.0
26,68,0,0,0.0,0.0,0.0
26,69,0,0,0.0,0.0,0.0
26,70,1,1,1.25,1.25,0.0
26,71,0,0,0.0,0.0,0.0
26,72,0,1,0.0,1.25,1.25
26,73,0,1,0.0,1.25,1.25
26,74,1,0,1.25,0.0,-1.25
26,75,0,0,0.0,0.0,0.0
26,76,1,0,1.25,0.0,-1.25
26,77,1,0,1.25,0.0,-1.25
26,78,0,1,0.0,1.25,1.25
26,79,2,4,2.5,5.0,2.5
26,80,0,1,0.0,1.25,1.25
26,81,0,0,0.0,0.0,0.0
26,82,0,1,0.0,1.25,1.25
26,83,1,2,1.25,2.5,1.25
26,84,1,0,1.25,0.0,-1.25
26,85,2,1,2.5,1.25,-1.25
26,86,0,0,0.0,0.0,0.0
26,87,0,0,0.0,0.0,0.0
26,88,1,0,1.25,0.0,-1.25
26,89,0,0,0.0,0.0,0.0
26,90,0,0,0.0,0.0,0.0
26,91,0,0,0.0,0.0,0.0
26,92,1,2,1.25,2.5,1.25
26,93,0,1,0.0,1.25,1.25
26,94,0,1,0.0,1.25,1.25
26,95,0,1,0.0,1.25,1.25
26,96,0,0,0.0,0.0,0.0
26,97,1,0,1.25,0.0,-1.25
26,98,0,0,0.0,0.0,0.0
26,99,1,0,1.25,0.0,-1.25
26,100,1,3,1.25,3.75,2.5
26,101,0,0,0.0,0.0,0.0
26,102,1,0,1.25,0.0,-1.25
26,103,0,0,0.0,0.0,0.0
26,104,0,0,0.0,0.0,0.0
26,105,0,1,0.0,1.25,1.25
26,106,2,0,2.5,0.0,-2.5
26,107,0,1,0.0,1.25,1.25
26,108,2,0,2.5,0.0,-2.5
26,109,2,2,2.5,2.5,0.0
26,110,0,0,0.0,0.0,0.0
26,111,0,1,0.0,1.25,1.25
26,112,0,2,0.0,2.5,2.5
26,113,0,0,0.0,0.0,0.0
26,114,0,1,0.0,1.25,1.25
26,115,0,1,0.0,1.25,1.25
26,116,0,1,0.0,1.25,1.25
26,117,0,1,0.0,1.25,1.25
26,118,2,0,2.5,0.0,-2.5
26,119,0,0,0.0,0.0,0.0
26,120,0,0,0.0,0.0,0.0
26,121,0,0,0.0,0.0,0.0
26,122,0,0,0.0,0.0,0.0
26,123,0,0,0.0,0.0,0.0
26,124,0,0,0.0,0.0,0.0
26,125,0,0,0.0,0.0,0.0
26,126,0,0,0.0,0.0,0.0
26,127,1,2,1.25,2.5,1.25
26,128,0,0,0.0,0.0,0.0
26,129,0,0,0.0,0.0,0.0
26,130,0,0,0.0,0.0,0.0
26,131,0,0,0.0,0.0,0.0
26,132,0,2,0.0,2.5,2.5
26,133,0,1,0.0,1.25,1.25
26,134,0,0,0.0,0.0,0.0
27,0,0,2,0.0,2.5,2.5
27,1,4,1,5.0,1.25,-3.75
27,2,1,1,1.25,1.25,0.0
27,3,0,1,0.0,1.25,1.25
27,4,1,1,1.25,1.25,0.0
27,5,1,1,1.25,1.25,0.0
27,6,1,0,1.25,0.0,-1.25
27,7,1,4,1.25,5.0,3.75
27,8,2,3,2.5,3.75,1.25
27,9,0,0,0.0,0.0,0.0
27,10,4,4,5.0,5.0,0.0
27,11,1,2,1.25,2.5,1.25
27,12,0,1,0.0,1.25,1.25
27,13,0,2,0.0,2.5,2.5
27,14,1,0,1.25,0.0,-1.25
27,15,0,3,0.0,3.75,3.75
27,16,3,2,3.75,2.5,-1.25
27,17,1,0,1.25,0.0,-1.25
27,18,1,3,1.25,3.75,2.5
27,19,2,3,2.5,3.75,1.25
27,20,3,0,3.75,0.0,-3.75
27,21,0,1,0.0,1.25,1.25
27,22,1,2,1.25,2.5,1.25
27,23,2,2,2.5,2.5,0.0
27,24,3,2,3.75,2.5,-1.25
27,25,0,2,0.0,2.5,2.5
27,26,0,0,0.0,0.0,0.0
27,27,1,3,1.25,3.75,2.5
27,28,1,1,1.25,1.25,0.0
27,29,0,1,0.0,1.25,1.25
27,30,1,0,1.25,0.0,-1.25
27,31,1,0,1.25,0.0,-1.25
27,32,1,1,1.25,1.25,0.0
27,33,1,1,1.25,1.25,0.0
27,34,3,2,3.75,2.5,-1.25
27,35,0,2,0.0,2.5,2.5
27,36,2,3,2.5,3.75,1.25
27,37,0,1,0.0,1.25,1.25
27,38,0,2,0.0,2.5,2.5
27,39,2,3,2.5,3.75,1.25
27,40,1,1,1.25,1.25,0.0
27,41,1,1,1.25,1.25,0.0
27,42,1,1,1.25,1.25,0.0
27,43,1,2,1.25,2.5,1.25
27,44,0,4,0.0,5.0,5.0
27,45,2,1,2.5,1.25,-1.25
27,46,1,4,1.25,5.0,3.75
27,47,1,0,1.25,0.0,-1.25
27,48,1,4,1.25,5.0,3.75
27,49,0,0,0.0,0.0,0.0
27,50,1,1,1.25,1.25,0.0
27,51,1,1,1.25,1.25,0.0
27,52,0,1,0.0,1.25,1.25
27,53,0,2,0.0,2.5,2.5
27,54,0,0,0.0,0.0,0.0
27,55,1,5,1.25,6.25,5.0
27,56,0,0,0.0,0.0,0.0
27,57,1,3,1.25,3.75,2.5
27,58,1,2,1.25,2.5,1.25
27,59,0,1,0.0,1.25,1.25
27,60,2,0,2.5,0.0,-2.5
27,61,0,1,0.0,1.25,1.25
27,62,0,1,0.0,1.25,1.25
27,63,0,1,0.0,1.25,1.25
27,64,0,0,0.0,0.0,0.0
27,65,1,1,1.25,1.25,0.0
27,66,1,3,1.25,3.75,2.5
27,67,2,1,2.5,1.25,-1.25
27,68,0,3,0.0,3.75,3.75
27,69,1,0,1.25,0.0,-1.25
27,70,1,0,1.25,0.0,-1.25
27,71,0,1,0.0,1.25,1.25
27,72,2,2,2.5,2.5,0.0
27,73,0,0,0.0,0.0,0.0
27,74,2,0,2.5,0.0,-2.5
27,75,0,5,0.0,6.25,6.25
27,76,1,1,1.25,1.25,0.0
27,77,0,3,0.0,3.75,3.75
27,78,2,4,2.5,5.0,2.5
27,79,1,7,1.25,8.75,7.5
27,80,1,3,1.25,3.75,2.5
27,81,3,0,3.75,0.0,-3.75
27,82,2,3,2.5,3.75,1.25
27,83,0,2,0.0,2.5,2.5
27,84,0,3,0.0,3.75,3.75
27,85,0,0,0.0,0.0,0.0
27,86,0,1,0.0,1.25,1.25
27,87,0,5,0.0,6.25,6.25
27,88,1,1,1.25,1.25,0.0
27,89,1,0,1.25,0.0,-1.25
27,90,0,0,0.0,0.0,0.0
27,91,0,1,0.0,1.25,1.25
27,92,1,0,1.25,0.0,-1.25
27,93,0,0,0.0,0.0,0.0
27,94,2,1,2.5,1.25,-1.25
27,95,0,2,0.0,2.5,2.5
27,96,1,0,1.25,0.0,-1.25
27,97,3,2,3.75,2.5,-1.25
27,98,2,1,2.5,1.25,-1.25
27,99,2,3,2.5,3.75,1.25
27,100,3,2,3.75,2.5,-1.25
27,101,1,0,1.25,0.0,-1.25
27,102,1,0,1.25,0.0,-1.25
27,103,0,2,0.0,2.5,2.5
27,104,1,0,1.25,0.0,-1.25
27,105,2,0,2.5,0.0,-2.5
27,106,2,0,2.5,0.0,-2.5
27,107,3,2,3.75,2.5,-1.25
27,108,0,0,0.0,0.0,0.0
27,109,0,1,0.0,1.25,1.25
27,110,0,0,0.0,0.0,0.0
27,111,0,1,0.0,1.25,1.25
27,112,2,0,2.5,0.0,-2.5
27,113,0,1,0.0,1.25,1.25
27,114,1,4,1.25,5.0,3.75
27,115,2,0,2.5,0.0,-2.5
27,116,0,2,0.0,2.5,2.5
27,117,1,1,1.25,1.25,0.0
27,118,1,2,1.25,2.5,1.25
27,119,2,0,2.5,0.0,-2.5
27,120,0,2,0.0,2.5,2.5
27,121,0,0,0.0,0.0,0.0
27,122,1,3,1.25,3.75,2.5
27,123,2,2,2.5,2.5,0.0
27,124,4,0,5.0,0.0,-5.0
27,125,2,2,2.5,2.5,0.0
27,126,1,0,1.25,0.0,-1.25
27,127,0,0,0.0,0.0,0.0
27,128,0,3,0.0,3.75,3.75
27,129,2,1,2.5,1.25,-1.25
27,130,0,0,0.0,0.0,0.0
27,131,0,0,0.0,0.0,0.0
27,132,3,0,3.75,0.0,-3.75
27,133,0,1,0.0,1.25,1.25
27,134,2,1,2.5,1.25,-1.25
28,0,0,5,0.0,6.25,6.25
28,1,3,1,3.75,1.25,-2.5
28,2,1,0,1.25,0.0,-1.25
28,3,0,0,0.0,0.0,0.0
28,4,1,1,1.25,1.25,0.0
28,5,2,2,2.5,2.5,0.0
28,6,0,0,0.0,0.0,0.0
28,7,0,0,0.0,0.0,0.0
28,8,1,1,1.25,1.25,0.0
28,9,1,0,1.25,0.0,-1.25
28,10,0,1,0.0,1.25,1.25
28,11,0,0,0.0,0.0,0.0
28,12,0,1,0.0,1.25,1.25
28,13,1,0,1.25,0.0,-1.25
28,14,0,1,0.0,1.25,1.25
28,15,0,2,0.0,2.5,2.5
28,16,2,0,2.5,0.0,-2.5
28,17,3,2,3.75,2.5,-1.25
28,18,0,3,0.0,3.75,3.75
28,19,0,2,0.0,2.5,2.5
28,20,0,1,0.0,1.25,1.25
28,21,2,1,2.5,1.25,-1.25
28,22,0,1,0.0,1.25,1.25
28,23,0,1,0.0,1.25,1.25
28,24,1,1,1.25,1.25,0.0
28,25,0,3,0.0,3.75,3.75
28,26,0,0,0.0,0.0,0.0
28,27,0,0,0.0,0.0,0.0
28,28,0,0,0.0,0.0,0.0
28,29,0,1,0.0,1.25,1.25
28,30,3,0,3.75,0.0,-3.75
28,31,1,1,1.25,1.25,0.0
28,32,0,2,0.0,2.5,2.5
28,33,0,0,0.0,0.0,0.0
28,34,0,0,0.0,0.0,0.0
28,35,0,2,0.0,2.5,2.5
28,36,0,4,0.0,5.0,5.0
28,37,1,1,1.25,1.25,0.0
28,38,1,3,1.25,3.75,2.5
28,39,0,1,0.0,1.25,1.25
28,40,0,0,0.0,0.0,0.0
28,41,0,2,0.0,2.5,2.5
28,42,0,2,0.0,2.5,2.5
28,43,0,1,0.0,1.25,1.25
28,44,0,2,0.0,2.5,2.5
28,45,0,2,0.0,2.5,2.5
28,46,0,1,0.0,1.25,1.25
28,47,4,0,5.0,0.0,-5.0
28,48,0,4,0.0,5.0,5.0
28,49,0,3,0.0,3.75,3.75
28,50,0,5,0.0,6.25,6.25
28,51,1,0,1.25,0.0,-1.25
28,52,3,0,3.75,0.0,-3.75
28,53,1,0,1.25,0.0,-1.25
28,54,0,0,0.0,0.0,0.0
28,55,0,4,0.0,5.0,5.0
28,56,0,0,0.0,0.0,0.0
28,57,0,0,0.0,0.0,0.0
28,58,1,2,1.25,2.5,1.25
28,59,1,2,1.25,2.5,1.25
28,60,1,1,1.25,1.25,0.0
28,61,1,5,1.25,6.25,5.0
28,62,0,0,0.0,0.0,0.0
28,63,2,2,2.5,2.5,0.0
28,64,1,0,1.25,0.0,-1.25
28,65,1,1,1.25,1.25,0.0
28,66,2,1,2.5,1.25,-1.25
28,67,0,0,0.0,0.0,0.0
28,68,1,0,1.25,0.0,-1.25
28,69,0,1,0.0,1.25,1.25
28,70,1,5,1.25,6.25,5.0
28,71,0,0,0.0,0.0,0.0
28,72,0,1,0.0,1.25,1.25
28,73,0,0,0.0,0.0,0.0
28,74,0,1,0.0,1.25,1.25
28,75,3,1,3.75,1.25,-2.5
28,76,1,2,1.25,2.5,1.25
28,77,1,0,1.25,0.0,-1.25
28,78,1,1,1.25,1.25,0.0
28,79,0,0,0.0,0.0,0.0
28,80,0,0,0.0,0.0,0.0
28,81,0,0,0.0,0.0,0.0
28,82,1,2,1.25,2.5,1.25
28,83,0,1,0.0,1.25,1.25
28,84,2,0,2.5,0.0,-2.5
28,85,0,0,0.0,0.0,0.0
28,86,1,1,1.25,1.25,0.0
28,87,2,0,2.5,0.0,-2.5
28,88,1,1,1.25,1.25,0.0
28,89,1,1,1.25,1.25,0.0
28,90,1,0,1.25,0.0,-1.25
28,91,0,0,0.0,0.0,0.0
28,92,0,0,0.0,0.0,0.0
28,93,0,2,0.0,2.5,2.5
28,94,0,2,0.0,2.5,2.5
28,95,1,4,1.25,5.0,3.75
28,96,1,1,1.25,1.25,0.0
28,97,1,2,1.25,2.5,1.25
28,98,3,1,3.75,1.25,-2.5
28,99,0,1,0.0,1.25,1.25
28,100,0,3,0.0,3.75,3.75
28,101,1,2,1.25,2.5,1.25
28,102,0,0,0.0,0.0,0.0
28,103,0,0,0.0,0.0,0.0
28,104,0,1,0.0,1.25,1.25
28,105,2,0,2.5,0.0,-2.5
28,106,1,2,1.25,2.5,1.25
28,107,0,2,0.0,2.5,2.5
28,108,1,0,1.25,0.0,-1.25
28,109,1,0,1.25,0.0,-1.25
28,110,1,2,1.25,2.5,1.25
28,111,0,1,0.0,1.25,1.25
28,112,0,0,0.0,0.0,0.0
28,113,0,1,0.0,1.25,1.25
28,114,3,0,3.75,0.0,-3.75
28,115,0,1,0.0,1.25,1.25
28,116,0,2,0.0,2.5,2.5
28,117,1,2,1.25,2.5,1.25
28,118,0,0,0.0,0.0,0.0
28,119,0,2,0.0,2.5,2.5
28,120,1,2,1.25,2.5,1.25
28,121,0,0,0.0,0.0,0.0
28,122,1,0,1.25,0.0,-1.25
28,123,0,1,0.0,1.25,1.25
28,124,1,1,1.25,1.25,0.0
28,125,0,1,0.0,1.25,1.25
28,126,0,0,0.0,0.0,0.0
28,127,2,0,2.5,0.0,-2.5
28,128,0,0,0.0,0.0,0.0
28,129,1,3,1.25,3.75,2.5
28,130,0,1,0.0,1.25,1.25
28,131,0,2,0.0,2.5,2.5
28,132,0,0,0.0,0.0,0.0
28,133,1,0,1.25,0.0,-1.25
28,134,0,1,0.0,1.25,1.25
29,0,1,0,1.25,0.0,-1.25
29,1,0,0,0.0,0.0,0.0
29,2,0,0,0.0,0.0,0.0
29,3,2,2,2.5,2.5,0.0
29,4,0,0,0.0,0.0,0.0
29,5,0,0,0.0,0.0,0.0
29,6,0,0,0.0,0.0,0.0
29,7,0,1,0.0,1.25,1.25
29,8,0,0,0.0,0.0,0.0
29,9,1,0,1.25,0.0,-1.25
29,10,0,0,0.0,0.0,0.0
29,11,0,1,0.0,1.25,1.25
29,12,0,0,0.0,0.0,0.0
29,13,0,1,0.0,1.25,1.25
29,14,0,0,0.0,0.0,0.0
29,15,0,1,0.0,1.25,1.25
29,16,1,0,1.25,0.0,-1.25
29,17,1,0,1.25,0.0,-1.25
29,18,0,2,0.0,2.5,2.5
29,19,0,1,0.0,1.25,1.25
29,20,1,0,1.25,0.0,-1.25
29,21,0,0,0.0,0.0,0.0
29,22,0,0,0.0,0.0,0.0
29,23,0,1,0.0,1.25,1.25
29,24,0,0,0.0,0.0,0.0
29,25,0,1,0.0,1.25,1.25
29,26,0,0,0.0,0.0,0.0
29,27,0,0,0.0,0.0,0.0
29,28,0,0,0.0,0.0,0.0
29,29,0,1,0.0,1.25,1.25
29,30,0,0,0.0,0.0,0.0
29,31,1,0,1.25,0.0,-1.25
29,32,0,0,0.0,0.0,0.0
29,33,0,0,0.0,0.0,0.0
29,34,0,0,0.0,0.0,0.0
29,35,0,0,0.0,0.0,0.0
29,36,0,0,0.0,0.0,0.0
29,37,1,1,1.25,1.25,0.0
29,38,0,1,0.0,1.25,1.25
29,39,0,1,0.0,1.25,1.25
29,40,0,0,0.0,0.0,0.0
29,41,0,0,0.0,0.0,0.0
29,42,0,0,0.0,0.0,0.0
29,43,0,0,0.0,0.0,0.0
29,44,0,1,0.0,1.25,1.25
29,45,2,0,2.5,0.0,-2.5
29,46,0,0,0.0,0.0,0.0
29,47,0,0,0.0,0.0,0.0
29,48,0,0,0.0,0.0,0.0
29,49,0,0,0.0,0.0,0.0
29,50,0,0,0.0,0.0,0.0
29,51,0,0,0.0,0.0,0.0
29,52,1,0,1.25,0.0,-1.25
29,53,0,0,0.0,0.0,0.0
29,54,2,0,2.5,0.0,-2.5
29,55,2,0,2.5,0.0,-2.5
29,56,0,0,0.0,0.0,0.0
29,57,0,2,0.0,2.5,2.5
29,58,0,2,0.0,2.5,2.5
29,59,2,0,2.5,0.0,-2.5
29,60,2,0,2.5,0.0,-2.5
29,61,0,0,0.0,0.0,0.0
29,62,0,1,0.0,1.25,1.25
29,63,0,0,0.0,0.0,0.0
29,64,3,0,3.75,0.0,-3.75
29,65,0,0,0.0,0.0,0.0
29,66,2,0,2.5,0.0,-2.5
29,67,0,0,0.0,0.0,0.0
29,68,0,0,0.0,0.0,0.0
29,69,0,0,0.0,0.0,0.0
29,70,1,2,1.25,2.5,1.25
29,71,0,1,0.0,1.25,1.25
29,72,1,0,1.25,0.0,-1.25
29,73,0,0,0.0,0.0,0.0
29,74,0,0,0.0,0.0,0.0
29,75,0,1,0.0,1.25,1.25
29,76,0,0,0.0,0.0,0.0
29,77,1,0,1.25,0.0,-1.25
29,78,1,0,1.25,0.0,-1.25
29,79,1,0,1.25,0.0,-1.25
29,80,0,0,0.0,0.0,0.0
29,81,0,0,0.0,0.0,0.0
29,82,1,0,1.25,0.0,-1.25
29,83,1,0,1.25,0.0,-1.25
29,84,0,1,0.0,1.25,1.25
29,85,0,0,0.0,0.0,0.0
29,86,0,0,0.0,0.0,0.0
29,87,0,0,0.0,0.0,0.0
29,88,0,0,0.0,0.0,0.0
29,89,0,0,0.0,0.0,0.0
29,90,0,0,0.0,0.0,0.0
29,91,0,0,0.0,0.0,0.0
29,92,0,1,0.0,1.25,1.25
29,93,0,0,0.0,0.0,0.0
29,94,0,1,0.0,1.25,1.25
29,95,0,0,0.0,0.0,0.0
29,96,0,1,0.0,1.25,1.25
29,97,1,0,1.25,0.0,-1.25
29,98,0,0,0.0,0.0,0.0
29,99,0,3,0.0,3.75,3.75
29,100,0,0,0.0,0.0,0.0
29,101,0,0,0.0,0.0,0.0
29,102,0,0,0.0,0.0,0.0
29,103,0,0,0.0,0.0,0.0
29,104,0,0,0.0,0.0,0.0
29,105,2,1,2.5,1.25,-1.25
29,106,0,0,0.0,0.0,0.0
29,107,0,0,0.0,0.0,0.0
29,108,2,1,2.5,1.25,-1.25
29,109,0,0,0.0,0.0,0.0
29,110,0,2,0.0,2.5,2.5
29,111,0,0,0.0,0.0,0.0
29,112,0,0,0.0,0.0,0.0
29,113,1,0,1.25,0.0,-1.25
29,114,0,0,0.0,0.0,0.0
29,115,0,0,0.0,0.0,0.0
29,116,1,1,1.25,1.25,0.0
29,117,2,0,2.5,0.0,-2.5
29,118,0,1,0.0,1.25,1.25
29,119,0,0,0.0,0.0,0.0
29,120,0,3,0.0,3.75,3.75
29,121,0,0,0.0,0.0,0.0
29,122,1,0,1.25,0.0,-1.25
29,123,0,0,0.0,0.0,0.0
29,124,0,1,0.0,1.25,1.25
29,125,0,1,0.0,1.25,1.25
29,126,0,1,0.0,1.25,1.25
29,127,2,0,2.5,0.0,-2.5
29,128,0,0,0.0,0.0,0.0
29,129,1,0,1.25,0.0,-1.25
29,130,0,0,0.0,0.0,0.0
29,131,0,0,0.0,0.0,0.0
29,132,0,1,0.0,1.25,1.25
29,133,0,0,0.0,0.0,0.0
29,134,1,1,1.25,1.25,0.0
30,0,0,0,0.0,0.0,0.0
30,1,0,0,0.0,0.0,0.0
30,2,0,1,0.0,1.25,1.25
30,3,1,1,1.25,1.25,0.0
30,4,2,1,2.5,1.25,-1.25
30,5,0,0,0.0,0.0,0.0
30,6,1,0,1.25,0.0,-1.25
30,7,0,1,0.0,1.25,1.25
30,8,1,0,1.25,0.0,-1.25
30,9,0,0,0.0,0.0,0.0
30,10,1,0,1.25,0.0,-1.25
30,11,0,1,0.0,1.25,1.25
30,12,1,0,1.25,0.0,-1.25
30,13,0,0,0.0,0.0,0.0
30,14,0,0,0.0,0.0,0.0
30,15,0,0,0.0,0.0,0.0
30,16,0,2,0.0,2.5,2.5
30,17,0,0,0.0,0.0,0.0
30,18,0,0,0.0,0.0,0.0
30,19,0,0,0.0,0.0,0.0
30,20,1,1,1.25,1.25,0.0
30,21,1,0,1.25,0.0,-1.25
30,22,1,0,1.25,0.0,-1.25
30,23,0,0,0.0,0.0,0.0
30,24,5,2,6.25,2.5,-3.75
30,25,2,0,2.5,0.0,-2.5
30,26,0,0,0.0,0.0,0.0
30,27,3,0,3.75,0.0,-3.75
30,28,1,0,1.25,0.0,-1.25
30,29,1,1,1.25,1.25,0.0
30,30,1,1,1.25,1.25,0.0
30,31,0,1,0.0,1.25,1.25
30,32,0,0,0.0,0.0,0.0
30,33,0,0,0.0,0.0,0.0
30,34,0,1,0.0,1.25,1.25
30,35,2,0,2.5,0.0,-2.5
30,36,1,0,1.25,0.0,-1.25
30,37,1,1,1.25,1.25,0.0
30,38,2,1,2.5,1.25,-1.25
30,39,1,0,1.25,0.0,-1.25
30,40,0,0,0.0,0.0,0.0
30,41,0,1,0.0,1.25,1.25
30,42,1,0,1.25,0.0,-1.25
30,43,1,0,1.25,0.0,-1.25
30,44,0,0,0.0,0.0,0.0
30,45,3,1,3.75,1.25,-2.5
30,46,0,1,0.0,1.25,1.25
30,47,0,0,0.0,0.0,0.0
30,48,2,0,2.5,0.0,-2.5
30,49,1,1,1.25,1.25,0.0
30,50,0,1,0.0,1.25,1.25
30,51,0,1,0.0,1.25,1.25
30,52,0,0,0.0,0.0,0.0
30,53,0,0,0.0,0.0,0.0
30,54,0,1,0.0,1.25,1.25
30,55,0,0,0.0,0.0,0.0
30,56,0,0,0.0,0.0,0.0
30,57,0,4,0.0,5.0,5.0
30,58,0,1,0.0,1.25,1.25
30,59,3,0,3.75,0.0,-3.75
30,60,0,0,0.0,0.0,0.0
30,61,1,1,1.25,1.25,0.0
30,62,0,1,0.0,1.25,1.25
30,63,0,0,0.0,0.0,0.0
30,64,0,0,0.0,0.0,0.0
30,65,0,0,0.0,0.0,0.0
30,66,1,1,1.25,1.25,0.0
30,67,0,0,0.0,0.0,0.0
30,68,0,0,0.0,0.0,0.0
30,69,1,0,1.25,0.0,-1.25
30,70,0,1,0.0,1.25,1.25
30,71,0,0,0.0,0.0,0.0
30,72,1,0,1.25,0.0,-1.25
30,73,0,4,0.0,5.0,5.0
30,74,2,0,2.5,0.0,-2.5
30,75,2,0,2.5,0.0,-2.5
30,76,0,0,0.0,0.0,0.0
30,77,0,0,0.0,0.0,0.0
30,78,0,0,0.0,0.0,0.0
30,79,0,0,0.0,0.0,0.0
30,80,0,0,0.0,0.0,0.0
30,81,1,0,1.25,0.0,-1.25
30,82,2,2,2.5,2.5,0.0
30,83,0,0,0.0,0.0,0.0
30,84,1,0,1.25,0.0,-1.25
30,85,0,0,0.0,0.0,0.0
30,86,0,0,0.0,0.0,0.0
30,87,0,0,0.0,0.0,0.0
30,88,0,1,0.0,1.25,1.25
30,89,1,1,1.25,1.25,0.0
30,90,0,1,0.0,1.25,1.25
30,91,1,0,1.25,0.0,-1.25
30,92,0,0,0.0,0.0,0.0
30,93,0,2,0.0,2.5,2.5
30,94,0,0,0.0,0.0,0.0
30,95,0,0,0.0,0.0,0.0
30,96,0,0,0.0,0.0,0.0
30,97,4,0,5.0,0.0,-5.0
30,98,1,1,1.25,1.25,0.0
30,99,0,0,0.0,0.0,0.0
30,100,1,0,1.25,0.0,-1.25
30,101,2,2,2.5,2.5,0.0
30,102,0,2,0.0,2.5,2.5
30,103,1,0,1.25,0.0,-1.25
30,104,0,1,0.0,1.25,1.25
30,105,1,1,1.25,1.25,0.0
30,106,0,2,0.0,2.5,2.5
30,107,0,0,0.0,0.0,0.0
30,108,1,0,1.25,0.0,-1.25
30,109,0,0,0.0,0.0,0.0
30,110,1,2,1.25,2.5,1.25
30,111,0,0,0.0,0.0,0.0
30,112,0,2,0.0,2.5,2.5
30,113,2,0,2.5,0.0,-2.5
30,114,0,0,0.0,0.0,0.0
30,115,0,0,0.0,0.0,0.0
30,116,0,0,0.0,0.0,0.0
30,117,0,0,0.0,0.0,0.0
30,118,0,1,0.0,1.25,1.25
30,119,2,1,2.5,1.25,-1.25
30,120,0,1,0.0,1.25,1.25
30,121,0,0,0.0,0.0,0.0
30,122,2,0,2.5,0.0,-2.5
30,123,1,0,1.25,0.0,-1.25
30,124,0,0,0.0,0.0,0.0
30,125,0,0,0.0,0.0,0.0
30,126,0,0,0.0,0.0,0.0
30,127,0,1,0.0,1.25,1.25
30,128,0,0,0.0,0.0,0.0
30,129,0,1,0.0,1.25,1.25
30,130,0,0,0.0,0.0,0.0
30,131,1,1,1.25,1.25,0.0
30,132,0,0,0.0,0.0,0.0
30,133,0,0,0.0,0.0,0.0
30,134,1,2,1.25,2.5,1.25
31,0,0,0,0.0,0.0,0.0
31,1,0,0,0.0,0.0,0.0
31,2,0,0,0.0,0.0,0.0
31,3,0,2,0.0,2.5,2.5
31,4,2,0,2.5,0.0,-2.5
31,5,0,0,0.0,0.0,0.0
31,6,1,0,1.25,0.0,-1.25
31,7,0,1,0.0,1.25,1.25
31,8,0,0,0.0,0.0,0.0
31,9,0,0,0.0,0.0,0.0
31,10,0,1,0.0,1.25,1.25
31,11,0,0,0.0,0.0,0.0
31,12,0,0,0.0,0.0,0.0
31,13,2,0,2.5,0.0,-2.5
31,14,0,0,0.0,0.0,0.0
31,15,0,2,0.0,2.5,2.5
31,16,0,0,0.0,0.0,0.0
31,17,0,2,0.0,2.5,2.5
31,18,1,0,1.25,0.0,-1.25
31,19,0,0,0.0,0.0,0.0
31,20,0,0,0.0,0.0,0.0
31,21,0,1,0.0,1.25,1.25
31,22,0,2,0.0,2.5,2.5
31,23,1,0,1.25,0.0,-1.25
31,24,0,1,0.0,1.25,1.25
31,25,1,0,1.25,0.0,-1.25
31,26,0,1,0.0,1.25,1.25
31,27,0,0,0.0,0.0,0.0
31,28,0,1,0.0,1.25,1.25
31,29,0,0,0.0,0.0,0.0
31,30,1,0,1.25,0.0,-1.25
31,31,1,0,1.25,0.0,-1.25
31,32,0,0,0.0,0.0,0.0
31,33,1,0,1.25,0.0,-1.25
31,34,0,0,0.0,0.0,0.0
31,35,0,0,0.0,0.0,0.0
31,36,0,0,0.0,0.0,0.0
31,37,1,0,1.25,0.0,-1.25
31,38,2,1,2.5,1.25,-1.25
31,39,0,0,0.0,0.0,0.0
31,40,1,2,1.25,2.5,1.25
31,41,1,1,1.25,1.25,0.0
31,42,0,0,0.0,0.0,0.0
31,43,0,0,0.0,0.0,0.0
31,44,0,1,0.0,1.25,1.25
31,45,1,1,1.25,1.25,0.0
31,46,0,0,0.0,0.0,0.0
31,47,0,1,0.0,1.25,1.25
31,48,0,1,0.0,1.25,1.25
31,49,0,0,0.0,0.0,0.0
31,50,0,2,0.0,2.5,2.5
31,51,0,0,0.0,0.0,0.0
31,52,0,0,0.0,0.0,0.0
31,53,0,0,0.0,0.0,0.0
31,54,0,0,0.0,0.0,0.0
31,55,0,0,0.0,0.0,0.0
31,56,0,0,0.0,0.0,0.0
31,57,0,0,0.0,0.0,0.0
31,58,0,0,0.0,0.0,0.0
31,59,0,0,0.0,0.0,0.0
31,60,1,0,1.25,0.0,-1.25
31,61,0,0,0.0,0.0,0.0
31,62,4,2,5.0,2.5,-2.5
31,63,0,1,0.0,1.25,1.25
31,64,2,0,2.5,0.0,-2.5
31,65,0,0,0.0,0.0,0.0
31,66,0,2,0.0,2.5,2.5
31,67,1,0,1.25,0.0,-1.25
31,68,0,0,0.0,0.0,0.0
31,69,0,0,0.0,0.0,0.0
31,70,0,0,0.0,0.0,0.0
31,71,1,0,1.25,0.0,-1.25
31,72,1,0,1.25,0.0,-1.25
31,73,0,0,0.0,0.0,0.0
31,74,1,1,1.25,1.25,0.0
31,75,1,0,1.25,0.0,-1.25
31,76,0,0,0.0,0.0,0.0
31,77,0,1,0.0,1.25,1.25
31,78,1,0,1.25,0.0,-1.25
31,79,0,0,0.0,0.0,0.0
31,80,0,0,0.0,0.0,0.0
31,81,0,1,0.0,1.25,1.25
31,82,0,1,0.0,1.25,1.25
31,83,1,0,1.25,0.0,-1.25
31,84,2,1,2.5,1.25,-1.25
31,85,1,1,1.25,1.25,0.0
31,86,1,0,1.25,0.0,-1.25
31,87,1,0,1.25,0.0,-1.25
31,88,0,0,0.0,0.0,0.0
31,89,2,0,2.5,0.0,-2.5
31,90,0,0,0.0,0.0,0.0
31,91,0,0,0.0,0.0,0.0
31,92,3,0,3.75,0.0,-3.75
31,93,1,0,1.25,0.0,-1.25
31,94,2,0,2.5,0.0,-2.5
31,95,0,1,0.0,1.25,1.25
31,96,0,1,0.0,1.25,1.25
31,97,1,1,1.25,1.25,0.0
31,98,0,0,0.0,0.0,0.0
31,99,1,0,1.25,0.0,-1.25
31,100,0,0,0.0,0.0,0.0
31,101,0,0,0.0,0.0,0.0
31,102,1,1,1.25,1.25,0.0
31,103,0,0,0.0,0.0,0.0
31,104,0,1,0.0,1.25,1.25
31,105,0,0,0.0,0.0,0.0
31,106,0,1,0.0,1.25,1.25
31,107,0,0,0.0,0.0,0.0
31,108,0,1,0.0,1.25,1.25
31,109,1,0,1.25,0.0,-1.25
31,110,0,0,0.0,0.0,0.0
31,111,0,0,0.0,0.0,0.0
31,112,0,0,0.0,0.0,0.0
31,113,1,0,1.25,0.0,-1.25
31,114,1,0,1.25,0.0,-1.25
31,115,1,1,1.25,1.25,0.0
31,116,1,0,1.25,0.0,-1.25
31,117,0,1,0.0,1.25,1.25
31,118,1,1,1.25,1.25,0.0
31,119,0,0,0.0,0.0,0.0
31,120,0,0,0.0,0.0,0.0
31,121,0,1,0.0,1.25,1.25
31,122,0,0,0.0,0.0,0.0
31,123,0,0,0.0,0.0,0.0
31,124,2,1,2.5,1.25,-1.25
31,125,0,0,0.0,0.0,0.0
31,126,1,0,1.25,0.0,-1.25
31,127,0,0,0.0,0.0,0.0
31,128,1,0,1.25,0.0,-1.25
31,129,0,0,0.0,0.0,0.0
31,130,1,0,1.25,0.0,-1.25
31,131,0,1,0.0,1.25,1.25
31,132,0,0,0.0,0.0,0.0
31,133,1,0,1.25,0.0,-1.25
31,134,1,2,1.25,2.5,1.25
32,0,0,0,0.0,0.0,0.0
32,1,2,1,2.5,1.25,-1.25
32,2,1,0,1.25,0.0,-1.25
32,3,2,1,2.5,1.25,-1.25
32,4,5,2,6.25,2.5,-3.75
32,5,0,2,0.0,2.5,2.5
32,6,1,1,1.25,1.25,0.0
32,7,0,0,0.0,0.0,0.0
32,8,1,5,1.25,6.25,5.0
32,9,0,0,0.0,0.0,0.0
32,10,1,0,1.25,0.0,-1.25
32,11,1,1,1.25,1.25,0.0
32,12,1,0,1.25,0.0,-1.25
32,13,0,1,0.0,1.25,1.25
32,14,0,0,0.0,0.0,0.0
32,15,0,0,0.0,0.0,0.0
32,16,3,0,3.75,0.0,-3.75
32,17,0,0,0.0,0.0,0.0
32,18,0,0,0.0,0.0,0.0
32,19,1,0,1.25,0.0,-1.25
32,20,0,1,0.0,1.25,1.25
32,21,0,1,0.0,1.25,1.25
32,22,1,2,1.25,2.5,1.25
32,23,0,0,0.0,0.0,0.0
32,24,1,0,1.25,0.0,-1.25
32,25,0,0,0.0,0.0,0.0
32,26,0,2,0.0,2.5,2.5
32,27,1,1,1.25,1.25,0.0
32,28,1,0,1.25,0.0,-1.25
32,29,3,1,3.75,1.25,-2.5
32,30,0,0,0.0,0.0,0.0
32,31,0,2,0.0,2.5,2.5
32,32,0,0,0.0,0.0,0.0
32,33,0,1,0.0,1.25,1.25
32,34,0,1,0.0,1.25,1.25
32,35,0,3,0.0,3.75,3.75
32,36,0,0,0.0,0.0,0.0
32,37,3,0,3.75,0.0,-3.75
32,38,1,1,1.25,1.25,0.0
32,39,1,1,1.25,1.25,0.0
32,40,4,0,5.0,0.0,-5.0
32,41,0,1,0.0,1.25,1.25
32,42,0,0,0.0,0.0,0.0
32,43,1,1,1.25,1.25,0.0
32,44,0,1,0.0,1.25,1.25
32,45,1,0,1.25,0.0,-1.25
32,46,1,0,1.25,0.0,-1.25
32,47,2,1,2.5,1.25,-1.25
32,48,2,0,2.5,0.0,-2.5
32,49,0,0,0.0,0.0,0.0
32,50,0,1,0.0,1.25,1.25
32,51,1,3,1.25,3.75,2.5
32,52,2,0,2.5,0.0,-2.5
32,53,1,0,1.25,0.0,-1.25
32,54,0,1,0.0,1.25,1.25
32,55,0,0,0.0,0.0,0.0
32,56,1,0,1.25,0.0,-1.25
32,57,0,2,0.0,2.5,2.5
32,58,0,1,0.0,1.25,1.25
32,59,0,0,0.0,0.0,0.0
32,60,1,1,1.25,1.25,0.0
32,61,0,0,0.0,0.0,0.0
32,62,0,1,0.0,1.25,1.25
32,63,1,0,1.25,0.0,-1.25
32,64,0,0,0.0,0.0,0.0
32,65,0,2,0.0,2.5,2.5
32,66,2,0,2.5,0.0,-2.5
32,67,1,0,1.25,0.0,-1.25
32,68,1,1,1.25,1.25,0.0
32,69,0,0,0.0,0.0,0.0
32,70,0,2,0.0,2.5,2.5
32,71,1,1,1.25,1.25,0.0
32,72,4,0,5.0,0.0,-5.0
32,73,2,1,2.5,1.25,-1.25
32,74,1,0,1.25,0.0,-1.25
32,75,0,1,0.0,1.25,1.25
32,76,0,1,0.0,1.25,1.25
32,77,1,0,1.25,0.0,-1.25
32,78,2,0,2.5,0.0,-2.5
32,79,1,1,1.25,1.25,0.0
32,80,0,0,0.0,0.0,0.0
32,81,2,0,2.5,0.0,-2.5
32,82,0,1,0.0,1.25,1.25
32,83,1,0,1.25,0.0,-1.25
32,84,0,0,0.0,0.0,0.0
32,85,2,1,2.5,1.25,-1.25
32,86,1,4,1.25,5.0,3.75
32,87,1,0,1.25,0.0,-1.25
32,88,1,0,1.25,0.0,-1.25
32,89,0,3,0.0,3.75,3.75
32,90,1,0,1.25,0.0,-1.25
32,91,0,0,0.0,0.0,0.0
32,92,0,0,0.0,0.0,0.0
32,93,1,0,1.25,0.0,-1.25
32,94,1,1,1.25,1.25,0.0
32,95,0,0,0.0,0.0,0.0
32,96,1,2,1.25,2.5,1.25
32,97,0,1,0.0,1.25,1.25
32,98,2,4,2.5,5.0,2.5
32,99,3,2,3.75,2.5,-1.25
32,100,0,1,0.0,1.25,1.25
32,101,0,0,0.0,0.0,0.0
32,102,0,0,0.0,0.0,0.0
32,103,0,0,0.0,0.0,0.0
32,104,1,4,1.25,5.0,3.75
32,105,0,0,0.0,0.0,0.0
32,106,0,3,0.0,3.75,3.75
32,107,0,2,0.0,2.5,2.5
32,108,0,2,0.0,2.5,2.5
32,109,0,1,0.0,1.25,1.25
32,110,3,2,3.75,2.5,-1.25
32,111,1,1,1.25,1.25,0.0
32,112,3,0,3.75,0.0,-3.75
32,113,1,0,1.25,0.0,-1.25
32,114,1,2,1.25,2.5,1.25
32,115,1,0,1.25,0.0,-1.25
32,116,0,0,0.0,0.0,0.0
32,117,0,1,0.0,1.25,1.25
32,118,0,0,0.0,0.0,0.0
32,119,0,0,0.0,0.0,0.0
32,120,0,0,0.0,0.0,0.0
32,121,2,1,2.5,1.25,-1.25
32,122,1,1,1.25,1.25,0.0
32,123,1,3,1.25,3.75,2.5
32,124,1,2,1.25,2.5,1.25
32,125,1,1,1.25,1.25,0.0
32,126,0,1,0.0,1.25,1.25
32,127,1,0,1.25,0.0,-1.25
32,128,1,0,1.25,0.0,-1.25
32,129,0,1,0.0,1.25,1.25
32,130,1,0,1.25,0.0,-1.25
32,131,0,0,0.0,0.0,0.0
32,132,0,1,0.0,1.25,1.25
32,133,1,1,1.25,1.25,0.0
32,134,2,1,2.5,1.25,-1.25
33,0,1,0,1.25,0.0,-1.25
33,1,0,0,0.0,0.0,0.0
33,2,1,0,1.25,0.0,-1.25
33,3,0,0,0.0,0.0,0.0
33,4,1,0,1.25,0.0,-1.25
33,5,0,0,0.0,0.0,0.0
33,6,0,1,0.0,1.25,1.25
33,7,1,0,1.25,0.0,-1.25
33,8,0,0,0.0,0.0,0.0
33,9,0,0,0.0,0.0,0.0
33,10,0,0,0.0,0.0,0.0
33,11,1,0,1.25,0.0,-1.25
33,12,0,2,0.0,2.5,2.5
33,13,0,0,0.0,0.0,0.0
33,14,0,1,0.0,1.25,1.25
33,15,0,0,0.0,0.0,0.0
33,16,0,1,0.0,1.25,1.25
33,17,0,1,0.0,1.25,1.25
33,18,4,0,5.0,0.0,-5.0
33,19,0,0,0.0,0.0,0.0
33,20,0,1,0.0,1.25,1.25
33,21,0,0,0.0,0.0,0.0
33,22,0,1,0.0,1.25,1.25
33,23,0,1,0.0,1.25,1.25
33,24,2,2,2.5,2.5,0.0
33,25,0,0,0.0,0.0,0.0
33,26,0,1,0.0,1.25,1.25
33,27,0,2,0.0,2.5,2.5
33,28,4,0,5.0,0.0,-5.0
33,29,2,1,2.5,1.25,-1.25
33,30,1,0,1.25,0.0,-1.25
33,31,0,1,0.0,1.25,1.25
33,32,1,1,1.25,1.25,0.0
33,33,0,0,0.0,0.0,0.0
33,34,0,0,0.0,0.0,0.0
33,35,1,0,1.25,0.0,-1.25
33,36,0,0,0.0,0.0,0.0
33,37,1,0,1.25,0.0,-1.25
33,38,1,0,1.25,0.0,-1.25
33,39,0,0,0.0,0.0,0.0
33,40,0,0,0.0,0.0,0.0
33,41,1,0,1.25,0.0,-1.25
33,42,0,0,0.0,0.0,0.0
33,43,0,0,0.0,0.0,0.0
33,44,0,0,0.0,0.0,0.0
33,45,3,0,3.75,0.0,-3.75
33,46,1,3,1.25,3.75,2.5
33,47,0,0,0.0,0.0,0.0
33,48,1,0,1.25,0.0,-1.25
33,49,0,3,0.0,3.75,3.75
33,50,1,0,1.25,0.0,-1.25
33,51,0,0,0.0,0.0,0.0
33,52,2,1,2.5,1.25,-1.25
33,53,0,0,0.0,0.0,0.0
33,54,0,0,0.0,0.0,0.0
33,55,0,0,0.0,0.0,0.0
33,56,0,1,0.0,1.25,1.25
33,57,2,1,2.5,1.25,-1.25
33,58,0,0,0.0,0.0,0.0
33,59,0,2,0.0,2.5,2.5
33,60,0,0,0.0,0.0,0.0
33,61,2,0,2.5,0.0,-2.5
33,62,0,0,0.0,0.0,0.0
33,63,0,0,0.0,0.0,0.0
33,64,2,1,2.5,1.25,-1.25
33,65,0,1,0.0,1.25,1.25
33,66,0,0,0.0,0.0,0.0
33,67,0,1,0.0,1.25,1.25
33,68,0,0,0.0,0.0,0.0
33,69,0,0,0.0,0.0,0.0
33,70,1,0,1.25,0.0,-1.25
33,71,0,0,0.0,0.0,0.0
33,72,1,0,1.25,0.0,-1.25
33,73,0,1,0.0,1.25,1.25
33,74,0,0,0.0,0.0,0.0
33,75,0,1,0.0,1.25,1.25
33,76,0,1,0.0,1.25,1.25
33,77,0,0,0.0,0.0,0.0
33,78,1,0,1.25,0.0,-1.25
33,79,0,0,0.0,0.0,0.0
33,80,0,0,0.0,0.0,0.0
33,81,0,0,0.0,0.0,0.0
33,82,0,0,0.0,0.0,0.0
33,83,0,0,0.0,0.0,0.0
33,84,0,0,0.0,0.0,0.0
33,85,0,0,0.0,0.0,0.0
33,86,1,1,1.25,1.25,0.0
33,87,1,0,1.25,0.0,-1.25
33,88,0,0,0.0,0.0,0.0
33,89,0,2,0.0,2.5,2.5
33,90,0,0,0.0,0.0,0.0
33,91,2,0,2.5,0.0,-2.5
33,92,1,0,1.25,0.0,-1.25
33,93,0,0,0.0,0.0,0.0
33,94,0,0,0.0,0.0,0.0
33,95,0,0,0.0,0.0,0.0
33,96,1,0,1.25,0.0,-1.25
33,97,0,2,0.0,2.5,2.5
33,98,0,1,0.0,1.25,1.25
33,99,5,0,6.25,0.0,-6.25
33,100,0,1,0.0,1.25,1.25
33,101,0,1,0.0,1.25,1.25
33,102,3,0,3.75,0.0,-3.75
33,103,1,0,1.25,0.0,-1.25
33,104,0,0,0.0,0.0,0.0
33,105,0,0,0.0,0.0,0.0
33,106,1,0,1.25,0.0,-1.25
33,107,0,0,0.0,0.0,0.0
33,108,0,2,0.0,2.5,2.5
33,109,0,1,0.0,1.25,1.25
33,110,1,5,1.25,6.25,5.0
33,111,2,0,2.5,0.0,-2.5
33,112,1,0,1.25,0.0,-1.25
33,113,0,0,0.0,0.0,0.0
33,114,0,0,0.0,0.0,0.0
33,115,0,0,0.0,0.0,0.0
33,116,0,1,0.0,1.25,1.25
33,117,0,1,0.0,1.25,1.25
33,118,1,1,1.25,1.25,0.0
33,119,1,0,1.25,0.0,-1.25
33,120,1,0,1.25,0.0,-1.25
33,121,1,0,1.25,0.0,-1.25
33,122,0,1,0.0,1.25,1.25
33,123,0,2,0.0,2.5,2.5
33,124,1,0,1.25,0.0,-1.25
33,125,2,0,2.5,0.0,-2.5
33,126,0,1,0.0,1.25,1.25
33,127,0,1,0.0,1.25,1.25
33,128,2,0,2.5,0.0,-2.5
33,129,0,0,0.0,0.0,0.0
33,130,0,0,0.0,0.0,0.0
33,131,0,0,0.0,0.0,0.0
33,132,0,0,0.0,0.0,0.0
33,133,2,1,2.5,1.25,-1.25
33,134,0,1,0.0,1.25,1.25
34,0,0,0,0.0,0.0,0.0
34,1,0,5,0.0,6.25,6.25
34,2,1,0,1.25,0.0,-1.25
34,3,0,0,0.0,0.0,0.0
34,4,0,0,0.0,0.0,0.0
34,5,0,0,0.0,0.0,0.0
34,6,0,5,0.0,6.25,6.25
34,7,0,3,0.0,3.75,3.75
34,8,2,0,2.5,0.0,-2.5
34,9,8,3,10.0,3.75,-6.25
34,10,0,0,0.0,0.0,0.0
34,11,0,10,0.0,12.5,12.5
34,12,0,0,0.0,0.0,0.0
34,13,1,0,1.25,0.0,-1.25
34,14,0,0,0.0,0.0,0.0
34,15,0,0,0.0,0.0,0.0
34,16,0,0,0.0,0.0,0.0
34,17,2,0,2.5,0.0,-2.5
34,18,0,0,0.0,0.0,0.0
34,19,0,0,0.0,0.0,0.0
34,20,1,0,1.25,0.0,-1.25
34,21,0,0,0.0,0.0,0.0
34,22,0,0,0.0,0.0,0.0
34,23,0,0,0.0,0.0,0.0
34,24,0,0,0.0,0.0,0.0
34,25,0,0,0.0,0.0,0.0
34,26,1,0,1.25,0.0,-1.25
34,27,0,0,0.0,0.0,0.0
34,28,1,2,1.25,2.5,1.25
34,29,0,1,0.0,1.25,1.25
34,30,0,2,0.0,2.5,2.5
34,31,0,0,0.0,0.0,0.0
34,32,0,9,0.0,11.25,11.25
34,33,0,1,0.0,1.25,1.25
34,34,0,0,0.0,0.0,0.0
34,35,3,0,3.75,0.0,-3.75
34,36,0,0,0.0,0.0,0.0
34,37,0,0,0.0,0.0,0.0
34,38,0,0,0.0,0.0,0.0
34,39,0,0,0.0,0.0,0.0
34,40,0,0,0.0,0.0,0.0
34,41,0,0,0.0,0.0,0.0
34,42,0,0,0.0,0.0,0.0
34,43,1,4,1.25,5.0,3.75
34,44,1,0,1.25,0.0,-1.25
34,45,0,2,0.0,2.5,2.5
34,46,0,0,0.0,0.0,0.0
34,47,2,0,2.5,0.0,-2.5
34,48,0,0,0.0,0.0,0.0
34,49,0,0,0.0,0.0,0.0
34,50,0,0,0.0,0.0,0.0
34,51,0,0,0.0,0.0,0.0
34,52,0,0,0.0,0.0,0.0
34,53,0,0,0.0,0.0,0.0
34,54,0,0,0.0,0.0,0.0
34,55,0,0,0.0,0.0,0.0
34,56,0,0,0.0,0.0,0.0
34,57,2,0,2.5,0.0,-2.5
34,58,0,0,0.0,0.0,0.0
34,59,0,0,0.0,0.0,0.0
34,60,0,0,0.0,0.0,0.0
34,61,0,0,0.0,0.0,0.0
34,62,0,0,0.0,0.0,0.0
34,63,0,4,0.0,5.0,5.0
34,64,0,0,0.0,0.0,0.0
34,65,0,0,0.0,0.0,0.0
34,66,0,0,0.0,0.0,0.0
34,67,0,6,0.0,7.5,7.5
34,68,1,0,1.25,0.0,-1.25
34,69,0,0,0.0,0.0,0.0
34,70,0,0,0.0,0.0,0.0
34,71,0,0,0.0,0.0,0.0
34,72,0,9,0.0,11.25,11.25
34,73,0,2,0.0,2.5,2.5
34,74,0,1,0.0,1.25,1.25
34,75,0,1,0.0,1.25,1.25
34,76,0,0,0.0,0.0,0.0
34,77,0,0,0.0,0.0,0.0
34,78,0,0,0.0,0.0,0.0
34,79,0,0,0.0,0.0,0.0
34,80,0,0,0.0,0.0,0.0
34,81,0,0,0.0,0.0,0.0
34,82,0,0,0.0,0.0,0.0
34,83,1,0,1.25,0.0,-1.25
34,84,2,0,2.5,0.0,-2.5
34,85,0,0,0.0,0.0,0.0
34,86,0,0,0.0,0.0,0.0
34,87,0,0,0.0,0.0,0.0
34,88,0,0,0.0,0.0,0.0
34,89,0,0,0.0,0.0,0.0
34,90,1,0,1.25,0.0,-1.25
34,91,0,0,0.0,0.0,0.0
34,92,0,0,0.0,0.0,0.0
34,93,0,4,0.0,5.0,5.0
34,94,1,0,1.25,0.0,-1.25
34,95,0,5,0.0,6.25,6.25
34,96,2,0,2.5,0.0,-2.5
34,97,0,0,0.0,0.0,0.0
34,98,0,0,0.0,0.0,0.0
34,99,0,0,0.0,0.0,0.0
34,100,3,0,3.75,0.0,-3.75
34,101,0,0,0.0,0.0,0.0
34,102,0,2,0.0,2.5,2.5
34,103,0,3,0.0,3.75,3.75
34,104,0,0,0.0,0.0,0.0
34,105,0,0,0.0,0.0,0.0
34,106,0,0,0.0,0.0,0.0
34,107,0,0,0.0,0.0,0.0
34,108,0,0,0.0,0.0,0.0
34,109,0,0,0.0,0.0,0.0
34,110,0,0,0.0,0.0,0.0
34,111,0,0,0.0,0.0,0.0
34,112,0,2,0.0,2.5,2.5
34,113,0,0,0.0,0.0,0.0
34,114,1,0,1.25,0.0,-1.25
34,115,0,0,0.0,0.0,0.0
34,116,1,1,1.25,1.25,0.0
34,117,0,0,0.0,0.0,0.0
34,118,0,1,0.0,1.25,1.25
34,119,0,0,0.0,0.0,0.0
34,120,0,0,0.0,0.0,0.0
34,121,0,0,0.0,0.0,0.0
34,122,0,0,0.0,0.0,0.0
34,123,0,1,0.0,1.25,1.25
34,124,0,0,0.0,0.0,0.0
34,125,0,0,0.0,0.0,0.0
34,126,0,0,0.0,0.0,0.0
34,127,0,0,0.0,0.0,0.0
34,128,0,0,0.0,0.0,0.0
34,129,0,0,0.0,0.0,0.0
34,130,0,0,0.0,0.0,0.0
34,131,0,0,0.0,0.0,0.0
34,132,0,4,0.0,5.0,5.0
34,133,0,0,0.0,0.0,0.0
34,134,0,1,0.0,1.25,1.25
35,0,1,1,1.25,1.25,0.0
35,1,0,0,0.0,0.0,0.0
35,2,0,0,0.0,0.0,0.0
35,3,0,0,0.0,0.0,0.0
35,4,0,0,0.0,0.0,0.0
35,5,0,0,0.0,0.0,0.0
35,6,0,0,0.0,0.0,0.0
35,7,0,0,0.0,0.0,0.0
35,8,1,0,1.25,0.0,-1.25
35,9,0,0,0.0,0.0,0.0
35,10,0,0,0.0,0.0,0.0
35,11,0,1,0.0,1.25,1.25
35,12,0,1,0.0,1.25,1.25
35,13,0,1,0.0,1.25,1.25
35,14,1,0,1.25,0.0,-1.25
35,15,0,0,0.0,0.0,0.0
35,16,0,0,0.0,0.0,0.0
35,17,0,0,0.0,0.0,0.0
35,18,0,0,0.0,0.0,0.0
35,19,1,1,1.25,1.25,0.0
35,20,0,0,0.0,0.0,0.0
35,21,0,0,0.0,0.0,0.0
35,22,0,0,0.0,0.0,0.0
35,23,0,1,0.0,1.25,1.25
35,24,2,0,2.5,0.0,-2.5
35,25,0,0,0.0,0.0,0.0
35,26,0,0,0.0,0.0,0.0
35,27,0,1,0.0,1.25,1.25
35,28,0,0,0.0,0.0,0.0
35,29,0,0,0.0,0.0,0.0
35,30,0,1,0.0,1.25,1.25
35,31,0,0,0.0,0.0,0.0
35,32,0,0,0.0,0.0,0.0
35,33,0,0,0.0,0.0,0.0
35,34,0,0,0.0,0.0,0.0
35,35,0,0,0.0,0.0,0.0
35,36,0,1,0.0,1.25,1.25
35,37,0,1,0.0,1.25,1.25
35,38,0,0,0.0,0.0,0.0
35,39,0,1,0.0,1.25,1.25
35,40,0,3,0.0,3.75,3.75
35,41,2,1,2.5,1.25,-1.25
35,42,1,0,1.25,0.0,-1.25
35,43,0,0,0.0,0.0,0.0
35,44,0,1,0.0,1.25,1.25
35,45,0,0,0.0,0.0,0.0
35,46,0,2,0.0,2.5,2.5
35,47,1,1,1.25,1.25,0.0
35,48,0,2,0.0,2.5,2.5
35,49,1,0,1.25,0.0,-1.25
35,50,0,0,0.0,0.0,0.0
35,51,1,0,1.25,0.0,-1.25
35,52,0,1,0.0,1.25,1.25
35,53,0,0,0.0,0.0,0.0
35,54,0,0,0.0,0.0,0.0
35,55,0,0,0.0,0.0,0.0
35,56,0,2,0.0,2.5,2.5
35,57,0,0,0.0,0.0,0.0
35,58,1,1,1.25,1.25,0.0
35,59,0,1,0.0,1.25,1.25
35,60,1,0,1.25,0.0,-1.25
35,61,0,0,0.0,0.0,0.0
35,62,0,1,0.0,1.25,1.25
35,63,0,0,0.0,0.0,0.0
35,64,0,1,0.0,1.25,1.25
35,65,0,0,0.0,0.0,0.0
35,66,1,0,1.25,0.0,-1.25
35,67,0,0,0.0,0.0,0.0
35,68,0,1,0.0,1.25,1.25
35,69,0,1,0.0,1.25,1.25
35,70,0,0,0.0,0.0,0.0
35,71,0,0,0.0,0.0,0.0
35,72,0,0,0.0,0.0,0.0
35,73,0,2,0.0,2.5,2.5
35,74,0,0,0.0,0.0,0.0
35,75,0,1,0.0,1.25,1.25
35,76,1,0,1.25,0.0,-1.25
35,77,0,0,0.0,0.0,0.0
35,78,0,0,0.0,0.0,0.0
35,79,0,1,0.0,1.25,1.25
35,80,0,3,0.0,3.75,3.75
35,81,0,0,0.0,0.0,0.0
35,82,0,0,0.0,0.0,0.0
35,83,1,0,1.25,0.0,-1.25
35,84,2,0,2.5,0.0,-2.5
35,85,0,0,0.0,0.0,0.0
35,86,1,1,1.25,1.25,0.0
35,87,0,0,0.0,0.0,0.0
35,88,3,1,3.75,1.25,-2.5
35,89,0,0,0.0,0.0,0.0
35,90,1,2,1.25,2.5,1.25
35,91,2,0,2.5,0.0,-2.5
35,92,1,1,1.25,1.25,0.0
35,93,0,0,0.0,0.0,0.0
35,94,1,0,1.25,0.0,-1.25
35,95,1,0,1.25,0.0,-1.25
35,96,0,0,0.0,0.0,0.0
35,97,1,0,1.25,0.0,-1.25
35,98,1,0,1.25,0.0,-1.25
35,99,0,0,0.0,0.0,0.0
35,100,0,2,0.0,2.5,2.5
35,101,2,0,2.5,0.0,-2.5
35,102,1,0,1.25,0.0,-1.25
35,103,0,0,0.0,0.0,0.0
35,104,0,0,0.0,0.0,0.0
35,105,1,0,1.25,0.0,-1.25
35,106,0,0,0.0,0.0,0.0
35,107,0,0,0.0,0.0,0.0
35,108,0,1,0.0,1.25,1.25
35,109,0,1,0.0,1.25,1.25
35,110,1,1,1.25,1.25,0.0
35,111,2,0,2.5,0.0,-2.5
35,112,0,1,0.0,1.25,1.25
35,113,0,0,0.0,0.0,0.0
35,114,0,0,0.0,0.0,0.0
35,115,1,0,1.25,0.0,-1.25
35,116,0,1,0.0,1.25,1.25
35,117,0,1,0.0,1.25,1.25
35,118,0,1,0.0,1.25,1.25
35,119,0,0,0.0,0.0,0.0
35,120,1,1,1.25,1.25,0.0
35,121,0,1,0.0,1.25,1.25
35,122,0,1,0.0,1.25,1.25
35,123,0,0,0.0,0.0,0.0
35,124,0,1,0.0,1.25,1.25
35,125,0,0,0.0,0.0,0.0
35,126,0,0,0.0,0.0,0.0
35,127,1,1,1.25,1.25,0.0
35,128,0,0,0.0,0.0,0.0
35,129,0,0,0.0,0.0,0.0
35,130,0,0,0.0,0.0,0.0
35,131,0,0,0.0,0.0,0.0
35,132,0,1,0.0,1.25,1.25
35,133,0,0,0.0,0.0,0.0
35,134,0,0,0.0,0.0,0.0
36,0,3,5,3.75,6.25,2.5
36,1,0,0,0.0,0.0,0.0
36,2,5,1,6.25,1.25,-5.0
36,3,1,3,1.25,3.75,2.5
36,4,1,1,1.25,1.25,0.0
36,5,1,0,1.25,0.0,-1.25
36,6,0,1,0.0,1.25,1.25
36,7,2,1,2.5,1.25,-1.25
36,8,1,1,1.25,1.25,0.0
36,9,0,0,0.0,0.0,0.0
36,10,0,0,0.0,0.0,0.0
36,11,0,0,0.0,0.0,0.0
36,12,0,0,0.0,0.0,0.0
36,13,1,3,1.25,3.75,2.5
36,14,0,2,0.0,2.5,2.5
36,15,1,3,1.25,3.75,2.5
36,16,0,2,0.0,2.5,2.5
36,17,0,1,0.0,1.25,1.25
36,18,1,2,1.25,2.5,1.25
36,19,2,1,2.5,1.25,-1.25
36,20,0,0,0.0,0.0,0.0
36,21,0,1,0.0,1.25,1.25
36,22,0,1,0.0,1.25,1.25
36,23,2,2,2.5,2.5,0.0
36,24,0,0,0.0,0.0,0.0
36,25,2,2,2.5,2.5,0.0
36,26,1,0,1.25,0.0,-1.25
36,27,0,1,0.0,1.25,1.25
36,28,1,1,1.25,1.25,0.0
36,29,1,1,1.25,1.25,0.0
36,30,11,0,13.75,0.0,-13.75
36,31,0,0,0.0,0.0,0.0
36,32,1,1,1.25,1.25,0.0
36,33,0,1,0.0,1.25,1.25
36,34,0,1,0.0,1.25,1.25
36,35,0,1,0.0,1.25,1.25
36,36,0,10,0.0,12.5,12.5
36,37,0,1,0.0,1.25,1.25
36,38,0,1,0.0,1.25,1.25
36,39,0,0,0.0,0.0,0.0
36,40,2,1,2.5,1.25,-1.25
36,41,2,0,2.5,0.0,-2.5
36,42,1,2,1.25,2.5,1.25
36,43,0,4,0.0,5.0,5.0
36,44,0,3,0.0,3.75,3.75
36,45,0,0,0.0,0.0,0.0
36,46,0,8,0.0,10.0,10.0
36,47,0,1,0.0,1.25,1.25
36,48,1,1,1.25,1.25,0.0
36,49,0,0,0.0,0.0,0.0
36,50,1,6,1.25,7.5,6.25
36,51,0,1,0.0,1.25,1.25
36,52,0,2,0.0,2.5,2.5
36,53,0,0,0.0,0.0,0.0
36,54,0,0,0.0,0.0,0.0
36,55,0,0,0.0,0.0,0.0
36,56,0,5,0.0,6.25,6.25
36,57,0,2,0.0,2.5,2.5
36,58,2,0,2.5,0.0,-2.5
36,59,3,2,3.75,2.5,-1.25
36,60,1,2,1.25,2.5,1.25
36,61,0,1,0.0,1.25,1.25
36,62,3,0,3.75,0.0,-3.75
36,63,0,0,0.0,0.0,0.0
36,64,0,0,0.0,0.0,0.0
36,65,0,1,0.0,1.25,1.25
36,66,0,2,0.0,2.5,2.5
36,67,1,1,1.25,1.25,0.0
36,68,1,1,1.25,1.25,0.0
36,69,1,0,1.25,0.0,-1.25
36,70,0,0,0.0,0.0,0.0
36,71,0,0,0.0,0.0,0.0
36,72,0,1,0.0,1.25,1.25
36,73,0,0,0.0,0.0,0.0
36,74,0,0,0.0,0.0,0.0
36,75,1,1,1.25,1.25,0.0
36,76,0,3,0.0,3.75,3.75
36,77,0,0,0.0,0.0,0.0
36,78,0,2,0.0,2.5,2.5
36,79,1,1,1.25,1.25,0.0
36,80,0,0,0.0,0.0,0.0
36,81,1,0,1.25,0.0,-1.25
36,82,1,0,1.25,0.0,-1.25
36,83,0,1,0.0,1.25,1.25
36,84,1,0,1.25,0.0,-1.25
36,85,0,1,0.0,1.25,1.25
36,86,1,0,1.25,0.0,-1.25
36,87,0,1,0.0,1.25,1.25
36,88,2,3,2.5,3.75,1.25
36,89,1,2,1.25,2.5,1.25
36,90,1,2,1.25,2.5,1.25
36,91,0,1,0.0,1.25,1.25
36,92,1,1,1.25,1.25,0.0
36,93,0,0,0.0,0.0,0.0
36,94,2,2,2.5,2.5,0.0
36,95,0,1,0.0,1.25,1.25
36,96,3,1,3.75,1.25,-2.5
36,97,1,1,1.25,1.25,0.0
36,98,0,1,0.0,1.25,1.25
36,99,4,2,5.0,2.5,-2.5
36,100,2,1,2.5,1.25,-1.25
36,101,18,0,22.5,0.0,-22.5
36,102,1,1,1.25,1.25,0.0
36,103,1,0,1.25,0.0,-1.25
36,104,0,0,0.0,0.0,0.0
36,105,1,0,1.25,0.0,-1.25
36,106,0,1,0.0,1.25,1.25
36,107,0,0,0.0,0.0,0.0
36,108,1,1,1.25,1.25,0.0
36,109,1,0,1.25,0.0,-1.25
36,110,0,5,0.0,6.25,6.25
36,111,0,0,0.0,0.0,0.0
36,112,0,0,0.0,0.0,0.0
36,113,1,1,1.25,1.25,0.0
36,114,0,4,0.0,5.0,5.0
36,115,1,0,1.25,0.0,-1.25
36,116,0,0,0.0,0.0,0.0
36,117,1,0,1.25,0.0,-1.25
36,118,1,0,1.25,0.0,-1.25
36,119,0,1,0.0,1.25,1.25
36,120,3,0,3.75,0.0,-3.75
36,121,1,1,1.25,1.25,0.0
36,122,2,1,2.5,1.25,-1.25
36,123,1,0,1.25,0.0,-1.25
36,124,1,5,1.25,6.25,5.0
36,125,1,1,1.25,1.25,0.0
36,126,1,1,1.25,1.25,0.0
36,127,1,0,1.25,0.0,-1.25
36,128,2,0,2.5,0.0,-2.5
36,129,1,1,1.25,1.25,0.0
36,130,1,10,1.25,12.5,11.25
36,131,1,1,1.25,1.25,0.0
36,132,0,2,0.0,2.5,2.5
36,133,2,1,2.5,1.25,-1.25
36,134,0,0,0.0,0.0,0.0
37,0,4,4,5.0,5.0,0.0
37,1,0,2,0.0,2.5,2.5
37,2,4,3,5.0,3.75,-1.25
37,3,1,2,1.25,2.5,1.25
37,4,1,2,1.25,2.5,1.25
37,5,2,1,2.5,1.25,-1.25
37,6,1,4,1.25,5.0,3.75
37,7,3,4,3.75,5.0,1.25
37,8,4,5,5.0,6.25,1.25
37,9,2,4,2.5,5.0,2.5
37,10,3,4,3.75,5.0,1.25
37,11,3,5,3.75,6.25,2.5
37,12,2,1,2.5,1.25,-1.25
37,13,4,2,5.0,2.5,-2.5
37,14,3,4,3.75,5.0,1.25
37,15,5,1,6.25,1.25,-5.0
37,16,4,4,5.0,5.0,0.0
37,17,3,3,3.75,3.75,0.0
37,18,2,3,2.5,3.75,1.25
37,19,1,1,1.25,1.25,0.0
37,20,2,7,2.5,8.75,6.25
37,21,0,2,0.0,2.5,2.5
37,22,4,1,5.0,1.25,-3.75
37,23,9,8,11.25,10.0,-1.25
37,24,3,3,3.75,3.75,0.0
37,25,3,4,3.75,5.0,1.25
37,26,5,4,6.25,5.0,-1.25
37,27,4,4,5.0,5.0,0.0
37,28,3,5,3.75,6.25,2.5
37,29,4,1,5.0,1.25,-3.75
37,30,5,2,6.25,2.5,-3.75
37,31,4,4,5.0,5.0,0.0
37,32,3,4,3.75,5.0,1.25
37,33,2,4,2.5,5.0,2.5
37,34,2,2,2.5,2.5,0.0
37,35,4,5,5.0,6.25,1.25
37,36,5,4,6.25,5.0,-1.25
37,37,3,3,3.75,3.75,0.0
37,38,1,6,1.25,7.5,6.25
37,39,4,5,5.0,6.25,1.25
37,40,1,2,1.25,2.5,1.25
37,41,4,1,5.0,1.25,-3.75
37,42,3,7,3.75,8.75,5.0
37,43,3,5,3.75,6.25,2.5
37,44,1,2,1.25,2.5,1.25
37,45,3,4,3.75,5.0,1.25
37,46,3,2,3.75,2.5,-1.25
37,47,1,3,1.25,3.75,2.5
37,48,5,4,6.25,5.0,-1.25
37,49,2,7,2.5,8.75,6.25
37,50,6,8,7.5,10.0,2.5
37,51,8,4,10.0,5.0,-5.0
37,52,2,2,2.5,2.5,0.0
37,53,1,1,1.25,1.25,0.0
37,54,0,1,0.0,1.25,1.25
37,55,2,2,2.5,2.5,0.0
37,56,2,4,2.5,5.0,2.5
37,57,0,2,0.0,2.5,2.5
37,58,2,3,2.5,3.75,1.25
37,59,3,5,3.75,6.25,2.5
37,60,3,5,3.75,6.25,2.5
37,61,6,4,7.5,5.0,-2.5
37,62,3,2,3.75,2.5,-1.25
37,63,2,0,2.5,0.0,-2.5
37,64,1,2,1.25,2.5,1.25
37,65,2,3,2.5,3.75,1.25
37,66,7,4,8.75,5.0,-3.75
37,67,4,6,5.0,7.5,2.5
37,68,2,1,2.5,1.25,-1.25
37,69,2,4,2.5,5.0,2.5
37,70,1,2,1.25,2.5,1.25
37,71,1,4,1.25,5.0,3.75
37,72,4,3,5.0,3.75,-1.25
37,73,3,3,3.75,3.75,0.0
37,74,3,5,3.75,6.25,2.5
37,75,1,2,1.25,2.5,1.25
37,76,3,3,3.75,3.75,0.0
37,77,7,2,8.75,2.5,-6.25
37,78,5,3,6.25,3.75,-2.5
37,79,2,7,2.5,8.75,6.25
37,80,3,4,3.75,5.0,1.25
37,81,1,3,1.25,3.75,2.5
37,82,4,5,5.0,6.25,1.25
37,83,2,2,2.5,2.5,0.0
37,84,3,5,3.75,6.25,2.5
37,85,2,1,2.5,1.25,-1.25
37,86,4,11,5.0,13.75,8.75
37,87,6,3,7.5,3.75,-3.75
37,88,2,1,2.5,1.25,-1.25
37,89,1,4,1.25,5.0,3.75
37,90,6,7,7.5,8.75,1.25
37,91,1,3,1.25,3.75,2.5
37,92,7,6,8.75,7.5,-1.25
37,93,3,0,3.75,0.0,-3.75
37,94,6,4,7.5,5.0,-2.5
37,95,5,7,6.25,8.75,2.5
37,96,4,5,5.0,6.25,1.25
37,97,3,1,3.75,1.25,-2.5
37,98,2,1,2.5,1.25,-1.25
37,99,3,2,3.75,2.5,-1.25
37,100,2,5,2.5,6.25,3.75
37,101,4,5,5.0,6.25,1.25
37,102,5,6,6.25,7.5,1.25
37,103,1,2,1.25,2.5,1.25
37,104,2,2,2.5,2.5,0.0
37,105,3,3,3.75,3.75,0.0
37,106,2,2,2.5,2.5,0.0
37,107,2,6,2.5,7.5,5.0
37,108,4,1,5.0,1.25,-3.75
37,109,1,4,1.25,5.0,3.75
37,110,5,5,6.25,6.25,0.0
37,111,3,4,3.75,5.0,1.25
37,112,5,1,6.25,1.25,-5.0
37,113,3,3,3.75,3.75,0.0
37,114,5,1,6.25,1.25,-5.0
37,115,4,7,5.0,8.75,3.75
37,116,3,3,3.75,3.75,0.0
37,117,5,4,6.25,5.0,-1.25
37,118,4,2,5.0,2.5,-2.5
37,119,0,0,0.0,0.0,0.0
37,120,3,3,3.75,3.75,0.0
37,121,3,1,3.75,1.25,-2.5
37,122,6,4,7.5,5.0,-2.5
37,123,1,4,1.25,5.0,3.75
37,124,3,5,3.75,6.25,2.5
37,125,3,2,3.75,2.5,-1.25
37,126,1,4,1.25,5.0,3.75
37,127,1,1,1.25,1.25,0.0
37,128,3,2,3.75,2.5,-1.25
37,129,1,6,1.25,7.5,6.25
37,130,7,5,8.75,6.25,-2.5
37,131,8,1,10.0,1.25,-8.75
37,132,3,6,3.75,7.5,3.75
37,133,2,1,2.5,1.25,-1.25
37,134,1,3,1.25,3.75,2.5
38,0,2,14,2.5,17.5,15.0
38,1,1,1,1.25,1.25,0.0
38,2,3,1,3.75,1.25,-2.5
38,3,0,8,0.0,10.0,10.0
38,4,1,6,1.25,7.5,6.25
38,5,4,1,5.0,1.25,-3.75
38,6,5,0,6.25,0.0,-6.25
38,7,2,3,2.5,3.75,1.25
38,8,4,9,5.0,11.25,6.25
38,9,4,3,5.0,3.75,-1.25
38,10,2,4,2.5,5.0,2.5
38,11,3,0,3.75,0.0,-3.75
38,12,2,1,2.5,1.25,-1.25
38,13,3,0,3.75,0.0,-3.75
38,14,2,2,2.5,2.5,0.0
38,15,4,10,5.0,12.5,7.5
38,16,2,2,2.5,2.5,0.0
38,17,4,1,5.0,1.25,-3.75
38,18,2,3,2.5,3.75,1.25
38,19,2,2,2.5,2.5,0.0
38,20,0,1,0.0,1.25,1.25
38,21,1,1,1.25,1.25,0.0
38,22,2,6,2.5,7.5,5.0
38,23,3,6,3.75,7.5,3.75
38,24,1,2,1.25,2.5,1.25
38,25,3,3,3.75,3.75,0.0
38,26,0,1,0.0,1.25,1.25
38,27,0,2,0.0,2.5,2.5
38,28,4,1,5.0,1.25,-3.75
38,29,0,1,0.0,1.25,1.25
38,30,0,0,0.0,0.0,0.0
38,31,0,1,0.0,1.25,1.25
38,32,0,1,0.0,1.25,1.25
38,33,1,3,1.25,3.75,2.5
38,34,1,1,1.25,1.25,0.0
38,35,1,2,1.25,2.5,1.25
38,36,0,18,0.0,22.5,22.5
38,37,2,1,2.5,1.25,-1.25
38,38,1,0,1.25,0.0,-1.25
38,39,2,0,2.5,0.0,-2.5
38,40,2,2,2.5,2.5,0.0
38,41,1,2,1.25,2.5,1.25
38,42,1,3,1.25,3.75,2.5
38,43,0,1,0.0,1.25,1.25
38,44,1,0,1.25,0.0,-1.25
38,45,0,3,0.0,3.75,3.75
38,46,1,9,1.25,11.25,10.0
38,47,4,2,5.0,2.5,-2.5
38,48,4,1,5.0,1.25,-3.75
38,49,2,1,2.5,1.25,-1.25
38,50,1,10,1.25,12.5,11.25
38,51,0,3,0.0,3.75,3.75
38,52,2,2,2.5,2.5,0.0
38,53,3,3,3.75,3.75,0.0
38,54,0,2,0.0,2.5,2.5
38,55,2,0,2.5,0.0,-2.5
38,56,0,2,0.0,2.5,2.5
38,57,2,4,2.5,5.0,2.5
38,58,0,0,0.0,0.0,0.0
38,59,1,1,1.25,1.25,0.0
38,60,2,1,2.5,1.25,-1.25
38,61,0,3,0.0,3.75,3.75
38,62,2,1,2.5,1.25,-1.25
38,63,1,2,1.25,2.5,1.25
38,64,1,0,1.25,0.0,-1.25
38,65,1,0,1.25,0.0,-1.25
38,66,2,4,2.5,5.0,2.5
38,67,1,3,1.25,3.75,2.5
38,68,6,1,7.5,1.25,-6.25
38,69,1,2,1.25,2.5,1.25
38,70,2,2,2.5,2.5,0.0
38,71,1,5,1.25,6.25,5.0
38,72,2,1,2.5,1.25,-1.25
38,73,0,0,0.0,0.0,0.0
38,74,1,1,1.25,1.25,0.0
38,75,1,2,1.25,2.5,1.25
38,76,1,0,1.25,0.0,-1.25
38,77,0,1,0.0,1.25,1.25
38,78,0,1,0.0,1.25,1.25
38,79,2,1,2.5,1.25,-1.25
38,80,1,1,1.25,1.25,0.0
38,81,1,0,1.25,0.0,-1.25
38,82,0,1,0.0,1.25,1.25
38,83,1,0,1.25,0.0,-1.25
38,84,0,0,0.0,0.0,0.0
38,85,1,5,1.25,6.25,5.0
38,86,2,2,2.5,2.5,0.0
38,87,0,1,0.0,1.25,1.25
38,88,2,3,2.5,3.75,1.25
38,89,0,1,0.0,1.25,1.25
38,90,1,1,1.25,1.25,0.0
38,91,1,0,1.25,0.0,-1.25
38,92,0,0,0.0,0.0,0.0
38,93,0,0,0.0,0.0,0.0
38,94,2,1,2.5,1.25,-1.25
38,95,7,2,8.75,2.5,-6.25
38,96,2,1,2.5,1.25,-1.25
38,97,1,3,1.25,3.75,2.5
38,98,1,1,1.25,1.25,0.0
38,99,0,1,0.0,1.25,1.25
38,100,2,1,2.5,1.25,-1.25
38,101,1,3,1.25,3.75,2.5
38,102,2,1,2.5,1.25,-1.25
38,103,1,0,1.25,0.0,-1.25
38,104,1,1,1.25,1.25,0.0
38,105,1,2,1.25,2.5,1.25
38,106,1,1,1.25,1.25,0.0
38,107,3,1,3.75,1.25,-2.5
38,108,0,0,0.0,0.0,0.0
38,109,1,1,1.25,1.25,0.0
38,110,5,3,6.25,3.75,-2.5
38,111,1,2,1.25,2.5,1.25
38,112,1,1,1.25,1.25,0.0
38,113,1,1,1.25,1.25,0.0
38,114,0,0,0.0,0.0,0.0
38,115,2,0,2.5,0.0,-2.5
38,116,2,1,2.5,1.25,-1.25
38,117,0,0,0.0,0.0,0.0
38,118,4,0,5.0,0.0,-5.0
38,119,2,2,2.5,2.5,0.0
38,120,0,1,0.0,1.25,1.25
38,121,0,2,0.0,2.5,2.5
38,122,3,3,3.75,3.75,0.0
38,123,1,0,1.25,0.0,-1.25
38,124,1,0,1.25,0.0,-1.25
38,125,2,2,2.5,2.5,0.0
38,126,1,2,1.25,2.5,1.25
38,127,0,2,0.0,2.5,2.5
38,128,1,0,1.25,0.0,-1.25
38,129,2,3,2.5,3.75,1.25
38,130,2,2,2.5,2.5,0.0
38,131,1,2,1.25,2.5,1.25
38,132,0,3,0.0,3.75,3.75
38,133,1,1,1.25,1.25,0.0
38,134,2,0,2.5,0.0,-2.5
39,0,0,0,0.0,0.0,0.0
39,1,0,0,0.0,0.0,0.0
39,2,0,0,0.0,0.0,0.0
39,3,0,0,0.0,0.0,0.0
39,4,0,0,0.0,0.0,0.0
39,5,0,0,0.0,0.0,0.0
39,6,0,0,0.0,0.0,0.0
39,7,0,0,0.0,0.0,0.0
39,8,0,0,0.0,0.0,0.0
39,9,0,0,0.0,0.0,0.0
39,10,0,0,0.0,0.0,0.0
39,11,0,0,0.0,0.0,0.0
39,12,0,0,0.0,0.0,0.0
39,13,0,0,0.0,0.0,0.0
39,14,0,0,0.0,0.0,0.0
39,15,0,0,0.0,0.0,0.0
39,16,0,0,0.0,0.0,0.0
39,17,0,0,0.0,0.0,0.0
39,18,0,0,0.0,0.0,0.0
39,19,0,0,0.0,0.0,0.0
39,20,0,0,0.0,0.0,0.0
39,21,0,0,0.0,0.0,0.0
39,22,0,0,0.0,0.0,0.0
39,23,1,0,1.25,0.0,-1.25
39,24,0,0,0.0,0.0,0.0
39,25,0,0,0.0,0.0,0.0
39,26,0,0,0.0,0.0,0.0
39,27,2,1,2.5,1.25,-1.25
39,28,2,0,2.5,0.0,-2.5
39,29,0,0,0.0,0.0,0.0
39,30,0,1,0.0,1.25,1.25
39,31,30,15,37.5,18.75,-18.75
39,32,17,0,21.25,0.0,-21.25
39,33,0,20,0.0,25.0,25.0
39,34,0,0,0.0,0.0,0.0
39,35,1,0,1.25,0.0,-1.25
39,36,0,1,0.0,1.25,1.25
39,37,0,1,0.0,1.25,1.25
39,38,0,0,0.0,0.0,0.0
39,39,3,4,3.75,5.0,1.25
39,40,0,3,0.0,3.75,3.75
39,41,0,1,0.0,1.25,1.25
39,42,0,0,0.0,0.0,0.0
39,43,0,2,0.0,2.5,2.5
39,44,0,0,0.0,0.0,0.0
39,45,3,13,3.75,16.25,12.5
39,46,0,0,0.0,0.0,0.0
39,47,1,0,1.25,0.0,-1.25
39,48,0,0,0.0,0.0,0.0
39,49,1,0,1.25,0.0,-1.25
39,50,0,0,0.0,0.0,0.0
39,51,0,1,0.0,1.25,1.25
39,52,1,0,1.25,0.0,-1.25
39,53,0,0,0.0,0.0,0.0
39,54,0,0,0.0,0.0,0.0
39,55,2,0,2.5,0.0,-2.5
39,56,0,0,0.0,0.0,0.0
39,57,0,0,0.0,0.0,0.0
39,58,1,0,1.25,0.0,-1.25
39,59,0,0,0.0,0.0,0.0
39,60,0,0,0.0,0.0,0.0
39,61,0,1,0.0,1.25,1.25
39,62,0,4,0.0,5.0,5.0
39,63,5,8,6.25,10.0,3.75
39,64,1,3,1.25,3.75,2.5
39,65,0,0,0.0,0.0,0.0
39,66,0,0,0.0,0.0,0.0
39,67,0,0,0.0,0.0,0.0
39,68,0,0,0.0,0.0,0.0
39,69,0,0,0.0,0.0,0.0
39,70,0,0,0.0,0.0,0.0
39,71,0,2,0.0,2.5,2.5
39,72,0,0,0.0,0.0,0.0
39,73,0,0,0.0,0.0,0.0
39,74,0,0,0.0,0.0,0.0
39,75,0,0,0.0,0.0,0.0
39,76,0,0,0.0,0.0,0.0
39,77,0,0,0.0,0.0,0.0
39,78,0,0,0.0,0.0,0.0
39,79,1,0,1.25,0.0,-1.25
39,80,1,0,1.25,0.0,-1.25
39,81,0,0,0.0,0.0,0.0
39,82,0,0,0.0,0.0,0.0
39,83,0,0,0.0,0.0,0.0
39,84,2,0,2.5,0.0,-2.5
39,85,0,0,0.0,0.0,0.0
39,86,0,0,0.0,0.0,0.0
39,87,0,0,0.0,0.0,0.0
39,88,2,1,2.5,1.25,-1.25
39,89,5,0,6.25,0.0,-6.25
39,90,0,0,0.0,0.0,0.0
39,91,0,0,0.0,0.0,0.0
39,92,0,0,0.0,0.0,0.0
39,93,0,2,0.0,2.5,2.5
39,94,1,0,1.25,0.0,-1.25
39,95,0,0,0.0,0.0,0.0
39,96,0,0,0.0,0.0,0.0
39,97,0,0,0.0,0.0,0.0
39,98,0,1,0.0,1.25,1.25
39,99,0,0,0.0,0.0,0.0
39,100,0,0,0.0,0.0,0.0
39,101,0,0,0.0,0.0,0.0
39,102,0,0,0.0,0.0,0.0
39,103,0,0,0.0,0.0,0.0
39,104,0,0,0.0,0.0,0.0
39,105,0,0,0.0,0.0,0.0
39,106,0,0,0.0,0.0,0.0
39,107,0,0,0.0,0.0,0.0
39,108,0,5,0.0,6.25,6.25
39,109,0,0,0.0,0.0,0.0
39,110,1,0,1.25,0.0,-1.25
39,111,1,0,1.25,0.0,-1.25
39,112,1,0,1.25,0.0,-1.25
39,113,0,2,0.0,2.5,2.5
39,114,0,0,0.0,0.0,0.0
39,115,0,0,0.0,0.0,0.0
39,116,1,1,1.25,1.25,0.0
39,117,2,2,2.5,2.5,0.0
39,118,2,1,2.5,1.25,-1.25
39,119,2,1,2.5,1.25,-1.25
39,120,0,0,0.0,0.0,0.0
39,121,0,1,0.0,1.25,1.25
39,122,4,0,5.0,0.0,-5.0
39,123,1,5,1.25,6.25,5.0
39,124,1,0,1.25,0.0,-1.25
39,125,1,0,1.25,0.0,-1.25
39,126,0,5,0.0,6.25,6.25
39,127,0,3,0.0,3.75,3.75
39,128,6,5,7.5,6.25,-1.25
39,129,2,0,2.5,0.0,-2.5
39,130,0,0,0.0,0.0,0.0
39,131,0,0,0.0,0.0,0.0
39,132,2,1,2.5,1.25,-1.25
39,133,3,1,3.75,1.25,-2.5
39,134,14,13,17.5,16.25,-1.25
40,0,2,1,2.5,1.25,-1.25
40,1,1,2,1.25,2.5,1.25
40,2,3,2,3.75,2.5,-1.25
40,3,3,1,3.75,1.25,-2.5
40,4,1,0,1.25,0.0,-1.25
40,5,3,1,3.75,1.25,-2.5
40,6,2,1,2.5,1.25,-1.25
40,7,1,3,1.25,3.75,2.5
40,8,1,6,1.25,7.5,6.25
40,9,5,3,6.25,3.75,-2.5
40,10,2,1,2.5,1.25,-1.25
40,11,2,7,2.5,8.75,6.25
40,12,1,1,1.25,1.25,0.0
40,13,2,3,2.5,3.75,1.25
40,14,4,5,5.0,6.25,1.25
40,15,1,2,1.25,2.5,1.25
40,16,0,3,0.0,3.75,3.75
40,17,5,2,6.25,2.5,-3.75
40,18,2,2,2.5,2.5,0.0
40,19,0,4,0.0,5.0,5.0
40,20,2,1,2.5,1.25,-1.25
40,21,1,8,1.25,10.0,8.75
40,22,0,2,0.0,2.5,2.5
40,23,2,6,2.5,7.5,5.0
40,24,3,5,3.75,6.25,2.5
40,25,3,1,3.75,1.25,-2.5
40,26,1,3,1.25,3.75,2.5
40,27,15,4,18.75,5.0,-13.75
40,28,4,1,5.0,1.25,-3.75
40,29,1,6,1.25,7.5,6.25
40,30,5,4,6.25,5.0,-1.25
40,31,8,7,10.0,8.75,-1.25
40,32,4,4,5.0,5.0,0.0
40,33,2,2,2.5,2.5,0.0
40,34,3,2,3.75,2.5,-1.25
40,35,2,1,2.5,1.25,-1.25
40,36,3,1,3.75,1.25,-2.5
40,37,6,1,7.5,1.25,-6.25
40,38,0,5,0.0,6.25,6.25
40,39,4,2,5.0,2.5,-2.5
40,40,3,1,3.75,1.25,-2.5
40,41,5,3,6.25,3.75,-2.5
40,42,8,1,10.0,1.25,-8.75
40,43,4,1,5.0,1.25,-3.75
40,44,6,0,7.5,0.0,-7.5
40,45,3,34,3.75,42.5,38.75
40,46,0,1,0.0,1.25,1.25
40,47,1,4,1.25,5.0,3.75
40,48,3,5,3.75,6.25,2.5
40,49,2,0,2.5,0.0,-2.5
40,50,1,1,1.25,1.25,0.0
40,51,0,2,0.0,2.5,2.5
40,52,2,1,2.5,1.25,-1.25
40,53,1,2,1.25,2.5,1.25
40,54,2,1,2.5,1.25,-1.25
40,55,2,4,2.5,5.0,2.5
40,56,3,2,3.75,2.5,-1.25
40,57,0,2,0.0,2.5,2.5
40,58,2,3,2.5,3.75,1.25
40,59,11,2,13.75,2.5,-11.25
40,60,3,5,3.75,6.25,2.5
40,61,0,0,0.0,0.0,0.0
40,62,4,4,5.0,5.0,0.0
40,63,1,3,1.25,3.75,2.5
40,64,4,2,5.0,2.5,-2.5
40,65,3,2,3.75,2.5,-1.25
40,66,0,1,0.0,1.25,1.25
40,67,0,0,0.0,0.0,0.0
40,68,2,1,2.5,1.25,-1.25
40,69,0,4,0.0,5.0,5.0
40,70,2,3,2.5,3.75,1.25
40,71,3,5,3.75,6.25,2.5
40,72,1,0,1.25,0.0,-1.25
40,73,2,1,2.5,1.25,-1.25
40,74,3,1,3.75,1.25,-2.5
40,75,0,2,0.0,2.5,2.5
40,76,3,2,3.75,2.5,-1.25
40,77,2,5,2.5,6.25,3.75
40,78,2,2,2.5,2.5,0.0
40,79,7,5,8.75,6.25,-2.5
40,80,2,2,2.5,2.5,0.0
40,81,2,2,2.5,2.5,0.0
40,82,0,3,0.0,3.75,3.75
40,83,1,3,1.25,3.75,2.5
40,84,16,15,20.0,18.75,-1.25
40,85,1,2,1.25,2.5,1.25
40,86,1,3,1.25,3.75,2.5
40,87,3,0,3.75,0.0,-3.75
40,88,7,1,8.75,1.25,-7.5
40,89,1,3,1.25,3.75,2.5
40,90,1,2,1.25,2.5,1.25
40,91,0,1,0.0,1.25,1.25
40,92,4,3,5.0,3.75,-1.25
40,93,1,1,1.25,1.25,0.0
40,94,9,6,11.25,7.5,-3.75
40,95,3,4,3.75,5.0,1.25
40,96,1,2,1.25,2.5,1.25
40,97,1,3,1.25,3.75,2.5
40,98,2,3,2.5,3.75,1.25
40,99,2,5,2.5,6.25,3.75
40,100,0,2,0.0,2.5,2.5
40,101,4,2,5.0,2.5,-2.5
40,102,4,3,5.0,3.75,-1.25
40,103,2,4,2.5,5.0,2.5
40,104,5,3,6.25,3.75,-2.5
40,105,2,1,2.5,1.25,-1.25
40,106,1,2,1.25,2.5,1.25
40,107,3,5,3.75,6.25,2.5
40,108,3,0,3.75,0.0,-3.75
40,109,2,2,2.5,2.5,0.0
40,110,1,2,1.25,2.5,1.25
40,111,1,0,1.25,0.0,-1.25
40,112,0,2,0.0,2.5,2.5
40,113,1,4,1.25,5.0,3.75
40,114,2,5,2.5,6.25,3.75
40,115,1,2,1.25,2.5,1.25
40,116,3,2,3.75,2.5,-1.25
40,117,1,0,1.25,0.0,-1.25
40,118,8,1,10.0,1.25,-8.75
40,119,3,3,3.75,3.75,0.0
40,120,1,2,1.25,2.5,1.25
40,121,2,2,2.5,2.5,0.0
40,122,1,4,1.25,5.0,3.75
40,123,1,3,1.25,3.75,2.5
40,124,0,3,0.0,3.75,3.75
40,125,3,3,3.75,3.75,0.0
40,126,1,7,1.25,8.75,7.5
40,127,1,1,1.25,1.25,0.0
40,128,4,0,5.0,0.0,-5.0
40,129,2,2,2.5,2.5,0.0
40,130,3,2,3.75,2.5,-1.25
40,131,3,1,3.75,1.25,-2.5
40,132,1,2,1.25,2.5,1.25
40,133,11,3,13.75,3.75,-10.0
40,134,2,1,2.5,1.25,-1.25
41,0,0,0,0.0,0.0,0.0
41,1,1,1,1.25,1.25,0.0
41,2,4,1,5.0,1.25,-3.75
41,3,3,1,3.75,1.25,-2.5
41,4,4,4,5.0,5.0,0.0
41,5,0,3,0.0,3.75,3.75
41,6,0,3,0.0,3.75,3.75
41,7,1,4,1.25,5.0,3.75
41,8,2,1,2.5,1.25,-1.25
41,9,0,1,0.0,1.25,1.25
41,10,1,5,1.25,6.25,5.0
41,11,0,2,0.0,2.5,2.5
41,12,0,3,0.0,3.75,3.75
41,13,2,2,2.5,2.5,0.0
41,14,2,2,2.5,2.5,0.0
41,15,0,0,0.0,0.0,0.0
41,16,0,1,0.0,1.25,1.25
41,17,3,0,3.75,0.0,-3.75
41,18,1,3,1.25,3.75,2.5
41,19,0,0,0.0,0.0,0.0
41,20,1,0,1.25,0.0,-1.25
41,21,0,1,0.0,1.25,1.25
41,22,0,2,0.0,2.5,2.5
41,23,1,0,1.25,0.0,-1.25
41,24,2,0,2.5,0.0,-2.5
41,25,4,7,5.0,8.75,3.75
41,26,2,0,2.5,0.0,-2.5
41,27,2,1,2.5,1.25,-1.25
41,28,0,2,0.0,2.5,2.5
41,29,0,1,0.0,1.25,1.25
41,30,1,1,1.25,1.25,0.0
41,31,0,3,0.0,3.75,3.75
41,32,6,1,7.5,1.25,-6.25
41,33,0,1,0.0,1.25,1.25
41,34,0,0,0.0,0.0,0.0
41,35,1,0,1.25,0.0,-1.25
41,36,2,2,2.5,2.5,0.0
41,37,2,1,2.5,1.25,-1.25
41,38,2,1,2.5,1.25,-1.25
41,39,1,0,1.25,0.0,-1.25
41,40,0,0,0.0,0.0,0.0
41,41,1,1,1.25,1.25,0.0
41,42,1,0,1.25,0.0,-1.25
41,43,0,0,0.0,0.0,0.0
41,44,0,4,0.0,5.0,5.0
41,45,0,1,0.0,1.25,1.25
41,46,2,0,2.5,0.0,-2.5
41,47,1,1,1.25,1.25,0.0
41,48,2,0,2.5,0.0,-2.5
41,49,0,1,0.0,1.25,1.25
41,50,3,0,3.75,0.0,-3.75
41,51,0,0,0.0,0.0,0.0
41,52,1,0,1.25,0.0,-1.25
41,53,0,0,0.0,0.0,0.0
41,54,1,0,1.25,0.0,-1.25
41,55,1,0,1.25,0.0,-1.25
41,56,3,1,3.75,1.25,-2.5
41,57,0,0,0.0,0.0,0.0
41,58,1,2,1.25,2.5,1.25
41,59,6,2,7.5,2.5,-5.0
41,60,0,2,0.0,2.5,2.5
41,61,1,0,1.25,0.0,-1.25
41,62,4,0,5.0,0.0,-5.0
41,63,1,2,1.25,2.5,1.25
41,64,2,0,2.5,0.0,-2.5
41,65,0,0,0.0,0.0,0.0
41,66,0,0,0.0,0.0,0.0
41,67,4,3,5.0,3.75,-1.25
41,68,2,0,2.5,0.0,-2.5
41,69,0,0,0.0,0.0,0.0
41,70,0,0,0.0,0.0,0.0
41,71,0,0,0.0,0.0,0.0
41,72,1,2,1.25,2.5,1.25
41,73,2,0,2.5,0.0,-2.5
41,74,0,1,0.0,1.25,1.25
41,75,0,1,0.0,1.25,1.25
41,76,0,1,0.0,1.25,1.25
41,77,1,0,1.25,0.0,-1.25
41,78,1,5,1.25,6.25,5.0
41,79,0,2,0.0,2.5,2.5
41,80,0,1,0.0,1.25,1.25
41,81,0,0,0.0,0.0,0.0
41,82,0,2,0.0,2.5,2.5
41,83,0,1,0.0,1.25,1.25
41,84,0,2,0.0,2.5,2.5
41,85,1,0,1.25,0.0,-1.25
41,86,1,1,1.25,1.25,0.0
41,87,0,1,0.0,1.25,1.25
41,88,1,2,1.25,2.5,1.25
41,89,0,0,0.0,0.0,0.0
41,90,0,3,0.0,3.75,3.75
41,91,0,0,0.0,0.0,0.0
41,92,1,0,1.25,0.0,-1.25
41,93,0,1,0.0,1.25,1.25
41,94,1,1,1.25,1.25,0.0
41,95,0,1,0.0,1.25,1.25
41,96,1,1,1.25,1.25,0.0
41,97,0,1,0.0,1.25,1.25
41,98,0,1,0.0,1.25,1.25
41,99,0,1,0.0,1.25,1.25
41,100,0,1,0.0,1.25,1.25
41,101,0,0,0.0,0.0,0.0
41,102,1,0,1.25,0.0,-1.25
41,103,3,0,3.75,0.0,-3.75
41,104,1,3,1.25,3.75,2.5
41,105,5,3,6.25,3.75,-2.5
41,106,2,0,2.5,0.0,-2.5
41,107,1,3,1.25,3.75,2.5
41,108,0,1,0.0,1.25,1.25
41,109,0,0,0.0,0.0,0.0
41,110,0,2,0.0,2.5,2.5
41,111,2,2,2.5,2.5,0.0
41,112,5,0,6.25,0.0,-6.25
41,113,0,0,0.0,0.0,0.0
41,114,3,1,3.75,1.25,-2.5
41,115,4,3,5.0,3.75,-1.25
41,116,1,3,1.25,3.75,2.5
41,117,0,1,0.0,1.25,1.25
41,118,2,0,2.5,0.0,-2.5
41,119,0,1,0.0,1.25,1.25
41,120,2,0,2.5,0.0,-2.5
41,121,1,1,1.25,1.25,0.0
41,122,1,2,1.25,2.5,1.25
41,123,0,3,0.0,3.75,3.75
41,124,0,2,0.0,2.5,2.5
41,125,0,0,0.0,0.0,0.0
41,126,3,1,3.75,1.25,-2.5
41,127,3,2,3.75,2.5,-1.25
41,128,0,0,0.0,0.0,0.0
41,129,0,2,0.0,2.5,2.5
41,130,1,1,1.25,1.25,0.0
41,131,1,0,1.25,0.0,-1.25
41,132,3,1,3.75,1.25,-2.5
41,133,0,1,0.0,1.25,1.25
41,134,1,4,1.25,5.0,3.75
42,0,0,0,0.0,0.0,0.0
42,1,0,0,0.0,0.0,0.0
42,2,0,0,0.0,0.0,0.0
42,3,0,0,0.0,0.0,0.0
42,4,0,3,0.0,3.75,3.75
42,5,0,0,0.0,0.0,0.0
42,6,1,1,1.25,1.25,0.0
42,7,1,2,1.25,2.5,1.25
42,8,0,0,0.0,0.0,0.0
42,9,0,0,0.0,0.0,0.0
42,10,0,2,0.0,2.5,2.5
42,11,1,3,1.25,3.75,2.5
42,12,1,0,1.25,0.0,-1.25
42,13,0,0,0.0,0.0,0.0
42,14,0,1,0.0,1.25,1.25
42,15,1,1,1.25,1.25,0.0
42,16,0,5,0.0,6.25,6.25
42,17,0,1,0.0,1.25,1.25
42,18,1,0,1.25,0.0,-1.25
42,19,1,0,1.25,0.0,-1.25
42,20,0,0,0.0,0.0,0.0
42,21,1,2,1.25,2.5,1.25
42,22,3,2,3.75,2.5,-1.25
42,23,0,0,0.0,0.0,0.0
42,24,2,0,2.5,0.0,-2.5
42,25,1,10,1.25,12.5,11.25
42,26,1,0,1.25,0.0,-1.25
42,27,0,0,0.0,0.0,0.0
42,28,2,0,2.5,0.0,-2.5
42,29,0,0,0.0,0.0,0.0
42,30,0,4,0.0,5.0,5.0
42,31,0,5,0.0,6.25,6.25
42,32,8,0,10.0,0.0,-10.0
42,33,0,0,0.0,0.0,0.0
42,34,0,2,0.0,2.5,2.5
42,35,1,0,1.25,0.0,-1.25
42,36,0,0,0.0,0.0,0.0
42,37,0,0,0.0,0.0,0.0
42,38,0,2,0.0,2.5,2.5
42,39,0,0,0.0,0.0,0.0
42,40,0,0,0.0,0.0,0.0
42,41,0,0,0.0,0.0,0.0
42,42,0,0,0.0,0.0,0.0
42,43,1,0,1.25,0.0,-1.25
42,44,1,2,1.25,2.5,1.25
42,45,0,0,0.0,0.0,0.0
42,46,1,1,1.25,1.25,0.0
42,47,1,2,1.25,2.5,1.25
42,48,0,0,0.0,0.0,0.0
42,49,2,2,2.5,2.5,0.0
42,50,0,1,0.0,1.25,1.25
42,51,0,9,0.0,11.25,11.25
42,52,0,0,0.0,0.0,0.0
42,53,4,0,5.0,0.0,-5.0
42,54,1,0,1.25,0.0,-1.25
42,55,1,2,1.25,2.5,1.25
42,56,0,0,0.0,0.0,0.0
42,57,1,2,1.25,2.5,1.25
42,58,5,1,6.25,1.25,-5.0
42,59,2,11,2.5,13.75,11.25
42,60,1,1,1.25,1.25,0.0
42,61,0,0,0.0,0.0,0.0
42,62,21,5,26.25,6.25,-20.0
42,63,1,1,1.25,1.25,0.0
42,64,9,0,11.25,0.0,-11.25
42,65,0,1,0.0,1.25,1.25
42,66,0,0,0.0,0.0,0.0
42,67,0,2,0.0,2.5,2.5
42,68,0,0,0.0,0.0,0.0
42,69,0,0,0.0,0.0,0.0
42,70,2,0,2.5,0.0,-2.5
42,71,0,1,0.0,1.25,1.25
42,72,0,0,0.0,0.0,0.0
42,73,4,0,5.0,0.0,-5.0
42,74,0,0,0.0,0.0,0.0
42,75,0,0,0.0,0.0,0.0
42,76,3,1,3.75,1.25,-2.5
42,77,0,3,0.0,3.75,3.75
42,78,0,7,0.0,8.75,8.75
42,79,2,13,2.5,16.25,13.75
42,80,0,1,0.0,1.25,1.25
42,81,0,0,0.0,0.0,0.0
42,82,1,11,1.25,13.75,12.5
42,83,2,1,2.5,1.25,-1.25
42,84,0,0,0.0,0.0,0.0
42,85,8,1,10.0,1.25,-8.75
42,86,1,0,1.25,0.0,-1.25
42,87,1,0,1.25,0.0,-1.25
42,88,0,0,0.0,0.0,0.0
42,89,0,0,0.0,0.0,0.0
42,90,0,1,0.0,1.25,1.25
42,91,0,0,0.0,0.0,0.0
42,92,0,0,0.0,0.0,0.0
42,93,0,1,0.0,1.25,1.25
42,94,0,1,0.0,1.25,1.25
42,95,0,0,0.0,0.0,0.0
42,96,0,0,0.0,0.0,0.0
42,97,6,1,7.5,1.25,-6.25
42,98,0,0,0.0,0.0,0.0
42,99,0,1,0.0,1.25,1.25
42,100,0,0,0.0,0.0,0.0
42,101,0,0,0.0,0.0,0.0
42,102,1,0,1.25,0.0,-1.25
42,103,0,0,0.0,0.0,0.0
42,104,0,0,0.0,0.0,0.0
42,105,0,1,0.0,1.25,1.25
42,106,0,0,0.0,0.0,0.0
42,107,0,0,0.0,0.0,0.0
42,108,1,0,1.25,0.0,-1.25
42,109,0,0,0.0,0.0,0.0
42,110,1,0,1.25,0.0,-1.25
42,111,1,1,1.25,1.25,0.0
42,112,0,0,0.0,0.0,0.0
42,113,0,1,0.0,1.25,1.25
42,114,0,0,0.0,0.0,0.0
42,115,1,1,1.25,1.25,0.0
42,116,1,2,1.25,2.5,1.25
42,117,0,0,0.0,0.0,0.0
42,118,0,0,0.0,0.0,0.0
42,119,2,7,2.5,8.75,6.25
42,120,1,0,1.25,0.0,-1.25
42,121,1,0,1.25,0.0,-1.25
42,122,0,0,0.0,0.0,0.0
42,123,1,2,1.25,2.5,1.25
42,124,0,0,0.0,0.0,0.0
42,125,1,0,1.25,0.0,-1.25
42,126,3,1,3.75,1.25,-2.5
42,127,2,1,2.5,1.25,-1.25
42,128,0,0,0.0,0.0,0.0
42,129,1,0,1.25,0.0,-1.25
42,130,0,0,0.0,0.0,0.0
42,131,0,0,0.0,0.0,0.0
42,132,1,1,1.25,1.25,0.0
42,133,2,0,2.5,0.0,-2.5
42,134,0,0,0.0,0.0,0.0
43,0,8,8,10.0,10.0,0.0
43,1,8,2,10.0,2.5,-7.5
43,2,4,3,5.0,3.75,-1.25
43,3,2,3,2.5,3.75,1.25
43,4,6,5,7.5,6.25,-1.25
43,5,7,7,8.75,8.75,0.0
43,6,5,9,6.25,11.25,5.0
43,7,3,3,3.75,3.75,0.0
43,8,4,6,5.0,7.5,2.5
43,9,3,5,3.75,6.25,2.5
43,10,3,3,3.75,3.75,0.0
43,11,1,7,1.25,8.75,7.5
43,12,4,2,5.0,2.5,-2.5
43,13,8,5,10.0,6.25,-3.75
43,14,2,3,2.5,3.75,1.25
43,15,3,4,3.75,5.0,1.25
43,16,3,1,3.75,1.25,-2.5
43,17,4,7,5.0,8.75,3.75
43,18,7,3,8.75,3.75,-5.0
43,19,4,2,5.0,2.5,-2.5
43,20,4,0,5.0,0.0,-5.0
43,21,2,7,2.5,8.75,6.25
43,22,1,6,1.25,7.5,6.25
43,23,6,2,7.5,2.5,-5.0
43,24,4,6,5.0,7.5,2.5
43,25,1,6,1.25,7.5,6.25
43,26,2,4,2.5,5.0,2.5
43,27,9,3,11.25,3.75,-7.5
43,28,1,2,1.25,2.5,1.25
43,29,2,5,2.5,6.25,3.75
43,30,3,3,3.75,3.75,0.0
43,31,5,7,6.25,8.75,2.5
43,32,7,5,8.75,6.25,-2.5
43,33,8,8,10.0,10.0,0.0
43,34,6,4,7.5,5.0,-2.5
43,35,4,7,5.0,8.75,3.75
43,36,3,5,3.75,6.25,2.5
43,37,6,1,7.5,1.25,-6.25
43,38,2,3,2.5,3.75,1.25
43,39,8,6,10.0,7.5,-2.5
43,40,7,3,8.75,3.75,-5.0
43,41,3,3,3.75,3.75,0.0
43,42,5,6,6.25,7.5,1.25
43,43,1,5,1.25,6.25,5.0
43,44,3,5,3.75,6.25,2.5
43,45,3,6,3.75,7.5,3.75
43,46,6,6,7.5,7.5,0.0
43,47,9,5,11.25,6.25,-5.0
43,48,5,2,6.25,2.5,-3.75
43,49,2,7,2.5,8.75,6.25
43,50,5,10,6.25,12.5,6.25
43,51,3,10,3.75,12.5,8.75
43,52,4,6,5.0,7.5,2.5
43,53,6,2,7.5,2.5,-5.0
43,54,5,5,6.25,6.25,0.0
43,55,4,1,5.0,1.25,-3.75
43,56,8,1,10.0,1.25,-8.75
43,57,3,6,3.75,7.5,3.75
43,58,4,3,5.0,3.75,-1.25
43,59,1,9,1.25,11.25,10.0
43,60,6,4,7.5,5.0,-2.5
43,61,3,6,3.75,7.5,3.75
43,62,0,8,0.0,10.0,10.0
43,63,5,4,6.25,5.0,-1.25
43,64,3,3,3.75,3.75,0.0
43,65,6,5,7.5,6.25,-1.25
43,66,12,7,15.0,8.75,-6.25
43,67,5,6,6.25,7.5,1.25
43,68,3,6,3.75,7.5,3.75
43,69,3,0,3.75,0.0,-3.75
43,70,7,8,8.75,10.0,1.25
43,71,2,4,2.5,5.0,2.5
43,72,5,5,6.25,6.25,0.0
43,73,3,2,3.75,2.5,-1.25
43,74,3,4,3.75,5.0,1.25
43,75,4,2,5.0,2.5,-2.5
43,76,6,6,7.5,7.5,0.0
43,77,4,4,5.0,5.0,0.0
43,78,1,7,1.25,8.75,7.5
43,79,7,5,8.75,6.25,-2.5
43,80,4,3,5.0,3.75,-1.25
43,81,2,6,2.5,7.5,5.0
43,82,6,5,7.5,6.25,-1.25
43,83,6,2,7.5,2.5,-5.0
43,84,5,6,6.25,7.5,1.25
43,85,7,7,8.75,8.75,0.0
43,86,6,4,7.5,5.0,-2.5
43,87,10,2,12.5,2.5,-10.0
43,88,6,9,7.5,11.25,3.75
43,89,8,1,10.0,1.25,-8.75
43,90,3,7,3.75,8.75,5.0
43,91,3,4,3.75,5.0,1.25
43,92,4,5,5.0,6.25,1.25
43,93,4,6,5.0,7.5,2.5
43,94,5,5,6.25,6.25,0.0
43,95,3,3,3.75,3.75,0.0
43,96,4,7,5.0,8.75,3.75
43,97,2,6,2.5,7.5,5.0
43,98,4,3,5.0,3.75,-1.25
43,99,2,1,2.5,1.25,-1.25
43,100,4,4,5.0,5.0,0.0
43,101,3,7,3.75,8.75,5.0
43,102,8,2,10.0,2.5,-7.5
43,103,2,9,2.5,11.25,8.75
43,104,1,2,1.25,2.5,1.25
43,105,1,1,1.25,1.25,0.0
43,106,7,6,8.75,7.5,-1.25
43,107,5,4,6.25,5.0,-1.25
43,108,3,11,3.75,13.75,10.0
43,109,5,5,6.25,6.25,0.0
43,110,5,4,6.25,5.0,-1.25
43,111,9,7,11.25,8.75,-2.5
43,112,7,4,8.75,5.0,-3.75
43,113,10,5,12.5,6.25,-6.25
43,114,9,5,11.25,6.25,-5.0
43,115,3,9,3.75,11.25,7.5
43,116,6,4,7.5,5.0,-2.5
43,117,5,3,6.25,3.75,-2.5
43,118,2,3,2.5,3.75,1.25
43,119,2,3,2.5,3.75,1.25
43,120,7,5,8.75,6.25,-2.5
43,121,3,4,3.75,5.0,1.25
43,122,3,8,3.75,10.0,6.25
43,123,5,2,6.25,2.5,-3.75
43,124,5,4,6.25,5.0,-1.25
43,125,3,7,3.75,8.75,5.0
43,126,7,6,8.75,7.5,-1.25
43,127,0,5,0.0,6.25,6.25
43,128,3,7,3.75,8.75,5.0
43,129,7,4,8.75,5.0,-3.75
43,130,6,5,7.5,6.25,-1.25
43,131,1,3,1.25,3.75,2.5
43,132,4,3,5.0,3.75,-1.25
43,133,3,5,3.75,6.25,2.5
43,134,2,2,2.5,2.5,0.0
44,0,1,1,1.25,1.25,0.0
44,1,0,0,0.0,0.0,0.0
44,2,0,2,0.0,2.5,2.5
44,3,1,1,1.25,1.25,0.0
44,4,0,1,0.0,1.25,1.25
44,5,0,2,0.0,2.5,2.5
44,6,0,1,0.0,1.25,1.25
44,7,1,4,1.25,5.0,3.75
44,8,0,0,0.0,0.0,0.0
44,9,0,0,0.0,0.0,0.0
44,10,1,0,1.25,0.0,-1.25
44,11,0,0,0.0,0.0,0.0
44,12,0,0,0.0,0.0,0.0
44,13,0,2,0.0,2.5,2.5
44,14,2,1,2.5,1.25,-1.25
44,15,0,0,0.0,0.0,0.0
44,16,0,0,0.0,0.0,0.0
44,17,2,1,2.5,1.25,-1.25
44,18,1,0,1.25,0.0,-1.25
44,19,1,0,1.25,0.0,-1.25
44,20,0,2,0.0,2.5,2.5
44,21,2,0,2.5,0.0,-2.5
44,22,1,2,1.25,2.5,1.25
44,23,0,0,0.0,0.0,0.0
44,24,0,0,0.0,0.0,0.0
44,25,0,0,0.0,0.0,0.0
44,26,0,1,0.0,1.25,1.25
44,27,0,0,0.0,0.0,0.0
44,28,0,1,0.0,1.25,1.25
44,29,1,1,1.25,1.25,0.0
44,30,0,1,0.0,1.25,1.25
44,31,0,1,0.0,1.25,1.25
44,32,0,2,0.0,2.5,2.5
44,33,3,0,3.75,0.0,-3.75
44,34,2,1,2.5,1.25,-1.25
44,35,1,1,1.25,1.25,0.0
44,36,0,2,0.0,2.5,2.5
44,37,0,0,0.0,0.0,0.0
44,38,0,1,0.0,1.25,1.25
44,39,0,0,0.0,0.0,0.0
44,40,1,0,1.25,0.0,-1.25
44,41,1,0,1.25,0.0,-1.25
44,42,0,3,0.0,3.75,3.75
44,43,0,0,0.0,0.0,0.0
44,44,0,0,0.0,0.0,0.0
44,45,1,0,1.25,0.0,-1.25
44,46,1,1,1.25,1.25,0.0
44,47,0,0,0.0,0.0,0.0
44,48,2,2,2.5,2.5,0.0
44,49,0,1,0.0,1.25,1.25
44,50,1,0,1.25,0.0,-1.25
44,51,1,0,1.25,0.0,-1.25
44,52,1,0,1.25,0.0,-1.25
44,53,0,1,0.0,1.25,1.25
44,54,0,0,0.0,0.0,0.0
44,55,1,1,1.25,1.25,0.0
44,56,1,0,1.25,0.0,-1.25
44,57,1,0,1.25,0.0,-1.25
44,58,0,0,0.0,0.0,0.0
44,59,1,0,1.25,0.0,-1.25
44,60,0,0,0.0,0.0,0.0
44,61,1,1,1.25,1.25,0.0
44,62,2,2,2.5,2.5,0.0
44,63,0,2,0.0,2.5,2.5
44,64,0,1,0.0,1.25,1.25
44,65,0,1,0.0,1.25,1.25
44,66,2,0,2.5,0.0,-2.5
44,67,0,2,0.0,2.5,2.5
44,68,0,1,0.0,1.25,1.25
44,69,1,1,1.25,1.25,0.0
44,70,0,2,0.0,2.5,2.5
44,71,0,1,0.0,1.25,1.25
44,72,2,1,2.5,1.25,-1.25
44,73,0,0,0.0,0.0,0.0
44,74,0,0,0.0,0.0,0.0
44,75,1,0,1.25,0.0,-1.25
44,76,0,1,0.0,1.25,1.25
44,77,1,0,1.25,0.0,-1.25
44,78,0,1,0.0,1.25,1.25
44,79,1,0,1.25,0.0,-1.25
44,80,0,0,0.0,0.0,0.0
44,81,1,1,1.25,1.25,0.0
44,82,0,0,0.0,0.0,0.0
44,83,1,0,1.25,0.0,-1.25
44,84,1,1,1.25,1.25,0.0
44,85,0,1,0.0,1.25,1.25
44,86,1,0,1.25,0.0,-1.25
44,87,1,0,1.25,0.0,-1.25
44,88,0,0,0.0,0.0,0.0
44,89,1,1,1.25,1.25,0.0
44,90,1,1,1.25,1.25,0.0
44,91,1,1,1.25,1.25,0.0
44,92,0,1,0.0,1.25,1.25
44,93,0,0,0.0,0.0,0.0
44,94,1,2,1.25,2.5,1.25
44,95,1,2,1.25,2.5,1.25
44,96,0,1,0.0,1.25,1.25
44,97,0,1,0.0,1.25,1.25
44,98,1,1,1.25,1.25,0.0
44,99,0,0,0.0,0.0,0.0
44,100,0,1,0.0,1.25,1.25
44,101,1,1,1.25,1.25,0.0
44,102,1,0,1.25,0.0,-1.25
44,103,0,0,0.0,0.0,0.0
44,104,1,0,1.25,0.0,-1.25
44,105,0,1,0.0,1.25,1.25
44,106,2,2,2.5,2.5,0.0
44,107,1,1,1.25,1.25,0.0
44,108,0,2,0.0,2.5,2.5
44,109,1,0,1.25,0.0,-1.25
44,110,1,2,1.25,2.5,1.25
44,111,0,2,0.0,2.5,2.5
44,112,1,0,1.25,0.0,-1.25
44,113,1,0,1.25,0.0,-1.25
44,114,1,0,1.25,0.0,-1.25
44,115,0,1,0.0,1.25,1.25
44,116,0,1,0.0,1.25,1.25
44,117,1,4,1.25,5.0,3.75
44,118,1,1,1.25,1.25,0.0
44,119,0,0,0.0,0.0,0.0
44,120,1,0,1.25,0.0,-1.25
44,121,1,0,1.25,0.0,-1.25
44,122,0,1,0.0,1.25,1.25
44,123,0,1,0.0,1.25,1.25
44,124,0,2,0.0,2.5,2.5
44,125,0,0,0.0,0.0,0.0
44,126,2,2,2.5,2.5,0.0
44,127,0,1,0.0,1.25,1.25
44,128,1,0,1.25,0.0,-1.25
44,129,1,1,1.25,1.25,0.0
44,130,1,4,1.25,5.0,3.75
44,131,0,1,0.0,1.25,1.25
44,132,1,2,1.25,2.5,1.25
44,133,0,0,0.0,0.0,0.0
44,134,1,0,1.25,0.0,-1.25
45,0,4,4,5.0,5.0,0.0
45,1,4,6,5.0,7.5,2.5
45,2,2,3,2.5,3.75,1.25
45,3,4,6,5.0,7.5,2.5
45,4,3,1,3.75,1.25,-2.5
45,5,4,5,5.0,6.25,1.25
45,6,5,4,6.25,5.0,-1.25
45,7,2,2,2.5,2.5,0.0
45,8,4,5,5.0,6.25,1.25
45,9,4,4,5.0,5.0,0.0
45,10,4,3,5.0,3.75,-1.25
45,11,3,2,3.75,2.5,-1.25
45,12,4,2,5.0,2.5,-2.5
45,13,3,0,3.75,0.0,-3.75
45,14,3,6,3.75,7.5,3.75
45,15,4,3,5.0,3.75,-1.25
45,16,2,4,2.5,5.0,2.5
45,17,1,1,1.25,1.25,0.0
45,18,6,5,7.5,6.25,-1.25
45,19,5,4,6.25,5.0,-1.25
45,20,4,1,5.0,1.25,-3.75
45,21,4,6,5.0,7.5,2.5
45,22,5,4,6.25,5.0,-1.25
45,23,3,1,3.75,1.25,-2.5
45,24,4,3,5.0,3.75,-1.25
45,25,4,6,5.0,7.5,2.5
45,26,3,5,3.75,6.25,2.5
45,27,2,3,2.5,3.75,1.25
45,28,3,2,3.75,2.5,-1.25
45,29,3,4,3.75,5.0,1.25
45,30,1,1,1.25,1.25,0.0
45,31,4,4,5.0,5.0,0.0
45,32,4,2,5.0,2.5,-2.5
45,33,3,5,3.75,6.25,2.5
45,34,6,6,7.5,7.5,0.0
45,35,4,5,5.0,6.25,1.25
45,36,5,3,6.25,3.75,-2.5
45,37,4,5,5.0,6.25,1.25
45,38,6,2,7.5,2.5,-5.0
45,39,3,4,3.75,5.0,1.25
45,40,4,4,5.0,5.0,0.0
45,41,5,5,6.25,6.25,0.0
45,42,4,3,5.0,3.75,-1.25
45,43,3,5,3.75,6.25,2.5
45,44,3,3,3.75,3.75,0.0
45,45,2,3,2.5,3.75,1.25
45,46,2,2,2.5,2.5,0.0
45,47,7,1,8.75,1.25,-7.5
45,48,0,1,0.0,1.25,1.25
45,49,4,4,5.0,5.0,0.0
45,50,1,2,1.25,2.5,1.25
45,51,4,7,5.0,8.75,3.75
45,52,3,0,3.75,0.0,-3.75
45,53,6,5,7.5,6.25,-1.25
45,54,5,4,6.25,5.0,-1.25
45,55,6,5,7.5,6.25,-1.25
45,56,4,3,5.0,3.75,-1.25
45,57,4,4,5.0,5.0,0.0
45,58,3,2,3.75,2.5,-1.25
45,59,1,4,1.25,5.0,3.75
45,60,5,4,6.25,5.0,-1.25
45,61,2,3,2.5,3.75,1.25
45,62,3,0,3.75,0.0,-3.75
45,63,6,4,7.5,5.0,-2.5
45,64,2,1,2.5,1.25,-1.25
45,65,4,6,5.0,7.5,2.5
45,66,2,3,2.5,3.75,1.25
45,67,4,3,5.0,3.75,-1.25
45,68,4,4,5.0,5.0,0.0
45,69,3,6,3.75,7.5,3.75
45,70,5,5,6.25,6.25,0.0
45,71,3,5,3.75,6.25,2.5
45,72,5,5,6.25,6.25,0.0
45,73,6,4,7.5,5.0,-2.5
45,74,3,3,3.75,3.75,0.0
45,75,4,3,5.0,3.75,-1.25
45,76,4,3,5.0,3.75,-1.25
45,77,5,5,6.25,6.25,0.0
45,78,3,4,3.75,5.0,1.25
45,79,3,3,3.75,3.75,0.0
45,80,6,7,7.5,8.75,1.25
45,81,5,5,6.25,6.25,0.0
45,82,4,3,5.0,3.75,-1.25
45,83,5,4,6.25,5.0,-1.25
45,84,2,2,2.5,2.5,0.0
45,85,3,3,3.75,3.75,0.0
45,86,2,3,2.5,3.75,1.25
45,87,4,3,5.0,3.75,-1.25
45,88,6,5,7.5,6.25,-1.25
45,89,4,5,5.0,6.25,1.25
45,90,4,3,5.0,3.75,-1.25
45,91,0,2,0.0,2.5,2.5
45,92,0,0,0.0,0.0,0.0
45,93,5,4,6.25,5.0,-1.25
45,94,4,6,5.0,7.5,2.5
45,95,4,1,5.0,1.25,-3.75
45,96,4,5,5.0,6.25,1.25
45,97,3,5,3.75,6.25,2.5
45,98,2,4,2.5,5.0,2.5
45,99,1,2,1.25,2.5,1.25
45,100,3,3,3.75,3.75,0.0
45,101,1,7,1.25,8.75,7.5
45,102,3,1,3.75,1.25,-2.5
45,103,6,5,7.5,6.25,-1.25
45,104,7,4,8.75,5.0,-3.75
45,105,3,1,3.75,1.25,-2.5
45,106,4,3,5.0,3.75,-1.25
45,107,5,4,6.25,5.0,-1.25
45,108,2,3,2.5,3.75,1.25
45,109,2,1,2.5,1.25,-1.25
45,110,2,1,2.5,1.25,-1.25
45,111,8,4,10.0,5.0,-5.0
45,112,6,1,7.5,1.25,-6.25
45,113,5,7,6.25,8.75,2.5
45,114,3,5,3.75,6.25,2.5
45,115,6,1,7.5,1.25,-6.25
45,116,6,4,7.5,5.0,-2.5
45,117,1,3,1.25,3.75,2.5
45,118,2,2,2.5,2.5,0.0
45,119,5,9,6.25,11.25,5.0
45,120,2,5,2.5,6.25,3.75
45,121,4,3,5.0,3.75,-1.25
45,122,6,1,7.5,1.25,-6.25
45,123,5,5,6.25,6.25,0.0
45,124,5,4,6.25,5.0,-1.25
45,125,4,3,5.0,3.75,-1.25
45,126,5,2,6.25,2.5,-3.75
45,127,1,0,1.25,0.0,-1.25
45,128,3,5,3.75,6.25,2.5
45,129,4,2,5.0,2.5,-2.5
45,130,1,4,1.25,5.0,3.75
45,131,1,1,1.25,1.25,0.0
45,132,2,1,2.5,1.25,-1.25
45,133,5,5,6.25,6.25,0.0
45,134,1,5,1.25,6.25,5.0
46,0,9,9,11.25,11.25,0.0
46,1,6,2,7.5,2.5,-5.0
46,2,11,2,13.75,2.5,-11.25
46,3,9,22,11.25,27.5,16.25
46,4,6,5,7.5,6.25,-1.25
46,5,6,4,7.5,5.0,-2.5
46,6,16,3,20.0,3.75,-16.25
46,7,3,11,3.75,13.75,10.0
46,8,2,15,2.5,18.75,16.25
46,9,1,3,1.25,3.75,2.5
46,10,2,1,2.5,1.25,-1.25
46,11,7,3,8.75,3.75,-5.0
46,12,3,8,3.75,10.0,6.25
46,13,3,10,3.75,12.5,8.75
46,14,4,3,5.0,3.75,-1.25
46,15,4,1,5.0,1.25,-3.75
46,16,5,1,6.25,1.25,-5.0
46,17,1,2,1.25,2.5,1.25
46,18,1,0,1.25,0.0,-1.25
46,19,1,6,1.25,7.5,6.25
46,20,2,3,2.5,3.75,1.25
46,21,11,1,13.75,1.25,-12.5
46,22,16,15,20.0,18.75,-1.25
46,23,0,7,0.0,8.75,8.75
46,24,9,2,11.25,2.5,-8.75
46,25,4,7,5.0,8.75,3.75
46,26,11,1,13.75,1.25,-12.5
46,27,1,8,1.25,10.0,8.75
46,28,4,8,5.0,10.0,5.0
46,29,6,3,7.5,3.75,-3.75
46,30,5,5,6.25,6.25,0.0
46,31,5,3,6.25,3.75,-2.5
46,32,3,4,3.75,5.0,1.25
46,33,7,4,8.75,5.0,-3.75
46,34,2,12,2.5,15.0,12.5
46,35,6,3,7.5,3.75,-3.75
46,36,2,9,2.5,11.25,8.75
46,37,6,6,7.5,7.5,0.0
46,38,8,10,10.0,12.5,2.5
46,39,10,22,12.5,27.5,15.0
46,40,14,5,17.5,6.25,-11.25
46,41,5,4,6.25,5.0,-1.25
46,42,3,4,3.75,5.0,1.25
46,43,5,16,6.25,20.0,13.75
46,44,3,21,3.75,26.25,22.5
46,45,6,5,7.5,6.25,-1.25
46,46,5,1,6.25,1.25,-5.0
46,47,1,1,1.25,1.25,0.0
46,48,1,4,1.25,5.0,3.75
46,49,5,8,6.25,10.0,3.75
46,50,6,1,7.5,1.25,-6.25
46,51,2,3,2.5,3.75,1.25
46,52,10,4,12.5,5.0,-7.5
46,53,0,0,0.0,0.0,0.0
46,54,5,8,6.25,10.0,3.75
46,55,3,19,3.75,23.75,20.0
46,56,1,5,1.25,6.25,5.0
46,57,2,1,2.5,1.25,-1.25
46,58,5,8,6.25,10.0,3.75
46,59,8,3,10.0,3.75,-6.25
46,60,9,1,11.25,1.25,-10.0
46,61,7,3,8.75,3.75,-5.0
46,62,4,3,5.0,3.75,-1.25
46,63,5,3,6.25,3.75,-2.5
46,64,8,3,10.0,3.75,-6.25
46,65,4,2,5.0,2.5,-2.5
46,66,7,4,8.75,5.0,-3.75
46,67,8,7,10.0,8.75,-1.25
46,68,6,3,7.5,3.75,-3.75
46,69,5,8,6.25,10.0,3.75
46,70,9,6,11.25,7.5,-3.75
46,71,5,10,6.25,12.5,6.25
46,72,10,1,12.5,1.25,-11.25
46,73,5,4,6.25,5.0,-1.25
46,74,1,1,1.25,1.25,0.0
46,75,9,3,11.25,3.75,-7.5
46,76,9,1,11.25,1.25,-10.0
46,77,5,11,6.25,13.75,7.5
46,78,5,7,6.25,8.75,2.5
46,79,4,4,5.0,5.0,0.0
46,80,13,0,16.25,0.0,-16.25
46,81,15,4,18.75,5.0,-13.75
46,82,8,5,10.0,6.25,-3.75
46,83,17,4,21.25,5.0,-16.25
46,84,3,8,3.75,10.0,6.25
46,85,2,4,2.5,5.0,2.5
46,86,5,7,6.25,8.75,2.5
46,87,4,1,5.0,1.25,-3.75
46,88,1,7,1.25,8.75,7.5
46,89,4,2,5.0,2.5,-2.5
46,90,3,8,3.75,10.0,6.25
46,91,2,2,2.5,2.5,0.0
46,92,2,7,2.5,8.75,6.25
46,93,2,9,2.5,11.25,8.75
46,94,10,1,12.5,1.25,-11.25
46,95,6,5,7.5,6.25,-1.25
46,96,3,1,3.75,1.25,-2.5
46,97,0,8,0.0,10.0,10.0
46,98,6,6,7.5,7.5,0.0
46,99,4,4,5.0,5.0,0.0
46,100,3,2,3.75,2.5,-1.25
46,101,1,14,1.25,17.5,16.25
46,102,12,6,15.0,7.5,-7.5
46,103,13,12,16.25,15.0,-1.25
46,104,2,1,2.5,1.25,-1.25
46,105,3,0,3.75,0.0,-3.75
46,106,5,13,6.25,16.25,10.0
46,107,2,4,2.5,5.0,2.5
46,108,13,2,16.25,2.5,-13.75
46,109,1,1,1.25,1.25,0.0
46,110,8,15,10.0,18.75,8.75
46,111,7,3,8.75,3.75,-5.0
46,112,7,9,8.75,11.25,2.5
46,113,7,12,8.75,15.0,6.25
46,114,2,4,2.5,5.0,2.5
46,115,4,4,5.0,5.0,0.0
46,116,16,5,20.0,6.25,-13.75
46,117,10,6,12.5,7.5,-5.0
46,118,10,4,12.5,5.0,-7.5
46,119,27,14,33.75,17.5,-16.25
46,120,6,11,7.5,13.75,6.25
46,121,6,1,7.5,1.25,-6.25
46,122,15,4,18.75,5.0,-13.75
46,123,5,10,6.25,12.5,6.25
46,124,12,6,15.0,7.5,-7.5
46,125,13,9,16.25,11.25,-5.0
46,126,5,5,6.25,6.25,0.0
46,127,16,10,20.0,12.5,-7.5
46,128,8,14,10.0,17.5,7.5
46,129,2,9,2.5,11.25,8.75
46,130,6,2,7.5,2.5,-5.0
46,131,11,3,13.75,3.75,-10.0
46,132,5,3,6.25,3.75,-2.5
46,133,3,5,3.75,6.25,2.5
46,134,6,7,7.5,8.75,1.25
47,0,3,1,3.75,1.25,-2.5
47,1,2,2,2.5,2.5,0.0
47,2,2,3,2.5,3.75,1.25
47,3,1,8,1.25,10.0,8.75
47,4,1,2,1.25,2.5,1.25
47,5,5,0,6.25,0.0,-6.25
47,6,8,1,10.0,1.25,-8.75
47,7,0,2,0.0,2.5,2.5
47,8,3,7,3.75,8.75,5.0
47,9,1,0,1.25,0.0,-1.25
47,10,3,0,3.75,0.0,-3.75
47,11,6,0,7.5,0.0,-7.5
47,12,3,3,3.75,3.75,0.0
47,13,2,5,2.5,6.25,3.75
47,14,6,3,7.5,3.75,-3.75
47,15,1,1,1.25,1.25,0.0
47,16,1,0,1.25,0.0,-1.25
47,17,2,2,2.5,2.5,0.0
47,18,0,0,0.0,0.0,0.0
47,19,1,3,1.25,3.75,2.5
47,20,4,0,5.0,0.0,-5.0
47,21,5,2,6.25,2.5,-3.75
47,22,14,9,17.5,11.25,-6.25
47,23,1,3,1.25,3.75,2.5
47,24,7,2,8.75,2.5,-6.25
47,25,0,3,0.0,3.75,3.75
47,26,4,2,5.0,2.5,-2.5
47,27,1,1,1.25,1.25,0.0
47,28,5,0,6.25,0.0,-6.25
47,29,2,1,2.5,1.25,-1.25
47,30,2,0,2.5,0.0,-2.5
47,31,4,3,5.0,3.75,-1.25
47,32,4,0,5.0,0.0,-5.0
47,33,4,1,5.0,1.25,-3.75
47,34,4,6,5.0,7.5,2.5
47,35,7,3,8.75,3.75,-5.0
47,36,2,1,2.5,1.25,-1.25
47,37,6,0,7.5,0.0,-7.5
47,38,2,0,2.5,0.0,-2.5
47,39,8,10,10.0,12.5,2.5
47,40,2,1,2.5,1.25,-1.25
47,41,1,3,1.25,3.75,2.5
47,42,0,2,0.0,2.5,2.5
47,43,4,4,5.0,5.0,0.0
47,44,2,4,2.5,5.0,2.5
47,45,1,1,1.25,1.25,0.0
47,46,5,0,6.25,0.0,-6.25
47,47,2,0,2.5,0.0,-2.5
47,48,0,1,0.0,1.25,1.25
47,49,1,2,1.25,2.5,1.25
47,50,1,5,1.25,6.25,5.0
47,51,4,8,5.0,10.0,5.0
47,52,1,1,1.25,1.25,0.0
47,53,0,2,0.0,2.5,2.5
47,54,5,6,6.25,7.5,1.25
47,55,0,9,0.0,11.25,11.25
47,56,2,0,2.5,0.0,-2.5
47,57,1,0,1.25,0.0,-1.25
47,58,5,3,6.25,3.75,-2.5
47,59,3,4,3.75,5.0,1.25
47,60,4,0,5.0,0.0,-5.0
47,61,2,1,2.5,1.25,-1.25
47,62,4,1,5.0,1.25,-3.75
47,63,7,4,8.75,5.0,-3.75
47,64,3,2,3.75,2.5,-1.25
47,65,3,4,3.75,5.0,1.25
47,66,3,3,3.75,3.75,0.0
47,67,1,3,1.25,3.75,2.5
47,68,6,3,7.5,3.75,-3.75
47,69,6,7,7.5,8.75,1.25
47,70,16,1,20.0,1.25,-18.75
47,71,4,5,5.0,6.25,1.25
47,72,6,0,7.5,0.0,-7.5
47,73,2,1,2.5,1.25,-1.25
47,74,0,3,0.0,3.75,3.75
47,75,3,0,3.75,0.0,-3.75
47,76,9,1,11.25,1.25,-10.0
47,77,4,9,5.0,11.25,6.25
47,78,0,10,0.0,12.5,12.5
47,79,3,1,3.75,1.25,-2.5
47,80,6,4,7.5,5.0,-2.5
47,81,10,1,12.5,1.25,-11.25
47,82,7,1,8.75,1.25,-7.5
47,83,4,2,5.0,2.5,-2.5
47,84,3,2,3.75,2.5,-1.25
47,85,0,1,0.0,1.25,1.25
47,86,7,2,8.75,2.5,-6.25
47,87,0,0,0.0,0.0,0.0
47,88,6,1,7.5,1.25,-6.25
47,89,3,0,3.75,0.0,-3.75
47,90,1,2,1.25,2.5,1.25
47,91,0,3,0.0,3.75,3.75
47,92,1,0,1.25,0.0,-1.25
47,93,2,3,2.5,3.75,1.25
47,94,4,4,5.0,5.0,0.0
47,95,1,2,1.25,2.5,1.25
47,96,4,0,5.0,0.0,-5.0
47,97,0,2,0.0,2.5,2.5
47,98,0,10,0.0,12.5,12.5
47,99,1,2,1.25,2.5,1.25
47,100,1,1,1.25,1.25,0.0
47,101,2,12,2.5,15.0,12.5
47,102,7,4,8.75,5.0,-3.75
47,103,15,9,18.75,11.25,-7.5
47,104,0,2,0.0,2.5,2.5
47,105,4,2,5.0,2.5,-2.5
47,106,3,9,3.75,11.25,7.5
47,107,2,2,2.5,2.5,0.0
47,108,0,1,0.0,1.25,1.25
47,109,0,0,0.0,0.0,0.0
47,110,1,1,1.25,1.25,0.0
47,111,7,2,8.75,2.5,-6.25
47,112,10,2,12.5,2.5,-10.0
47,113,3,9,3.75,11.25,7.5
47,114,0,1,0.0,1.25,1.25
47,115,6,3,7.5,3.75,-3.75
47,116,1,4,1.25,5.0,3.75
47,117,3,1,3.75,1.25,-2.5
47,118,8,1,10.0,1.25,-8.75
47,119,2,6,2.5,7.5,5.0
47,120,2,1,2.5,1.25,-1.25
47,121,4,3,5.0,3.75,-1.25
47,122,3,2,3.75,2.5,-1.25
47,123,2,5,2.5,6.25,3.75
47,124,2,1,2.5,1.25,-1.25
47,125,8,3,10.0,3.75,-6.25
47,126,1,2,1.25,2.5,1.25
47,127,4,3,5.0,3.75,-1.25
47,128,1,9,1.25,11.25,10.0
47,129,0,4,0.0,5.0,5.0
47,130,2,1,2.5,1.25,-1.25
47,131,1,3,1.25,3.75,2.5
47,132,2,1,2.5,1.25,-1.25
47,133,3,2,3.75,2.5,-1.25
47,134,8,5,10.0,6.25,-3.75
48,0,2,8,2.5,10.0,7.5
48,1,2,3,2.5,3.75,1.25
48,2,6,1,7.5,1.25,-6.25
48,3,3,2,3.75,2.5,-1.25
48,4,9,5,11.25,6.25,-5.0
48,5,1,3,1.25,3.75,2.5
48,6,5,4,6.25,5.0,-1.25
48,7,5,4,6.25,5.0,-1.25
48,8,3,3,3.75,3.75,0.0
48,9,3,10,3.75,12.5,8.75
48,10,8,6,10.0,7.5,-2.5
48,11,3,2,3.75,2.5,-1.25
48,12,3,4,3.75,5.0,1.25
48,13,1,1,1.25,1.25,0.0
48,14,2,7,2.5,8.75,6.25
48,15,2,3,2.5,3.75,1.25
48,16,5,4,6.25,5.0,-1.25
48,17,2,3,2.5,3.75,1.25
48,18,4,6,5.0,7.5,2.5
48,19,7,2,8.75,2.5,-6.25
48,20,5,2,6.25,2.5,-3.75
48,21,4,5,5.0,6.25,1.25
48,22,4,7,5.0,8.75,3.75
48,23,2,4,2.5,5.0,2.5
48,24,4,3,5.0,3.75,-1.25
48,25,5,1,6.25,1.25,-5.0
48,26,4,8,5.0,10.0,5.0
48,27,4,1,5.0,1.25,-3.75
48,28,2,6,2.5,7.5,5.0
48,29,5,8,6.25,10.0,3.75
48,30,2,4,2.5,5.0,2.5
48,31,6,6,7.5,7.5,0.0
48,32,3,2,3.75,2.5,-1.25
48,33,3,1,3.75,1.25,-2.5
48,34,0,2,0.0,2.5,2.5
48,35,2,4,2.5,5.0,2.5
48,36,4,2,5.0,2.5,-2.5
48,37,5,1,6.25,1.25,-5.0
48,38,2,3,2.5,3.75,1.25
48,39,4,2,5.0,2.5,-2.5
48,40,4,6,5.0,7.5,2.5
48,41,7,2,8.75,2.5,-6.25
48,42,8,1,10.0,1.25,-8.75
48,43,7,7,8.75,8.75,0.0
48,44,5,1,6.25,1.25,-5.0
48,45,10,3,12.5,3.75,-8.75
48,46,5,6,6.25,7.5,1.25
48,47,5,2,6.25,2.5,-3.75
48,48,4,4,5.0,5.0,0.0
48,49,3,6,3.75,7.5,3.75
48,50,9,2,11.25,2.5,-8.75
48,51,2,2,2.5,2.5,0.0
48,52,3,4,3.75,5.0,1.25
48,53,8,4,10.0,5.0,-5.0
48,54,2,5,2.5,6.25,3.75
48,55,5,1,6.25,1.25,-5.0
48,56,5,8,6.25,10.0,3.75
48,57,1,0,1.25,0.0,-1.25
48,58,6,0,7.5,0.0,-7.5
48,59,8,2,10.0,2.5,-7.5
48,60,3,8,3.75,10.0,6.25
48,61,2,3,2.5,3.75,1.25
48,62,1,2,1.25,2.5,1.25
48,63,2,4,2.5,5.0,2.5
48,64,3,9,3.75,11.25,7.5
48,65,2,9,2.5,11.25,8.75
48,66,2,7,2.5,8.75,6.25
48,67,3,2,3.75,2.5,-1.25
48,68,6,5,7.5,6.25,-1.25
48,69,7,4,8.75,5.0,-3.75
48,70,3,3,3.75,3.75,0.0
48,71,0,3,0.0,3.75,3.75
48,72,3,4,3.75,5.0,1.25
48,73,3,2,3.75,2.5,-1.25
48,74,5,7,6.25,8.75,2.5
48,75,7,3,8.75,3.75,-5.0
48,76,1,3,1.25,3.75,2.5
48,77,6,4,7.5,5.0,-2.5
48,78,7,3,8.75,3.75,-5.0
48,79,4,6,5.0,7.5,2.5
48,80,2,1,2.5,1.25,-1.25
48,81,3,8,3.75,10.0,6.25
48,82,1,0,1.25,0.0,-1.25
48,83,6,5,7.5,6.25,-1.25
48,84,6,2,7.5,2.5,-5.0
48,85,4,3,5.0,3.75,-1.25
48,86,4,2,5.0,2.5,-2.5
48,87,4,4,5.0,5.0,0.0
48,88,5,2,6.25,2.5,-3.75
48,89,3,5,3.75,6.25,2.5
48,90,6,7,7.5,8.75,1.25
48,91,4,5,5.0,6.25,1.25
48,92,7,2,8.75,2.5,-6.25
48,93,5,5,6.25,6.25,0.0
48,94,4,1,5.0,1.25,-3.75
48,95,5,5,6.25,6.25,0.0
48,96,4,2,5.0,2.5,-2.5
48,97,4,2,5.0,2.5,-2.5
48,98,1,6,1.25,7.5,6.25
48,99,5,2,6.25,2.5,-3.75
48,100,6,1,7.5,1.25,-6.25
48,101,6,4,7.5,5.0,-2.5
48,102,5,4,6.25,5.0,-1.25
48,103,7,8,8.75,10.0,1.25
48,104,9,4,11.25,5.0,-6.25
48,105,2,4,2.5,5.0,2.5
48,106,7,7,8.75,8.75,0.0
48,107,5,7,6.25,8.75,2.5
48,108,4,6,5.0,7.5,2.5
48,109,6,4,7.5,5.0,-2.5
48,110,4,3,5.0,3.75,-1.25
48,111,12,2,15.0,2.5,-12.5
48,112,2,9,2.5,11.25,8.75
48,113,10,7,12.5,8.75,-3.75
48,114,6,10,7.5,12.5,5.0
48,115,5,2,6.25,2.5,-3.75
48,116,4,3,5.0,3.75,-1.25
48,117,7,5,8.75,6.25,-2.5
48,118,6,6,7.5,7.5,0.0
48,119,7,8,8.75,10.0,1.25
48,120,4,4,5.0,5.0,0.0
48,121,5,4,6.25,5.0,-1.25
48,122,2,6,2.5,7.5,5.0
48,123,1,8,1.25,10.0,8.75
48,124,5,4,6.25,5.0,-1.25
48,125,2,6,2.5,7.5,5.0
48,126,4,6,5.0,7.5,2.5
48,127,0,0,0.0,0.0,0.0
48,128,6,7,7.5,8.75,1.25
48,129,2,5,2.5,6.25,3.75
48,130,8,3,10.0,3.75,-6.25
48,131,3,5,3.75,6.25,2.5
48,132,1,2,1.25,2.5,1.25
48,133,8,6,10.0,7.5,-2.5
48,134,6,3,7.5,3.75,-3.75
49,0,16,11,20.0,13.75,-6.25
49,1,2,8,2.5,10.0,7.5
49,2,2,9,2.5,11.25,8.75
49,3,2,6,2.5,7.5,5.0
49,4,1,1,1.25,1.25,0.0
49,5,2,6,2.5,7.5,5.0
49,6,1,10,1.25,12.5,11.25
49,7,6,5,7.5,6.25,-1.25
49,8,5,6,6.25,7.5,1.25
49,9,3,7,3.75,8.75,5.0
49,10,1,2,1.25,2.5,1.25
49,11,3,6,3.75,7.5,3.75
49,12,0,9,0.0,11.25,11.25
49,13,1,16,1.25,20.0,18.75
49,14,3,8,3.75,10.0,6.25
49,15,3,5,3.75,6.25,2.5
49,16,1,3,1.25,3.75,2.5
49,17,5,3,6.25,3.75,-2.5
49,18,6,3,7.5,3.75,-3.75
49,19,2,2,2.5,2.5,0.0
49,20,3,6,3.75,7.5,3.75
49,21,3,8,3.75,10.0,6.25
49,22,5,6,6.25,7.5,1.25
49,23,6,11,7.5,13.75,6.25
49,24,1,1,1.25,1.25,0.0
49,25,0,3,0.0,3.75,3.75
49,26,10,4,12.5,5.0,-7.5
49,27,4,12,5.0,15.0,10.0
49,28,5,4,6.25,5.0,-1.25
49,29,0,12,0.0,15.0,15.0
49,30,0,6,0.0,7.5,7.5
49,31,5,7,6.25,8.75,2.5
49,32,1,9,1.25,11.25,10.0
49,33,0,6,0.0,7.5,7.5
49,34,0,2,0.0,2.5,2.5
49,35,1,0,1.25,0.0,-1.25
49,36,4,3,5.0,3.75,-1.25
49,37,0,2,0.0,2.5,2.5
49,38,4,3,5.0,3.75,-1.25
49,39,1,3,1.25,3.75,2.5
49,40,3,6,3.75,7.5,3.75
49,41,11,2,13.75,2.5,-11.25
49,42,6,1,7.5,1.25,-6.25
49,43,6,4,7.5,5.0,-2.5
49,44,6,4,7.5,5.0,-2.5
49,45,3,6,3.75,7.5,3.75
49,46,2,8,2.5,10.0,7.5
49,47,10,15,12.5,18.75,6.25
49,48,1,7,1.25,8.75,7.5
49,49,3,9,3.75,11.25,7.5
49,50,3,8,3.75,10.0,6.25
49,51,3,1,3.75,1.25,-2.5
49,52,2,3,2.5,3.75,1.25
49,53,1,6,1.25,7.5,6.25
49,54,0,4,0.0,5.0,5.0
49,55,6,12,7.5,15.0,7.5
49,56,1,7,1.25,8.75,7.5
49,57,0,0,0.0,0.0,0.0
49,58,1,0,1.25,0.0,-1.25
49,59,2,2,2.5,2.5,0.0
49,60,4,6,5.0,7.5,2.5
49,61,2,4,2.5,5.0,2.5
49,62,9,8,11.25,10.0,-1.25
49,63,3,13,3.75,16.25,12.5
49,64,10,11,12.5,13.75,1.25
49,65,0,6,0.0,7.5,7.5
49,66,5,9,6.25,11.25,5.0
49,67,4,8,5.0,10.0,5.0
49,68,19,14,23.75,17.5,-6.25
49,69,4,2,5.0,2.5,-2.5
49,70,4,4,5.0,5.0,0.0
49,71,2,7,2.5,8.75,6.25
49,72,2,7,2.5,8.75,6.25
49,73,5,8,6.25,10.0,3.75
49,74,4,3,5.0,3.75,-1.25
49,75,2,3,2.5,3.75,1.25
49,76,0,10,0.0,12.5,12.5
49,77,3,2,3.75,2.5,-1.25
49,78,4,4,5.0,5.0,0.0
49,79,3,8,3.75,10.0,6.25
49,80,2,3,2.5,3.75,1.25
49,81,4,8,5.0,10.0,5.0
49,82,6,4,7.5,5.0,-2.5
49,83,6,2,7.5,2.5,-5.0
49,84,3,3,3.75,3.75,0.0
49,85,1,4,1.25,5.0,3.75
49,86,3,4,3.75,5.0,1.25
49,87,3,6,3.75,7.5,3.75
49,88,2,3,2.5,3.75,1.25
49,89,0,9,0.0,11.25,11.25
49,90,5,7,6.25,8.75,2.5
49,91,3,11,3.75,13.75,10.0
49,92,9,6,11.25,7.5,-3.75
49,93,0,8,0.0,10.0,10.0
49,94,6,7,7.5,8.75,1.25
49,95,5,2,6.25,2.5,-3.75
49,96,4,11,5.0,13.75,8.75
49,97,0,4,0.0,5.0,5.0
49,98,3,2,3.75,2.5,-1.25
49,99,1,6,1.25,7.5,6.25
49,100,1,6,1.25,7.5,6.25
49,101,11,9,13.75,11.25,-2.5
49,102,2,10,2.5,12.5,10.0
49,103,6,7,7.5,8.75,1.25
49,104,1,1,1.25,1.25,0.0
49,105,2,2,2.5,2.5,0.0
49,106,5,3,6.25,3.75,-2.5
49,107,4,3,5.0,3.75,-1.25
49,108,0,9,0.0,11.25,11.25
49,109,4,1,5.0,1.25,-3.75
49,110,4,8,5.0,10.0,5.0
49,111,2,6,2.5,7.5,5.0
49,112,6,4,7.5,5.0,-2.5
49,113,3,5,3.75,6.25,2.5
49,114,0,5,0.0,6.25,6.25
49,115,4,1,5.0,1.25,-3.75
49,116,1,8,1.25,10.0,8.75
49,117,8,4,10.0,5.0,-5.0
49,118,2,8,2.5,10.0,7.5
49,119,1,4,1.25,5.0,3.75
49,120,4,9,5.0,11.25,6.25
49,121,4,3,5.0,3.75,-1.25
49,122,1,2,1.25,2.5,1.25
49,123,7,2,8.75,2.5,-6.25
49,124,9,10,11.25,12.5,1.25
49,125,3,8,3.75,10.0,6.25
49,126,10,6,12.5,7.5,-5.0
49,127,3,4,3.75,5.0,1.25
49,128,2,2,2.5,2.5,0.0
49,129,2,6,2.5,7.5,5.0
49,130,2,3,2.5,3.75,1.25
49,131,1,5,1.25,6.25,5.0
49,132,3,6,3.75,7.5,3.75
49,133,5,5,6.25,6.25,0.0
49,134,3,11,3.75,13.75,10.0
50,0,0,0,0.0,0.0,0.0
50,1,0,0,0.0,0.0,0.0
50,2,0,0,0.0,0.0,0.0
50,3,0,0,0.0,0.0,0.0
50,4,0,0,0.0,0.0,0.0
50,5,0,0,0.0,0.0,0.0
50,6,0,0,0.0,0.0,0.0
50,7,0,0,0.0,0.0,0.0
50,8,0,0,0.0,0.0,0.0
50,9,0,0,0.0,0.0,0.0
50,10,0,0,0.0,0.0,0.0
50,11,0,0,0.0,0.0,0.0
50,12,0,0,0.0,0.0,0.0
50,13,0,0,0.0,0.0,0.0
50,14,0,0,0.0,0.0,0.0
50,15,0,0,0.0,0.0,0.0
50,16,0,0,0.0,0.0,0.0
50,17,0,0,0.0,0.0,0.0
50,18,0,0,0.0,0.0,0.0
50,19,0,0,0.0,0.0,0.0
50,20,0,0,0.0,0.0,0.0
50,21,1,0,1.25,0.0,-1.25
50,22,1,0,1.25,0.0,-1.25
50,23,2,2,2.5,2.5,0.0
50,24,1,2,1.25,2.5,1.25
50,25,0,0,0.0,0.0,0.0
50,26,2,0,2.5,0.0,-2.5
50,27,4,4,5.0,5.0,0.0
50,28,3,1,3.75,1.25,-2.5
50,29,1,1,1.25,1.25,0.0
50,30,0,2,0.0,2.5,2.5
50,31,0,0,0.0,0.0,0.0
50,32,1,3,1.25,3.75,2.5
50,33,2,2,2.5,2.5,0.0
50,34,0,0,0.0,0.0,0.0
50,35,1,1,1.25,1.25,0.0
50,36,0,1,0.0,1.25,1.25
50,37,1,0,1.25,0.0,-1.25
50,38,4,1,5.0,1.25,-3.75
50,39,0,0,0.0,0.0,0.0
50,40,1,4,1.25,5.0,3.75
50,41,1,0,1.25,0.0,-1.25
50,42,0,0,0.0,0.0,0.0
50,43,3,3,3.75,3.75,0.0
50,44,0,2,0.0,2.5,2.5
50,45,0,0,0.0,0.0,0.0
50,46,2,1,2.5,1.25,-1.25
50,47,2,3,2.5,3.75,1.25
50,48,2,2,2.5,2.5,0.0
50,49,3,0,3.75,0.0,-3.75
50,50,1,1,1.25,1.25,0.0
50,51,0,0,0.0,0.0,0.0
50,52,0,0,0.0,0.0,0.0
50,53,4,1,5.0,1.25,-3.75
50,54,1,2,1.25,2.5,1.25
50,55,1,4,1.25,5.0,3.75
50,56,0,0,0.0,0.0,0.0
50,57,1,1,1.25,1.25,0.0
50,58,4,8,5.0,10.0,5.0
50,59,1,2,1.25,2.5,1.25
50,60,1,2,1.25,2.5,1.25
50,61,4,3,5.0,3.75,-1.25
50,62,6,2,7.5,2.5,-5.0
50,63,2,3,2.5,3.75,1.25
50,64,5,2,6.25,2.5,-3.75
50,65,0,3,0.0,3.75,3.75
50,66,0,0,0.0,0.0,0.0
50,67,1,5,1.25,6.25,5.0
50,68,8,3,10.0,3.75,-6.25
50,69,2,5,2.5,6.25,3.75
50,70,2,1,2.5,1.25,-1.25
50,71,4,0,5.0,0.0,-5.0
50,72,2,3,2.5,3.75,1.25
50,73,3,3,3.75,3.75,0.0
50,74,2,0,2.5,0.0,-2.5
50,75,3,3,3.75,3.75,0.0
50,76,2,3,2.5,3.75,1.25
50,77,4,2,5.0,2.5,-2.5
50,78,0,0,0.0,0.0,0.0
50,79,0,3,0.0,3.75,3.75
50,80,4,1,5.0,1.25,-3.75
50,81,2,1,2.5,1.25,-1.25
50,82,5,3,6.25,3.75,-2.5
50,83,0,1,0.0,1.25,1.25
50,84,7,4,8.75,5.0,-3.75
50,85,3,5,3.75,6.25,2.5
50,86,1,3,1.25,3.75,2.5
50,87,1,1,1.25,1.25,0.0
50,88,2,4,2.5,5.0,2.5
50,89,2,1,2.5,1.25,-1.25
50,90,2,4,2.5,5.0,2.5
50,91,0,1,0.0,1.25,1.25
50,92,0,5,0.0,6.25,6.25
50,93,2,2,2.5,2.5,0.0
50,94,1,2,1.25,2.5,1.25
50,95,2,3,2.5,3.75,1.25
50,96,1,4,1.25,5.0,3.75
50,97,0,1,0.0,1.25,1.25
50,98,1,3,1.25,3.75,2.5
50,99,2,0,2.5,0.0,-2.5
50,100,1,2,1.25,2.5,1.25
50,101,3,3,3.75,3.75,0.0
50,102,1,2,1.25,2.5,1.25
50,103,0,3,0.0,3.75,3.75
50,104,1,5,1.25,6.25,5.0
50,105,5,3,6.25,3.75,-2.5
50,106,1,0,1.25,0.0,-1.25
50,107,1,1,1.25,1.25,0.0
50,108,0,2,0.0,2.5,2.5
50,109,3,1,3.75,1.25,-2.5
50,110,3,1,3.75,1.25,-2.5
50,111,1,2,1.25,2.5,1.25
50,112,0,7,0.0,8.75,8.75
50,113,2,3,2.5,3.75,1.25
50,114,3,5,3.75,6.25,2.5
50,115,2,9,2.5,11.25,8.75
50,116,4,3,5.0,3.75,-1.25
50,117,0,3,0.0,3.75,3.75
50,118,0,1,0.0,1.25,1.25
50,119,3,1,3.75,1.25,-2.5
50,120,3,6,3.75,7.5,3.75
50,121,7,1,8.75,1.25,-7.5
50,122,2,1,2.5,1.25,-1.25
50,123,0,0,0.0,0.0,0.0
50,124,2,3,2.5,3.75,1.25
50,125,3,1,3.75,1.25,-2.5
50,126,5,3,6.25,3.75,-2.5
50,127,2,3,2.5,3.75,1.25
50,128,6,4,7.5,5.0,-2.5
50,129,2,2,2.5,2.5,0.0
50,130,4,3,5.0,3.75,-1.25
50,131,1,1,1.25,1.25,0.0
50,132,1,0,1.25,0.0,-1.25
50,133,1,3,1.25,3.75,2.5
50,134,0,1,0.0,1.25,1.25
51,0,12,8,15.0,10.0,-5.0
51,1,15,11,18.75,13.75,-5.0
51,2,9,17,11.25,21.25,10.0
51,3,22,7,27.5,8.75,-18.75
51,4,11,4,13.75,5.0,-8.75
51,5,9,13,11.25,16.25,5.0
51,6,16,18,20.0,22.5,2.5
51,7,14,11,17.5,13.75,-3.75
51,8,9,8,11.25,10.0,-1.25
51,9,10,16,12.5,20.0,7.5
51,10,13,16,16.25,20.0,3.75
51,11,15,12,18.75,15.0,-3.75
51,12,11,15,13.75,18.75,5.0
51,13,9,16,11.25,20.0,8.75
51,14,8,5,10.0,6.25,-3.75
51,15,12,3,15.0,3.75,-11.25
51,16,14,23,17.5,28.75,11.25
51,17,16,12,20.0,15.0,-5.0
51,18,13,16,16.25,20.0,3.75
51,19,13,10,16.25,12.5,-3.75
51,20,11,10,13.75,12.5,-1.25
51,21,7,10,8.75,12.5,3.75
51,22,11,9,13.75,11.25,-2.5
51,23,15,14,18.75,17.5,-1.25
51,24,15,4,18.75,5.0,-13.75
51,25,13,5,16.25,6.25,-10.0
51,26,22,8,27.5,10.0,-17.5
51,27,11,13,13.75,16.25,2.5
51,28,15,14,18.75,17.5,-1.25
51,29,14,4,17.5,5.0,-12.5
51,30,9,11,11.25,13.75,2.5
51,31,7,7,8.75,8.75,0.0
51,32,8,18,10.0,22.5,12.5
51,33,13,24,16.25,30.0,13.75
51,34,8,16,10.0,20.0,10.0
51,35,11,9,13.75,11.25,-2.5
51,36,6,6,7.5,7.5,0.0
51,37,12,16,15.0,20.0,5.0
51,38,14,11,17.5,13.75,-3.75
51,39,6,10,7.5,12.5,5.0
51,40,10,10,12.5,12.5,0.0
51,41,13,11,16.25,13.75,-2.5
51,42,4,12,5.0,15.0,10.0
51,43,23,12,28.75,15.0,-13.75
51,44,11,8,13.75,10.0,-3.75
51,45,8,10,10.0,12.5,2.5
51,46,4,12,5.0,15.0,10.0
51,47,15,12,18.75,15.0,-3.75
51,48,13,14,16.25,17.5,1.25
51,49,24,17,30.0,21.25,-8.75
51,50,5,6,6.25,7.5,1.25
51,51,6,3,7.5,3.75,-3.75
51,52,7,17,8.75,21.25,12.5
51,53,22,17,27.5,21.25,-6.25
51,54,3,16,3.75,20.0,16.25
51,55,11,20,13.75,25.0,11.25
51,56,12,13,15.0,16.25,1.25
51,57,9,8,11.25,10.0,-1.25
51,58,7,16,8.75,20.0,11.25
51,59,25,11,31.25,13.75,-17.5
51,60,6,9,7.5,11.25,3.75
51,61,19,13,23.75,16.25,-7.5
51,62,13,11,16.25,13.75,-2.5
51,63,11,17,13.75,21.25,7.5
51,64,22,22,27.5,27.5,0.0
51,65,8,14,10.0,17.5,7.5
51,66,12,10,15.0,12.5,-2.5
51,67,19,20,23.75,25.0,1.25
51,68,12,15,15.0,18.75,3.75
51,69,14,10,17.5,12.5,-5.0
51,70,7,15,8.75,18.75,10.0
51,71,12,12,15.0,15.0,0.0
51,72,10,10,12.5,12.5,0.0
51,73,7,9,8.75,11.25,2.5
51,74,10,7,12.5,8.75,-3.75
51,75,9,5,11.25,6.25,-5.0
51,76,14,7,17.5,8.75,-8.75
51,77,18,13,22.5,16.25,-6.25
51,78,13,3,16.25,3.75,-12.5
51,79,6,14,7.5,17.5,10.0
51,80,10,10,12.5,12.5,0.0
51,81,16,9,20.0,11.25,-8.75
51,82,8,13,10.0,16.25,6.25
51,83,10,7,12.5,8.75,-3.75
51,84,31,10,38.75,12.5,-26.25
51,85,17,6,21.25,7.5,-13.75
51,86,21,5,26.25,6.25,-20.0
51,87,9,6,11.25,7.5,-3.75
51,88,11,8,13.75,10.0,-3.75
51,89,10,4,12.5,5.0,-7.5
51,90,15,5,18.75,6.25,-12.5
51,91,21,13,26.25,16.25,-10.0
51,92,13,9,16.25,11.25,-5.0
51,93,10,13,12.5,16.25,3.75
51,94,14,15,17.5,18.75,1.25
51,95,12,13,15.0,16.25,1.25
51,96,12,9,15.0,11.25,-3.75
51,97,9,10,11.25,12.5,1.25
51,98,16,11,20.0,13.75,-6.25
51,99,15,11,18.75,13.75,-5.0
51,100,17,7,21.25,8.75,-12.5
51,101,4,17,5.0,21.25,16.25
51,102,21,14,26.25,17.5,-8.75
51,103,9,18,11.25,22.5,11.25
51,104,2,8,2.5,10.0,7.5
51,105,15,24,18.75,30.0,11.25
51,106,17,10,21.25,12.5,-8.75
51,107,11,6,13.75,7.5,-6.25
51,108,17,11,21.25,13.75,-7.5
51,109,19,13,23.75,16.25,-7.5
51,110,18,15,22.5,18.75,-3.75
51,111,5,9,6.25,11.25,5.0
51,112,12,22,15.0,27.5,12.5
51,113,11,19,13.75,23.75,10.0
51,114,10,14,12.5,17.5,5.0
51,115,13,15,16.25,18.75,2.5
51,116,13,14,16.25,17.5,1.25
51,117,18,9,22.5,11.25,-11.25
51,118,8,18,10.0,22.5,12.5
51,119,11,6,13.75,7.5,-6.25
51,120,20,16,25.0,20.0,-5.0
51,121,18,17,22.5,21.25,-1.25
51,122,18,12,22.5,15.0,-7.5
51,123,6,2,7.5,2.5,-5.0
51,124,14,18,17.5,22.5,5.0
51,125,16,19,20.0,23.75,3.75
51,126,21,11,26.25,13.75,-12.5
51,127,14,6,17.5,7.5,-10.0
51,128,20,9,25.0,11.25,-13.75
51,129,14,5,17.5,6.25,-11.25
51,130,12,5,15.0,6.25,-8.75
51,131,16,10,20.0,12.5,-7.5
51,132,9,10,11.25,12.5,1.25
51,133,19,16,23.75,20.0,-3.75
51,134,3,7,3.75,8.75,5.0
52,0,2,3,2.5,3.75,1.25
52,1,0,1,0.0,1.25,1.25
52,2,2,0,2.5,0.0,-2.5
52,3,0,0,0.0,0.0,0.0
52,4,0,1,0.0,1.25,1.25
52,5,1,0,1.25,0.0,-1.25
52,6,0,1,0.0,1.25,1.25
52,7,0,0,0.0,0.0,0.0
52,8,1,0,1.25,0.0,-1.25
52,9,1,0,1.25,0.0,-1.25
52,10,0,0,0.0,0.0,0.0
52,11,0,0,0.0,0.0,0.0
52,12,0,0,0.0,0.0,0.0
52,13,0,0,0.0,0.0,0.0
52,14,0,2,0.0,2.5,2.5
52,15,0,0,0.0,0.0,0.0
52,16,1,2,1.25,2.5,1.25
52,17,0,0,0.0,0.0,0.0
52,18,1,0,1.25,0.0,-1.25
52,19,0,0,0.0,0.0,0.0
52,20,0,1,0.0,1.25,1.25
52,21,0,0,0.0,0.0,0.0
52,22,0,0,0.0,0.0,0.0
52,23,1,0,1.25,0.0,-1.25
52,24,0,0,0.0,0.0,0.0
52,25,0,0,0.0,0.0,0.0
52,26,0,0,0.0,0.0,0.0
52,27,0,0,0.0,0.0,0.0
52,28,0,1,0.0,1.25,1.25
52,29,0,0,0.0,0.0,0.0
52,30,0,0,0.0,0.0,0.0
52,31,0,0,0.0,0.0,0.0
52,32,0,2,0.0,2.5,2.5
52,33,1,1,1.25,1.25,0.0
52,34,2,2,2.5,2.5,0.0
52,35,0,0,0.0,0.0,0.0
52,36,0,0,0.0,0.0,0.0
52,37,0,0,0.0,0.0,0.0
52,38,3,0,3.75,0.0,-3.75
52,39,0,0,0.0,0.0,0.0
52,40,0,0,0.0,0.0,0.0
52,41,0,0,0.0,0.0,0.0
52,42,0,0,0.0,0.0,0.0
52,43,0,0,0.0,0.0,0.0
52,44,0,0,0.0,0.0,0.0
52,45,0,0,0.0,0.0,0.0
52,46,0,0,0.0,0.0,0.0
52,47,1,0,1.25,0.0,-1.25
52,48,0,0,0.0,0.0,0.0
52,49,0,0,0.0,0.0,0.0
52,50,1,0,1.25,0.0,-1.25
52,51,0,0,0.0,0.0,0.0
52,52,0,0,0.0,0.0,0.0
52,53,1,0,1.25,0.0,-1.25
52,54,0,0,0.0,0.0,0.0
52,55,0,2,0.0,2.5,2.5
52,56,0,1,0.0,1.25,1.25
52,57,0,0,0.0,0.0,0.0
52,58,1,0,1.25,0.0,-1.25
52,59,2,0,2.5,0.0,-2.5
52,60,0,1,0.0,1.25,1.25
52,61,0,0,0.0,0.0,0.0
52,62,0,0,0.0,0.0,0.0
52,63,1,0,1.25,0.0,-1.25
52,64,0,0,0.0,0.0,0.0
52,65,0,0,0.0,0.0,0.0
52,66,1,0,1.25,0.0,-1.25
52,67,0,1,0.0,1.25,1.25
52,68,0,0,0.0,0.0,0.0
52,69,1,0,1.25,0.0,-1.25
52,70,0,1,0.0,1.25,1.25
52,71,0,0,0.0,0.0,0.0
52,72,0,1,0.0,1.25,1.25
52,73,2,0,2.5,0.0,-2.5
52,74,1,0,1.25,0.0,-1.25
52,75,0,1,0.0,1.25,1.25
52,76,1,0,1.25,0.0,-1.25
52,77,0,0,0.0,0.0,0.0
52,78,0,0,0.0,0.0,0.0
52,79,0,1,0.0,1.25,1.25
52,80,0,1,0.0,1.25,1.25
52,81,1,0,1.25,0.0,-1.25
52,82,0,0,0.0,0.0,0.0
52,83,0,0,0.0,0.0,0.0
52,84,1,1,1.25,1.25,0.0
52,85,0,0,0.0,0.0,0.0
52,86,1,1,1.25,1.25,0.0
52,87,0,0,0.0,0.0,0.0
52,88,0,0,0.0,0.0,0.0
52,89,0,0,0.0,0.0,0.0
52,90,0,0,0.0,0.0,0.0
52,91,0,0,0.0,0.0,0.0
52,92,0,0,0.0,0.0,0.0
52,93,0,0,0.0,0.0,0.0
52,94,1,0,1.25,0.0,-1.25
52,95,1,1,1.25,1.25,0.0
52,96,0,2,0.0,2.5,2.5
52,97,1,0,1.25,0.0,-1.25
52,98,1,0,1.25,0.0,-1.25
52,99,0,1,0.0,1.25,1.25
52,100,0,0,0.0,0.0,0.0
52,101,0,0,0.0,0.0,0.0
52,102,0,0,0.0,0.0,0.0
52,103,0,2,0.0,2.5,2.5
52,104,0,0,0.0,0.0,0.0
52,105,0,0,0.0,0.0,0.0
52,106,0,0,0.0,0.0,0.0
52,107,1,0,1.25,0.0,-1.25
52,108,0,1,0.0,1.25,1.25
52,109,0,1,0.0,1.25,1.25
52,110,1,0,1.25,0.0,-1.25
52,111,1,0,1.25,0.0,-1.25
52,112,1,0,1.25,0.0,-1.25
52,113,2,1,2.5,1.25,-1.25
52,114,0,0,0.0,0.0,0.0
52,115,2,0,2.5,0.0,-2.5
52,116,0,0,0.0,0.0,0.0
52,117,0,1,0.0,1.25,1.25
52,118,1,1,1.25,1.25,0.0
52,119,2,0,2.5,0.0,-2.5
52,120,0,1,0.0,1.25,1.25
52,121,1,0,1.25,0.0,-1.25
52,122,1,0,1.25,0.0,-1.25
52,123,1,0,1.25,0.0,-1.25
52,124,0,0,0.0,0.0,0.0
52,125,0,0,0.0,0.0,0.0
52,126,0,0,0.0,0.0,0.0
52,127,1,0,1.25,0.0,-1.25
52,128,1,0,1.25,0.0,-1.25
52,129,0,0,0.0,0.0,0.0
52,130,3,0,3.75,0.0,-3.75
52,131,0,0,0.0,0.0,0.0
52,132,1,0,1.25,0.0,-1.25
52,133,1,0,1.25,0.0,-1.25
52,134,1,0,1.25,0.0,-1.25
53,0,3,1,3.75,1.25,-2.5
53,1,1,1,1.25,1.25,0.0
53,2,1,1,1.25,1.25,0.0
53,3,0,0,0.0,0.0,0.0
53,4,1,0,1.25,0.0,-1.25
53,5,0,2,0.0,2.5,2.5
53,6,0,0,0.0,0.0,0.0
53,7,0,0,0.0,0.0,0.0
53,8,0,0,0.0,0.0,0.0
53,9,1,0,1.25,0.0,-1.25
53,10,0,0,0.0,0.0,0.0
53,11,0,0,0.0,0.0,0.0
53,12,0,0,0.0,0.0,0.0
53,13,0,1,0.0,1.25,1.25
53,14,0,1,0.0,1.25,1.25
53,15,0,0,0.0,0.0,0.0
53,16,3,0,3.75,0.0,-3.75
53,17,0,0,0.0,0.0,0.0
53,18,0,1,0.0,1.25,1.25
53,19,0,2,0.0,2.5,2.5
53,20,0,0,0.0,0.0,0.0
53,21,0,0,0.0,0.0,0.0
53,22,0,0,0.0,0.0,0.0
53,23,0,0,0.0,0.0,0.0
53,24,0,0,0.0,0.0,0.0
53,25,0,1,0.0,1.25,1.25
53,26,2,1,2.5,1.25,-1.25
53,27,0,0,0.0,0.0,0.0
53,28,1,2,1.25,2.5,1.25
53,29,0,0,0.0,0.0,0.0
53,30,0,0,0.0,0.0,0.0
53,31,0,0,0.0,0.0,0.0
53,32,1,0,1.25,0.0,-1.25
53,33,1,0,1.25,0.0,-1.25
53,34,0,3,0.0,3.75,3.75
53,35,0,0,0.0,0.0,0.0
53,36,0,0,0.0,0.0,0.0
53,37,0,1,0.0,1.25,1.25
53,38,0,0,0.0,0.0,0.0
53,39,1,1,1.25,1.25,0.0
53,40,0,0,0.0,0.0,0.0
53,41,0,2,0.0,2.5,2.5
53,42,0,0,0.0,0.0,0.0
53,43,0,0,0.0,0.0,0.0
53,44,0,2,0.0,2.5,2.5
53,45,0,2,0.0,2.5,2.5
53,46,0,0,0.0,0.0,0.0
53,47,1,0,1.25,0.0,-1.25
53,48,0,2,0.0,2.5,2.5
53,49,0,0,0.0,0.0,0.0
53,50,0,0,0.0,0.0,0.0
53,51,0,0,0.0,0.0,0.0
53,52,0,0,0.0,0.0,0.0
53,53,0,0,0.0,0.0,0.0
53,54,1,0,1.25,0.0,-1.25
53,55,0,6,0.0,7.5,7.5
53,56,0,0,0.0,0.0,0.0
53,57,0,0,0.0,0.0,0.0
53,58,1,0,1.25,0.0,-1.25
53,59,0,0,0.0,0.0,0.0
53,60,0,0,0.0,0.0,0.0
53,61,0,2,0.0,2.5,2.5
53,62,0,0,0.0,0.0,0.0
53,63,0,1,0.0,1.25,1.25
53,64,0,0,0.0,0.0,0.0
53,65,0,0,0.0,0.0,0.0
53,66,0,2,0.0,2.5,2.5
53,67,1,0,1.25,0.0,-1.25
53,68,1,2,1.25,2.5,1.25
53,69,1,0,1.25,0.0,-1.25
53,70,0,1,0.0,1.25,1.25
53,71,1,0,1.25,0.0,-1.25
53,72,0,0,0.0,0.0,0.0
53,73,0,1,0.0,1.25,1.25
53,74,0,0,0.0,0.0,0.0
53,75,0,2,0.0,2.5,2.5
53,76,0,0,0.0,0.0,0.0
53,77,1,1,1.25,1.25,0.0
53,78,0,0,0.0,0.0,0.0
53,79,0,1,0.0,1.25,1.25
53,80,0,0,0.0,0.0,0.0
53,81,0,0,0.0,0.0,0.0
53,82,0,0,0.0,0.0,0.0
53,83,0,0,0.0,0.0,0.0
53,84,0,0,0.0,0.0,0.0
53,85,1,1,1.25,1.25,0.0
53,86,1,0,1.25,0.0,-1.25
53,87,1,0,1.25,0.0,-1.25
53,88,1,0,1.25,0.0,-1.25
53,89,0,2,0.0,2.5,2.5
53,90,1,0,1.25,0.0,-1.25
53,91,0,1,0.0,1.25,1.25
53,92,3,0,3.75,0.0,-3.75
53,93,0,1,0.0,1.25,1.25
53,94,0,0,0.0,0.0,0.0
53,95,0,0,0.0,0.0,0.0
53,96,0,0,0.0,0.0,0.0
53,97,1,0,1.25,0.0,-1.25
53,98,0,0,0.0,0.0,0.0
53,99,0,0,0.0,0.0,0.0
53,100,0,0,0.0,0.0,0.0
53,101,0,0,0.0,0.0,0.0
53,102,1,2,1.25,2.5,1.25
53,103,1,0,1.25,0.0,-1.25
53,104,0,1,0.0,1.25,1.25
53,105,0,0,0.0,0.0,0.0
53,106,0,0,0.0,0.0,0.0
53,107,1,0,1.25,0.0,-1.25
53,108,1,1,1.25,1.25,0.0
53,109,0,0,0.0,0.0,0.0
53,110,0,1,0.0,1.25,1.25
53,111,0,1,0.0,1.25,1.25
53,112,0,0,0.0,0.0,0.0
53,113,0,1,0.0,1.25,1.25
53,114,0,0,0.0,0.0,0.0
53,115,0,0,0.0,0.0,0.0
53,116,1,0,1.25,0.0,-1.25
53,117,0,0,0.0,0.0,0.0
53,118,1,2,1.25,2.5,1.25
53,119,0,0,0.0,0.0,0.0
53,120,0,0,0.0,0.0,0.0
53,121,1,0,1.25,0.0,-1.25
53,122,1,0,1.25,0.0,-1.25
53,123,1,0,1.25,0.0,-1.25
53,124,0,0,0.0,0.0,0.0
53,125,2,3,2.5,3.75,1.25
53,126,0,0,0.0,0.0,0.0
53,127,1,1,1.25,1.25,0.0
53,128,0,0,0.0,0.0,0.0
53,129,0,1,0.0,1.25,1.25
53,130,0,0,0.0,0.0,0.0
53,131,0,0,0.0,0.0,0.0
53,132,0,0,0.0,0.0,0.0
53,133,1,0,1.25,0.0,-1.25
53,134,0,0,0.0,0.0,0.0
54,0,0,0,0.0,0.0,0.0
54,1,0,0,0.0,0.0,0.0
54,2,0,0,0.0,0.0,0.0
54,3,0,1,0.0,1.25,1.25
54,4,0,0,0.0,0.0,0.0
54,5,0,0,0.0,0.0,0.0
54,6,0,0,0.0,0.0,0.0
54,7,1,1,1.25,1.25,0.0
54,8,0,0,0.0,0.0,0.0
54,9,0,0,0.0,0.0,0.0
54,10,1,0,1.25,0.0,-1.25
54,11,0,0,0.0,0.0,0.0
54,12,0,0,0.0,0.0,0.0
54,13,0,0,0.0,0.0,0.0
54,14,0,0,0.0,0.0,0.0
54,15,0,0,0.0,0.0,0.0
54,16,1,0,1.25,0.0,-1.25
54,17,0,0,0.0,0.0,0.0
54,18,0,0,0.0,0.0,0.0
54,19,0,0,0.0,0.0,0.0
54,20,1,0,1.25,0.0,-1.25
54,21,0,1,0.0,1.25,1.25
54,22,0,0,0.0,0.0,0.0
54,23,0,0,0.0,0.0,0.0
54,24,0,0,0.0,0.0,0.0
54,25,0,0,0.0,0.0,0.0
54,26,0,0,0.0,0.0,0.0
54,27,0,0,0.0,0.0,0.0
54,28,0,0,0.0,0.0,0.0
54,29,0,1,0.0,1.25,1.25
54,30,0,0,0.0,0.0,0.0
54,31,0,0,0.0,0.0,0.0
54,32,0,0,0.0,0.0,0.0
54,33,0,0,0.0,0.0,0.0
54,34,1,1,1.25,1.25,0.0
54,35,1,0,1.25,0.0,-1.25
54,36,0,0,0.0,0.0,0.0
54,37,0,0,0.0,0.0,0.0
54,38,0,0,0.0,0.0,0.0
54,39,1,0,1.25,0.0,-1.25
54,40,0,0,0.0,0.0,0.0
54,41,0,0,0.0,0.0,0.0
54,42,0,0,0.0,0.0,0.0
54,43,0,1,0.0,1.25,1.25
54,44,1,0,1.25,0.0,-1.25
54,45,0,1,0.0,1.25,1.25
54,46,0,0,0.0,0.0,0.0
54,47,0,0,0.0,0.0,0.0
54,48,0,0,0.0,0.0,0.0
54,49,1,0,1.25,0.0,-1.25
54,50,1,0,1.25,0.0,-1.25
54,51,0,0,0.0,0.0,0.0
54,52,0,0,0.0,0.0,0.0
54,53,0,0,0.0,0.0,0.0
54,54,0,0,0.0,0.0,0.0
54,55,0,0,0.0,0.0,0.0
54,56,0,0,0.0,0.0,0.0
54,57,0,0,0.0,0.0,0.0
54,58,0,0,0.0,0.0,0.0
54,59,1,0,1.25,0.0,-1.25
54,60,0,0,0.0,0.0,0.0
54,61,1,0,1.25,0.0,-1.25
54,62,0,0,0.0,0.0,0.0
54,63,0,0,0.0,0.0,0.0
54,64,0,0,0.0,0.0,0.0
54,65,0,0,0.0,0.0,0.0
54,66,2,0,2.5,0.0,-2.5
54,67,0,0,0.0,0.0,0.0
54,68,0,0,0.0,0.0,0.0
54,69,0,0,0.0,0.0,0.0
54,70,0,0,0.0,0.0,0.0
54,71,0,0,0.0,0.0,0.0
54,72,1,0,1.25,0.0,-1.25
54,73,0,0,0.0,0.0,0.0
54,74,0,0,0.0,0.0,0.0
54,75,0,0,0.0,0.0,0.0
54,76,0,0,0.0,0.0,0.0
54,77,0,0,0.0,0.0,0.0
54,78,0,1,0.0,1.25,1.25
54,79,0,0,0.0,0.0,0.0
54,80,0,0,0.0,0.0,0.0
54,81,0,0,0.0,0.0,0.0
54,82,1,0,1.25,0.0,-1.25
54,83,0,0,0.0,0.0,0.0
54,84,0,0,0.0,0.0,0.0
54,85,1,0,1.25,0.0,-1.25
54,86,0,0,0.0,0.0,0.0
54,87,0,0,0.0,0.0,0.0
54,88,0,0,0.0,0.0,0.0
54,89,0,0,0.0,0.0,0.0
54,90,0,0,0.0,0.0,0.0
54,91,0,0,0.0,0.0,0.0
54,92,0,0,0.0,0.0,0.0
54,93,0,0,0.0,0.0,0.0
54,94,0,0,0.0,0.0,0.0
54,95,0,0,0.0,0.0,0.0
54,96,0,0,0.0,0.0,0.0
54,97,0,0,0.0,0.0,0.0
54,98,0,0,0.0,0.0,0.0
54,99,0,1,0.0,1.25,1.25
54,100,0,0,0.0,0.0,0.0
54,101,0,0,0.0,0.0,0.0
54,102,1,0,1.25,0.0,-1.25
54,103,0,0,0.0,0.0,0.0
54,104,0,0,0.0,0.0,0.0
54,105,1,0,1.25,0.0,-1.25
54,106,0,0,0.0,0.0,0.0
54,107,0,0,0.0,0.0,0.0
54,108,0,0,0.0,0.0,0.0
54,109,0,0,0.0,0.0,0.0
54,110,0,0,0.0,0.0,0.0
54,111,0,0,0.0,0.0,0.0
54,112,0,1,0.0,1.25,1.25
54,113,0,0,0.0,0.0,0.0
54,114,0,0,0.0,0.0,0.0
54,115,0,0,0.0,0.0,0.0
54,116,0,0,0.0,0.0,0.0
54,117,0,0,0.0,0.0,0.0
54,118,0,0,0.0,0.0,0.0
54,119,0,0,0.0,0.0,0.0
54,120,1,0,1.25,0.0,-1.25
54,121,2,0,2.5,0.0,-2.5
54,122,0,0,0.0,0.0,0.0
54,123,0,0,0.0,0.0,0.0
54,124,0,0,0.0,0.0,0.0
54,125,0,0,0.0,0.0,0.0
54,126,0,0,0.0,0.0,0.0
54,127,0,0,0.0,0.0,0.0
54,128,0,0,0.0,0.0,0.0
54,129,0,0,0.0,0.0,0.0
54,130,2,0,2.5,0.0,-2.5
54,131,0,0,0.0,0.0,0.0
54,132,0,0,0.0,0.0,0.0
54,133,0,0,0.0,0.0,0.0
54,134,0,0,0.0,0.0,0.0
55,0,0,0,0.0,0.0,0.0
55,1,2,0,2.5,0.0,-2.5
55,2,1,0,1.25,0.0,-1.25
55,3,0,0,0.0,0.0,0.0
55,4,1,1,1.25,1.25,0.0
55,5,0,0,0.0,0.0,0.0
55,6,0,0,0.0,0.0,0.0
55,7,0,1,0.0,1.25,1.25
55,8,0,0,0.0,0.0,0.0
55,9,0,0,0.0,0.0,0.0
55,10,0,0,0.0,0.0,0.0
55,11,0,0,0.0,0.0,0.0
55,12,0,0,0.0,0.0,0.0
55,13,0,0,0.0,0.0,0.0
55,14,0,0,0.0,0.0,0.0
55,15,1,0,1.25,0.0,-1.25
55,16,0,0,0.0,0.0,0.0
55,17,0,0,0.0,0.0,0.0
55,18,0,0,0.0,0.0,0.0
55,19,1,0,1.25,0.0,-1.25
55,20,0,0,0.0,0.0,0.0
55,21,0,0,0.0,0.0,0.0
55,22,0,0,0.0,0.0,0.0
55,23,0,0,0.0,0.0,0.0
55,24,0,0,0.0,0.0,0.0
55,25,0,1,0.0,1.25,1.25
55,26,1,0,1.25,0.0,-1.25
55,27,0,1,0.0,1.25,1.25
55,28,0,0,0.0,0.0,0.0
55,29,0,1,0.0,1.25,1.25
55,30,0,1,0.0,1.25,1.25
55,31,0,1,0.0,1.25,1.25
55,32,0,0,0.0,0.0,0.0
55,33,1,0,1.25,0.0,-1.25
55,34,1,1,1.25,1.25,0.0
55,35,0,0,0.0,0.0,0.0
55,36,0,0,0.0,0.0,0.0
55,37,0,1,0.0,1.25,1.25
55,38,0,0,0.0,0.0,0.0
55,39,1,0,1.25,0.0,-1.25
55,40,0,1,0.0,1.25,1.25
55,41,1,0,1.25,0.0,-1.25
55,42,0,0,0.0,0.0,0.0
55,43,0,1,0.0,1.25,1.25
55,44,0,0,0.0,0.0,0.0
55,45,0,0,0.0,0.0,0.0
55,46,1,0,1.25,0.0,-1.25
55,47,0,1,0.0,1.25,1.25
55,48,1,1,1.25,1.25,0.0
55,49,0,1,0.0,1.25,1.25
55,50,0,1,0.0,1.25,1.25
55,51,0,1,0.0,1.25,1.25
55,52,0,0,0.0,0.0,0.0
55,53,0,0,0.0,0.0,0.0
55,54,0,0,0.0,0.0,0.0
55,55,0,0,0.0,0.0,0.0
55,56,1,0,1.25,0.0,-1.25
55,57,1,0,1.25,0.0,-1.25
55,58,0,0,0.0,0.0,0.0
55,59,0,2,0.0,2.5,2.5
55,60,0,0,0.0,0.0,0.0
55,61,0,0,0.0,0.0,0.0
55,62,0,0,0.0,0.0,0.0
55,63,0,0,0.0,0.0,0.0
55,64,0,0,0.0,0.0,0.0
55,65,0,0,0.0,0.0,0.0
55,66,0,0,0.0,0.0,0.0
55,67,1,0,1.25,0.0,-1.25
55,68,1,0,1.25,0.0,-1.25
55,69,0,0,0.0,0.0,0.0
55,70,0,0,0.0,0.0,0.0
55,71,0,0,0.0,0.0,0.0
55,72,0,0,0.0,0.0,0.0
55,73,0,0,0.0,0.0,0.0
55,74,0,0,0.0,0.0,0.0
55,75,1,1,1.25,1.25,0.0
55,76,0,0,0.0,0.0,0.0
55,77,0,0,0.0,0.0,0.0
55,78,0,0,0.0,0.0,0.0
55,79,1,0,1.25,0.0,-1.25
55,80,0,0,0.0,0.0,0.0
55,81,1,0,1.25,0.0,-1.25
55,82,0,0,0.0,0.0,0.0
55,83,1,0,1.25,0.0,-1.25
55,84,0,0,0.0,0.0,0.0
55,85,0,0,0.0,0.0,0.0
55,86,0,0,0.0,0.0,0.0
55,87,0,0,0.0,0.0,0.0
55,88,0,0,0.0,0.0,0.0
55,89,0,0,0.0,0.0,0.0
55,90,0,0,0.0,0.0,0.0
55,91,0,0,0.0,0.0,0.0
55,92,0,0,0.0,0.0,0.0
55,93,0,0,0.0,0.0,0.0
55,94,0,1,0.0,1.25,1.25
55,95,1,0,1.25,0.0,-1.25
55,96,0,0,0.0,0.0,0.0
55,97,0,0,0.0,0.0,0.0
55,98,1,0,1.25,0.0,-1.25
55,99,1,1,1.25,1.25,0.0
55,100,0,0,0.0,0.0,0.0
55,101,0,1,0.0,1.25,1.25
55,102,0,0,0.0,0.0,0.0
55,103,0,0,0.0,0.0,0.0
55,104,1,0,1.25,0.0,-1.25
55,105,0,0,0.0,0.0,0.0
55,106,1,0,1.25,0.0,-1.25
55,107,0,0,0.0,0.0,0.0
55,108,0,0,0.0,0.0,0.0
55,109,1,0,1.25,0.0,-1.25
55,110,0,2,0.0,2.5,2.5
55,111,0,0,0.0,0.0,0.0
55,112,0,0,0.0,0.0,0.0
55,113,0,1,0.0,1.25,1.25
55,114,0,2,0.0,2.5,2.5
55,115,0,0,0.0,0.0,0.0
55,116,0,0,0.0,0.0,0.0
55,117,0,0,0.0,0.0,0.0
55,118,0,2,0.0,2.5,2.5
55,119,1,0,1.25,0.0,-1.25
55,120,0,0,0.0,0.0,0.0
55,121,2,0,2.5,0.0,-2.5
55,122,0,1,0.0,1.25,1.25
55,123,0,2,0.0,2.5,2.5
55,124,0,0,0.0,0.0,0.0
55,125,0,0,0.0,0.0,0.0
55,126,0,2,0.0,2.5,2.5
55,127,0,0,0.0,0.0,0.0
55,128,0,0,0.0,0.0,0.0
55,129,1,0,1.25,0.0,-1.25
55,130,0,0,0.0,0.0,0.0
55,131,0,1,0.0,1.25,1.25
55,132,0,0,0.0,0.0,0.0
55,133,0,0,0.0,0.0,0.0
55,134,0,0,0.0,0.0,0.0
56,0,1,3,1.25,3.75,2.5
56,1,0,1,0.0,1.25,1.25
56,2,0,2,0.0,2.5,2.5
56,3,2,4,2.5,5.0,2.5
56,4,1,1,1.25,1.25,0.0
56,5,3,2,3.75,2.5,-1.25
56,6,0,1,0.0,1.25,1.25
56,7,0,2,0.0,2.5,2.5
56,8,1,5,1.25,6.25,5.0
56,9,2,0,2.5,0.0,-2.5
56,10,1,0,1.25,0.0,-1.25
56,11,0,0,0.0,0.0,0.0
56,12,1,2,1.25,2.5,1.25
56,13,2,1,2.5,1.25,-1.25
56,14,3,4,3.75,5.0,1.25
56,15,1,0,1.25,0.0,-1.25
56,16,4,1,5.0,1.25,-3.75
56,17,1,1,1.25,1.25,0.0
56,18,5,2,6.25,2.5,-3.75
56,19,0,2,0.0,2.5,2.5
56,20,2,1,2.5,1.25,-1.25
56,21,0,0,0.0,0.0,0.0
56,22,1,0,1.25,0.0,-1.25
56,23,2,1,2.5,1.25,-1.25
56,24,6,0,7.5,0.0,-7.5
56,25,5,4,6.25,5.0,-1.25
56,26,2,4,2.5,5.0,2.5
56,27,3,9,3.75,11.25,7.5
56,28,3,4,3.75,5.0,1.25
56,29,2,0,2.5,0.0,-2.5
56,30,2,2,2.5,2.5,0.0
56,31,2,4,2.5,5.0,2.5
56,32,2,4,2.5,5.0,2.5
56,33,1,1,1.25,1.25,0.0
56,34,3,4,3.75,5.0,1.25
56,35,2,1,2.5,1.25,-1.25
56,36,1,1,1.25,1.25,0.0
56,37,3,0,3.75,0.0,-3.75
56,38,0,0,0.0,0.0,0.0
56,39,0,0,0.0,0.0,0.0
56,40,1,2,1.25,2.5,1.25
56,41,5,5,6.25,6.25,0.0
56,42,1,2,1.25,2.5,1.25
56,43,6,3,7.5,3.75,-3.75
56,44,4,5,5.0,6.25,1.25
56,45,6,2,7.5,2.5,-5.0
56,46,2,3,2.5,3.75,1.25
56,47,1,2,1.25,2.5,1.25
56,48,1,5,1.25,6.25,5.0
56,49,1,1,1.25,1.25,0.0
56,50,4,1,5.0,1.25,-3.75
56,51,2,0,2.5,0.0,-2.5
56,52,1,1,1.25,1.25,0.0
56,53,0,2,0.0,2.5,2.5
56,54,0,1,0.0,1.25,1.25
56,55,0,2,0.0,2.5,2.5
56,56,1,0,1.25,0.0,-1.25
56,57,3,1,3.75,1.25,-2.5
56,58,0,5,0.0,6.25,6.25
56,59,2,3,2.5,3.75,1.25
56,60,2,0,2.5,0.0,-2.5
56,61,0,2,0.0,2.5,2.5
56,62,4,1,5.0,1.25,-3.75
56,63,1,1,1.25,1.25,0.0
56,64,0,2,0.0,2.5,2.5
56,65,2,1,2.5,1.25,-1.25
56,66,5,2,6.25,2.5,-3.75
56,67,0,0,0.0,0.0,0.0
56,68,1,4,1.25,5.0,3.75
56,69,1,2,1.25,2.5,1.25
56,70,1,0,1.25,0.0,-1.25
56,71,1,2,1.25,2.5,1.25
56,72,0,0,0.0,0.0,0.0
56,73,2,0,2.5,0.0,-2.5
56,74,2,0,2.5,0.0,-2.5
56,75,0,1,0.0,1.25,1.25
56,76,0,1,0.0,1.25,1.25
56,77,1,0,1.25,0.0,-1.25
56,78,2,0,2.5,0.0,-2.5
56,79,1,3,1.25,3.75,2.5
56,80,1,1,1.25,1.25,0.0
56,81,0,1,0.0,1.25,1.25
56,82,1,5,1.25,6.25,5.0
56,83,1,1,1.25,1.25,0.0
56,84,2,2,2.5,2.5,0.0
56,85,2,1,2.5,1.25,-1.25
56,86,1,3,1.25,3.75,2.5
56,87,0,3,0.0,3.75,3.75
56,88,0,1,0.0,1.25,1.25
56,89,4,0,5.0,0.0,-5.0
56,90,0,0,0.0,0.0,0.0
56,91,0,2,0.0,2.5,2.5
56,92,2,1,2.5,1.25,-1.25
56,93,0,0,0.0,0.0,0.0
56,94,1,2,1.25,2.5,1.25
56,95,3,9,3.75,11.25,7.5
56,96,5,4,6.25,5.0,-1.25
56,97,3,5,3.75,6.25,2.5
56,98,3,4,3.75,5.0,1.25
56,99,2,0,2.5,0.0,-2.5
56,100,0,1,0.0,1.25,1.25
56,101,2,3,2.5,3.75,1.25
56,102,0,0,0.0,0.0,0.0
56,103,0,1,0.0,1.25,1.25
56,104,1,0,1.25,0.0,-1.25
56,105,1,2,1.25,2.5,1.25
56,106,0,0,0.0,0.0,0.0
56,107,0,2,0.0,2.5,2.5
56,108,3,3,3.75,3.75,0.0
56,109,0,4,0.0,5.0,5.0
56,110,3,2,3.75,2.5,-1.25
56,111,0,5,0.0,6.25,6.25
56,112,2,3,2.5,3.75,1.25
56,113,0,3,0.0,3.75,3.75
56,114,1,1,1.25,1.25,0.0
56,115,3,0,3.75,0.0,-3.75
56,116,1,8,1.25,10.0,8.75
56,117,1,3,1.25,3.75,2.5
56,118,5,1,6.25,1.25,-5.0
56,119,2,2,2.5,2.5,0.0
56,120,4,0,5.0,0.0,-5.0
56,121,2,2,2.5,2.5,0.0
56,122,0,1,0.0,1.25,1.25
56,123,2,2,2.5,2.5,0.0
56,124,0,0,0.0,0.0,0.0
56,125,2,2,2.5,2.5,0.0
56,126,2,3,2.5,3.75,1.25
56,127,3,2,3.75,2.5,-1.25
56,128,0,2,0.0,2.5,2.5
56,129,0,0,0.0,0.0,0.0
56,130,2,2,2.5,2.5,0.0
56,131,1,0,1.25,0.0,-1.25
56,132,0,0,0.0,0.0,0.0
56,133,3,1,3.75,1.25,-2.5
56,134,1,1,1.25,1.25,0.0
57,0,0,7,0.0,8.75,8.75
57,1,10,6,12.5,7.5,-5.0
57,2,1,2,1.25,2.5,1.25
57,3,0,1,0.0,1.25,1.25
57,4,6,13,7.5,16.25,8.75
57,5,2,1,2.5,1.25,-1.25
57,6,0,7,0.0,8.75,8.75
57,7,2,2,2.5,2.5,0.0
57,8,1,4,1.25,5.0,3.75
57,9,0,0,0.0,0.0,0.0
57,10,10,0,12.5,0.0,-12.5
57,11,0,2,0.0,2.5,2.5
57,12,0,2,0.0,2.5,2.5
57,13,1,0,1.25,0.0,-1.25
57,14,12,1,15.0,1.25,-13.75
57,15,7,10,8.75,12.5,3.75
57,16,0,0,0.0,0.0,0.0
57,17,1,0,1.25,0.0,-1.25
57,18,1,3,1.25,3.75,2.5
57,19,1,2,1.25,2.5,1.25
57,20,1,2,1.25,2.5,1.25
57,21,1,3,1.25,3.75,2.5
57,22,3,0,3.75,0.0,-3.75
57,23,0,5,0.0,6.25,6.25
57,24,2,2,2.5,2.5,0.0
57,25,0,0,0.0,0.0,0.0
57,26,0,7,0.0,8.75,8.75
57,27,0,2,0.0,2.5,2.5
57,28,0,4,0.0,5.0,5.0
57,29,0,3,0.0,3.75,3.75
57,30,0,1,0.0,1.25,1.25
57,31,0,1,0.0,1.25,1.25
57,32,0,3,0.0,3.75,3.75
57,33,1,0,1.25,0.0,-1.25
57,34,5,0,6.25,0.0,-6.25
57,35,0,2,0.0,2.5,2.5
57,36,2,1,2.5,1.25,-1.25
57,37,1,0,1.25,0.0,-1.25
57,38,7,6,8.75,7.5,-1.25
57,39,2,1,2.5,1.25,-1.25
57,40,1,0,1.25,0.0,-1.25
57,41,3,2,3.75,2.5,-1.25
57,42,0,1,0.0,1.25,1.25
57,43,2,3,2.5,3.75,1.25
57,44,0,4,0.0,5.0,5.0
57,45,0,2,0.0,2.5,2.5
57,46,1,1,1.25,1.25,0.0
57,47,12,1,15.0,1.25,-13.75
57,48,1,2,1.25,2.5,1.25
57,49,0,1,0.0,1.25,1.25
57,50,0,1,0.0,1.25,1.25
57,51,3,0,3.75,0.0,-3.75
57,52,0,2,0.0,2.5,2.5
57,53,0,1,0.0,1.25,1.25
57,54,0,0,0.0,0.0,0.0
57,55,0,0,0.0,0.0,0.0
57,56,0,0,0.0,0.0,0.0
57,57,0,0,0.0,0.0,0.0
57,58,0,0,0.0,0.0,0.0
57,59,1,0,1.25,0.0,-1.25
57,60,0,0,0.0,0.0,0.0
57,61,0,2,0.0,2.5,2.5
57,62,3,1,3.75,1.25,-2.5
57,63,0,0,0.0,0.0,0.0
57,64,0,2,0.0,2.5,2.5
57,65,2,0,2.5,0.0,-2.5
57,66,0,2,0.0,2.5,2.5
57,67,2,3,2.5,3.75,1.25
57,68,14,7,17.5,8.75,-8.75
57,69,6,10,7.5,12.5,5.0
57,70,1,1,1.25,1.25,0.0
57,71,2,6,2.5,7.5,5.0
57,72,1,2,1.25,2.5,1.25
57,73,1,1,1.25,1.25,0.0
57,74,1,0,1.25,0.0,-1.25
57,75,0,0,0.0,0.0,0.0
57,76,0,0,0.0,0.0,0.0
57,77,0,0,0.0,0.0,0.0
57,78,1,0,1.25,0.0,-1.25
57,79,1,1,1.25,1.25,0.0
57,80,1,2,1.25,2.5,1.25
57,81,0,3,0.0,3.75,3.75
57,82,1,4,1.25,5.0,3.75
57,83,6,2,7.5,2.5,-5.0
57,84,0,1,0.0,1.25,1.25
57,85,2,1,2.5,1.25,-1.25
57,86,0,1,0.0,1.25,1.25
57,87,0,0,0.0,0.0,0.0
57,88,3,2,3.75,2.5,-1.25
57,89,5,1,6.25,1.25,-5.0
57,90,0,1,0.0,1.25,1.25
57,91,2,3,2.5,3.75,1.25
57,92,2,0,2.5,0.0,-2.5
57,93,1,1,1.25,1.25,0.0
57,94,0,1,0.0,1.25,1.25
57,95,0,2,0.0,2.5,2.5
57,96,2,0,2.5,0.0,-2.5
57,97,0,2,0.0,2.5,2.5
57,98,1,1,1.25,1.25,0.0
57,99,3,4,3.75,5.0,1.25
57,100,2,3,2.5,3.75,1.25
57,101,2,0,2.5,0.0,-2.5
57,102,0,2,0.0,2.5,2.5
57,103,1,0,1.25,0.0,-1.25
57,104,1,1,1.25,1.25,0.0
57,105,0,1,0.0,1.25,1.25
57,106,1,4,1.25,5.0,3.75
57,107,0,1,0.0,1.25,1.25
57,108,0,5,0.0,6.25,6.25
57,109,0,0,0.0,0.0,0.0
57,110,0,6,0.0,7.5,7.5
57,111,0,0,0.0,0.0,0.0
57,112,1,1,1.25,1.25,0.0
57,113,1,1,1.25,1.25,0.0
57,114,2,2,2.5,2.5,0.0
57,115,0,5,0.0,6.25,6.25
57,116,4,4,5.0,5.0,0.0
57,117,0,2,0.0,2.5,2.5
57,118,2,3,2.5,3.75,1.25
57,119,0,0,0.0,0.0,0.0
57,120,10,6,12.5,7.5,-5.0
57,121,0,0,0.0,0.0,0.0
57,122,1,2,1.25,2.5,1.25
57,123,2,13,2.5,16.25,13.75
57,124,0,2,0.0,2.5,2.5
57,125,0,3,0.0,3.75,3.75
57,126,0,2,0.0,2.5,2.5
57,127,1,2,1.25,2.5,1.25
57,128,0,3,0.0,3.75,3.75
57,129,2,1,2.5,1.25,-1.25
57,130,0,2,0.0,2.5,2.5
57,131,0,2,0.0,2.5,2.5
57,132,0,1,0.0,1.25,1.25
57,133,2,2,2.5,2.5,0.0
57,134,3,2,3.75,2.5,-1.25
58,0,0,1,0.0,1.25,1.25
58,1,0,0,0.0,0.0,0.0
58,2,2,1,2.5,1.25,-1.25
58,3,1,0,1.25,0.0,-1.25
58,4,1,0,1.25,0.0,-1.25
58,5,0,4,0.0,5.0,5.0
58,6,0,0,0.0,0.0,0.0
58,7,0,0,0.0,0.0,0.0
58,8,1,2,1.25,2.5,1.25
58,9,0,3,0.0,3.75,3.75
58,10,0,1,0.0,1.25,1.25
58,11,0,0,0.0,0.0,0.0
58,12,2,1,2.5,1.25,-1.25
58,13,0,1,0.0,1.25,1.25
58,14,0,2,0.0,2.5,2.5
58,15,0,0,0.0,0.0,0.0
58,16,3,1,3.75,1.25,-2.5
58,17,0,0,0.0,0.0,0.0
58,18,2,1,2.5,1.25,-1.25
58,19,0,2,0.0,2.5,2.5
58,20,0,1,0.0,1.25,1.25
58,21,2,1,2.5,1.25,-1.25
58,22,1,2,1.25,2.5,1.25
58,23,0,2,0.0,2.5,2.5
58,24,1,1,1.25,1.25,0.0
58,25,0,0,0.0,0.0,0.0
58,26,2,3,2.5,3.75,1.25
58,27,0,0,0.0,0.0,0.0
58,28,0,2,0.0,2.5,2.5
58,29,0,0,0.0,0.0,0.0
58,30,2,0,2.5,0.0,-2.5
58,31,1,3,1.25,3.75,2.5
58,32,3,1,3.75,1.25,-2.5
58,33,1,1,1.25,1.25,0.0
58,34,0,2,0.0,2.5,2.5
58,35,6,3,7.5,3.75,-3.75
58,36,0,3,0.0,3.75,3.75
58,37,1,0,1.25,0.0,-1.25
58,38,0,2,0.0,2.5,2.5
58,39,1,0,1.25,0.0,-1.25
58,40,1,4,1.25,5.0,3.75
58,41,0,1,0.0,1.25,1.25
58,42,2,2,2.5,2.5,0.0
58,43,5,0,6.25,0.0,-6.25
58,44,1,1,1.25,1.25,0.0
58,45,0,0,0.0,0.0,0.0
58,46,1,1,1.25,1.25,0.0
58,47,0,1,0.0,1.25,1.25
58,48,0,0,0.0,0.0,0.0
58,49,0,0,0.0,0.0,0.0
58,50,0,2,0.0,2.5,2.5
58,51,2,1,2.5,1.25,-1.25
58,52,2,0,2.5,0.0,-2.5
58,53,0,0,0.0,0.0,0.0
58,54,0,0,0.0,0.0,0.0
58,55,0,0,0.0,0.0,0.0
58,56,1,0,1.25,0.0,-1.25
58,57,0,0,0.0,0.0,0.0
58,58,1,0,1.25,0.0,-1.25
58,59,0,1,0.0,1.25,1.25
58,60,0,1,0.0,1.25,1.25
58,61,0,1,0.0,1.25,1.25
58,62,4,0,5.0,0.0,-5.0
58,63,0,0,0.0,0.0,0.0
58,64,0,0,0.0,0.0,0.0
58,65,1,0,1.25,0.0,-1.25
58,66,0,0,0.0,0.0,0.0
58,67,0,2,0.0,2.5,2.5
58,68,1,0,1.25,0.0,-1.25
58,69,0,3,0.0,3.75,3.75
58,70,0,1,0.0,1.25,1.25
58,71,0,5,0.0,6.25,6.25
58,72,0,0,0.0,0.0,0.0
58,73,0,2,0.0,2.5,2.5
58,74,0,2,0.0,2.5,2.5
58,75,0,0,0.0,0.0,0.0
58,76,1,1,1.25,1.25,0.0
58,77,1,0,1.25,0.0,-1.25
58,78,0,0,0.0,0.0,0.0
58,79,2,1,2.5,1.25,-1.25
58,80,0,4,0.0,5.0,5.0
58,81,0,1,0.0,1.25,1.25
58,82,2,0,2.5,0.0,-2.5
58,83,1,0,1.25,0.0,-1.25
58,84,2,1,2.5,1.25,-1.25
58,85,0,4,0.0,5.0,5.0
58,86,2,0,2.5,0.0,-2.5
58,87,1,1,1.25,1.25,0.0
58,88,0,0,0.0,0.0,0.0
58,89,1,2,1.25,2.5,1.25
58,90,0,1,0.0,1.25,1.25
58,91,0,3,0.0,3.75,3.75
58,92,0,1,0.0,1.25,1.25
58,93,1,0,1.25,0.0,-1.25
58,94,0,0,0.0,0.0,0.0
58,95,0,0,0.0,0.0,0.0
58,96,1,4,1.25,5.0,3.75
58,97,0,0,0.0,0.0,0.0
58,98,1,2,1.25,2.5,1.25
58,99,0,1,0.0,1.25,1.25
58,100,0,1,0.0,1.25,1.25
58,101,2,2,2.5,2.5,0.0
58,102,0,0,0.0,0.0,0.0
58,103,0,0,0.0,0.0,0.0
58,104,0,1,0.0,1.25,1.25
58,105,1,1,1.25,1.25,0.0
58,106,0,0,0.0,0.0,0.0
58,107,0,1,0.0,1.25,1.25
58,108,0,0,0.0,0.0,0.0
58,109,1,1,1.25,1.25,0.0
58,110,4,0,5.0,0.0,-5.0
58,111,1,1,1.25,1.25,0.0
58,112,0,1,0.0,1.25,1.25
58,113,1,0,1.25,0.0,-1.25
58,114,1,5,1.25,6.25,5.0
58,115,1,0,1.25,0.0,-1.25
58,116,0,0,0.0,0.0,0.0
58,117,0,0,0.0,0.0,0.0
58,118,0,2,0.0,2.5,2.5
58,119,1,0,1.25,0.0,-1.25
58,120,1,3,1.25,3.75,2.5
58,121,0,0,0.0,0.0,0.0
58,122,1,0,1.25,0.0,-1.25
58,123,2,1,2.5,1.25,-1.25
58,124,1,3,1.25,3.75,2.5
58,125,0,2,0.0,2.5,2.5
58,126,1,1,1.25,1.25,0.0
58,127,1,0,1.25,0.0,-1.25
58,128,1,0,1.25,0.0,-1.25
58,129,1,0,1.25,0.0,-1.25
58,130,1,0,1.25,0.0,-1.25
58,131,1,1,1.25,1.25,0.0
58,132,0,0,0.0,0.0,0.0
58,133,0,0,0.0,0.0,0.0
58,134,1,0,1.25,0.0,-1.25
59,0,1,1,1.25,1.25,0.0
59,1,1,1,1.25,1.25,0.0
59,2,6,3,7.5,3.75,-3.75
59,3,0,2,0.0,2.5,2.5
59,4,3,0,3.75,0.0,-3.75
59,5,0,1,0.0,1.25,1.25
59,6,0,0,0.0,0.0,0.0
59,7,1,0,1.25,0.0,-1.25
59,8,2,3,2.5,3.75,1.25
59,9,2,0,2.5,0.0,-2.5
59,10,1,0,1.25,0.0,-1.25
59,11,0,2,0.0,2.5,2.5
59,12,3,1,3.75,1.25,-2.5
59,13,1,1,1.25,1.25,0.0
59,14,4,0,5.0,0.0,-5.0
59,15,1,2,1.25,2.5,1.25
59,16,1,2,1.25,2.5,1.25
59,17,1,1,1.25,1.25,0.0
59,18,2,0,2.5,0.0,-2.5
59,19,0,3,0.0,3.75,3.75
59,20,1,1,1.25,1.25,0.0
59,21,3,3,3.75,3.75,0.0
59,22,3,3,3.75,3.75,0.0
59,23,0,1,0.0,1.25,1.25
59,24,1,3,1.25,3.75,2.5
59,25,0,0,0.0,0.0,0.0
59,26,5,3,6.25,3.75,-2.5
59,27,0,2,0.0,2.5,2.5
59,28,0,1,0.0,1.25,1.25
59,29,5,2,6.25,2.5,-3.75
59,30,1,0,1.25,0.0,-1.25
59,31,3,2,3.75,2.5,-1.25
59,32,4,2,5.0,2.5,-2.5
59,33,0,5,0.0,6.25,6.25
59,34,0,4,0.0,5.0,5.0
59,35,3,3,3.75,3.75,0.0
59,36,0,1,0.0,1.25,1.25
59,37,1,1,1.25,1.25,0.0
59,38,0,1,0.0,1.25,1.25
59,39,0,1,0.0,1.25,1.25
59,40,3,1,3.75,1.25,-2.5
59,41,0,0,0.0,0.0,0.0
59,42,1,1,1.25,1.25,0.0
59,43,9,0,11.25,0.0,-11.25
59,44,0,1,0.0,1.25,1.25
59,45,2,0,2.5,0.0,-2.5
59,46,1,0,1.25,0.0,-1.25
59,47,1,2,1.25,2.5,1.25
59,48,0,0,0.0,0.0,0.0
59,49,3,1,3.75,1.25,-2.5
59,50,1,0,1.25,0.0,-1.25
59,51,0,5,0.0,6.25,6.25
59,52,1,1,1.25,1.25,0.0
59,53,4,1,5.0,1.25,-3.75
59,54,0,0,0.0,0.0,0.0
59,55,0,0,0.0,0.0,0.0
59,56,2,3,2.5,3.75,1.25
59,57,1,2,1.25,2.5,1.25
59,58,1,0,1.25,0.0,-1.25
59,59,0,0,0.0,0.0,0.0
59,60,1,0,1.25,0.0,-1.25
59,61,1,4,1.25,5.0,3.75
59,62,1,0,1.25,0.0,-1.25
59,63,0,1,0.0,1.25,1.25
59,64,1,1,1.25,1.25,0.0
59,65,0,0,0.0,0.0,0.0
59,66,0,0,0.0,0.0,0.0
59,67,0,3,0.0,3.75,3.75
59,68,1,1,1.25,1.25,0.0
59,69,0,1,0.0,1.25,1.25
59,70,0,1,0.0,1.25,1.25
59,71,0,0,0.0,0.0,0.0
59,72,0,0,0.0,0.0,0.0
59,73,2,0,2.5,0.0,-2.5
59,74,1,2,1.25,2.5,1.25
59,75,0,1,0.0,1.25,1.25
59,76,0,2,0.0,2.5,2.5
59,77,0,0,0.0,0.0,0.0
59,78,2,0,2.5,0.0,-2.5
59,79,0,0,0.0,0.0,0.0
59,80,0,0,0.0,0.0,0.0
59,81,0,0,0.0,0.0,0.0
59,82,0,0,0.0,0.0,0.0
59,83,1,0,1.25,0.0,-1.25
59,84,3,1,3.75,1.25,-2.5
59,85,2,6,2.5,7.5,5.0
59,86,1,2,1.25,2.5,1.25
59,87,1,2,1.25,2.5,1.25
59,88,3,1,3.75,1.25,-2.5
59,89,0,2,0.0,2.5,2.5
59,90,0,1,0.0,1.25,1.25
59,91,1,2,1.25,2.5,1.25
59,92,1,1,1.25,1.25,0.0
59,93,0,0,0.0,0.0,0.0
59,94,2,0,2.5,0.0,-2.5
59,95,0,0,0.0,0.0,0.0
59,96,0,0,0.0,0.0,0.0
59,97,0,1,0.0,1.25,1.25
59,98,0,3,0.0,3.75,3.75
59,99,0,1,0.0,1.25,1.25
59,100,2,0,2.5,0.0,-2.5
59,101,0,0,0.0,0.0,0.0
59,102,0,2,0.0,2.5,2.5
59,103,0,0,0.0,0.0,0.0
59,104,2,6,2.5,7.5,5.0
59,105,1,5,1.25,6.25,5.0
59,106,1,1,1.25,1.25,0.0
59,107,0,2,0.0,2.5,2.5
59,108,2,2,2.5,2.5,0.0
59,109,2,1,2.5,1.25,-1.25
59,110,2,1,2.5,1.25,-1.25
59,111,3,2,3.75,2.5,-1.25
59,112,2,0,2.5,0.0,-2.5
59,113,0,0,0.0,0.0,0.0
59,114,1,1,1.25,1.25,0.0
59,115,0,0,0.0,0.0,0.0
59,116,0,0,0.0,0.0,0.0
59,117,1,2,1.25,2.5,1.25
59,118,0,0,0.0,0.0,0.0
59,119,1,0,1.25,0.0,-1.25
59,120,0,2,0.0,2.5,2.5
59,121,2,1,2.5,1.25,-1.25
59,122,2,0,2.5,0.0,-2.5
59,123,2,5,2.5,6.25,3.75
59,124,1,2,1.25,2.5,1.25
59,125,3,0,3.75,0.0,-3.75
59,126,3,1,3.75,1.25,-2.5
59,127,0,1,0.0,1.25,1.25
59,128,1,6,1.25,7.5,6.25
59,129,0,5,0.0,6.25,6.25
59,130,0,1,0.0,1.25,1.25
59,131,1,0,1.25,0.0,-1.25
59,132,0,1,0.0,1.25,1.25
59,133,4,0,5.0,0.0,-5.0
59,134,1,1,1.25,1.25,0.0
60,0,4,3,5.0,3.75,-1.25
60,1,7,6,8.75,7.5,-1.25
60,2,1,9,1.25,11.25,10.0
60,3,6,11,7.5,13.75,6.25
60,4,4,6,5.0,7.5,2.5
60,5,2,2,2.5,2.5,0.0
60,6,4,7,5.0,8.75,3.75
60,7,7,2,8.75,2.5,-6.25
60,8,6,6,7.5,7.5,0.0
60,9,6,2,7.5,2.5,-5.0
60,10,6,1,7.5,1.25,-6.25
60,11,5,6,6.25,7.5,1.25
60,12,3,6,3.75,7.5,3.75
60,13,4,3,5.0,3.75,-1.25
60,14,4,2,5.0,2.5,-2.5
60,15,4,10,5.0,12.5,7.5
60,16,2,10,2.5,12.5,10.0
60,17,3,4,3.75,5.0,1.25
60,18,4,8,5.0,10.0,5.0
60,19,7,4,8.75,5.0,-3.75
60,20,4,3,5.0,3.75,-1.25
60,21,8,13,10.0,16.25,6.25
60,22,8,5,10.0,6.25,-3.75
60,23,9,4,11.25,5.0,-6.25
60,24,5,7,6.25,8.75,2.5
60,25,4,3,5.0,3.75,-1.25
60,26,6,4,7.5,5.0,-2.5
60,27,6,3,7.5,3.75,-3.75
60,28,8,3,10.0,3.75,-6.25
60,29,4,2,5.0,2.5,-2.5
60,30,6,6,7.5,7.5,0.0
60,31,4,7,5.0,8.75,3.75
60,32,5,7,6.25,8.75,2.5
60,33,4,2,5.0,2.5,-2.5
60,34,7,5,8.75,6.25,-2.5
60,35,4,8,5.0,10.0,5.0
60,36,3,5,3.75,6.25,2.5
60,37,4,4,5.0,5.0,0.0
60,38,2,5,2.5,6.25,3.75
60,39,4,2,5.0,2.5,-2.5
60,40,4,4,5.0,5.0,0.0
60,41,1,7,1.25,8.75,7.5
60,42,4,2,5.0,2.5,-2.5
60,43,7,4,8.75,5.0,-3.75
60,44,4,9,5.0,11.25,6.25
60,45,6,3,7.5,3.75,-3.75
60,46,10,3,12.5,3.75,-8.75
60,47,6,5,7.5,6.25,-1.25
60,48,3,1,3.75,1.25,-2.5
60,49,2,5,2.5,6.25,3.75
60,50,6,2,7.5,2.5,-5.0
60,51,7,3,8.75,3.75,-5.0
60,52,3,2,3.75,2.5,-1.25
60,53,9,3,11.25,3.75,-7.5
60,54,0,0,0.0,0.0,0.0
60,55,0,0,0.0,0.0,0.0
60,56,1,4,1.25,5.0,3.75
60,57,1,5,1.25,6.25,5.0
60,58,3,5,3.75,6.25,2.5
60,59,1,6,1.25,7.5,6.25
60,60,4,6,5.0,7.5,2.5
60,61,6,5,7.5,6.25,-1.25
60,62,2,3,2.5,3.75,1.25
60,63,9,5,11.25,6.25,-5.0
60,64,2,4,2.5,5.0,2.5
60,65,2,9,2.5,11.25,8.75
60,66,3,1,3.75,1.25,-2.5
60,67,6,7,7.5,8.75,1.25
60,68,10,6,12.5,7.5,-5.0
60,69,6,5,7.5,6.25,-1.25
60,70,4,3,5.0,3.75,-1.25
60,71,2,1,2.5,1.25,-1.25
60,72,7,2,8.75,2.5,-6.25
60,73,6,1,7.5,1.25,-6.25
60,74,4,5,5.0,6.25,1.25
60,75,7,1,8.75,1.25,-7.5
60,76,4,5,5.0,6.25,1.25
60,77,2,10,2.5,12.5,10.0
60,78,3,6,3.75,7.5,3.75
60,79,4,2,5.0,2.5,-2.5
60,80,0,5,0.0,6.25,6.25
60,81,4,8,5.0,10.0,5.0
60,82,6,4,7.5,5.0,-2.5
60,83,4,3,5.0,3.75,-1.25
60,84,7,2,8.75,2.5,-6.25
60,85,2,1,2.5,1.25,-1.25
60,86,5,7,6.25,8.75,2.5
60,87,3,2,3.75,2.5,-1.25
60,88,3,4,3.75,5.0,1.25
60,89,3,3,3.75,3.75,0.0
60,90,5,6,6.25,7.5,1.25
60,91,9,2,11.25,2.5,-8.75
60,92,3,3,3.75,3.75,0.0
60,93,3,4,3.75,5.0,1.25
60,94,3,5,3.75,6.25,2.5
60,95,1,3,1.25,3.75,2.5
60,96,2,5,2.5,6.25,3.75
60,97,5,7,6.25,8.75,2.5
60,98,2,6,2.5,7.5,5.0
60,99,2,5,2.5,6.25,3.75
60,100,3,6,3.75,7.5,3.75
60,101,4,2,5.0,2.5,-2.5
60,102,3,3,3.75,3.75,0.0
60,103,3,4,3.75,5.0,1.25
60,104,4,3,5.0,3.75,-1.25
60,105,8,4,10.0,5.0,-5.0
60,106,6,2,7.5,2.5,-5.0
60,107,11,3,13.75,3.75,-10.0
60,108,1,3,1.25,3.75,2.5
60,109,6,0,7.5,0.0,-7.5
60,110,5,1,6.25,1.25,-5.0
60,111,11,5,13.75,6.25,-7.5
60,112,6,3,7.5,3.75,-3.75
60,113,3,5,3.75,6.25,2.5
60,114,2,1,2.5,1.25,-1.25
60,115,10,1,12.5,1.25,-11.25
60,116,0,4,0.0,5.0,5.0
60,117,2,4,2.5,5.0,2.5
60,118,6,2,7.5,2.5,-5.0
60,119,6,7,7.5,8.75,1.25
60,120,3,5,3.75,6.25,2.5
60,121,6,8,7.5,10.0,2.5
60,122,5,4,6.25,5.0,-1.25
60,123,4,3,5.0,3.75,-1.25
60,124,2,5,2.5,6.25,3.75
60,125,4,1,5.0,1.25,-3.75
60,126,3,8,3.75,10.0,6.25
60,127,5,1,6.25,1.25,-5.0
60,128,4,2,5.0,2.5,-2.5
60,129,3,2,3.75,2.5,-1.25
60,130,5,6,6.25,7.5,1.25
60,131,1,2,1.25,2.5,1.25
60,132,3,1,3.75,1.25,-2.5
60,133,13,6,16.25,7.5,-8.75
60,134,5,2,6.25,2.5,-3.75
61,0,1,3,1.25,3.75,2.5
61,1,4,6,5.0,7.5,2.5
61,2,5,8,6.25,10.0,3.75
61,3,4,1,5.0,1.25,-3.75
61,4,7,2,8.75,2.5,-6.25
61,5,6,1,7.5,1.25,-6.25
61,6,7,6,8.75,7.5,-1.25
61,7,2,3,2.5,3.75,1.25
61,8,7,4,8.75,5.0,-3.75
61,9,6,4,7.5,5.0,-2.5
61,10,5,5,6.25,6.25,0.0
61,11,9,6,11.25,7.5,-3.75
61,12,7,2,8.75,2.5,-6.25
61,13,3,1,3.75,1.25,-2.5
61,14,5,5,6.25,6.25,0.0
61,15,5,3,6.25,3.75,-2.5
61,16,4,2,5.0,2.5,-2.5
61,17,3,6,3.75,7.5,3.75
61,18,7,4,8.75,5.0,-3.75
61,19,4,3,5.0,3.75,-1.25
61,20,5,6,6.25,7.5,1.25
61,21,7,5,8.75,6.25,-2.5
61,22,9,6,11.25,7.5,-3.75
61,23,5,2,6.25,2.5,-3.75
61,24,5,2,6.25,2.5,-3.75
61,25,4,4,5.0,5.0,0.0
61,26,4,3,5.0,3.75,-1.25
61,27,5,4,6.25,5.0,-1.25
61,28,6,2,7.5,2.5,-5.0
61,29,6,5,7.5,6.25,-1.25
61,30,12,0,15.0,0.0,-15.0
61,31,4,1,5.0,1.25,-3.75
61,32,5,2,6.25,2.5,-3.75
61,33,6,5,7.5,6.25,-1.25
61,34,8,14,10.0,17.5,7.5
61,35,4,3,5.0,3.75,-1.25
61,36,4,5,5.0,6.25,1.25
61,37,7,6,8.75,7.5,-1.25
61,38,3,1,3.75,1.25,-2.5
61,39,10,1,12.5,1.25,-11.25
61,40,5,1,6.25,1.25,-5.0
61,41,8,4,10.0,5.0,-5.0
61,42,6,2,7.5,2.5,-5.0
61,43,2,1,2.5,1.25,-1.25
61,44,6,2,7.5,2.5,-5.0
61,45,4,4,5.0,5.0,0.0
61,46,7,3,8.75,3.75,-5.0
61,47,5,6,6.25,7.5,1.25
61,48,1,5,1.25,6.25,5.0
61,49,5,5,6.25,6.25,0.0
61,50,6,0,7.5,0.0,-7.5
61,51,5,4,6.25,5.0,-1.25
61,52,7,7,8.75,8.75,0.0
61,53,7,3,8.75,3.75,-5.0
61,54,0,1,0.0,1.25,1.25
61,55,4,0,5.0,0.0,-5.0
61,56,3,0,3.75,0.0,-3.75
61,57,2,4,2.5,5.0,2.5
61,58,4,2,5.0,2.5,-2.5
61,59,4,2,5.0,2.5,-2.5
61,60,4,3,5.0,3.75,-1.25
61,61,1,4,1.25,5.0,3.75
61,62,5,3,6.25,3.75,-2.5
61,63,7,3,8.75,3.75,-5.0
61,64,0,3,0.0,3.75,3.75
61,65,3,5,3.75,6.25,2.5
61,66,5,1,6.25,1.25,-5.0
61,67,5,2,6.25,2.5,-3.75
61,68,2,6,2.5,7.5,5.0
61,69,4,3,5.0,3.75,-1.25
61,70,2,4,2.5,5.0,2.5
61,71,7,2,8.75,2.5,-6.25
61,72,7,0,8.75,0.0,-8.75
61,73,3,3,3.75,3.75,0.0
61,74,5,2,6.25,2.5,-3.75
61,75,5,5,6.25,6.25,0.0
61,76,4,3,5.0,3.75,-1.25
61,77,5,6,6.25,7.5,1.25
61,78,4,2,5.0,2.5,-2.5
61,79,3,8,3.75,10.0,6.25
61,80,7,5,8.75,6.25,-2.5
61,81,4,2,5.0,2.5,-2.5
61,82,4,5,5.0,6.25,1.25
61,83,8,4,10.0,5.0,-5.0
61,84,9,2,11.25,2.5,-8.75
61,85,4,3,5.0,3.75,-1.25
61,86,4,3,5.0,3.75,-1.25
61,87,5,5,6.25,6.25,0.0
61,88,5,5,6.25,6.25,0.0
61,89,6,5,7.5,6.25,-1.25
61,90,8,1,10.0,1.25,-8.75
61,91,4,3,5.0,3.75,-1.25
61,92,3,1,3.75,1.25,-2.5
61,93,10,3,12.5,3.75,-8.75
61,94,3,3,3.75,3.75,0.0
61,95,7,2,8.75,2.5,-6.25
61,96,6,0,7.5,0.0,-7.5
61,97,2,7,2.5,8.75,6.25
61,98,4,1,5.0,1.25,-3.75
61,99,2,3,2.5,3.75,1.25
61,100,3,0,3.75,0.0,-3.75
61,101,3,1,3.75,1.25,-2.5
61,102,5,0,6.25,0.0,-6.25
61,103,4,3,5.0,3.75,-1.25
61,104,1,3,1.25,3.75,2.5
61,105,8,4,10.0,5.0,-5.0
61,106,2,5,2.5,6.25,3.75
61,107,5,1,6.25,1.25,-5.0
61,108,6,1,7.5,1.25,-6.25
61,109,6,2,7.5,2.5,-5.0
61,110,3,3,3.75,3.75,0.0
61,111,6,1,7.5,1.25,-6.25
61,112,3,0,3.75,0.0,-3.75
61,113,2,0,2.5,0.0,-2.5
61,114,6,8,7.5,10.0,2.5
61,115,7,3,8.75,3.75,-5.0
61,116,4,2,5.0,2.5,-2.5
61,117,2,5,2.5,6.25,3.75
61,118,4,1,5.0,1.25,-3.75
61,119,4,5,5.0,6.25,1.25
61,120,1,2,1.25,2.5,1.25
61,121,6,7,7.5,8.75,1.25
61,122,3,1,3.75,1.25,-2.5
61,123,6,2,7.5,2.5,-5.0
61,124,4,1,5.0,1.25,-3.75
61,125,2,3,2.5,3.75,1.25
61,126,6,2,7.5,2.5,-5.0
61,127,1,1,1.25,1.25,0.0
61,128,7,2,8.75,2.5,-6.25
61,129,6,2,7.5,2.5,-5.0
61,130,3,2,3.75,2.5,-1.25
61,131,1,1,1.25,1.25,0.0
61,132,3,3,3.75,3.75,0.0
61,133,4,1,5.0,1.25,-3.75
61,134,5,2,6.25,2.5,-3.75
62,0,0,0,0.0,0.0,0.0
62,1,0,0,0.0,0.0,0.0
62,2,2,3,2.5,3.75,1.25
62,3,2,0,2.5,0.0,-2.5
62,4,0,1,0.0,1.25,1.25
62,5,2,2,2.5,2.5,0.0
62,6,0,1,0.0,1.25,1.25
62,7,6,0,7.5,0.0,-7.5
62,8,2,1,2.5,1.25,-1.25
62,9,1,1,1.25,1.25,0.0
62,10,0,1,0.0,1.25,1.25
62,11,1,1,1.25,1.25,0.0
62,12,3,0,3.75,0.0,-3.75
62,13,9,1,11.25,1.25,-10.0
62,14,8,0,10.0,0.0,-10.0
62,15,0,3,0.0,3.75,3.75
62,16,2,0,2.5,0.0,-2.5
62,17,1,0,1.25,0.0,-1.25
62,18,2,6,2.5,7.5,5.0
62,19,2,2,2.5,2.5,0.0
62,20,0,0,0.0,0.0,0.0
62,21,2,0,2.5,0.0,-2.5
62,22,5,1,6.25,1.25,-5.0
62,23,0,0,0.0,0.0,0.0
62,24,0,0,0.0,0.0,0.0
62,25,1,0,1.25,0.0,-1.25
62,26,1,0,1.25,0.0,-1.25
62,27,1,3,1.25,3.75,2.5
62,28,1,1,1.25,1.25,0.0
62,29,3,2,3.75,2.5,-1.25
62,30,5,0,6.25,0.0,-6.25
62,31,3,0,3.75,0.0,-3.75
62,32,0,1,0.0,1.25,1.25
62,33,0,1,0.0,1.25,1.25
62,34,1,0,1.25,0.0,-1.25
62,35,2,1,2.5,1.25,-1.25
62,36,0,0,0.0,0.0,0.0
62,37,1,1,1.25,1.25,0.0
62,38,0,1,0.0,1.25,1.25
62,39,0,1,0.0,1.25,1.25
62,40,2,2,2.5,2.5,0.0
62,41,3,0,3.75,0.0,-3.75
62,42,0,0,0.0,0.0,0.0
62,43,3,0,3.75,0.0,-3.75
62,44,1,1,1.25,1.25,0.0
62,45,1,5,1.25,6.25,5.0
62,46,2,2,2.5,2.5,0.0
62,47,1,1,1.25,1.25,0.0
62,48,0,0,0.0,0.0,0.0
62,49,1,1,1.25,1.25,0.0
62,50,3,1,3.75,1.25,-2.5
62,51,5,0,6.25,0.0,-6.25
62,52,2,2,2.5,2.5,0.0
62,53,0,0,0.0,0.0,0.0
62,54,0,0,0.0,0.0,0.0
62,55,2,0,2.5,0.0,-2.5
62,56,1,1,1.25,1.25,0.0
62,57,2,0,2.5,0.0,-2.5
62,58,1,1,1.25,1.25,0.0
62,59,1,3,1.25,3.75,2.5
62,60,1,1,1.25,1.25,0.0
62,61,1,2,1.25,2.5,1.25
62,62,0,1,0.0,1.25,1.25
62,63,0,1,0.0,1.25,1.25
62,64,2,2,2.5,2.5,0.0
62,65,0,3,0.0,3.75,3.75
62,66,1,0,1.25,0.0,-1.25
62,67,1,0,1.25,0.0,-1.25
62,68,1,1,1.25,1.25,0.0
62,69,1,1,1.25,1.25,0.0
62,70,1,0,1.25,0.0,-1.25
62,71,0,1,0.0,1.25,1.25
62,72,0,1,0.0,1.25,1.25
62,73,3,2,3.75,2.5,-1.25
62,74,0,2,0.0,2.5,2.5
62,75,0,0,0.0,0.0,0.0
62,76,2,0,2.5,0.0,-2.5
62,77,3,2,3.75,2.5,-1.25
62,78,0,3,0.0,3.75,3.75
62,79,0,1,0.0,1.25,1.25
62,80,1,0,1.25,0.0,-1.25
62,81,1,1,1.25,1.25,0.0
62,82,1,0,1.25,0.0,-1.25
62,83,1,2,1.25,2.5,1.25
62,84,6,0,7.5,0.0,-7.5
62,85,1,1,1.25,1.25,0.0
62,86,0,0,0.0,0.0,0.0
62,87,1,2,1.25,2.5,1.25
62,88,0,0,0.0,0.0,0.0
62,89,0,0,0.0,0.0,0.0
62,90,1,0,1.25,0.0,-1.25
62,91,2,1,2.5,1.25,-1.25
62,92,1,1,1.25,1.25,0.0
62,93,1,5,1.25,6.25,5.0
62,94,0,1,0.0,1.25,1.25
62,95,7,3,8.75,3.75,-5.0
62,96,0,1,0.0,1.25,1.25
62,97,0,2,0.0,2.5,2.5
62,98,2,2,2.5,2.5,0.0
62,99,0,0,0.0,0.0,0.0
62,100,0,0,0.0,0.0,0.0
62,101,2,3,2.5,3.75,1.25
62,102,1,0,1.25,0.0,-1.25
62,103,4,0,5.0,0.0,-5.0
62,104,0,1,0.0,1.25,1.25
62,105,0,0,0.0,0.0,0.0
62,106,7,2,8.75,2.5,-6.25
62,107,3,0,3.75,0.0,-3.75
62,108,3,0,3.75,0.0,-3.75
62,109,2,1,2.5,1.25,-1.25
62,110,1,1,1.25,1.25,0.0
62,111,1,4,1.25,5.0,3.75
62,112,0,2,0.0,2.5,2.5
62,113,3,2,3.75,2.5,-1.25
62,114,0,1,0.0,1.25,1.25
62,115,3,1,3.75,1.25,-2.5
62,116,3,2,3.75,2.5,-1.25
62,117,2,0,2.5,0.0,-2.5
62,118,0,7,0.0,8.75,8.75
62,119,0,1,0.0,1.25,1.25
62,120,1,0,1.25,0.0,-1.25
62,121,3,3,3.75,3.75,0.0
62,122,1,2,1.25,2.5,1.25
62,123,1,3,1.25,3.75,2.5
62,124,4,0,5.0,0.0,-5.0
62,125,0,5,0.0,6.25,6.25
62,126,1,1,1.25,1.25,0.0
62,127,0,0,0.0,0.0,0.0
62,128,1,2,1.25,2.5,1.25
62,129,1,2,1.25,2.5,1.25
62,130,2,1,2.5,1.25,-1.25
62,131,1,0,1.25,0.0,-1.25
62,132,3,1,3.75,1.25,-2.5
62,133,0,0,0.0,0.0,0.0
62,134,6,0,7.5,0.0,-7.5
63,0,1,1,1.25,1.25,0.0
63,1,2,0,2.5,0.0,-2.5
63,2,2,1,2.5,1.25,-1.25
63,3,2,2,2.5,2.5,0.0
63,4,0,0,0.0,0.0,0.0
63,5,0,0,0.0,0.0,0.0
63,6,0,0,0.0,0.0,0.0
63,7,3,0,3.75,0.0,-3.75
63,8,0,0,0.0,0.0,0.0
63,9,2,0,2.5,0.0,-2.5
63,10,0,2,0.0,2.5,2.5
63,11,2,0,2.5,0.0,-2.5
63,12,5,1,6.25,1.25,-5.0
63,13,0,0,0.0,0.0,0.0
63,14,1,0,1.25,0.0,-1.25
63,15,0,0,0.0,0.0,0.0
63,16,2,0,2.5,0.0,-2.5
63,17,2,1,2.5,1.25,-1.25
63,18,1,1,1.25,1.25,0.0
63,19,0,2,0.0,2.5,2.5
63,20,0,1,0.0,1.25,1.25
63,21,3,1,3.75,1.25,-2.5
63,22,0,0,0.0,0.0,0.0
63,23,2,1,2.5,1.25,-1.25
63,24,0,2,0.0,2.5,2.5
63,25,0,0,0.0,0.0,0.0
63,26,1,0,1.25,0.0,-1.25
63,27,0,0,0.0,0.0,0.0
63,28,4,2,5.0,2.5,-2.5
63,29,3,0,3.75,0.0,-3.75
63,30,2,0,2.5,0.0,-2.5
63,31,0,0,0.0,0.0,0.0
63,32,0,0,0.0,0.0,0.0
63,33,0,0,0.0,0.0,0.0
63,34,0,0,0.0,0.0,0.0
63,35,0,0,0.0,0.0,0.0
63,36,0,1,0.0,1.25,1.25
63,37,0,0,0.0,0.0,0.0
63,38,0,0,0.0,0.0,0.0
63,39,1,0,1.25,0.0,-1.25
63,40,0,0,0.0,0.0,0.0
63,41,1,0,1.25,0.0,-1.25
63,42,1,0,1.25,0.0,-1.25
63,43,2,1,2.5,1.25,-1.25
63,44,1,0,1.25,0.0,-1.25
63,45,0,1,0.0,1.25,1.25
63,46,1,0,1.25,0.0,-1.25
63,47,0,0,0.0,0.0,0.0
63,48,0,0,0.0,0.0,0.0
63,49,2,1,2.5,1.25,-1.25
63,50,1,0,1.25,0.0,-1.25
63,51,0,5,0.0,6.25,6.25
63,52,0,0,0.0,0.0,0.0
63,53,2,0,2.5,0.0,-2.5
63,54,0,0,0.0,0.0,0.0
63,55,0,0,0.0,0.0,0.0
63,56,0,0,0.0,0.0,0.0
63,57,0,0,0.0,0.0,0.0
63,58,1,0,1.25,0.0,-1.25
63,59,1,0,1.25,0.0,-1.25
63,60,0,0,0.0,0.0,0.0
63,61,1,1,1.25,1.25,0.0
63,62,1,0,1.25,0.0,-1.25
63,63,0,0,0.0,0.0,0.0
63,64,2,0,2.5,0.0,-2.5
63,65,0,1,0.0,1.25,1.25
63,66,0,0,0.0,0.0,0.0
63,67,3,0,3.75,0.0,-3.75
63,68,0,0,0.0,0.0,0.0
63,69,2,0,2.5,0.0,-2.5
63,70,1,0,1.25,0.0,-1.25
63,71,2,0,2.5,0.0,-2.5
63,72,0,0,0.0,0.0,0.0
63,73,2,0,2.5,0.0,-2.5
63,74,0,0,0.0,0.0,0.0
63,75,1,2,1.25,2.5,1.25
63,76,0,0,0.0,0.0,0.0
63,77,2,1,2.5,1.25,-1.25
63,78,2,0,2.5,0.0,-2.5
63,79,3,0,3.75,0.0,-3.75
63,80,0,1,0.0,1.25,1.25
63,81,0,1,0.0,1.25,1.25
63,82,1,0,1.25,0.0,-1.25
63,83,0,0,0.0,0.0,0.0
63,84,2,0,2.5,0.0,-2.5
63,85,0,0,0.0,0.0,0.0
63,86,0,0,0.0,0.0,0.0
63,87,1,0,1.25,0.0,-1.25
63,88,1,0,1.25,0.0,-1.25
63,89,0,0,0.0,0.0,0.0
63,90,0,2,0.0,2.5,2.5
63,91,0,1,0.0,1.25,1.25
63,92,0,0,0.0,0.0,0.0
63,93,0,2,0.0,2.5,2.5
63,94,0,0,0.0,0.0,0.0
63,95,0,0,0.0,0.0,0.0
63,96,0,0,0.0,0.0,0.0
63,97,0,0,0.0,0.0,0.0
63,98,0,3,0.0,3.75,3.75
63,99,3,0,3.75,0.0,-3.75
63,100,0,0,0.0,0.0,0.0
63,101,0,0,0.0,0.0,0.0
63,102,0,0,0.0,0.0,0.0
63,103,0,0,0.0,0.0,0.0
63,104,0,0,0.0,0.0,0.0
63,105,0,0,0.0,0.0,0.0
63,106,0,3,0.0,3.75,3.75
63,107,0,3,0.0,3.75,3.75
63,108,2,1,2.5,1.25,-1.25
63,109,1,0,1.25,0.0,-1.25
63,110,0,0,0.0,0.0,0.0
63,111,0,0,0.0,0.0,0.0
63,112,0,0,0.0,0.0,0.0
63,113,0,0,0.0,0.0,0.0
63,114,0,0,0.0,0.0,0.0
63,115,0,2,0.0,2.5,2.5
63,116,1,0,1.25,0.0,-1.25
63,117,0,0,0.0,0.0,0.0
63,118,0,0,0.0,0.0,0.0
63,119,0,0,0.0,0.0,0.0
63,120,0,3,0.0,3.75,3.75
63,121,0,0,0.0,0.0,0.0
63,122,0,0,0.0,0.0,0.0
63,123,4,3,5.0,3.75,-1.25
63,124,0,1,0.0,1.25,1.25
63,125,0,2,0.0,2.5,2.5
63,126,0,1,0.0,1.25,1.25
63,127,0,1,0.0,1.25,1.25
63,128,2,0,2.5,0.0,-2.5
63,129,0,0,0.0,0.0,0.0
63,130,0,0,0.0,0.0,0.0
63,131,0,0,0.0,0.0,0.0
63,132,0,0,0.0,0.0,0.0
63,133,3,3,3.75,3.75,0.0
63,134,2,0,2.5,0.0,-2.5
64,0,0,0,0.0,0.0,0.0
64,1,0,0,0.0,0.0,0.0
64,2,0,0,0.0,0.0,0.0
64,3,0,0,0.0,0.0,0.0
64,4,0,0,0.0,0.0,0.0
64,5,0,0,0.0,0.0,0.0
64,6,0,0,0.0,0.0,0.0
64,7,0,0,0.0,0.0,0.0
64,8,0,0,0.0,0.0,0.0
64,9,0,0,0.0,0.0,0.0
64,10,3,0,3.75,0.0,-3.75
64,11,0,0,0.0,0.0,0.0
64,12,0,0,0.0,0.0,0.0
64,13,0,0,0.0,0.0,0.0
64,14,0,0,0.0,0.0,0.0
64,15,2,1,2.5,1.25,-1.25
64,16,1,0,1.25,0.0,-1.25
64,17,0,0,0.0,0.0,0.0
64,18,0,0,0.0,0.0,0.0
64,19,0,0,0.0,0.0,0.0
64,20,0,0,0.0,0.0,0.0
64,21,0,0,0.0,0.0,0.0
64,22,1,0,1.25,0.0,-1.25
64,23,0,0,0.0,0.0,0.0
64,24,0,2,0.0,2.5,2.5
64,25,0,0,0.0,0.0,0.0
64,26,0,0,0.0,0.0,0.0
64,27,0,0,0.0,0.0,0.0
64,28,0,0,0.0,0.0,0.0
64,29,0,0,0.0,0.0,0.0
64,30,0,0,0.0,0.0,0.0
64,31,1,0,1.25,0.0,-1.25
64,32,0,0,0.0,0.0,0.0
64,33,0,0,0.0,0.0,0.0
64,34,0,0,0.0,0.0,0.0
64,35,0,0,0.0,0.0,0.0
64,36,0,0,0.0,0.0,0.0
64,37,0,0,0.0,0.0,0.0
64,38,2,0,2.5,0.0,-2.5
64,39,1,0,1.25,0.0,-1.25
64,40,0,0,0.0,0.0,0.0
64,41,0,0,0.0,0.0,0.0
64,42,0,0,0.0,0.0,0.0
64,43,0,0,0.0,0.0,0.0
64,44,0,0,0.0,0.0,0.0
64,45,0,0,0.0,0.0,0.0
64,46,0,0,0.0,0.0,0.0
64,47,1,0,1.25,0.0,-1.25
64,48,0,0,0.0,0.0,0.0
64,49,0,0,0.0,0.0,0.0
64,50,0,0,0.0,0.0,0.0
64,51,0,0,0.0,0.0,0.0
64,52,0,0,0.0,0.0,0.0
64,53,1,0,1.25,0.0,-1.25
64,54,1,0,1.25,0.0,-1.25
64,55,0,0,0.0,0.0,0.0
64,56,0,0,0.0,0.0,0.0
64,57,0,0,0.0,0.0,0.0
64,58,0,0,0.0,0.0,0.0
64,59,0,0,0.0,0.0,0.0
64,60,0,0,0.0,0.0,0.0
64,61,0,0,0.0,0.0,0.0
64,62,0,0,0.0,0.0,0.0
64,63,0,0,0.0,0.0,0.0
64,64,0,0,0.0,0.0,0.0
64,65,1,0,1.25,0.0,-1.25
64,66,0,0,0.0,0.0,0.0
64,67,0,0,0.0,0.0,0.0
64,68,0,0,0.0,0.0,0.0
64,69,0,0,0.0,0.0,0.0
64,70,0,0,0.0,0.0,0.0
64,71,0,0,0.0,0.0,0.0
64,72,1,0,1.25,0.0,-1.25
64,73,0,0,0.0,0.0,0.0
64,74,0,0,0.0,0.0,0.0
64,75,0,0,0.0,0.0,0.0
64,76,0,0,0.0,0.0,0.0
64,77,0,0,0.0,0.0,0.0
64,78,0,0,0.0,0.0,0.0
64,79,0,0,0.0,0.0,0.0
64,80,0,0,0.0,0.0,0.0
64,81,0,0,0.0,0.0,0.0
64,82,0,0,0.0,0.0,0.0
64,83,2,0,2.5,0.0,-2.5
64,84,0,0,0.0,0.0,0.0
64,85,0,0,0.0,0.0,0.0
64,86,0,0,0.0,0.0,0.0
64,87,0,0,0.0,0.0,0.0
64,88,0,0,0.0,0.0,0.0
64,89,0,0,0.0,0.0,0.0
64,90,0,0,0.0,0.0,0.0
64,91,0,0,0.0,0.0,0.0
64,92,0,0,0.0,0.0,0.0
64,93,0,0,0.0,0.0,0.0
64,94,0,0,0.0,0.0,0.0
64,95,0,0,0.0,0.0,0.0
64,96,0,0,0.0,0.0,0.0
64,97,0,0,0.0,0.0,0.0
64,98,0,0,0.0,0.0,0.0
64,99,0,0,0.0,0.0,0.0
64,100,0,0,0.0,0.0,0.0
64,101,0,0,0.0,0.0,0.0
64,102,0,0,0.0,0.0,0.0
64,103,0,0,0.0,0.0,0.0
64,104,0,0,0.0,0.0,0.0
64,105,0,0,0.0,0.0,0.0
64,106,0,0,0.0,0.0,0.0
64,107,2,0,2.5,0.0,-2.5
64,108,0,0,0.0,0.0,0.0
64,109,0,0,0.0,0.0,0.0
64,110,0,0,0.0,0.0,0.0
64,111,0,0,0.0,0.0,0.0
64,112,0,0,0.0,0.0,0.0
64,113,0,0,0.0,0.0,0.0
64,114,0,0,0.0,0.0,0.0
64,115,0,0,0.0,0.0,0.0
64,116,0,0,0.0,0.0,0.0
64,117,0,0,0.0,0.0,0.0
64,118,0,0,0.0,0.0,0.0
64,119,0,0,0.0,0.0,0.0
64,120,0,0,0.0,0.0,0.0
64,121,0,0,0.0,0.0,0.0
64,122,0,0,0.0,0.0,0.0
64,123,0,0,0.0,0.0,0.0
64,124,0,0,0.0,0.0,0.0
64,125,0,0,0.0,0.0,0.0
64,126,0,0,0.0,0.0,0.0
64,127,0,0,0.0,0.0,0.0
64,128,1,0,1.25,0.0,-1.25
64,129,1,0,1.25,0.0,-1.25
64,130,0,0,0.0,0.0,0.0
64,131,3,0,3.75,0.0,-3.75
64,132,0,0,0.0,0.0,0.0
64,133,0,0,0.0,0.0,0.0
64,134,0,0,0.0,0.0,0.0
