unit_id,trial_id,baseline_count,response_count,baseline_rate_hz,response_rate_hz,rate_difference_hz
0,0,0,0,0.0,0.0,0.0
0,1,0,0,0.0,0.0,0.0
0,2,0,0,0.0,0.0,0.0
0,3,0,0,0.0,0.0,0.0
0,4,0,0,0.0,0.0,0.0
0,5,0,0,0.0,0.0,0.0
0,6,1,0,1.25,0.0,-1.25
0,7,0,0,0.0,0.0,0.0
0,8,0,0,0.0,0.0,0.0
0,9,0,0,0.0,0.0,0.0
0,10,0,0,0.0,0.0,0.0
0,11,0,0,0.0,0.0,0.0
0,12,0,0,0.0,0.0,0.0
0,13,0,0,0.0,0.0,0.0
0,14,0,0,0.0,0.0,0.0
0,15,0,0,0.0,0.0,0.0
0,16,0,0,0.0,0.0,0.0
0,17,0,0,0.0,0.0,0.0
0,18,0,0,0.0,0.0,0.0
0,19,0,0,0.0,0.0,0.0
0,20,1,0,1.25,0.0,-1.25
0,21,0,0,0.0,0.0,0.0
0,22,0,0,0.0,0.0,0.0
0,23,0,0,0.0,0.0,0.0
0,24,0,0,0.0,0.0,0.0
0,25,0,0,0.0,0.0,0.0
0,26,0,0,0.0,0.0,0.0
0,27,0,0,0.0,0.0,0.0
0,28,0,0,0.0,0.0,0.0
0,29,0,1,0.0,1.25,1.25
0,30,0,0,0.0,0.0,0.0
0,31,0,0,0.0,0.0,0.0
0,32,0,0,0.0,0.0,0.0
0,33,1,0,1.25,0.0,-1.25
0,34,0,0,0.0,0.0,0.0
0,35,0,0,0.0,0.0,0.0
0,36,0,0,0.0,0.0,0.0
0,37,0,0,0.0,0.0,0.0
0,38,0,0,0.0,0.0,0.0
0,39,0,0,0.0,0.0,0.0
0,40,0,0,0.0,0.0,0.0
0,41,0,0,0.0,0.0,0.0
0,42,0,1,0.0,1.25,1.25
0,43,0,0,0.0,0.0,0.0
0,44,0,0,0.0,0.0,0.0
0,45,1,0,1.25,0.0,-1.25
0,46,0,1,0.0,1.25,1.25
0,47,0,0,0.0,0.0,0.0
0,48,0,0,0.0,0.0,0.0
0,49,0,0,0.0,0.0,0.0
0,50,0,0,0.0,0.0,0.0
0,51,0,1,0.0,1.25,1.25
0,52,0,0,0.0,0.0,0.0
0,53,0,0,0.0,0.0,0.0
0,54,0,0,0.0,0.0,0.0
0,55,0,0,0.0,0.0,0.0
0,56,0,0,0.0,0.0,0.0
0,57,0,0,0.0,0.0,0.0
0,58,1,0,1.25,0.0,-1.25
0,59,0,0,0.0,0.0,0.0
0,60,0,0,0.0,0.0,0.0
0,61,0,0,0.0,0.0,0.0
0,62,0,0,0.0,0.0,0.0
0,63,0,0,0.0,0.0,0.0
0,64,0,0,0.0,0.0,0.0
0,65,0,0,0.0,0.0,0.0
0,66,0,0,0.0,0.0,0.0
0,67,0,0,0.0,0.0,0.0
0,68,1,1,1.25,1.25,0.0
0,69,1,0,1.25,0.0,-1.25
0,70,1,0,1.25,0.0,-1.25
0,71,0,0,0.0,0.0,0.0
0,72,0,0,0.0,0.0,0.0
0,73,2,0,2.5,0.0,-2.5
0,74,0,1,0.0,1.25,1.25
0,75,0,0,0.0,0.0,0.0
0,76,0,0,0.0,0.0,0.0
0,77,0,0,0.0,0.0,0.0
0,78,0,1,0.0,1.25,1.25
0,79,1,0,1.25,0.0,-1.25
0,80,0,0,0.0,0.0,0.0
0,81,0,0,0.0,0.0,0.0
0,82,1,0,1.25,0.0,-1.25
0,83,1,0,1.25,0.0,-1.25
0,84,1,0,1.25,0.0,-1.25
0,85,0,0,0.0,0.0,0.0
0,86,0,1,0.0,1.25,1.25
0,87,0,0,0.0,0.0,0.0
0,88,0,0,0.0,0.0,0.0
0,89,0,0,0.0,0.0,0.0
0,90,0,0,0.0,0.0,0.0
0,91,1,0,1.25,0.0,-1.25
0,92,0,0,0.0,0.0,0.0
0,93,0,0,0.0,0.0,0.0
0,94,0,0,0.0,0.0,0.0
0,95,0,0,0.0,0.0,0.0
0,96,0,1,0.0,1.25,1.25
0,97,1,1,1.25,1.25,0.0
0,98,0,0,0.0,0.0,0.0
0,99,0,0,0.0,0.0,0.0
0,100,0,0,0.0,0.0,0.0
0,101,0,0,0.0,0.0,0.0
0,102,0,0,0.0,0.0,0.0
0,103,0,1,0.0,1.25,1.25
0,104,0,0,0.0,0.0,0.0
0,105,1,0,1.25,0.0,-1.25
0,106,0,0,0.0,0.0,0.0
0,107,0,0,0.0,0.0,0.0
1,0,20,14,25.0,17.5,-7.5
1,1,36,12,45.0,15.0,-30.0
1,2,23,6,28.75,7.5,-21.25
1,3,30,18,37.5,22.5,-15.0
1,4,34,11,42.5,13.75,-28.75
1,5,13,14,16.25,17.5,1.25
1,6,29,17,36.25,21.25,-15.0
1,7,30,15,37.5,18.75,-18.75
1,8,30,13,37.5,16.25,-21.25
1,9,20,21,25.0,26.25,1.25
1,10,21,11,26.25,13.75,-12.5
1,11,25,7,31.25,8.75,-22.5
1,12,34,19,42.5,23.75,-18.75
1,13,40,28,50.0,35.0,-15.0
1,14,25,13,31.25,16.25,-15.0
1,15,34,21,42.5,26.25,-16.25
1,16,35,11,43.75,13.75,-30.0
1,17,34,9,42.5,11.25,-31.25
1,18,22,16,27.5,20.0,-7.5
1,19,29,22,36.25,27.5,-8.75
1,20,22,23,27.5,28.75,1.25
1,21,26,15,32.5,18.75,-13.75
1,22,24,12,30.0,15.0,-15.0
1,23,23,17,28.75,21.25,-7.5
1,24,19,13,23.75,16.25,-7.5
1,25,27,17,33.75,21.25,-12.5
1,26,39,20,48.75,25.0,-23.75
1,27,17,9,21.25,11.25,-10.0
1,28,21,6,26.25,7.5,-18.75
1,29,21,11,26.25,13.75,-12.5
1,30,20,11,25.0,13.75,-11.25
1,31,32,15,40.0,18.75,-21.25
1,32,35,25,43.75,31.25,-12.5
1,33,27,12,33.75,15.0,-18.75
1,34,26,12,32.5,15.0,-17.5
1,35,27,10,33.75,12.5,-21.25
1,36,30,26,37.5,32.5,-5.0
1,37,26,13,32.5,16.25,-16.25
1,38,16,13,20.0,16.25,-3.75
1,39,21,11,26.25,13.75,-12.5
1,40,31,18,38.75,22.5,-16.25
1,41,31,22,38.75,27.5,-11.25
1,42,29,16,36.25,20.0,-16.25
1,43,24,17,30.0,21.25,-8.75
1,44,17,16,21.25,20.0,-1.25
1,45,23,22,28.75,27.5,-1.25
1,46,30,17,37.5,21.25,-16.25
1,47,23,18,28.75,22.5,-6.25
1,48,21,13,26.25,16.25,-10.0
1,49,27,16,33.75,20.0,-13.75
1,50,14,16,17.5,20.0,2.5
1,51,31,16,38.75,20.0,-18.75
1,52,21,22,26.25,27.5,1.25
1,53,21,9,26.25,11.25,-15.0
1,54,22,19,27.5,23.75,-3.75
1,55,24,8,30.0,10.0,-20.0
1,56,27,9,33.75,11.25,-22.5
1,57,28,24,35.0,30.0,-5.0
1,58,24,21,30.0,26.25,-3.75
1,59,15,16,18.75,20.0,1.25
1,60,30,15,37.5,18.75,-18.75
1,61,17,9,21.25,11.25,-10.0
1,62,16,15,20.0,18.75,-1.25
1,63,27,10,33.75,12.5,-21.25
1,64,33,19,41.25,23.75,-17.5
1,65,21,9,26.25,11.25,-15.0
1,66,19,22,23.75,27.5,3.75
1,67,22,16,27.5,20.0,-7.5
1,68,23,19,28.75,23.75,-5.0
1,69,26,21,32.5,26.25,-6.25
1,70,12,12,15.0,15.0,0.0
1,71,22,8,27.5,10.0,-17.5
1,72,18,13,22.5,16.25,-6.25
1,73,23,17,28.75,21.25,-7.5
1,74,27,16,33.75,20.0,-13.75
1,75,27,15,33.75,18.75,-15.0
1,76,28,18,35.0,22.5,-12.5
1,77,13,12,16.25,15.0,-1.25
1,78,23,12,28.75,15.0,-13.75
1,79,25,15,31.25,18.75,-12.5
1,80,18,13,22.5,16.25,-6.25
1,81,27,21,33.75,26.25,-7.5
1,82,14,20,17.5,25.0,7.5
1,83,37,10,46.25,12.5,-33.75
1,84,25,8,31.25,10.0,-21.25
1,85,12,13,15.0,16.25,1.25
1,86,20,17,25.0,21.25,-3.75
1,87,21,14,26.25,17.5,-8.75
1,88,23,19,28.75,23.75,-5.0
1,89,25,18,31.25,22.5,-8.75
1,90,17,22,21.25,27.5,6.25
1,91,19,8,23.75,10.0,-13.75
1,92,16,15,20.0,18.75,-1.25
1,93,24,13,30.0,16.25,-13.75
1,94,18,15,22.5,18.75,-3.75
1,95,19,14,23.75,17.5,-6.25
1,96,21,23,26.25,28.75,2.5
1,97,23,18,28.75,22.5,-6.25
1,98,8,16,10.0,20.0,10.0
1,99,16,19,20.0,23.75,3.75
1,100,8,20,10.0,25.0,15.0
1,101,18,18,22.5,22.5,0.0
1,102,21,12,26.25,15.0,-11.25
1,103,19,14,23.75,17.5,-6.25
1,104,25,9,31.25,11.25,-20.0
1,105,13,17,16.25,21.25,5.0
1,106,16,16,20.0,20.0,0.0
1,107,24,19,30.0,23.75,-6.25
2,0,12,15,15.0,18.75,3.75
2,1,18,19,22.5,23.75,1.25
2,2,18,21,22.5,26.25,3.75
2,3,19,17,23.75,21.25,-2.5
2,4,16,21,20.0,26.25,6.25
2,5,6,17,7.5,21.25,13.75
2,6,23,15,28.75,18.75,-10.0
2,7,18,12,22.5,15.0,-7.5
2,8,15,21,18.75,26.25,7.5
2,9,15,16,18.75,20.0,1.25
2,10,20,15,25.0,18.75,-6.25
2,11,19,29,23.75,36.25,12.5
2,12,26,18,32.5,22.5,-10.0
2,13,14,17,17.5,21.25,3.75
2,14,12,30,15.0,37.5,22.5
2,15,21,22,26.25,27.5,1.25
2,16,13,25,16.25,31.25,15.0
2,17,19,20,23.75,25.0,1.25
2,18,15,24,18.75,30.0,11.25
2,19,16,14,20.0,17.5,-2.5
2,20,13,14,16.25,17.5,1.25
2,21,11,18,13.75,22.5,8.75
2,22,23,23,28.75,28.75,0.0
2,23,8,19,10.0,23.75,13.75
2,24,28,13,35.0,16.25,-18.75
2,25,31,27,38.75,33.75,-5.0
2,26,17,15,21.25,18.75,-2.5
2,27,19,21,23.75,26.25,2.5
2,28,18,16,22.5,20.0,-2.5
2,29,18,19,22.5,23.75,1.25
2,30,17,20,21.25,25.0,3.75
2,31,14,23,17.5,28.75,11.25
2,32,12,15,15.0,18.75,3.75
2,33,13,14,16.25,17.5,1.25
2,34,15,22,18.75,27.5,8.75
2,35,8,11,10.0,13.75,3.75
2,36,12,15,15.0,18.75,3.75
2,37,13,16,16.25,20.0,3.75
2,38,14,22,17.5,27.5,10.0
2,39,21,26,26.25,32.5,6.25
2,40,21,19,26.25,23.75,-2.5
2,41,12,17,15.0,21.25,6.25
2,42,10,14,12.5,17.5,5.0
2,43,16,20,20.0,25.0,5.0
2,44,14,18,17.5,22.5,5.0
2,45,17,10,21.25,12.5,-8.75
2,46,9,14,11.25,17.5,6.25
2,47,20,14,25.0,17.5,-7.5
2,48,23,19,28.75,23.75,-5.0
2,49,23,22,28.75,27.5,-1.25
2,50,23,20,28.75,25.0,-3.75
2,51,15,19,18.75,23.75,5.0
2,52,14,15,17.5,18.75,1.25
2,53,11,16,13.75,20.0,6.25
2,54,19,19,23.75,23.75,0.0
2,55,8,17,10.0,21.25,11.25
2,56,12,11,15.0,13.75,-1.25
2,57,14,18,17.5,22.5,5.0
2,58,9,15,11.25,18.75,7.5
2,59,18,16,22.5,20.0,-2.5
2,60,15,19,18.75,23.75,5.0
2,61,18,23,22.5,28.75,6.25
2,62,23,29,28.75,36.25,7.5
2,63,17,23,21.25,28.75,7.5
2,64,19,19,23.75,23.75,0.0
2,65,20,27,25.0,33.75,8.75
2,66,21,19,26.25,23.75,-2.5
2,67,17,14,21.25,17.5,-3.75
2,68,15,13,18.75,16.25,-2.5
2,69,14,21,17.5,26.25,8.75
2,70,16,10,20.0,12.5,-7.5
2,71,19,20,23.75,25.0,1.25
2,72,27,22,33.75,27.5,-6.25
2,73,17,24,21.25,30.0,8.75
2,74,18,18,22.5,22.5,0.0
2,75,19,13,23.75,16.25,-7.5
2,76,17,28,21.25,35.0,13.75
2,77,16,28,20.0,35.0,15.0
2,78,17,17,21.25,21.25,0.0
2,79,23,22,28.75,27.5,-1.25
2,80,17,16,21.25,20.0,-1.25
2,81,19,16,23.75,20.0,-3.75
2,82,16,22,20.0,27.5,7.5
2,83,16,19,20.0,23.75,3.75
2,84,16,22,20.0,27.5,7.5
2,85,15,28,18.75,35.0,16.25
2,86,16,14,20.0,17.5,-2.5
2,87,21,18,26.25,22.5,-3.75
2,88,26,22,32.5,27.5,-5.0
2,89,21,21,26.25,26.25,0.0
2,90,23,26,28.75,32.5,3.75
2,91,23,22,28.75,27.5,-1.25
2,92,17,23,21.25,28.75,7.5
2,93,14,31,17.5,38.75,21.25
2,94,25,19,31.25,23.75,-7.5
2,95,26,26,32.5,32.5,0.0
2,96,13,25,16.25,31.25,15.0
2,97,15,22,18.75,27.5,8.75
2,98,18,26,22.5,32.5,10.0
2,99,26,26,32.5,32.5,0.0
2,100,23,17,28.75,21.25,-7.5
2,101,13,27,16.25,33.75,17.5
2,102,17,23,21.25,28.75,7.5
2,103,19,20,23.75,25.0,1.25
2,104,17,11,21.25,13.75,-7.5
2,105,17,20,21.25,25.0,3.75
2,106,14,21,17.5,26.25,8.75
2,107,25,22,31.25,27.5,-3.75
3,0,0,0,0.0,0.0,0.0
3,1,0,0,0.0,0.0,0.0
3,2,0,0,0.0,0.0,0.0
3,3,0,0,0.0,0.0,0.0
3,4,0,0,0.0,0.0,0.0
3,5,0,0,0.0,0.0,0.0
3,6,1,1,1.25,1.25,0.0
3,7,1,0,1.25,0.0,-1.25
3,8,1,2,1.25,2.5,1.25
3,9,0,2,0.0,2.5,2.5
3,10,0,2,0.0,2.5,2.5
3,11,1,1,1.25,1.25,0.0
3,12,0,1,0.0,1.25,1.25
3,13,1,3,1.25,3.75,2.5
3,14,2,0,2.5,0.0,-2.5
3,15,1,0,1.25,0.0,-1.25
3,16,2,0,2.5,0.0,-2.5
3,17,3,4,3.75,5.0,1.25
3,18,2,1,2.5,1.25,-1.25
3,19,0,1,0.0,1.25,1.25
3,20,3,0,3.75,0.0,-3.75
3,21,0,0,0.0,0.0,0.0
3,22,0,1,0.0,1.25,1.25
3,23,1,1,1.25,1.25,0.0
3,24,0,0,0.0,0.0,0.0
3,25,0,1,0.0,1.25,1.25
3,26,1,0,1.25,0.0,-1.25
3,27,1,1,1.25,1.25,0.0
3,28,1,1,1.25,1.25,0.0
3,29,2,0,2.5,0.0,-2.5
3,30,1,1,1.25,1.25,0.0
3,31,0,3,0.0,3.75,3.75
3,32,0,2,0.0,2.5,2.5
3,33,0,1,0.0,1.25,1.25
3,34,2,0,2.5,0.0,-2.5
3,35,1,1,1.25,1.25,0.0
3,36,3,0,3.75,0.0,-3.75
3,37,2,0,2.5,0.0,-2.5
3,38,1,3,1.25,3.75,2.5
3,39,1,0,1.25,0.0,-1.25
3,40,0,3,0.0,3.75,3.75
3,41,2,1,2.5,1.25,-1.25
3,42,1,2,1.25,2.5,1.25
3,43,2,5,2.5,6.25,3.75
3,44,1,1,1.25,1.25,0.0
3,45,1,3,1.25,3.75,2.5
3,46,2,2,2.5,2.5,0.0
3,47,0,2,0.0,2.5,2.5
3,48,0,0,0.0,0.0,0.0
3,49,1,4,1.25,5.0,3.75
3,50,1,3,1.25,3.75,2.5
3,51,0,1,0.0,1.25,1.25
3,52,0,0,0.0,0.0,0.0
3,53,0,0,0.0,0.0,0.0
3,54,3,0,3.75,0.0,-3.75
3,55,1,0,1.25,0.0,-1.25
3,56,1,0,1.25,0.0,-1.25
3,57,2,0,2.5,0.0,-2.5
3,58,0,5,0.0,6.25,6.25
3,59,1,1,1.25,1.25,0.0
3,60,2,0,2.5,0.0,-2.5
3,61,2,1,2.5,1.25,-1.25
3,62,1,1,1.25,1.25,0.0
3,63,0,1,0.0,1.25,1.25
3,64,1,1,1.25,1.25,0.0
3,65,2,3,2.5,3.75,1.25
3,66,3,1,3.75,1.25,-2.5
3,67,0,2,0.0,2.5,2.5
3,68,1,0,1.25,0.0,-1.25
3,69,0,2,0.0,2.5,2.5
3,70,1,2,1.25,2.5,1.25
3,71,0,1,0.0,1.25,1.25
3,72,0,0,0.0,0.0,0.0
3,73,2,0,2.5,0.0,-2.5
3,74,1,2,1.25,2.5,1.25
3,75,0,1,0.0,1.25,1.25
3,76,1,2,1.25,2.5,1.25
3,77,1,1,1.25,1.25,0.0
3,78,0,0,0.0,0.0,0.0
3,79,1,3,1.25,3.75,2.5
3,80,1,2,1.25,2.5,1.25
3,81,1,1,1.25,1.25,0.0
3,82,3,0,3.75,0.0,-3.75
3,83,2,0,2.5,0.0,-2.5
3,84,0,1,0.0,1.25,1.25
3,85,0,0,0.0,0.0,0.0
3,86,0,1,0.0,1.25,1.25
3,87,1,0,1.25,0.0,-1.25
3,88,1,0,1.25,0.0,-1.25
3,89,0,1,0.0,1.25,1.25
3,90,2,1,2.5,1.25,-1.25
3,91,1,0,1.25,0.0,-1.25
3,92,0,0,0.0,0.0,0.0
3,93,4,3,5.0,3.75,-1.25
3,94,3,0,3.75,0.0,-3.75
3,95,1,0,1.25,0.0,-1.25
3,96,0,2,0.0,2.5,2.5
3,97,3,2,3.75,2.5,-1.25
3,98,0,1,0.0,1.25,1.25
3,99,2,0,2.5,0.0,-2.5
3,100,0,0,0.0,0.0,0.0
3,101,0,1,0.0,1.25,1.25
3,102,2,0,2.5,0.0,-2.5
3,103,4,0,5.0,0.0,-5.0
3,104,2,0,2.5,0.0,-2.5
3,105,1,4,1.25,5.0,3.75
3,106,0,0,0.0,0.0,0.0
3,107,1,0,1.25,0.0,-1.25
4,0,2,0,2.5,0.0,-2.5
4,1,0,1,0.0,1.25,1.25
4,2,1,2,1.25,2.5,1.25
4,3,3,3,3.75,3.75,0.0
4,4,0,2,0.0,2.5,2.5
4,5,0,2,0.0,2.5,2.5
4,6,1,3,1.25,3.75,2.5
4,7,2,1,2.5,1.25,-1.25
4,8,0,1,0.0,1.25,1.25
4,9,2,7,2.5,8.75,6.25
4,10,4,0,5.0,0.0,-5.0
4,11,1,3,1.25,3.75,2.5
4,12,1,2,1.25,2.5,1.25
4,13,2,3,2.5,3.75,1.25
4,14,3,3,3.75,3.75,0.0
4,15,2,0,2.5,0.0,-2.5
4,16,1,1,1.25,1.25,0.0
4,17,0,5,0.0,6.25,6.25
4,18,3,2,3.75,2.5,-1.25
4,19,1,1,1.25,1.25,0.0
4,20,2,3,2.5,3.75,1.25
4,21,1,4,1.25,5.0,3.75
4,22,1,4,1.25,5.0,3.75
4,23,0,0,0.0,0.0,0.0
4,24,1,3,1.25,3.75,2.5
4,25,1,2,1.25,2.5,1.25
4,26,1,3,1.25,3.75,2.5
4,27,3,3,3.75,3.75,0.0
4,28,1,1,1.25,1.25,0.0
4,29,2,4,2.5,5.0,2.5
4,30,1,1,1.25,1.25,0.0
4,31,2,2,2.5,2.5,0.0
4,32,0,4,0.0,5.0,5.0
4,33,5,1,6.25,1.25,-5.0
4,34,1,2,1.25,2.5,1.25
4,35,1,3,1.25,3.75,2.5
4,36,1,3,1.25,3.75,2.5
4,37,0,1,0.0,1.25,1.25
4,38,2,2,2.5,2.5,0.0
4,39,2,2,2.5,2.5,0.0
4,40,2,6,2.5,7.5,5.0
4,41,2,0,2.5,0.0,-2.5
4,42,2,5,2.5,6.25,3.75
4,43,1,4,1.25,5.0,3.75
4,44,2,2,2.5,2.5,0.0
4,45,1,3,1.25,3.75,2.5
4,46,3,1,3.75,1.25,-2.5
4,47,3,0,3.75,0.0,-3.75
4,48,1,0,1.25,0.0,-1.25
4,49,1,0,1.25,0.0,-1.25
4,50,0,1,0.0,1.25,1.25
4,51,1,0,1.25,0.0,-1.25
4,52,2,0,2.5,0.0,-2.5
4,53,1,3,1.25,3.75,2.5
4,54,1,1,1.25,1.25,0.0
4,55,0,0,0.0,0.0,0.0
4,56,1,2,1.25,2.5,1.25
4,57,1,1,1.25,1.25,0.0
4,58,0,1,0.0,1.25,1.25
4,59,0,1,0.0,1.25,1.25
4,60,3,1,3.75,1.25,-2.5
4,61,2,2,2.5,2.5,0.0
4,62,1,1,1.25,1.25,0.0
4,63,5,1,6.25,1.25,-5.0
4,64,1,3,1.25,3.75,2.5
4,65,0,0,0.0,0.0,0.0
4,66,1,0,1.25,0.0,-1.25
4,67,4,5,5.0,6.25,1.25
4,68,0,3,0.0,3.75,3.75
4,69,1,3,1.25,3.75,2.5
4,70,2,3,2.5,3.75,1.25
4,71,5,2,6.25,2.5,-3.75
4,72,0,2,0.0,2.5,2.5
4,73,6,1,7.5,1.25,-6.25
4,74,1,5,1.25,6.25,5.0
4,75,2,3,2.5,3.75,1.25
4,76,1,1,1.25,1.25,0.0
4,77,2,2,2.5,2.5,0.0
4,78,4,1,5.0,1.25,-3.75
4,79,2,4,2.5,5.0,2.5
4,80,1,2,1.25,2.5,1.25
4,81,0,1,0.0,1.25,1.25
4,82,5,0,6.25,0.0,-6.25
4,83,2,3,2.5,3.75,1.25
4,84,1,0,1.25,0.0,-1.25
4,85,1,1,1.25,1.25,0.0
4,86,0,2,0.0,2.5,2.5
4,87,1,1,1.25,1.25,0.0
4,88,1,1,1.25,1.25,0.0
4,89,0,3,0.0,3.75,3.75
4,90,0,2,0.0,2.5,2.5
4,91,3,3,3.75,3.75,0.0
4,92,0,2,0.0,2.5,2.5
4,93,2,3,2.5,3.75,1.25
4,94,1,1,1.25,1.25,0.0
4,95,2,2,2.5,2.5,0.0
4,96,4,3,5.0,3.75,-1.25
4,97,2,1,2.5,1.25,-1.25
4,98,4,2,5.0,2.5,-2.5
4,99,1,1,1.25,1.25,0.0
4,100,1,2,1.25,2.5,1.25
4,101,4,2,5.0,2.5,-2.5
4,102,0,1,0.0,1.25,1.25
4,103,1,1,1.25,1.25,0.0
4,104,1,1,1.25,1.25,0.0
4,105,3,2,3.75,2.5,-1.25
4,106,0,1,0.0,1.25,1.25
4,107,1,0,1.25,0.0,-1.25
5,0,1,0,1.25,0.0,-1.25
5,1,2,1,2.5,1.25,-1.25
5,2,4,2,5.0,2.5,-2.5
5,3,3,1,3.75,1.25,-2.5
5,4,2,1,2.5,1.25,-1.25
5,5,1,4,1.25,5.0,3.75
5,6,2,1,2.5,1.25,-1.25
5,7,3,1,3.75,1.25,-2.5
5,8,1,1,1.25,1.25,0.0
5,9,2,1,2.5,1.25,-1.25
5,10,5,2,6.25,2.5,-3.75
5,11,3,5,3.75,6.25,2.5
5,12,9,6,11.25,7.5,-3.75
5,13,1,4,1.25,5.0,3.75
5,14,1,0,1.25,0.0,-1.25
5,15,1,3,1.25,3.75,2.5
5,16,3,1,3.75,1.25,-2.5
5,17,2,1,2.5,1.25,-1.25
5,18,2,1,2.5,1.25,-1.25
5,19,0,3,0.0,3.75,3.75
5,20,2,1,2.5,1.25,-1.25
5,21,6,0,7.5,0.0,-7.5
5,22,1,2,1.25,2.5,1.25
5,23,1,4,1.25,5.0,3.75
5,24,4,4,5.0,5.0,0.0
5,25,3,5,3.75,6.25,2.5
5,26,2,0,2.5,0.0,-2.5
5,27,0,3,0.0,3.75,3.75
5,28,2,4,2.5,5.0,2.5
5,29,4,3,5.0,3.75,-1.25
5,30,2,2,2.5,2.5,0.0
5,31,1,2,1.25,2.5,1.25
5,32,6,2,7.5,2.5,-5.0
5,33,5,2,6.25,2.5,-3.75
5,34,4,3,5.0,3.75,-1.25
5,35,2,1,2.5,1.25,-1.25
5,36,1,1,1.25,1.25,0.0
5,37,2,0,2.5,0.0,-2.5
5,38,1,2,1.25,2.5,1.25
5,39,1,0,1.25,0.0,-1.25
5,40,2,3,2.5,3.75,1.25
5,41,0,2,0.0,2.5,2.5
5,42,2,2,2.5,2.5,0.0
5,43,2,2,2.5,2.5,0.0
5,44,2,2,2.5,2.5,0.0
5,45,2,1,2.5,1.25,-1.25
5,46,2,0,2.5,0.0,-2.5
5,47,1,0,1.25,0.0,-1.25
5,48,3,3,3.75,3.75,0.0
5,49,1,2,1.25,2.5,1.25
5,50,2,4,2.5,5.0,2.5
5,51,3,0,3.75,0.0,-3.75
5,52,0,3,0.0,3.75,3.75
5,53,0,0,0.0,0.0,0.0
5,54,1,0,1.25,0.0,-1.25
5,55,2,1,2.5,1.25,-1.25
5,56,2,0,2.5,0.0,-2.5
5,57,3,2,3.75,2.5,-1.25
5,58,4,2,5.0,2.5,-2.5
5,59,3,1,3.75,1.25,-2.5
5,60,0,0,0.0,0.0,0.0
5,61,0,2,0.0,2.5,2.5
5,62,3,4,3.75,5.0,1.25
5,63,4,0,5.0,0.0,-5.0
5,64,4,1,5.0,1.25,-3.75
5,65,2,1,2.5,1.25,-1.25
5,66,1,4,1.25,5.0,3.75
5,67,0,4,0.0,5.0,5.0
5,68,4,1,5.0,1.25,-3.75
5,69,1,1,1.25,1.25,0.0
5,70,0,1,0.0,1.25,1.25
5,71,3,1,3.75,1.25,-2.5
5,72,2,2,2.5,2.5,0.0
5,73,2,0,2.5,0.0,-2.5
5,74,1,1,1.25,1.25,0.0
5,75,2,2,2.5,2.5,0.0
5,76,2,2,2.5,2.5,0.0
5,77,1,1,1.25,1.25,0.0
5,78,2,3,2.5,3.75,1.25
5,79,0,1,0.0,1.25,1.25
5,80,3,4,3.75,5.0,1.25
5,81,1,5,1.25,6.25,5.0
5,82,2,0,2.5,0.0,-2.5
5,83,3,2,3.75,2.5,-1.25
5,84,1,1,1.25,1.25,0.0
5,85,0,2,0.0,2.5,2.5
5,86,4,2,5.0,2.5,-2.5
5,87,1,3,1.25,3.75,2.5
5,88,2,4,2.5,5.0,2.5
5,89,1,2,1.25,2.5,1.25
5,90,3,1,3.75,1.25,-2.5
5,91,2,2,2.5,2.5,0.0
5,92,0,2,0.0,2.5,2.5
5,93,3,1,3.75,1.25,-2.5
5,94,1,3,1.25,3.75,2.5
5,95,1,4,1.25,5.0,3.75
5,96,4,3,5.0,3.75,-1.25
5,97,4,4,5.0,5.0,0.0
5,98,2,2,2.5,2.5,0.0
5,99,2,5,2.5,6.25,3.75
5,100,3,2,3.75,2.5,-1.25
5,101,1,1,1.25,1.25,0.0
5,102,1,0,1.25,0.0,-1.25
5,103,2,3,2.5,3.75,1.25
5,104,3,3,3.75,3.75,0.0
5,105,3,2,3.75,2.5,-1.25
5,106,1,1,1.25,1.25,0.0
5,107,0,1,0.0,1.25,1.25
6,0,2,6,2.5,7.5,5.0
6,1,4,6,5.0,7.5,2.5
6,2,14,8,17.5,10.0,-7.5
6,3,12,5,15.0,6.25,-8.75
6,4,9,7,11.25,8.75,-2.5
6,5,7,6,8.75,7.5,-1.25
6,6,4,7,5.0,8.75,3.75
6,7,3,4,3.75,5.0,1.25
6,8,12,11,15.0,13.75,-1.25
6,9,8,6,10.0,7.5,-2.5
6,10,6,6,7.5,7.5,0.0
6,11,7,4,8.75,5.0,-3.75
6,12,8,4,10.0,5.0,-5.0
6,13,7,8,8.75,10.0,1.25
6,14,3,8,3.75,10.0,6.25
6,15,3,7,3.75,8.75,5.0
6,16,8,8,10.0,10.0,0.0
6,17,6,7,7.5,8.75,1.25
6,18,5,5,6.25,6.25,0.0
6,19,2,1,2.5,1.25,-1.25
6,20,4,6,5.0,7.5,2.5
6,21,4,4,5.0,5.0,0.0
6,22,6,4,7.5,5.0,-2.5
6,23,6,5,7.5,6.25,-1.25
6,24,4,4,5.0,5.0,0.0
6,25,8,6,10.0,7.5,-2.5
6,26,7,11,8.75,13.75,5.0
6,27,8,8,10.0,10.0,0.0
6,28,6,10,7.5,12.5,5.0
6,29,6,6,7.5,7.5,0.0
6,30,2,7,2.5,8.75,6.25
6,31,5,2,6.25,2.5,-3.75
6,32,3,8,3.75,10.0,6.25
6,33,3,9,3.75,11.25,7.5
6,34,3,10,3.75,12.5,8.75
6,35,5,7,6.25,8.75,2.5
6,36,7,11,8.75,13.75,5.0
6,37,5,1,6.25,1.25,-5.0
6,38,7,11,8.75,13.75,5.0
6,39,9,8,11.25,10.0,-1.25
6,40,11,3,13.75,3.75,-10.0
6,41,6,2,7.5,2.5,-5.0
6,42,2,8,2.5,10.0,7.5
6,43,7,10,8.75,12.5,3.75
6,44,10,11,12.5,13.75,1.25
6,45,3,7,3.75,8.75,5.0
6,46,2,5,2.5,6.25,3.75
6,47,5,5,6.25,6.25,0.0
6,48,10,7,12.5,8.75,-3.75
6,49,8,7,10.0,8.75,-1.25
6,50,5,7,6.25,8.75,2.5
6,51,7,5,8.75,6.25,-2.5
6,52,8,11,10.0,13.75,3.75
6,53,6,7,7.5,8.75,1.25
6,54,10,5,12.5,6.25,-6.25
6,55,2,5,2.5,6.25,3.75
6,56,4,10,5.0,12.5,7.5
6,57,7,8,8.75,10.0,1.25
6,58,12,16,15.0,20.0,5.0
6,59,8,6,10.0,7.5,-2.5
6,60,4,8,5.0,10.0,5.0
6,61,10,13,12.5,16.25,3.75
6,62,8,3,10.0,3.75,-6.25
6,63,11,8,13.75,10.0,-3.75
6,64,5,3,6.25,3.75,-2.5
6,65,9,2,11.25,2.5,-8.75
6,66,7,8,8.75,10.0,1.25
6,67,3,9,3.75,11.25,7.5
6,68,5,11,6.25,13.75,7.5
6,69,3,6,3.75,7.5,3.75
6,70,27,21,33.75,26.25,-7.5
6,71,4,19,5.0,23.75,18.75
6,72,11,6,13.75,7.5,-6.25
6,73,5,7,6.25,8.75,2.5
6,74,5,5,6.25,6.25,0.0
6,75,5,2,6.25,2.5,-3.75
6,76,8,9,10.0,11.25,1.25
6,77,7,2,8.75,2.5,-6.25
6,78,4,6,5.0,7.5,2.5
6,79,4,4,5.0,5.0,0.0
6,80,11,5,13.75,6.25,-7.5
6,81,8,5,10.0,6.25,-3.75
6,82,9,7,11.25,8.75,-2.5
6,83,5,11,6.25,13.75,7.5
6,84,4,15,5.0,18.75,13.75
6,85,6,8,7.5,10.0,2.5
6,86,1,7,1.25,8.75,7.5
6,87,5,1,6.25,1.25,-5.0
6,88,3,6,3.75,7.5,3.75
6,89,3,6,3.75,7.5,3.75
6,90,7,6,8.75,7.5,-1.25
6,91,4,2,5.0,2.5,-2.5
6,92,1,5,1.25,6.25,5.0
6,93,7,8,8.75,10.0,1.25
6,94,4,8,5.0,10.0,5.0
6,95,8,3,10.0,3.75,-6.25
6,96,10,7,12.5,8.75,-3.75
6,97,11,11,13.75,13.75,0.0
6,98,5,8,6.25,10.0,3.75
6,99,8,2,10.0,2.5,-7.5
6,100,6,3,7.5,3.75,-3.75
6,101,8,7,10.0,8.75,-1.25
6,102,6,1,7.5,1.25,-6.25
6,103,6,5,7.5,6.25,-1.25
6,104,3,7,3.75,8.75,5.0
6,105,11,3,13.75,3.75,-10.0
6,106,5,6,6.25,7.5,1.25
6,107,2,5,2.5,6.25,3.75
7,0,0,0,0.0,0.0,0.0
7,1,0,1,0.0,1.25,1.25
7,2,0,0,0.0,0.0,0.0
7,3,2,0,2.5,0.0,-2.5
7,4,0,0,0.0,0.0,0.0
7,5,0,0,0.0,0.0,0.0
7,6,0,0,0.0,0.0,0.0
7,7,0,0,0.0,0.0,0.0
7,8,0,0,0.0,0.0,0.0
7,9,0,0,0.0,0.0,0.0
7,10,0,0,0.0,0.0,0.0
7,11,0,0,0.0,0.0,0.0
7,12,0,1,0.0,1.25,1.25
7,13,2,1,2.5,1.25,-1.25
7,14,2,1,2.5,1.25,-1.25
7,15,0,1,0.0,1.25,1.25
7,16,0,0,0.0,0.0,0.0
7,17,0,0,0.0,0.0,0.0
7,18,1,0,1.25,0.0,-1.25
7,19,1,0,1.25,0.0,-1.25
7,20,0,1,0.0,1.25,1.25
7,21,0,1,0.0,1.25,1.25
7,22,0,1,0.0,1.25,1.25
7,23,1,0,1.25,0.0,-1.25
7,24,0,3,0.0,3.75,3.75
7,25,2,1,2.5,1.25,-1.25
7,26,1,1,1.25,1.25,0.0
7,27,2,1,2.5,1.25,-1.25
7,28,0,1,0.0,1.25,1.25
7,29,0,0,0.0,0.0,0.0
7,30,1,0,1.25,0.0,-1.25
7,31,0,0,0.0,0.0,0.0
7,32,1,1,1.25,1.25,0.0
7,33,0,0,0.0,0.0,0.0
7,34,0,0,0.0,0.0,0.0
7,35,0,0,0.0,0.0,0.0
7,36,2,0,2.5,0.0,-2.5
7,37,1,0,1.25,0.0,-1.25
7,38,1,5,1.25,6.25,5.0
7,39,0,0,0.0,0.0,0.0
7,40,0,2,0.0,2.5,2.5
7,41,1,1,1.25,1.25,0.0
7,42,0,0,0.0,0.0,0.0
7,43,1,1,1.25,1.25,0.0
7,44,0,2,0.0,2.5,2.5
7,45,0,0,0.0,0.0,0.0
7,46,0,3,0.0,3.75,3.75
7,47,1,0,1.25,0.0,-1.25
7,48,1,0,1.25,0.0,-1.25
7,49,1,0,1.25,0.0,-1.25
7,50,0,0,0.0,0.0,0.0
7,51,1,0,1.25,0.0,-1.25
7,52,0,0,0.0,0.0,0.0
7,53,0,0,0.0,0.0,0.0
7,54,1,0,1.25,0.0,-1.25
7,55,2,0,2.5,0.0,-2.5
7,56,0,0,0.0,0.0,0.0
7,57,5,1,6.25,1.25,-5.0
7,58,0,1,0.0,1.25,1.25
7,59,2,0,2.5,0.0,-2.5
7,60,3,2,3.75,2.5,-1.25
7,61,0,2,0.0,2.5,2.5
7,62,0,1,0.0,1.25,1.25
7,63,1,0,1.25,0.0,-1.25
7,64,0,0,0.0,0.0,0.0
7,65,0,0,0.0,0.0,0.0
7,66,1,0,1.25,0.0,-1.25
7,67,0,2,0.0,2.5,2.5
7,68,0,0,0.0,0.0,0.0
7,69,0,0,0.0,0.0,0.0
7,70,0,0,0.0,0.0,0.0
7,71,0,2,0.0,2.5,2.5
7,72,0,0,0.0,0.0,0.0
7,73,3,0,3.75,0.0,-3.75
7,74,0,0,0.0,0.0,0.0
7,75,0,0,0.0,0.0,0.0
7,76,0,0,0.0,0.0,0.0
7,77,0,1,0.0,1.25,1.25
7,78,0,2,0.0,2.5,2.5
7,79,0,1,0.0,1.25,1.25
7,80,2,0,2.5,0.0,-2.5
7,81,1,0,1.25,0.0,-1.25
7,82,0,0,0.0,0.0,0.0
7,83,0,1,0.0,1.25,1.25
7,84,0,1,0.0,1.25,1.25
7,85,0,3,0.0,3.75,3.75
7,86,0,0,0.0,0.0,0.0
7,87,0,2,0.0,2.5,2.5
7,88,0,0,0.0,0.0,0.0
7,89,0,0,0.0,0.0,0.0
7,90,0,0,0.0,0.0,0.0
7,91,0,1,0.0,1.25,1.25
7,92,0,0,0.0,0.0,0.0
7,93,0,2,0.0,2.5,2.5
7,94,0,0,0.0,0.0,0.0
7,95,2,0,2.5,0.0,-2.5
7,96,0,1,0.0,1.25,1.25
7,97,3,2,3.75,2.5,-1.25
7,98,2,1,2.5,1.25,-1.25
7,99,1,5,1.25,6.25,5.0
7,100,0,0,0.0,0.0,0.0
7,101,4,2,5.0,2.5,-2.5
7,102,0,3,0.0,3.75,3.75
7,103,1,1,1.25,1.25,0.0
7,104,0,3,0.0,3.75,3.75
7,105,0,1,0.0,1.25,1.25
7,106,3,1,3.75,1.25,-2.5
7,107,1,0,1.25,0.0,-1.25
8,0,10,3,12.5,3.75,-8.75
8,1,4,6,5.0,7.5,2.5
8,2,4,4,5.0,5.0,0.0
8,3,9,4,11.25,5.0,-6.25
8,4,8,5,10.0,6.25,-3.75
8,5,4,6,5.0,7.5,2.5
8,6,3,6,3.75,7.5,3.75
8,7,7,5,8.75,6.25,-2.5
8,8,5,7,6.25,8.75,2.5
8,9,8,6,10.0,7.5,-2.5
8,10,4,10,5.0,12.5,7.5
8,11,4,2,5.0,2.5,-2.5
8,12,0,5,0.0,6.25,6.25
8,13,4,0,5.0,0.0,-5.0
8,14,1,6,1.25,7.5,6.25
8,15,3,8,3.75,10.0,6.25
8,16,5,3,6.25,3.75,-2.5
8,17,2,3,2.5,3.75,1.25
8,18,5,6,6.25,7.5,1.25
8,19,3,5,3.75,6.25,2.5
8,20,4,6,5.0,7.5,2.5
8,21,6,5,7.5,6.25,-1.25
8,22,10,4,12.5,5.0,-7.5
8,23,9,1,11.25,1.25,-10.0
8,24,3,4,3.75,5.0,1.25
8,25,6,9,7.5,11.25,3.75
8,26,5,3,6.25,3.75,-2.5
8,27,7,5,8.75,6.25,-2.5
8,28,6,7,7.5,8.75,1.25
8,29,7,2,8.75,2.5,-6.25
8,30,5,6,6.25,7.5,1.25
8,31,2,3,2.5,3.75,1.25
8,32,2,3,2.5,3.75,1.25
8,33,4,4,5.0,5.0,0.0
8,34,5,2,6.25,2.5,-3.75
8,35,5,2,6.25,2.5,-3.75
8,36,4,2,5.0,2.5,-2.5
8,37,2,5,2.5,6.25,3.75
8,38,6,4,7.5,5.0,-2.5
8,39,5,2,6.25,2.5,-3.75
8,40,2,9,2.5,11.25,8.75
8,41,2,5,2.5,6.25,3.75
8,42,2,2,2.5,2.5,0.0
8,43,3,5,3.75,6.25,2.5
8,44,4,2,5.0,2.5,-2.5
8,45,6,5,7.5,6.25,-1.25
8,46,6,6,7.5,7.5,0.0
8,47,2,6,2.5,7.5,5.0
8,48,5,2,6.25,2.5,-3.75
8,49,1,5,1.25,6.25,5.0
8,50,1,3,1.25,3.75,2.5
8,51,2,2,2.5,2.5,0.0
8,52,3,3,3.75,3.75,0.0
8,53,3,4,3.75,5.0,1.25
8,54,4,3,5.0,3.75,-1.25
8,55,5,2,6.25,2.5,-3.75
8,56,2,7,2.5,8.75,6.25
8,57,4,8,5.0,10.0,5.0
8,58,7,1,8.75,1.25,-7.5
8,59,6,1,7.5,1.25,-6.25
8,60,10,9,12.5,11.25,-1.25
8,61,3,10,3.75,12.5,8.75
8,62,2,7,2.5,8.75,6.25
8,63,4,4,5.0,5.0,0.0
8,64,3,10,3.75,12.5,8.75
8,65,5,10,6.25,12.5,6.25
8,66,2,4,2.5,5.0,2.5
8,67,1,2,1.25,2.5,1.25
8,68,1,3,1.25,3.75,2.5
8,69,1,1,1.25,1.25,0.0
8,70,1,8,1.25,10.0,8.75
8,71,5,5,6.25,6.25,0.0
8,72,3,7,3.75,8.75,5.0
8,73,8,1,10.0,1.25,-8.75
8,74,9,8,11.25,10.0,-1.25
8,75,2,3,2.5,3.75,1.25
8,76,3,5,3.75,6.25,2.5
8,77,4,4,5.0,5.0,0.0
8,78,2,3,2.5,3.75,1.25
8,79,3,9,3.75,11.25,7.5
8,80,5,4,6.25,5.0,-1.25
8,81,8,10,10.0,12.5,2.5
8,82,1,1,1.25,1.25,0.0
8,83,3,4,3.75,5.0,1.25
8,84,5,6,6.25,7.5,1.25
8,85,5,6,6.25,7.5,1.25
8,86,8,4,10.0,5.0,-5.0
8,87,3,4,3.75,5.0,1.25
8,88,6,4,7.5,5.0,-2.5
8,89,4,2,5.0,2.5,-2.5
8,90,3,6,3.75,7.5,3.75
8,91,11,5,13.75,6.25,-7.5
8,92,4,2,5.0,2.5,-2.5
8,93,10,6,12.5,7.5,-5.0
8,94,8,5,10.0,6.25,-3.75
8,95,3,2,3.75,2.5,-1.25
8,96,4,6,5.0,7.5,2.5
8,97,5,8,6.25,10.0,3.75
8,98,7,5,8.75,6.25,-2.5
8,99,6,3,7.5,3.75,-3.75
8,100,2,3,2.5,3.75,1.25
8,101,7,2,8.75,2.5,-6.25
8,102,3,6,3.75,7.5,3.75
8,103,4,1,5.0,1.25,-3.75
8,104,1,3,1.25,3.75,2.5
8,105,3,3,3.75,3.75,0.0
8,106,4,2,5.0,2.5,-2.5
8,107,2,3,2.5,3.75,1.25
9,0,3,0,3.75,0.0,-3.75
9,1,2,2,2.5,2.5,0.0
9,2,4,3,5.0,3.75,-1.25
9,3,3,1,3.75,1.25,-2.5
9,4,2,6,2.5,7.5,5.0
9,5,6,2,7.5,2.5,-5.0
9,6,1,1,1.25,1.25,0.0
9,7,2,2,2.5,2.5,0.0
9,8,1,1,1.25,1.25,0.0
9,9,2,4,2.5,5.0,2.5
9,10,3,2,3.75,2.5,-1.25
9,11,5,1,6.25,1.25,-5.0
9,12,7,6,8.75,7.5,-1.25
9,13,5,6,6.25,7.5,1.25
9,14,4,3,5.0,3.75,-1.25
9,15,3,8,3.75,10.0,6.25
9,16,6,1,7.5,1.25,-6.25
9,17,5,7,6.25,8.75,2.5
9,18,6,6,7.5,7.5,0.0
9,19,2,4,2.5,5.0,2.5
9,20,5,7,6.25,8.75,2.5
9,21,3,9,3.75,11.25,7.5
9,22,3,4,3.75,5.0,1.25
9,23,3,6,3.75,7.5,3.75
9,24,6,9,7.5,11.25,3.75
9,25,7,6,8.75,7.5,-1.25
9,26,7,4,8.75,5.0,-3.75
9,27,13,10,16.25,12.5,-3.75
9,28,7,2,8.75,2.5,-6.25
9,29,2,6,2.5,7.5,5.0
9,30,7,5,8.75,6.25,-2.5
9,31,4,9,5.0,11.25,6.25
9,32,7,2,8.75,2.5,-6.25
9,33,12,4,15.0,5.0,-10.0
9,34,13,6,16.25,7.5,-8.75
9,35,5,6,6.25,7.5,1.25
9,36,11,3,13.75,3.75,-10.0
9,37,6,5,7.5,6.25,-1.25
9,38,10,7,12.5,8.75,-3.75
9,39,6,8,7.5,10.0,2.5
9,40,4,6,5.0,7.5,2.5
9,41,7,8,8.75,10.0,1.25
9,42,6,4,7.5,5.0,-2.5
9,43,8,7,10.0,8.75,-1.25
9,44,6,8,7.5,10.0,2.5
9,45,5,3,6.25,3.75,-2.5
9,46,8,2,10.0,2.5,-7.5
9,47,5,4,6.25,5.0,-1.25
9,48,4,6,5.0,7.5,2.5
9,49,8,11,10.0,13.75,3.75
9,50,8,8,10.0,10.0,0.0
9,51,7,4,8.75,5.0,-3.75
9,52,5,5,6.25,6.25,0.0
9,53,2,6,2.5,7.5,5.0
9,54,9,6,11.25,7.5,-3.75
9,55,4,5,5.0,6.25,1.25
9,56,9,10,11.25,12.5,1.25
9,57,6,5,7.5,6.25,-1.25
9,58,8,4,10.0,5.0,-5.0
9,59,7,8,8.75,10.0,1.25
9,60,6,10,7.5,12.5,5.0
9,61,6,14,7.5,17.5,10.0
9,62,6,5,7.5,6.25,-1.25
9,63,6,7,7.5,8.75,1.25
9,64,6,5,7.5,6.25,-1.25
9,65,3,10,3.75,12.5,8.75
9,66,9,2,11.25,2.5,-8.75
9,67,7,7,8.75,8.75,0.0
9,68,6,5,7.5,6.25,-1.25
9,69,4,6,5.0,7.5,2.5
9,70,9,10,11.25,12.5,1.25
9,71,9,6,11.25,7.5,-3.75
9,72,7,6,8.75,7.5,-1.25
9,73,2,7,2.5,8.75,6.25
9,74,5,5,6.25,6.25,0.0
9,75,7,5,8.75,6.25,-2.5
9,76,8,4,10.0,5.0,-5.0
9,77,5,8,6.25,10.0,3.75
9,78,9,7,11.25,8.75,-2.5
9,79,11,3,13.75,3.75,-10.0
9,80,12,1,15.0,1.25,-13.75
9,81,8,5,10.0,6.25,-3.75
9,82,6,6,7.5,7.5,0.0
9,83,7,4,8.75,5.0,-3.75
9,84,7,10,8.75,12.5,3.75
9,85,9,5,11.25,6.25,-5.0
9,86,12,11,15.0,13.75,-1.25
9,87,10,7,12.5,8.75,-3.75
9,88,14,6,17.5,7.5,-10.0
9,89,5,11,6.25,13.75,7.5
9,90,9,3,11.25,3.75,-7.5
9,91,9,5,11.25,6.25,-5.0
9,92,8,8,10.0,10.0,0.0
9,93,2,6,2.5,7.5,5.0
9,94,11,1,13.75,1.25,-12.5
9,95,6,8,7.5,10.0,2.5
9,96,7,7,8.75,8.75,0.0
9,97,14,10,17.5,12.5,-5.0
9,98,8,7,10.0,8.75,-1.25
9,99,9,12,11.25,15.0,3.75
9,100,14,4,17.5,5.0,-12.5
9,101,12,11,15.0,13.75,-1.25
9,102,7,3,8.75,3.75,-5.0
9,103,6,7,7.5,8.75,1.25
9,104,7,3,8.75,3.75,-5.0
9,105,9,6,11.25,7.5,-3.75
9,106,13,8,16.25,10.0,-6.25
9,107,7,3,8.75,3.75,-5.0
10,0,10,15,12.5,18.75,6.25
10,1,13,11,16.25,13.75,-2.5
10,2,12,12,15.0,15.0,0.0
10,3,19,19,23.75,23.75,0.0
10,4,11,13,13.75,16.25,2.5
10,5,9,13,11.25,16.25,5.0
10,6,16,7,20.0,8.75,-11.25
10,7,14,7,17.5,8.75,-8.75
10,8,10,12,12.5,15.0,2.5
10,9,9,6,11.25,7.5,-3.75
10,10,12,15,15.0,18.75,3.75
10,11,7,2,8.75,2.5,-6.25
10,12,11,7,13.75,8.75,-5.0
10,13,3,3,3.75,3.75,0.0
10,14,1,3,1.25,3.75,2.5
10,15,4,7,5.0,8.75,3.75
10,16,8,4,10.0,5.0,-5.0
10,17,2,4,2.5,5.0,2.5
10,18,3,5,3.75,6.25,2.5
10,19,3,1,3.75,1.25,-2.5
10,20,1,4,1.25,5.0,3.75
10,21,10,6,12.5,7.5,-5.0
10,22,4,7,5.0,8.75,3.75
10,23,6,4,7.5,5.0,-2.5
10,24,4,6,5.0,7.5,2.5
10,25,2,7,2.5,8.75,6.25
10,26,3,1,3.75,1.25,-2.5
10,27,11,19,13.75,23.75,10.0
10,28,2,4,2.5,5.0,2.5
10,29,4,3,5.0,3.75,-1.25
10,30,5,13,6.25,16.25,10.0
10,31,9,2,11.25,2.5,-8.75
10,32,3,11,3.75,13.75,10.0
10,33,12,4,15.0,5.0,-10.0
10,34,2,7,2.5,8.75,6.25
10,35,1,4,1.25,5.0,3.75
10,36,7,14,8.75,17.5,8.75
10,37,3,3,3.75,3.75,0.0
10,38,13,9,16.25,11.25,-5.0
10,39,8,4,10.0,5.0,-5.0
10,40,5,6,6.25,7.5,1.25
10,41,1,4,1.25,5.0,3.75
10,42,4,1,5.0,1.25,-3.75
10,43,3,4,3.75,5.0,1.25
10,44,1,3,1.25,3.75,2.5
10,45,4,6,5.0,7.5,2.5
10,46,4,3,5.0,3.75,-1.25
10,47,4,3,5.0,3.75,-1.25
10,48,8,3,10.0,3.75,-6.25
10,49,2,4,2.5,5.0,2.5
10,50,4,6,5.0,7.5,2.5
10,51,3,6,3.75,7.5,3.75
10,52,3,3,3.75,3.75,0.0
10,53,2,3,2.5,3.75,1.25
10,54,6,4,7.5,5.0,-2.5
10,55,2,4,2.5,5.0,2.5
10,56,7,5,8.75,6.25,-2.5
10,57,5,3,6.25,3.75,-2.5
10,58,6,2,7.5,2.5,-5.0
10,59,5,4,6.25,5.0,-1.25
10,60,2,8,2.5,10.0,7.5
10,61,3,6,3.75,7.5,3.75
10,62,5,6,6.25,7.5,1.25
10,63,5,6,6.25,7.5,1.25
10,64,0,6,0.0,7.5,7.5
10,65,5,3,6.25,3.75,-2.5
10,66,2,3,2.5,3.75,1.25
10,67,9,6,11.25,7.5,-3.75
10,68,7,3,8.75,3.75,-5.0
10,69,4,2,5.0,2.5,-2.5
10,70,2,6,2.5,7.5,5.0
10,71,1,3,1.25,3.75,2.5
10,72,2,4,2.5,5.0,2.5
10,73,5,2,6.25,2.5,-3.75
10,74,2,2,2.5,2.5,0.0
10,75,1,0,1.25,0.0,-1.25
10,76,1,5,1.25,6.25,5.0
10,77,4,5,5.0,6.25,1.25
10,78,1,2,1.25,2.5,1.25
10,79,1,6,1.25,7.5,6.25
10,80,3,1,3.75,1.25,-2.5
10,81,4,7,5.0,8.75,3.75
10,82,3,3,3.75,3.75,0.0
10,83,2,2,2.5,2.5,0.0
10,84,1,8,1.25,10.0,8.75
10,85,3,2,3.75,2.5,-1.25
10,86,2,4,2.5,5.0,2.5
10,87,3,1,3.75,1.25,-2.5
10,88,7,3,8.75,3.75,-5.0
10,89,3,8,3.75,10.0,6.25
10,90,5,5,6.25,6.25,0.0
10,91,4,2,5.0,2.5,-2.5
10,92,0,3,0.0,3.75,3.75
10,93,1,4,1.25,5.0,3.75
10,94,3,4,3.75,5.0,1.25
10,95,2,5,2.5,6.25,3.75
10,96,3,4,3.75,5.0,1.25
10,97,5,6,6.25,7.5,1.25
10,98,1,2,1.25,2.5,1.25
10,99,4,3,5.0,3.75,-1.25
10,100,1,6,1.25,7.5,6.25
10,101,6,4,7.5,5.0,-2.5
10,102,5,7,6.25,8.75,2.5
10,103,7,8,8.75,10.0,1.25
10,104,3,2,3.75,2.5,-1.25
10,105,6,5,7.5,6.25,-1.25
10,106,2,6,2.5,7.5,5.0
10,107,0,3,0.0,3.75,3.75
11,0,0,0,0.0,0.0,0.0
11,1,0,1,0.0,1.25,1.25
11,2,1,0,1.25,0.0,-1.25
11,3,0,0,0.0,0.0,0.0
11,4,1,0,1.25,0.0,-1.25
11,5,0,0,0.0,0.0,0.0
11,6,0,0,0.0,0.0,0.0
11,7,1,0,1.25,0.0,-1.25
11,8,0,1,0.0,1.25,1.25
11,9,1,0,1.25,0.0,-1.25
11,10,1,0,1.25,0.0,-1.25
11,11,0,0,0.0,0.0,0.0
11,12,0,0,0.0,0.0,0.0
11,13,0,0,0.0,0.0,0.0
11,14,1,0,1.25,0.0,-1.25
11,15,0,0,0.0,0.0,0.0
11,16,1,1,1.25,1.25,0.0
11,17,1,0,1.25,0.0,-1.25
11,18,1,0,1.25,0.0,-1.25
11,19,0,0,0.0,0.0,0.0
11,20,0,0,0.0,0.0,0.0
11,21,0,0,0.0,0.0,0.0
11,22,1,1,1.25,1.25,0.0
11,23,2,0,2.5,0.0,-2.5
11,24,0,0,0.0,0.0,0.0
11,25,0,0,0.0,0.0,0.0
11,26,1,1,1.25,1.25,0.0
11,27,1,1,1.25,1.25,0.0
11,28,1,0,1.25,0.0,-1.25
11,29,0,0,0.0,0.0,0.0
11,30,0,0,0.0,0.0,0.0
11,31,0,0,0.0,0.0,0.0
11,32,1,0,1.25,0.0,-1.25
11,33,0,0,0.0,0.0,0.0
11,34,0,1,0.0,1.25,1.25
11,35,0,0,0.0,0.0,0.0
11,36,1,0,1.25,0.0,-1.25
11,37,0,1,0.0,1.25,1.25
11,38,0,0,0.0,0.0,0.0
11,39,1,1,1.25,1.25,0.0
11,40,0,0,0.0,0.0,0.0
11,41,0,0,0.0,0.0,0.0
11,42,1,0,1.25,0.0,-1.25
11,43,0,0,0.0,0.0,0.0
11,44,0,2,0.0,2.5,2.5
11,45,0,0,0.0,0.0,0.0
11,46,0,0,0.0,0.0,0.0
11,47,0,1,0.0,1.25,1.25
11,48,0,0,0.0,0.0,0.0
11,49,0,0,0.0,0.0,0.0
11,50,0,1,0.0,1.25,1.25
11,51,0,0,0.0,0.0,0.0
11,52,1,0,1.25,0.0,-1.25
11,53,1,0,1.25,0.0,-1.25
11,54,0,1,0.0,1.25,1.25
11,55,0,0,0.0,0.0,0.0
11,56,0,0,0.0,0.0,0.0
11,57,1,1,1.25,1.25,0.0
11,58,0,0,0.0,0.0,0.0
11,59,0,0,0.0,0.0,0.0
11,60,0,0,0.0,0.0,0.0
11,61,0,0,0.0,0.0,0.0
11,62,0,1,0.0,1.25,1.25
11,63,1,0,1.25,0.0,-1.25
11,64,2,0,2.5,0.0,-2.5
11,65,1,0,1.25,0.0,-1.25
11,66,0,0,0.0,0.0,0.0
11,67,0,2,0.0,2.5,2.5
11,68,0,1,0.0,1.25,1.25
11,69,0,0,0.0,0.0,0.0
11,70,1,1,1.25,1.25,0.0
11,71,0,0,0.0,0.0,0.0
11,72,0,1,0.0,1.25,1.25
11,73,2,0,2.5,0.0,-2.5
11,74,0,0,0.0,0.0,0.0
11,75,1,0,1.25,0.0,-1.25
11,76,0,0,0.0,0.0,0.0
11,77,0,0,0.0,0.0,0.0
11,78,0,0,0.0,0.0,0.0
11,79,0,1,0.0,1.25,1.25
11,80,0,0,0.0,0.0,0.0
11,81,2,0,2.5,0.0,-2.5
11,82,0,1,0.0,1.25,1.25
11,83,0,0,0.0,0.0,0.0
11,84,0,0,0.0,0.0,0.0
11,85,2,1,2.5,1.25,-1.25
11,86,0,0,0.0,0.0,0.0
11,87,0,1,0.0,1.25,1.25
11,88,0,0,0.0,0.0,0.0
11,89,0,0,0.0,0.0,0.0
11,90,0,2,0.0,2.5,2.5
11,91,0,0,0.0,0.0,0.0
11,92,0,0,0.0,0.0,0.0
11,93,0,0,0.0,0.0,0.0
11,94,0,0,0.0,0.0,0.0
11,95,0,0,0.0,0.0,0.0
11,96,0,0,0.0,0.0,0.0
11,97,0,0,0.0,0.0,0.0
11,98,0,0,0.0,0.0,0.0
11,99,0,0,0.0,0.0,0.0
11,100,0,0,0.0,0.0,0.0
11,101,2,0,2.5,0.0,-2.5
11,102,0,0,0.0,0.0,0.0
11,103,0,1,0.0,1.25,1.25
11,104,1,0,1.25,0.0,-1.25
11,105,0,0,0.0,0.0,0.0
11,106,1,0,1.25,0.0,-1.25
11,107,0,0,0.0,0.0,0.0
12,0,0,0,0.0,0.0,0.0
12,1,1,0,1.25,0.0,-1.25
12,2,1,0,1.25,0.0,-1.25
12,3,0,0,0.0,0.0,0.0
12,4,1,0,1.25,0.0,-1.25
12,5,0,0,0.0,0.0,0.0
12,6,0,0,0.0,0.0,0.0
12,7,0,1,0.0,1.25,1.25
12,8,0,0,0.0,0.0,0.0
12,9,0,2,0.0,2.5,2.5
12,10,0,0,0.0,0.0,0.0
12,11,0,1,0.0,1.25,1.25
12,12,0,2,0.0,2.5,2.5
12,13,0,0,0.0,0.0,0.0
12,14,2,1,2.5,1.25,-1.25
12,15,1,0,1.25,0.0,-1.25
12,16,0,0,0.0,0.0,0.0
12,17,2,1,2.5,1.25,-1.25
12,18,0,0,0.0,0.0,0.0
12,19,2,0,2.5,0.0,-2.5
12,20,0,0,0.0,0.0,0.0
12,21,1,0,1.25,0.0,-1.25
12,22,1,0,1.25,0.0,-1.25
12,23,2,1,2.5,1.25,-1.25
12,24,1,0,1.25,0.0,-1.25
12,25,0,1,0.0,1.25,1.25
12,26,0,0,0.0,0.0,0.0
12,27,3,0,3.75,0.0,-3.75
12,28,1,0,1.25,0.0,-1.25
12,29,0,3,0.0,3.75,3.75
12,30,0,1,0.0,1.25,1.25
12,31,1,0,1.25,0.0,-1.25
12,32,0,0,0.0,0.0,0.0
12,33,0,0,0.0,0.0,0.0
12,34,1,1,1.25,1.25,0.0
12,35,0,1,0.0,1.25,1.25
12,36,0,1,0.0,1.25,1.25
12,37,0,0,0.0,0.0,0.0
12,38,1,0,1.25,0.0,-1.25
12,39,1,0,1.25,0.0,-1.25
12,40,0,3,0.0,3.75,3.75
12,41,2,0,2.5,0.0,-2.5
12,42,0,1,0.0,1.25,1.25
12,43,0,2,0.0,2.5,2.5
12,44,2,1,2.5,1.25,-1.25
12,45,0,2,0.0,2.5,2.5
12,46,0,1,0.0,1.25,1.25
12,47,0,0,0.0,0.0,0.0
12,48,0,0,0.0,0.0,0.0
12,49,0,0,0.0,0.0,0.0
12,50,0,1,0.0,1.25,1.25
12,51,1,0,1.25,0.0,-1.25
12,52,1,0,1.25,0.0,-1.25
12,53,0,0,0.0,0.0,0.0
12,54,0,0,0.0,0.0,0.0
12,55,0,1,0.0,1.25,1.25
12,56,1,0,1.25,0.0,-1.25
12,57,0,0,0.0,0.0,0.0
12,58,0,3,0.0,3.75,3.75
12,59,0,1,0.0,1.25,1.25
12,60,1,2,1.25,2.5,1.25
12,61,1,0,1.25,0.0,-1.25
12,62,3,0,3.75,0.0,-3.75
12,63,0,3,0.0,3.75,3.75
12,64,2,0,2.5,0.0,-2.5
12,65,1,0,1.25,0.0,-1.25
12,66,1,1,1.25,1.25,0.0
12,67,0,1,0.0,1.25,1.25
12,68,0,1,0.0,1.25,1.25
12,69,0,0,0.0,0.0,0.0
12,70,2,1,2.5,1.25,-1.25
12,71,0,2,0.0,2.5,2.5
12,72,3,0,3.75,0.0,-3.75
12,73,1,2,1.25,2.5,1.25
12,74,3,0,3.75,0.0,-3.75
12,75,2,1,2.5,1.25,-1.25
12,76,0,2,0.0,2.5,2.5
12,77,0,1,0.0,1.25,1.25
12,78,0,0,0.0,0.0,0.0
12,79,1,0,1.25,0.0,-1.25
12,80,0,1,0.0,1.25,1.25
12,81,0,1,0.0,1.25,1.25
12,82,1,2,1.25,2.5,1.25
12,83,0,0,0.0,0.0,0.0
12,84,1,1,1.25,1.25,0.0
12,85,1,1,1.25,1.25,0.0
12,86,0,1,0.0,1.25,1.25
12,87,1,2,1.25,2.5,1.25
12,88,1,2,1.25,2.5,1.25
12,89,0,0,0.0,0.0,0.0
12,90,1,0,1.25,0.0,-1.25
12,91,3,0,3.75,0.0,-3.75
12,92,0,0,0.0,0.0,0.0
12,93,0,0,0.0,0.0,0.0
12,94,0,1,0.0,1.25,1.25
12,95,1,0,1.25,0.0,-1.25
12,96,1,0,1.25,0.0,-1.25
12,97,0,0,0.0,0.0,0.0
12,98,0,2,0.0,2.5,2.5
12,99,0,3,0.0,3.75,3.75
12,100,0,1,0.0,1.25,1.25
12,101,1,0,1.25,0.0,-1.25
12,102,2,0,2.5,0.0,-2.5
12,103,0,0,0.0,0.0,0.0
12,104,0,0,0.0,0.0,0.0
12,105,1,2,1.25,2.5,1.25
12,106,1,0,1.25,0.0,-1.25
12,107,0,0,0.0,0.0,0.0
13,0,1,1,1.25,1.25,0.0
13,1,0,1,0.0,1.25,1.25
13,2,0,1,0.0,1.25,1.25
13,3,0,1,0.0,1.25,1.25
13,4,0,0,0.0,0.0,0.0
13,5,0,0,0.0,0.0,0.0
13,6,0,0,0.0,0.0,0.0
13,7,0,0,0.0,0.0,0.0
13,8,0,2,0.0,2.5,2.5
13,9,0,1,0.0,1.25,1.25
13,10,0,0,0.0,0.0,0.0
13,11,1,0,1.25,0.0,-1.25
13,12,0,0,0.0,0.0,0.0
13,13,0,0,0.0,0.0,0.0
13,14,1,0,1.25,0.0,-1.25
13,15,1,0,1.25,0.0,-1.25
13,16,0,0,0.0,0.0,0.0
13,17,0,2,0.0,2.5,2.5
13,18,0,1,0.0,1.25,1.25
13,19,0,1,0.0,1.25,1.25
13,20,0,1,0.0,1.25,1.25
13,21,0,1,0.0,1.25,1.25
13,22,1,1,1.25,1.25,0.0
13,23,0,0,0.0,0.0,0.0
13,24,0,0,0.0,0.0,0.0
13,25,0,1,0.0,1.25,1.25
13,26,0,0,0.0,0.0,0.0
13,27,0,0,0.0,0.0,0.0
13,28,0,1,0.0,1.25,1.25
13,29,0,4,0.0,5.0,5.0
13,30,0,1,0.0,1.25,1.25
13,31,0,0,0.0,0.0,0.0
13,32,0,0,0.0,0.0,0.0
13,33,0,0,0.0,0.0,0.0
13,34,0,1,0.0,1.25,1.25
13,35,0,0,0.0,0.0,0.0
13,36,0,0,0.0,0.0,0.0
13,37,1,1,1.25,1.25,0.0
13,38,0,1,0.0,1.25,1.25
13,39,0,0,0.0,0.0,0.0
13,40,0,1,0.0,1.25,1.25
13,41,1,1,1.25,1.25,0.0
13,42,2,0,2.5,0.0,-2.5
13,43,0,2,0.0,2.5,2.5
13,44,0,1,0.0,1.25,1.25
13,45,0,0,0.0,0.0,0.0
13,46,0,0,0.0,0.0,0.0
13,47,0,1,0.0,1.25,1.25
13,48,0,0,0.0,0.0,0.0
13,49,0,0,0.0,0.0,0.0
13,50,0,0,0.0,0.0,0.0
13,51,0,0,0.0,0.0,0.0
13,52,0,0,0.0,0.0,0.0
13,53,0,1,0.0,1.25,1.25
13,54,2,2,2.5,2.5,0.0
13,55,0,0,0.0,0.0,0.0
13,56,2,1,2.5,1.25,-1.25
13,57,0,2,0.0,2.5,2.5
13,58,1,3,1.25,3.75,2.5
13,59,0,1,0.0,1.25,1.25
13,60,0,1,0.0,1.25,1.25
13,61,1,0,1.25,0.0,-1.25
13,62,0,0,0.0,0.0,0.0
13,63,0,0,0.0,0.0,0.0
13,64,0,0,0.0,0.0,0.0
13,65,0,0,0.0,0.0,0.0
13,66,0,0,0.0,0.0,0.0
13,67,0,0,0.0,0.0,0.0
13,68,2,0,2.5,0.0,-2.5
13,69,1,0,1.25,0.0,-1.25
13,70,0,0,0.0,0.0,0.0
13,71,0,0,0.0,0.0,0.0
13,72,0,0,0.0,0.0,0.0
13,73,0,0,0.0,0.0,0.0
13,74,1,0,1.25,0.0,-1.25
13,75,0,2,0.0,2.5,2.5
13,76,0,1,0.0,1.25,1.25
13,77,0,0,0.0,0.0,0.0
13,78,3,0,3.75,0.0,-3.75
13,79,0,1,0.0,1.25,1.25
13,80,1,0,1.25,0.0,-1.25
13,81,2,3,2.5,3.75,1.25
13,82,1,1,1.25,1.25,0.0
13,83,0,0,0.0,0.0,0.0
13,84,1,0,1.25,0.0,-1.25
13,85,0,3,0.0,3.75,3.75
13,86,0,0,0.0,0.0,0.0
13,87,0,2,0.0,2.5,2.5
13,88,1,0,1.25,0.0,-1.25
13,89,1,0,1.25,0.0,-1.25
13,90,0,0,0.0,0.0,0.0
13,91,0,0,0.0,0.0,0.0
13,92,0,1,0.0,1.25,1.25
13,93,0,1,0.0,1.25,1.25
13,94,2,0,2.5,0.0,-2.5
13,95,0,1,0.0,1.25,1.25
13,96,0,0,0.0,0.0,0.0
13,97,1,1,1.25,1.25,0.0
13,98,0,1,0.0,1.25,1.25
13,99,0,1,0.0,1.25,1.25
13,100,0,2,0.0,2.5,2.5
13,101,0,0,0.0,0.0,0.0
13,102,0,0,0.0,0.0,0.0
13,103,0,0,0.0,0.0,0.0
13,104,0,0,0.0,0.0,0.0
13,105,0,0,0.0,0.0,0.0
13,106,0,1,0.0,1.25,1.25
13,107,0,0,0.0,0.0,0.0
14,0,1,4,1.25,5.0,3.75
14,1,1,3,1.25,3.75,2.5
14,2,6,7,7.5,8.75,1.25
14,3,5,6,6.25,7.5,1.25
14,4,4,5,5.0,6.25,1.25
14,5,1,8,1.25,10.0,8.75
14,6,1,3,1.25,3.75,2.5
14,7,2,3,2.5,3.75,1.25
14,8,2,3,2.5,3.75,1.25
14,9,0,6,0.0,7.5,7.5
14,10,4,9,5.0,11.25,6.25
14,11,1,6,1.25,7.5,6.25
14,12,4,2,5.0,2.5,-2.5
14,13,0,2,0.0,2.5,2.5
14,14,3,5,3.75,6.25,2.5
14,15,1,5,1.25,6.25,5.0
14,16,3,2,3.75,2.5,-1.25
14,17,7,6,8.75,7.5,-1.25
14,18,2,4,2.5,5.0,2.5
14,19,0,4,0.0,5.0,5.0
14,20,1,2,1.25,2.5,1.25
14,21,5,3,6.25,3.75,-2.5
14,22,4,4,5.0,5.0,0.0
14,23,3,6,3.75,7.5,3.75
14,24,2,4,2.5,5.0,2.5
14,25,2,4,2.5,5.0,2.5
14,26,0,2,0.0,2.5,2.5
14,27,5,1,6.25,1.25,-5.0
14,28,3,2,3.75,2.5,-1.25
14,29,1,5,1.25,6.25,5.0
14,30,1,5,1.25,6.25,5.0
14,31,2,3,2.5,3.75,1.25
14,32,2,3,2.5,3.75,1.25
14,33,2,2,2.5,2.5,0.0
14,34,1,0,1.25,0.0,-1.25
14,35,4,2,5.0,2.5,-2.5
14,36,2,4,2.5,5.0,2.5
14,37,2,4,2.5,5.0,2.5
14,38,2,6,2.5,7.5,5.0
14,39,1,2,1.25,2.5,1.25
14,40,3,5,3.75,6.25,2.5
14,41,1,6,1.25,7.5,6.25
14,42,1,3,1.25,3.75,2.5
14,43,2,4,2.5,5.0,2.5
14,44,4,0,5.0,0.0,-5.0
14,45,1,2,1.25,2.5,1.25
14,46,1,5,1.25,6.25,5.0
14,47,3,11,3.75,13.75,10.0
14,48,2,2,2.5,2.5,0.0
14,49,2,2,2.5,2.5,0.0
14,50,1,3,1.25,3.75,2.5
14,51,1,0,1.25,0.0,-1.25
14,52,5,0,6.25,0.0,-6.25
14,53,1,1,1.25,1.25,0.0
14,54,3,1,3.75,1.25,-2.5
14,55,0,3,0.0,3.75,3.75
14,56,3,1,3.75,1.25,-2.5
14,57,0,2,0.0,2.5,2.5
14,58,4,3,5.0,3.75,-1.25
14,59,1,2,1.25,2.5,1.25
14,60,0,1,0.0,1.25,1.25
14,61,2,2,2.5,2.5,0.0
14,62,4,6,5.0,7.5,2.5
14,63,1,7,1.25,8.75,7.5
14,64,0,4,0.0,5.0,5.0
14,65,4,2,5.0,2.5,-2.5
14,66,2,4,2.5,5.0,2.5
14,67,2,1,2.5,1.25,-1.25
14,68,2,2,2.5,2.5,0.0
14,69,0,4,0.0,5.0,5.0
14,70,3,3,3.75,3.75,0.0
14,71,3,1,3.75,1.25,-2.5
14,72,7,1,8.75,1.25,-7.5
14,73,3,1,3.75,1.25,-2.5
14,74,1,2,1.25,2.5,1.25
14,75,4,4,5.0,5.0,0.0
14,76,1,6,1.25,7.5,6.25
14,77,2,3,2.5,3.75,1.25
14,78,4,0,5.0,0.0,-5.0
14,79,2,3,2.5,3.75,1.25
14,80,2,8,2.5,10.0,7.5
14,81,2,1,2.5,1.25,-1.25
14,82,4,4,5.0,5.0,0.0
14,83,2,1,2.5,1.25,-1.25
14,84,0,2,0.0,2.5,2.5
14,85,1,2,1.25,2.5,1.25
14,86,1,2,1.25,2.5,1.25
14,87,2,6,2.5,7.5,5.0
14,88,0,4,0.0,5.0,5.0
14,89,1,2,1.25,2.5,1.25
14,90,3,3,3.75,3.75,0.0
14,91,1,3,1.25,3.75,2.5
14,92,0,1,0.0,1.25,1.25
14,93,2,2,2.5,2.5,0.0
14,94,1,2,1.25,2.5,1.25
14,95,3,8,3.75,10.0,6.25
14,96,2,3,2.5,3.75,1.25
14,97,2,1,2.5,1.25,-1.25
14,98,1,6,1.25,7.5,6.25
14,99,2,2,2.5,2.5,0.0
14,100,3,5,3.75,6.25,2.5
14,101,3,2,3.75,2.5,-1.25
14,102,2,2,2.5,2.5,0.0
14,103,0,4,0.0,5.0,5.0
14,104,3,3,3.75,3.75,0.0
14,105,3,6,3.75,7.5,3.75
14,106,3,3,3.75,3.75,0.0
14,107,0,4,0.0,5.0,5.0
15,0,2,6,2.5,7.5,5.0
15,1,4,7,5.0,8.75,3.75
15,2,11,10,13.75,12.5,-1.25
15,3,7,7,8.75,8.75,0.0
15,4,7,6,8.75,7.5,-1.25
15,5,6,6,7.5,7.5,0.0
15,6,10,4,12.5,5.0,-7.5
15,7,4,6,5.0,7.5,2.5
15,8,9,7,11.25,8.75,-2.5
15,9,7,7,8.75,8.75,0.0
15,10,9,5,11.25,6.25,-5.0
15,11,4,10,5.0,12.5,7.5
15,12,7,7,8.75,8.75,0.0
15,13,3,6,3.75,7.5,3.75
15,14,5,5,6.25,6.25,0.0
15,15,6,9,7.5,11.25,3.75
15,16,5,6,6.25,7.5,1.25
15,17,6,6,7.5,7.5,0.0
15,18,5,6,6.25,7.5,1.25
15,19,6,12,7.5,15.0,7.5
15,20,5,3,6.25,3.75,-2.5
15,21,4,7,5.0,8.75,3.75
15,22,5,5,6.25,6.25,0.0
15,23,4,4,5.0,5.0,0.0
15,24,5,5,6.25,6.25,0.0
15,25,5,6,6.25,7.5,1.25
15,26,6,4,7.5,5.0,-2.5
15,27,3,8,3.75,10.0,6.25
15,28,3,1,3.75,1.25,-2.5
15,29,7,10,8.75,12.5,3.75
15,30,4,3,5.0,3.75,-1.25
15,31,3,7,3.75,8.75,5.0
15,32,3,3,3.75,3.75,0.0
15,33,1,1,1.25,1.25,0.0
15,34,1,5,1.25,6.25,5.0
15,35,2,3,2.5,3.75,1.25
15,36,1,0,1.25,0.0,-1.25
15,37,0,2,0.0,2.5,2.5
15,38,2,1,2.5,1.25,-1.25
15,39,2,0,2.5,0.0,-2.5
15,40,1,3,1.25,3.75,2.5
15,41,1,1,1.25,1.25,0.0
15,42,0,2,0.0,2.5,2.5
15,43,2,0,2.5,0.0,-2.5
15,44,1,1,1.25,1.25,0.0
15,45,3,1,3.75,1.25,-2.5
15,46,0,1,0.0,1.25,1.25
15,47,1,4,1.25,5.0,3.75
15,48,3,2,3.75,2.5,-1.25
15,49,1,2,1.25,2.5,1.25
15,50,0,4,0.0,5.0,5.0
15,51,1,1,1.25,1.25,0.0
15,52,0,3,0.0,3.75,3.75
15,53,2,2,2.5,2.5,0.0
15,54,1,4,1.25,5.0,3.75
15,55,4,7,5.0,8.75,3.75
15,56,1,1,1.25,1.25,0.0
15,57,4,7,5.0,8.75,3.75
15,58,1,3,1.25,3.75,2.5
15,59,4,2,5.0,2.5,-2.5
15,60,2,4,2.5,5.0,2.5
15,61,1,2,1.25,2.5,1.25
15,62,1,9,1.25,11.25,10.0
15,63,2,5,2.5,6.25,3.75
15,64,0,1,0.0,1.25,1.25
15,65,0,5,0.0,6.25,6.25
15,66,2,7,2.5,8.75,6.25
15,67,1,2,1.25,2.5,1.25
15,68,2,2,2.5,2.5,0.0
15,69,2,5,2.5,6.25,3.75
15,70,4,0,5.0,0.0,-5.0
15,71,2,2,2.5,2.5,0.0
15,72,4,5,5.0,6.25,1.25
15,73,3,4,3.75,5.0,1.25
15,74,2,3,2.5,3.75,1.25
15,75,3,0,3.75,0.0,-3.75
15,76,3,3,3.75,3.75,0.0
15,77,1,2,1.25,2.5,1.25
15,78,0,1,0.0,1.25,1.25
15,79,1,2,1.25,2.5,1.25
15,80,1,3,1.25,3.75,2.5
15,81,2,2,2.5,2.5,0.0
15,82,0,2,0.0,2.5,2.5
15,83,4,1,5.0,1.25,-3.75
15,84,2,4,2.5,5.0,2.5
15,85,0,7,0.0,8.75,8.75
15,86,3,3,3.75,3.75,0.0
15,87,3,2,3.75,2.5,-1.25
15,88,1,3,1.25,3.75,2.5
15,89,2,4,2.5,5.0,2.5
15,90,1,5,1.25,6.25,5.0
15,91,4,0,5.0,0.0,-5.0
15,92,3,3,3.75,3.75,0.0
15,93,0,3,0.0,3.75,3.75
15,94,4,8,5.0,10.0,5.0
15,95,5,0,6.25,0.0,-6.25
15,96,2,5,2.5,6.25,3.75
15,97,2,2,2.5,2.5,0.0
15,98,1,2,1.25,2.5,1.25
15,99,2,1,2.5,1.25,-1.25
15,100,4,0,5.0,0.0,-5.0
15,101,3,3,3.75,3.75,0.0
15,102,2,3,2.5,3.75,1.25
15,103,2,3,2.5,3.75,1.25
15,104,1,0,1.25,0.0,-1.25
15,105,4,1,5.0,1.25,-3.75
15,106,2,2,2.5,2.5,0.0
15,107,2,2,2.5,2.5,0.0
16,0,0,0,0.0,0.0,0.0
16,1,0,0,0.0,0.0,0.0
16,2,0,0,0.0,0.0,0.0
16,3,0,0,0.0,0.0,0.0
16,4,0,0,0.0,0.0,0.0
16,5,0,0,0.0,0.0,0.0
16,6,0,0,0.0,0.0,0.0
16,7,0,0,0.0,0.0,0.0
16,8,0,0,0.0,0.0,0.0
16,9,0,0,0.0,0.0,0.0
16,10,0,0,0.0,0.0,0.0
16,11,0,0,0.0,0.0,0.0
16,12,0,0,0.0,0.0,0.0
16,13,0,0,0.0,0.0,0.0
16,14,0,0,0.0,0.0,0.0
16,15,0,0,0.0,0.0,0.0
16,16,0,0,0.0,0.0,0.0
16,17,0,0,0.0,0.0,0.0
16,18,0,0,0.0,0.0,0.0
16,19,0,0,0.0,0.0,0.0
16,20,0,0,0.0,0.0,0.0
16,21,0,0,0.0,0.0,0.0
16,22,0,0,0.0,0.0,0.0
16,23,0,0,0.0,0.0,0.0
16,24,0,0,0.0,0.0,0.0
16,25,0,0,0.0,0.0,0.0
16,26,0,0,0.0,0.0,0.0
16,27,0,0,0.0,0.0,0.0
16,28,0,0,0.0,0.0,0.0
16,29,0,0,0.0,0.0,0.0
16,30,0,0,0.0,0.0,0.0
16,31,0,0,0.0,0.0,0.0
16,32,0,1,0.0,1.25,1.25
16,33,0,0,0.0,0.0,0.0
16,34,0,1,0.0,1.25,1.25
16,35,0,0,0.0,0.0,0.0
16,36,1,0,1.25,0.0,-1.25
16,37,0,0,0.0,0.0,0.0
16,38,0,0,0.0,0.0,0.0
16,39,0,0,0.0,0.0,0.0
16,40,0,0,0.0,0.0,0.0
16,41,1,1,1.25,1.25,0.0
16,42,0,0,0.0,0.0,0.0
16,43,1,0,1.25,0.0,-1.25
16,44,0,0,0.0,0.0,0.0
16,45,0,1,0.0,1.25,1.25
16,46,0,0,0.0,0.0,0.0
16,47,0,1,0.0,1.25,1.25
16,48,0,0,0.0,0.0,0.0
16,49,0,1,0.0,1.25,1.25
16,50,0,1,0.0,1.25,1.25
16,51,0,0,0.0,0.0,0.0
16,52,0,0,0.0,0.0,0.0
16,53,1,1,1.25,1.25,0.0
16,54,1,2,1.25,2.5,1.25
16,55,2,3,2.5,3.75,1.25
16,56,0,0,0.0,0.0,0.0
16,57,0,1,0.0,1.25,1.25
16,58,0,1,0.0,1.25,1.25
16,59,0,0,0.0,0.0,0.0
16,60,0,2,0.0,2.5,2.5
16,61,0,0,0.0,0.0,0.0
16,62,0,1,0.0,1.25,1.25
16,63,1,0,1.25,0.0,-1.25
16,64,0,1,0.0,1.25,1.25
16,65,0,2,0.0,2.5,2.5
16,66,1,1,1.25,1.25,0.0
16,67,0,0,0.0,0.0,0.0
16,68,0,0,0.0,0.0,0.0
16,69,1,0,1.25,0.0,-1.25
16,70,0,0,0.0,0.0,0.0
16,71,0,1,0.0,1.25,1.25
16,72,0,1,0.0,1.25,1.25
16,73,0,2,0.0,2.5,2.5
16,74,1,4,1.25,5.0,3.75
16,75,0,0,0.0,0.0,0.0
16,76,0,0,0.0,0.0,0.0
16,77,0,1,0.0,1.25,1.25
16,78,0,0,0.0,0.0,0.0
16,79,0,1,0.0,1.25,1.25
16,80,0,1,0.0,1.25,1.25
16,81,0,1,0.0,1.25,1.25
16,82,0,0,0.0,0.0,0.0
16,83,2,0,2.5,0.0,-2.5
16,84,1,0,1.25,0.0,-1.25
16,85,0,1,0.0,1.25,1.25
16,86,1,0,1.25,0.0,-1.25
16,87,1,0,1.25,0.0,-1.25
16,88,0,1,0.0,1.25,1.25
16,89,0,3,0.0,3.75,3.75
16,90,0,1,0.0,1.25,1.25
16,91,0,0,0.0,0.0,0.0
16,92,0,1,0.0,1.25,1.25
16,93,0,0,0.0,0.0,0.0
16,94,0,4,0.0,5.0,5.0
16,95,0,0,0.0,0.0,0.0
16,96,1,1,1.25,1.25,0.0
16,97,0,0,0.0,0.0,0.0
16,98,0,0,0.0,0.0,0.0
16,99,0,0,0.0,0.0,0.0
16,100,0,0,0.0,0.0,0.0
16,101,1,0,1.25,0.0,-1.25
16,102,0,1,0.0,1.25,1.25
16,103,0,0,0.0,0.0,0.0
16,104,0,0,0.0,0.0,0.0
16,105,0,0,0.0,0.0,0.0
16,106,0,0,0.0,0.0,0.0
16,107,0,0,0.0,0.0,0.0
17,0,4,5,5.0,6.25,1.25
17,1,5,9,6.25,11.25,5.0
17,2,16,11,20.0,13.75,-6.25
17,3,9,9,11.25,11.25,0.0
17,4,6,6,7.5,7.5,0.0
17,5,7,7,8.75,8.75,0.0
17,6,10,4,12.5,5.0,-7.5
17,7,4,7,5.0,8.75,3.75
17,8,10,10,12.5,12.5,0.0
17,9,8,8,10.0,10.0,0.0
17,10,12,6,15.0,7.5,-7.5
17,11,5,8,6.25,10.0,3.75
17,12,9,9,11.25,11.25,0.0
17,13,4,6,5.0,7.5,2.5
17,14,5,8,6.25,10.0,3.75
17,15,6,10,7.5,12.5,5.0
17,16,7,8,8.75,10.0,1.25
17,17,7,8,8.75,10.0,1.25
17,18,7,10,8.75,12.5,3.75
17,19,7,12,8.75,15.0,6.25
17,20,5,5,6.25,6.25,0.0
17,21,5,8,6.25,10.0,3.75
17,22,10,6,12.5,7.5,-5.0
17,23,6,6,7.5,7.5,0.0
17,24,6,8,7.5,10.0,2.5
17,25,6,10,7.5,12.5,5.0
17,26,8,7,10.0,8.75,-1.25
17,27,11,12,13.75,15.0,1.25
17,28,3,1,3.75,1.25,-2.5
17,29,8,7,10.0,8.75,-1.25
17,30,10,8,12.5,10.0,-2.5
17,31,3,8,3.75,10.0,6.25
17,32,2,1,2.5,1.25,-1.25
17,33,1,1,1.25,1.25,0.0
17,34,1,1,1.25,1.25,0.0
17,35,3,6,3.75,7.5,3.75
17,36,2,2,2.5,2.5,0.0
17,37,1,2,1.25,2.5,1.25
17,38,1,5,1.25,6.25,5.0
17,39,1,1,1.25,1.25,0.0
17,40,3,3,3.75,3.75,0.0
17,41,1,1,1.25,1.25,0.0
17,42,1,1,1.25,1.25,0.0
17,43,2,1,2.5,1.25,-1.25
17,44,1,2,1.25,2.5,1.25
17,45,3,2,3.75,2.5,-1.25
17,46,1,1,1.25,1.25,0.0
17,47,2,4,2.5,5.0,2.5
17,48,7,5,8.75,6.25,-2.5
17,49,3,3,3.75,3.75,0.0
17,50,0,4,0.0,5.0,5.0
17,51,3,1,3.75,1.25,-2.5
17,52,0,4,0.0,5.0,5.0
17,53,1,1,1.25,1.25,0.0
17,54,1,5,1.25,6.25,5.0
17,55,7,9,8.75,11.25,2.5
17,56,1,3,1.25,3.75,2.5
17,57,5,8,6.25,10.0,3.75
17,58,1,2,1.25,2.5,1.25
17,59,6,9,7.5,11.25,3.75
17,60,3,3,3.75,3.75,0.0
17,61,2,2,2.5,2.5,0.0
17,62,2,8,2.5,10.0,7.5
17,63,3,5,3.75,6.25,2.5
17,64,1,2,1.25,2.5,1.25
17,65,2,4,2.5,5.0,2.5
17,66,0,8,0.0,10.0,10.0
17,67,2,4,2.5,5.0,2.5
17,68,4,4,5.0,5.0,0.0
17,69,0,6,0.0,7.5,7.5
17,70,5,0,6.25,0.0,-6.25
17,71,3,2,3.75,2.5,-1.25
17,72,3,3,3.75,3.75,0.0
17,73,3,4,3.75,5.0,1.25
17,74,3,2,3.75,2.5,-1.25
17,75,4,1,5.0,1.25,-3.75
17,76,9,4,11.25,5.0,-6.25
17,77,1,2,1.25,2.5,1.25
17,78,0,2,0.0,2.5,2.5
17,79,1,1,1.25,1.25,0.0
17,80,1,2,1.25,2.5,1.25
17,81,1,2,1.25,2.5,1.25
17,82,2,2,2.5,2.5,0.0
17,83,3,0,3.75,0.0,-3.75
17,84,6,3,7.5,3.75,-3.75
17,85,0,7,0.0,8.75,8.75
17,86,6,7,7.5,8.75,1.25
17,87,2,8,2.5,10.0,7.5
17,88,3,1,3.75,1.25,-2.5
17,89,2,2,2.5,2.5,0.0
17,90,1,9,1.25,11.25,10.0
17,91,1,2,1.25,2.5,1.25
17,92,4,4,5.0,5.0,0.0
17,93,2,4,2.5,5.0,2.5
17,94,4,2,5.0,2.5,-2.5
17,95,7,1,8.75,1.25,-7.5
17,96,3,4,3.75,5.0,1.25
17,97,3,2,3.75,2.5,-1.25
17,98,6,2,7.5,2.5,-5.0
17,99,5,1,6.25,1.25,-5.0
17,100,8,1,10.0,1.25,-8.75
17,101,6,2,7.5,2.5,-5.0
17,102,2,1,2.5,1.25,-1.25
17,103,1,4,1.25,5.0,3.75
17,104,2,3,2.5,3.75,1.25
17,105,4,4,5.0,5.0,0.0
17,106,3,5,3.75,6.25,2.5
17,107,3,3,3.75,3.75,0.0
18,0,0,0,0.0,0.0,0.0
18,1,0,0,0.0,0.0,0.0
18,2,0,0,0.0,0.0,0.0
18,3,0,0,0.0,0.0,0.0
18,4,0,0,0.0,0.0,0.0
18,5,0,0,0.0,0.0,0.0
18,6,0,0,0.0,0.0,0.0
18,7,0,0,0.0,0.0,0.0
18,8,0,0,0.0,0.0,0.0
18,9,0,0,0.0,0.0,0.0
18,10,0,0,0.0,0.0,0.0
18,11,0,0,0.0,0.0,0.0
18,12,0,0,0.0,0.0,0.0
18,13,0,0,0.0,0.0,0.0
18,14,1,0,1.25,0.0,-1.25
18,15,1,0,1.25,0.0,-1.25
18,16,0,2,0.0,2.5,2.5
18,17,0,1,0.0,1.25,1.25
18,18,0,0,0.0,0.0,0.0
18,19,0,0,0.0,0.0,0.0
18,20,1,0,1.25,0.0,-1.25
18,21,0,1,0.0,1.25,1.25
18,22,2,0,2.5,0.0,-2.5
18,23,0,1,0.0,1.25,1.25
18,24,1,0,1.25,0.0,-1.25
18,25,1,1,1.25,1.25,0.0
18,26,0,0,0.0,0.0,0.0
18,27,0,0,0.0,0.0,0.0
18,28,0,1,0.0,1.25,1.25
18,29,0,1,0.0,1.25,1.25
18,30,2,2,2.5,2.5,0.0
18,31,0,1,0.0,1.25,1.25
18,32,0,0,0.0,0.0,0.0
18,33,0,0,0.0,0.0,0.0
18,34,1,0,1.25,0.0,-1.25
18,35,1,0,1.25,0.0,-1.25
18,36,0,0,0.0,0.0,0.0
18,37,0,0,0.0,0.0,0.0
18,38,0,0,0.0,0.0,0.0
18,39,1,0,1.25,0.0,-1.25
18,40,0,0,0.0,0.0,0.0
18,41,0,0,0.0,0.0,0.0
18,42,0,0,0.0,0.0,0.0
18,43,0,0,0.0,0.0,0.0
18,44,0,0,0.0,0.0,0.0
18,45,0,0,0.0,0.0,0.0
18,46,0,0,0.0,0.0,0.0
18,47,0,2,0.0,2.5,2.5
18,48,0,0,0.0,0.0,0.0
18,49,2,0,2.5,0.0,-2.5
18,50,1,1,1.25,1.25,0.0
18,51,0,0,0.0,0.0,0.0
18,52,0,0,0.0,0.0,0.0
18,53,0,1,0.0,1.25,1.25
18,54,0,1,0.0,1.25,1.25
18,55,0,0,0.0,0.0,0.0
18,56,0,1,0.0,1.25,1.25
18,57,2,2,2.5,2.5,0.0
18,58,1,0,1.25,0.0,-1.25
18,59,0,1,0.0,1.25,1.25
18,60,1,1,1.25,1.25,0.0
18,61,0,1,0.0,1.25,1.25
18,62,0,1,0.0,1.25,1.25
18,63,1,1,1.25,1.25,0.0
18,64,0,0,0.0,0.0,0.0
18,65,0,1,0.0,1.25,1.25
18,66,1,1,1.25,1.25,0.0
18,67,0,1,0.0,1.25,1.25
18,68,2,0,2.5,0.0,-2.5
18,69,1,1,1.25,1.25,0.0
18,70,1,0,1.25,0.0,-1.25
18,71,0,0,0.0,0.0,0.0
18,72,0,0,0.0,0.0,0.0
18,73,0,1,0.0,1.25,1.25
18,74,0,0,0.0,0.0,0.0
18,75,1,2,1.25,2.5,1.25
18,76,0,1,0.0,1.25,1.25
18,77,0,2,0.0,2.5,2.5
18,78,0,1,0.0,1.25,1.25
18,79,1,0,1.25,0.0,-1.25
18,80,0,0,0.0,0.0,0.0
18,81,1,0,1.25,0.0,-1.25
18,82,0,1,0.0,1.25,1.25
18,83,0,0,0.0,0.0,0.0
18,84,0,0,0.0,0.0,0.0
18,85,1,1,1.25,1.25,0.0
18,86,1,0,1.25,0.0,-1.25
18,87,3,0,3.75,0.0,-3.75
18,88,1,0,1.25,0.0,-1.25
18,89,1,1,1.25,1.25,0.0
18,90,1,0,1.25,0.0,-1.25
18,91,1,1,1.25,1.25,0.0
18,92,0,1,0.0,1.25,1.25
18,93,1,1,1.25,1.25,0.0
18,94,1,0,1.25,0.0,-1.25
18,95,0,0,0.0,0.0,0.0
18,96,0,1,0.0,1.25,1.25
18,97,0,0,0.0,0.0,0.0
18,98,0,1,0.0,1.25,1.25
18,99,0,0,0.0,0.0,0.0
18,100,0,1,0.0,1.25,1.25
18,101,1,0,1.25,0.0,-1.25
18,102,0,1,0.0,1.25,1.25
18,103,0,1,0.0,1.25,1.25
18,104,0,0,0.0,0.0,0.0
18,105,0,0,0.0,0.0,0.0
18,106,0,2,0.0,2.5,2.5
18,107,0,1,0.0,1.25,1.25
19,0,0,0,0.0,0.0,0.0
19,1,2,1,2.5,1.25,-1.25
19,2,2,2,2.5,2.5,0.0
19,3,2,0,2.5,0.0,-2.5
19,4,3,2,3.75,2.5,-1.25
19,5,1,3,1.25,3.75,2.5
19,6,2,2,2.5,2.5,0.0
19,7,3,0,3.75,0.0,-3.75
19,8,1,2,1.25,2.5,1.25
19,9,3,0,3.75,0.0,-3.75
19,10,1,1,1.25,1.25,0.0
19,11,3,1,3.75,1.25,-2.5
19,12,1,1,1.25,1.25,0.0
19,13,2,0,2.5,0.0,-2.5
19,14,0,0,0.0,0.0,0.0
19,15,2,2,2.5,2.5,0.0
19,16,1,2,1.25,2.5,1.25
19,17,2,2,2.5,2.5,0.0
19,18,2,1,2.5,1.25,-1.25
19,19,2,2,2.5,2.5,0.0
19,20,2,0,2.5,0.0,-2.5
19,21,0,1,0.0,1.25,1.25
19,22,2,1,2.5,1.25,-1.25
19,23,0,0,0.0,0.0,0.0
19,24,2,1,2.5,1.25,-1.25
19,25,2,2,2.5,2.5,0.0
19,26,1,0,1.25,0.0,-1.25
19,27,2,6,2.5,7.5,5.0
19,28,0,0,0.0,0.0,0.0
19,29,0,2,0.0,2.5,2.5
19,30,1,1,1.25,1.25,0.0
19,31,2,1,2.5,1.25,-1.25
19,32,1,0,1.25,0.0,-1.25
19,33,0,0,0.0,0.0,0.0
19,34,0,1,0.0,1.25,1.25
19,35,2,0,2.5,0.0,-2.5
19,36,3,2,3.75,2.5,-1.25
19,37,1,5,1.25,6.25,5.0
19,38,0,1,0.0,1.25,1.25
19,39,0,3,0.0,3.75,3.75
19,40,1,1,1.25,1.25,0.0
19,41,0,3,0.0,3.75,3.75
19,42,0,2,0.0,2.5,2.5
19,43,2,3,2.5,3.75,1.25
19,44,1,0,1.25,0.0,-1.25
19,45,0,0,0.0,0.0,0.0
19,46,3,6,3.75,7.5,3.75
19,47,1,3,1.25,3.75,2.5
19,48,1,3,1.25,3.75,2.5
19,49,3,0,3.75,0.0,-3.75
19,50,0,3,0.0,3.75,3.75
19,51,2,5,2.5,6.25,3.75
19,52,0,1,0.0,1.25,1.25
19,53,2,1,2.5,1.25,-1.25
19,54,1,2,1.25,2.5,1.25
19,55,2,1,2.5,1.25,-1.25
19,56,1,1,1.25,1.25,0.0
19,57,0,0,0.0,0.0,0.0
19,58,2,0,2.5,0.0,-2.5
19,59,4,1,5.0,1.25,-3.75
19,60,1,5,1.25,6.25,5.0
19,61,1,2,1.25,2.5,1.25
19,62,1,4,1.25,5.0,3.75
19,63,0,1,0.0,1.25,1.25
19,64,1,4,1.25,5.0,3.75
19,65,1,1,1.25,1.25,0.0
19,66,1,0,1.25,0.0,-1.25
19,67,1,1,1.25,1.25,0.0
19,68,1,1,1.25,1.25,0.0
19,69,1,2,1.25,2.5,1.25
19,70,0,1,0.0,1.25,1.25
19,71,1,0,1.25,0.0,-1.25
19,72,0,1,0.0,1.25,1.25
19,73,0,5,0.0,6.25,6.25
19,74,0,11,0.0,13.75,13.75
19,75,1,1,1.25,1.25,0.0
19,76,0,4,0.0,5.0,5.0
19,77,2,0,2.5,0.0,-2.5
19,78,1,3,1.25,3.75,2.5
19,79,0,1,0.0,1.25,1.25
19,80,0,1,0.0,1.25,1.25
19,81,2,1,2.5,1.25,-1.25
19,82,0,0,0.0,0.0,0.0
19,83,0,2,0.0,2.5,2.5
19,84,0,0,0.0,0.0,0.0
19,85,1,3,1.25,3.75,2.5
19,86,4,0,5.0,0.0,-5.0
19,87,3,2,3.75,2.5,-1.25
19,88,1,0,1.25,0.0,-1.25
19,89,3,1,3.75,1.25,-2.5
19,90,0,2,0.0,2.5,2.5
19,91,3,5,3.75,6.25,2.5
19,92,1,0,1.25,0.0,-1.25
19,93,0,0,0.0,0.0,0.0
19,94,2,2,2.5,2.5,0.0
19,95,0,1,0.0,1.25,1.25
19,96,0,0,0.0,0.0,0.0
19,97,1,3,1.25,3.75,2.5
19,98,0,0,0.0,0.0,0.0
19,99,2,2,2.5,2.5,0.0
19,100,0,2,0.0,2.5,2.5
19,101,2,0,2.5,0.0,-2.5
19,102,0,1,0.0,1.25,1.25
19,103,2,1,2.5,1.25,-1.25
19,104,0,7,0.0,8.75,8.75
19,105,1,0,1.25,0.0,-1.25
19,106,1,0,1.25,0.0,-1.25
19,107,0,0,0.0,0.0,0.0
20,0,0,0,0.0,0.0,0.0
20,1,0,0,0.0,0.0,0.0
20,2,0,0,0.0,0.0,0.0
20,3,0,0,0.0,0.0,0.0
20,4,0,0,0.0,0.0,0.0
20,5,0,0,0.0,0.0,0.0
20,6,0,0,0.0,0.0,0.0
20,7,0,0,0.0,0.0,0.0
20,8,0,0,0.0,0.0,0.0
20,9,0,0,0.0,0.0,0.0
20,10,0,0,0.0,0.0,0.0
20,11,0,0,0.0,0.0,0.0
20,12,0,0,0.0,0.0,0.0
20,13,0,0,0.0,0.0,0.0
20,14,0,0,0.0,0.0,0.0
20,15,0,0,0.0,0.0,0.0
20,16,0,0,0.0,0.0,0.0
20,17,0,0,0.0,0.0,0.0
20,18,0,0,0.0,0.0,0.0
20,19,0,0,0.0,0.0,0.0
20,20,0,0,0.0,0.0,0.0
20,21,0,0,0.0,0.0,0.0
20,22,0,0,0.0,0.0,0.0
20,23,0,0,0.0,0.0,0.0
20,24,0,0,0.0,0.0,0.0
20,25,0,0,0.0,0.0,0.0
20,26,0,0,0.0,0.0,0.0
20,27,0,0,0.0,0.0,0.0
20,28,0,0,0.0,0.0,0.0
20,29,0,0,0.0,0.0,0.0
20,30,0,0,0.0,0.0,0.0
20,31,0,0,0.0,0.0,0.0
20,32,0,0,0.0,0.0,0.0
20,33,0,0,0.0,0.0,0.0
20,34,0,0,0.0,0.0,0.0
20,35,0,0,0.0,0.0,0.0
20,36,0,0,0.0,0.0,0.0
20,37,0,0,0.0,0.0,0.0
20,38,0,0,0.0,0.0,0.0
20,39,0,0,0.0,0.0,0.0
20,40,0,0,0.0,0.0,0.0
20,41,0,0,0.0,0.0,0.0
20,42,0,0,0.0,0.0,0.0
20,43,0,0,0.0,0.0,0.0
20,44,0,0,0.0,0.0,0.0
20,45,0,0,0.0,0.0,0.0
20,46,0,2,0.0,2.5,2.5
20,47,0,0,0.0,0.0,0.0
20,48,0,0,0.0,0.0,0.0
20,49,0,0,0.0,0.0,0.0
20,50,0,0,0.0,0.0,0.0
20,51,0,0,0.0,0.0,0.0
20,52,0,0,0.0,0.0,0.0
20,53,0,0,0.0,0.0,0.0
20,54,0,0,0.0,0.0,0.0
20,55,0,0,0.0,0.0,0.0
20,56,0,0,0.0,0.0,0.0
20,57,0,0,0.0,0.0,0.0
20,58,0,0,0.0,0.0,0.0
20,59,0,0,0.0,0.0,0.0
20,60,0,0,0.0,0.0,0.0
20,61,0,0,0.0,0.0,0.0
20,62,0,0,0.0,0.0,0.0
20,63,0,0,0.0,0.0,0.0
20,64,0,0,0.0,0.0,0.0
20,65,0,0,0.0,0.0,0.0
20,66,0,0,0.0,0.0,0.0
20,67,0,0,0.0,0.0,0.0
20,68,0,0,0.0,0.0,0.0
20,69,0,0,0.0,0.0,0.0
20,70,0,0,0.0,0.0,0.0
20,71,0,0,0.0,0.0,0.0
20,72,0,0,0.0,0.0,0.0
20,73,0,0,0.0,0.0,0.0
20,74,0,0,0.0,0.0,0.0
20,75,0,0,0.0,0.0,0.0
20,76,0,0,0.0,0.0,0.0
20,77,0,0,0.0,0.0,0.0
20,78,0,0,0.0,0.0,0.0
20,79,0,0,0.0,0.0,0.0
20,80,0,0,0.0,0.0,0.0
20,81,0,0,0.0,0.0,0.0
20,82,0,0,0.0,0.0,0.0
20,83,0,0,0.0,0.0,0.0
20,84,0,0,0.0,0.0,0.0
20,85,0,0,0.0,0.0,0.0
20,86,0,0,0.0,0.0,0.0
20,87,0,0,0.0,0.0,0.0
20,88,0,0,0.0,0.0,0.0
20,89,0,0,0.0,0.0,0.0
20,90,0,0,0.0,0.0,0.0
20,91,0,0,0.0,0.0,0.0
20,92,0,0,0.0,0.0,0.0
20,93,0,0,0.0,0.0,0.0
20,94,0,0,0.0,0.0,0.0
20,95,0,0,0.0,0.0,0.0
20,96,0,0,0.0,0.0,0.0
20,97,0,0,0.0,0.0,0.0
20,98,0,0,0.0,0.0,0.0
20,99,0,0,0.0,0.0,0.0
20,100,0,0,0.0,0.0,0.0
20,101,0,0,0.0,0.0,0.0
20,102,0,0,0.0,0.0,0.0
20,103,0,0,0.0,0.0,0.0
20,104,0,2,0.0,2.5,2.5
20,105,0,0,0.0,0.0,0.0
20,106,0,0,0.0,0.0,0.0
20,107,0,0,0.0,0.0,0.0
21,0,0,0,0.0,0.0,0.0
21,1,0,0,0.0,0.0,0.0
21,2,0,0,0.0,0.0,0.0
21,3,0,1,0.0,1.25,1.25
21,4,0,0,0.0,0.0,0.0
21,5,0,0,0.0,0.0,0.0
21,6,0,0,0.0,0.0,0.0
21,7,0,0,0.0,0.0,0.0
21,8,0,0,0.0,0.0,0.0
21,9,0,0,0.0,0.0,0.0
21,10,0,0,0.0,0.0,0.0
21,11,0,0,0.0,0.0,0.0
21,12,0,0,0.0,0.0,0.0
21,13,0,0,0.0,0.0,0.0
21,14,0,0,0.0,0.0,0.0
21,15,0,1,0.0,1.25,1.25
21,16,0,0,0.0,0.0,0.0
21,17,0,0,0.0,0.0,0.0
21,18,0,1,0.0,1.25,1.25
21,19,0,1,0.0,1.25,1.25
21,20,1,1,1.25,1.25,0.0
21,21,0,1,0.0,1.25,1.25
21,22,0,0,0.0,0.0,0.0
21,23,0,0,0.0,0.0,0.0
21,24,0,1,0.0,1.25,1.25
21,25,0,1,0.0,1.25,1.25
21,26,0,0,0.0,0.0,0.0
21,27,0,0,0.0,0.0,0.0
21,28,0,0,0.0,0.0,0.0
21,29,0,1,0.0,1.25,1.25
21,30,0,1,0.0,1.25,1.25
21,31,0,0,0.0,0.0,0.0
21,32,0,0,0.0,0.0,0.0
21,33,0,0,0.0,0.0,0.0
21,34,1,0,1.25,0.0,-1.25
21,35,0,0,0.0,0.0,0.0
21,36,0,1,0.0,1.25,1.25
21,37,0,0,0.0,0.0,0.0
21,38,0,1,0.0,1.25,1.25
21,39,0,0,0.0,0.0,0.0
21,40,1,0,1.25,0.0,-1.25
21,41,0,1,0.0,1.25,1.25
21,42,0,0,0.0,0.0,0.0
21,43,0,0,0.0,0.0,0.0
21,44,0,0,0.0,0.0,0.0
21,45,0,0,0.0,0.0,0.0
21,46,0,2,0.0,2.5,2.5
21,47,0,0,0.0,0.0,0.0
21,48,0,0,0.0,0.0,0.0
21,49,0,0,0.0,0.0,0.0
21,50,0,0,0.0,0.0,0.0
21,51,0,1,0.0,1.25,1.25
21,52,0,0,0.0,0.0,0.0
21,53,0,1,0.0,1.25,1.25
21,54,2,0,2.5,0.0,-2.5
21,55,0,0,0.0,0.0,0.0
21,56,0,0,0.0,0.0,0.0
21,57,0,0,0.0,0.0,0.0
21,58,0,0,0.0,0.0,0.0
21,59,1,0,1.25,0.0,-1.25
21,60,0,0,0.0,0.0,0.0
21,61,0,0,0.0,0.0,0.0
21,62,0,0,0.0,0.0,0.0
21,63,0,0,0.0,0.0,0.0
21,64,0,0,0.0,0.0,0.0
21,65,0,1,0.0,1.25,1.25
21,66,0,0,0.0,0.0,0.0
21,67,1,0,1.25,0.0,-1.25
21,68,0,1,0.0,1.25,1.25
21,69,0,0,0.0,0.0,0.0
21,70,1,0,1.25,0.0,-1.25
21,71,1,0,1.25,0.0,-1.25
21,72,0,0,0.0,0.0,0.0
21,73,1,0,1.25,0.0,-1.25
21,74,0,2,0.0,2.5,2.5
21,75,0,2,0.0,2.5,2.5
21,76,0,1,0.0,1.25,1.25
21,77,0,0,0.0,0.0,0.0
21,78,0,0,0.0,0.0,0.0
21,79,0,0,0.0,0.0,0.0
21,80,0,0,0.0,0.0,0.0
21,81,0,0,0.0,0.0,0.0
21,82,0,1,0.0,1.25,1.25
21,83,2,0,2.5,0.0,-2.5
21,84,0,0,0.0,0.0,0.0
21,85,0,0,0.0,0.0,0.0
21,86,1,0,1.25,0.0,-1.25
21,87,0,2,0.0,2.5,2.5
21,88,0,1,0.0,1.25,1.25
21,89,0,1,0.0,1.25,1.25
21,90,0,1,0.0,1.25,1.25
21,91,0,0,0.0,0.0,0.0
21,92,0,0,0.0,0.0,0.0
21,93,0,0,0.0,0.0,0.0
21,94,1,0,1.25,0.0,-1.25
21,95,1,1,1.25,1.25,0.0
21,96,0,0,0.0,0.0,0.0
21,97,2,1,2.5,1.25,-1.25
21,98,0,0,0.0,0.0,0.0
21,99,0,0,0.0,0.0,0.0
21,100,0,0,0.0,0.0,0.0
21,101,0,0,0.0,0.0,0.0
21,102,3,1,3.75,1.25,-2.5
21,103,2,1,2.5,1.25,-1.25
21,104,1,1,1.25,1.25,0.0
21,105,0,0,0.0,0.0,0.0
21,106,0,0,0.0,0.0,0.0
21,107,0,0,0.0,0.0,0.0
22,0,0,0,0.0,0.0,0.0
22,1,0,0,0.0,0.0,0.0
22,2,0,0,0.0,0.0,0.0
22,3,0,0,0.0,0.0,0.0
22,4,0,0,0.0,0.0,0.0
22,5,0,0,0.0,0.0,0.0
22,6,0,0,0.0,0.0,0.0
22,7,0,0,0.0,0.0,0.0
22,8,0,0,0.0,0.0,0.0
22,9,0,0,0.0,0.0,0.0
22,10,0,0,0.0,0.0,0.0
22,11,0,0,0.0,0.0,0.0
22,12,0,0,0.0,0.0,0.0
22,13,0,0,0.0,0.0,0.0
22,14,0,0,0.0,0.0,0.0
22,15,0,0,0.0,0.0,0.0
22,16,0,0,0.0,0.0,0.0
22,17,0,0,0.0,0.0,0.0
22,18,0,0,0.0,0.0,0.0
22,19,0,0,0.0,0.0,0.0
22,20,0,0,0.0,0.0,0.0
22,21,0,0,0.0,0.0,0.0
22,22,0,0,0.0,0.0,0.0
22,23,0,0,0.0,0.0,0.0
22,24,0,0,0.0,0.0,0.0
22,25,0,0,0.0,0.0,0.0
22,26,0,0,0.0,0.0,0.0
22,27,0,0,0.0,0.0,0.0
22,28,0,0,0.0,0.0,0.0
22,29,0,0,0.0,0.0,0.0
22,30,0,0,0.0,0.0,0.0
22,31,0,0,0.0,0.0,0.0
22,32,0,0,0.0,0.0,0.0
22,33,0,0,0.0,0.0,0.0
22,34,0,0,0.0,0.0,0.0
22,35,0,0,0.0,0.0,0.0
22,36,0,0,0.0,0.0,0.0
22,37,0,0,0.0,0.0,0.0
22,38,0,0,0.0,0.0,0.0
22,39,0,0,0.0,0.0,0.0
22,40,0,0,0.0,0.0,0.0
22,41,0,0,0.0,0.0,0.0
22,42,0,0,0.0,0.0,0.0
22,43,0,0,0.0,0.0,0.0
22,44,0,0,0.0,0.0,0.0
22,45,0,0,0.0,0.0,0.0
22,46,0,0,0.0,0.0,0.0
22,47,0,0,0.0,0.0,0.0
22,48,0,0,0.0,0.0,0.0
22,49,0,0,0.0,0.0,0.0
22,50,0,0,0.0,0.0,0.0
22,51,0,0,0.0,0.0,0.0
22,52,0,0,0.0,0.0,0.0
22,53,0,0,0.0,0.0,0.0
22,54,0,0,0.0,0.0,0.0
22,55,0,0,0.0,0.0,0.0
22,56,0,0,0.0,0.0,0.0
22,57,0,0,0.0,0.0,0.0
22,58,0,0,0.0,0.0,0.0
22,59,0,0,0.0,0.0,0.0
22,60,0,1,0.0,1.25,1.25
22,61,0,0,0.0,0.0,0.0
22,62,0,0,0.0,0.0,0.0
22,63,0,0,0.0,0.0,0.0
22,64,0,0,0.0,0.0,0.0
22,65,0,0,0.0,0.0,0.0
22,66,0,0,0.0,0.0,0.0
22,67,0,0,0.0,0.0,0.0
22,68,0,0,0.0,0.0,0.0
22,69,0,0,0.0,0.0,0.0
22,70,0,0,0.0,0.0,0.0
22,71,0,0,0.0,0.0,0.0
22,72,0,0,0.0,0.0,0.0
22,73,0,1,0.0,1.25,1.25
22,74,0,1,0.0,1.25,1.25
22,75,0,0,0.0,0.0,0.0
22,76,0,0,0.0,0.0,0.0
22,77,0,0,0.0,0.0,0.0
22,78,0,0,0.0,0.0,0.0
22,79,0,0,0.0,0.0,0.0
22,80,0,0,0.0,0.0,0.0
22,81,0,0,0.0,0.0,0.0
22,82,0,0,0.0,0.0,0.0
22,83,0,0,0.0,0.0,0.0
22,84,0,0,0.0,0.0,0.0
22,85,0,0,0.0,0.0,0.0
22,86,0,0,0.0,0.0,0.0
22,87,0,0,0.0,0.0,0.0
22,88,0,0,0.0,0.0,0.0
22,89,0,0,0.0,0.0,0.0
22,90,0,0,0.0,0.0,0.0
22,91,0,0,0.0,0.0,0.0
22,92,0,0,0.0,0.0,0.0
22,93,0,0,0.0,0.0,0.0
22,94,0,0,0.0,0.0,0.0
22,95,0,0,0.0,0.0,0.0
22,96,0,0,0.0,0.0,0.0
22,97,0,0,0.0,0.0,0.0
22,98,0,0,0.0,0.0,0.0
22,99,0,0,0.0,0.0,0.0
22,100,0,0,0.0,0.0,0.0
22,101,0,0,0.0,0.0,0.0
22,102,0,0,0.0,0.0,0.0
22,103,0,0,0.0,0.0,0.0
22,104,0,1,0.0,1.25,1.25
22,105,0,0,0.0,0.0,0.0
22,106,0,0,0.0,0.0,0.0
22,107,0,0,0.0,0.0,0.0
23,0,0,0,0.0,0.0,0.0
23,1,0,0,0.0,0.0,0.0
23,2,0,0,0.0,0.0,0.0
23,3,0,0,0.0,0.0,0.0
23,4,0,0,0.0,0.0,0.0
23,5,0,0,0.0,0.0,0.0
23,6,0,0,0.0,0.0,0.0
23,7,0,0,0.0,0.0,0.0
23,8,0,0,0.0,0.0,0.0
23,9,0,0,0.0,0.0,0.0
23,10,0,0,0.0,0.0,0.0
23,11,0,0,0.0,0.0,0.0
23,12,0,0,0.0,0.0,0.0
23,13,0,0,0.0,0.0,0.0
23,14,0,1,0.0,1.25,1.25
23,15,0,0,0.0,0.0,0.0
23,16,0,0,0.0,0.0,0.0
23,17,1,0,1.25,0.0,-1.25
23,18,0,0,0.0,0.0,0.0
23,19,0,0,0.0,0.0,0.0
23,20,0,0,0.0,0.0,0.0
23,21,0,0,0.0,0.0,0.0
23,22,0,0,0.0,0.0,0.0
23,23,0,0,0.0,0.0,0.0
23,24,0,0,0.0,0.0,0.0
23,25,0,0,0.0,0.0,0.0
23,26,0,0,0.0,0.0,0.0
23,27,1,0,1.25,0.0,-1.25
23,28,0,0,0.0,0.0,0.0
23,29,0,0,0.0,0.0,0.0
23,30,0,0,0.0,0.0,0.0
23,31,0,0,0.0,0.0,0.0
23,32,0,0,0.0,0.0,0.0
23,33,0,0,0.0,0.0,0.0
23,34,0,0,0.0,0.0,0.0
23,35,0,0,0.0,0.0,0.0
23,36,0,0,0.0,0.0,0.0
23,37,0,0,0.0,0.0,0.0
23,38,0,0,0.0,0.0,0.0
23,39,0,0,0.0,0.0,0.0
23,40,0,0,0.0,0.0,0.0
23,41,0,0,0.0,0.0,0.0
23,42,0,0,0.0,0.0,0.0
23,43,0,0,0.0,0.0,0.0
23,44,0,0,0.0,0.0,0.0
23,45,0,0,0.0,0.0,0.0
23,46,0,4,0.0,5.0,5.0
23,47,0,0,0.0,0.0,0.0
23,48,0,0,0.0,0.0,0.0
23,49,0,0,0.0,0.0,0.0
23,50,0,0,0.0,0.0,0.0
23,51,0,0,0.0,0.0,0.0
23,52,0,0,0.0,0.0,0.0
23,53,0,0,0.0,0.0,0.0
23,54,0,0,0.0,0.0,0.0
23,55,0,0,0.0,0.0,0.0
23,56,0,0,0.0,0.0,0.0
23,57,0,0,0.0,0.0,0.0
23,58,0,0,0.0,0.0,0.0
23,59,0,0,0.0,0.0,0.0
23,60,0,2,0.0,2.5,2.5
23,61,0,1,0.0,1.25,1.25
23,62,0,0,0.0,0.0,0.0
23,63,0,0,0.0,0.0,0.0
23,64,0,0,0.0,0.0,0.0
23,65,0,0,0.0,0.0,0.0
23,66,0,0,0.0,0.0,0.0
23,67,1,0,1.25,0.0,-1.25
23,68,0,0,0.0,0.0,0.0
23,69,0,0,0.0,0.0,0.0
23,70,0,0,0.0,0.0,0.0
23,71,0,0,0.0,0.0,0.0
23,72,0,0,0.0,0.0,0.0
23,73,0,0,0.0,0.0,0.0
23,74,0,2,0.0,2.5,2.5
23,75,0,0,0.0,0.0,0.0
23,76,0,0,0.0,0.0,0.0
23,77,0,0,0.0,0.0,0.0
23,78,0,0,0.0,0.0,0.0
23,79,0,1,0.0,1.25,1.25
23,80,0,0,0.0,0.0,0.0
23,81,0,0,0.0,0.0,0.0
23,82,0,0,0.0,0.0,0.0
23,83,0,0,0.0,0.0,0.0
23,84,0,0,0.0,0.0,0.0
23,85,0,0,0.0,0.0,0.0
23,86,0,0,0.0,0.0,0.0
23,87,0,0,0.0,0.0,0.0
23,88,0,0,0.0,0.0,0.0
23,89,0,0,0.0,0.0,0.0
23,90,0,0,0.0,0.0,0.0
23,91,0,1,0.0,1.25,1.25
23,92,0,0,0.0,0.0,0.0
23,93,0,0,0.0,0.0,0.0
23,94,0,0,0.0,0.0,0.0
23,95,0,0,0.0,0.0,0.0
23,96,0,0,0.0,0.0,0.0
23,97,0,0,0.0,0.0,0.0
23,98,0,0,0.0,0.0,0.0
23,99,0,0,0.0,0.0,0.0
23,100,0,0,0.0,0.0,0.0
23,101,1,0,1.25,0.0,-1.25
23,102,0,0,0.0,0.0,0.0
23,103,0,0,0.0,0.0,0.0
23,104,0,1,0.0,1.25,1.25
23,105,0,0,0.0,0.0,0.0
23,106,0,0,0.0,0.0,0.0
23,107,0,0,0.0,0.0,0.0
24,0,0,0,0.0,0.0,0.0
24,1,1,0,1.25,0.0,-1.25
24,2,0,0,0.0,0.0,0.0
24,3,1,0,1.25,0.0,-1.25
24,4,0,0,0.0,0.0,0.0
24,5,0,0,0.0,0.0,0.0
24,6,0,0,0.0,0.0,0.0
24,7,0,0,0.0,0.0,0.0
24,8,0,0,0.0,0.0,0.0
24,9,0,0,0.0,0.0,0.0
24,10,0,0,0.0,0.0,0.0
24,11,0,0,0.0,0.0,0.0
24,12,0,0,0.0,0.0,0.0
24,13,0,0,0.0,0.0,0.0
24,14,0,2,0.0,2.5,2.5
24,15,0,0,0.0,0.0,0.0
24,16,0,0,0.0,0.0,0.0
24,17,1,0,1.25,0.0,-1.25
24,18,0,1,0.0,1.25,1.25
24,19,1,1,1.25,1.25,0.0
24,20,0,0,0.0,0.0,0.0
24,21,1,0,1.25,0.0,-1.25
24,22,0,1,0.0,1.25,1.25
24,23,0,1,0.0,1.25,1.25
24,24,1,0,1.25,0.0,-1.25
24,25,0,0,0.0,0.0,0.0
24,26,1,0,1.25,0.0,-1.25
24,27,2,2,2.5,2.5,0.0
24,28,0,0,0.0,0.0,0.0
24,29,0,0,0.0,0.0,0.0
24,30,0,0,0.0,0.0,0.0
24,31,0,0,0.0,0.0,0.0
24,32,0,0,0.0,0.0,0.0
24,33,0,0,0.0,0.0,0.0
24,34,0,0,0.0,0.0,0.0
24,35,1,0,1.25,0.0,-1.25
24,36,1,0,1.25,0.0,-1.25
24,37,0,0,0.0,0.0,0.0
24,38,0,0,0.0,0.0,0.0
24,39,0,0,0.0,0.0,0.0
24,40,0,1,0.0,1.25,1.25
24,41,0,0,0.0,0.0,0.0
24,42,0,0,0.0,0.0,0.0
24,43,0,0,0.0,0.0,0.0
24,44,0,0,0.0,0.0,0.0
24,45,0,0,0.0,0.0,0.0
24,46,0,1,0.0,1.25,1.25
24,47,0,1,0.0,1.25,1.25
24,48,0,0,0.0,0.0,0.0
24,49,0,0,0.0,0.0,0.0
24,50,0,0,0.0,0.0,0.0
24,51,0,0,0.0,0.0,0.0
24,52,1,0,1.25,0.0,-1.25
24,53,0,2,0.0,2.5,2.5
24,54,0,0,0.0,0.0,0.0
24,55,0,0,0.0,0.0,0.0
24,56,0,0,0.0,0.0,0.0
24,57,1,0,1.25,0.0,-1.25
24,58,0,0,0.0,0.0,0.0
24,59,0,0,0.0,0.0,0.0
24,60,0,0,0.0,0.0,0.0
24,61,0,2,0.0,2.5,2.5
24,62,0,0,0.0,0.0,0.0
24,63,0,0,0.0,0.0,0.0
24,64,0,0,0.0,0.0,0.0
24,65,0,0,0.0,0.0,0.0
24,66,0,0,0.0,0.0,0.0
24,67,0,1,0.0,1.25,1.25
24,68,0,0,0.0,0.0,0.0
24,69,0,0,0.0,0.0,0.0
24,70,0,0,0.0,0.0,0.0
24,71,0,0,0.0,0.0,0.0
24,72,0,2,0.0,2.5,2.5
24,73,1,1,1.25,1.25,0.0
24,74,1,4,1.25,5.0,3.75
24,75,0,0,0.0,0.0,0.0
24,76,0,4,0.0,5.0,5.0
24,77,0,0,0.0,0.0,0.0
24,78,2,0,2.5,0.0,-2.5
24,79,0,0,0.0,0.0,0.0
24,80,0,0,0.0,0.0,0.0
24,81,0,1,0.0,1.25,1.25
24,82,0,1,0.0,1.25,1.25
24,83,0,0,0.0,0.0,0.0
24,84,0,0,0.0,0.0,0.0
24,85,1,0,1.25,0.0,-1.25
24,86,0,1,0.0,1.25,1.25
24,87,0,1,0.0,1.25,1.25
24,88,1,0,1.25,0.0,-1.25
24,89,0,0,0.0,0.0,0.0
24,90,0,0,0.0,0.0,0.0
24,91,1,0,1.25,0.0,-1.25
24,92,0,1,0.0,1.25,1.25
24,93,0,0,0.0,0.0,0.0
24,94,1,0,1.25,0.0,-1.25
24,95,0,1,0.0,1.25,1.25
24,96,2,0,2.5,0.0,-2.5
24,97,0,2,0.0,2.5,2.5
24,98,0,0,0.0,0.0,0.0
24,99,0,0,0.0,0.0,0.0
24,100,0,0,0.0,0.0,0.0
24,101,1,0,1.25,0.0,-1.25
24,102,0,0,0.0,0.0,0.0
24,103,1,0,1.25,0.0,-1.25
24,104,1,2,1.25,2.5,1.25
24,105,0,0,0.0,0.0,0.0
24,106,0,0,0.0,0.0,0.0
24,107,0,0,0.0,0.0,0.0
25,0,7,5,8.75,6.25,-2.5
25,1,10,2,12.5,2.5,-10.0
25,2,8,2,10.0,2.5,-7.5
25,3,7,6,8.75,7.5,-1.25
25,4,14,9,17.5,11.25,-6.25
25,5,10,11,12.5,13.75,1.25
25,6,3,3,3.75,3.75,0.0
25,7,2,9,2.5,11.25,8.75
25,8,7,9,8.75,11.25,2.5
25,9,2,4,2.5,5.0,2.5
25,10,7,9,8.75,11.25,2.5
25,11,3,0,3.75,0.0,-3.75
25,12,1,10,1.25,12.5,11.25
25,13,5,7,6.25,8.75,2.5
25,14,17,10,21.25,12.5,-8.75
25,15,5,2,6.25,2.5,-3.75
25,16,12,6,15.0,7.5,-7.5
25,17,8,2,10.0,2.5,-7.5
25,18,8,10,10.0,12.5,2.5
25,19,3,7,3.75,8.75,5.0
25,20,7,5,8.75,6.25,-2.5
25,21,4,7,5.0,8.75,3.75
25,22,5,5,6.25,6.25,0.0
25,23,5,10,6.25,12.5,6.25
25,24,8,3,10.0,3.75,-6.25
25,25,2,3,2.5,3.75,1.25
25,26,2,12,2.5,15.0,12.5
25,27,12,5,15.0,6.25,-8.75
25,28,7,2,8.75,2.5,-6.25
25,29,6,16,7.5,20.0,12.5
25,30,9,7,11.25,8.75,-2.5
25,31,7,1,8.75,1.25,-7.5
25,32,4,4,5.0,5.0,0.0
25,33,1,4,1.25,5.0,3.75
25,34,6,3,7.5,3.75,-3.75
25,35,2,0,2.5,0.0,-2.5
25,36,4,6,5.0,7.5,2.5
25,37,4,1,5.0,1.25,-3.75
25,38,4,3,5.0,3.75,-1.25
25,39,7,8,8.75,10.0,1.25
25,40,16,4,20.0,5.0,-15.0
25,41,4,2,5.0,2.5,-2.5
25,42,1,1,1.25,1.25,0.0
25,43,7,2,8.75,2.5,-6.25
25,44,4,4,5.0,5.0,0.0
25,45,4,6,5.0,7.5,2.5
25,46,1,8,1.25,10.0,8.75
25,47,9,2,11.25,2.5,-8.75
25,48,4,1,5.0,1.25,-3.75
25,49,8,1,10.0,1.25,-8.75
25,50,7,3,8.75,3.75,-5.0
25,51,9,4,11.25,5.0,-6.25
25,52,5,4,6.25,5.0,-1.25
25,53,2,0,2.5,0.0,-2.5
25,54,11,3,13.75,3.75,-10.0
25,55,3,7,3.75,8.75,5.0
25,56,2,8,2.5,10.0,7.5
25,57,8,7,10.0,8.75,-1.25
25,58,1,3,1.25,3.75,2.5
25,59,7,0,8.75,0.0,-8.75
25,60,2,3,2.5,3.75,1.25
25,61,1,8,1.25,10.0,8.75
25,62,3,12,3.75,15.0,11.25
25,63,1,13,1.25,16.25,15.0
25,64,0,1,0.0,1.25,1.25
25,65,4,15,5.0,18.75,13.75
25,66,7,6,8.75,7.5,-1.25
25,67,8,3,10.0,3.75,-6.25
25,68,4,9,5.0,11.25,6.25
25,69,8,2,10.0,2.5,-7.5
25,70,12,4,15.0,5.0,-10.0
25,71,2,1,2.5,1.25,-1.25
25,72,4,13,5.0,16.25,11.25
25,73,0,2,0.0,2.5,2.5
25,74,3,5,3.75,6.25,2.5
25,75,2,7,2.5,8.75,6.25
25,76,2,3,2.5,3.75,1.25
25,77,9,3,11.25,3.75,-7.5
25,78,5,7,6.25,8.75,2.5
25,79,3,5,3.75,6.25,2.5
25,80,5,4,6.25,5.0,-1.25
25,81,0,8,0.0,10.0,10.0
25,82,2,3,2.5,3.75,1.25
25,83,6,5,7.5,6.25,-1.25
25,84,3,15,3.75,18.75,15.0
25,85,4,7,5.0,8.75,3.75
25,86,9,0,11.25,0.0,-11.25
25,87,8,8,10.0,10.0,0.0
25,88,11,5,13.75,6.25,-7.5
25,89,9,7,11.25,8.75,-2.5
25,90,1,5,1.25,6.25,5.0
25,91,6,4,7.5,5.0,-2.5
25,92,2,8,2.5,10.0,7.5
25,93,2,6,2.5,7.5,5.0
25,94,9,3,11.25,3.75,-7.5
25,95,0,7,0.0,8.75,8.75
25,96,5,8,6.25,10.0,3.75
25,97,14,2,17.5,2.5,-15.0
25,98,8,1,10.0,1.25,-8.75
25,99,11,0,13.75,0.0,-13.75
25,100,3,0,3.75,0.0,-3.75
25,101,5,5,6.25,6.25,0.0
25,102,0,4,0.0,5.0,5.0
25,103,7,2,8.75,2.5,-6.25
25,104,8,8,10.0,10.0,0.0
25,105,0,1,0.0,1.25,1.25
25,106,1,1,1.25,1.25,0.0
25,107,2,7,2.5,8.75,6.25
26,0,0,0,0.0,0.0,0.0
26,1,1,0,1.25,0.0,-1.25
26,2,2,1,2.5,1.25,-1.25
26,3,3,0,3.75,0.0,-3.75
26,4,5,1,6.25,1.25,-5.0
26,5,2,0,2.5,0.0,-2.5
26,6,1,1,1.25,1.25,0.0
26,7,2,0,2.5,0.0,-2.5
26,8,0,0,0.0,0.0,0.0
26,9,0,0,0.0,0.0,0.0
26,10,1,1,1.25,1.25,0.0
26,11,2,0,2.5,0.0,-2.5
26,12,0,1,0.0,1.25,1.25
26,13,2,0,2.5,0.0,-2.5
26,14,0,0,0.0,0.0,0.0
26,15,1,0,1.25,0.0,-1.25
26,16,1,0,1.25,0.0,-1.25
26,17,4,1,5.0,1.25,-3.75
26,18,0,0,0.0,0.0,0.0
26,19,0,0,0.0,0.0,0.0
26,20,1,0,1.25,0.0,-1.25
26,21,1,0,1.25,0.0,-1.25
26,22,2,1,2.5,1.25,-1.25
26,23,0,0,0.0,0.0,0.0
26,24,0,0,0.0,0.0,0.0
26,25,0,1,0.0,1.25,1.25
26,26,0,0,0.0,0.0,0.0
26,27,3,0,3.75,0.0,-3.75
26,28,0,1,0.0,1.25,1.25
26,29,0,0,0.0,0.0,0.0
26,30,0,1,0.0,1.25,1.25
26,31,1,0,1.25,0.0,-1.25
26,32,0,1,0.0,1.25,1.25
26,33,1,2,1.25,2.5,1.25
26,34,0,0,0.0,0.0,0.0
26,35,0,0,0.0,0.0,0.0
26,36,0,2,0.0,2.5,2.5
26,37,0,0,0.0,0.0,0.0
26,38,1,0,1.25,0.0,-1.25
26,39,0,0,0.0,0.0,0.0
26,40,0,0,0.0,0.0,0.0
26,41,0,0,0.0,0.0,0.0
26,42,1,0,1.25,0.0,-1.25
26,43,3,0,3.75,0.0,-3.75
26,44,1,0,1.25,0.0,-1.25
26,45,1,0,1.25,0.0,-1.25
26,46,1,2,1.25,2.5,1.25
26,47,2,1,2.5,1.25,-1.25
26,48,1,0,1.25,0.0,-1.25
26,49,0,0,0.0,0.0,0.0
26,50,0,2,0.0,2.5,2.5
26,51,1,1,1.25,1.25,0.0
26,52,0,0,0.0,0.0,0.0
26,53,1,0,1.25,0.0,-1.25
26,54,1,1,1.25,1.25,0.0
26,55,0,0,0.0,0.0,0.0
26,56,0,0,0.0,0.0,0.0
26,57,1,0,1.25,0.0,-1.25
26,58,0,0,0.0,0.0,0.0
26,59,0,1,0.0,1.25,1.25
26,60,0,0,0.0,0.0,0.0
26,61,0,0,0.0,0.0,0.0
26,62,0,0,0.0,0.0,0.0
26,63,1,0,1.25,0.0,-1.25
26,64,0,1,0.0,1.25,1.25
26,65,0,0,0.0,0.0,0.0
26,66,0,1,0.0,1.25,1.25
26,67,0,2,0.0,2.5,2.5
26,68,0,0,0.0,0.0,0.0
26,69,0,0,0.0,0.0,0.0
26,70,0,0,0.0,0.0,0.0
26,71,0,0,0.0,0.0,0.0
26,72,0,0,0.0,0.0,0.0
26,73,2,0,2.5,0.0,-2.5
26,74,0,2,0.0,2.5,2.5
26,75,0,0,0.0,0.0,0.0
26,76,1,1,1.25,1.25,0.0
26,77,0,1,0.0,1.25,1.25
26,78,0,1,0.0,1.25,1.25
26,79,0,2,0.0,2.5,2.5
26,80,1,0,1.25,0.0,-1.25
26,81,1,0,1.25,0.0,-1.25
26,82,1,0,1.25,0.0,-1.25
26,83,1,0,1.25,0.0,-1.25
26,84,0,0,0.0,0.0,0.0
26,85,0,0,0.0,0.0,0.0
26,86,2,1,2.5,1.25,-1.25
26,87,4,3,5.0,3.75,-1.25
26,88,1,0,1.25,0.0,-1.25
26,89,0,0,0.0,0.0,0.0
26,90,0,2,0.0,2.5,2.5
26,91,0,0,0.0,0.0,0.0
26,92,1,0,1.25,0.0,-1.25
26,93,3,2,3.75,2.5,-1.25
26,94,0,0,0.0,0.0,0.0
26,95,1,0,1.25,0.0,-1.25
26,96,1,0,1.25,0.0,-1.25
26,97,1,0,1.25,0.0,-1.25
26,98,1,0,1.25,0.0,-1.25
26,99,3,0,3.75,0.0,-3.75
26,100,0,1,0.0,1.25,1.25
26,101,1,1,1.25,1.25,0.0
26,102,1,0,1.25,0.0,-1.25
26,103,1,0,1.25,0.0,-1.25
26,104,0,2,0.0,2.5,2.5
26,105,1,1,1.25,1.25,0.0
26,106,5,0,6.25,0.0,-6.25
26,107,2,0,2.5,0.0,-2.5
27,0,0,0,0.0,0.0,0.0
27,1,1,1,1.25,1.25,0.0
27,2,2,0,2.5,0.0,-2.5
27,3,2,0,2.5,0.0,-2.5
27,4,5,1,6.25,1.25,-5.0
27,5,0,1,0.0,1.25,1.25
27,6,0,0,0.0,0.0,0.0
27,7,0,1,0.0,1.25,1.25
27,8,0,1,0.0,1.25,1.25
27,9,1,0,1.25,0.0,-1.25
27,10,1,2,1.25,2.5,1.25
27,11,0,0,0.0,0.0,0.0
27,12,0,0,0.0,0.0,0.0
27,13,2,0,2.5,0.0,-2.5
27,14,0,0,0.0,0.0,0.0
27,15,0,2,0.0,2.5,2.5
27,16,0,0,0.0,0.0,0.0
27,17,0,1,0.0,1.25,1.25
27,18,0,1,0.0,1.25,1.25
27,19,1,1,1.25,1.25,0.0
27,20,2,3,2.5,3.75,1.25
27,21,2,1,2.5,1.25,-1.25
27,22,1,0,1.25,0.0,-1.25
27,23,0,0,0.0,0.0,0.0
27,24,0,0,0.0,0.0,0.0
27,25,0,2,0.0,2.5,2.5
27,26,2,3,2.5,3.75,1.25
27,27,3,1,3.75,1.25,-2.5
27,28,0,0,0.0,0.0,0.0
27,29,2,2,2.5,2.5,0.0
27,30,0,1,0.0,1.25,1.25
27,31,0,0,0.0,0.0,0.0
27,32,3,0,3.75,0.0,-3.75
27,33,0,0,0.0,0.0,0.0
27,34,0,1,0.0,1.25,1.25
27,35,1,1,1.25,1.25,0.0
27,36,0,0,0.0,0.0,0.0
27,37,1,0,1.25,0.0,-1.25
27,38,0,0,0.0,0.0,0.0
27,39,0,0,0.0,0.0,0.0
27,40,0,0,0.0,0.0,0.0
27,41,1,3,1.25,3.75,2.5
27,42,0,0,0.0,0.0,0.0
27,43,1,1,1.25,1.25,0.0
27,44,2,3,2.5,3.75,1.25
27,45,2,0,2.5,0.0,-2.5
27,46,0,2,0.0,2.5,2.5
27,47,1,1,1.25,1.25,0.0
27,48,0,3,0.0,3.75,3.75
27,49,1,0,1.25,0.0,-1.25
27,50,0,2,0.0,2.5,2.5
27,51,0,1,0.0,1.25,1.25
27,52,1,1,1.25,1.25,0.0
27,53,0,1,0.0,1.25,1.25
27,54,0,4,0.0,5.0,5.0
27,55,1,0,1.25,0.0,-1.25
27,56,2,2,2.5,2.5,0.0
27,57,0,2,0.0,2.5,2.5
27,58,0,1,0.0,1.25,1.25
27,59,2,0,2.5,0.0,-2.5
27,60,0,3,0.0,3.75,3.75
27,61,0,1,0.0,1.25,1.25
27,62,0,1,0.0,1.25,1.25
27,63,0,1,0.0,1.25,1.25
27,64,2,0,2.5,0.0,-2.5
27,65,0,1,0.0,1.25,1.25
27,66,0,1,0.0,1.25,1.25
27,67,0,1,0.0,1.25,1.25
27,68,0,0,0.0,0.0,0.0
27,69,2,0,2.5,0.0,-2.5
27,70,0,0,0.0,0.0,0.0
27,71,0,0,0.0,0.0,0.0
27,72,0,0,0.0,0.0,0.0
27,73,0,2,0.0,2.5,2.5
27,74,0,5,0.0,6.25,6.25
27,75,2,1,2.5,1.25,-1.25
27,76,3,0,3.75,0.0,-3.75
27,77,2,1,2.5,1.25,-1.25
27,78,4,2,5.0,2.5,-2.5
27,79,1,1,1.25,1.25,0.0
27,80,0,2,0.0,2.5,2.5
27,81,1,0,1.25,0.0,-1.25
27,82,1,1,1.25,1.25,0.0
27,83,1,4,1.25,5.0,3.75
27,84,1,1,1.25,1.25,0.0
27,85,0,0,0.0,0.0,0.0
27,86,12,1,15.0,1.25,-13.75
27,87,6,2,7.5,2.5,-5.0
27,88,9,1,11.25,1.25,-10.0
27,89,0,0,0.0,0.0,0.0
27,90,1,0,1.25,0.0,-1.25
27,91,3,1,3.75,1.25,-2.5
27,92,3,1,3.75,1.25,-2.5
27,93,2,3,2.5,3.75,1.25
27,94,6,0,7.5,0.0,-7.5
27,95,0,1,0.0,1.25,1.25
27,96,3,0,3.75,0.0,-3.75
27,97,4,1,5.0,1.25,-3.75
27,98,1,0,1.25,0.0,-1.25
27,99,2,0,2.5,0.0,-2.5
27,100,0,1,0.0,1.25,1.25
27,101,1,1,1.25,1.25,0.0
27,102,0,1,0.0,1.25,1.25
27,103,1,0,1.25,0.0,-1.25
27,104,0,4,0.0,5.0,5.0
27,105,0,1,0.0,1.25,1.25
27,106,1,0,1.25,0.0,-1.25
27,107,0,0,0.0,0.0,0.0
28,0,0,0,0.0,0.0,0.0
28,1,0,0,0.0,0.0,0.0
28,2,1,0,1.25,0.0,-1.25
28,3,0,0,0.0,0.0,0.0
28,4,0,1,0.0,1.25,1.25
28,5,0,3,0.0,3.75,3.75
28,6,0,0,0.0,0.0,0.0
28,7,0,0,0.0,0.0,0.0
28,8,0,0,0.0,0.0,0.0
28,9,1,0,1.25,0.0,-1.25
28,10,0,0,0.0,0.0,0.0
28,11,0,0,0.0,0.0,0.0
28,12,0,0,0.0,0.0,0.0
28,13,0,0,0.0,0.0,0.0
28,14,0,0,0.0,0.0,0.0
28,15,1,0,1.25,0.0,-1.25
28,16,0,0,0.0,0.0,0.0
28,17,2,0,2.5,0.0,-2.5
28,18,0,0,0.0,0.0,0.0
28,19,0,0,0.0,0.0,0.0
28,20,0,1,0.0,1.25,1.25
28,21,0,1,0.0,1.25,1.25
28,22,0,0,0.0,0.0,0.0
28,23,0,0,0.0,0.0,0.0
28,24,0,0,0.0,0.0,0.0
28,25,0,1,0.0,1.25,1.25
28,26,0,0,0.0,0.0,0.0
28,27,0,0,0.0,0.0,0.0
28,28,0,0,0.0,0.0,0.0
28,29,0,0,0.0,0.0,0.0
28,30,0,0,0.0,0.0,0.0
28,31,0,0,0.0,0.0,0.0
28,32,0,0,0.0,0.0,0.0
28,33,0,0,0.0,0.0,0.0
28,34,0,0,0.0,0.0,0.0
28,35,0,0,0.0,0.0,0.0
28,36,0,0,0.0,0.0,0.0
28,37,0,0,0.0,0.0,0.0
28,38,0,0,0.0,0.0,0.0
28,39,0,0,0.0,0.0,0.0
28,40,0,0,0.0,0.0,0.0
28,41,0,2,0.0,2.5,2.5
28,42,0,0,0.0,0.0,0.0
28,43,1,1,1.25,1.25,0.0
28,44,0,0,0.0,0.0,0.0
28,45,0,0,0.0,0.0,0.0
28,46,1,5,1.25,6.25,5.0
28,47,0,0,0.0,0.0,0.0
28,48,0,0,0.0,0.0,0.0
28,49,1,0,1.25,0.0,-1.25
28,50,1,0,1.25,0.0,-1.25
28,51,0,0,0.0,0.0,0.0
28,52,0,0,0.0,0.0,0.0
28,53,1,0,1.25,0.0,-1.25
28,54,0,0,0.0,0.0,0.0
28,55,2,0,2.5,0.0,-2.5
28,56,1,1,1.25,1.25,0.0
28,57,1,0,1.25,0.0,-1.25
28,58,0,0,0.0,0.0,0.0
28,59,0,0,0.0,0.0,0.0
28,60,0,3,0.0,3.75,3.75
28,61,0,0,0.0,0.0,0.0
28,62,0,0,0.0,0.0,0.0
28,63,0,1,0.0,1.25,1.25
28,64,0,1,0.0,1.25,1.25
28,65,0,2,0.0,2.5,2.5
28,66,0,0,0.0,0.0,0.0
28,67,0,0,0.0,0.0,0.0
28,68,0,1,0.0,1.25,1.25
28,69,1,0,1.25,0.0,-1.25
28,70,2,0,2.5,0.0,-2.5
28,71,0,0,0.0,0.0,0.0
28,72,0,1,0.0,1.25,1.25
28,73,0,1,0.0,1.25,1.25
28,74,0,8,0.0,10.0,10.0
28,75,0,0,0.0,0.0,0.0
28,76,0,0,0.0,0.0,0.0
28,77,0,0,0.0,0.0,0.0
28,78,0,0,0.0,0.0,0.0
28,79,0,0,0.0,0.0,0.0
28,80,0,1,0.0,1.25,1.25
28,81,0,0,0.0,0.0,0.0
28,82,0,0,0.0,0.0,0.0
28,83,0,0,0.0,0.0,0.0
28,84,0,0,0.0,0.0,0.0
28,85,1,0,1.25,0.0,-1.25
28,86,0,1,0.0,1.25,1.25
28,87,0,0,0.0,0.0,0.0
28,88,0,0,0.0,0.0,0.0
28,89,0,0,0.0,0.0,0.0
28,90,0,0,0.0,0.0,0.0
28,91,0,2,0.0,2.5,2.5
28,92,0,0,0.0,0.0,0.0
28,93,0,1,0.0,1.25,1.25
28,94,0,1,0.0,1.25,1.25
28,95,0,0,0.0,0.0,0.0
28,96,0,1,0.0,1.25,1.25
28,97,0,1,0.0,1.25,1.25
28,98,0,0,0.0,0.0,0.0
28,99,0,0,0.0,0.0,0.0
28,100,0,0,0.0,0.0,0.0
28,101,0,0,0.0,0.0,0.0
28,102,0,0,0.0,0.0,0.0
28,103,1,1,1.25,1.25,0.0
28,104,0,7,0.0,8.75,8.75
28,105,0,0,0.0,0.0,0.0
28,106,0,0,0.0,0.0,0.0
28,107,0,0,0.0,0.0,0.0
29,0,0,0,0.0,0.0,0.0
29,1,0,0,0.0,0.0,0.0
29,2,1,0,1.25,0.0,-1.25
29,3,0,0,0.0,0.0,0.0
29,4,0,0,0.0,0.0,0.0
29,5,0,1,0.0,1.25,1.25
29,6,0,0,0.0,0.0,0.0
29,7,0,0,0.0,0.0,0.0
29,8,0,0,0.0,0.0,0.0
29,9,0,0,0.0,0.0,0.0
29,10,0,0,0.0,0.0,0.0
29,11,0,0,0.0,0.0,0.0
29,12,0,0,0.0,0.0,0.0
29,13,0,2,0.0,2.5,2.5
29,14,0,0,0.0,0.0,0.0
29,15,0,0,0.0,0.0,0.0
29,16,0,0,0.0,0.0,0.0
29,17,1,0,1.25,0.0,-1.25
29,18,0,0,0.0,0.0,0.0
29,19,0,0,0.0,0.0,0.0
29,20,0,0,0.0,0.0,0.0
29,21,0,0,0.0,0.0,0.0
29,22,0,0,0.0,0.0,0.0
29,23,0,0,0.0,0.0,0.0
29,24,0,0,0.0,0.0,0.0
29,25,0,0,0.0,0.0,0.0
29,26,4,0,5.0,0.0,-5.0
29,27,0,0,0.0,0.0,0.0
29,28,0,0,0.0,0.0,0.0
29,29,0,0,0.0,0.0,0.0
29,30,0,0,0.0,0.0,0.0
29,31,0,0,0.0,0.0,0.0
29,32,1,0,1.25,0.0,-1.25
29,33,0,0,0.0,0.0,0.0
29,34,0,0,0.0,0.0,0.0
29,35,0,0,0.0,0.0,0.0
29,36,1,0,1.25,0.0,-1.25
29,37,0,0,0.0,0.0,0.0
29,38,0,0,0.0,0.0,0.0
29,39,0,0,0.0,0.0,0.0
29,40,0,0,0.0,0.0,0.0
29,41,0,0,0.0,0.0,0.0
29,42,0,0,0.0,0.0,0.0
29,43,1,0,1.25,0.0,-1.25
29,44,0,0,0.0,0.0,0.0
29,45,0,0,0.0,0.0,0.0
29,46,0,0,0.0,0.0,0.0
29,47,0,0,0.0,0.0,0.0
29,48,1,0,1.25,0.0,-1.25
29,49,0,0,0.0,0.0,0.0
29,50,0,0,0.0,0.0,0.0
29,51,1,0,1.25,0.0,-1.25
29,52,1,2,1.25,2.5,1.25
29,53,0,0,0.0,0.0,0.0
29,54,1,0,1.25,0.0,-1.25
29,55,0,0,0.0,0.0,0.0
29,56,0,0,0.0,0.0,0.0
29,57,0,0,0.0,0.0,0.0
29,58,0,0,0.0,0.0,0.0
29,59,0,0,0.0,0.0,0.0
29,60,0,0,0.0,0.0,0.0
29,61,0,0,0.0,0.0,0.0
29,62,0,0,0.0,0.0,0.0
29,63,0,0,0.0,0.0,0.0
29,64,0,0,0.0,0.0,0.0
29,65,0,0,0.0,0.0,0.0
29,66,0,0,0.0,0.0,0.0
29,67,0,0,0.0,0.0,0.0
29,68,0,0,0.0,0.0,0.0
29,69,3,0,3.75,0.0,-3.75
29,70,0,0,0.0,0.0,0.0
29,71,0,0,0.0,0.0,0.0
29,72,0,0,0.0,0.0,0.0
29,73,0,0,0.0,0.0,0.0
29,74,0,0,0.0,0.0,0.0
29,75,0,0,0.0,0.0,0.0
29,76,0,0,0.0,0.0,0.0
29,77,0,1,0.0,1.25,1.25
29,78,0,0,0.0,0.0,0.0
29,79,0,0,0.0,0.0,0.0
29,80,0,0,0.0,0.0,0.0
29,81,0,1,0.0,1.25,1.25
29,82,0,0,0.0,0.0,0.0
29,83,4,0,5.0,0.0,-5.0
29,84,0,0,0.0,0.0,0.0
29,85,0,0,0.0,0.0,0.0
29,86,0,0,0.0,0.0,0.0
29,87,0,0,0.0,0.0,0.0
29,88,0,0,0.0,0.0,0.0
29,89,0,0,0.0,0.0,0.0
29,90,0,0,0.0,0.0,0.0
29,91,2,0,2.5,0.0,-2.5
29,92,0,0,0.0,0.0,0.0
29,93,0,0,0.0,0.0,0.0
29,94,0,0,0.0,0.0,0.0
29,95,0,0,0.0,0.0,0.0
29,96,0,0,0.0,0.0,0.0
29,97,0,0,0.0,0.0,0.0
29,98,0,0,0.0,0.0,0.0
29,99,0,0,0.0,0.0,0.0
29,100,1,0,1.25,0.0,-1.25
29,101,0,0,0.0,0.0,0.0
29,102,0,0,0.0,0.0,0.0
29,103,0,0,0.0,0.0,0.0
29,104,0,0,0.0,0.0,0.0
29,105,0,0,0.0,0.0,0.0
29,106,0,0,0.0,0.0,0.0
29,107,0,0,0.0,0.0,0.0
30,0,0,1,0.0,1.25,1.25
30,1,0,1,0.0,1.25,1.25
30,2,1,0,1.25,0.0,-1.25
30,3,2,3,2.5,3.75,1.25
30,4,4,6,5.0,7.5,2.5
30,5,0,4,0.0,5.0,5.0
30,6,1,0,1.25,0.0,-1.25
30,7,1,1,1.25,1.25,0.0
30,8,1,3,1.25,3.75,2.5
30,9,2,0,2.5,0.0,-2.5
30,10,2,0,2.5,0.0,-2.5
30,11,0,0,0.0,0.0,0.0
30,12,0,1,0.0,1.25,1.25
30,13,0,0,0.0,0.0,0.0
30,14,2,1,2.5,1.25,-1.25
30,15,1,2,1.25,2.5,1.25
30,16,0,2,0.0,2.5,2.5
30,17,5,0,6.25,0.0,-6.25
30,18,1,4,1.25,5.0,3.75
30,19,0,2,0.0,2.5,2.5
30,20,1,0,1.25,0.0,-1.25
30,21,1,3,1.25,3.75,2.5
30,22,2,1,2.5,1.25,-1.25
30,23,0,0,0.0,0.0,0.0
30,24,0,1,0.0,1.25,1.25
30,25,1,1,1.25,1.25,0.0
30,26,0,2,0.0,2.5,2.5
30,27,1,1,1.25,1.25,0.0
30,28,0,5,0.0,6.25,6.25
30,29,0,6,0.0,7.5,7.5
30,30,1,0,1.25,0.0,-1.25
30,31,0,0,0.0,0.0,0.0
30,32,2,1,2.5,1.25,-1.25
30,33,0,1,0.0,1.25,1.25
30,34,0,0,0.0,0.0,0.0
30,35,2,0,2.5,0.0,-2.5
30,36,0,1,0.0,1.25,1.25
30,37,0,0,0.0,0.0,0.0
30,38,1,1,1.25,1.25,0.0
30,39,0,0,0.0,0.0,0.0
30,40,3,2,3.75,2.5,-1.25
30,41,0,3,0.0,3.75,3.75
30,42,0,0,0.0,0.0,0.0
30,43,0,0,0.0,0.0,0.0
30,44,0,0,0.0,0.0,0.0
30,45,0,1,0.0,1.25,1.25
30,46,2,2,2.5,2.5,0.0
30,47,1,1,1.25,1.25,0.0
30,48,0,0,0.0,0.0,0.0
30,49,0,0,0.0,0.0,0.0
30,50,0,2,0.0,2.5,2.5
30,51,3,2,3.75,2.5,-1.25
30,52,1,0,1.25,0.0,-1.25
30,53,0,0,0.0,0.0,0.0
30,54,1,1,1.25,1.25,0.0
30,55,1,1,1.25,1.25,0.0
30,56,0,1,0.0,1.25,1.25
30,57,3,0,3.75,0.0,-3.75
30,58,0,0,0.0,0.0,0.0
30,59,4,0,5.0,0.0,-5.0
30,60,1,0,1.25,0.0,-1.25
30,61,0,0,0.0,0.0,0.0
30,62,0,3,0.0,3.75,3.75
30,63,0,7,0.0,8.75,8.75
30,64,1,0,1.25,0.0,-1.25
30,65,0,7,0.0,8.75,8.75
30,66,0,2,0.0,2.5,2.5
30,67,4,2,5.0,2.5,-2.5
30,68,0,1,0.0,1.25,1.25
30,69,3,0,3.75,0.0,-3.75
30,70,3,1,3.75,1.25,-2.5
30,71,0,1,0.0,1.25,1.25
30,72,0,3,0.0,3.75,3.75
30,73,0,0,0.0,0.0,0.0
30,74,3,2,3.75,2.5,-1.25
30,75,0,2,0.0,2.5,2.5
30,76,0,1,0.0,1.25,1.25
30,77,2,1,2.5,1.25,-1.25
30,78,2,2,2.5,2.5,0.0
30,79,0,4,0.0,5.0,5.0
30,80,1,1,1.25,1.25,0.0
30,81,0,1,0.0,1.25,1.25
30,82,0,0,0.0,0.0,0.0
30,83,1,0,1.25,0.0,-1.25
30,84,0,0,0.0,0.0,0.0
30,85,0,4,0.0,5.0,5.0
30,86,2,0,2.5,0.0,-2.5
30,87,3,6,3.75,7.5,3.75
30,88,3,0,3.75,0.0,-3.75
30,89,2,2,2.5,2.5,0.0
30,90,1,0,1.25,0.0,-1.25
30,91,0,0,0.0,0.0,0.0
30,92,1,0,1.25,0.0,-1.25
30,93,0,1,0.0,1.25,1.25
30,94,2,2,2.5,2.5,0.0
30,95,0,1,0.0,1.25,1.25
30,96,0,0,0.0,0.0,0.0
30,97,2,0,2.5,0.0,-2.5
30,98,2,0,2.5,0.0,-2.5
30,99,0,0,0.0,0.0,0.0
30,100,0,0,0.0,0.0,0.0
30,101,1,0,1.25,0.0,-1.25
30,102,0,1,0.0,1.25,1.25
30,103,1,0,1.25,0.0,-1.25
30,104,1,4,1.25,5.0,3.75
30,105,0,1,0.0,1.25,1.25
30,106,0,0,0.0,0.0,0.0
30,107,0,0,0.0,0.0,0.0
31,0,0,2,0.0,2.5,2.5
31,1,5,2,6.25,2.5,-3.75
31,2,3,1,3.75,1.25,-2.5
31,3,0,3,0.0,3.75,3.75
31,4,11,2,13.75,2.5,-11.25
31,5,5,4,6.25,5.0,-1.25
31,6,4,3,5.0,3.75,-1.25
31,7,4,3,5.0,3.75,-1.25
31,8,3,3,3.75,3.75,0.0
31,9,4,5,5.0,6.25,1.25
31,10,5,7,6.25,8.75,2.5
31,11,8,8,10.0,10.0,0.0
31,12,8,7,10.0,8.75,-1.25
31,13,6,7,7.5,8.75,1.25
31,14,0,3,0.0,3.75,3.75
31,15,6,4,7.5,5.0,-2.5
31,16,6,5,7.5,6.25,-1.25
31,17,11,5,13.75,6.25,-7.5
31,18,5,8,6.25,10.0,3.75
31,19,6,5,7.5,6.25,-1.25
31,20,6,5,7.5,6.25,-1.25
31,21,1,10,1.25,12.5,11.25
31,22,4,8,5.0,10.0,5.0
31,23,3,8,3.75,10.0,6.25
31,24,7,3,8.75,3.75,-5.0
31,25,5,7,6.25,8.75,2.5
31,26,4,4,5.0,5.0,0.0
31,27,3,3,3.75,3.75,0.0
31,28,4,7,5.0,8.75,3.75
31,29,7,5,8.75,6.25,-2.5
31,30,7,5,8.75,6.25,-2.5
31,31,7,5,8.75,6.25,-2.5
31,32,4,6,5.0,7.5,2.5
31,33,6,6,7.5,7.5,0.0
31,34,6,2,7.5,2.5,-5.0
31,35,10,5,12.5,6.25,-6.25
31,36,5,8,6.25,10.0,3.75
31,37,6,4,7.5,5.0,-2.5
31,38,10,3,12.5,3.75,-8.75
31,39,6,7,7.5,8.75,1.25
31,40,6,6,7.5,7.5,0.0
31,41,7,4,8.75,5.0,-3.75
31,42,3,7,3.75,8.75,5.0
31,43,7,8,8.75,10.0,1.25
31,44,11,7,13.75,8.75,-5.0
31,45,8,5,10.0,6.25,-3.75
31,46,6,4,7.5,5.0,-2.5
31,47,7,7,8.75,8.75,0.0
31,48,10,4,12.5,5.0,-7.5
31,49,7,5,8.75,6.25,-2.5
31,50,4,8,5.0,10.0,5.0
31,51,6,9,7.5,11.25,3.75
31,52,5,5,6.25,6.25,0.0
31,53,6,6,7.5,7.5,0.0
31,54,10,8,12.5,10.0,-2.5
31,55,11,4,13.75,5.0,-8.75
31,56,6,6,7.5,7.5,0.0
31,57,2,5,2.5,6.25,3.75
31,58,2,3,2.5,3.75,1.25
31,59,4,5,5.0,6.25,1.25
31,60,3,2,3.75,2.5,-1.25
31,61,3,6,3.75,7.5,3.75
31,62,5,2,6.25,2.5,-3.75
31,63,5,4,6.25,5.0,-1.25
31,64,5,4,6.25,5.0,-1.25
31,65,7,5,8.75,6.25,-2.5
31,66,5,4,6.25,5.0,-1.25
31,67,2,2,2.5,2.5,0.0
31,68,6,5,7.5,6.25,-1.25
31,69,4,9,5.0,11.25,6.25
31,70,5,7,6.25,8.75,2.5
31,71,4,8,5.0,10.0,5.0
31,72,6,9,7.5,11.25,3.75
31,73,9,5,11.25,6.25,-5.0
31,74,6,5,7.5,6.25,-1.25
31,75,8,4,10.0,5.0,-5.0
31,76,9,6,11.25,7.5,-3.75
31,77,9,3,11.25,3.75,-7.5
31,78,10,8,12.5,10.0,-2.5
31,79,7,4,8.75,5.0,-3.75
31,80,6,4,7.5,5.0,-2.5
31,81,5,11,6.25,13.75,7.5
31,82,3,6,3.75,7.5,3.75
31,83,8,4,10.0,5.0,-5.0
31,84,6,7,7.5,8.75,1.25
31,85,4,4,5.0,5.0,0.0
31,86,10,7,12.5,8.75,-3.75
31,87,5,5,6.25,6.25,0.0
31,88,11,8,13.75,10.0,-3.75
31,89,7,7,8.75,8.75,0.0
31,90,6,7,7.5,8.75,1.25
31,91,8,4,10.0,5.0,-5.0
31,92,3,5,3.75,6.25,2.5
31,93,7,2,8.75,2.5,-6.25
31,94,6,4,7.5,5.0,-2.5
31,95,5,2,6.25,2.5,-3.75
31,96,3,4,3.75,5.0,1.25
31,97,3,3,3.75,3.75,0.0
31,98,4,4,5.0,5.0,0.0
31,99,7,2,8.75,2.5,-6.25
31,100,4,5,5.0,6.25,1.25
31,101,11,6,13.75,7.5,-6.25
31,102,6,2,7.5,2.5,-5.0
31,103,4,0,5.0,0.0,-5.0
31,104,5,4,6.25,5.0,-1.25
31,105,6,4,7.5,5.0,-2.5
31,106,10,5,12.5,6.25,-6.25
31,107,6,3,7.5,3.75,-3.75
32,0,0,1,0.0,1.25,1.25
32,1,5,5,6.25,6.25,0.0
32,2,5,3,6.25,3.75,-2.5
32,3,2,3,2.5,3.75,1.25
32,4,13,6,16.25,7.5,-8.75
32,5,8,8,10.0,10.0,0.0
32,6,5,6,6.25,7.5,1.25
32,7,4,5,5.0,6.25,1.25
32,8,7,5,8.75,6.25,-2.5
32,9,3,6,3.75,7.5,3.75
32,10,5,10,6.25,12.5,6.25
32,11,10,9,12.5,11.25,-1.25
32,12,9,10,11.25,12.5,1.25
32,13,10,6,12.5,7.5,-5.0
32,14,3,4,3.75,5.0,1.25
32,15,7,6,8.75,7.5,-1.25
32,16,6,6,7.5,7.5,0.0
32,17,12,6,15.0,7.5,-7.5
32,18,6,8,7.5,10.0,2.5
32,19,11,5,13.75,6.25,-7.5
32,20,9,5,11.25,6.25,-5.0
32,21,1,13,1.25,16.25,15.0
32,22,5,7,6.25,8.75,2.5
32,23,6,9,7.5,11.25,3.75
32,24,9,6,11.25,7.5,-3.75
32,25,8,8,10.0,10.0,0.0
32,26,7,7,8.75,8.75,0.0
32,27,8,8,10.0,10.0,0.0
32,28,5,10,6.25,12.5,6.25
32,29,11,7,13.75,8.75,-5.0
32,30,9,8,11.25,10.0,-1.25
32,31,9,8,11.25,10.0,-1.25
32,32,8,9,10.0,11.25,1.25
32,33,10,7,12.5,8.75,-3.75
32,34,8,7,10.0,8.75,-1.25
32,35,10,7,12.5,8.75,-3.75
32,36,10,12,12.5,15.0,2.5
32,37,7,6,8.75,7.5,-1.25
32,38,12,4,15.0,5.0,-10.0
32,39,7,8,8.75,10.0,1.25
32,40,8,6,10.0,7.5,-2.5
32,41,7,8,8.75,10.0,1.25
32,42,7,12,8.75,15.0,6.25
32,43,9,11,11.25,13.75,2.5
32,44,12,11,15.0,13.75,-1.25
32,45,8,8,10.0,10.0,0.0
32,46,10,7,12.5,8.75,-3.75
32,47,7,8,8.75,10.0,1.25
32,48,17,5,21.25,6.25,-15.0
32,49,11,9,13.75,11.25,-2.5
32,50,6,9,7.5,11.25,3.75
32,51,11,7,13.75,8.75,-5.0
32,52,11,8,13.75,10.0,-3.75
32,53,8,8,10.0,10.0,0.0
32,54,11,13,13.75,16.25,2.5
32,55,12,9,15.0,11.25,-3.75
32,56,10,6,12.5,7.5,-5.0
32,57,5,6,6.25,7.5,1.25
32,58,3,4,3.75,5.0,1.25
32,59,6,5,7.5,6.25,-1.25
32,60,4,4,5.0,5.0,0.0
32,61,8,8,10.0,10.0,0.0
32,62,10,5,12.5,6.25,-6.25
32,63,10,4,12.5,5.0,-7.5
32,64,6,6,7.5,7.5,0.0
32,65,11,5,13.75,6.25,-7.5
32,66,7,5,8.75,6.25,-2.5
32,67,4,3,5.0,3.75,-1.25
32,68,6,7,7.5,8.75,1.25
32,69,3,9,3.75,11.25,7.5
32,70,7,10,8.75,12.5,3.75
32,71,7,10,8.75,12.5,3.75
32,72,8,13,10.0,16.25,6.25
32,73,9,7,11.25,8.75,-2.5
32,74,8,5,10.0,6.25,-3.75
32,75,11,6,13.75,7.5,-6.25
32,76,9,6,11.25,7.5,-3.75
32,77,9,7,11.25,8.75,-2.5
32,78,11,6,13.75,7.5,-6.25
32,79,9,4,11.25,5.0,-6.25
32,80,9,3,11.25,3.75,-7.5
32,81,7,10,8.75,12.5,3.75
32,82,4,5,5.0,6.25,1.25
32,83,9,8,11.25,10.0,-1.25
32,84,4,7,5.0,8.75,3.75
32,85,5,4,6.25,5.0,-1.25
32,86,9,10,11.25,12.5,1.25
32,87,5,9,6.25,11.25,5.0
32,88,11,8,13.75,10.0,-3.75
32,89,7,5,8.75,6.25,-2.5
32,90,8,7,10.0,8.75,-1.25
32,91,10,5,12.5,6.25,-6.25
32,92,4,7,5.0,8.75,3.75
32,93,11,4,13.75,5.0,-8.75
32,94,9,4,11.25,5.0,-6.25
32,95,9,6,11.25,7.5,-3.75
32,96,6,8,7.5,10.0,2.5
32,97,2,5,2.5,6.25,3.75
32,98,7,6,8.75,7.5,-1.25
32,99,13,3,16.25,3.75,-12.5
32,100,8,5,10.0,6.25,-3.75
32,101,13,6,16.25,7.5,-8.75
32,102,7,1,8.75,1.25,-7.5
32,103,1,2,1.25,2.5,1.25
32,104,8,9,10.0,11.25,1.25
32,105,7,6,8.75,7.5,-1.25
32,106,10,6,12.5,7.5,-5.0
32,107,7,7,8.75,8.75,0.0
33,0,0,3,0.0,3.75,3.75
33,1,1,6,1.25,7.5,6.25
33,2,3,2,3.75,2.5,-1.25
33,3,2,2,2.5,2.5,0.0
33,4,3,1,3.75,1.25,-2.5
33,5,3,2,3.75,2.5,-1.25
33,6,1,2,1.25,2.5,1.25
33,7,0,6,0.0,7.5,7.5
33,8,2,0,2.5,0.0,-2.5
33,9,6,4,7.5,5.0,-2.5
33,10,0,1,0.0,1.25,1.25
33,11,2,0,2.5,0.0,-2.5
33,12,1,1,1.25,1.25,0.0
33,13,1,2,1.25,2.5,1.25
33,14,3,2,3.75,2.5,-1.25
33,15,1,1,1.25,1.25,0.0
33,16,1,4,1.25,5.0,3.75
33,17,1,4,1.25,5.0,3.75
33,18,0,1,0.0,1.25,1.25
33,19,1,0,1.25,0.0,-1.25
33,20,0,1,0.0,1.25,1.25
33,21,1,2,1.25,2.5,1.25
33,22,0,4,0.0,5.0,5.0
33,23,3,3,3.75,3.75,0.0
33,24,1,2,1.25,2.5,1.25
33,25,3,4,3.75,5.0,1.25
33,26,0,3,0.0,3.75,3.75
33,27,2,3,2.5,3.75,1.25
33,28,4,2,5.0,2.5,-2.5
33,29,4,3,5.0,3.75,-1.25
33,30,1,2,1.25,2.5,1.25
33,31,0,2,0.0,2.5,2.5
33,32,0,3,0.0,3.75,3.75
33,33,0,0,0.0,0.0,0.0
33,34,0,1,0.0,1.25,1.25
33,35,1,3,1.25,3.75,2.5
33,36,2,2,2.5,2.5,0.0
33,37,0,2,0.0,2.5,2.5
33,38,1,0,1.25,0.0,-1.25
33,39,3,3,3.75,3.75,0.0
33,40,0,2,0.0,2.5,2.5
33,41,4,1,5.0,1.25,-3.75
33,42,1,2,1.25,2.5,1.25
33,43,0,1,0.0,1.25,1.25
33,44,2,0,2.5,0.0,-2.5
33,45,2,4,2.5,5.0,2.5
33,46,2,2,2.5,2.5,0.0
33,47,0,4,0.0,5.0,5.0
33,48,2,1,2.5,1.25,-1.25
33,49,0,0,0.0,0.0,0.0
33,50,2,8,2.5,10.0,7.5
33,51,0,4,0.0,5.0,5.0
33,52,0,1,0.0,1.25,1.25
33,53,2,0,2.5,0.0,-2.5
33,54,2,1,2.5,1.25,-1.25
33,55,1,0,1.25,0.0,-1.25
33,56,2,1,2.5,1.25,-1.25
33,57,1,0,1.25,0.0,-1.25
33,58,0,1,0.0,1.25,1.25
33,59,0,2,0.0,2.5,2.5
33,60,2,3,2.5,3.75,1.25
33,61,2,3,2.5,3.75,1.25
33,62,4,5,5.0,6.25,1.25
33,63,5,2,6.25,2.5,-3.75
33,64,1,4,1.25,5.0,3.75
33,65,3,1,3.75,1.25,-2.5
33,66,1,2,1.25,2.5,1.25
33,67,0,2,0.0,2.5,2.5
33,68,1,1,1.25,1.25,0.0
33,69,2,3,2.5,3.75,1.25
33,70,1,0,1.25,0.0,-1.25
33,71,0,0,0.0,0.0,0.0
33,72,2,4,2.5,5.0,2.5
33,73,0,3,0.0,3.75,3.75
33,74,1,1,1.25,1.25,0.0
33,75,0,2,0.0,2.5,2.5
33,76,0,2,0.0,2.5,2.5
33,77,2,2,2.5,2.5,0.0
33,78,1,1,1.25,1.25,0.0
33,79,1,4,1.25,5.0,3.75
33,80,0,5,0.0,6.25,6.25
33,81,3,1,3.75,1.25,-2.5
33,82,3,2,3.75,2.5,-1.25
33,83,1,3,1.25,3.75,2.5
33,84,1,3,1.25,3.75,2.5
33,85,1,3,1.25,3.75,2.5
33,86,2,5,2.5,6.25,3.75
33,87,2,4,2.5,5.0,2.5
33,88,2,1,2.5,1.25,-1.25
33,89,1,2,1.25,2.5,1.25
33,90,2,0,2.5,0.0,-2.5
33,91,1,5,1.25,6.25,5.0
33,92,2,4,2.5,5.0,2.5
33,93,2,2,2.5,2.5,0.0
33,94,3,1,3.75,1.25,-2.5
33,95,2,2,2.5,2.5,0.0
33,96,2,2,2.5,2.5,0.0
33,97,1,3,1.25,3.75,2.5
33,98,3,2,3.75,2.5,-1.25
33,99,1,0,1.25,0.0,-1.25
33,100,2,2,2.5,2.5,0.0
33,101,1,1,1.25,1.25,0.0
33,102,1,4,1.25,5.0,3.75
33,103,3,1,3.75,1.25,-2.5
33,104,3,3,3.75,3.75,0.0
33,105,0,1,0.0,1.25,1.25
33,106,0,3,0.0,3.75,3.75
33,107,2,2,2.5,2.5,0.0
34,0,5,1,6.25,1.25,-5.0
34,1,1,2,1.25,2.5,1.25
34,2,1,2,1.25,2.5,1.25
34,3,3,3,3.75,3.75,0.0
34,4,6,3,7.5,3.75,-3.75
34,5,1,3,1.25,3.75,2.5
34,6,3,1,3.75,1.25,-2.5
34,7,1,2,1.25,2.5,1.25
34,8,4,3,5.0,3.75,-1.25
34,9,0,2,0.0,2.5,2.5
34,10,2,5,2.5,6.25,3.75
34,11,2,3,2.5,3.75,1.25
34,12,0,3,0.0,3.75,3.75
34,13,4,1,5.0,1.25,-3.75
34,14,0,2,0.0,2.5,2.5
34,15,1,1,1.25,1.25,0.0
34,16,0,0,0.0,0.0,0.0
34,17,0,1,0.0,1.25,1.25
34,18,0,7,0.0,8.75,8.75
34,19,1,5,1.25,6.25,5.0
34,20,1,2,1.25,2.5,1.25
34,21,2,3,2.5,3.75,1.25
34,22,2,3,2.5,3.75,1.25
34,23,1,4,1.25,5.0,3.75
34,24,0,6,0.0,7.5,7.5
34,25,3,7,3.75,8.75,5.0
34,26,1,6,1.25,7.5,6.25
34,27,0,2,0.0,2.5,2.5
34,28,5,1,6.25,1.25,-5.0
34,29,0,3,0.0,3.75,3.75
34,30,3,0,3.75,0.0,-3.75
34,31,1,1,1.25,1.25,0.0
34,32,0,2,0.0,2.5,2.5
34,33,1,4,1.25,5.0,3.75
34,34,0,2,0.0,2.5,2.5
34,35,1,1,1.25,1.25,0.0
34,36,2,3,2.5,3.75,1.25
34,37,1,3,1.25,3.75,2.5
34,38,0,3,0.0,3.75,3.75
34,39,2,0,2.5,0.0,-2.5
34,40,2,4,2.5,5.0,2.5
34,41,2,2,2.5,2.5,0.0
34,42,2,2,2.5,2.5,0.0
34,43,0,3,0.0,3.75,3.75
34,44,2,2,2.5,2.5,0.0
34,45,2,3,2.5,3.75,1.25
34,46,0,4,0.0,5.0,5.0
34,47,1,2,1.25,2.5,1.25
34,48,6,1,7.5,1.25,-6.25
34,49,3,1,3.75,1.25,-2.5
34,50,2,5,2.5,6.25,3.75
34,51,3,2,3.75,2.5,-1.25
34,52,1,0,1.25,0.0,-1.25
34,53,0,3,0.0,3.75,3.75
34,54,4,2,5.0,2.5,-2.5
34,55,0,4,0.0,5.0,5.0
34,56,1,6,1.25,7.5,6.25
34,57,4,5,5.0,6.25,1.25
34,58,0,4,0.0,5.0,5.0
34,59,4,4,5.0,5.0,0.0
34,60,3,0,3.75,0.0,-3.75
34,61,0,2,0.0,2.5,2.5
34,62,4,1,5.0,1.25,-3.75
34,63,2,6,2.5,7.5,5.0
34,64,0,5,0.0,6.25,6.25
34,65,2,0,2.5,0.0,-2.5
34,66,0,2,0.0,2.5,2.5
34,67,2,3,2.5,3.75,1.25
34,68,2,2,2.5,2.5,0.0
34,69,0,6,0.0,7.5,7.5
34,70,1,2,1.25,2.5,1.25
34,71,0,0,0.0,0.0,0.0
34,72,2,1,2.5,1.25,-1.25
34,73,2,3,2.5,3.75,1.25
34,74,1,8,1.25,10.0,8.75
34,75,1,5,1.25,6.25,5.0
34,76,1,2,1.25,2.5,1.25
34,77,1,3,1.25,3.75,2.5
34,78,3,6,3.75,7.5,3.75
34,79,0,3,0.0,3.75,3.75
34,80,2,5,2.5,6.25,3.75
34,81,2,3,2.5,3.75,1.25
34,82,7,5,8.75,6.25,-2.5
34,83,1,3,1.25,3.75,2.5
34,84,5,7,6.25,8.75,2.5
34,85,3,6,3.75,7.5,3.75
34,86,0,1,0.0,1.25,1.25
34,87,2,3,2.5,3.75,1.25
34,88,2,2,2.5,2.5,0.0
34,89,2,2,2.5,2.5,0.0
34,90,1,2,1.25,2.5,1.25
34,91,3,4,3.75,5.0,1.25
34,92,1,2,1.25,2.5,1.25
34,93,2,2,2.5,2.5,0.0
34,94,4,3,5.0,3.75,-1.25
34,95,2,2,2.5,2.5,0.0
34,96,5,1,6.25,1.25,-5.0
34,97,8,4,10.0,5.0,-5.0
34,98,4,4,5.0,5.0,0.0
34,99,5,0,6.25,0.0,-6.25
34,100,1,3,1.25,3.75,2.5
34,101,1,3,1.25,3.75,2.5
34,102,3,2,3.75,2.5,-1.25
34,103,5,4,6.25,5.0,-1.25
34,104,2,2,2.5,2.5,0.0
34,105,0,2,0.0,2.5,2.5
34,106,0,5,0.0,6.25,6.25
34,107,2,3,2.5,3.75,1.25
35,0,0,0,0.0,0.0,0.0
35,1,2,1,2.5,1.25,-1.25
35,2,1,0,1.25,0.0,-1.25
35,3,1,0,1.25,0.0,-1.25
35,4,1,0,1.25,0.0,-1.25
35,5,3,7,3.75,8.75,5.0
35,6,1,2,1.25,2.5,1.25
35,7,1,0,1.25,0.0,-1.25
35,8,1,2,1.25,2.5,1.25
35,9,1,1,1.25,1.25,0.0
35,10,3,0,3.75,0.0,-3.75
35,11,0,1,0.0,1.25,1.25
35,12,1,0,1.25,0.0,-1.25
35,13,0,0,0.0,0.0,0.0
35,14,1,0,1.25,0.0,-1.25
35,15,1,0,1.25,0.0,-1.25
35,16,0,0,0.0,0.0,0.0
35,17,1,0,1.25,0.0,-1.25
35,18,1,1,1.25,1.25,0.0
35,19,3,1,3.75,1.25,-2.5
35,20,7,8,8.75,10.0,1.25
35,21,0,0,0.0,0.0,0.0
35,22,1,0,1.25,0.0,-1.25
35,23,2,0,2.5,0.0,-2.5
35,24,2,0,2.5,0.0,-2.5
35,25,1,0,1.25,0.0,-1.25
35,26,12,5,15.0,6.25,-8.75
35,27,1,1,1.25,1.25,0.0
35,28,3,0,3.75,0.0,-3.75
35,29,1,1,1.25,1.25,0.0
35,30,0,2,0.0,2.5,2.5
35,31,2,8,2.5,10.0,7.5
35,32,0,1,0.0,1.25,1.25
35,33,0,0,0.0,0.0,0.0
35,34,1,2,1.25,2.5,1.25
35,35,2,0,2.5,0.0,-2.5
35,36,0,3,0.0,3.75,3.75
35,37,0,0,0.0,0.0,0.0
35,38,3,0,3.75,0.0,-3.75
35,39,3,0,3.75,0.0,-3.75
35,40,5,0,6.25,0.0,-6.25
35,41,1,0,1.25,0.0,-1.25
35,42,2,1,2.5,1.25,-1.25
35,43,0,1,0.0,1.25,1.25
35,44,2,1,2.5,1.25,-1.25
35,45,0,2,0.0,2.5,2.5
35,46,0,0,0.0,0.0,0.0
35,47,1,5,1.25,6.25,5.0
35,48,0,0,0.0,0.0,0.0
35,49,0,11,0.0,13.75,13.75
35,50,0,0,0.0,0.0,0.0
35,51,12,1,15.0,1.25,-13.75
35,52,1,0,1.25,0.0,-1.25
35,53,1,1,1.25,1.25,0.0
35,54,0,0,0.0,0.0,0.0
35,55,0,1,0.0,1.25,1.25
35,56,0,2,0.0,2.5,2.5
35,57,1,3,1.25,3.75,2.5
35,58,7,1,8.75,1.25,-7.5
35,59,1,1,1.25,1.25,0.0
35,60,0,0,0.0,0.0,0.0
35,61,1,0,1.25,0.0,-1.25
35,62,1,0,1.25,0.0,-1.25
35,63,0,0,0.0,0.0,0.0
35,64,0,3,0.0,3.75,3.75
35,65,0,0,0.0,0.0,0.0
35,66,0,1,0.0,1.25,1.25
35,67,2,8,2.5,10.0,7.5
35,68,0,0,0.0,0.0,0.0
35,69,9,1,11.25,1.25,-10.0
35,70,3,1,3.75,1.25,-2.5
35,71,4,1,5.0,1.25,-3.75
35,72,0,0,0.0,0.0,0.0
35,73,0,0,0.0,0.0,0.0
35,74,0,0,0.0,0.0,0.0
35,75,15,4,18.75,5.0,-13.75
35,76,0,2,0.0,2.5,2.5
35,77,0,0,0.0,0.0,0.0
35,78,0,1,0.0,1.25,1.25
35,79,7,2,8.75,2.5,-6.25
35,80,0,0,0.0,0.0,0.0
35,81,1,1,1.25,1.25,0.0
35,82,6,3,7.5,3.75,-3.75
35,83,1,0,1.25,0.0,-1.25
35,84,4,3,5.0,3.75,-1.25
35,85,1,1,1.25,1.25,0.0
35,86,1,0,1.25,0.0,-1.25
35,87,0,0,0.0,0.0,0.0
35,88,1,0,1.25,0.0,-1.25
35,89,0,6,0.0,7.5,7.5
35,90,1,2,1.25,2.5,1.25
35,91,1,3,1.25,3.75,2.5
35,92,1,0,1.25,0.0,-1.25
35,93,0,0,0.0,0.0,0.0
35,94,1,0,1.25,0.0,-1.25
35,95,0,1,0.0,1.25,1.25
35,96,1,0,1.25,0.0,-1.25
35,97,1,0,1.25,0.0,-1.25
35,98,1,1,1.25,1.25,0.0
35,99,0,2,0.0,2.5,2.5
35,100,0,0,0.0,0.0,0.0
35,101,0,1,0.0,1.25,1.25
35,102,0,2,0.0,2.5,2.5
35,103,0,0,0.0,0.0,0.0
35,104,0,0,0.0,0.0,0.0
35,105,0,1,0.0,1.25,1.25
35,106,1,2,1.25,2.5,1.25
35,107,1,0,1.25,0.0,-1.25
36,0,1,0,1.25,0.0,-1.25
36,1,2,1,2.5,1.25,-1.25
36,2,1,4,1.25,5.0,3.75
36,3,2,0,2.5,0.0,-2.5
36,4,1,1,1.25,1.25,0.0
36,5,3,10,3.75,12.5,8.75
36,6,1,1,1.25,1.25,0.0
36,7,1,0,1.25,0.0,-1.25
36,8,1,6,1.25,7.5,6.25
36,9,0,2,0.0,2.5,2.5
36,10,2,1,2.5,1.25,-1.25
36,11,2,0,2.5,0.0,-2.5
36,12,1,0,1.25,0.0,-1.25
36,13,0,1,0.0,1.25,1.25
36,14,0,1,0.0,1.25,1.25
36,15,0,0,0.0,0.0,0.0
36,16,0,0,0.0,0.0,0.0
36,17,0,2,0.0,2.5,2.5
36,18,1,0,1.25,0.0,-1.25
36,19,5,4,6.25,5.0,-1.25
36,20,7,11,8.75,13.75,5.0
36,21,0,0,0.0,0.0,0.0
36,22,0,0,0.0,0.0,0.0
36,23,1,0,1.25,0.0,-1.25
36,24,0,0,0.0,0.0,0.0
36,25,1,2,1.25,2.5,1.25
36,26,15,3,18.75,3.75,-15.0
36,27,0,0,0.0,0.0,0.0
36,28,6,0,7.5,0.0,-7.5
36,29,2,1,2.5,1.25,-1.25
36,30,0,1,0.0,1.25,1.25
36,31,1,11,1.25,13.75,12.5
36,32,1,0,1.25,0.0,-1.25
36,33,0,1,0.0,1.25,1.25
36,34,0,0,0.0,0.0,0.0
36,35,1,0,1.25,0.0,-1.25
36,36,0,3,0.0,3.75,3.75
36,37,0,1,0.0,1.25,1.25
36,38,1,3,1.25,3.75,2.5
36,39,0,0,0.0,0.0,0.0
36,40,0,0,0.0,0.0,0.0
36,41,1,0,1.25,0.0,-1.25
36,42,2,1,2.5,1.25,-1.25
36,43,2,2,2.5,2.5,0.0
36,44,0,0,0.0,0.0,0.0
36,45,3,0,3.75,0.0,-3.75
36,46,0,1,0.0,1.25,1.25
36,47,1,3,1.25,3.75,2.5
36,48,0,0,0.0,0.0,0.0
36,49,0,16,0.0,20.0,20.0
36,50,0,0,0.0,0.0,0.0
36,51,7,3,8.75,3.75,-5.0
36,52,1,0,1.25,0.0,-1.25
36,53,0,0,0.0,0.0,0.0
36,54,1,0,1.25,0.0,-1.25
36,55,0,0,0.0,0.0,0.0
36,56,0,1,0.0,1.25,1.25
36,57,2,3,2.5,3.75,1.25
36,58,6,2,7.5,2.5,-5.0
36,59,2,0,2.5,0.0,-2.5
36,60,0,0,0.0,0.0,0.0
36,61,1,0,1.25,0.0,-1.25
36,62,1,1,1.25,1.25,0.0
36,63,1,0,1.25,0.0,-1.25
36,64,0,10,0.0,12.5,12.5
36,65,1,0,1.25,0.0,-1.25
36,66,1,0,1.25,0.0,-1.25
36,67,0,8,0.0,10.0,10.0
36,68,0,0,0.0,0.0,0.0
36,69,1,0,1.25,0.0,-1.25
36,70,1,1,1.25,1.25,0.0
36,71,3,0,3.75,0.0,-3.75
36,72,1,0,1.25,0.0,-1.25
36,73,0,0,0.0,0.0,0.0
36,74,0,1,0.0,1.25,1.25
36,75,10,3,12.5,3.75,-8.75
36,76,0,3,0.0,3.75,3.75
36,77,1,0,1.25,0.0,-1.25
36,78,0,1,0.0,1.25,1.25
36,79,10,0,12.5,0.0,-12.5
36,80,0,3,0.0,3.75,3.75
36,81,0,1,0.0,1.25,1.25
36,82,8,2,10.0,2.5,-7.5
36,83,0,1,0.0,1.25,1.25
36,84,3,3,3.75,3.75,0.0
36,85,1,0,1.25,0.0,-1.25
36,86,1,1,1.25,1.25,0.0
36,87,2,1,2.5,1.25,-1.25
36,88,0,1,0.0,1.25,1.25
36,89,0,4,0.0,5.0,5.0
36,90,0,0,0.0,0.0,0.0
36,91,0,2,0.0,2.5,2.5
36,92,2,0,2.5,0.0,-2.5
36,93,0,0,0.0,0.0,0.0
36,94,0,1,0.0,1.25,1.25
36,95,0,0,0.0,0.0,0.0
36,96,0,0,0.0,0.0,0.0
36,97,1,2,1.25,2.5,1.25
36,98,0,3,0.0,3.75,3.75
36,99,0,1,0.0,1.25,1.25
36,100,0,0,0.0,0.0,0.0
36,101,0,0,0.0,0.0,0.0
36,102,1,3,1.25,3.75,2.5
36,103,0,0,0.0,0.0,0.0
36,104,0,0,0.0,0.0,0.0
36,105,1,1,1.25,1.25,0.0
36,106,0,1,0.0,1.25,1.25
36,107,0,2,0.0,2.5,2.5
37,0,0,1,0.0,1.25,1.25
37,1,1,3,1.25,3.75,2.5
37,2,3,3,3.75,3.75,0.0
37,3,1,3,1.25,3.75,2.5
37,4,3,4,3.75,5.0,1.25
37,5,5,0,6.25,0.0,-6.25
37,6,1,3,1.25,3.75,2.5
37,7,1,4,1.25,5.0,3.75
37,8,0,1,0.0,1.25,1.25
37,9,2,5,2.5,6.25,3.75
37,10,2,2,2.5,2.5,0.0
37,11,1,1,1.25,1.25,0.0
37,12,2,3,2.5,3.75,1.25
37,13,1,2,1.25,2.5,1.25
37,14,0,3,0.0,3.75,3.75
37,15,3,2,3.75,2.5,-1.25
37,16,2,2,2.5,2.5,0.0
37,17,1,0,1.25,0.0,-1.25
37,18,0,3,0.0,3.75,3.75
37,19,0,2,0.0,2.5,2.5
37,20,2,2,2.5,2.5,0.0
37,21,1,0,1.25,0.0,-1.25
37,22,0,4,0.0,5.0,5.0
37,23,1,2,1.25,2.5,1.25
37,24,1,3,1.25,3.75,2.5
37,25,3,3,3.75,3.75,0.0
37,26,2,2,2.5,2.5,0.0
37,27,1,0,1.25,0.0,-1.25
37,28,1,3,1.25,3.75,2.5
37,29,2,0,2.5,0.0,-2.5
37,30,5,4,6.25,5.0,-1.25
37,31,0,3,0.0,3.75,3.75
37,32,2,0,2.5,0.0,-2.5
37,33,4,2,5.0,2.5,-2.5
37,34,2,2,2.5,2.5,0.0
37,35,1,0,1.25,0.0,-1.25
37,36,1,1,1.25,1.25,0.0
37,37,0,3,0.0,3.75,3.75
37,38,1,3,1.25,3.75,2.5
37,39,1,2,1.25,2.5,1.25
37,40,0,0,0.0,0.0,0.0
37,41,4,1,5.0,1.25,-3.75
37,42,0,4,0.0,5.0,5.0
37,43,5,3,6.25,3.75,-2.5
37,44,0,3,0.0,3.75,3.75
37,45,0,1,0.0,1.25,1.25
37,46,1,1,1.25,1.25,0.0
37,47,1,1,1.25,1.25,0.0
37,48,3,4,3.75,5.0,1.25
37,49,1,5,1.25,6.25,5.0
37,50,4,3,5.0,3.75,-1.25
37,51,3,1,3.75,1.25,-2.5
37,52,0,0,0.0,0.0,0.0
37,53,0,1,0.0,1.25,1.25
37,54,2,2,2.5,2.5,0.0
37,55,0,4,0.0,5.0,5.0
37,56,1,2,1.25,2.5,1.25
37,57,2,1,2.5,1.25,-1.25
37,58,1,0,1.25,0.0,-1.25
37,59,0,1,0.0,1.25,1.25
37,60,1,1,1.25,1.25,0.0
37,61,4,1,5.0,1.25,-3.75
37,62,7,4,8.75,5.0,-3.75
37,63,1,2,1.25,2.5,1.25
37,64,2,1,2.5,1.25,-1.25
37,65,1,2,1.25,2.5,1.25
37,66,1,3,1.25,3.75,2.5
37,67,0,2,0.0,2.5,2.5
37,68,0,4,0.0,5.0,5.0
37,69,1,1,1.25,1.25,0.0
37,70,0,1,0.0,1.25,1.25
37,71,3,2,3.75,2.5,-1.25
37,72,2,1,2.5,1.25,-1.25
37,73,1,6,1.25,7.5,6.25
37,74,1,1,1.25,1.25,0.0
37,75,0,0,0.0,0.0,0.0
37,76,2,3,2.5,3.75,1.25
37,77,2,4,2.5,5.0,2.5
37,78,4,0,5.0,0.0,-5.0
37,79,0,4,0.0,5.0,5.0
37,80,2,0,2.5,0.0,-2.5
37,81,2,0,2.5,0.0,-2.5
37,82,0,3,0.0,3.75,3.75
37,83,3,0,3.75,0.0,-3.75
37,84,1,1,1.25,1.25,0.0
37,85,6,2,7.5,2.5,-5.0
37,86,0,3,0.0,3.75,3.75
37,87,0,2,0.0,2.5,2.5
37,88,0,0,0.0,0.0,0.0
37,89,4,0,5.0,0.0,-5.0
37,90,2,2,2.5,2.5,0.0
37,91,3,0,3.75,0.0,-3.75
37,92,8,0,10.0,0.0,-10.0
37,93,1,4,1.25,5.0,3.75
37,94,3,2,3.75,2.5,-1.25
37,95,4,1,5.0,1.25,-3.75
37,96,1,0,1.25,0.0,-1.25
37,97,1,0,1.25,0.0,-1.25
37,98,3,3,3.75,3.75,0.0
37,99,1,1,1.25,1.25,0.0
37,100,3,3,3.75,3.75,0.0
37,101,2,4,2.5,5.0,2.5
37,102,7,1,8.75,1.25,-7.5
37,103,2,1,2.5,1.25,-1.25
37,104,2,2,2.5,2.5,0.0
37,105,3,0,3.75,0.0,-3.75
37,106,2,2,2.5,2.5,0.0
37,107,1,4,1.25,5.0,3.75
38,0,5,9,6.25,11.25,5.0
38,1,0,13,0.0,16.25,16.25
38,2,4,2,5.0,2.5,-2.5
38,3,2,4,2.5,5.0,2.5
38,4,5,6,6.25,7.5,1.25
38,5,7,8,8.75,10.0,1.25
38,6,4,7,5.0,8.75,3.75
38,7,1,10,1.25,12.5,11.25
38,8,0,1,0.0,1.25,1.25
38,9,9,7,11.25,8.75,-2.5
38,10,6,5,7.5,6.25,-1.25
38,11,4,6,5.0,7.5,2.5
38,12,3,6,3.75,7.5,3.75
38,13,2,1,2.5,1.25,-1.25
38,14,1,8,1.25,10.0,8.75
38,15,4,6,5.0,7.5,2.5
38,16,5,7,6.25,8.75,2.5
38,17,4,1,5.0,1.25,-3.75
38,18,3,6,3.75,7.5,3.75
38,19,6,8,7.5,10.0,2.5
38,20,1,12,1.25,15.0,13.75
38,21,1,3,1.25,3.75,2.5
38,22,3,9,3.75,11.25,7.5
38,23,6,9,7.5,11.25,3.75
38,24,8,4,10.0,5.0,-5.0
38,25,8,4,10.0,5.0,-5.0
38,26,6,6,7.5,7.5,0.0
38,27,3,3,3.75,3.75,0.0
38,28,7,3,8.75,3.75,-5.0
38,29,5,3,6.25,3.75,-2.5
38,30,6,3,7.5,3.75,-3.75
38,31,4,10,5.0,12.5,7.5
38,32,6,3,7.5,3.75,-3.75
38,33,7,4,8.75,5.0,-3.75
38,34,5,10,6.25,12.5,6.25
38,35,3,6,3.75,7.5,3.75
38,36,7,5,8.75,6.25,-2.5
38,37,7,9,8.75,11.25,2.5
38,38,9,7,11.25,8.75,-2.5
38,39,1,8,1.25,10.0,8.75
38,40,6,7,7.5,8.75,1.25
38,41,9,9,11.25,11.25,0.0
38,42,5,7,6.25,8.75,2.5
38,43,2,5,2.5,6.25,3.75
38,44,2,4,2.5,5.0,2.5
38,45,3,6,3.75,7.5,3.75
38,46,3,13,3.75,16.25,12.5
38,47,5,3,6.25,3.75,-2.5
38,48,5,9,6.25,11.25,5.0
38,49,0,7,0.0,8.75,8.75
38,50,0,5,0.0,6.25,6.25
38,51,5,6,6.25,7.5,1.25
38,52,5,6,6.25,7.5,1.25
38,53,5,5,6.25,6.25,0.0
38,54,0,5,0.0,6.25,6.25
38,55,2,5,2.5,6.25,3.75
38,56,5,5,6.25,6.25,0.0
38,57,8,2,10.0,2.5,-7.5
38,58,1,1,1.25,1.25,0.0
38,59,7,9,8.75,11.25,2.5
38,60,2,0,2.5,0.0,-2.5
38,61,3,1,3.75,1.25,-2.5
38,62,4,6,5.0,7.5,2.5
38,63,2,9,2.5,11.25,8.75
38,64,3,5,3.75,6.25,2.5
38,65,6,5,7.5,6.25,-1.25
38,66,1,1,1.25,1.25,0.0
38,67,2,2,2.5,2.5,0.0
38,68,5,4,6.25,5.0,-1.25
38,69,5,0,6.25,0.0,-6.25
38,70,1,0,1.25,0.0,-1.25
38,71,3,4,3.75,5.0,1.25
38,72,2,7,2.5,8.75,6.25
38,73,8,3,10.0,3.75,-6.25
38,74,4,5,5.0,6.25,1.25
38,75,4,3,5.0,3.75,-1.25
38,76,1,9,1.25,11.25,10.0
38,77,3,5,3.75,6.25,2.5
38,78,5,2,6.25,2.5,-3.75
38,79,2,8,2.5,10.0,7.5
38,80,7,1,8.75,1.25,-7.5
38,81,3,4,3.75,5.0,1.25
38,82,1,4,1.25,5.0,3.75
38,83,2,0,2.5,0.0,-2.5
38,84,10,0,12.5,0.0,-12.5
38,85,4,3,5.0,3.75,-1.25
38,86,4,2,5.0,2.5,-2.5
38,87,5,2,6.25,2.5,-3.75
38,88,5,3,6.25,3.75,-2.5
38,89,3,4,3.75,5.0,1.25
38,90,2,6,2.5,7.5,5.0
38,91,1,3,1.25,3.75,2.5
38,92,4,4,5.0,5.0,0.0
38,93,3,6,3.75,7.5,3.75
38,94,6,10,7.5,12.5,5.0
38,95,3,5,3.75,6.25,2.5
38,96,0,1,0.0,1.25,1.25
38,97,7,1,8.75,1.25,-7.5
38,98,2,1,2.5,1.25,-1.25
38,99,2,6,2.5,7.5,5.0
38,100,2,7,2.5,8.75,6.25
38,101,1,1,1.25,1.25,0.0
38,102,3,6,3.75,7.5,3.75
38,103,6,1,7.5,1.25,-6.25
38,104,1,11,1.25,13.75,12.5
38,105,4,6,5.0,7.5,2.5
38,106,1,6,1.25,7.5,6.25
38,107,8,0,10.0,0.0,-10.0
39,0,0,1,0.0,1.25,1.25
39,1,0,4,0.0,5.0,5.0
39,2,0,0,0.0,0.0,0.0
39,3,0,4,0.0,5.0,5.0
39,4,0,1,0.0,1.25,1.25
39,5,0,0,0.0,0.0,0.0
39,6,0,1,0.0,1.25,1.25
39,7,0,3,0.0,3.75,3.75
39,8,0,0,0.0,0.0,0.0
39,9,0,3,0.0,3.75,3.75
39,10,0,2,0.0,2.5,2.5
39,11,0,1,0.0,1.25,1.25
39,12,0,5,0.0,6.25,6.25
39,13,3,1,3.75,1.25,-2.5
39,14,1,0,1.25,0.0,-1.25
39,15,0,0,0.0,0.0,0.0
39,16,0,2,0.0,2.5,2.5
39,17,0,0,0.0,0.0,0.0
39,18,0,2,0.0,2.5,2.5
39,19,1,3,1.25,3.75,2.5
39,20,0,0,0.0,0.0,0.0
39,21,0,0,0.0,0.0,0.0
39,22,0,0,0.0,0.0,0.0
39,23,1,1,1.25,1.25,0.0
39,24,1,1,1.25,1.25,0.0
39,25,1,1,1.25,1.25,0.0
39,26,1,2,1.25,2.5,1.25
39,27,0,0,0.0,0.0,0.0
39,28,2,0,2.5,0.0,-2.5
39,29,0,1,0.0,1.25,1.25
39,30,2,2,2.5,2.5,0.0
39,31,0,0,0.0,0.0,0.0
39,32,0,4,0.0,5.0,5.0
39,33,0,0,0.0,0.0,0.0
39,34,1,0,1.25,0.0,-1.25
39,35,2,2,2.5,2.5,0.0
39,36,0,0,0.0,0.0,0.0
39,37,0,0,0.0,0.0,0.0
39,38,0,0,0.0,0.0,0.0
39,39,0,0,0.0,0.0,0.0
39,40,0,1,0.0,1.25,1.25
39,41,0,0,0.0,0.0,0.0
39,42,0,4,0.0,5.0,5.0
39,43,0,0,0.0,0.0,0.0
39,44,0,0,0.0,0.0,0.0
39,45,0,0,0.0,0.0,0.0
39,46,0,2,0.0,2.5,2.5
39,47,0,0,0.0,0.0,0.0
39,48,0,0,0.0,0.0,0.0
39,49,1,2,1.25,2.5,1.25
39,50,0,0,0.0,0.0,0.0
39,51,0,4,0.0,5.0,5.0
39,52,2,0,2.5,0.0,-2.5
39,53,0,0,0.0,0.0,0.0
39,54,0,3,0.0,3.75,3.75
39,55,0,0,0.0,0.0,0.0
39,56,0,1,0.0,1.25,1.25
39,57,0,1,0.0,1.25,1.25
39,58,0,1,0.0,1.25,1.25
39,59,1,0,1.25,0.0,-1.25
39,60,0,3,0.0,3.75,3.75
39,61,0,0,0.0,0.0,0.0
39,62,0,0,0.0,0.0,0.0
39,63,0,0,0.0,0.0,0.0
39,64,0,0,0.0,0.0,0.0
39,65,0,3,0.0,3.75,3.75
39,66,0,0,0.0,0.0,0.0
39,67,0,0,0.0,0.0,0.0
39,68,3,3,3.75,3.75,0.0
39,69,0,0,0.0,0.0,0.0
39,70,0,0,0.0,0.0,0.0
39,71,0,0,0.0,0.0,0.0
39,72,0,0,0.0,0.0,0.0
39,73,0,5,0.0,6.25,6.25
39,74,1,0,1.25,0.0,-1.25
39,75,0,0,0.0,0.0,0.0
39,76,0,2,0.0,2.5,2.5
39,77,0,1,0.0,1.25,1.25
39,78,3,0,3.75,0.0,-3.75
39,79,0,0,0.0,0.0,0.0
39,80,0,0,0.0,0.0,0.0
39,81,2,1,2.5,1.25,-1.25
39,82,1,0,1.25,0.0,-1.25
39,83,0,0,0.0,0.0,0.0
39,84,1,0,1.25,0.0,-1.25
39,85,0,0,0.0,0.0,0.0
39,86,0,0,0.0,0.0,0.0
39,87,0,2,0.0,2.5,2.5
39,88,2,0,2.5,0.0,-2.5
39,89,0,0,0.0,0.0,0.0
39,90,0,0,0.0,0.0,0.0
39,91,0,0,0.0,0.0,0.0
39,92,0,0,0.0,0.0,0.0
39,93,0,0,0.0,0.0,0.0
39,94,3,3,3.75,3.75,0.0
39,95,1,2,1.25,2.5,1.25
39,96,0,0,0.0,0.0,0.0
39,97,0,0,0.0,0.0,0.0
39,98,1,0,1.25,0.0,-1.25
39,99,0,1,0.0,1.25,1.25
39,100,0,0,0.0,0.0,0.0
39,101,0,3,0.0,3.75,3.75
39,102,0,2,0.0,2.5,2.5
39,103,0,0,0.0,0.0,0.0
39,104,0,0,0.0,0.0,0.0
39,105,2,0,2.5,0.0,-2.5
39,106,0,0,0.0,0.0,0.0
39,107,0,1,0.0,1.25,1.25
40,0,0,0,0.0,0.0,0.0
40,1,0,1,0.0,1.25,1.25
40,2,1,0,1.25,0.0,-1.25
40,3,1,4,1.25,5.0,3.75
40,4,0,2,0.0,2.5,2.5
40,5,0,0,0.0,0.0,0.0
40,6,0,1,0.0,1.25,1.25
40,7,0,1,0.0,1.25,1.25
40,8,0,1,0.0,1.25,1.25
40,9,0,0,0.0,0.0,0.0
40,10,1,1,1.25,1.25,0.0
40,11,0,0,0.0,0.0,0.0
40,12,3,2,3.75,2.5,-1.25
40,13,3,5,3.75,6.25,2.5
40,14,2,2,2.5,2.5,0.0
40,15,0,0,0.0,0.0,0.0
40,16,0,3,0.0,3.75,3.75
40,17,1,1,1.25,1.25,0.0
40,18,1,0,1.25,0.0,-1.25
40,19,0,1,0.0,1.25,1.25
40,20,0,0,0.0,0.0,0.0
40,21,1,0,1.25,0.0,-1.25
40,22,1,0,1.25,0.0,-1.25
40,23,0,0,0.0,0.0,0.0
40,24,0,0,0.0,0.0,0.0
40,25,1,0,1.25,0.0,-1.25
40,26,6,2,7.5,2.5,-5.0
40,27,1,0,1.25,0.0,-1.25
40,28,5,1,6.25,1.25,-5.0
40,29,0,0,0.0,0.0,0.0
40,30,1,1,1.25,1.25,0.0
40,31,2,1,2.5,1.25,-1.25
40,32,3,4,3.75,5.0,1.25
40,33,6,5,7.5,6.25,-1.25
40,34,1,3,1.25,3.75,2.5
40,35,4,3,5.0,3.75,-1.25
40,36,3,1,3.75,1.25,-2.5
40,37,1,3,1.25,3.75,2.5
40,38,2,1,2.5,1.25,-1.25
40,39,1,1,1.25,1.25,0.0
40,40,5,1,6.25,1.25,-5.0
40,41,4,1,5.0,1.25,-3.75
40,42,2,2,2.5,2.5,0.0
40,43,3,2,3.75,2.5,-1.25
40,44,0,0,0.0,0.0,0.0
40,45,1,0,1.25,0.0,-1.25
40,46,0,0,0.0,0.0,0.0
40,47,1,2,1.25,2.5,1.25
40,48,0,3,0.0,3.75,3.75
40,49,2,2,2.5,2.5,0.0
40,50,0,1,0.0,1.25,1.25
40,51,3,5,3.75,6.25,2.5
40,52,2,0,2.5,0.0,-2.5
40,53,0,0,0.0,0.0,0.0
40,54,0,0,0.0,0.0,0.0
40,55,0,0,0.0,0.0,0.0
40,56,1,0,1.25,0.0,-1.25
40,57,0,0,0.0,0.0,0.0
40,58,0,0,0.0,0.0,0.0
40,59,0,0,0.0,0.0,0.0
40,60,0,1,0.0,1.25,1.25
40,61,1,0,1.25,0.0,-1.25
40,62,0,0,0.0,0.0,0.0
40,63,0,0,0.0,0.0,0.0
40,64,1,0,1.25,0.0,-1.25
40,65,1,1,1.25,1.25,0.0
40,66,0,0,0.0,0.0,0.0
40,67,0,0,0.0,0.0,0.0
40,68,1,0,1.25,0.0,-1.25
40,69,0,0,0.0,0.0,0.0
40,70,0,0,0.0,0.0,0.0
40,71,0,0,0.0,0.0,0.0
40,72,1,0,1.25,0.0,-1.25
40,73,3,2,3.75,2.5,-1.25
40,74,1,0,1.25,0.0,-1.25
40,75,0,0,0.0,0.0,0.0
40,76,2,0,2.5,0.0,-2.5
40,77,0,1,0.0,1.25,1.25
40,78,4,0,5.0,0.0,-5.0
40,79,0,0,0.0,0.0,0.0
40,80,0,1,0.0,1.25,1.25
40,81,2,0,2.5,0.0,-2.5
40,82,1,0,1.25,0.0,-1.25
40,83,2,0,2.5,0.0,-2.5
40,84,2,0,2.5,0.0,-2.5
40,85,5,1,6.25,1.25,-5.0
40,86,0,4,0.0,5.0,5.0
40,87,0,0,0.0,0.0,0.0
40,88,2,0,2.5,0.0,-2.5
40,89,0,0,0.0,0.0,0.0
40,90,2,9,2.5,11.25,8.75
40,91,1,1,1.25,1.25,0.0
40,92,2,0,2.5,0.0,-2.5
40,93,2,1,2.5,1.25,-1.25
40,94,3,1,3.75,1.25,-2.5
40,95,2,2,2.5,2.5,0.0
40,96,0,0,0.0,0.0,0.0
40,97,0,0,0.0,0.0,0.0
40,98,1,1,1.25,1.25,0.0
40,99,1,0,1.25,0.0,-1.25
40,100,5,0,6.25,0.0,-6.25
40,101,0,1,0.0,1.25,1.25
40,102,0,0,0.0,0.0,0.0
40,103,1,1,1.25,1.25,0.0
40,104,7,3,8.75,3.75,-5.0
40,105,0,1,0.0,1.25,1.25
40,106,0,1,0.0,1.25,1.25
40,107,0,2,0.0,2.5,2.5
41,0,8,8,10.0,10.0,0.0
41,1,5,6,6.25,7.5,1.25
41,2,5,0,6.25,0.0,-6.25
41,3,5,3,6.25,3.75,-2.5
41,4,5,2,6.25,2.5,-3.75
41,5,8,4,10.0,5.0,-5.0
41,6,1,1,1.25,1.25,0.0
41,7,3,2,3.75,2.5,-1.25
41,8,1,1,1.25,1.25,0.0
41,9,11,2,13.75,2.5,-11.25
41,10,4,7,5.0,8.75,3.75
41,11,4,2,5.0,2.5,-2.5
41,12,5,6,6.25,7.5,1.25
41,13,1,2,1.25,2.5,1.25
41,14,3,4,3.75,5.0,1.25
41,15,3,1,3.75,1.25,-2.5
41,16,7,3,8.75,3.75,-5.0
41,17,3,6,3.75,7.5,3.75
41,18,5,1,6.25,1.25,-5.0
41,19,2,4,2.5,5.0,2.5
41,20,1,6,1.25,7.5,6.25
41,21,3,3,3.75,3.75,0.0
41,22,7,1,8.75,1.25,-7.5
41,23,5,2,6.25,2.5,-3.75
41,24,6,1,7.5,1.25,-6.25
41,25,6,5,7.5,6.25,-1.25
41,26,4,3,5.0,3.75,-1.25
41,27,3,1,3.75,1.25,-2.5
41,28,4,3,5.0,3.75,-1.25
41,29,4,3,5.0,3.75,-1.25
41,30,1,2,1.25,2.5,1.25
41,31,1,7,1.25,8.75,7.5
41,32,3,1,3.75,1.25,-2.5
41,33,1,2,1.25,2.5,1.25
41,34,8,6,10.0,7.5,-2.5
41,35,4,4,5.0,5.0,0.0
41,36,8,3,10.0,3.75,-6.25
41,37,4,7,5.0,8.75,3.75
41,38,8,6,10.0,7.5,-2.5
41,39,6,1,7.5,1.25,-6.25
41,40,2,3,2.5,3.75,1.25
41,41,7,3,8.75,3.75,-5.0
41,42,4,2,5.0,2.5,-2.5
41,43,1,7,1.25,8.75,7.5
41,44,4,3,5.0,3.75,-1.25
41,45,3,3,3.75,3.75,0.0
41,46,6,6,7.5,7.5,0.0
41,47,5,4,6.25,5.0,-1.25
41,48,4,5,5.0,6.25,1.25
41,49,7,4,8.75,5.0,-3.75
41,50,11,6,13.75,7.5,-6.25
41,51,2,6,2.5,7.5,5.0
41,52,5,2,6.25,2.5,-3.75
41,53,1,3,1.25,3.75,2.5
41,54,0,6,0.0,7.5,7.5
41,55,5,2,6.25,2.5,-3.75
41,56,3,0,3.75,0.0,-3.75
41,57,1,5,1.25,6.25,5.0
41,58,0,0,0.0,0.0,0.0
41,59,2,4,2.5,5.0,2.5
41,60,1,2,1.25,2.5,1.25
41,61,2,1,2.5,1.25,-1.25
41,62,13,1,16.25,1.25,-15.0
41,63,3,3,3.75,3.75,0.0
41,64,5,0,6.25,0.0,-6.25
41,65,3,6,3.75,7.5,3.75
41,66,4,2,5.0,2.5,-2.5
41,67,2,7,2.5,8.75,6.25
41,68,3,2,3.75,2.5,-1.25
41,69,2,4,2.5,5.0,2.5
41,70,3,1,3.75,1.25,-2.5
41,71,0,1,0.0,1.25,1.25
41,72,8,2,10.0,2.5,-7.5
41,73,5,3,6.25,3.75,-2.5
41,74,0,1,0.0,1.25,1.25
41,75,6,3,7.5,3.75,-3.75
41,76,1,3,1.25,3.75,2.5
41,77,6,3,7.5,3.75,-3.75
41,78,0,2,0.0,2.5,2.5
41,79,1,2,1.25,2.5,1.25
41,80,3,4,3.75,5.0,1.25
41,81,1,2,1.25,2.5,1.25
41,82,2,5,2.5,6.25,3.75
41,83,4,1,5.0,1.25,-3.75
41,84,2,0,2.5,0.0,-2.5
41,85,11,10,13.75,12.5,-1.25
41,86,3,2,3.75,2.5,-1.25
41,87,1,2,1.25,2.5,1.25
41,88,3,7,3.75,8.75,5.0
41,89,5,7,6.25,8.75,2.5
41,90,2,3,2.5,3.75,1.25
41,91,4,1,5.0,1.25,-3.75
41,92,4,3,5.0,3.75,-1.25
41,93,0,3,0.0,3.75,3.75
41,94,1,7,1.25,8.75,7.5
41,95,2,1,2.5,1.25,-1.25
41,96,6,6,7.5,7.5,0.0
41,97,8,6,10.0,7.5,-2.5
41,98,4,8,5.0,10.0,5.0
41,99,4,2,5.0,2.5,-2.5
41,100,3,2,3.75,2.5,-1.25
41,101,1,2,1.25,2.5,1.25
41,102,1,1,1.25,1.25,0.0
41,103,6,5,7.5,6.25,-1.25
41,104,2,0,2.5,0.0,-2.5
41,105,2,4,2.5,5.0,2.5
41,106,2,4,2.5,5.0,2.5
41,107,3,5,3.75,6.25,2.5
42,0,7,6,8.75,7.5,-1.25
42,1,1,8,1.25,10.0,8.75
42,2,9,5,11.25,6.25,-5.0
42,3,12,5,15.0,6.25,-8.75
42,4,3,1,3.75,1.25,-2.5
42,5,9,9,11.25,11.25,0.0
42,6,3,3,3.75,3.75,0.0
42,7,5,14,6.25,17.5,11.25
42,8,5,9,6.25,11.25,5.0
42,9,7,6,8.75,7.5,-1.25
42,10,3,2,3.75,2.5,-1.25
42,11,4,9,5.0,11.25,6.25
42,12,4,9,5.0,11.25,6.25
42,13,3,5,3.75,6.25,2.5
42,14,4,11,5.0,13.75,8.75
42,15,4,4,5.0,5.0,0.0
42,16,3,14,3.75,17.5,13.75
42,17,4,2,5.0,2.5,-2.5
42,18,4,8,5.0,10.0,5.0
42,19,5,2,6.25,2.5,-3.75
42,20,3,8,3.75,10.0,6.25
42,21,4,8,5.0,10.0,5.0
42,22,4,12,5.0,15.0,10.0
42,23,7,5,8.75,6.25,-2.5
42,24,7,4,8.75,5.0,-3.75
42,25,8,5,10.0,6.25,-3.75
42,26,0,12,0.0,15.0,15.0
42,27,1,7,1.25,8.75,7.5
42,28,3,1,3.75,1.25,-2.5
42,29,6,6,7.5,7.5,0.0
42,30,3,2,3.75,2.5,-1.25
42,31,2,9,2.5,11.25,8.75
42,32,1,3,1.25,3.75,2.5
42,33,5,8,6.25,10.0,3.75
42,34,8,8,10.0,10.0,0.0
42,35,4,9,5.0,11.25,6.25
42,36,6,7,7.5,8.75,1.25
42,37,3,12,3.75,15.0,11.25
42,38,10,9,12.5,11.25,-1.25
42,39,4,11,5.0,13.75,8.75
42,40,9,12,11.25,15.0,3.75
42,41,7,12,8.75,15.0,6.25
42,42,6,9,7.5,11.25,3.75
42,43,6,20,7.5,25.0,17.5
42,44,3,18,3.75,22.5,18.75
42,45,11,12,13.75,15.0,1.25
42,46,3,18,3.75,22.5,18.75
42,47,10,16,12.5,20.0,7.5
42,48,8,9,10.0,11.25,1.25
42,49,6,8,7.5,10.0,2.5
42,50,4,12,5.0,15.0,10.0
42,51,4,7,5.0,8.75,3.75
42,52,8,7,10.0,8.75,-1.25
42,53,8,11,10.0,13.75,3.75
42,54,10,11,12.5,13.75,1.25
42,55,3,8,3.75,10.0,6.25
42,56,7,10,8.75,12.5,3.75
42,57,4,5,5.0,6.25,1.25
42,58,4,6,5.0,7.5,2.5
42,59,12,8,15.0,10.0,-5.0
42,60,3,7,3.75,8.75,5.0
42,61,7,5,8.75,6.25,-2.5
42,62,9,8,11.25,10.0,-1.25
42,63,4,16,5.0,20.0,15.0
42,64,9,6,11.25,7.5,-3.75
42,65,12,3,15.0,3.75,-11.25
42,66,4,9,5.0,11.25,6.25
42,67,6,10,7.5,12.5,5.0
42,68,5,13,6.25,16.25,10.0
42,69,7,8,8.75,10.0,1.25
42,70,5,3,6.25,3.75,-2.5
42,71,6,11,7.5,13.75,6.25
42,72,6,9,7.5,11.25,3.75
42,73,10,10,12.5,12.5,0.0
42,74,5,11,6.25,13.75,7.5
42,75,13,6,16.25,7.5,-8.75
42,76,7,11,8.75,13.75,5.0
42,77,16,6,20.0,7.5,-12.5
42,78,4,5,5.0,6.25,1.25
42,79,10,17,12.5,21.25,8.75
42,80,7,10,8.75,12.5,3.75
42,81,13,6,16.25,7.5,-8.75
42,82,0,14,0.0,17.5,17.5
42,83,7,10,8.75,12.5,3.75
42,84,9,12,11.25,15.0,3.75
42,85,11,7,13.75,8.75,-5.0
42,86,12,6,15.0,7.5,-7.5
42,87,8,11,10.0,13.75,3.75
42,88,9,10,11.25,12.5,1.25
42,89,11,8,13.75,10.0,-3.75
42,90,8,10,10.0,12.5,2.5
42,91,4,12,5.0,15.0,10.0
42,92,13,6,16.25,7.5,-8.75
42,93,5,8,6.25,10.0,3.75
42,94,10,8,12.5,10.0,-2.5
42,95,8,3,10.0,3.75,-6.25
42,96,9,10,11.25,12.5,1.25
42,97,17,3,21.25,3.75,-17.5
42,98,8,5,10.0,6.25,-3.75
42,99,4,7,5.0,8.75,3.75
42,100,4,15,5.0,18.75,13.75
42,101,3,11,3.75,13.75,10.0
42,102,8,7,10.0,8.75,-1.25
42,103,21,6,26.25,7.5,-18.75
42,104,7,10,8.75,12.5,3.75
42,105,5,9,6.25,11.25,5.0
42,106,3,10,3.75,12.5,8.75
42,107,10,12,12.5,15.0,2.5
43,0,2,1,2.5,1.25,-1.25
43,1,0,0,0.0,0.0,0.0
43,2,1,0,1.25,0.0,-1.25
43,3,0,1,0.0,1.25,1.25
43,4,0,0,0.0,0.0,0.0
43,5,2,1,2.5,1.25,-1.25
43,6,0,1,0.0,1.25,1.25
43,7,0,2,0.0,2.5,2.5
43,8,0,3,0.0,3.75,3.75
43,9,0,0,0.0,0.0,0.0
43,10,0,1,0.0,1.25,1.25
43,11,0,1,0.0,1.25,1.25
43,12,0,0,0.0,0.0,0.0
43,13,1,0,1.25,0.0,-1.25
43,14,0,0,0.0,0.0,0.0
43,15,2,0,2.5,0.0,-2.5
43,16,1,3,1.25,3.75,2.5
43,17,1,0,1.25,0.0,-1.25
43,18,1,0,1.25,0.0,-1.25
43,19,0,0,0.0,0.0,0.0
43,20,0,0,0.0,0.0,0.0
43,21,1,1,1.25,1.25,0.0
43,22,2,0,2.5,0.0,-2.5
43,23,1,0,1.25,0.0,-1.25
43,24,0,0,0.0,0.0,0.0
43,25,0,0,0.0,0.0,0.0
43,26,0,1,0.0,1.25,1.25
43,27,1,0,1.25,0.0,-1.25
43,28,1,0,1.25,0.0,-1.25
43,29,1,0,1.25,0.0,-1.25
43,30,1,1,1.25,1.25,0.0
43,31,0,2,0.0,2.5,2.5
43,32,0,0,0.0,0.0,0.0
43,33,0,0,0.0,0.0,0.0
43,34,0,0,0.0,0.0,0.0
43,35,1,0,1.25,0.0,-1.25
43,36,1,0,1.25,0.0,-1.25
43,37,0,1,0.0,1.25,1.25
43,38,1,2,1.25,2.5,1.25
43,39,0,0,0.0,0.0,0.0
43,40,1,0,1.25,0.0,-1.25
43,41,1,0,1.25,0.0,-1.25
43,42,0,0,0.0,0.0,0.0
43,43,0,0,0.0,0.0,0.0
43,44,2,1,2.5,1.25,-1.25
43,45,0,0,0.0,0.0,0.0
43,46,1,0,1.25,0.0,-1.25
43,47,1,1,1.25,1.25,0.0
43,48,1,0,1.25,0.0,-1.25
43,49,0,0,0.0,0.0,0.0
43,50,0,0,0.0,0.0,0.0
43,51,0,2,0.0,2.5,2.5
43,52,0,0,0.0,0.0,0.0
43,53,2,3,2.5,3.75,1.25
43,54,2,3,2.5,3.75,1.25
43,55,2,1,2.5,1.25,-1.25
43,56,0,1,0.0,1.25,1.25
43,57,1,1,1.25,1.25,0.0
43,58,1,1,1.25,1.25,0.0
43,59,0,0,0.0,0.0,0.0
43,60,0,0,0.0,0.0,0.0
43,61,0,3,0.0,3.75,3.75
43,62,0,1,0.0,1.25,1.25
43,63,1,1,1.25,1.25,0.0
43,64,2,1,2.5,1.25,-1.25
43,65,2,1,2.5,1.25,-1.25
43,66,0,1,0.0,1.25,1.25
43,67,0,0,0.0,0.0,0.0
43,68,0,1,0.0,1.25,1.25
43,69,2,0,2.5,0.0,-2.5
43,70,0,2,0.0,2.5,2.5
43,71,0,1,0.0,1.25,1.25
43,72,0,0,0.0,0.0,0.0
43,73,1,0,1.25,0.0,-1.25
43,74,0,0,0.0,0.0,0.0
43,75,1,0,1.25,0.0,-1.25
43,76,1,2,1.25,2.5,1.25
43,77,0,0,0.0,0.0,0.0
43,78,3,0,3.75,0.0,-3.75
43,79,0,1,0.0,1.25,1.25
43,80,0,0,0.0,0.0,0.0
43,81,0,0,0.0,0.0,0.0
43,82,1,2,1.25,2.5,1.25
43,83,0,2,0.0,2.5,2.5
43,84,0,2,0.0,2.5,2.5
43,85,0,0,0.0,0.0,0.0
43,86,1,0,1.25,0.0,-1.25
43,87,1,0,1.25,0.0,-1.25
43,88,3,0,3.75,0.0,-3.75
43,89,0,1,0.0,1.25,1.25
43,90,0,0,0.0,0.0,0.0
43,91,2,4,2.5,5.0,2.5
43,92,2,3,2.5,3.75,1.25
43,93,0,0,0.0,0.0,0.0
43,94,0,1,0.0,1.25,1.25
43,95,0,2,0.0,2.5,2.5
43,96,4,0,5.0,0.0,-5.0
43,97,3,0,3.75,0.0,-3.75
43,98,2,1,2.5,1.25,-1.25
43,99,1,1,1.25,1.25,0.0
43,100,1,0,1.25,0.0,-1.25
43,101,0,1,0.0,1.25,1.25
43,102,2,0,2.5,0.0,-2.5
43,103,1,1,1.25,1.25,0.0
43,104,3,0,3.75,0.0,-3.75
43,105,0,1,0.0,1.25,1.25
43,106,1,0,1.25,0.0,-1.25
43,107,0,0,0.0,0.0,0.0
44,0,1,0,1.25,0.0,-1.25
44,1,0,0,0.0,0.0,0.0
44,2,0,0,0.0,0.0,0.0
44,3,0,1,0.0,1.25,1.25
44,4,1,0,1.25,0.0,-1.25
44,5,0,0,0.0,0.0,0.0
44,6,0,0,0.0,0.0,0.0
44,7,0,0,0.0,0.0,0.0
44,8,0,0,0.0,0.0,0.0
44,9,0,0,0.0,0.0,0.0
44,10,0,0,0.0,0.0,0.0
44,11,0,1,0.0,1.25,1.25
44,12,0,0,0.0,0.0,0.0
44,13,0,1,0.0,1.25,1.25
44,14,0,0,0.0,0.0,0.0
44,15,1,0,1.25,0.0,-1.25
44,16,0,0,0.0,0.0,0.0
44,17,0,0,0.0,0.0,0.0
44,18,0,0,0.0,0.0,0.0
44,19,0,0,0.0,0.0,0.0
44,20,1,0,1.25,0.0,-1.25
44,21,0,0,0.0,0.0,0.0
44,22,0,0,0.0,0.0,0.0
44,23,0,0,0.0,0.0,0.0
44,24,1,0,1.25,0.0,-1.25
44,25,0,0,0.0,0.0,0.0
44,26,0,3,0.0,3.75,3.75
44,27,0,0,0.0,0.0,0.0
44,28,0,0,0.0,0.0,0.0
44,29,0,0,0.0,0.0,0.0
44,30,0,0,0.0,0.0,0.0
44,31,0,0,0.0,0.0,0.0
44,32,1,1,1.25,1.25,0.0
44,33,0,0,0.0,0.0,0.0
44,34,0,0,0.0,0.0,0.0
44,35,0,0,0.0,0.0,0.0
44,36,0,0,0.0,0.0,0.0
44,37,0,0,0.0,0.0,0.0
44,38,1,0,1.25,0.0,-1.25
44,39,0,0,0.0,0.0,0.0
44,40,0,0,0.0,0.0,0.0
44,41,1,0,1.25,0.0,-1.25
44,42,1,0,1.25,0.0,-1.25
44,43,0,0,0.0,0.0,0.0
44,44,0,0,0.0,0.0,0.0
44,45,0,0,0.0,0.0,0.0
44,46,0,0,0.0,0.0,0.0
44,47,0,0,0.0,0.0,0.0
44,48,0,0,0.0,0.0,0.0
44,49,0,0,0.0,0.0,0.0
44,50,0,0,0.0,0.0,0.0
44,51,0,0,0.0,0.0,0.0
44,52,0,0,0.0,0.0,0.0
44,53,0,0,0.0,0.0,0.0
44,54,0,0,0.0,0.0,0.0
44,55,0,0,0.0,0.0,0.0
44,56,0,2,0.0,2.5,2.5
44,57,0,0,0.0,0.0,0.0
44,58,0,0,0.0,0.0,0.0
44,59,0,0,0.0,0.0,0.0
44,60,0,0,0.0,0.0,0.0
44,61,0,0,0.0,0.0,0.0
44,62,0,0,0.0,0.0,0.0
44,63,1,0,1.25,0.0,-1.25
44,64,0,0,0.0,0.0,0.0
44,65,0,0,0.0,0.0,0.0
44,66,0,0,0.0,0.0,0.0
44,67,0,0,0.0,0.0,0.0
44,68,0,0,0.0,0.0,0.0
44,69,0,0,0.0,0.0,0.0
44,70,0,0,0.0,0.0,0.0
44,71,0,0,0.0,0.0,0.0
44,72,0,0,0.0,0.0,0.0
44,73,0,0,0.0,0.0,0.0
44,74,0,0,0.0,0.0,0.0
44,75,0,0,0.0,0.0,0.0
44,76,0,0,0.0,0.0,0.0
44,77,0,0,0.0,0.0,0.0
44,78,0,0,0.0,0.0,0.0
44,79,0,0,0.0,0.0,0.0
44,80,0,0,0.0,0.0,0.0
44,81,0,0,0.0,0.0,0.0
44,82,0,0,0.0,0.0,0.0
44,83,0,0,0.0,0.0,0.0
44,84,0,0,0.0,0.0,0.0
44,85,0,0,0.0,0.0,0.0
44,86,0,0,0.0,0.0,0.0
44,87,0,0,0.0,0.0,0.0
44,88,0,0,0.0,0.0,0.0
44,89,0,1,0.0,1.25,1.25
44,90,1,1,1.25,1.25,0.0
44,91,0,0,0.0,0.0,0.0
44,92,0,0,0.0,0.0,0.0
44,93,0,0,0.0,0.0,0.0
44,94,0,0,0.0,0.0,0.0
44,95,0,0,0.0,0.0,0.0
44,96,0,0,0.0,0.0,0.0
44,97,0,0,0.0,0.0,0.0
44,98,0,0,0.0,0.0,0.0
44,99,0,0,0.0,0.0,0.0
44,100,0,0,0.0,0.0,0.0
44,101,0,0,0.0,0.0,0.0
44,102,0,0,0.0,0.0,0.0
44,103,0,0,0.0,0.0,0.0
44,104,0,0,0.0,0.0,0.0
44,105,1,0,1.25,0.0,-1.25
44,106,0,0,0.0,0.0,0.0
44,107,0,0,0.0,0.0,0.0
45,0,0,0,0.0,0.0,0.0
45,1,1,1,1.25,1.25,0.0
45,2,1,1,1.25,1.25,0.0
45,3,3,0,3.75,0.0,-3.75
45,4,1,0,1.25,0.0,-1.25
45,5,0,1,0.0,1.25,1.25
45,6,0,3,0.0,3.75,3.75
45,7,1,3,1.25,3.75,2.5
45,8,0,0,0.0,0.0,0.0
45,9,2,1,2.5,1.25,-1.25
45,10,0,2,0.0,2.5,2.5
45,11,0,1,0.0,1.25,1.25
45,12,2,3,2.5,3.75,1.25
45,13,1,1,1.25,1.25,0.0
45,14,1,1,1.25,1.25,0.0
45,15,1,0,1.25,0.0,-1.25
45,16,1,2,1.25,2.5,1.25
45,17,0,0,0.0,0.0,0.0
45,18,0,1,0.0,1.25,1.25
45,19,2,2,2.5,2.5,0.0
45,20,1,1,1.25,1.25,0.0
45,21,0,1,0.0,1.25,1.25
45,22,2,3,2.5,3.75,1.25
45,23,1,2,1.25,2.5,1.25
45,24,2,0,2.5,0.0,-2.5
45,25,1,3,1.25,3.75,2.5
45,26,2,0,2.5,0.0,-2.5
45,27,0,0,0.0,0.0,0.0
45,28,1,0,1.25,0.0,-1.25
45,29,0,2,0.0,2.5,2.5
45,30,0,1,0.0,1.25,1.25
45,31,1,1,1.25,1.25,0.0
45,32,0,0,0.0,0.0,0.0
45,33,2,2,2.5,2.5,0.0
45,34,1,1,1.25,1.25,0.0
45,35,0,3,0.0,3.75,3.75
45,36,1,3,1.25,3.75,2.5
45,37,1,3,1.25,3.75,2.5
45,38,1,4,1.25,5.0,3.75
45,39,0,2,0.0,2.5,2.5
45,40,1,1,1.25,1.25,0.0
45,41,7,2,8.75,2.5,-6.25
45,42,0,4,0.0,5.0,5.0
45,43,2,3,2.5,3.75,1.25
45,44,0,1,0.0,1.25,1.25
45,45,1,0,1.25,0.0,-1.25
45,46,2,3,2.5,3.75,1.25
45,47,4,3,5.0,3.75,-1.25
45,48,3,1,3.75,1.25,-2.5
45,49,0,3,0.0,3.75,3.75
45,50,1,4,1.25,5.0,3.75
45,51,1,1,1.25,1.25,0.0
45,52,0,1,0.0,1.25,1.25
45,53,2,1,2.5,1.25,-1.25
45,54,0,2,0.0,2.5,2.5
45,55,4,0,5.0,0.0,-5.0
45,56,3,1,3.75,1.25,-2.5
45,57,0,0,0.0,0.0,0.0
45,58,0,0,0.0,0.0,0.0
45,59,1,2,1.25,2.5,1.25
45,60,2,1,2.5,1.25,-1.25
45,61,0,0,0.0,0.0,0.0
45,62,3,2,3.75,2.5,-1.25
45,63,0,1,0.0,1.25,1.25
45,64,0,0,0.0,0.0,0.0
45,65,0,2,0.0,2.5,2.5
45,66,0,2,0.0,2.5,2.5
45,67,1,1,1.25,1.25,0.0
45,68,0,2,0.0,2.5,2.5
45,69,2,0,2.5,0.0,-2.5
45,70,0,0,0.0,0.0,0.0
45,71,0,1,0.0,1.25,1.25
45,72,2,3,2.5,3.75,1.25
45,73,3,1,3.75,1.25,-2.5
45,74,2,2,2.5,2.5,0.0
45,75,2,1,2.5,1.25,-1.25
45,76,1,8,1.25,10.0,8.75
45,77,0,0,0.0,0.0,0.0
45,78,1,0,1.25,0.0,-1.25
45,79,2,6,2.5,7.5,5.0
45,80,0,3,0.0,3.75,3.75
45,81,0,1,0.0,1.25,1.25
45,82,0,4,0.0,5.0,5.0
45,83,0,0,0.0,0.0,0.0
45,84,2,1,2.5,1.25,-1.25
45,85,1,1,1.25,1.25,0.0
45,86,2,1,2.5,1.25,-1.25
45,87,4,1,5.0,1.25,-3.75
45,88,1,0,1.25,0.0,-1.25
45,89,6,1,7.5,1.25,-6.25
45,90,1,2,1.25,2.5,1.25
45,91,2,1,2.5,1.25,-1.25
45,92,1,5,1.25,6.25,5.0
45,93,1,7,1.25,8.75,7.5
45,94,2,4,2.5,5.0,2.5
45,95,1,0,1.25,0.0,-1.25
45,96,0,0,0.0,0.0,0.0
45,97,1,0,1.25,0.0,-1.25
45,98,0,1,0.0,1.25,1.25
45,99,0,1,0.0,1.25,1.25
45,100,0,0,0.0,0.0,0.0
45,101,0,2,0.0,2.5,2.5
45,102,0,0,0.0,0.0,0.0
45,103,0,0,0.0,0.0,0.0
45,104,1,2,1.25,2.5,1.25
45,105,4,1,5.0,1.25,-3.75
45,106,0,1,0.0,1.25,1.25
45,107,1,2,1.25,2.5,1.25
46,0,0,0,0.0,0.0,0.0
46,1,0,0,0.0,0.0,0.0
46,2,0,0,0.0,0.0,0.0
46,3,1,0,1.25,0.0,-1.25
46,4,2,0,2.5,0.0,-2.5
46,5,2,0,2.5,0.0,-2.5
46,6,0,0,0.0,0.0,0.0
46,7,0,0,0.0,0.0,0.0
46,8,0,0,0.0,0.0,0.0
46,9,0,0,0.0,0.0,0.0
46,10,0,0,0.0,0.0,0.0
46,11,0,0,0.0,0.0,0.0
46,12,0,0,0.0,0.0,0.0
46,13,0,0,0.0,0.0,0.0
46,14,0,0,0.0,0.0,0.0
46,15,0,0,0.0,0.0,0.0
46,16,0,1,0.0,1.25,1.25
46,17,0,0,0.0,0.0,0.0
46,18,0,0,0.0,0.0,0.0
46,19,0,0,0.0,0.0,0.0
46,20,0,0,0.0,0.0,0.0
46,21,0,0,0.0,0.0,0.0
46,22,0,3,0.0,3.75,3.75
46,23,0,0,0.0,0.0,0.0
46,24,0,1,0.0,1.25,1.25
46,25,0,2,0.0,2.5,2.5
46,26,1,1,1.25,1.25,0.0
46,27,0,0,0.0,0.0,0.0
46,28,3,0,3.75,0.0,-3.75
46,29,0,1,0.0,1.25,1.25
46,30,0,0,0.0,0.0,0.0
46,31,0,1,0.0,1.25,1.25
46,32,0,0,0.0,0.0,0.0
46,33,0,1,0.0,1.25,1.25
46,34,0,0,0.0,0.0,0.0
46,35,0,0,0.0,0.0,0.0
46,36,0,0,0.0,0.0,0.0
46,37,0,0,0.0,0.0,0.0
46,38,0,0,0.0,0.0,0.0
46,39,0,0,0.0,0.0,0.0
46,40,0,0,0.0,0.0,0.0
46,41,0,0,0.0,0.0,0.0
46,42,0,0,0.0,0.0,0.0
46,43,0,1,0.0,1.25,1.25
46,44,0,0,0.0,0.0,0.0
46,45,2,1,2.5,1.25,-1.25
46,46,0,0,0.0,0.0,0.0
46,47,0,1,0.0,1.25,1.25
46,48,1,0,1.25,0.0,-1.25
46,49,0,0,0.0,0.0,0.0
46,50,1,1,1.25,1.25,0.0
46,51,0,0,0.0,0.0,0.0
46,52,0,0,0.0,0.0,0.0
46,53,0,0,0.0,0.0,0.0
46,54,0,0,0.0,0.0,0.0
46,55,0,0,0.0,0.0,0.0
46,56,0,0,0.0,0.0,0.0
46,57,0,0,0.0,0.0,0.0
46,58,0,0,0.0,0.0,0.0
46,59,0,0,0.0,0.0,0.0
46,60,0,0,0.0,0.0,0.0
46,61,0,0,0.0,0.0,0.0
46,62,0,0,0.0,0.0,0.0
46,63,0,0,0.0,0.0,0.0
46,64,0,2,0.0,2.5,2.5
46,65,1,0,1.25,0.0,-1.25
46,66,0,0,0.0,0.0,0.0
46,67,0,0,0.0,0.0,0.0
46,68,0,0,0.0,0.0,0.0
46,69,0,0,0.0,0.0,0.0
46,70,0,0,0.0,0.0,0.0
46,71,0,0,0.0,0.0,0.0
46,72,0,0,0.0,0.0,0.0
46,73,0,0,0.0,0.0,0.0
46,74,0,1,0.0,1.25,1.25
46,75,0,0,0.0,0.0,0.0
46,76,0,0,0.0,0.0,0.0
46,77,0,0,0.0,0.0,0.0
46,78,0,0,0.0,0.0,0.0
46,79,0,0,0.0,0.0,0.0
46,80,1,0,1.25,0.0,-1.25
46,81,0,0,0.0,0.0,0.0
46,82,0,0,0.0,0.0,0.0
46,83,0,0,0.0,0.0,0.0
46,84,0,0,0.0,0.0,0.0
46,85,0,0,0.0,0.0,0.0
46,86,0,1,0.0,1.25,1.25
46,87,0,1,0.0,1.25,1.25
46,88,0,0,0.0,0.0,0.0
46,89,0,0,0.0,0.0,0.0
46,90,1,0,1.25,0.0,-1.25
46,91,0,0,0.0,0.0,0.0
46,92,0,0,0.0,0.0,0.0
46,93,0,0,0.0,0.0,0.0
46,94,1,1,1.25,1.25,0.0
46,95,0,0,0.0,0.0,0.0
46,96,0,0,0.0,0.0,0.0
46,97,0,0,0.0,0.0,0.0
46,98,0,0,0.0,0.0,0.0
46,99,0,0,0.0,0.0,0.0
46,100,0,1,0.0,1.25,1.25
46,101,0,0,0.0,0.0,0.0
46,102,0,0,0.0,0.0,0.0
46,103,0,0,0.0,0.0,0.0
46,104,1,0,1.25,0.0,-1.25
46,105,0,1,0.0,1.25,1.25
46,106,0,2,0.0,2.5,2.5
46,107,0,0,0.0,0.0,0.0
47,0,2,14,2.5,17.5,15.0
47,1,2,9,2.5,11.25,8.75
47,2,3,0,3.75,0.0,-3.75
47,3,7,4,8.75,5.0,-3.75
47,4,3,6,3.75,7.5,3.75
47,5,11,9,13.75,11.25,-2.5
47,6,2,4,2.5,5.0,2.5
47,7,5,9,6.25,11.25,5.0
47,8,0,3,0.0,3.75,3.75
47,9,6,8,7.5,10.0,2.5
47,10,0,4,0.0,5.0,5.0
47,11,3,4,3.75,5.0,1.25
47,12,5,9,6.25,11.25,5.0
47,13,4,7,5.0,8.75,3.75
47,14,7,5,8.75,6.25,-2.5
47,15,9,5,11.25,6.25,-5.0
47,16,3,7,3.75,8.75,5.0
47,17,4,2,5.0,2.5,-2.5
47,18,4,9,5.0,11.25,6.25
47,19,13,4,16.25,5.0,-11.25
47,20,6,12,7.5,15.0,7.5
47,21,6,7,7.5,8.75,1.25
47,22,1,4,1.25,5.0,3.75
47,23,5,5,6.25,6.25,0.0
47,24,8,2,10.0,2.5,-7.5
47,25,5,10,6.25,12.5,6.25
47,26,3,7,3.75,8.75,5.0
47,27,2,3,2.5,3.75,1.25
47,28,7,6,8.75,7.5,-1.25
47,29,8,8,10.0,10.0,0.0
47,30,5,10,6.25,12.5,6.25
47,31,6,11,7.5,13.75,6.25
47,32,2,3,2.5,3.75,1.25
47,33,6,5,7.5,6.25,-1.25
47,34,6,9,7.5,11.25,3.75
47,35,1,1,1.25,1.25,0.0
47,36,6,11,7.5,13.75,6.25
47,37,8,11,10.0,13.75,3.75
47,38,12,6,15.0,7.5,-7.5
47,39,3,3,3.75,3.75,0.0
47,40,7,5,8.75,6.25,-2.5
47,41,10,10,12.5,12.5,0.0
47,42,7,8,8.75,10.0,1.25
47,43,9,16,11.25,20.0,8.75
47,44,4,7,5.0,8.75,3.75
47,45,8,13,10.0,16.25,6.25
47,46,5,11,6.25,13.75,7.5
47,47,7,8,8.75,10.0,1.25
47,48,5,12,6.25,15.0,8.75
47,49,5,15,6.25,18.75,12.5
47,50,3,13,3.75,16.25,12.5
47,51,4,13,5.0,16.25,11.25
47,52,3,9,3.75,11.25,7.5
47,53,10,9,12.5,11.25,-1.25
47,54,2,10,2.5,12.5,10.0
47,55,2,11,2.5,13.75,11.25
47,56,2,3,2.5,3.75,1.25
47,57,6,4,7.5,5.0,-2.5
47,58,8,4,10.0,5.0,-5.0
47,59,5,10,6.25,12.5,6.25
47,60,6,7,7.5,8.75,1.25
47,61,6,3,7.5,3.75,-3.75
47,62,13,9,16.25,11.25,-5.0
47,63,7,16,8.75,20.0,11.25
47,64,7,10,8.75,12.5,3.75
47,65,2,5,2.5,6.25,3.75
47,66,7,7,8.75,8.75,0.0
47,67,7,9,8.75,11.25,2.5
47,68,4,13,5.0,16.25,11.25
47,69,3,10,3.75,12.5,8.75
47,70,2,1,2.5,1.25,-1.25
47,71,7,6,8.75,7.5,-1.25
47,72,1,4,1.25,5.0,3.75
47,73,8,11,10.0,13.75,3.75
47,74,4,9,5.0,11.25,6.25
47,75,8,4,10.0,5.0,-5.0
47,76,3,11,3.75,13.75,10.0
47,77,5,6,6.25,7.5,1.25
47,78,4,7,5.0,8.75,3.75
47,79,4,8,5.0,10.0,5.0
47,80,6,2,7.5,2.5,-5.0
47,81,6,6,7.5,7.5,0.0
47,82,4,6,5.0,7.5,2.5
47,83,3,3,3.75,3.75,0.0
47,84,3,0,3.75,0.0,-3.75
47,85,11,8,13.75,10.0,-3.75
47,86,9,10,11.25,12.5,1.25
47,87,6,4,7.5,5.0,-2.5
47,88,15,7,18.75,8.75,-10.0
47,89,10,7,12.5,8.75,-3.75
47,90,8,4,10.0,5.0,-5.0
47,91,3,9,3.75,11.25,7.5
47,92,7,2,8.75,2.5,-6.25
47,93,3,10,3.75,12.5,8.75
47,94,1,6,1.25,7.5,6.25
47,95,9,2,11.25,2.5,-8.75
47,96,3,5,3.75,6.25,2.5
47,97,4,4,5.0,5.0,0.0
47,98,9,5,11.25,6.25,-5.0
47,99,6,6,7.5,7.5,0.0
47,100,10,13,12.5,16.25,3.75
47,101,4,6,5.0,7.5,2.5
47,102,5,6,6.25,7.5,1.25
47,103,13,1,16.25,1.25,-15.0
47,104,8,13,10.0,16.25,6.25
47,105,4,8,5.0,10.0,5.0
47,106,1,4,1.25,5.0,3.75
47,107,5,4,6.25,5.0,-1.25
48,0,1,1,1.25,1.25,0.0
48,1,3,3,3.75,3.75,0.0
48,2,7,0,8.75,0.0,-8.75
48,3,4,3,5.0,3.75,-1.25
48,4,1,1,1.25,1.25,0.0
48,5,5,5,6.25,6.25,0.0
48,6,1,2,1.25,2.5,1.25
48,7,2,3,2.5,3.75,1.25
48,8,1,0,1.25,0.0,-1.25
48,9,7,3,8.75,3.75,-5.0
48,10,0,2,0.0,2.5,2.5
48,11,1,2,1.25,2.5,1.25
48,12,3,7,3.75,8.75,5.0
48,13,1,5,1.25,6.25,5.0
48,14,2,8,2.5,10.0,7.5
48,15,5,1,6.25,1.25,-5.0
48,16,3,3,3.75,3.75,0.0
48,17,3,4,3.75,5.0,1.25
48,18,2,5,2.5,6.25,3.75
48,19,4,7,5.0,8.75,3.75
48,20,2,2,2.5,2.5,0.0
48,21,2,3,2.5,3.75,1.25
48,22,0,3,0.0,3.75,3.75
48,23,5,2,6.25,2.5,-3.75
48,24,4,2,5.0,2.5,-2.5
48,25,3,2,3.75,2.5,-1.25
48,26,1,3,1.25,3.75,2.5
48,27,1,2,1.25,2.5,1.25
48,28,4,3,5.0,3.75,-1.25
48,29,6,1,7.5,1.25,-6.25
48,30,1,2,1.25,2.5,1.25
48,31,7,4,8.75,5.0,-3.75
48,32,4,3,5.0,3.75,-1.25
48,33,8,6,10.0,7.5,-2.5
48,34,2,3,2.5,3.75,1.25
48,35,1,1,1.25,1.25,0.0
48,36,5,2,6.25,2.5,-3.75
48,37,3,2,3.75,2.5,-1.25
48,38,2,5,2.5,6.25,3.75
48,39,4,4,5.0,5.0,0.0
48,40,1,1,1.25,1.25,0.0
48,41,3,3,3.75,3.75,0.0
48,42,6,1,7.5,1.25,-6.25
48,43,5,3,6.25,3.75,-2.5
48,44,2,5,2.5,6.25,3.75
48,45,2,3,2.5,3.75,1.25
48,46,1,9,1.25,11.25,10.0
48,47,2,1,2.5,1.25,-1.25
48,48,0,1,0.0,1.25,1.25
48,49,3,4,3.75,5.0,1.25
48,50,3,2,3.75,2.5,-1.25
48,51,5,5,6.25,6.25,0.0
48,52,4,2,5.0,2.5,-2.5
48,53,3,4,3.75,5.0,1.25
48,54,1,3,1.25,3.75,2.5
48,55,3,6,3.75,7.5,3.75
48,56,3,2,3.75,2.5,-1.25
48,57,3,7,3.75,8.75,5.0
48,58,2,0,2.5,0.0,-2.5
48,59,3,4,3.75,5.0,1.25
48,60,2,5,2.5,6.25,3.75
48,61,2,2,2.5,2.5,0.0
48,62,3,5,3.75,6.25,2.5
48,63,3,6,3.75,7.5,3.75
48,64,1,8,1.25,10.0,8.75
48,65,5,3,6.25,3.75,-2.5
48,66,3,1,3.75,1.25,-2.5
48,67,0,1,0.0,1.25,1.25
48,68,3,8,3.75,10.0,6.25
48,69,0,1,0.0,1.25,1.25
48,70,1,2,1.25,2.5,1.25
48,71,0,1,0.0,1.25,1.25
48,72,4,3,5.0,3.75,-1.25
48,73,2,2,2.5,2.5,0.0
48,74,1,5,1.25,6.25,5.0
48,75,0,5,0.0,6.25,6.25
48,76,4,2,5.0,2.5,-2.5
48,77,5,5,6.25,6.25,0.0
48,78,4,0,5.0,0.0,-5.0
48,79,4,5,5.0,6.25,1.25
48,80,2,2,2.5,2.5,0.0
48,81,2,2,2.5,2.5,0.0
48,82,1,2,1.25,2.5,1.25
48,83,4,2,5.0,2.5,-2.5
48,84,3,3,3.75,3.75,0.0
48,85,4,4,5.0,5.0,0.0
48,86,3,5,3.75,6.25,2.5
48,87,1,1,1.25,1.25,0.0
48,88,2,1,2.5,1.25,-1.25
48,89,2,2,2.5,2.5,0.0
48,90,5,2,6.25,2.5,-3.75
48,91,3,1,3.75,1.25,-2.5
48,92,5,4,6.25,5.0,-1.25
48,93,0,5,0.0,6.25,6.25
48,94,3,2,3.75,2.5,-1.25
48,95,9,2,11.25,2.5,-8.75
48,96,2,4,2.5,5.0,2.5
48,97,4,0,5.0,0.0,-5.0
48,98,1,4,1.25,5.0,3.75
48,99,2,0,2.5,0.0,-2.5
48,100,4,3,5.0,3.75,-1.25
48,101,0,2,0.0,2.5,2.5
48,102,2,3,2.5,3.75,1.25
48,103,3,1,3.75,1.25,-2.5
48,104,4,2,5.0,2.5,-2.5
48,105,1,2,1.25,2.5,1.25
48,106,2,5,2.5,6.25,3.75
48,107,1,4,1.25,5.0,3.75
49,0,0,0,0.0,0.0,0.0
49,1,0,1,0.0,1.25,1.25
49,2,0,0,0.0,0.0,0.0
49,3,1,0,1.25,0.0,-1.25
49,4,0,0,0.0,0.0,0.0
49,5,0,1,0.0,1.25,1.25
49,6,0,0,0.0,0.0,0.0
49,7,0,3,0.0,3.75,3.75
49,8,0,1,0.0,1.25,1.25
49,9,1,2,1.25,2.5,1.25
49,10,0,0,0.0,0.0,0.0
49,11,0,1,0.0,1.25,1.25
49,12,0,0,0.0,0.0,0.0
49,13,0,0,0.0,0.0,0.0
49,14,0,0,0.0,0.0,0.0
49,15,0,0,0.0,0.0,0.0
49,16,1,5,1.25,6.25,5.0
49,17,0,1,0.0,1.25,1.25
49,18,0,4,0.0,5.0,5.0
49,19,0,1,0.0,1.25,1.25
49,20,0,1,0.0,1.25,1.25
49,21,0,2,0.0,2.5,2.5
49,22,0,4,0.0,5.0,5.0
49,23,0,2,0.0,2.5,2.5
49,24,0,1,0.0,1.25,1.25
49,25,0,2,0.0,2.5,2.5
49,26,1,3,1.25,3.75,2.5
49,27,1,0,1.25,0.0,-1.25
49,28,0,1,0.0,1.25,1.25
49,29,0,0,0.0,0.0,0.0
49,30,0,1,0.0,1.25,1.25
49,31,1,0,1.25,0.0,-1.25
49,32,0,0,0.0,0.0,0.0
49,33,0,1,0.0,1.25,1.25
49,34,0,1,0.0,1.25,1.25
49,35,1,0,1.25,0.0,-1.25
49,36,0,0,0.0,0.0,0.0
49,37,0,2,0.0,2.5,2.5
49,38,0,0,0.0,0.0,0.0
49,39,0,1,0.0,1.25,1.25
49,40,0,0,0.0,0.0,0.0
49,41,1,0,1.25,0.0,-1.25
49,42,0,2,0.0,2.5,2.5
49,43,2,0,2.5,0.0,-2.5
49,44,0,2,0.0,2.5,2.5
49,45,0,1,0.0,1.25,1.25
49,46,0,0,0.0,0.0,0.0
49,47,0,2,0.0,2.5,2.5
49,48,2,1,2.5,1.25,-1.25
49,49,0,3,0.0,3.75,3.75
49,50,1,2,1.25,2.5,1.25
49,51,0,0,0.0,0.0,0.0
49,52,1,1,1.25,1.25,0.0
49,53,0,2,0.0,2.5,2.5
49,54,0,1,0.0,1.25,1.25
49,55,1,0,1.25,0.0,-1.25
49,56,0,0,0.0,0.0,0.0
49,57,0,0,0.0,0.0,0.0
49,58,0,0,0.0,0.0,0.0
49,59,0,0,0.0,0.0,0.0
49,60,0,0,0.0,0.0,0.0
49,61,1,0,1.25,0.0,-1.25
49,62,2,5,2.5,6.25,3.75
49,63,2,1,2.5,1.25,-1.25
49,64,1,0,1.25,0.0,-1.25
49,65,0,1,0.0,1.25,1.25
49,66,0,0,0.0,0.0,0.0
49,67,0,0,0.0,0.0,0.0
49,68,1,1,1.25,1.25,0.0
49,69,1,0,1.25,0.0,-1.25
49,70,0,0,0.0,0.0,0.0
49,71,2,0,2.5,0.0,-2.5
49,72,0,4,0.0,5.0,5.0
49,73,3,3,3.75,3.75,0.0
49,74,1,3,1.25,3.75,2.5
49,75,0,2,0.0,2.5,2.5
49,76,2,1,2.5,1.25,-1.25
49,77,1,2,1.25,2.5,1.25
49,78,2,0,2.5,0.0,-2.5
49,79,2,2,2.5,2.5,0.0
49,80,0,0,0.0,0.0,0.0
49,81,2,1,2.5,1.25,-1.25
49,82,0,1,0.0,1.25,1.25
49,83,1,0,1.25,0.0,-1.25
49,84,2,1,2.5,1.25,-1.25
49,85,3,1,3.75,1.25,-2.5
49,86,0,2,0.0,2.5,2.5
49,87,1,2,1.25,2.5,1.25
49,88,0,0,0.0,0.0,0.0
49,89,1,0,1.25,0.0,-1.25
49,90,1,0,1.25,0.0,-1.25
49,91,1,2,1.25,2.5,1.25
49,92,1,0,1.25,0.0,-1.25
49,93,0,3,0.0,3.75,3.75
49,94,1,0,1.25,0.0,-1.25
49,95,2,0,2.5,0.0,-2.5
49,96,0,0,0.0,0.0,0.0
49,97,3,0,3.75,0.0,-3.75
49,98,0,0,0.0,0.0,0.0
49,99,0,0,0.0,0.0,0.0
49,100,1,0,1.25,0.0,-1.25
49,101,0,0,0.0,0.0,0.0
49,102,1,0,1.25,0.0,-1.25
49,103,0,0,0.0,0.0,0.0
49,104,0,1,0.0,1.25,1.25
49,105,0,2,0.0,2.5,2.5
49,106,0,0,0.0,0.0,0.0
49,107,0,1,0.0,1.25,1.25
50,0,4,3,5.0,3.75,-1.25
50,1,1,10,1.25,12.5,11.25
50,2,2,3,2.5,3.75,1.25
50,3,10,5,12.5,6.25,-6.25
50,4,8,5,10.0,6.25,-3.75
50,5,7,3,8.75,3.75,-5.0
50,6,1,2,1.25,2.5,1.25
50,7,2,13,2.5,16.25,13.75
50,8,2,6,2.5,7.5,5.0
50,9,4,6,5.0,7.5,2.5
50,10,5,5,6.25,6.25,0.0
50,11,1,4,1.25,5.0,3.75
50,12,3,8,3.75,10.0,6.25
50,13,1,5,1.25,6.25,5.0
50,14,1,5,1.25,6.25,5.0
50,15,4,4,5.0,5.0,0.0
50,16,4,5,5.0,6.25,1.25
50,17,2,3,2.5,3.75,1.25
50,18,4,6,5.0,7.5,2.5
50,19,6,5,7.5,6.25,-1.25
50,20,1,5,1.25,6.25,5.0
50,21,6,1,7.5,1.25,-6.25
50,22,1,6,1.25,7.5,6.25
50,23,7,2,8.75,2.5,-6.25
50,24,7,3,8.75,3.75,-5.0
50,25,5,5,6.25,6.25,0.0
50,26,2,5,2.5,6.25,3.75
50,27,2,4,2.5,5.0,2.5
50,28,3,5,3.75,6.25,2.5
50,29,3,4,3.75,5.0,1.25
50,30,1,3,1.25,3.75,2.5
50,31,0,6,0.0,7.5,7.5
50,32,4,5,5.0,6.25,1.25
50,33,5,5,6.25,6.25,0.0
50,34,5,9,6.25,11.25,5.0
50,35,0,2,0.0,2.5,2.5
50,36,5,4,6.25,5.0,-1.25
50,37,7,4,8.75,5.0,-3.75
50,38,8,10,10.0,12.5,2.5
50,39,6,9,7.5,11.25,3.75
50,40,4,6,5.0,7.5,2.5
50,41,3,6,3.75,7.5,3.75
50,42,7,7,8.75,8.75,0.0
50,43,4,11,5.0,13.75,8.75
50,44,2,10,2.5,12.5,10.0
50,45,4,2,5.0,2.5,-2.5
50,46,4,7,5.0,8.75,3.75
50,47,5,12,6.25,15.0,8.75
50,48,8,5,10.0,6.25,-3.75
50,49,2,7,2.5,8.75,6.25
50,50,6,10,7.5,12.5,5.0
50,51,2,7,2.5,8.75,6.25
50,52,5,6,6.25,7.5,1.25
50,53,5,6,6.25,7.5,1.25
50,54,7,2,8.75,2.5,-6.25
50,55,2,4,2.5,5.0,2.5
50,56,8,7,10.0,8.75,-1.25
50,57,2,2,2.5,2.5,0.0
50,58,4,2,5.0,2.5,-2.5
50,59,6,2,7.5,2.5,-5.0
50,60,2,4,2.5,5.0,2.5
50,61,4,2,5.0,2.5,-2.5
50,62,3,3,3.75,3.75,0.0
50,63,4,10,5.0,12.5,7.5
50,64,4,6,5.0,7.5,2.5
50,65,3,5,3.75,6.25,2.5
50,66,7,7,8.75,8.75,0.0
50,67,1,9,1.25,11.25,10.0
50,68,8,9,10.0,11.25,1.25
50,69,6,7,7.5,8.75,1.25
50,70,3,1,3.75,1.25,-2.5
50,71,4,8,5.0,10.0,5.0
50,72,4,7,5.0,8.75,3.75
50,73,12,10,15.0,12.5,-2.5
50,74,4,4,5.0,5.0,0.0
50,75,8,6,10.0,7.5,-2.5
50,76,4,8,5.0,10.0,5.0
50,77,9,2,11.25,2.5,-8.75
50,78,5,3,6.25,3.75,-2.5
50,79,6,13,7.5,16.25,8.75
50,80,5,3,6.25,3.75,-2.5
50,81,6,2,7.5,2.5,-5.0
50,82,1,9,1.25,11.25,10.0
50,83,1,8,1.25,10.0,8.75
50,84,7,8,8.75,10.0,1.25
50,85,5,3,6.25,3.75,-2.5
50,86,5,8,6.25,10.0,3.75
50,87,6,6,7.5,7.5,0.0
50,88,6,7,7.5,8.75,1.25
50,89,10,4,12.5,5.0,-7.5
50,90,7,8,8.75,10.0,1.25
50,91,5,4,6.25,5.0,-1.25
50,92,9,3,11.25,3.75,-7.5
50,93,3,4,3.75,5.0,1.25
50,94,7,2,8.75,2.5,-6.25
50,95,9,6,11.25,7.5,-3.75
50,96,3,3,3.75,3.75,0.0
50,97,12,3,15.0,3.75,-11.25
50,98,6,6,7.5,7.5,0.0
50,99,4,2,5.0,2.5,-2.5
50,100,2,8,2.5,10.0,7.5
50,101,2,6,2.5,7.5,5.0
50,102,7,2,8.75,2.5,-6.25
50,103,15,5,18.75,6.25,-12.5
50,104,4,5,5.0,6.25,1.25
50,105,5,3,6.25,3.75,-2.5
50,106,2,5,2.5,6.25,3.75
50,107,5,3,6.25,3.75,-2.5
51,0,5,4,6.25,5.0,-1.25
51,1,5,4,6.25,5.0,-1.25
51,2,6,5,7.5,6.25,-1.25
51,3,4,3,5.0,3.75,-1.25
51,4,3,3,3.75,3.75,0.0
51,5,2,5,2.5,6.25,3.75
51,6,9,6,11.25,7.5,-3.75
51,7,2,4,2.5,5.0,2.5
51,8,3,0,3.75,0.0,-3.75
51,9,0,6,0.0,7.5,7.5
51,10,8,4,10.0,5.0,-5.0
51,11,4,1,5.0,1.25,-3.75
51,12,7,2,8.75,2.5,-6.25
51,13,4,3,5.0,3.75,-1.25
51,14,2,2,2.5,2.5,0.0
51,15,2,3,2.5,3.75,1.25
51,16,6,3,7.5,3.75,-3.75
51,17,1,1,1.25,1.25,0.0
51,18,3,7,3.75,8.75,5.0
51,19,5,8,6.25,10.0,3.75
51,20,3,5,3.75,6.25,2.5
51,21,1,2,1.25,2.5,1.25
51,22,4,5,5.0,6.25,1.25
51,23,4,5,5.0,6.25,1.25
51,24,6,3,7.5,3.75,-3.75
51,25,7,8,8.75,10.0,1.25
51,26,6,7,7.5,8.75,1.25
51,27,6,5,7.5,6.25,-1.25
51,28,7,5,8.75,6.25,-2.5
51,29,2,5,2.5,6.25,3.75
51,30,8,2,10.0,2.5,-7.5
51,31,4,13,5.0,16.25,11.25
51,32,7,2,8.75,2.5,-6.25
51,33,7,7,8.75,8.75,0.0
51,34,6,4,7.5,5.0,-2.5
51,35,6,6,7.5,7.5,0.0
51,36,6,6,7.5,7.5,0.0
51,37,6,8,7.5,10.0,2.5
51,38,7,3,8.75,3.75,-5.0
51,39,1,3,1.25,3.75,2.5
51,40,7,3,8.75,3.75,-5.0
51,41,7,5,8.75,6.25,-2.5
51,42,7,5,8.75,6.25,-2.5
51,43,2,5,2.5,6.25,3.75
51,44,3,2,3.75,2.5,-1.25
51,45,3,5,3.75,6.25,2.5
51,46,5,11,6.25,13.75,7.5
51,47,3,0,3.75,0.0,-3.75
51,48,3,3,3.75,3.75,0.0
51,49,5,9,6.25,11.25,5.0
51,50,0,8,0.0,10.0,10.0
51,51,4,4,5.0,5.0,0.0
51,52,4,8,5.0,10.0,5.0
51,53,5,6,6.25,7.5,1.25
51,54,3,7,3.75,8.75,5.0
51,55,2,4,2.5,5.0,2.5
51,56,5,2,6.25,2.5,-3.75
51,57,4,3,5.0,3.75,-1.25
51,58,1,0,1.25,0.0,-1.25
51,59,12,14,15.0,17.5,2.5
51,60,6,5,7.5,6.25,-1.25
51,61,5,0,6.25,0.0,-6.25
51,62,8,2,10.0,2.5,-7.5
51,63,1,3,1.25,3.75,2.5
51,64,3,1,3.75,1.25,-2.5
51,65,4,3,5.0,3.75,-1.25
51,66,3,2,3.75,2.5,-1.25
51,67,2,1,2.5,1.25,-1.25
51,68,9,5,11.25,6.25,-5.0
51,69,6,2,7.5,2.5,-5.0
51,70,2,2,2.5,2.5,0.0
51,71,2,1,2.5,1.25,-1.25
51,72,4,6,5.0,7.5,2.5
51,73,2,0,2.5,0.0,-2.5
51,74,1,3,1.25,3.75,2.5
51,75,3,4,3.75,5.0,1.25
51,76,0,0,0.0,0.0,0.0
51,77,5,7,6.25,8.75,2.5
51,78,3,3,3.75,3.75,0.0
51,79,2,4,2.5,5.0,2.5
51,80,3,3,3.75,3.75,0.0
51,81,0,2,0.0,2.5,2.5
51,82,1,4,1.25,5.0,3.75
51,83,3,1,3.75,1.25,-2.5
51,84,4,2,5.0,2.5,-2.5
51,85,6,5,7.5,6.25,-1.25
51,86,1,2,1.25,2.5,1.25
51,87,0,0,0.0,0.0,0.0
51,88,3,4,3.75,5.0,1.25
51,89,6,3,7.5,3.75,-3.75
51,90,1,2,1.25,2.5,1.25
51,91,0,3,0.0,3.75,3.75
51,92,3,3,3.75,3.75,0.0
51,93,1,3,1.25,3.75,2.5
51,94,6,3,7.5,3.75,-3.75
51,95,3,0,3.75,0.0,-3.75
51,96,2,2,2.5,2.5,0.0
51,97,0,2,0.0,2.5,2.5
51,98,2,0,2.5,0.0,-2.5
51,99,2,4,2.5,5.0,2.5
51,100,5,2,6.25,2.5,-3.75
51,101,4,6,5.0,7.5,2.5
51,102,2,2,2.5,2.5,0.0
51,103,3,1,3.75,1.25,-2.5
51,104,0,3,0.0,3.75,3.75
51,105,3,4,3.75,5.0,1.25
51,106,2,0,2.5,0.0,-2.5
51,107,4,4,5.0,5.0,0.0
52,0,3,3,3.75,3.75,0.0
52,1,3,9,3.75,11.25,7.5
52,2,20,13,25.0,16.25,-8.75
52,3,16,8,20.0,10.0,-10.0
52,4,4,5,5.0,6.25,1.25
52,5,5,6,6.25,7.5,1.25
52,6,8,5,10.0,6.25,-3.75
52,7,3,13,3.75,16.25,12.5
52,8,12,18,15.0,22.5,7.5
52,9,10,7,12.5,8.75,-3.75
52,10,6,1,7.5,1.25,-6.25
52,11,2,10,2.5,12.5,10.0
52,12,10,18,12.5,22.5,10.0
52,13,5,7,6.25,8.75,2.5
52,14,9,9,11.25,11.25,0.0
52,15,4,9,5.0,11.25,6.25
52,16,9,7,11.25,8.75,-2.5
52,17,5,8,6.25,10.0,3.75
52,18,6,3,7.5,3.75,-3.75
52,19,7,20,8.75,25.0,16.25
52,20,3,5,3.75,6.25,2.5
52,21,8,6,10.0,7.5,-2.5
52,22,10,6,12.5,7.5,-5.0
52,23,10,5,12.5,6.25,-6.25
52,24,6,10,7.5,12.5,5.0
52,25,3,7,3.75,8.75,5.0
52,26,2,8,2.5,10.0,7.5
52,27,6,11,7.5,13.75,6.25
52,28,7,19,8.75,23.75,15.0
52,29,10,3,12.5,3.75,-8.75
52,30,6,4,7.5,5.0,-2.5
52,31,8,10,10.0,12.5,2.5
52,32,3,5,3.75,6.25,2.5
52,33,7,11,8.75,13.75,5.0
52,34,8,8,10.0,10.0,0.0
52,35,5,3,6.25,3.75,-2.5
52,36,1,9,1.25,11.25,10.0
52,37,0,12,0.0,15.0,15.0
52,38,4,10,5.0,12.5,7.5
52,39,6,3,7.5,3.75,-3.75
52,40,12,5,15.0,6.25,-8.75
52,41,13,1,16.25,1.25,-15.0
52,42,3,8,3.75,10.0,6.25
52,43,7,6,8.75,7.5,-1.25
52,44,11,11,13.75,13.75,0.0
52,45,10,4,12.5,5.0,-7.5
52,46,4,11,5.0,13.75,8.75
52,47,4,1,5.0,1.25,-3.75
52,48,4,4,5.0,5.0,0.0
52,49,6,10,7.5,12.5,5.0
52,50,5,8,6.25,10.0,3.75
52,51,4,11,5.0,13.75,8.75
52,52,12,4,15.0,5.0,-10.0
52,53,7,8,8.75,10.0,1.25
52,54,6,1,7.5,1.25,-6.25
52,55,2,13,2.5,16.25,13.75
52,56,8,6,10.0,7.5,-2.5
52,57,10,6,12.5,7.5,-5.0
52,58,19,14,23.75,17.5,-6.25
52,59,7,7,8.75,8.75,0.0
52,60,7,7,8.75,8.75,0.0
52,61,5,10,6.25,12.5,6.25
52,62,14,6,17.5,7.5,-10.0
52,63,7,12,8.75,15.0,6.25
52,64,5,8,6.25,10.0,3.75
52,65,4,5,5.0,6.25,1.25
52,66,8,11,10.0,13.75,3.75
52,67,4,8,5.0,10.0,5.0
52,68,5,9,6.25,11.25,5.0
52,69,5,7,6.25,8.75,2.5
52,70,4,13,5.0,16.25,11.25
52,71,3,10,3.75,12.5,8.75
52,72,2,5,2.5,6.25,3.75
52,73,5,12,6.25,15.0,8.75
52,74,2,7,2.5,8.75,6.25
52,75,9,3,11.25,3.75,-7.5
52,76,2,7,2.5,8.75,6.25
52,77,2,4,2.5,5.0,2.5
52,78,8,6,10.0,7.5,-2.5
52,79,4,5,5.0,6.25,1.25
52,80,4,5,5.0,6.25,1.25
52,81,12,6,15.0,7.5,-7.5
52,82,2,5,2.5,6.25,3.75
52,83,4,15,5.0,18.75,13.75
52,84,7,12,8.75,15.0,6.25
52,85,7,9,8.75,11.25,2.5
52,86,8,8,10.0,10.0,0.0
52,87,10,8,12.5,10.0,-2.5
52,88,16,10,20.0,12.5,-7.5
52,89,17,3,21.25,3.75,-17.5
52,90,9,6,11.25,7.5,-3.75
52,91,9,13,11.25,16.25,5.0
52,92,12,8,15.0,10.0,-5.0
52,93,10,4,12.5,5.0,-7.5
52,94,8,10,10.0,12.5,2.5
52,95,14,5,17.5,6.25,-11.25
52,96,14,5,17.5,6.25,-11.25
52,97,14,10,17.5,12.5,-5.0
52,98,14,10,17.5,12.5,-5.0
52,99,16,0,20.0,0.0,-20.0
52,100,4,10,5.0,12.5,7.5
52,101,12,14,15.0,17.5,2.5
52,102,16,2,20.0,2.5,-17.5
52,103,6,2,7.5,2.5,-5.0
52,104,9,11,11.25,13.75,2.5
52,105,11,3,13.75,3.75,-10.0
52,106,6,5,7.5,6.25,-1.25
52,107,5,9,6.25,11.25,5.0
53,0,0,0,0.0,0.0,0.0
53,1,0,1,0.0,1.25,1.25
53,2,1,2,1.25,2.5,1.25
53,3,0,3,0.0,3.75,3.75
53,4,0,0,0.0,0.0,0.0
53,5,1,2,1.25,2.5,1.25
53,6,0,2,0.0,2.5,2.5
53,7,0,4,0.0,5.0,5.0
53,8,0,2,0.0,2.5,2.5
53,9,0,3,0.0,3.75,3.75
53,10,1,1,1.25,1.25,0.0
53,11,1,5,1.25,6.25,5.0
53,12,0,1,0.0,1.25,1.25
53,13,0,0,0.0,0.0,0.0
53,14,0,2,0.0,2.5,2.5
53,15,1,0,1.25,0.0,-1.25
53,16,3,7,3.75,8.75,5.0
53,17,0,2,0.0,2.5,2.5
53,18,1,4,1.25,5.0,3.75
53,19,1,4,1.25,5.0,3.75
53,20,1,0,1.25,0.0,-1.25
53,21,1,1,1.25,1.25,0.0
53,22,0,4,0.0,5.0,5.0
53,23,4,2,5.0,2.5,-2.5
53,24,2,2,2.5,2.5,0.0
53,25,0,0,0.0,0.0,0.0
53,26,1,2,1.25,2.5,1.25
53,27,1,1,1.25,1.25,0.0
53,28,1,6,1.25,7.5,6.25
53,29,0,1,0.0,1.25,1.25
53,30,1,2,1.25,2.5,1.25
53,31,2,0,2.5,0.0,-2.5
53,32,0,1,0.0,1.25,1.25
53,33,7,1,8.75,1.25,-7.5
53,34,0,4,0.0,5.0,5.0
53,35,1,0,1.25,0.0,-1.25
53,36,3,0,3.75,0.0,-3.75
53,37,0,1,0.0,1.25,1.25
53,38,0,0,0.0,0.0,0.0
53,39,3,0,3.75,0.0,-3.75
53,40,0,0,0.0,0.0,0.0
53,41,1,2,1.25,2.5,1.25
53,42,0,7,0.0,8.75,8.75
53,43,5,2,6.25,2.5,-3.75
53,44,0,4,0.0,5.0,5.0
53,45,0,3,0.0,3.75,3.75
53,46,0,1,0.0,1.25,1.25
53,47,0,2,0.0,2.5,2.5
53,48,0,2,0.0,2.5,2.5
53,49,3,5,3.75,6.25,2.5
53,50,2,2,2.5,2.5,0.0
53,51,1,2,1.25,2.5,1.25
53,52,1,3,1.25,3.75,2.5
53,53,1,5,1.25,6.25,5.0
53,54,0,0,0.0,0.0,0.0
53,55,1,4,1.25,5.0,3.75
53,56,0,1,0.0,1.25,1.25
53,57,1,0,1.25,0.0,-1.25
53,58,1,0,1.25,0.0,-1.25
53,59,2,0,2.5,0.0,-2.5
53,60,1,1,1.25,1.25,0.0
53,61,4,0,5.0,0.0,-5.0
53,62,2,4,2.5,5.0,2.5
53,63,5,1,6.25,1.25,-5.0
53,64,1,1,1.25,1.25,0.0
53,65,1,2,1.25,2.5,1.25
53,66,1,2,1.25,2.5,1.25
53,67,0,1,0.0,1.25,1.25
53,68,1,5,1.25,6.25,5.0
53,69,1,1,1.25,1.25,0.0
53,70,0,0,0.0,0.0,0.0
53,71,2,1,2.5,1.25,-1.25
53,72,0,1,0.0,1.25,1.25
53,73,2,4,2.5,5.0,2.5
53,74,1,4,1.25,5.0,3.75
53,75,0,3,0.0,3.75,3.75
53,76,4,1,5.0,1.25,-3.75
53,77,1,4,1.25,5.0,3.75
53,78,5,0,6.25,0.0,-6.25
53,79,1,6,1.25,7.5,6.25
53,80,1,1,1.25,1.25,0.0
53,81,3,0,3.75,0.0,-3.75
53,82,0,3,0.0,3.75,3.75
53,83,1,0,1.25,0.0,-1.25
53,84,3,5,3.75,6.25,2.5
53,85,3,3,3.75,3.75,0.0
53,86,0,6,0.0,7.5,7.5
53,87,0,2,0.0,2.5,2.5
53,88,1,1,1.25,1.25,0.0
53,89,3,0,3.75,0.0,-3.75
53,90,1,0,1.25,0.0,-1.25
53,91,6,0,7.5,0.0,-7.5
53,92,7,4,8.75,5.0,-3.75
53,93,0,2,0.0,2.5,2.5
53,94,1,2,1.25,2.5,1.25
53,95,5,0,6.25,0.0,-6.25
53,96,1,1,1.25,1.25,0.0
53,97,5,1,6.25,1.25,-5.0
53,98,3,0,3.75,0.0,-3.75
53,99,0,1,0.0,1.25,1.25
53,100,0,4,0.0,5.0,5.0
53,101,1,2,1.25,2.5,1.25
53,102,4,1,5.0,1.25,-3.75
53,103,0,0,0.0,0.0,0.0
53,104,1,1,1.25,1.25,0.0
53,105,1,1,1.25,1.25,0.0
53,106,2,2,2.5,2.5,0.0
53,107,0,2,0.0,2.5,2.5
54,0,6,7,7.5,8.75,1.25
54,1,8,8,10.0,10.0,0.0
54,2,8,10,10.0,12.5,2.5
54,3,6,7,7.5,8.75,1.25
54,4,6,9,7.5,11.25,3.75
54,5,10,7,12.5,8.75,-3.75
54,6,9,6,11.25,7.5,-3.75
54,7,6,9,7.5,11.25,3.75
54,8,6,8,7.5,10.0,2.5
54,9,13,9,16.25,11.25,-5.0
54,10,6,8,7.5,10.0,2.5
54,11,5,7,6.25,8.75,2.5
54,12,6,5,7.5,6.25,-1.25
54,13,4,6,5.0,7.5,2.5
54,14,7,7,8.75,8.75,0.0
54,15,8,6,10.0,7.5,-2.5
54,16,7,10,8.75,12.5,3.75
54,17,9,5,11.25,6.25,-5.0
54,18,8,10,10.0,12.5,2.5
54,19,12,12,15.0,15.0,0.0
54,20,7,8,8.75,10.0,1.25
54,21,8,10,10.0,12.5,2.5
54,22,8,11,10.0,13.75,3.75
54,23,8,10,10.0,12.5,2.5
54,24,8,4,10.0,5.0,-5.0
54,25,10,12,12.5,15.0,2.5
54,26,8,9,10.0,11.25,1.25
54,27,3,7,3.75,8.75,5.0
54,28,10,8,12.5,10.0,-2.5
54,29,12,8,15.0,10.0,-5.0
54,30,12,10,15.0,12.5,-2.5
54,31,11,13,13.75,16.25,2.5
54,32,9,8,11.25,10.0,-1.25
54,33,10,11,12.5,13.75,1.25
54,34,10,10,12.5,12.5,0.0
54,35,11,11,13.75,13.75,0.0
54,36,11,9,13.75,11.25,-2.5
54,37,11,12,13.75,15.0,1.25
54,38,13,13,16.25,16.25,0.0
54,39,6,10,7.5,12.5,5.0
54,40,10,10,12.5,12.5,0.0
54,41,11,15,13.75,18.75,5.0
54,42,8,9,10.0,11.25,1.25
54,43,8,12,10.0,15.0,5.0
54,44,7,7,8.75,8.75,0.0
54,45,10,15,12.5,18.75,6.25
54,46,11,11,13.75,13.75,0.0
54,47,9,6,11.25,7.5,-3.75
54,48,8,17,10.0,21.25,11.25
54,49,6,10,7.5,12.5,5.0
54,50,4,10,5.0,12.5,7.5
54,51,10,11,12.5,13.75,1.25
54,52,9,7,11.25,8.75,-2.5
54,53,8,13,10.0,16.25,6.25
54,54,10,14,12.5,17.5,5.0
54,55,8,11,10.0,13.75,3.75
54,56,7,6,8.75,7.5,-1.25
54,57,4,10,5.0,12.5,7.5
54,58,6,5,7.5,6.25,-1.25
54,59,7,12,8.75,15.0,6.25
54,60,8,10,10.0,12.5,2.5
54,61,4,8,5.0,10.0,5.0
54,62,10,12,12.5,15.0,2.5
54,63,10,8,12.5,10.0,-2.5
54,64,8,7,10.0,8.75,-1.25
54,65,8,10,10.0,12.5,2.5
54,66,7,6,8.75,7.5,-1.25
54,67,5,11,6.25,13.75,7.5
54,68,7,11,8.75,13.75,5.0
54,69,10,6,12.5,7.5,-5.0
54,70,4,8,5.0,10.0,5.0
54,71,6,5,7.5,6.25,-1.25
54,72,9,9,11.25,11.25,0.0
54,73,7,7,8.75,8.75,0.0
54,74,3,9,3.75,11.25,7.5
54,75,8,7,10.0,8.75,-1.25
54,76,6,6,7.5,7.5,0.0
54,77,10,8,12.5,10.0,-2.5
54,78,12,7,15.0,8.75,-6.25
54,79,9,8,11.25,10.0,-1.25
54,80,7,6,8.75,7.5,-1.25
54,81,3,6,3.75,7.5,3.75
54,82,0,6,0.0,7.5,7.5
54,83,5,10,6.25,12.5,6.25
54,84,8,6,10.0,7.5,-2.5
54,85,9,7,11.25,8.75,-2.5
54,86,6,6,7.5,7.5,0.0
54,87,5,5,6.25,6.25,0.0
54,88,5,5,6.25,6.25,0.0
54,89,4,7,5.0,8.75,3.75
54,90,6,9,7.5,11.25,3.75
54,91,11,9,13.75,11.25,-2.5
54,92,8,6,10.0,7.5,-2.5
54,93,6,9,7.5,11.25,3.75
54,94,8,13,10.0,16.25,6.25
54,95,7,7,8.75,8.75,0.0
54,96,3,4,3.75,5.0,1.25
54,97,10,7,12.5,8.75,-3.75
54,98,5,8,6.25,10.0,3.75
54,99,8,7,10.0,8.75,-1.25
54,100,11,10,13.75,12.5,-1.25
54,101,3,6,3.75,7.5,3.75
54,102,7,9,8.75,11.25,2.5
54,103,8,5,10.0,6.25,-3.75
54,104,9,2,11.25,2.5,-8.75
54,105,9,6,11.25,7.5,-3.75
54,106,3,9,3.75,11.25,7.5
54,107,7,2,8.75,2.5,-6.25
55,0,3,5,3.75,6.25,2.5
55,1,2,2,2.5,2.5,0.0
55,2,0,0,0.0,0.0,0.0
55,3,0,2,0.0,2.5,2.5
55,4,1,1,1.25,1.25,0.0
55,5,2,3,2.5,3.75,1.25
55,6,1,2,1.25,2.5,1.25
55,7,3,3,3.75,3.75,0.0
55,8,0,0,0.0,0.0,0.0
55,9,1,6,1.25,7.5,6.25
55,10,2,5,2.5,6.25,3.75
55,11,0,2,0.0,2.5,2.5
55,12,1,1,1.25,1.25,0.0
55,13,2,1,2.5,1.25,-1.25
55,14,0,2,0.0,2.5,2.5
55,15,0,0,0.0,0.0,0.0
55,16,0,1,0.0,1.25,1.25
55,17,2,0,2.5,0.0,-2.5
55,18,2,3,2.5,3.75,1.25
55,19,1,1,1.25,1.25,0.0
55,20,1,4,1.25,5.0,3.75
55,21,0,3,0.0,3.75,3.75
55,22,1,2,1.25,2.5,1.25
55,23,4,1,5.0,1.25,-3.75
55,24,1,2,1.25,2.5,1.25
55,25,4,1,5.0,1.25,-3.75
55,26,2,2,2.5,2.5,0.0
55,27,0,1,0.0,1.25,1.25
55,28,1,1,1.25,1.25,0.0
55,29,0,2,0.0,2.5,2.5
55,30,1,2,1.25,2.5,1.25
55,31,1,4,1.25,5.0,3.75
55,32,4,0,5.0,0.0,-5.0
55,33,2,0,2.5,0.0,-2.5
55,34,0,1,0.0,1.25,1.25
55,35,0,0,0.0,0.0,0.0
55,36,4,0,5.0,0.0,-5.0
55,37,2,2,2.5,2.5,0.0
55,38,0,0,0.0,0.0,0.0
55,39,0,2,0.0,2.5,2.5
55,40,0,3,0.0,3.75,3.75
55,41,1,3,1.25,3.75,2.5
55,42,3,0,3.75,0.0,-3.75
55,43,2,0,2.5,0.0,-2.5
55,44,0,0,0.0,0.0,0.0
55,45,1,0,1.25,0.0,-1.25
55,46,2,0,2.5,0.0,-2.5
55,47,1,2,1.25,2.5,1.25
55,48,0,2,0.0,2.5,2.5
55,49,0,3,0.0,3.75,3.75
55,50,3,0,3.75,0.0,-3.75
55,51,1,1,1.25,1.25,0.0
55,52,1,2,1.25,2.5,1.25
55,53,0,1,0.0,1.25,1.25
55,54,2,2,2.5,2.5,0.0
55,55,1,2,1.25,2.5,1.25
55,56,4,1,5.0,1.25,-3.75
55,57,0,1,0.0,1.25,1.25
55,58,0,1,0.0,1.25,1.25
55,59,0,2,0.0,2.5,2.5
55,60,2,2,2.5,2.5,0.0
55,61,0,0,0.0,0.0,0.0
55,62,0,1,0.0,1.25,1.25
55,63,0,0,0.0,0.0,0.0
55,64,0,0,0.0,0.0,0.0
55,65,0,3,0.0,3.75,3.75
55,66,0,1,0.0,1.25,1.25
55,67,0,3,0.0,3.75,3.75
55,68,3,1,3.75,1.25,-2.5
55,69,3,1,3.75,1.25,-2.5
55,70,0,0,0.0,0.0,0.0
55,71,0,1,0.0,1.25,1.25
55,72,0,2,0.0,2.5,2.5
55,73,0,3,0.0,3.75,3.75
55,74,3,1,3.75,1.25,-2.5
55,75,1,1,1.25,1.25,0.0
55,76,2,0,2.5,0.0,-2.5
55,77,0,3,0.0,3.75,3.75
55,78,1,3,1.25,3.75,2.5
55,79,2,1,2.5,1.25,-1.25
55,80,0,1,0.0,1.25,1.25
55,81,1,0,1.25,0.0,-1.25
55,82,1,2,1.25,2.5,1.25
55,83,1,0,1.25,0.0,-1.25
55,84,1,0,1.25,0.0,-1.25
55,85,1,1,1.25,1.25,0.0
55,86,0,3,0.0,3.75,3.75
55,87,0,2,0.0,2.5,2.5
55,88,0,1,0.0,1.25,1.25
55,89,2,0,2.5,0.0,-2.5
55,90,2,0,2.5,0.0,-2.5
55,91,0,0,0.0,0.0,0.0
55,92,3,1,3.75,1.25,-2.5
55,93,1,2,1.25,2.5,1.25
55,94,2,0,2.5,0.0,-2.5
55,95,3,0,3.75,0.0,-3.75
55,96,0,1,0.0,1.25,1.25
55,97,0,0,0.0,0.0,0.0
55,98,1,1,1.25,1.25,0.0
55,99,1,0,1.25,0.0,-1.25
55,100,1,2,1.25,2.5,1.25
55,101,0,1,0.0,1.25,1.25
55,102,2,2,2.5,2.5,0.0
55,103,0,1,0.0,1.25,1.25
55,104,1,1,1.25,1.25,0.0
55,105,2,2,2.5,2.5,0.0
55,106,0,3,0.0,3.75,3.75
55,107,1,0,1.25,0.0,-1.25
56,0,10,8,12.5,10.0,-2.5
56,1,4,6,5.0,7.5,2.5
56,2,5,0,6.25,0.0,-6.25
56,3,3,5,3.75,6.25,2.5
56,4,8,9,10.0,11.25,1.25
56,5,4,7,5.0,8.75,3.75
56,6,9,10,11.25,12.5,1.25
56,7,0,8,0.0,10.0,10.0
56,8,2,0,2.5,0.0,-2.5
56,9,4,8,5.0,10.0,5.0
56,10,8,7,10.0,8.75,-1.25
56,11,7,5,8.75,6.25,-2.5
56,12,6,7,7.5,8.75,1.25
56,13,7,3,8.75,3.75,-5.0
56,14,5,6,6.25,7.5,1.25
56,15,7,2,8.75,2.5,-6.25
56,16,6,7,7.5,8.75,1.25
56,17,3,6,3.75,7.5,3.75
56,18,4,5,5.0,6.25,1.25
56,19,8,6,10.0,7.5,-2.5
56,20,5,4,6.25,5.0,-1.25
56,21,3,3,3.75,3.75,0.0
56,22,4,6,5.0,7.5,2.5
56,23,6,7,7.5,8.75,1.25
56,24,6,5,7.5,6.25,-1.25
56,25,7,8,8.75,10.0,1.25
56,26,4,7,5.0,8.75,3.75
56,27,2,2,2.5,2.5,0.0
56,28,3,0,3.75,0.0,-3.75
56,29,5,10,6.25,12.5,6.25
56,30,7,9,8.75,11.25,2.5
56,31,3,8,3.75,10.0,6.25
56,32,15,13,18.75,16.25,-2.5
56,33,7,10,8.75,12.5,3.75
56,34,5,9,6.25,11.25,5.0
56,35,6,8,7.5,10.0,2.5
56,36,8,4,10.0,5.0,-5.0
56,37,4,11,5.0,13.75,8.75
56,38,6,3,7.5,3.75,-3.75
56,39,7,5,8.75,6.25,-2.5
56,40,5,11,6.25,13.75,7.5
56,41,6,7,7.5,8.75,1.25
56,42,6,6,7.5,7.5,0.0
56,43,6,8,7.5,10.0,2.5
56,44,4,7,5.0,8.75,3.75
56,45,3,8,3.75,10.0,6.25
56,46,11,10,13.75,12.5,-1.25
56,47,8,2,10.0,2.5,-7.5
56,48,5,3,6.25,3.75,-2.5
56,49,4,8,5.0,10.0,5.0
56,50,8,19,10.0,23.75,13.75
56,51,6,9,7.5,11.25,3.75
56,52,8,4,10.0,5.0,-5.0
56,53,5,7,6.25,8.75,2.5
56,54,12,9,15.0,11.25,-3.75
56,55,12,5,15.0,6.25,-8.75
56,56,10,5,12.5,6.25,-6.25
56,57,6,9,7.5,11.25,3.75
56,58,3,2,3.75,2.5,-1.25
56,59,8,8,10.0,10.0,0.0
56,60,8,9,10.0,11.25,1.25
56,61,6,4,7.5,5.0,-2.5
56,62,9,8,11.25,10.0,-1.25
56,63,5,4,6.25,5.0,-1.25
56,64,2,9,2.5,11.25,8.75
56,65,6,8,7.5,10.0,2.5
56,66,6,10,7.5,12.5,5.0
56,67,6,14,7.5,17.5,10.0
56,68,7,11,8.75,13.75,5.0
56,69,6,10,7.5,12.5,5.0
56,70,3,4,3.75,5.0,1.25
56,71,4,4,5.0,5.0,0.0
56,72,8,5,10.0,6.25,-3.75
56,73,7,11,8.75,13.75,5.0
56,74,5,9,6.25,11.25,5.0
56,75,3,11,3.75,13.75,10.0
56,76,6,10,7.5,12.5,5.0
56,77,9,10,11.25,12.5,1.25
56,78,11,10,13.75,12.5,-1.25
56,79,6,8,7.5,10.0,2.5
56,80,8,4,10.0,5.0,-5.0
56,81,7,5,8.75,6.25,-2.5
56,82,3,13,3.75,16.25,12.5
56,83,8,3,10.0,3.75,-6.25
56,84,17,5,21.25,6.25,-15.0
56,85,9,15,11.25,18.75,7.5
56,86,4,8,5.0,10.0,5.0
56,87,8,11,10.0,13.75,3.75
56,88,6,7,7.5,8.75,1.25
56,89,7,11,8.75,13.75,5.0
56,90,7,10,8.75,12.5,3.75
56,91,5,8,6.25,10.0,3.75
56,92,7,6,8.75,7.5,-1.25
56,93,6,5,7.5,6.25,-1.25
56,94,9,7,11.25,8.75,-2.5
56,95,7,8,8.75,10.0,1.25
56,96,2,4,2.5,5.0,2.5
56,97,5,2,6.25,2.5,-3.75
56,98,8,6,10.0,7.5,-2.5
56,99,4,5,5.0,6.25,1.25
56,100,6,6,7.5,7.5,0.0
56,101,6,8,7.5,10.0,2.5
56,102,4,6,5.0,7.5,2.5
56,103,11,5,13.75,6.25,-7.5
56,104,5,10,6.25,12.5,6.25
56,105,6,6,7.5,7.5,0.0
56,106,3,8,3.75,10.0,6.25
56,107,5,8,6.25,10.0,3.75
57,0,1,0,1.25,0.0,-1.25
57,1,3,4,3.75,5.0,1.25
57,2,2,1,2.5,1.25,-1.25
57,3,4,3,5.0,3.75,-1.25
57,4,6,1,7.5,1.25,-6.25
57,5,5,3,6.25,3.75,-2.5
57,6,2,2,2.5,2.5,0.0
57,7,1,8,1.25,10.0,8.75
57,8,0,0,0.0,0.0,0.0
57,9,0,4,0.0,5.0,5.0
57,10,1,2,1.25,2.5,1.25
57,11,1,7,1.25,8.75,7.5
57,12,0,3,0.0,3.75,3.75
57,13,1,0,1.25,0.0,-1.25
57,14,2,3,2.5,3.75,1.25
57,15,2,2,2.5,2.5,0.0
57,16,3,6,3.75,7.5,3.75
57,17,0,0,0.0,0.0,0.0
57,18,1,2,1.25,2.5,1.25
57,19,1,5,1.25,6.25,5.0
57,20,3,2,3.75,2.5,-1.25
57,21,1,2,1.25,2.5,1.25
57,22,2,10,2.5,12.5,10.0
57,23,4,3,5.0,3.75,-1.25
57,24,4,4,5.0,5.0,0.0
57,25,0,1,0.0,1.25,1.25
57,26,2,3,2.5,3.75,1.25
57,27,2,3,2.5,3.75,1.25
57,28,4,2,5.0,2.5,-2.5
57,29,1,2,1.25,2.5,1.25
57,30,3,2,3.75,2.5,-1.25
57,31,4,6,5.0,7.5,2.5
57,32,1,2,1.25,2.5,1.25
57,33,2,5,2.5,6.25,3.75
57,34,2,4,2.5,5.0,2.5
57,35,0,1,0.0,1.25,1.25
57,36,2,2,2.5,2.5,0.0
57,37,3,4,3.75,5.0,1.25
57,38,1,7,1.25,8.75,7.5
57,39,3,1,3.75,1.25,-2.5
57,40,3,3,3.75,3.75,0.0
57,41,4,1,5.0,1.25,-3.75
57,42,2,11,2.5,13.75,11.25
57,43,4,7,5.0,8.75,3.75
57,44,0,4,0.0,5.0,5.0
57,45,1,3,1.25,3.75,2.5
57,46,1,9,1.25,11.25,10.0
57,47,2,2,2.5,2.5,0.0
57,48,5,5,6.25,6.25,0.0
57,49,1,4,1.25,5.0,3.75
57,50,2,5,2.5,6.25,3.75
57,51,3,4,3.75,5.0,1.25
57,52,5,4,6.25,5.0,-1.25
57,53,3,4,3.75,5.0,1.25
57,54,1,0,1.25,0.0,-1.25
57,55,2,0,2.5,0.0,-2.5
57,56,1,3,1.25,3.75,2.5
57,57,1,0,1.25,0.0,-1.25
57,58,0,1,0.0,1.25,1.25
57,59,2,4,2.5,5.0,2.5
57,60,1,4,1.25,5.0,3.75
57,61,2,1,2.5,1.25,-1.25
57,62,3,4,3.75,5.0,1.25
57,63,3,1,3.75,1.25,-2.5
57,64,2,5,2.5,6.25,3.75
57,65,4,2,5.0,2.5,-2.5
57,66,1,3,1.25,3.75,2.5
57,67,0,2,0.0,2.5,2.5
57,68,5,10,6.25,12.5,6.25
57,69,5,4,6.25,5.0,-1.25
57,70,0,0,0.0,0.0,0.0
57,71,0,1,0.0,1.25,1.25
57,72,1,4,1.25,5.0,3.75
57,73,1,5,1.25,6.25,5.0
57,74,7,8,8.75,10.0,1.25
57,75,4,6,5.0,7.5,2.5
57,76,5,6,6.25,7.5,1.25
57,77,7,3,8.75,3.75,-5.0
57,78,5,3,6.25,3.75,-2.5
57,79,2,8,2.5,10.0,7.5
57,80,4,0,5.0,0.0,-5.0
57,81,6,1,7.5,1.25,-6.25
57,82,0,9,0.0,11.25,11.25
57,83,8,1,10.0,1.25,-8.75
57,84,2,1,2.5,1.25,-1.25
57,85,7,2,8.75,2.5,-6.25
57,86,3,8,3.75,10.0,6.25
57,87,2,6,2.5,7.5,5.0
57,88,4,7,5.0,8.75,3.75
57,89,3,0,3.75,0.0,-3.75
57,90,5,2,6.25,2.5,-3.75
57,91,1,2,1.25,2.5,1.25
57,92,6,1,7.5,1.25,-6.25
57,93,1,6,1.25,7.5,6.25
57,94,3,4,3.75,5.0,1.25
57,95,3,2,3.75,2.5,-1.25
57,96,0,1,0.0,1.25,1.25
57,97,11,0,13.75,0.0,-13.75
57,98,2,2,2.5,2.5,0.0
57,99,1,1,1.25,1.25,0.0
57,100,5,4,6.25,5.0,-1.25
57,101,0,5,0.0,6.25,6.25
57,102,7,5,8.75,6.25,-2.5
57,103,1,0,1.25,0.0,-1.25
57,104,1,4,1.25,5.0,3.75
57,105,3,2,3.75,2.5,-1.25
57,106,2,2,2.5,2.5,0.0
57,107,1,3,1.25,3.75,2.5
58,0,2,5,2.5,6.25,3.75
58,1,7,6,8.75,7.5,-1.25
58,2,5,5,6.25,6.25,0.0
58,3,3,6,3.75,7.5,3.75
58,4,7,4,8.75,5.0,-3.75
58,5,4,5,5.0,6.25,1.25
58,6,5,8,6.25,10.0,3.75
58,7,4,3,5.0,3.75,-1.25
58,8,5,3,6.25,3.75,-2.5
58,9,5,6,6.25,7.5,1.25
58,10,4,5,5.0,6.25,1.25
58,11,4,4,5.0,5.0,0.0
58,12,4,3,5.0,3.75,-1.25
58,13,5,5,6.25,6.25,0.0
58,14,5,4,6.25,5.0,-1.25
58,15,4,5,5.0,6.25,1.25
58,16,5,5,6.25,6.25,0.0
58,17,5,5,6.25,6.25,0.0
58,18,6,4,7.5,5.0,-2.5
58,19,6,6,7.5,7.5,0.0
58,20,6,7,7.5,8.75,1.25
58,21,4,7,5.0,8.75,3.75
58,22,6,6,7.5,7.5,0.0
58,23,6,6,7.5,7.5,0.0
58,24,8,3,10.0,3.75,-6.25
58,25,10,10,12.5,12.5,0.0
58,26,7,5,8.75,6.25,-2.5
58,27,3,8,3.75,10.0,6.25
58,28,5,5,6.25,6.25,0.0
58,29,11,7,13.75,8.75,-5.0
58,30,7,4,8.75,5.0,-3.75
58,31,6,10,7.5,12.5,5.0
58,32,5,5,6.25,6.25,0.0
58,33,6,9,7.5,11.25,3.75
58,34,6,6,7.5,7.5,0.0
58,35,8,8,10.0,10.0,0.0
58,36,6,8,7.5,10.0,2.5
58,37,8,8,10.0,10.0,0.0
58,38,9,7,11.25,8.75,-2.5
58,39,7,6,8.75,7.5,-1.25
58,40,8,8,10.0,10.0,0.0
58,41,9,6,11.25,7.5,-3.75
58,42,6,6,7.5,7.5,0.0
58,43,7,8,8.75,10.0,1.25
58,44,7,7,8.75,8.75,0.0
58,45,8,11,10.0,13.75,3.75
58,46,9,8,11.25,10.0,-1.25
58,47,6,4,7.5,5.0,-2.5
58,48,6,10,7.5,12.5,5.0
58,49,6,7,7.5,8.75,1.25
58,50,4,3,5.0,3.75,-1.25
58,51,7,6,8.75,7.5,-1.25
58,52,7,6,8.75,7.5,-1.25
58,53,6,7,7.5,8.75,1.25
58,54,6,8,7.5,10.0,2.5
58,55,6,6,7.5,7.5,0.0
58,56,7,3,8.75,3.75,-5.0
58,57,6,8,7.5,10.0,2.5
58,58,6,1,7.5,1.25,-6.25
58,59,3,8,3.75,10.0,6.25
58,60,4,8,5.0,10.0,5.0
58,61,3,4,3.75,5.0,1.25
58,62,6,5,7.5,6.25,-1.25
58,63,6,5,7.5,6.25,-1.25
58,64,5,7,6.25,8.75,2.5
58,65,6,6,7.5,7.5,0.0
58,66,6,5,7.5,6.25,-1.25
58,67,5,8,6.25,10.0,3.75
58,68,6,6,7.5,7.5,0.0
58,69,6,3,7.5,3.75,-3.75
58,70,4,5,5.0,6.25,1.25
58,71,5,4,6.25,5.0,-1.25
58,72,6,7,7.5,8.75,1.25
58,73,3,5,3.75,6.25,2.5
58,74,2,0,2.5,0.0,-2.5
58,75,4,7,5.0,8.75,3.75
58,76,5,4,6.25,5.0,-1.25
58,77,6,6,7.5,7.5,0.0
58,78,6,3,7.5,3.75,-3.75
58,79,5,5,6.25,6.25,0.0
58,80,4,3,5.0,3.75,-1.25
58,81,3,2,3.75,2.5,-1.25
58,82,1,4,1.25,5.0,3.75
58,83,4,4,5.0,5.0,0.0
58,84,3,4,3.75,5.0,1.25
58,85,3,5,3.75,6.25,2.5
58,86,5,4,6.25,5.0,-1.25
58,87,5,3,6.25,3.75,-2.5
58,88,4,4,5.0,5.0,0.0
58,89,2,5,2.5,6.25,3.75
58,90,3,3,3.75,3.75,0.0
58,91,3,2,3.75,2.5,-1.25
58,92,3,4,3.75,5.0,1.25
58,93,6,2,7.5,2.5,-5.0
58,94,5,7,6.25,8.75,2.5
58,95,5,4,6.25,5.0,-1.25
58,96,2,3,2.5,3.75,1.25
58,97,4,1,5.0,1.25,-3.75
58,98,4,3,5.0,3.75,-1.25
58,99,4,5,5.0,6.25,1.25
58,100,7,4,8.75,5.0,-3.75
58,101,2,3,2.5,3.75,1.25
58,102,3,6,3.75,7.5,3.75
58,103,4,5,5.0,6.25,1.25
58,104,5,0,6.25,0.0,-6.25
58,105,4,6,5.0,7.5,2.5
58,106,3,3,3.75,3.75,0.0
58,107,4,1,5.0,1.25,-3.75
59,0,1,2,1.25,2.5,1.25
59,1,0,1,0.0,1.25,1.25
59,2,0,0,0.0,0.0,0.0
59,3,0,0,0.0,0.0,0.0
59,4,0,1,0.0,1.25,1.25
59,5,1,0,1.25,0.0,-1.25
59,6,1,0,1.25,0.0,-1.25
59,7,1,2,1.25,2.5,1.25
59,8,0,1,0.0,1.25,1.25
59,9,2,1,2.5,1.25,-1.25
59,10,0,0,0.0,0.0,0.0
59,11,0,1,0.0,1.25,1.25
59,12,0,1,0.0,1.25,1.25
59,13,0,1,0.0,1.25,1.25
59,14,0,0,0.0,0.0,0.0
59,15,0,1,0.0,1.25,1.25
59,16,1,2,1.25,2.5,1.25
59,17,1,0,1.25,0.0,-1.25
59,18,0,3,0.0,3.75,3.75
59,19,1,2,1.25,2.5,1.25
59,20,1,1,1.25,1.25,0.0
59,21,0,1,0.0,1.25,1.25
59,22,1,2,1.25,2.5,1.25
59,23,3,3,3.75,3.75,0.0
59,24,1,0,1.25,0.0,-1.25
59,25,2,2,2.5,2.5,0.0
59,26,1,1,1.25,1.25,0.0
59,27,0,0,0.0,0.0,0.0
59,28,3,0,3.75,0.0,-3.75
59,29,1,2,1.25,2.5,1.25
59,30,1,1,1.25,1.25,0.0
59,31,2,1,2.5,1.25,-1.25
59,32,2,1,2.5,1.25,-1.25
59,33,2,1,2.5,1.25,-1.25
59,34,4,0,5.0,0.0,-5.0
59,35,2,0,2.5,0.0,-2.5
59,36,4,2,5.0,2.5,-2.5
59,37,2,2,2.5,2.5,0.0
59,38,0,1,0.0,1.25,1.25
59,39,0,2,0.0,2.5,2.5
59,40,1,2,1.25,2.5,1.25
59,41,2,3,2.5,3.75,1.25
59,42,3,2,3.75,2.5,-1.25
59,43,0,3,0.0,3.75,3.75
59,44,1,0,1.25,0.0,-1.25
59,45,0,3,0.0,3.75,3.75
59,46,1,1,1.25,1.25,0.0
59,47,2,2,2.5,2.5,0.0
59,48,0,6,0.0,7.5,7.5
59,49,2,1,2.5,1.25,-1.25
59,50,0,2,0.0,2.5,2.5
59,51,0,1,0.0,1.25,1.25
59,52,1,0,1.25,0.0,-1.25
59,53,0,1,0.0,1.25,1.25
59,54,0,0,0.0,0.0,0.0
59,55,0,0,0.0,0.0,0.0
59,56,0,2,0.0,2.5,2.5
59,57,2,0,2.5,0.0,-2.5
59,58,0,0,0.0,0.0,0.0
59,59,0,0,0.0,0.0,0.0
59,60,0,0,0.0,0.0,0.0
59,61,0,1,0.0,1.25,1.25
59,62,1,1,1.25,1.25,0.0
59,63,0,0,0.0,0.0,0.0
59,64,0,1,0.0,1.25,1.25
59,65,1,1,1.25,1.25,0.0
59,66,0,1,0.0,1.25,1.25
59,67,0,0,0.0,0.0,0.0
59,68,2,0,2.5,0.0,-2.5
59,69,0,2,0.0,2.5,2.5
59,70,0,1,0.0,1.25,1.25
59,71,0,0,0.0,0.0,0.0
59,72,1,0,1.25,0.0,-1.25
59,73,0,1,0.0,1.25,1.25
59,74,0,2,0.0,2.5,2.5
59,75,0,0,0.0,0.0,0.0
59,76,0,0,0.0,0.0,0.0
59,77,0,1,0.0,1.25,1.25
59,78,1,0,1.25,0.0,-1.25
59,79,0,0,0.0,0.0,0.0
59,80,1,0,1.25,0.0,-1.25
59,81,0,2,0.0,2.5,2.5
59,82,0,0,0.0,0.0,0.0
59,83,0,0,0.0,0.0,0.0
59,84,1,0,1.25,0.0,-1.25
59,85,2,0,2.5,0.0,-2.5
59,86,1,0,1.25,0.0,-1.25
59,87,0,0,0.0,0.0,0.0
59,88,0,0,0.0,0.0,0.0
59,89,2,0,2.5,0.0,-2.5
59,90,1,3,1.25,3.75,2.5
59,91,1,3,1.25,3.75,2.5
59,92,0,0,0.0,0.0,0.0
59,93,0,1,0.0,1.25,1.25
59,94,2,1,2.5,1.25,-1.25
59,95,1,0,1.25,0.0,-1.25
59,96,0,1,0.0,1.25,1.25
59,97,2,1,2.5,1.25,-1.25
59,98,1,0,1.25,0.0,-1.25
59,99,1,1,1.25,1.25,0.0
59,100,1,0,1.25,0.0,-1.25
59,101,1,0,1.25,0.0,-1.25
59,102,0,0,0.0,0.0,0.0
59,103,0,0,0.0,0.0,0.0
59,104,1,0,1.25,0.0,-1.25
59,105,0,0,0.0,0.0,0.0
59,106,0,1,0.0,1.25,1.25
59,107,0,0,0.0,0.0,0.0
60,0,4,4,5.0,5.0,0.0
60,1,11,3,13.75,3.75,-10.0
60,2,19,6,23.75,7.5,-16.25
60,3,4,6,5.0,7.5,2.5
60,4,4,3,5.0,3.75,-1.25
60,5,6,2,7.5,2.5,-5.0
60,6,9,8,11.25,10.0,-1.25
60,7,5,8,6.25,10.0,3.75
60,8,3,1,3.75,1.25,-2.5
60,9,5,4,6.25,5.0,-1.25
60,10,4,6,5.0,7.5,2.5
60,11,8,6,10.0,7.5,-2.5
60,12,6,3,7.5,3.75,-3.75
60,13,6,5,7.5,6.25,-1.25
60,14,5,2,6.25,2.5,-3.75
60,15,2,6,2.5,7.5,5.0
60,16,3,2,3.75,2.5,-1.25
60,17,6,3,7.5,3.75,-3.75
60,18,6,3,7.5,3.75,-3.75
60,19,3,5,3.75,6.25,2.5
60,20,1,4,1.25,5.0,3.75
60,21,4,6,5.0,7.5,2.5
60,22,6,4,7.5,5.0,-2.5
60,23,6,4,7.5,5.0,-2.5
60,24,2,6,2.5,7.5,5.0
60,25,1,6,1.25,7.5,6.25
60,26,13,3,16.25,3.75,-12.5
60,27,8,14,10.0,17.5,7.5
60,28,6,5,7.5,6.25,-1.25
60,29,13,5,16.25,6.25,-10.0
60,30,4,1,5.0,1.25,-3.75
60,31,1,6,1.25,7.5,6.25
60,32,6,3,7.5,3.75,-3.75
60,33,11,5,13.75,6.25,-7.5
60,34,4,5,5.0,6.25,1.25
60,35,8,2,10.0,2.5,-7.5
60,36,3,8,3.75,10.0,6.25
60,37,10,4,12.5,5.0,-7.5
60,38,2,1,2.5,1.25,-1.25
60,39,2,4,2.5,5.0,2.5
60,40,4,3,5.0,3.75,-1.25
60,41,9,3,11.25,3.75,-7.5
60,42,6,0,7.5,0.0,-7.5
60,43,7,2,8.75,2.5,-6.25
60,44,11,3,13.75,3.75,-10.0
60,45,2,4,2.5,5.0,2.5
60,46,10,5,12.5,6.25,-6.25
60,47,7,5,8.75,6.25,-2.5
60,48,7,2,8.75,2.5,-6.25
60,49,0,3,0.0,3.75,3.75
60,50,0,2,0.0,2.5,2.5
60,51,7,1,8.75,1.25,-7.5
60,52,7,3,8.75,3.75,-5.0
60,53,6,6,7.5,7.5,0.0
60,54,1,3,1.25,3.75,2.5
60,55,1,10,1.25,12.5,11.25
60,56,3,3,3.75,3.75,0.0
60,57,1,1,1.25,1.25,0.0
60,58,4,6,5.0,7.5,2.5
60,59,3,5,3.75,6.25,2.5
60,60,5,3,6.25,3.75,-2.5
60,61,2,5,2.5,6.25,3.75
60,62,8,5,10.0,6.25,-3.75
60,63,0,3,0.0,3.75,3.75
60,64,3,3,3.75,3.75,0.0
60,65,2,5,2.5,6.25,3.75
60,66,5,6,6.25,7.5,1.25
60,67,0,4,0.0,5.0,5.0
60,68,1,1,1.25,1.25,0.0
60,69,7,3,8.75,3.75,-5.0
60,70,3,5,3.75,6.25,2.5
60,71,4,3,5.0,3.75,-1.25
60,72,2,6,2.5,7.5,5.0
60,73,2,3,2.5,3.75,1.25
60,74,0,4,0.0,5.0,5.0
60,75,3,2,3.75,2.5,-1.25
60,76,9,2,11.25,2.5,-8.75
60,77,0,2,0.0,2.5,2.5
60,78,6,1,7.5,1.25,-6.25
60,79,4,3,5.0,3.75,-1.25
60,80,1,3,1.25,3.75,2.5
60,81,8,4,10.0,5.0,-5.0
60,82,0,6,0.0,7.5,7.5
60,83,8,8,10.0,10.0,0.0
60,84,1,9,1.25,11.25,10.0
60,85,1,7,1.25,8.75,7.5
60,86,5,4,6.25,5.0,-1.25
60,87,0,6,0.0,7.5,7.5
60,88,4,5,5.0,6.25,1.25
60,89,5,1,6.25,1.25,-5.0
60,90,1,2,1.25,2.5,1.25
60,91,6,4,7.5,5.0,-2.5
60,92,4,3,5.0,3.75,-1.25
60,93,3,5,3.75,6.25,2.5
60,94,4,1,5.0,1.25,-3.75
60,95,3,1,3.75,1.25,-2.5
60,96,7,4,8.75,5.0,-3.75
60,97,3,5,3.75,6.25,2.5
60,98,2,6,2.5,7.5,5.0
60,99,2,6,2.5,7.5,5.0
60,100,2,5,2.5,6.25,3.75
60,101,3,2,3.75,2.5,-1.25
60,102,1,7,1.25,8.75,7.5
60,103,1,7,1.25,8.75,7.5
60,104,4,1,5.0,1.25,-3.75
60,105,3,6,3.75,7.5,3.75
60,106,1,6,1.25,7.5,6.25
60,107,4,0,5.0,0.0,-5.0
61,0,7,9,8.75,11.25,2.5
61,1,1,0,1.25,0.0,-1.25
61,2,1,2,1.25,2.5,1.25
61,3,1,1,1.25,1.25,0.0
61,4,5,4,6.25,5.0,-1.25
61,5,4,2,5.0,2.5,-2.5
61,6,7,4,8.75,5.0,-3.75
61,7,3,4,3.75,5.0,1.25
61,8,1,3,1.25,3.75,2.5
61,9,4,4,5.0,5.0,0.0
61,10,8,3,10.0,3.75,-6.25
61,11,6,4,7.5,5.0,-2.5
61,12,2,7,2.5,8.75,6.25
61,13,4,0,5.0,0.0,-5.0
61,14,0,10,0.0,12.5,12.5
61,15,1,3,1.25,3.75,2.5
61,16,3,3,3.75,3.75,0.0
61,17,5,9,6.25,11.25,5.0
61,18,4,2,5.0,2.5,-2.5
61,19,2,4,2.5,5.0,2.5
61,20,1,0,1.25,0.0,-1.25
61,21,5,2,6.25,2.5,-3.75
61,22,5,3,6.25,3.75,-2.5
61,23,1,6,1.25,7.5,6.25
61,24,5,2,6.25,2.5,-3.75
61,25,3,5,3.75,6.25,2.5
61,26,4,5,5.0,6.25,1.25
61,27,7,5,8.75,6.25,-2.5
61,28,1,1,1.25,1.25,0.0
61,29,5,7,6.25,8.75,2.5
61,30,1,8,1.25,10.0,8.75
61,31,12,5,15.0,6.25,-8.75
61,32,1,2,1.25,2.5,1.25
61,33,4,11,5.0,13.75,8.75
61,34,2,5,2.5,6.25,3.75
61,35,4,1,5.0,1.25,-3.75
61,36,6,2,7.5,2.5,-5.0
61,37,6,0,7.5,0.0,-7.5
61,38,6,5,7.5,6.25,-1.25
61,39,3,4,3.75,5.0,1.25
61,40,5,5,6.25,6.25,0.0
61,41,2,1,2.5,1.25,-1.25
61,42,5,3,6.25,3.75,-2.5
61,43,9,3,11.25,3.75,-7.5
61,44,5,6,6.25,7.5,1.25
61,45,4,10,5.0,12.5,7.5
61,46,7,3,8.75,3.75,-5.0
61,47,8,7,10.0,8.75,-1.25
61,48,7,2,8.75,2.5,-6.25
61,49,2,2,2.5,2.5,0.0
61,50,4,5,5.0,6.25,1.25
61,51,3,1,3.75,1.25,-2.5
61,52,4,3,5.0,3.75,-1.25
61,53,6,2,7.5,2.5,-5.0
61,54,2,10,2.5,12.5,10.0
61,55,4,11,5.0,13.75,8.75
61,56,3,6,3.75,7.5,3.75
61,57,4,5,5.0,6.25,1.25
61,58,0,4,0.0,5.0,5.0
61,59,8,6,10.0,7.5,-2.5
61,60,1,1,1.25,1.25,0.0
61,61,4,2,5.0,2.5,-2.5
61,62,2,5,2.5,6.25,3.75
61,63,1,1,1.25,1.25,0.0
61,64,4,5,5.0,6.25,1.25
61,65,5,4,6.25,5.0,-1.25
61,66,8,6,10.0,7.5,-2.5
61,67,4,6,5.0,7.5,2.5
61,68,6,1,7.5,1.25,-6.25
61,69,5,1,6.25,1.25,-5.0
61,70,4,6,5.0,7.5,2.5
61,71,2,3,2.5,3.75,1.25
61,72,2,6,2.5,7.5,5.0
61,73,3,4,3.75,5.0,1.25
61,74,4,3,5.0,3.75,-1.25
61,75,3,7,3.75,8.75,5.0
61,76,4,5,5.0,6.25,1.25
61,77,0,6,0.0,7.5,7.5
61,78,2,1,2.5,1.25,-1.25
61,79,4,6,5.0,7.5,2.5
61,80,5,3,6.25,3.75,-2.5
61,81,6,2,7.5,2.5,-5.0
61,82,6,5,7.5,6.25,-1.25
61,83,1,3,1.25,3.75,2.5
61,84,6,3,7.5,3.75,-3.75
61,85,7,6,8.75,7.5,-1.25
61,86,3,6,3.75,7.5,3.75
61,87,3,3,3.75,3.75,0.0
61,88,3,6,3.75,7.5,3.75
61,89,5,2,6.25,2.5,-3.75
61,90,6,4,7.5,5.0,-2.5
61,91,5,3,6.25,3.75,-2.5
61,92,1,0,1.25,0.0,-1.25
61,93,1,7,1.25,8.75,7.5
61,94,1,5,1.25,6.25,5.0
61,95,3,7,3.75,8.75,5.0
61,96,4,6,5.0,7.5,2.5
61,97,1,7,1.25,8.75,7.5
61,98,3,2,3.75,2.5,-1.25
61,99,1,3,1.25,3.75,2.5
61,100,7,11,8.75,13.75,5.0
61,101,0,6,0.0,7.5,7.5
61,102,2,8,2.5,10.0,7.5
61,103,10,3,12.5,3.75,-8.75
61,104,1,5,1.25,6.25,5.0
61,105,4,3,5.0,3.75,-1.25
61,106,3,3,3.75,3.75,0.0
61,107,2,2,2.5,2.5,0.0
62,0,2,0,2.5,0.0,-2.5
62,1,1,3,1.25,3.75,2.5
62,2,1,2,1.25,2.5,1.25
62,3,1,2,1.25,2.5,1.25
62,4,4,2,5.0,2.5,-2.5
62,5,3,2,3.75,2.5,-1.25
62,6,7,6,8.75,7.5,-1.25
62,7,5,1,6.25,1.25,-5.0
62,8,3,2,3.75,2.5,-1.25
62,9,2,0,2.5,0.0,-2.5
62,10,3,2,3.75,2.5,-1.25
62,11,3,1,3.75,1.25,-2.5
62,12,4,1,5.0,1.25,-3.75
62,13,2,2,2.5,2.5,0.0
62,14,2,1,2.5,1.25,-1.25
62,15,3,3,3.75,3.75,0.0
62,16,5,2,6.25,2.5,-3.75
62,17,2,7,2.5,8.75,6.25
62,18,5,3,6.25,3.75,-2.5
62,19,1,1,1.25,1.25,0.0
62,20,3,1,3.75,1.25,-2.5
62,21,3,1,3.75,1.25,-2.5
62,22,9,2,11.25,2.5,-8.75
62,23,0,1,0.0,1.25,1.25
62,24,1,1,1.25,1.25,0.0
62,25,4,0,5.0,0.0,-5.0
62,26,6,3,7.5,3.75,-3.75
62,27,2,5,2.5,6.25,3.75
62,28,4,1,5.0,1.25,-3.75
62,29,3,1,3.75,1.25,-2.5
62,30,0,4,0.0,5.0,5.0
62,31,2,0,2.5,0.0,-2.5
62,32,3,0,3.75,0.0,-3.75
62,33,2,1,2.5,1.25,-1.25
62,34,2,2,2.5,2.5,0.0
62,35,2,1,2.5,1.25,-1.25
62,36,1,0,1.25,0.0,-1.25
62,37,6,4,7.5,5.0,-2.5
62,38,2,2,2.5,2.5,0.0
62,39,2,0,2.5,0.0,-2.5
62,40,5,0,6.25,0.0,-6.25
62,41,3,2,3.75,2.5,-1.25
62,42,2,1,2.5,1.25,-1.25
62,43,5,1,6.25,1.25,-5.0
62,44,8,0,10.0,0.0,-10.0
62,45,2,2,2.5,2.5,0.0
62,46,3,1,3.75,1.25,-2.5
62,47,4,1,5.0,1.25,-3.75
62,48,5,2,6.25,2.5,-3.75
62,49,6,0,7.5,0.0,-7.5
62,50,1,4,1.25,5.0,3.75
62,51,4,2,5.0,2.5,-2.5
62,52,2,2,2.5,2.5,0.0
62,53,0,0,0.0,0.0,0.0
62,54,3,5,3.75,6.25,2.5
62,55,2,1,2.5,1.25,-1.25
62,56,0,4,0.0,5.0,5.0
62,57,1,3,1.25,3.75,2.5
62,58,3,2,3.75,2.5,-1.25
62,59,2,5,2.5,6.25,3.75
62,60,3,1,3.75,1.25,-2.5
62,61,3,2,3.75,2.5,-1.25
62,62,2,3,2.5,3.75,1.25
62,63,2,2,2.5,2.5,0.0
62,64,4,4,5.0,5.0,0.0
62,65,5,0,6.25,0.0,-6.25
62,66,3,3,3.75,3.75,0.0
62,67,0,2,0.0,2.5,2.5
62,68,1,1,1.25,1.25,0.0
62,69,1,1,1.25,1.25,0.0
62,70,6,6,7.5,7.5,0.0
62,71,3,10,3.75,12.5,8.75
62,72,5,1,6.25,1.25,-5.0
62,73,2,2,2.5,2.5,0.0
62,74,1,4,1.25,5.0,3.75
62,75,2,5,2.5,6.25,3.75
62,76,2,1,2.5,1.25,-1.25
62,77,2,0,2.5,0.0,-2.5
62,78,1,1,1.25,1.25,0.0
62,79,3,1,3.75,1.25,-2.5
62,80,1,1,1.25,1.25,0.0
62,81,1,3,1.25,3.75,2.5
62,82,2,4,2.5,5.0,2.5
62,83,2,1,2.5,1.25,-1.25
62,84,2,3,2.5,3.75,1.25
62,85,6,1,7.5,1.25,-6.25
62,86,2,0,2.5,0.0,-2.5
62,87,0,2,0.0,2.5,2.5
62,88,2,3,2.5,3.75,1.25
62,89,1,1,1.25,1.25,0.0
62,90,0,3,0.0,3.75,3.75
62,91,3,2,3.75,2.5,-1.25
62,92,0,1,0.0,1.25,1.25
62,93,1,0,1.25,0.0,-1.25
62,94,0,2,0.0,2.5,2.5
62,95,2,2,2.5,2.5,0.0
62,96,1,2,1.25,2.5,1.25
62,97,1,3,1.25,3.75,2.5
62,98,0,3,0.0,3.75,3.75
62,99,2,3,2.5,3.75,1.25
62,100,2,3,2.5,3.75,1.25
62,101,1,2,1.25,2.5,1.25
62,102,5,5,6.25,6.25,0.0
62,103,2,0,2.5,0.0,-2.5
62,104,1,3,1.25,3.75,2.5
62,105,1,1,1.25,1.25,0.0
62,106,2,2,2.5,2.5,0.0
62,107,1,1,1.25,1.25,0.0
63,0,3,1,3.75,1.25,-2.5
63,1,8,4,10.0,5.0,-5.0
63,2,12,3,15.0,3.75,-11.25
63,3,9,2,11.25,2.5,-8.75
63,4,15,6,18.75,7.5,-11.25
63,5,6,3,7.5,3.75,-3.75
63,6,12,6,15.0,7.5,-7.5
63,7,8,5,10.0,6.25,-3.75
63,8,15,5,18.75,6.25,-12.5
63,9,6,2,7.5,2.5,-5.0
63,10,15,2,18.75,2.5,-16.25
63,11,15,1,18.75,1.25,-17.5
63,12,10,4,12.5,5.0,-7.5
63,13,7,1,8.75,1.25,-7.5
63,14,7,5,8.75,6.25,-2.5
63,15,6,0,7.5,0.0,-7.5
63,16,15,5,18.75,6.25,-12.5
63,17,10,6,12.5,7.5,-5.0
63,18,15,5,18.75,6.25,-12.5
63,19,7,5,8.75,6.25,-2.5
63,20,6,4,7.5,5.0,-2.5
63,21,15,3,18.75,3.75,-15.0
63,22,12,3,15.0,3.75,-11.25
63,23,4,2,5.0,2.5,-2.5
63,24,10,2,12.5,2.5,-10.0
63,25,9,2,11.25,2.5,-8.75
63,26,6,2,7.5,2.5,-5.0
63,27,9,7,11.25,8.75,-2.5
63,28,12,5,15.0,6.25,-8.75
63,29,10,5,12.5,6.25,-6.25
63,30,7,3,8.75,3.75,-5.0
63,31,16,4,20.0,5.0,-15.0
63,32,11,1,13.75,1.25,-12.5
63,33,7,8,8.75,10.0,1.25
63,34,9,5,11.25,6.25,-5.0
63,35,4,4,5.0,5.0,0.0
63,36,10,5,12.5,6.25,-6.25
63,37,20,2,25.0,2.5,-22.5
63,38,9,4,11.25,5.0,-6.25
63,39,13,2,16.25,2.5,-13.75
63,40,15,1,18.75,1.25,-17.5
63,41,14,2,17.5,2.5,-15.0
63,42,9,0,11.25,0.0,-11.25
63,43,7,5,8.75,6.25,-2.5
63,44,7,6,8.75,7.5,-1.25
63,45,5,6,6.25,7.5,1.25
63,46,9,3,11.25,3.75,-7.5
63,47,14,4,17.5,5.0,-12.5
63,48,10,2,12.5,2.5,-10.0
63,49,16,5,20.0,6.25,-13.75
63,50,4,4,5.0,5.0,0.0
63,51,12,3,15.0,3.75,-11.25
63,52,12,6,15.0,7.5,-7.5
63,53,4,3,5.0,3.75,-1.25
63,54,6,4,7.5,5.0,-2.5
63,55,5,4,6.25,5.0,-1.25
63,56,5,5,6.25,6.25,0.0
63,57,10,6,12.5,7.5,-5.0
63,58,4,3,5.0,3.75,-1.25
63,59,10,2,12.5,2.5,-10.0
63,60,5,2,6.25,2.5,-3.75
63,61,5,2,6.25,2.5,-3.75
63,62,5,2,6.25,2.5,-3.75
63,63,9,1,11.25,1.25,-10.0
63,64,5,5,6.25,6.25,0.0
63,65,6,6,7.5,7.5,0.0
63,66,5,6,6.25,7.5,1.25
63,67,6,1,7.5,1.25,-6.25
63,68,6,0,7.5,0.0,-7.5
63,69,5,3,6.25,3.75,-2.5
63,70,11,2,13.75,2.5,-11.25
63,71,7,10,8.75,12.5,3.75
63,72,6,3,7.5,3.75,-3.75
63,73,4,4,5.0,5.0,0.0
63,74,5,11,6.25,13.75,7.5
63,75,8,1,10.0,1.25,-8.75
63,76,6,3,7.5,3.75,-3.75
63,77,4,4,5.0,5.0,0.0
63,78,8,2,10.0,2.5,-7.5
63,79,2,4,2.5,5.0,2.5
63,80,4,3,5.0,3.75,-1.25
63,81,5,4,6.25,5.0,-1.25
63,82,9,5,11.25,6.25,-5.0
63,83,3,5,3.75,6.25,2.5
63,84,6,4,7.5,5.0,-2.5
63,85,4,6,5.0,7.5,2.5
63,86,5,5,6.25,6.25,0.0
63,87,4,4,5.0,5.0,0.0
63,88,6,3,7.5,3.75,-3.75
63,89,6,4,7.5,5.0,-2.5
63,90,5,6,6.25,7.5,1.25
63,91,8,3,10.0,3.75,-6.25
63,92,4,4,5.0,5.0,0.0
63,93,3,8,3.75,10.0,6.25
63,94,7,4,8.75,5.0,-3.75
63,95,8,4,10.0,5.0,-5.0
63,96,2,5,2.5,6.25,3.75
63,97,9,3,11.25,3.75,-7.5
63,98,7,10,8.75,12.5,3.75
63,99,9,7,11.25,8.75,-2.5
63,100,7,5,8.75,6.25,-2.5
63,101,5,1,6.25,1.25,-5.0
63,102,4,6,5.0,7.5,2.5
63,103,6,2,7.5,2.5,-5.0
63,104,4,7,5.0,8.75,3.75
63,105,5,7,6.25,8.75,2.5
63,106,5,4,6.25,5.0,-1.25
63,107,3,2,3.75,2.5,-1.25
64,0,2,4,2.5,5.0,2.5
64,1,8,2,10.0,2.5,-7.5
64,2,3,0,3.75,0.0,-3.75
64,3,1,1,1.25,1.25,0.0
64,4,0,1,0.0,1.25,1.25
64,5,2,1,2.5,1.25,-1.25
64,6,6,2,7.5,2.5,-5.0
64,7,2,1,2.5,1.25,-1.25
64,8,1,4,1.25,5.0,3.75
64,9,2,2,2.5,2.5,0.0
64,10,3,3,3.75,3.75,0.0
64,11,2,1,2.5,1.25,-1.25
64,12,2,1,2.5,1.25,-1.25
64,13,9,4,11.25,5.0,-6.25
64,14,2,2,2.5,2.5,0.0
64,15,0,2,0.0,2.5,2.5
64,16,1,4,1.25,5.0,3.75
64,17,0,4,0.0,5.0,5.0
64,18,1,0,1.25,0.0,-1.25
64,19,3,1,3.75,1.25,-2.5
64,20,3,3,3.75,3.75,0.0
64,21,1,0,1.25,0.0,-1.25
64,22,0,1,0.0,1.25,1.25
64,23,2,1,2.5,1.25,-1.25
64,24,1,1,1.25,1.25,0.0
64,25,1,1,1.25,1.25,0.0
64,26,7,4,8.75,5.0,-3.75
64,27,1,2,1.25,2.5,1.25
64,28,2,1,2.5,1.25,-1.25
64,29,2,2,2.5,2.5,0.0
64,30,3,0,3.75,0.0,-3.75
64,31,2,0,2.5,0.0,-2.5
64,32,5,0,6.25,0.0,-6.25
64,33,2,4,2.5,5.0,2.5
64,34,5,8,6.25,10.0,3.75
64,35,6,2,7.5,2.5,-5.0
64,36,2,1,2.5,1.25,-1.25
64,37,1,0,1.25,0.0,-1.25
64,38,1,1,1.25,1.25,0.0
64,39,1,3,1.25,3.75,2.5
64,40,0,1,0.0,1.25,1.25
64,41,1,1,1.25,1.25,0.0
64,42,3,1,3.75,1.25,-2.5
64,43,6,2,7.5,2.5,-5.0
64,44,1,2,1.25,2.5,1.25
64,45,0,4,0.0,5.0,5.0
64,46,3,1,3.75,1.25,-2.5
64,47,2,0,2.5,0.0,-2.5
64,48,1,2,1.25,2.5,1.25
64,49,1,1,1.25,1.25,0.0
64,50,0,1,0.0,1.25,1.25
64,51,1,1,1.25,1.25,0.0
64,52,4,4,5.0,5.0,0.0
64,53,3,1,3.75,1.25,-2.5
64,54,5,4,6.25,5.0,-1.25
64,55,3,2,3.75,2.5,-1.25
64,56,3,2,3.75,2.5,-1.25
64,57,9,5,11.25,6.25,-5.0
64,58,0,0,0.0,0.0,0.0
64,59,3,0,3.75,0.0,-3.75
64,60,0,1,0.0,1.25,1.25
64,61,0,0,0.0,0.0,0.0
64,62,1,1,1.25,1.25,0.0
64,63,0,0,0.0,0.0,0.0
64,64,1,4,1.25,5.0,3.75
64,65,2,0,2.5,0.0,-2.5
64,66,3,2,3.75,2.5,-1.25
64,67,2,1,2.5,1.25,-1.25
64,68,0,0,0.0,0.0,0.0
64,69,0,5,0.0,6.25,6.25
64,70,1,3,1.25,3.75,2.5
64,71,1,1,1.25,1.25,0.0
64,72,1,1,1.25,1.25,0.0
64,73,3,0,3.75,0.0,-3.75
64,74,3,4,3.75,5.0,1.25
64,75,0,1,0.0,1.25,1.25
64,76,1,1,1.25,1.25,0.0
64,77,0,1,0.0,1.25,1.25
64,78,2,3,2.5,3.75,1.25
64,79,1,0,1.25,0.0,-1.25
64,80,3,1,3.75,1.25,-2.5
64,81,4,5,5.0,6.25,1.25
64,82,1,0,1.25,0.0,-1.25
64,83,5,3,6.25,3.75,-2.5
64,84,3,1,3.75,1.25,-2.5
64,85,0,1,0.0,1.25,1.25
64,86,1,1,1.25,1.25,0.0
64,87,2,0,2.5,0.0,-2.5
64,88,0,0,0.0,0.0,0.0
64,89,0,1,0.0,1.25,1.25
64,90,1,0,1.25,0.0,-1.25
64,91,1,0,1.25,0.0,-1.25
64,92,1,2,1.25,2.5,1.25
64,93,1,1,1.25,1.25,0.0
64,94,0,1,0.0,1.25,1.25
64,95,1,0,1.25,0.0,-1.25
64,96,0,2,0.0,2.5,2.5
64,97,2,1,2.5,1.25,-1.25
64,98,0,1,0.0,1.25,1.25
64,99,1,0,1.25,0.0,-1.25
64,100,1,0,1.25,0.0,-1.25
64,101,3,2,3.75,2.5,-1.25
64,102,0,0,0.0,0.0,0.0
64,103,2,3,2.5,3.75,1.25
64,104,0,0,0.0,0.0,0.0
64,105,0,0,0.0,0.0,0.0
64,106,0,0,0.0,0.0,0.0
64,107,0,0,0.0,0.0,0.0
65,0,5,3,6.25,3.75,-2.5
65,1,10,8,12.5,10.0,-2.5
65,2,3,7,3.75,8.75,5.0
65,3,13,9,16.25,11.25,-5.0
65,4,16,8,20.0,10.0,-10.0
65,5,16,12,20.0,15.0,-5.0
65,6,6,8,7.5,10.0,2.5
65,7,10,6,12.5,7.5,-5.0
65,8,5,8,6.25,10.0,3.75
65,9,8,7,10.0,8.75,-1.25
65,10,9,11,11.25,13.75,2.5
65,11,12,10,15.0,12.5,-2.5
65,12,12,9,15.0,11.25,-3.75
65,13,4,8,5.0,10.0,5.0
65,14,11,5,13.75,6.25,-7.5
65,15,12,6,15.0,7.5,-7.5
65,16,11,5,13.75,6.25,-7.5
65,17,14,7,17.5,8.75,-8.75
65,18,7,11,8.75,13.75,5.0
65,19,15,5,18.75,6.25,-12.5
65,20,10,9,12.5,11.25,-1.25
65,21,12,10,15.0,12.5,-2.5
65,22,3,17,3.75,21.25,17.5
65,23,17,8,21.25,10.0,-11.25
65,24,18,9,22.5,11.25,-11.25
65,25,15,10,18.75,12.5,-6.25
65,26,10,8,12.5,10.0,-2.5
65,27,8,8,10.0,10.0,0.0
65,28,11,9,13.75,11.25,-2.5
65,29,8,13,10.0,16.25,6.25
65,30,15,9,18.75,11.25,-7.5
65,31,12,11,15.0,13.75,-1.25
65,32,5,6,6.25,7.5,1.25
65,33,10,4,12.5,5.0,-7.5
65,34,5,3,6.25,3.75,-2.5
65,35,12,8,15.0,10.0,-5.0
65,36,8,11,10.0,13.75,3.75
65,37,6,10,7.5,12.5,5.0
65,38,7,9,8.75,11.25,2.5
65,39,11,9,13.75,11.25,-2.5
65,40,7,10,8.75,12.5,3.75
65,41,7,6,8.75,7.5,-1.25
65,42,16,8,20.0,10.0,-10.0
65,43,12,8,15.0,10.0,-5.0
65,44,15,9,18.75,11.25,-7.5
65,45,13,7,16.25,8.75,-7.5
65,46,5,8,6.25,10.0,3.75
65,47,7,11,8.75,13.75,5.0
65,48,7,8,8.75,10.0,1.25
65,49,8,9,10.0,11.25,1.25
65,50,19,9,23.75,11.25,-12.5
65,51,4,7,5.0,8.75,3.75
65,52,4,14,5.0,17.5,12.5
65,53,7,10,8.75,12.5,3.75
65,54,8,4,10.0,5.0,-5.0
65,55,10,5,12.5,6.25,-6.25
65,56,12,3,15.0,3.75,-11.25
65,57,5,3,6.25,3.75,-2.5
65,58,8,7,10.0,8.75,-1.25
65,59,24,8,30.0,10.0,-20.0
65,60,13,8,16.25,10.0,-6.25
65,61,10,12,12.5,15.0,2.5
65,62,6,9,7.5,11.25,3.75
65,63,12,8,15.0,10.0,-5.0
65,64,6,9,7.5,11.25,3.75
65,65,16,6,20.0,7.5,-12.5
65,66,13,21,16.25,26.25,10.0
65,67,12,9,15.0,11.25,-3.75
65,68,14,6,17.5,7.5,-10.0
65,69,12,6,15.0,7.5,-7.5
65,70,5,11,6.25,13.75,7.5
65,71,11,10,13.75,12.5,-1.25
65,72,21,11,26.25,13.75,-12.5
65,73,17,7,21.25,8.75,-12.5
65,74,12,6,15.0,7.5,-7.5
65,75,15,10,18.75,12.5,-6.25
65,76,9,6,11.25,7.5,-3.75
65,77,13,5,16.25,6.25,-10.0
65,78,8,6,10.0,7.5,-2.5
65,79,12,15,15.0,18.75,3.75
65,80,20,10,25.0,12.5,-12.5
65,81,11,12,13.75,15.0,1.25
65,82,18,16,22.5,20.0,-2.5
65,83,21,11,26.25,13.75,-12.5
65,84,13,8,16.25,10.0,-6.25
65,85,6,8,7.5,10.0,2.5
65,86,15,9,18.75,11.25,-7.5
65,87,11,6,13.75,7.5,-6.25
65,88,15,9,18.75,11.25,-7.5
65,89,16,10,20.0,12.5,-7.5
65,90,22,14,27.5,17.5,-10.0
65,91,8,5,10.0,6.25,-3.75
65,92,12,5,15.0,6.25,-8.75
65,93,8,8,10.0,10.0,0.0
65,94,7,9,8.75,11.25,2.5
65,95,8,8,10.0,10.0,0.0
65,96,10,10,12.5,12.5,0.0
65,97,9,9,11.25,11.25,0.0
65,98,10,9,12.5,11.25,-1.25
65,99,15,7,18.75,8.75,-10.0
65,100,9,8,11.25,10.0,-1.25
65,101,12,8,15.0,10.0,-5.0
65,102,15,3,18.75,3.75,-15.0
65,103,17,7,21.25,8.75,-12.5
65,104,11,2,13.75,2.5,-11.25
65,105,7,8,8.75,10.0,1.25
65,106,9,11,11.25,13.75,2.5
65,107,18,8,22.5,10.0,-12.5
66,0,0,0,0.0,0.0,0.0
66,1,0,0,0.0,0.0,0.0
66,2,0,0,0.0,0.0,0.0
66,3,0,0,0.0,0.0,0.0
66,4,1,1,1.25,1.25,0.0
66,5,0,0,0.0,0.0,0.0
66,6,1,1,1.25,1.25,0.0
66,7,0,0,0.0,0.0,0.0
66,8,0,0,0.0,0.0,0.0
66,9,0,0,0.0,0.0,0.0
66,10,7,0,8.75,0.0,-8.75
66,11,1,0,1.25,0.0,-1.25
66,12,0,0,0.0,0.0,0.0
66,13,0,0,0.0,0.0,0.0
66,14,0,0,0.0,0.0,0.0
66,15,0,0,0.0,0.0,0.0
66,16,0,0,0.0,0.0,0.0
66,17,0,0,0.0,0.0,0.0
66,18,1,1,1.25,1.25,0.0
66,19,0,0,0.0,0.0,0.0
66,20,0,0,0.0,0.0,0.0
66,21,0,0,0.0,0.0,0.0
66,22,6,1,7.5,1.25,-6.25
66,23,0,0,0.0,0.0,0.0
66,24,0,0,0.0,0.0,0.0
66,25,0,0,0.0,0.0,0.0
66,26,0,0,0.0,0.0,0.0
66,27,0,0,0.0,0.0,0.0
66,28,5,0,6.25,0.0,-6.25
66,29,0,0,0.0,0.0,0.0
66,30,0,3,0.0,3.75,3.75
66,31,0,0,0.0,0.0,0.0
66,32,0,0,0.0,0.0,0.0
66,33,0,0,0.0,0.0,0.0
66,34,0,0,0.0,0.0,0.0
66,35,0,0,0.0,0.0,0.0
66,36,0,0,0.0,0.0,0.0
66,37,5,3,6.25,3.75,-2.5
66,38,0,0,0.0,0.0,0.0
66,39,3,0,3.75,0.0,-3.75
66,40,9,1,11.25,1.25,-10.0
66,41,0,0,0.0,0.0,0.0
66,42,0,0,0.0,0.0,0.0
66,43,0,0,0.0,0.0,0.0
66,44,0,0,0.0,0.0,0.0
66,45,0,0,0.0,0.0,0.0
66,46,0,0,0.0,0.0,0.0
66,47,0,1,0.0,1.25,1.25
66,48,0,0,0.0,0.0,0.0
66,49,1,1,1.25,1.25,0.0
66,50,0,0,0.0,0.0,0.0
66,51,2,0,2.5,0.0,-2.5
66,52,0,0,0.0,0.0,0.0
66,53,0,0,0.0,0.0,0.0
66,54,0,0,0.0,0.0,0.0
66,55,0,0,0.0,0.0,0.0
66,56,0,0,0.0,0.0,0.0
66,57,0,0,0.0,0.0,0.0
66,58,1,1,1.25,1.25,0.0
66,59,0,1,0.0,1.25,1.25
66,60,0,0,0.0,0.0,0.0
66,61,0,1,0.0,1.25,1.25
66,62,0,0,0.0,0.0,0.0
66,63,0,0,0.0,0.0,0.0
66,64,0,0,0.0,0.0,0.0
66,65,0,1,0.0,1.25,1.25
66,66,0,0,0.0,0.0,0.0
66,67,0,0,0.0,0.0,0.0
66,68,0,0,0.0,0.0,0.0
66,69,0,0,0.0,0.0,0.0
66,70,0,2,0.0,2.5,2.5
66,71,2,7,2.5,8.75,6.25
66,72,0,2,0.0,2.5,2.5
66,73,0,1,0.0,1.25,1.25
66,74,0,0,0.0,0.0,0.0
66,75,1,4,1.25,5.0,3.75
66,76,0,1,0.0,1.25,1.25
66,77,0,1,0.0,1.25,1.25
66,78,0,0,0.0,0.0,0.0
66,79,0,5,0.0,6.25,6.25
66,80,2,2,2.5,2.5,0.0
66,81,0,0,0.0,0.0,0.0
66,82,0,0,0.0,0.0,0.0
66,83,0,0,0.0,0.0,0.0
66,84,0,0,0.0,0.0,0.0
66,85,0,0,0.0,0.0,0.0
66,86,0,2,0.0,2.5,2.5
66,87,4,4,5.0,5.0,0.0
66,88,0,2,0.0,2.5,2.5
66,89,0,1,0.0,1.25,1.25
66,90,2,1,2.5,1.25,-1.25
66,91,3,3,3.75,3.75,0.0
66,92,1,1,1.25,1.25,0.0
66,93,0,1,0.0,1.25,1.25
66,94,0,2,0.0,2.5,2.5
66,95,0,1,0.0,1.25,1.25
66,96,0,1,0.0,1.25,1.25
66,97,0,0,0.0,0.0,0.0
66,98,0,4,0.0,5.0,5.0
66,99,1,3,1.25,3.75,2.5
66,100,2,3,2.5,3.75,1.25
66,101,0,0,0.0,0.0,0.0
66,102,1,2,1.25,2.5,1.25
66,103,0,0,0.0,0.0,0.0
66,104,0,5,0.0,6.25,6.25
66,105,1,3,1.25,3.75,2.5
66,106,2,3,2.5,3.75,1.25
66,107,0,1,0.0,1.25,1.25
67,0,5,11,6.25,13.75,7.5
67,1,1,1,1.25,1.25,0.0
67,2,7,1,8.75,1.25,-7.5
67,3,4,4,5.0,5.0,0.0
67,4,3,1,3.75,1.25,-2.5
67,5,1,0,1.25,0.0,-1.25
67,6,1,4,1.25,5.0,3.75
67,7,1,1,1.25,1.25,0.0
67,8,1,1,1.25,1.25,0.0
67,9,3,0,3.75,0.0,-3.75
67,10,0,3,0.0,3.75,3.75
67,11,5,4,6.25,5.0,-1.25
67,12,10,2,12.5,2.5,-10.0
67,13,4,4,5.0,5.0,0.0
67,14,5,1,6.25,1.25,-5.0
67,15,5,0,6.25,0.0,-6.25
67,16,4,0,5.0,0.0,-5.0
67,17,5,3,6.25,3.75,-2.5
67,18,4,0,5.0,0.0,-5.0
67,19,2,3,2.5,3.75,1.25
67,20,6,4,7.5,5.0,-2.5
67,21,8,3,10.0,3.75,-6.25
67,22,10,3,12.5,3.75,-8.75
67,23,4,2,5.0,2.5,-2.5
67,24,5,2,6.25,2.5,-3.75
67,25,13,5,16.25,6.25,-10.0
67,26,9,5,11.25,6.25,-5.0
67,27,1,2,1.25,2.5,1.25
67,28,7,1,8.75,1.25,-7.5
67,29,4,0,5.0,0.0,-5.0
67,30,2,5,2.5,6.25,3.75
67,31,5,0,6.25,0.0,-6.25
67,32,3,0,3.75,0.0,-3.75
67,33,2,7,2.5,8.75,6.25
67,34,4,0,5.0,0.0,-5.0
67,35,2,3,2.5,3.75,1.25
67,36,6,0,7.5,0.0,-7.5
67,37,3,0,3.75,0.0,-3.75
67,38,1,0,1.25,0.0,-1.25
67,39,2,0,2.5,0.0,-2.5
67,40,9,4,11.25,5.0,-6.25
67,41,0,2,0.0,2.5,2.5
67,42,1,2,1.25,2.5,1.25
67,43,1,1,1.25,1.25,0.0
67,44,7,0,8.75,0.0,-8.75
67,45,0,2,0.0,2.5,2.5
67,46,3,2,3.75,2.5,-1.25
67,47,1,0,1.25,0.0,-1.25
67,48,2,0,2.5,0.0,-2.5
67,49,0,1,0.0,1.25,1.25
67,50,0,1,0.0,1.25,1.25
67,51,3,3,3.75,3.75,0.0
67,52,0,1,0.0,1.25,1.25
67,53,2,0,2.5,0.0,-2.5
67,54,0,2,0.0,2.5,2.5
67,55,0,2,0.0,2.5,2.5
67,56,0,0,0.0,0.0,0.0
67,57,0,1,0.0,1.25,1.25
67,58,0,0,0.0,0.0,0.0
67,59,0,0,0.0,0.0,0.0
67,60,2,5,2.5,6.25,3.75
67,61,2,0,2.5,0.0,-2.5
67,62,0,0,0.0,0.0,0.0
67,63,0,0,0.0,0.0,0.0
67,64,4,1,5.0,1.25,-3.75
67,65,0,0,0.0,0.0,0.0
67,66,0,1,0.0,1.25,1.25
67,67,0,1,0.0,1.25,1.25
67,68,1,0,1.25,0.0,-1.25
67,69,2,1,2.5,1.25,-1.25
67,70,0,1,0.0,1.25,1.25
67,71,2,4,2.5,5.0,2.5
67,72,0,2,0.0,2.5,2.5
67,73,1,0,1.25,0.0,-1.25
67,74,0,0,0.0,0.0,0.0
67,75,0,0,0.0,0.0,0.0
67,76,1,0,1.25,0.0,-1.25
67,77,1,3,1.25,3.75,2.5
67,78,3,13,3.75,16.25,12.5
67,79,2,1,2.5,1.25,-1.25
67,80,0,2,0.0,2.5,2.5
67,81,2,0,2.5,0.0,-2.5
67,82,7,2,8.75,2.5,-6.25
67,83,0,14,0.0,17.5,17.5
67,84,0,2,0.0,2.5,2.5
67,85,3,1,3.75,1.25,-2.5
67,86,0,0,0.0,0.0,0.0
67,87,0,3,0.0,3.75,3.75
67,88,2,2,2.5,2.5,0.0
67,89,0,4,0.0,5.0,5.0
67,90,1,0,1.25,0.0,-1.25
67,91,0,0,0.0,0.0,0.0
67,92,0,0,0.0,0.0,0.0
67,93,1,3,1.25,3.75,2.5
67,94,0,2,0.0,2.5,2.5
67,95,1,0,1.25,0.0,-1.25
67,96,3,0,3.75,0.0,-3.75
67,97,3,1,3.75,1.25,-2.5
67,98,1,2,1.25,2.5,1.25
67,99,4,1,5.0,1.25,-3.75
67,100,1,2,1.25,2.5,1.25
67,101,0,0,0.0,0.0,0.0
67,102,1,0,1.25,0.0,-1.25
67,103,1,1,1.25,1.25,0.0
67,104,0,0,0.0,0.0,0.0
67,105,0,0,0.0,0.0,0.0
67,106,1,0,1.25,0.0,-1.25
67,107,0,0,0.0,0.0,0.0
68,0,3,0,3.75,0.0,-3.75
68,1,0,6,0.0,7.5,7.5
68,2,18,9,22.5,11.25,-11.25
68,3,0,1,0.0,1.25,1.25
68,4,18,5,22.5,6.25,-16.25
68,5,13,4,16.25,5.0,-11.25
68,6,6,9,7.5,11.25,3.75
68,7,4,2,5.0,2.5,-2.5
68,8,13,9,16.25,11.25,-5.0
68,9,5,1,6.25,1.25,-5.0
68,10,13,5,16.25,6.25,-10.0
68,11,6,2,7.5,2.5,-5.0
68,12,6,0,7.5,0.0,-7.5
68,13,2,0,2.5,0.0,-2.5
68,14,0,2,0.0,2.5,2.5
68,15,0,0,0.0,0.0,0.0
68,16,4,9,5.0,11.25,6.25
68,17,3,15,3.75,18.75,15.0
68,18,12,2,15.0,2.5,-12.5
68,19,0,0,0.0,0.0,0.0
68,20,0,0,0.0,0.0,0.0
68,21,10,2,12.5,2.5,-10.0
68,22,11,2,13.75,2.5,-11.25
68,23,0,0,0.0,0.0,0.0
68,24,0,0,0.0,0.0,0.0
68,25,0,0,0.0,0.0,0.0
68,26,1,2,1.25,2.5,1.25
68,27,19,18,23.75,22.5,-1.25
68,28,8,7,10.0,8.75,-1.25
68,29,5,1,6.25,1.25,-5.0
68,30,4,4,5.0,5.0,0.0
68,31,4,1,5.0,1.25,-3.75
68,32,0,1,0.0,1.25,1.25
68,33,0,3,0.0,3.75,3.75
68,34,0,5,0.0,6.25,6.25
68,35,3,5,3.75,6.25,2.5
68,36,0,3,0.0,3.75,3.75
68,37,21,7,26.25,8.75,-17.5
68,38,2,7,2.5,8.75,6.25
68,39,13,4,16.25,5.0,-11.25
68,40,13,1,16.25,1.25,-15.0
68,41,1,1,1.25,1.25,0.0
68,42,4,5,5.0,6.25,1.25
68,43,3,2,3.75,2.5,-1.25
68,44,18,2,22.5,2.5,-20.0
68,45,6,9,7.5,11.25,3.75
68,46,1,0,1.25,0.0,-1.25
68,47,11,4,13.75,5.0,-8.75
68,48,0,0,0.0,0.0,0.0
68,49,16,5,20.0,6.25,-13.75
68,50,4,2,5.0,2.5,-2.5
68,51,3,3,3.75,3.75,0.0
68,52,0,3,0.0,3.75,3.75
68,53,0,0,0.0,0.0,0.0
68,54,10,7,12.5,8.75,-3.75
68,55,1,4,1.25,5.0,3.75
68,56,0,13,0.0,16.25,16.25
68,57,8,27,10.0,33.75,23.75
68,58,4,12,5.0,15.0,10.0
68,59,4,2,5.0,2.5,-2.5
68,60,2,0,2.5,0.0,-2.5
68,61,12,3,15.0,3.75,-11.25
68,62,7,4,8.75,5.0,-3.75
68,63,11,2,13.75,2.5,-11.25
68,64,12,13,15.0,16.25,1.25
68,65,4,7,5.0,8.75,3.75
68,66,2,3,2.5,3.75,1.25
68,67,0,1,0.0,1.25,1.25
68,68,4,0,5.0,0.0,-5.0
68,69,4,6,5.0,7.5,2.5
68,70,11,4,13.75,5.0,-8.75
68,71,7,13,8.75,16.25,7.5
68,72,1,0,1.25,0.0,-1.25
68,73,8,3,10.0,3.75,-6.25
68,74,2,3,2.5,3.75,1.25
68,75,9,9,11.25,11.25,0.0
68,76,7,0,8.75,0.0,-8.75
68,77,3,5,3.75,6.25,2.5
68,78,2,3,2.5,3.75,1.25
68,79,0,3,0.0,3.75,3.75
68,80,0,0,0.0,0.0,0.0
68,81,2,1,2.5,1.25,-1.25
68,82,18,3,22.5,3.75,-18.75
68,83,0,0,0.0,0.0,0.0
68,84,5,10,6.25,12.5,6.25
68,85,14,8,17.5,10.0,-7.5
68,86,0,2,0.0,2.5,2.5
68,87,4,3,5.0,3.75,-1.25
68,88,0,4,0.0,5.0,5.0
68,89,0,5,0.0,6.25,6.25
68,90,0,4,0.0,5.0,5.0
68,91,14,9,17.5,11.25,-6.25
68,92,0,3,0.0,3.75,3.75
68,93,2,0,2.5,0.0,-2.5
68,94,1,0,1.25,0.0,-1.25
68,95,5,0,6.25,0.0,-6.25
68,96,1,3,1.25,3.75,2.5
68,97,2,0,2.5,0.0,-2.5
68,98,8,6,10.0,7.5,-2.5
68,99,9,11,11.25,13.75,2.5
68,100,16,3,20.0,3.75,-16.25
68,101,0,1,0.0,1.25,1.25
68,102,5,5,6.25,6.25,0.0
68,103,13,10,16.25,12.5,-3.75
68,104,1,3,1.25,3.75,2.5
68,105,3,2,3.75,2.5,-1.25
68,106,13,7,16.25,8.75,-7.5
68,107,0,1,0.0,1.25,1.25
69,0,3,4,3.75,5.0,1.25
69,1,3,4,3.75,5.0,1.25
69,2,9,2,11.25,2.5,-8.75
69,3,3,4,3.75,5.0,1.25
69,4,9,4,11.25,5.0,-6.25
69,5,4,1,5.0,1.25,-3.75
69,6,6,2,7.5,2.5,-5.0
69,7,5,6,6.25,7.5,1.25
69,8,9,2,11.25,2.5,-8.75
69,9,4,8,5.0,10.0,5.0
69,10,9,5,11.25,6.25,-5.0
69,11,4,3,5.0,3.75,-1.25
69,12,10,1,12.5,1.25,-11.25
69,13,2,2,2.5,2.5,0.0
69,14,3,5,3.75,6.25,2.5
69,15,7,2,8.75,2.5,-6.25
69,16,6,4,7.5,5.0,-2.5
69,17,9,0,11.25,0.0,-11.25
69,18,3,0,3.75,0.0,-3.75
69,19,4,1,5.0,1.25,-3.75
69,20,3,2,3.75,2.5,-1.25
69,21,2,3,2.5,3.75,1.25
69,22,7,3,8.75,3.75,-5.0
69,23,4,1,5.0,1.25,-3.75
69,24,1,6,1.25,7.5,6.25
69,25,6,3,7.5,3.75,-3.75
69,26,3,2,3.75,2.5,-1.25
69,27,11,10,13.75,12.5,-1.25
69,28,2,3,2.5,3.75,1.25
69,29,7,7,8.75,8.75,0.0
69,30,4,3,5.0,3.75,-1.25
69,31,2,2,2.5,2.5,0.0
69,32,2,1,2.5,1.25,-1.25
69,33,4,5,5.0,6.25,1.25
69,34,3,4,3.75,5.0,1.25
69,35,4,1,5.0,1.25,-3.75
69,36,2,0,2.5,0.0,-2.5
69,37,5,2,6.25,2.5,-3.75
69,38,6,1,7.5,1.25,-6.25
69,39,8,0,10.0,0.0,-10.0
69,40,3,2,3.75,2.5,-1.25
69,41,5,1,6.25,1.25,-5.0
69,42,3,2,3.75,2.5,-1.25
69,43,3,1,3.75,1.25,-2.5
69,44,5,2,6.25,2.5,-3.75
69,45,1,0,1.25,0.0,-1.25
69,46,4,2,5.0,2.5,-2.5
69,47,9,0,11.25,0.0,-11.25
69,48,7,3,8.75,3.75,-5.0
69,49,5,2,6.25,2.5,-3.75
69,50,2,2,2.5,2.5,0.0
69,51,4,4,5.0,5.0,0.0
69,52,3,0,3.75,0.0,-3.75
69,53,3,2,3.75,2.5,-1.25
69,54,5,0,6.25,0.0,-6.25
69,55,4,3,5.0,3.75,-1.25
69,56,7,1,8.75,1.25,-7.5
69,57,1,6,1.25,7.5,6.25
69,58,5,2,6.25,2.5,-3.75
69,59,3,5,3.75,6.25,2.5
69,60,2,2,2.5,2.5,0.0
69,61,5,0,6.25,0.0,-6.25
69,62,2,2,2.5,2.5,0.0
69,63,2,2,2.5,2.5,0.0
69,64,4,3,5.0,3.75,-1.25
69,65,3,1,3.75,1.25,-2.5
69,66,2,1,2.5,1.25,-1.25
69,67,7,3,8.75,3.75,-5.0
69,68,5,3,6.25,3.75,-2.5
69,69,2,1,2.5,1.25,-1.25
69,70,3,3,3.75,3.75,0.0
69,71,4,1,5.0,1.25,-3.75
69,72,5,4,6.25,5.0,-1.25
69,73,0,4,0.0,5.0,5.0
69,74,0,1,0.0,1.25,1.25
69,75,1,1,1.25,1.25,0.0
69,76,1,2,1.25,2.5,1.25
69,77,1,2,1.25,2.5,1.25
69,78,1,1,1.25,1.25,0.0
69,79,3,2,3.75,2.5,-1.25
69,80,1,5,1.25,6.25,5.0
69,81,4,0,5.0,0.0,-5.0
69,82,2,1,2.5,1.25,-1.25
69,83,1,3,1.25,3.75,2.5
69,84,3,5,3.75,6.25,2.5
69,85,6,0,7.5,0.0,-7.5
69,86,2,0,2.5,0.0,-2.5
69,87,3,3,3.75,3.75,0.0
69,88,4,1,5.0,1.25,-3.75
69,89,1,1,1.25,1.25,0.0
69,90,1,0,1.25,0.0,-1.25
69,91,5,0,6.25,0.0,-6.25
69,92,4,2,5.0,2.5,-2.5
69,93,4,6,5.0,7.5,2.5
69,94,2,0,2.5,0.0,-2.5
69,95,5,5,6.25,6.25,0.0
69,96,2,1,2.5,1.25,-1.25
69,97,4,1,5.0,1.25,-3.75
69,98,2,1,2.5,1.25,-1.25
69,99,5,4,6.25,5.0,-1.25
69,100,3,0,3.75,0.0,-3.75
69,101,2,1,2.5,1.25,-1.25
69,102,2,4,2.5,5.0,2.5
69,103,7,4,8.75,5.0,-3.75
69,104,5,1,6.25,1.25,-5.0
69,105,2,1,2.5,1.25,-1.25
69,106,1,1,1.25,1.25,0.0
69,107,4,2,5.0,2.5,-2.5
70,0,0,0,0.0,0.0,0.0
70,1,0,0,0.0,0.0,0.0
70,2,1,0,1.25,0.0,-1.25
70,3,0,0,0.0,0.0,0.0
70,4,0,0,0.0,0.0,0.0
70,5,0,0,0.0,0.0,0.0
70,6,0,0,0.0,0.0,0.0
70,7,0,0,0.0,0.0,0.0
70,8,0,0,0.0,0.0,0.0
70,9,0,0,0.0,0.0,0.0
70,10,0,0,0.0,0.0,0.0
70,11,0,0,0.0,0.0,0.0
70,12,0,0,0.0,0.0,0.0
70,13,0,0,0.0,0.0,0.0
70,14,0,0,0.0,0.0,0.0
70,15,0,3,0.0,3.75,3.75
70,16,1,2,1.25,2.5,1.25
70,17,1,2,1.25,2.5,1.25
70,18,2,1,2.5,1.25,-1.25
70,19,1,0,1.25,0.0,-1.25
70,20,0,1,0.0,1.25,1.25
70,21,1,1,1.25,1.25,0.0
70,22,1,0,1.25,0.0,-1.25
70,23,0,1,0.0,1.25,1.25
70,24,0,0,0.0,0.0,0.0
70,25,1,1,1.25,1.25,0.0
70,26,0,0,0.0,0.0,0.0
70,27,7,2,8.75,2.5,-6.25
70,28,2,2,2.5,2.5,0.0
70,29,0,0,0.0,0.0,0.0
70,30,2,0,2.5,0.0,-2.5
70,31,1,0,1.25,0.0,-1.25
70,32,0,0,0.0,0.0,0.0
70,33,0,0,0.0,0.0,0.0
70,34,0,0,0.0,0.0,0.0
70,35,1,0,1.25,0.0,-1.25
70,36,0,0,0.0,0.0,0.0
70,37,0,1,0.0,1.25,1.25
70,38,2,0,2.5,0.0,-2.5
70,39,2,0,2.5,0.0,-2.5
70,40,0,0,0.0,0.0,0.0
70,41,3,1,3.75,1.25,-2.5
70,42,0,1,0.0,1.25,1.25
70,43,0,3,0.0,3.75,3.75
70,44,2,3,2.5,3.75,1.25
70,45,4,0,5.0,0.0,-5.0
70,46,4,1,5.0,1.25,-3.75
70,47,3,1,3.75,1.25,-2.5
70,48,7,3,8.75,3.75,-5.0
70,49,2,0,2.5,0.0,-2.5
70,50,1,1,1.25,1.25,0.0
70,51,4,0,5.0,0.0,-5.0
70,52,2,0,2.5,0.0,-2.5
70,53,0,0,0.0,0.0,0.0
70,54,0,0,0.0,0.0,0.0
70,55,1,0,1.25,0.0,-1.25
70,56,1,1,1.25,1.25,0.0
70,57,1,4,1.25,5.0,3.75
70,58,2,0,2.5,0.0,-2.5
70,59,1,3,1.25,3.75,2.5
70,60,2,1,2.5,1.25,-1.25
70,61,6,0,7.5,0.0,-7.5
70,62,4,2,5.0,2.5,-2.5
70,63,2,3,2.5,3.75,1.25
70,64,8,4,10.0,5.0,-5.0
70,65,5,2,6.25,2.5,-3.75
70,66,1,0,1.25,0.0,-1.25
70,67,1,1,1.25,1.25,0.0
70,68,1,2,1.25,2.5,1.25
70,69,3,0,3.75,0.0,-3.75
70,70,5,0,6.25,0.0,-6.25
70,71,2,2,2.5,2.5,0.0
70,72,3,4,3.75,5.0,1.25
70,73,2,2,2.5,2.5,0.0
70,74,0,1,0.0,1.25,1.25
70,75,4,0,5.0,0.0,-5.0
70,76,0,4,0.0,5.0,5.0
70,77,2,1,2.5,1.25,-1.25
70,78,0,1,0.0,1.25,1.25
70,79,1,3,1.25,3.75,2.5
70,80,5,1,6.25,1.25,-5.0
70,81,3,4,3.75,5.0,1.25
70,82,1,0,1.25,0.0,-1.25
70,83,0,0,0.0,0.0,0.0
70,84,2,4,2.5,5.0,2.5
70,85,3,4,3.75,5.0,1.25
70,86,5,0,6.25,0.0,-6.25
70,87,1,3,1.25,3.75,2.5
70,88,8,5,10.0,6.25,-3.75
70,89,4,4,5.0,5.0,0.0
70,90,3,1,3.75,1.25,-2.5
70,91,6,1,7.5,1.25,-6.25
70,92,0,2,0.0,2.5,2.5
70,93,3,1,3.75,1.25,-2.5
70,94,1,6,1.25,7.5,6.25
70,95,6,9,7.5,11.25,3.75
70,96,3,1,3.75,1.25,-2.5
70,97,5,4,6.25,5.0,-1.25
70,98,3,0,3.75,0.0,-3.75
70,99,4,6,5.0,7.5,2.5
70,100,3,2,3.75,2.5,-1.25
70,101,7,2,8.75,2.5,-6.25
70,102,1,1,1.25,1.25,0.0
70,103,1,2,1.25,2.5,1.25
70,104,0,0,0.0,0.0,0.0
70,105,2,3,2.5,3.75,1.25
70,106,8,5,10.0,6.25,-3.75
70,107,5,2,6.25,2.5,-3.75
71,0,10,12,12.5,15.0,2.5
71,1,12,7,15.0,8.75,-6.25
71,2,4,8,5.0,10.0,5.0
71,3,12,6,15.0,7.5,-7.5
71,4,10,10,12.5,12.5,0.0
71,5,8,7,10.0,8.75,-1.25
71,6,11,14,13.75,17.5,3.75
71,7,6,7,7.5,8.75,1.25
71,8,8,5,10.0,6.25,-3.75
71,9,7,12,8.75,15.0,6.25
71,10,8,9,10.0,11.25,1.25
71,11,5,17,6.25,21.25,15.0
71,12,8,8,10.0,10.0,0.0
71,13,21,12,26.25,15.0,-11.25
71,14,4,6,5.0,7.5,2.5
71,15,4,13,5.0,16.25,11.25
71,16,3,8,3.75,10.0,6.25
71,17,7,6,8.75,7.5,-1.25
71,18,7,17,8.75,21.25,12.5
71,19,8,15,10.0,18.75,8.75
71,20,5,16,6.25,20.0,13.75
71,21,4,16,5.0,20.0,15.0
71,22,7,9,8.75,11.25,2.5
71,23,6,12,7.5,15.0,7.5
71,24,6,10,7.5,12.5,5.0
71,25,3,13,3.75,16.25,12.5
71,26,16,18,20.0,22.5,2.5
71,27,11,10,13.75,12.5,-1.25
71,28,3,6,3.75,7.5,3.75
71,29,11,5,13.75,6.25,-7.5
71,30,6,8,7.5,10.0,2.5
71,31,4,10,5.0,12.5,7.5
71,32,10,13,12.5,16.25,3.75
71,33,7,14,8.75,17.5,8.75
71,34,7,13,8.75,16.25,7.5
71,35,13,5,16.25,6.25,-10.0
71,36,17,12,21.25,15.0,-6.25
71,37,6,6,7.5,7.5,0.0
71,38,6,8,7.5,10.0,2.5
71,39,5,10,6.25,12.5,6.25
71,40,6,9,7.5,11.25,3.75
71,41,9,14,11.25,17.5,6.25
71,42,10,9,12.5,11.25,-1.25
71,43,8,11,10.0,13.75,3.75
71,44,7,11,8.75,13.75,5.0
71,45,9,13,11.25,16.25,5.0
71,46,5,9,6.25,11.25,5.0
71,47,10,8,12.5,10.0,-2.5
71,48,7,11,8.75,13.75,5.0
71,49,9,15,11.25,18.75,7.5
71,50,5,11,6.25,13.75,7.5
71,51,6,8,7.5,10.0,2.5
71,52,11,8,13.75,10.0,-3.75
71,53,13,8,16.25,10.0,-6.25
71,54,3,6,3.75,7.5,3.75
71,55,5,5,6.25,6.25,0.0
71,56,8,14,10.0,17.5,7.5
71,57,8,19,10.0,23.75,13.75
71,58,11,4,13.75,5.0,-8.75
71,59,11,10,13.75,12.5,-1.25
71,60,11,8,13.75,10.0,-3.75
71,61,4,7,5.0,8.75,3.75
71,62,2,9,2.5,11.25,8.75
71,63,10,9,12.5,11.25,-1.25
71,64,5,7,6.25,8.75,2.5
71,65,13,7,16.25,8.75,-7.5
71,66,1,10,1.25,12.5,11.25
71,67,6,11,7.5,13.75,6.25
71,68,8,7,10.0,8.75,-1.25
71,69,6,5,7.5,6.25,-1.25
71,70,16,16,20.0,20.0,0.0
71,71,8,10,10.0,12.5,2.5
71,72,12,4,15.0,5.0,-10.0
71,73,8,3,10.0,3.75,-6.25
71,74,10,12,12.5,15.0,2.5
71,75,7,12,8.75,15.0,6.25
71,76,11,13,13.75,16.25,2.5
71,77,9,19,11.25,23.75,12.5
71,78,9,12,11.25,15.0,3.75
71,79,8,9,10.0,11.25,1.25
71,80,5,14,6.25,17.5,11.25
71,81,10,9,12.5,11.25,-1.25
71,82,7,7,8.75,8.75,0.0
71,83,16,8,20.0,10.0,-10.0
71,84,6,9,7.5,11.25,3.75
71,85,15,8,18.75,10.0,-8.75
71,86,4,9,5.0,11.25,6.25
71,87,8,11,10.0,13.75,3.75
71,88,9,10,11.25,12.5,1.25
71,89,12,5,15.0,6.25,-8.75
71,90,7,7,8.75,8.75,0.0
71,91,10,10,12.5,12.5,0.0
71,92,13,8,16.25,10.0,-6.25
71,93,10,7,12.5,8.75,-3.75
71,94,7,12,8.75,15.0,6.25
71,95,10,6,12.5,7.5,-5.0
71,96,9,4,11.25,5.0,-6.25
71,97,11,9,13.75,11.25,-2.5
71,98,9,5,11.25,6.25,-5.0
71,99,4,12,5.0,15.0,10.0
71,100,7,4,8.75,5.0,-3.75
71,101,7,17,8.75,21.25,12.5
71,102,16,12,20.0,15.0,-5.0
71,103,7,7,8.75,8.75,0.0
71,104,11,14,13.75,17.5,3.75
71,105,9,15,11.25,18.75,7.5
71,106,5,11,6.25,13.75,7.5
71,107,6,17,7.5,21.25,13.75
72,0,3,4,3.75,5.0,1.25
72,1,9,0,11.25,0.0,-11.25
72,2,3,1,3.75,1.25,-2.5
72,3,0,1,0.0,1.25,1.25
72,4,0,0,0.0,0.0,0.0
72,5,0,0,0.0,0.0,0.0
72,6,4,0,5.0,0.0,-5.0
72,7,2,1,2.5,1.25,-1.25
72,8,2,0,2.5,0.0,-2.5
72,9,1,0,1.25,0.0,-1.25
72,10,3,0,3.75,0.0,-3.75
72,11,6,0,7.5,0.0,-7.5
72,12,1,1,1.25,1.25,0.0
72,13,2,0,2.5,0.0,-2.5
72,14,4,0,5.0,0.0,-5.0
72,15,1,3,1.25,3.75,2.5
72,16,2,0,2.5,0.0,-2.5
72,17,5,0,6.25,0.0,-6.25
72,18,9,0,11.25,0.0,-11.25
72,19,0,2,0.0,2.5,2.5
72,20,0,0,0.0,0.0,0.0
72,21,1,0,1.25,0.0,-1.25
72,22,3,0,3.75,0.0,-3.75
72,23,1,0,1.25,0.0,-1.25
72,24,0,0,0.0,0.0,0.0
72,25,2,0,2.5,0.0,-2.5
72,26,8,0,10.0,0.0,-10.0
72,27,1,4,1.25,5.0,3.75
72,28,9,0,11.25,0.0,-11.25
72,29,4,0,5.0,0.0,-5.0
72,30,0,0,0.0,0.0,0.0
72,31,1,0,1.25,0.0,-1.25
72,32,3,1,3.75,1.25,-2.5
72,33,7,0,8.75,0.0,-8.75
72,34,7,1,8.75,1.25,-7.5
72,35,6,0,7.5,0.0,-7.5
72,36,1,0,1.25,0.0,-1.25
72,37,9,0,11.25,0.0,-11.25
72,38,1,0,1.25,0.0,-1.25
72,39,0,0,0.0,0.0,0.0
72,40,2,0,2.5,0.0,-2.5
72,41,7,0,8.75,0.0,-8.75
72,42,3,0,3.75,0.0,-3.75
72,43,7,1,8.75,1.25,-7.5
72,44,1,0,1.25,0.0,-1.25
72,45,0,0,0.0,0.0,0.0
72,46,8,0,10.0,0.0,-10.0
72,47,2,0,2.5,0.0,-2.5
72,48,3,0,3.75,0.0,-3.75
72,49,2,0,2.5,0.0,-2.5
72,50,1,0,1.25,0.0,-1.25
72,51,6,0,7.5,0.0,-7.5
72,52,5,0,6.25,0.0,-6.25
72,53,0,0,0.0,0.0,0.0
72,54,0,4,0.0,5.0,5.0
72,55,0,0,0.0,0.0,0.0
72,56,1,0,1.25,0.0,-1.25
72,57,4,0,5.0,0.0,-5.0
72,58,1,1,1.25,1.25,0.0
72,59,1,0,1.25,0.0,-1.25
72,60,5,0,6.25,0.0,-6.25
72,61,0,0,0.0,0.0,0.0
72,62,0,0,0.0,0.0,0.0
72,63,1,0,1.25,0.0,-1.25
72,64,1,0,1.25,0.0,-1.25
72,65,0,0,0.0,0.0,0.0
72,66,0,0,0.0,0.0,0.0
72,67,1,0,1.25,0.0,-1.25
72,68,2,1,2.5,1.25,-1.25
72,69,4,4,5.0,5.0,0.0
72,70,2,0,2.5,0.0,-2.5
72,71,2,0,2.5,0.0,-2.5
72,72,2,0,2.5,0.0,-2.5
72,73,0,0,0.0,0.0,0.0
72,74,1,0,1.25,0.0,-1.25
72,75,0,1,0.0,1.25,1.25
72,76,4,0,5.0,0.0,-5.0
72,77,0,1,0.0,1.25,1.25
72,78,12,3,15.0,3.75,-11.25
72,79,1,0,1.25,0.0,-1.25
72,80,0,0,0.0,0.0,0.0
72,81,7,5,8.75,6.25,-2.5
72,82,0,0,0.0,0.0,0.0
72,83,8,0,10.0,0.0,-10.0
72,84,1,1,1.25,1.25,0.0
72,85,0,0,0.0,0.0,0.0
72,86,1,1,1.25,1.25,0.0
72,87,0,2,0.0,2.5,2.5
72,88,6,0,7.5,0.0,-7.5
72,89,7,0,8.75,0.0,-8.75
72,90,0,0,0.0,0.0,0.0
72,91,1,0,1.25,0.0,-1.25
72,92,0,0,0.0,0.0,0.0
72,93,0,0,0.0,0.0,0.0
72,94,6,0,7.5,0.0,-7.5
72,95,1,0,1.25,0.0,-1.25
72,96,1,0,1.25,0.0,-1.25
72,97,0,0,0.0,0.0,0.0
72,98,1,0,1.25,0.0,-1.25
72,99,0,0,0.0,0.0,0.0
72,100,0,0,0.0,0.0,0.0
72,101,1,0,1.25,0.0,-1.25
72,102,0,0,0.0,0.0,0.0
72,103,1,0,1.25,0.0,-1.25
72,104,3,0,3.75,0.0,-3.75
72,105,1,0,1.25,0.0,-1.25
72,106,0,0,0.0,0.0,0.0
72,107,0,0,0.0,0.0,0.0
73,0,4,2,5.0,2.5,-2.5
73,1,5,1,6.25,1.25,-5.0
73,2,6,2,7.5,2.5,-5.0
73,3,2,1,2.5,1.25,-1.25
73,4,6,4,7.5,5.0,-2.5
73,5,4,2,5.0,2.5,-2.5
73,6,5,4,6.25,5.0,-1.25
73,7,3,1,3.75,1.25,-2.5
73,8,6,1,7.5,1.25,-6.25
73,9,1,0,1.25,0.0,-1.25
73,10,5,3,6.25,3.75,-2.5
73,11,4,0,5.0,0.0,-5.0
73,12,7,3,8.75,3.75,-5.0
73,13,1,0,1.25,0.0,-1.25
73,14,2,2,2.5,2.5,0.0
73,15,1,1,1.25,1.25,0.0
73,16,3,2,3.75,2.5,-1.25
73,17,5,4,6.25,5.0,-1.25
73,18,2,2,2.5,2.5,0.0
73,19,1,0,1.25,0.0,-1.25
73,20,0,0,0.0,0.0,0.0
73,21,1,1,1.25,1.25,0.0
73,22,6,4,7.5,5.0,-2.5
73,23,0,1,0.0,1.25,1.25
73,24,0,1,0.0,1.25,1.25
73,25,0,0,0.0,0.0,0.0
73,26,1,1,1.25,1.25,0.0
73,27,6,9,7.5,11.25,3.75
73,28,8,0,10.0,0.0,-10.0
73,29,5,0,6.25,0.0,-6.25
73,30,6,1,7.5,1.25,-6.25
73,31,6,1,7.5,1.25,-6.25
73,32,2,1,2.5,1.25,-1.25
73,33,3,4,3.75,5.0,1.25
73,34,2,3,2.5,3.75,1.25
73,35,3,1,3.75,1.25,-2.5
73,36,0,0,0.0,0.0,0.0
73,37,9,2,11.25,2.5,-8.75
73,38,3,5,3.75,6.25,2.5
73,39,7,1,8.75,1.25,-7.5
73,40,9,1,11.25,1.25,-10.0
73,41,2,2,2.5,2.5,0.0
73,42,2,0,2.5,0.0,-2.5
73,43,2,0,2.5,0.0,-2.5
73,44,2,0,2.5,0.0,-2.5
73,45,2,5,2.5,6.25,3.75
73,46,0,0,0.0,0.0,0.0
73,47,3,1,3.75,1.25,-2.5
73,48,0,1,0.0,1.25,1.25
73,49,2,1,2.5,1.25,-1.25
73,50,2,2,2.5,2.5,0.0
73,51,1,1,1.25,1.25,0.0
73,52,2,0,2.5,0.0,-2.5
73,53,1,1,1.25,1.25,0.0
73,54,6,2,7.5,2.5,-5.0
73,55,0,1,0.0,1.25,1.25
73,56,1,5,1.25,6.25,5.0
73,57,2,6,2.5,7.5,5.0
73,58,0,4,0.0,5.0,5.0
73,59,2,0,2.5,0.0,-2.5
73,60,2,1,2.5,1.25,-1.25
73,61,6,3,7.5,3.75,-3.75
73,62,3,0,3.75,0.0,-3.75
73,63,2,1,2.5,1.25,-1.25
73,64,3,6,3.75,7.5,3.75
73,65,1,1,1.25,1.25,0.0
73,66,1,2,1.25,2.5,1.25
73,67,0,1,0.0,1.25,1.25
73,68,2,2,2.5,2.5,0.0
73,69,3,0,3.75,0.0,-3.75
73,70,3,2,3.75,2.5,-1.25
73,71,1,4,1.25,5.0,3.75
73,72,2,1,2.5,1.25,-1.25
73,73,2,2,2.5,2.5,0.0
73,74,2,1,2.5,1.25,-1.25
73,75,2,3,2.5,3.75,1.25
73,76,4,1,5.0,1.25,-3.75
73,77,1,3,1.25,3.75,2.5
73,78,6,2,7.5,2.5,-5.0
73,79,0,1,0.0,1.25,1.25
73,80,1,0,1.25,0.0,-1.25
73,81,2,2,2.5,2.5,0.0
73,82,3,1,3.75,1.25,-2.5
73,83,2,1,2.5,1.25,-1.25
73,84,4,2,5.0,2.5,-2.5
73,85,4,1,5.0,1.25,-3.75
73,86,0,2,0.0,2.5,2.5
73,87,0,3,0.0,3.75,3.75
73,88,3,3,3.75,3.75,0.0
73,89,1,1,1.25,1.25,0.0
73,90,2,0,2.5,0.0,-2.5
73,91,3,5,3.75,6.25,2.5
73,92,0,0,0.0,0.0,0.0
73,93,2,5,2.5,6.25,3.75
73,94,3,1,3.75,1.25,-2.5
73,95,1,1,1.25,1.25,0.0
73,96,1,1,1.25,1.25,0.0
73,97,0,0,0.0,0.0,0.0
73,98,2,6,2.5,7.5,5.0
73,99,1,1,1.25,1.25,0.0
73,100,4,0,5.0,0.0,-5.0
73,101,2,1,2.5,1.25,-1.25
73,102,0,3,0.0,3.75,3.75
73,103,2,0,2.5,0.0,-2.5
73,104,1,3,1.25,3.75,2.5
73,105,1,3,1.25,3.75,2.5
73,106,5,2,6.25,2.5,-3.75
73,107,1,2,1.25,2.5,1.25
