unit_id,trial_id,baseline_count,response_count,baseline_rate_hz,response_rate_hz,rate_difference_hz
0,0,0,0,0.0,0.0,0.0
0,1,0,4,0.0,5.0,5.0
0,2,5,1,6.25,1.25,-5.0
0,3,2,1,2.5,1.25,-1.25
0,4,3,3,3.75,3.75,0.0
0,5,0,1,0.0,1.25,1.25
0,6,3,2,3.75,2.5,-1.25
0,7,2,3,2.5,3.75,1.25
0,8,2,0,2.5,0.0,-2.5
0,9,3,4,3.75,5.0,1.25
0,10,4,6,5.0,7.5,2.5
0,11,2,6,2.5,7.5,5.0
0,12,4,1,5.0,1.25,-3.75
0,13,1,2,1.25,2.5,1.25
0,14,2,3,2.5,3.75,1.25
0,15,1,4,1.25,5.0,3.75
0,16,0,2,0.0,2.5,2.5
0,17,0,3,0.0,3.75,3.75
0,18,3,1,3.75,1.25,-2.5
0,19,5,4,6.25,5.0,-1.25
0,20,1,1,1.25,1.25,0.0
0,21,0,2,0.0,2.5,2.5
0,22,1,2,1.25,2.5,1.25
0,23,2,1,2.5,1.25,-1.25
0,24,1,1,1.25,1.25,0.0
0,25,1,4,1.25,5.0,3.75
0,26,2,2,2.5,2.5,0.0
0,27,0,1,0.0,1.25,1.25
0,28,1,1,1.25,1.25,0.0
0,29,1,1,1.25,1.25,0.0
0,30,4,7,5.0,8.75,3.75
0,31,2,0,2.5,0.0,-2.5
0,32,1,0,1.25,0.0,-1.25
0,33,3,1,3.75,1.25,-2.5
0,34,3,1,3.75,1.25,-2.5
0,35,3,2,3.75,2.5,-1.25
0,36,0,2,0.0,2.5,2.5
0,37,0,1,0.0,1.25,1.25
0,38,2,1,2.5,1.25,-1.25
0,39,1,5,1.25,6.25,5.0
0,40,1,0,1.25,0.0,-1.25
0,41,1,0,1.25,0.0,-1.25
0,42,6,2,7.5,2.5,-5.0
0,43,3,2,3.75,2.5,-1.25
0,44,0,2,0.0,2.5,2.5
0,45,2,0,2.5,0.0,-2.5
0,46,2,2,2.5,2.5,0.0
0,47,2,1,2.5,1.25,-1.25
0,48,1,2,1.25,2.5,1.25
0,49,3,3,3.75,3.75,0.0
0,50,3,2,3.75,2.5,-1.25
0,51,2,2,2.5,2.5,0.0
0,52,4,0,5.0,0.0,-5.0
0,53,2,1,2.5,1.25,-1.25
0,54,3,1,3.75,1.25,-2.5
0,55,1,3,1.25,3.75,2.5
0,56,1,3,1.25,3.75,2.5
0,57,2,0,2.5,0.0,-2.5
0,58,4,2,5.0,2.5,-2.5
0,59,2,3,2.5,3.75,1.25
0,60,2,0,2.5,0.0,-2.5
0,61,1,1,1.25,1.25,0.0
0,62,2,1,2.5,1.25,-1.25
0,63,3,2,3.75,2.5,-1.25
0,64,1,1,1.25,1.25,0.0
0,65,2,3,2.5,3.75,1.25
0,66,1,4,1.25,5.0,3.75
0,67,0,0,0.0,0.0,0.0
0,68,0,0,0.0,0.0,0.0
0,69,0,0,0.0,0.0,0.0
0,70,0,1,0.0,1.25,1.25
0,71,0,1,0.0,1.25,1.25
0,72,1,1,1.25,1.25,0.0
0,73,2,2,2.5,2.5,0.0
0,74,3,2,3.75,2.5,-1.25
0,75,0,2,0.0,2.5,2.5
0,76,3,0,3.75,0.0,-3.75
0,77,3,4,3.75,5.0,1.25
0,78,1,3,1.25,3.75,2.5
0,79,1,2,1.25,2.5,1.25
0,80,0,0,0.0,0.0,0.0
0,81,0,0,0.0,0.0,0.0
0,82,0,0,0.0,0.0,0.0
0,83,0,1,0.0,1.25,1.25
0,84,3,0,3.75,0.0,-3.75
0,85,1,2,1.25,2.5,1.25
0,86,2,0,2.5,0.0,-2.5
0,87,1,0,1.25,0.0,-1.25
0,88,2,2,2.5,2.5,0.0
0,89,1,5,1.25,6.25,5.0
0,90,1,1,1.25,1.25,0.0
0,91,2,1,2.5,1.25,-1.25
0,92,0,2,0.0,2.5,2.5
0,93,1,3,1.25,3.75,2.5
0,94,1,1,1.25,1.25,0.0
0,95,1,2,1.25,2.5,1.25
0,96,1,2,1.25,2.5,1.25
0,97,2,2,2.5,2.5,0.0
0,98,3,2,3.75,2.5,-1.25
0,99,1,1,1.25,1.25,0.0
0,100,1,3,1.25,3.75,2.5
0,101,0,0,0.0,0.0,0.0
0,102,0,0,0.0,0.0,0.0
0,103,0,0,0.0,0.0,0.0
0,104,3,4,3.75,5.0,1.25
0,105,2,2,2.5,2.5,0.0
0,106,0,1,0.0,1.25,1.25
0,107,6,2,7.5,2.5,-5.0
0,108,2,1,2.5,1.25,-1.25
0,109,1,2,1.25,2.5,1.25
0,110,3,0,3.75,0.0,-3.75
0,111,3,3,3.75,3.75,0.0
0,112,2,2,2.5,2.5,0.0
0,113,3,0,3.75,0.0,-3.75
0,114,1,1,1.25,1.25,0.0
0,115,0,4,0.0,5.0,5.0
0,116,1,3,1.25,3.75,2.5
0,117,3,2,3.75,2.5,-1.25
0,118,0,2,0.0,2.5,2.5
0,119,2,2,2.5,2.5,0.0
0,120,1,1,1.25,1.25,0.0
0,121,1,1,1.25,1.25,0.0
0,122,0,0,0.0,0.0,0.0
0,123,1,1,1.25,1.25,0.0
0,124,0,0,0.0,0.0,0.0
0,125,1,4,1.25,5.0,3.75
0,126,4,1,5.0,1.25,-3.75
0,127,1,1,1.25,1.25,0.0
0,128,1,1,1.25,1.25,0.0
0,129,3,1,3.75,1.25,-2.5
0,130,1,1,1.25,1.25,0.0
0,131,0,0,0.0,0.0,0.0
0,132,0,0,0.0,0.0,0.0
0,133,0,0,0.0,0.0,0.0
0,134,0,0,0.0,0.0,0.0
1,0,0,0,0.0,0.0,0.0
1,1,0,0,0.0,0.0,0.0
1,2,1,1,1.25,1.25,0.0
1,3,2,3,2.5,3.75,1.25
1,4,3,1,3.75,1.25,-2.5
1,5,0,0,0.0,0.0,0.0
1,6,5,1,6.25,1.25,-5.0
1,7,2,0,2.5,0.0,-2.5
1,8,1,1,1.25,1.25,0.0
1,9,0,3,0.0,3.75,3.75
1,10,1,0,1.25,0.0,-1.25
1,11,1,5,1.25,6.25,5.0
1,12,0,0,0.0,0.0,0.0
1,13,1,1,1.25,1.25,0.0
1,14,4,5,5.0,6.25,1.25
1,15,1,4,1.25,5.0,3.75
1,16,3,7,3.75,8.75,5.0
1,17,6,2,7.5,2.5,-5.0
1,18,2,2,2.5,2.5,0.0
1,19,4,4,5.0,5.0,0.0
1,20,5,0,6.25,0.0,-6.25
1,21,0,3,0.0,3.75,3.75
1,22,1,4,1.25,5.0,3.75
1,23,0,3,0.0,3.75,3.75
1,24,3,0,3.75,0.0,-3.75
1,25,0,1,0.0,1.25,1.25
1,26,2,0,2.5,0.0,-2.5
1,27,4,1,5.0,1.25,-3.75
1,28,2,1,2.5,1.25,-1.25
1,29,4,4,5.0,5.0,0.0
1,30,1,0,1.25,0.0,-1.25
1,31,1,0,1.25,0.0,-1.25
1,32,2,5,2.5,6.25,3.75
1,33,0,1,0.0,1.25,1.25
1,34,0,2,0.0,2.5,2.5
1,35,3,4,3.75,5.0,1.25
1,36,0,1,0.0,1.25,1.25
1,37,0,3,0.0,3.75,3.75
1,38,3,4,3.75,5.0,1.25
1,39,1,4,1.25,5.0,3.75
1,40,1,2,1.25,2.5,1.25
1,41,2,2,2.5,2.5,0.0
1,42,1,3,1.25,3.75,2.5
1,43,2,7,2.5,8.75,6.25
1,44,1,7,1.25,8.75,7.5
1,45,3,5,3.75,6.25,2.5
1,46,3,8,3.75,10.0,6.25
1,47,1,2,1.25,2.5,1.25
1,48,3,2,3.75,2.5,-1.25
1,49,2,5,2.5,6.25,3.75
1,50,3,2,3.75,2.5,-1.25
1,51,7,1,8.75,1.25,-7.5
1,52,1,4,1.25,5.0,3.75
1,53,2,6,2.5,7.5,5.0
1,54,4,9,5.0,11.25,6.25
1,55,3,2,3.75,2.5,-1.25
1,56,1,4,1.25,5.0,3.75
1,57,0,4,0.0,5.0,5.0
1,58,2,1,2.5,1.25,-1.25
1,59,1,8,1.25,10.0,8.75
1,60,0,2,0.0,2.5,2.5
1,61,2,2,2.5,2.5,0.0
1,62,2,1,2.5,1.25,-1.25
1,63,4,0,5.0,0.0,-5.0
1,64,2,0,2.5,0.0,-2.5
1,65,2,2,2.5,2.5,0.0
1,66,4,3,5.0,3.75,-1.25
1,67,0,0,0.0,0.0,0.0
1,68,0,0,0.0,0.0,0.0
1,69,0,0,0.0,0.0,0.0
1,70,0,4,0.0,5.0,5.0
1,71,5,1,6.25,1.25,-5.0
1,72,1,1,1.25,1.25,0.0
1,73,0,3,0.0,3.75,3.75
1,74,1,3,1.25,3.75,2.5
1,75,2,2,2.5,2.5,0.0
1,76,3,3,3.75,3.75,0.0
1,77,4,1,5.0,1.25,-3.75
1,78,6,1,7.5,1.25,-6.25
1,79,1,3,1.25,3.75,2.5
1,80,0,0,0.0,0.0,0.0
1,81,0,0,0.0,0.0,0.0
1,82,3,4,3.75,5.0,1.25
1,83,2,1,2.5,1.25,-1.25
1,84,2,4,2.5,5.0,2.5
1,85,1,5,1.25,6.25,5.0
1,86,0,3,0.0,3.75,3.75
1,87,8,5,10.0,6.25,-3.75
1,88,5,5,6.25,6.25,0.0
1,89,2,4,2.5,5.0,2.5
1,90,1,5,1.25,6.25,5.0
1,91,1,3,1.25,3.75,2.5
1,92,7,5,8.75,6.25,-2.5
1,93,3,1,3.75,1.25,-2.5
1,94,3,4,3.75,5.0,1.25
1,95,1,1,1.25,1.25,0.0
1,96,1,2,1.25,2.5,1.25
1,97,1,3,1.25,3.75,2.5
1,98,3,6,3.75,7.5,3.75
1,99,4,4,5.0,5.0,0.0
1,100,1,2,1.25,2.5,1.25
1,101,1,0,1.25,0.0,-1.25
1,102,0,0,0.0,0.0,0.0
1,103,0,0,0.0,0.0,0.0
1,104,1,0,1.25,0.0,-1.25
1,105,1,5,1.25,6.25,5.0
1,106,3,0,3.75,0.0,-3.75
1,107,3,1,3.75,1.25,-2.5
1,108,3,5,3.75,6.25,2.5
1,109,3,6,3.75,7.5,3.75
1,110,3,0,3.75,0.0,-3.75
1,111,2,4,2.5,5.0,2.5
1,112,4,1,5.0,1.25,-3.75
1,113,2,6,2.5,7.5,5.0
1,114,6,3,7.5,3.75,-3.75
1,115,1,2,1.25,2.5,1.25
1,116,2,10,2.5,12.5,10.0
1,117,5,4,6.25,5.0,-1.25
1,118,4,1,5.0,1.25,-3.75
1,119,2,1,2.5,1.25,-1.25
1,120,2,0,2.5,0.0,-2.5
1,121,1,1,1.25,1.25,0.0
1,122,0,0,0.0,0.0,0.0
1,123,3,3,3.75,3.75,0.0
1,124,2,2,2.5,2.5,0.0
1,125,0,1,0.0,1.25,1.25
1,126,4,3,5.0,3.75,-1.25
1,127,1,2,1.25,2.5,1.25
1,128,0,4,0.0,5.0,5.0
1,129,3,2,3.75,2.5,-1.25
1,130,3,2,3.75,2.5,-1.25
1,131,0,0,0.0,0.0,0.0
1,132,0,0,0.0,0.0,0.0
1,133,1,0,1.25,0.0,-1.25
1,134,0,0,0.0,0.0,0.0
2,0,0,0,0.0,0.0,0.0
2,1,0,1,0.0,1.25,1.25
2,2,0,1,0.0,1.25,1.25
2,3,0,2,0.0,2.5,2.5
2,4,1,1,1.25,1.25,0.0
2,5,1,0,1.25,0.0,-1.25
2,6,9,1,11.25,1.25,-10.0
2,7,3,2,3.75,2.5,-1.25
2,8,1,1,1.25,1.25,0.0
2,9,0,3,0.0,3.75,3.75
2,10,0,1,0.0,1.25,1.25
2,11,1,3,1.25,3.75,2.5
2,12,0,0,0.0,0.0,0.0
2,13,0,1,0.0,1.25,1.25
2,14,4,1,5.0,1.25,-3.75
2,15,1,3,1.25,3.75,2.5
2,16,1,3,1.25,3.75,2.5
2,17,2,0,2.5,0.0,-2.5
2,18,1,2,1.25,2.5,1.25
2,19,4,1,5.0,1.25,-3.75
2,20,2,0,2.5,0.0,-2.5
2,21,1,3,1.25,3.75,2.5
2,22,0,5,0.0,6.25,6.25
2,23,2,2,2.5,2.5,0.0
2,24,1,1,1.25,1.25,0.0
2,25,0,3,0.0,3.75,3.75
2,26,1,0,1.25,0.0,-1.25
2,27,4,0,5.0,0.0,-5.0
2,28,1,1,1.25,1.25,0.0
2,29,3,3,3.75,3.75,0.0
2,30,1,0,1.25,0.0,-1.25
2,31,1,1,1.25,1.25,0.0
2,32,1,2,1.25,2.5,1.25
2,33,0,0,0.0,0.0,0.0
2,34,0,2,0.0,2.5,2.5
2,35,3,2,3.75,2.5,-1.25
2,36,0,0,0.0,0.0,0.0
2,37,1,4,1.25,5.0,3.75
2,38,1,3,1.25,3.75,2.5
2,39,0,3,0.0,3.75,3.75
2,40,0,1,0.0,1.25,1.25
2,41,0,0,0.0,0.0,0.0
2,42,0,1,0.0,1.25,1.25
2,43,2,4,2.5,5.0,2.5
2,44,0,0,0.0,0.0,0.0
2,45,0,1,0.0,1.25,1.25
2,46,2,3,2.5,3.75,1.25
2,47,2,2,2.5,2.5,0.0
2,48,2,1,2.5,1.25,-1.25
2,49,4,3,5.0,3.75,-1.25
2,50,5,0,6.25,0.0,-6.25
2,51,3,2,3.75,2.5,-1.25
2,52,2,2,2.5,2.5,0.0
2,53,3,5,3.75,6.25,2.5
2,54,3,7,3.75,8.75,5.0
2,55,2,2,2.5,2.5,0.0
2,56,1,1,1.25,1.25,0.0
2,57,1,2,1.25,2.5,1.25
2,58,3,1,3.75,1.25,-2.5
2,59,1,3,1.25,3.75,2.5
2,60,0,2,0.0,2.5,2.5
2,61,2,2,2.5,2.5,0.0
2,62,1,1,1.25,1.25,0.0
2,63,5,3,6.25,3.75,-2.5
2,64,0,2,0.0,2.5,2.5
2,65,2,3,2.5,3.75,1.25
2,66,1,4,1.25,5.0,3.75
2,67,0,0,0.0,0.0,0.0
2,68,0,0,0.0,0.0,0.0
2,69,0,0,0.0,0.0,0.0
2,70,0,0,0.0,0.0,0.0
2,71,0,0,0.0,0.0,0.0
2,72,1,0,1.25,0.0,-1.25
2,73,0,1,0.0,1.25,1.25
2,74,0,2,0.0,2.5,2.5
2,75,0,1,0.0,1.25,1.25
2,76,0,0,0.0,0.0,0.0
2,77,0,0,0.0,0.0,0.0
2,78,3,0,3.75,0.0,-3.75
2,79,5,2,6.25,2.5,-3.75
2,80,0,1,0.0,1.25,1.25
2,81,0,0,0.0,0.0,0.0
2,82,5,0,6.25,0.0,-6.25
2,83,0,0,0.0,0.0,0.0
2,84,0,1,0.0,1.25,1.25
2,85,0,1,0.0,1.25,1.25
2,86,0,3,0.0,3.75,3.75
2,87,2,3,2.5,3.75,1.25
2,88,2,4,2.5,5.0,2.5
2,89,1,4,1.25,5.0,3.75
2,90,2,4,2.5,5.0,2.5
2,91,1,3,1.25,3.75,2.5
2,92,1,0,1.25,0.0,-1.25
2,93,0,0,0.0,0.0,0.0
2,94,1,0,1.25,0.0,-1.25
2,95,1,1,1.25,1.25,0.0
2,96,0,1,0.0,1.25,1.25
2,97,1,1,1.25,1.25,0.0
2,98,1,1,1.25,1.25,0.0
2,99,0,2,0.0,2.5,2.5
2,100,0,2,0.0,2.5,2.5
2,101,0,0,0.0,0.0,0.0
2,102,0,0,0.0,0.0,0.0
2,103,1,0,1.25,0.0,-1.25
2,104,1,0,1.25,0.0,-1.25
2,105,2,1,2.5,1.25,-1.25
2,106,0,0,0.0,0.0,0.0
2,107,1,2,1.25,2.5,1.25
2,108,0,1,0.0,1.25,1.25
2,109,2,3,2.5,3.75,1.25
2,110,1,1,1.25,1.25,0.0
2,111,0,1,0.0,1.25,1.25
2,112,4,1,5.0,1.25,-3.75
2,113,1,2,1.25,2.5,1.25
2,114,5,1,6.25,1.25,-5.0
2,115,0,3,0.0,3.75,3.75
2,116,0,1,0.0,1.25,1.25
2,117,4,1,5.0,1.25,-3.75
2,118,1,2,1.25,2.5,1.25
2,119,2,0,2.5,0.0,-2.5
2,120,0,0,0.0,0.0,0.0
2,121,0,0,0.0,0.0,0.0
2,122,0,0,0.0,0.0,0.0
2,123,0,0,0.0,0.0,0.0
2,124,0,0,0.0,0.0,0.0
2,125,0,0,0.0,0.0,0.0
2,126,1,3,1.25,3.75,2.5
2,127,2,2,2.5,2.5,0.0
2,128,0,1,0.0,1.25,1.25
2,129,0,0,0.0,0.0,0.0
2,130,0,0,0.0,0.0,0.0
2,131,0,0,0.0,0.0,0.0
2,132,0,0,0.0,0.0,0.0
2,133,1,0,1.25,0.0,-1.25
2,134,0,0,0.0,0.0,0.0
3,0,3,3,3.75,3.75,0.0
3,1,0,0,0.0,0.0,0.0
3,2,4,5,5.0,6.25,1.25
3,3,1,3,1.25,3.75,2.5
3,4,3,3,3.75,3.75,0.0
3,5,0,0,0.0,0.0,0.0
3,6,3,0,3.75,0.0,-3.75
3,7,1,0,1.25,0.0,-1.25
3,8,3,5,3.75,6.25,2.5
3,9,2,4,2.5,5.0,2.5
3,10,1,3,1.25,3.75,2.5
3,11,2,3,2.5,3.75,1.25
3,12,5,1,6.25,1.25,-5.0
3,13,5,3,6.25,3.75,-2.5
3,14,1,4,1.25,5.0,3.75
3,15,3,4,3.75,5.0,1.25
3,16,2,1,2.5,1.25,-1.25
3,17,3,3,3.75,3.75,0.0
3,18,3,3,3.75,3.75,0.0
3,19,3,3,3.75,3.75,0.0
3,20,3,2,3.75,2.5,-1.25
3,21,1,3,1.25,3.75,2.5
3,22,3,4,3.75,5.0,1.25
3,23,2,5,2.5,6.25,3.75
3,24,2,1,2.5,1.25,-1.25
3,25,1,2,1.25,2.5,1.25
3,26,4,3,5.0,3.75,-1.25
3,27,4,1,5.0,1.25,-3.75
3,28,3,2,3.75,2.5,-1.25
3,29,2,2,2.5,2.5,0.0
3,30,3,2,3.75,2.5,-1.25
3,31,2,2,2.5,2.5,0.0
3,32,1,2,1.25,2.5,1.25
3,33,2,3,2.5,3.75,1.25
3,34,3,2,3.75,2.5,-1.25
3,35,0,2,0.0,2.5,2.5
3,36,1,2,1.25,2.5,1.25
3,37,2,5,2.5,6.25,3.75
3,38,2,2,2.5,2.5,0.0
3,39,3,4,3.75,5.0,1.25
3,40,2,3,2.5,3.75,1.25
3,41,0,3,0.0,3.75,3.75
3,42,1,2,1.25,2.5,1.25
3,43,1,2,1.25,2.5,1.25
3,44,2,1,2.5,1.25,-1.25
3,45,2,2,2.5,2.5,0.0
3,46,4,1,5.0,1.25,-3.75
3,47,3,2,3.75,2.5,-1.25
3,48,3,3,3.75,3.75,0.0
3,49,5,3,6.25,3.75,-2.5
3,50,0,1,0.0,1.25,1.25
3,51,4,2,5.0,2.5,-2.5
3,52,3,5,3.75,6.25,2.5
3,53,2,1,2.5,1.25,-1.25
3,54,4,3,5.0,3.75,-1.25
3,55,2,3,2.5,3.75,1.25
3,56,3,4,3.75,5.0,1.25
3,57,4,2,5.0,2.5,-2.5
3,58,3,5,3.75,6.25,2.5
3,59,3,2,3.75,2.5,-1.25
3,60,2,0,2.5,0.0,-2.5
3,61,1,3,1.25,3.75,2.5
3,62,1,3,1.25,3.75,2.5
3,63,2,1,2.5,1.25,-1.25
3,64,2,2,2.5,2.5,0.0
3,65,3,3,3.75,3.75,0.0
3,66,4,2,5.0,2.5,-2.5
3,67,0,0,0.0,0.0,0.0
3,68,1,1,1.25,1.25,0.0
3,69,0,0,0.0,0.0,0.0
3,70,0,3,0.0,3.75,3.75
3,71,5,2,6.25,2.5,-3.75
3,72,3,2,3.75,2.5,-1.25
3,73,3,2,3.75,2.5,-1.25
3,74,2,1,2.5,1.25,-1.25
3,75,2,3,2.5,3.75,1.25
3,76,1,3,1.25,3.75,2.5
3,77,1,2,1.25,2.5,1.25
3,78,2,1,2.5,1.25,-1.25
3,79,5,2,6.25,2.5,-3.75
3,80,1,2,1.25,2.5,1.25
3,81,0,2,0.0,2.5,2.5
3,82,3,2,3.75,2.5,-1.25
3,83,3,2,3.75,2.5,-1.25
3,84,2,1,2.5,1.25,-1.25
3,85,1,1,1.25,1.25,0.0
3,86,0,0,0.0,0.0,0.0
3,87,3,1,3.75,1.25,-2.5
3,88,1,2,1.25,2.5,1.25
3,89,3,4,3.75,5.0,1.25
3,90,0,2,0.0,2.5,2.5
3,91,1,1,1.25,1.25,0.0
3,92,2,1,2.5,1.25,-1.25
3,93,1,1,1.25,1.25,0.0
3,94,3,3,3.75,3.75,0.0
3,95,1,2,1.25,2.5,1.25
3,96,1,2,1.25,2.5,1.25
3,97,1,2,1.25,2.5,1.25
3,98,1,3,1.25,3.75,2.5
3,99,2,1,2.5,1.25,-1.25
3,100,2,1,2.5,1.25,-1.25
3,101,1,0,1.25,0.0,-1.25
3,102,0,1,0.0,1.25,1.25
3,103,0,1,0.0,1.25,1.25
3,104,5,1,6.25,1.25,-5.0
3,105,0,2,0.0,2.5,2.5
3,106,2,1,2.5,1.25,-1.25
3,107,1,2,1.25,2.5,1.25
3,108,1,1,1.25,1.25,0.0
3,109,1,3,1.25,3.75,2.5
3,110,0,3,0.0,3.75,3.75
3,111,0,2,0.0,2.5,2.5
3,112,2,0,2.5,0.0,-2.5
3,113,1,1,1.25,1.25,0.0
3,114,4,3,5.0,3.75,-1.25
3,115,1,2,1.25,2.5,1.25
3,116,2,4,2.5,5.0,2.5
3,117,2,4,2.5,5.0,2.5
3,118,2,1,2.5,1.25,-1.25
3,119,2,2,2.5,2.5,0.0
3,120,0,1,0.0,1.25,1.25
3,121,1,0,1.25,0.0,-1.25
3,122,0,3,0.0,3.75,3.75
3,123,1,2,1.25,2.5,1.25
3,124,0,2,0.0,2.5,2.5
3,125,2,0,2.5,0.0,-2.5
3,126,0,0,0.0,0.0,0.0
3,127,1,0,1.25,0.0,-1.25
3,128,3,0,3.75,0.0,-3.75
3,129,1,1,1.25,1.25,0.0
3,130,2,1,2.5,1.25,-1.25
3,131,0,0,0.0,0.0,0.0
3,132,0,1,0.0,1.25,1.25
3,133,0,0,0.0,0.0,0.0
3,134,0,0,0.0,0.0,0.0
4,0,0,0,0.0,0.0,0.0
4,1,0,0,0.0,0.0,0.0
4,2,0,1,0.0,1.25,1.25
4,3,1,2,1.25,2.5,1.25
4,4,2,2,2.5,2.5,0.0
4,5,0,2,0.0,2.5,2.5
4,6,3,1,3.75,1.25,-2.5
4,7,0,0,0.0,0.0,0.0
4,8,4,0,5.0,0.0,-5.0
4,9,1,1,1.25,1.25,0.0
4,10,1,3,1.25,3.75,2.5
4,11,2,1,2.5,1.25,-1.25
4,12,1,1,1.25,1.25,0.0
4,13,1,4,1.25,5.0,3.75
4,14,2,4,2.5,5.0,2.5
4,15,1,0,1.25,0.0,-1.25
4,16,0,0,0.0,0.0,0.0
4,17,2,0,2.5,0.0,-2.5
4,18,2,1,2.5,1.25,-1.25
4,19,2,2,2.5,2.5,0.0
4,20,4,2,5.0,2.5,-2.5
4,21,2,3,2.5,3.75,1.25
4,22,3,0,3.75,0.0,-3.75
4,23,0,1,0.0,1.25,1.25
4,24,0,0,0.0,0.0,0.0
4,25,0,0,0.0,0.0,0.0
4,26,0,0,0.0,0.0,0.0
4,27,5,1,6.25,1.25,-5.0
4,28,0,2,0.0,2.5,2.5
4,29,0,1,0.0,1.25,1.25
4,30,1,2,1.25,2.5,1.25
4,31,0,2,0.0,2.5,2.5
4,32,1,2,1.25,2.5,1.25
4,33,0,1,0.0,1.25,1.25
4,34,0,2,0.0,2.5,2.5
4,35,3,3,3.75,3.75,0.0
4,36,3,4,3.75,5.0,1.25
4,37,2,1,2.5,1.25,-1.25
4,38,1,0,1.25,0.0,-1.25
4,39,0,0,0.0,0.0,0.0
4,40,2,1,2.5,1.25,-1.25
4,41,1,2,1.25,2.5,1.25
4,42,1,2,1.25,2.5,1.25
4,43,1,4,1.25,5.0,3.75
4,44,0,5,0.0,6.25,6.25
4,45,0,2,0.0,2.5,2.5
4,46,0,0,0.0,0.0,0.0
4,47,1,0,1.25,0.0,-1.25
4,48,1,1,1.25,1.25,0.0
4,49,0,3,0.0,3.75,3.75
4,50,1,1,1.25,1.25,0.0
4,51,0,1,0.0,1.25,1.25
4,52,1,1,1.25,1.25,0.0
4,53,2,4,2.5,5.0,2.5
4,54,1,4,1.25,5.0,3.75
4,55,0,0,0.0,0.0,0.0
4,56,2,2,2.5,2.5,0.0
4,57,2,3,2.5,3.75,1.25
4,58,3,1,3.75,1.25,-2.5
4,59,2,1,2.5,1.25,-1.25
4,60,1,2,1.25,2.5,1.25
4,61,1,1,1.25,1.25,0.0
4,62,3,5,3.75,6.25,2.5
4,63,1,1,1.25,1.25,0.0
4,64,2,2,2.5,2.5,0.0
4,65,5,1,6.25,1.25,-5.0
4,66,4,1,5.0,1.25,-3.75
4,67,0,0,0.0,0.0,0.0
4,68,0,0,0.0,0.0,0.0
4,69,0,0,0.0,0.0,0.0
4,70,0,0,0.0,0.0,0.0
4,71,0,0,0.0,0.0,0.0
4,72,0,0,0.0,0.0,0.0
4,73,1,0,1.25,0.0,-1.25
4,74,1,0,1.25,0.0,-1.25
4,75,0,2,0.0,2.5,2.5
4,76,0,4,0.0,5.0,5.0
4,77,1,2,1.25,2.5,1.25
4,78,1,1,1.25,1.25,0.0
4,79,1,1,1.25,1.25,0.0
4,80,1,2,1.25,2.5,1.25
4,81,0,0,0.0,0.0,0.0
4,82,2,0,2.5,0.0,-2.5
4,83,0,0,0.0,0.0,0.0
4,84,1,1,1.25,1.25,0.0
4,85,1,1,1.25,1.25,0.0
4,86,1,0,1.25,0.0,-1.25
4,87,5,4,6.25,5.0,-1.25
4,88,1,3,1.25,3.75,2.5
4,89,0,1,0.0,1.25,1.25
4,90,3,4,3.75,5.0,1.25
4,91,1,1,1.25,1.25,0.0
4,92,1,3,1.25,3.75,2.5
4,93,4,2,5.0,2.5,-2.5
4,94,3,2,3.75,2.5,-1.25
4,95,0,0,0.0,0.0,0.0
4,96,0,0,0.0,0.0,0.0
4,97,2,4,2.5,5.0,2.5
4,98,1,0,1.25,0.0,-1.25
4,99,1,3,1.25,3.75,2.5
4,100,1,3,1.25,3.75,2.5
4,101,0,0,0.0,0.0,0.0
4,102,0,0,0.0,0.0,0.0
4,103,0,0,0.0,0.0,0.0
4,104,2,3,2.5,3.75,1.25
4,105,1,0,1.25,0.0,-1.25
4,106,3,3,3.75,3.75,0.0
4,107,1,3,1.25,3.75,2.5
4,108,3,2,3.75,2.5,-1.25
4,109,0,0,0.0,0.0,0.0
4,110,1,2,1.25,2.5,1.25
4,111,0,0,0.0,0.0,0.0
4,112,1,2,1.25,2.5,1.25
4,113,1,2,1.25,2.5,1.25
4,114,7,1,8.75,1.25,-7.5
4,115,1,1,1.25,1.25,0.0
4,116,0,2,0.0,2.5,2.5
4,117,1,0,1.25,0.0,-1.25
4,118,0,2,0.0,2.5,2.5
4,119,1,2,1.25,2.5,1.25
4,120,3,2,3.75,2.5,-1.25
4,121,1,1,1.25,1.25,0.0
4,122,0,3,0.0,3.75,3.75
4,123,3,2,3.75,2.5,-1.25
4,124,1,0,1.25,0.0,-1.25
4,125,0,2,0.0,2.5,2.5
4,126,1,1,1.25,1.25,0.0
4,127,3,2,3.75,2.5,-1.25
4,128,0,0,0.0,0.0,0.0
4,129,1,1,1.25,1.25,0.0
4,130,0,0,0.0,0.0,0.0
4,131,0,0,0.0,0.0,0.0
4,132,0,0,0.0,0.0,0.0
4,133,0,0,0.0,0.0,0.0
4,134,0,0,0.0,0.0,0.0
5,0,3,1,3.75,1.25,-2.5
5,1,1,0,1.25,0.0,-1.25
5,2,0,0,0.0,0.0,0.0
5,3,1,0,1.25,0.0,-1.25
5,4,2,1,2.5,1.25,-1.25
5,5,0,3,0.0,3.75,3.75
5,6,0,0,0.0,0.0,0.0
5,7,0,0,0.0,0.0,0.0
5,8,0,3,0.0,3.75,3.75
5,9,0,1,0.0,1.25,1.25
5,10,0,1,0.0,1.25,1.25
5,11,0,2,0.0,2.5,2.5
5,12,0,0,0.0,0.0,0.0
5,13,0,2,0.0,2.5,2.5
5,14,0,0,0.0,0.0,0.0
5,15,0,1,0.0,1.25,1.25
5,16,1,0,1.25,0.0,-1.25
5,17,1,0,1.25,0.0,-1.25
5,18,0,0,0.0,0.0,0.0
5,19,0,1,0.0,1.25,1.25
5,20,0,0,0.0,0.0,0.0
5,21,0,0,0.0,0.0,0.0
5,22,0,1,0.0,1.25,1.25
5,23,0,0,0.0,0.0,0.0
5,24,0,1,0.0,1.25,1.25
5,25,0,3,0.0,3.75,3.75
5,26,0,1,0.0,1.25,1.25
5,27,1,0,1.25,0.0,-1.25
5,28,0,0,0.0,0.0,0.0
5,29,0,0,0.0,0.0,0.0
5,30,0,0,0.0,0.0,0.0
5,31,2,1,2.5,1.25,-1.25
5,32,0,1,0.0,1.25,1.25
5,33,2,0,2.5,0.0,-2.5
5,34,1,0,1.25,0.0,-1.25
5,35,0,1,0.0,1.25,1.25
5,36,0,0,0.0,0.0,0.0
5,37,0,0,0.0,0.0,0.0
5,38,0,0,0.0,0.0,0.0
5,39,0,0,0.0,0.0,0.0
5,40,0,0,0.0,0.0,0.0
5,41,1,2,1.25,2.5,1.25
5,42,2,1,2.5,1.25,-1.25
5,43,1,1,1.25,1.25,0.0
5,44,0,0,0.0,0.0,0.0
5,45,1,0,1.25,0.0,-1.25
5,46,1,1,1.25,1.25,0.0
5,47,0,0,0.0,0.0,0.0
5,48,0,0,0.0,0.0,0.0
5,49,0,0,0.0,0.0,0.0
5,50,0,0,0.0,0.0,0.0
5,51,1,1,1.25,1.25,0.0
5,52,0,0,0.0,0.0,0.0
5,53,0,0,0.0,0.0,0.0
5,54,0,0,0.0,0.0,0.0
5,55,0,0,0.0,0.0,0.0
5,56,0,0,0.0,0.0,0.0
5,57,0,0,0.0,0.0,0.0
5,58,0,1,0.0,1.25,1.25
5,59,0,0,0.0,0.0,0.0
5,60,0,0,0.0,0.0,0.0
5,61,0,0,0.0,0.0,0.0
5,62,0,0,0.0,0.0,0.0
5,63,1,0,1.25,0.0,-1.25
5,64,0,0,0.0,0.0,0.0
5,65,1,0,1.25,0.0,-1.25
5,66,0,0,0.0,0.0,0.0
5,67,0,0,0.0,0.0,0.0
5,68,0,0,0.0,0.0,0.0
5,69,0,0,0.0,0.0,0.0
5,70,0,1,0.0,1.25,1.25
5,71,0,0,0.0,0.0,0.0
5,72,0,0,0.0,0.0,0.0
5,73,0,0,0.0,0.0,0.0
5,74,0,0,0.0,0.0,0.0
5,75,0,0,0.0,0.0,0.0
5,76,0,0,0.0,0.0,0.0
5,77,0,0,0.0,0.0,0.0
5,78,0,0,0.0,0.0,0.0
5,79,0,0,0.0,0.0,0.0
5,80,0,0,0.0,0.0,0.0
5,81,0,0,0.0,0.0,0.0
5,82,2,0,2.5,0.0,-2.5
5,83,0,0,0.0,0.0,0.0
5,84,0,1,0.0,1.25,1.25
5,85,0,0,0.0,0.0,0.0
5,86,0,0,0.0,0.0,0.0
5,87,0,0,0.0,0.0,0.0
5,88,0,0,0.0,0.0,0.0
5,89,0,0,0.0,0.0,0.0
5,90,0,0,0.0,0.0,0.0
5,91,0,0,0.0,0.0,0.0
5,92,0,0,0.0,0.0,0.0
5,93,0,0,0.0,0.0,0.0
5,94,0,0,0.0,0.0,0.0
5,95,0,1,0.0,1.25,1.25
5,96,0,0,0.0,0.0,0.0
5,97,0,1,0.0,1.25,1.25
5,98,0,0,0.0,0.0,0.0
5,99,1,0,1.25,0.0,-1.25
5,100,0,0,0.0,0.0,0.0
5,101,0,0,0.0,0.0,0.0
5,102,0,0,0.0,0.0,0.0
5,103,0,0,0.0,0.0,0.0
5,104,0,0,0.0,0.0,0.0
5,105,0,0,0.0,0.0,0.0
5,106,0,0,0.0,0.0,0.0
5,107,0,0,0.0,0.0,0.0
5,108,0,0,0.0,0.0,0.0
5,109,0,0,0.0,0.0,0.0
5,110,1,0,1.25,0.0,-1.25
5,111,1,0,1.25,0.0,-1.25
5,112,0,0,0.0,0.0,0.0
5,113,0,0,0.0,0.0,0.0
5,114,0,0,0.0,0.0,0.0
5,115,1,0,1.25,0.0,-1.25
5,116,0,0,0.0,0.0,0.0
5,117,0,0,0.0,0.0,0.0
5,118,0,0,0.0,0.0,0.0
5,119,0,0,0.0,0.0,0.0
5,120,0,0,0.0,0.0,0.0
5,121,0,0,0.0,0.0,0.0
5,122,0,0,0.0,0.0,0.0
5,123,0,0,0.0,0.0,0.0
5,124,0,0,0.0,0.0,0.0
5,125,0,0,0.0,0.0,0.0
5,126,0,0,0.0,0.0,0.0
5,127,0,0,0.0,0.0,0.0
5,128,1,0,1.25,0.0,-1.25
5,129,0,0,0.0,0.0,0.0
5,130,0,0,0.0,0.0,0.0
5,131,0,0,0.0,0.0,0.0
5,132,0,0,0.0,0.0,0.0
5,133,0,0,0.0,0.0,0.0
5,134,0,0,0.0,0.0,0.0
6,0,8,8,10.0,10.0,0.0
6,1,3,3,3.75,3.75,0.0
6,2,1,4,1.25,5.0,3.75
6,3,2,6,2.5,7.5,5.0
6,4,3,4,3.75,5.0,1.25
6,5,1,4,1.25,5.0,3.75
6,6,2,4,2.5,5.0,2.5
6,7,2,1,2.5,1.25,-1.25
6,8,3,6,3.75,7.5,3.75
6,9,2,4,2.5,5.0,2.5
6,10,3,4,3.75,5.0,1.25
6,11,2,8,2.5,10.0,7.5
6,12,3,2,3.75,2.5,-1.25
6,13,1,4,1.25,5.0,3.75
6,14,1,2,1.25,2.5,1.25
6,15,1,6,1.25,7.5,6.25
6,16,3,3,3.75,3.75,0.0
6,17,5,3,6.25,3.75,-2.5
6,18,1,3,1.25,3.75,2.5
6,19,7,3,8.75,3.75,-5.0
6,20,3,1,3.75,1.25,-2.5
6,21,1,9,1.25,11.25,10.0
6,22,3,2,3.75,2.5,-1.25
6,23,4,8,5.0,10.0,5.0
6,24,1,1,1.25,1.25,0.0
6,25,1,1,1.25,1.25,0.0
6,26,3,5,3.75,6.25,2.5
6,27,5,0,6.25,0.0,-6.25
6,28,5,6,6.25,7.5,1.25
6,29,3,3,3.75,3.75,0.0
6,30,3,5,3.75,6.25,2.5
6,31,2,1,2.5,1.25,-1.25
6,32,2,2,2.5,2.5,0.0
6,33,3,2,3.75,2.5,-1.25
6,34,5,1,6.25,1.25,-5.0
6,35,1,2,1.25,2.5,1.25
6,36,0,2,0.0,2.5,2.5
6,37,2,3,2.5,3.75,1.25
6,38,0,2,0.0,2.5,2.5
6,39,1,3,1.25,3.75,2.5
6,40,5,6,6.25,7.5,1.25
6,41,2,2,2.5,2.5,0.0
6,42,1,4,1.25,5.0,3.75
6,43,2,2,2.5,2.5,0.0
6,44,2,10,2.5,12.5,10.0
6,45,4,1,5.0,1.25,-3.75
6,46,1,1,1.25,1.25,0.0
6,47,3,1,3.75,1.25,-2.5
6,48,1,3,1.25,3.75,2.5
6,49,3,3,3.75,3.75,0.0
6,50,1,3,1.25,3.75,2.5
6,51,1,2,1.25,2.5,1.25
6,52,1,3,1.25,3.75,2.5
6,53,2,0,2.5,0.0,-2.5
6,54,0,4,0.0,5.0,5.0
6,55,1,8,1.25,10.0,8.75
6,56,0,0,0.0,0.0,0.0
6,57,1,4,1.25,5.0,3.75
6,58,6,6,7.5,7.5,0.0
6,59,5,9,6.25,11.25,5.0
6,60,2,3,2.5,3.75,1.25
6,61,1,3,1.25,3.75,2.5
6,62,2,0,2.5,0.0,-2.5
6,63,4,2,5.0,2.5,-2.5
6,64,2,4,2.5,5.0,2.5
6,65,4,0,5.0,0.0,-5.0
6,66,1,1,1.25,1.25,0.0
6,67,0,0,0.0,0.0,0.0
6,68,0,0,0.0,0.0,0.0
6,69,0,0,0.0,0.0,0.0
6,70,0,2,0.0,2.5,2.5
6,71,1,2,1.25,2.5,1.25
6,72,0,0,0.0,0.0,0.0
6,73,2,1,2.5,1.25,-1.25
6,74,3,3,3.75,3.75,0.0
6,75,2,6,2.5,7.5,5.0
6,76,1,2,1.25,2.5,1.25
6,77,2,2,2.5,2.5,0.0
6,78,1,3,1.25,3.75,2.5
6,79,5,3,6.25,3.75,-2.5
6,80,1,2,1.25,2.5,1.25
6,81,3,3,3.75,3.75,0.0
6,82,1,5,1.25,6.25,5.0
6,83,3,3,3.75,3.75,0.0
6,84,2,3,2.5,3.75,1.25
6,85,2,3,2.5,3.75,1.25
6,86,0,3,0.0,3.75,3.75
6,87,3,12,3.75,15.0,11.25
6,88,5,8,6.25,10.0,3.75
6,89,4,4,5.0,5.0,0.0
6,90,0,5,0.0,6.25,6.25
6,91,2,0,2.5,0.0,-2.5
6,92,2,1,2.5,1.25,-1.25
6,93,5,2,6.25,2.5,-3.75
6,94,2,0,2.5,0.0,-2.5
6,95,2,2,2.5,2.5,0.0
6,96,5,5,6.25,6.25,0.0
6,97,2,3,2.5,3.75,1.25
6,98,2,2,2.5,2.5,0.0
6,99,3,3,3.75,3.75,0.0
6,100,0,7,0.0,8.75,8.75
6,101,0,0,0.0,0.0,0.0
6,102,0,0,0.0,0.0,0.0
6,103,0,0,0.0,0.0,0.0
6,104,0,1,0.0,1.25,1.25
6,105,4,6,5.0,7.5,2.5
6,106,3,3,3.75,3.75,0.0
6,107,1,3,1.25,3.75,2.5
6,108,2,5,2.5,6.25,3.75
6,109,2,9,2.5,11.25,8.75
6,110,3,5,3.75,6.25,2.5
6,111,2,5,2.5,6.25,3.75
6,112,1,4,1.25,5.0,3.75
6,113,2,5,2.5,6.25,3.75
6,114,9,6,11.25,7.5,-3.75
6,115,11,9,13.75,11.25,-2.5
6,116,3,6,3.75,7.5,3.75
6,117,3,2,3.75,2.5,-1.25
6,118,0,1,0.0,1.25,1.25
6,119,5,2,6.25,2.5,-3.75
6,120,0,5,0.0,6.25,6.25
6,121,4,1,5.0,1.25,-3.75
6,122,0,4,0.0,5.0,5.0
6,123,1,1,1.25,1.25,0.0
6,124,0,4,0.0,5.0,5.0
6,125,4,4,5.0,5.0,0.0
6,126,1,2,1.25,2.5,1.25
6,127,0,6,0.0,7.5,7.5
6,128,2,1,2.5,1.25,-1.25
6,129,1,5,1.25,6.25,5.0
6,130,2,3,2.5,3.75,1.25
6,131,0,0,0.0,0.0,0.0
6,132,0,0,0.0,0.0,0.0
6,133,0,0,0.0,0.0,0.0
6,134,0,0,0.0,0.0,0.0
7,0,1,1,1.25,1.25,0.0
7,1,0,3,0.0,3.75,3.75
7,2,0,2,0.0,2.5,2.5
7,3,1,0,1.25,0.0,-1.25
7,4,2,2,2.5,2.5,0.0
7,5,0,1,0.0,1.25,1.25
7,6,2,0,2.5,0.0,-2.5
7,7,1,1,1.25,1.25,0.0
7,8,2,3,2.5,3.75,1.25
7,9,2,4,2.5,5.0,2.5
7,10,3,4,3.75,5.0,1.25
7,11,0,1,0.0,1.25,1.25
7,12,0,2,0.0,2.5,2.5
7,13,0,1,0.0,1.25,1.25
7,14,0,1,0.0,1.25,1.25
7,15,0,1,0.0,1.25,1.25
7,16,0,0,0.0,0.0,0.0
7,17,1,1,1.25,1.25,0.0
7,18,0,1,0.0,1.25,1.25
7,19,3,3,3.75,3.75,0.0
7,20,0,0,0.0,0.0,0.0
7,21,0,0,0.0,0.0,0.0
7,22,0,0,0.0,0.0,0.0
7,23,1,0,1.25,0.0,-1.25
7,24,0,0,0.0,0.0,0.0
7,25,0,3,0.0,3.75,3.75
7,26,0,0,0.0,0.0,0.0
7,27,1,1,1.25,1.25,0.0
7,28,1,0,1.25,0.0,-1.25
7,29,0,2,0.0,2.5,2.5
7,30,1,0,1.25,0.0,-1.25
7,31,2,0,2.5,0.0,-2.5
7,32,0,2,0.0,2.5,2.5
7,33,0,0,0.0,0.0,0.0
7,34,3,3,3.75,3.75,0.0
7,35,0,0,0.0,0.0,0.0
7,36,0,1,0.0,1.25,1.25
7,37,1,0,1.25,0.0,-1.25
7,38,0,0,0.0,0.0,0.0
7,39,2,1,2.5,1.25,-1.25
7,40,0,1,0.0,1.25,1.25
7,41,1,4,1.25,5.0,3.75
7,42,1,1,1.25,1.25,0.0
7,43,0,1,0.0,1.25,1.25
7,44,0,2,0.0,2.5,2.5
7,45,0,0,0.0,0.0,0.0
7,46,1,1,1.25,1.25,0.0
7,47,0,0,0.0,0.0,0.0
7,48,0,1,0.0,1.25,1.25
7,49,0,0,0.0,0.0,0.0
7,50,0,1,0.0,1.25,1.25
7,51,1,1,1.25,1.25,0.0
7,52,1,0,1.25,0.0,-1.25
7,53,0,1,0.0,1.25,1.25
7,54,1,2,1.25,2.5,1.25
7,55,2,1,2.5,1.25,-1.25
7,56,0,1,0.0,1.25,1.25
7,57,0,1,0.0,1.25,1.25
7,58,1,0,1.25,0.0,-1.25
7,59,0,1,0.0,1.25,1.25
7,60,0,0,0.0,0.0,0.0
7,61,1,1,1.25,1.25,0.0
7,62,2,0,2.5,0.0,-2.5
7,63,1,3,1.25,3.75,2.5
7,64,0,0,0.0,0.0,0.0
7,65,1,1,1.25,1.25,0.0
7,66,0,0,0.0,0.0,0.0
7,67,0,0,0.0,0.0,0.0
7,68,0,0,0.0,0.0,0.0
7,69,4,3,5.0,3.75,-1.25
7,70,3,4,3.75,5.0,1.25
7,71,1,5,1.25,6.25,5.0
7,72,2,4,2.5,5.0,2.5
7,73,0,0,0.0,0.0,0.0
7,74,0,2,0.0,2.5,2.5
7,75,1,2,1.25,2.5,1.25
7,76,1,0,1.25,0.0,-1.25
7,77,3,0,3.75,0.0,-3.75
7,78,0,1,0.0,1.25,1.25
7,79,1,1,1.25,1.25,0.0
7,80,0,2,0.0,2.5,2.5
7,81,1,5,1.25,6.25,5.0
7,82,0,2,0.0,2.5,2.5
7,83,3,2,3.75,2.5,-1.25
7,84,5,1,6.25,1.25,-5.0
7,85,0,1,0.0,1.25,1.25
7,86,0,1,0.0,1.25,1.25
7,87,0,1,0.0,1.25,1.25
7,88,1,2,1.25,2.5,1.25
7,89,0,1,0.0,1.25,1.25
7,90,0,0,0.0,0.0,0.0
7,91,0,0,0.0,0.0,0.0
7,92,0,0,0.0,0.0,0.0
7,93,2,0,2.5,0.0,-2.5
7,94,0,1,0.0,1.25,1.25
7,95,0,0,0.0,0.0,0.0
7,96,1,1,1.25,1.25,0.0
7,97,0,0,0.0,0.0,0.0
7,98,0,0,0.0,0.0,0.0
7,99,0,0,0.0,0.0,0.0
7,100,1,1,1.25,1.25,0.0
7,101,0,0,0.0,0.0,0.0
7,102,0,0,0.0,0.0,0.0
7,103,0,0,0.0,0.0,0.0
7,104,1,3,1.25,3.75,2.5
7,105,0,1,0.0,1.25,1.25
7,106,1,1,1.25,1.25,0.0
7,107,0,0,0.0,0.0,0.0
7,108,0,0,0.0,0.0,0.0
7,109,0,0,0.0,0.0,0.0
7,110,0,1,0.0,1.25,1.25
7,111,3,0,3.75,0.0,-3.75
7,112,1,3,1.25,3.75,2.5
7,113,0,0,0.0,0.0,0.0
7,114,0,1,0.0,1.25,1.25
7,115,0,0,0.0,0.0,0.0
7,116,2,0,2.5,0.0,-2.5
7,117,1,3,1.25,3.75,2.5
7,118,1,0,1.25,0.0,-1.25
7,119,1,0,1.25,0.0,-1.25
7,120,0,0,0.0,0.0,0.0
7,121,1,1,1.25,1.25,0.0
7,122,1,1,1.25,1.25,0.0
7,123,0,0,0.0,0.0,0.0
7,124,0,2,0.0,2.5,2.5
7,125,0,0,0.0,0.0,0.0
7,126,1,2,1.25,2.5,1.25
7,127,0,0,0.0,0.0,0.0
7,128,0,0,0.0,0.0,0.0
7,129,0,0,0.0,0.0,0.0
7,130,2,0,2.5,0.0,-2.5
7,131,0,0,0.0,0.0,0.0
7,132,0,0,0.0,0.0,0.0
7,133,0,0,0.0,0.0,0.0
7,134,0,0,0.0,0.0,0.0
8,0,3,1,3.75,1.25,-2.5
8,1,1,1,1.25,1.25,0.0
8,2,1,0,1.25,0.0,-1.25
8,3,2,1,2.5,1.25,-1.25
8,4,2,0,2.5,0.0,-2.5
8,5,0,0,0.0,0.0,0.0
8,6,4,2,5.0,2.5,-2.5
8,7,2,0,2.5,0.0,-2.5
8,8,2,0,2.5,0.0,-2.5
8,9,2,2,2.5,2.5,0.0
8,10,2,3,2.5,3.75,1.25
8,11,1,1,1.25,1.25,0.0
8,12,0,2,0.0,2.5,2.5
8,13,0,1,0.0,1.25,1.25
8,14,2,1,2.5,1.25,-1.25
8,15,0,4,0.0,5.0,5.0
8,16,3,3,3.75,3.75,0.0
8,17,4,1,5.0,1.25,-3.75
8,18,2,0,2.5,0.0,-2.5
8,19,3,2,3.75,2.5,-1.25
8,20,5,1,6.25,1.25,-5.0
8,21,3,2,3.75,2.5,-1.25
8,22,1,2,1.25,2.5,1.25
8,23,5,4,6.25,5.0,-1.25
8,24,1,3,1.25,3.75,2.5
8,25,4,2,5.0,2.5,-2.5
8,26,1,1,1.25,1.25,0.0
8,27,4,4,5.0,5.0,0.0
8,28,2,1,2.5,1.25,-1.25
8,29,4,1,5.0,1.25,-3.75
8,30,2,2,2.5,2.5,0.0
8,31,3,1,3.75,1.25,-2.5
8,32,1,4,1.25,5.0,3.75
8,33,2,2,2.5,2.5,0.0
8,34,1,1,1.25,1.25,0.0
8,35,2,5,2.5,6.25,3.75
8,36,7,1,8.75,1.25,-7.5
8,37,0,2,0.0,2.5,2.5
8,38,3,4,3.75,5.0,1.25
8,39,4,7,5.0,8.75,3.75
8,40,3,3,3.75,3.75,0.0
8,41,1,4,1.25,5.0,3.75
8,42,5,5,6.25,6.25,0.0
8,43,4,5,5.0,6.25,1.25
8,44,2,5,2.5,6.25,3.75
8,45,3,2,3.75,2.5,-1.25
8,46,3,4,3.75,5.0,1.25
8,47,8,3,10.0,3.75,-6.25
8,48,4,5,5.0,6.25,1.25
8,49,3,9,3.75,11.25,7.5
8,50,1,1,1.25,1.25,0.0
8,51,1,2,1.25,2.5,1.25
8,52,0,3,0.0,3.75,3.75
8,53,4,5,5.0,6.25,1.25
8,54,4,5,5.0,6.25,1.25
8,55,4,3,5.0,3.75,-1.25
8,56,2,3,2.5,3.75,1.25
8,57,3,3,3.75,3.75,0.0
8,58,5,4,6.25,5.0,-1.25
8,59,3,5,3.75,6.25,2.5
8,60,5,1,6.25,1.25,-5.0
8,61,2,4,2.5,5.0,2.5
8,62,4,6,5.0,7.5,2.5
8,63,4,4,5.0,5.0,0.0
8,64,2,8,2.5,10.0,7.5
8,65,3,5,3.75,6.25,2.5
8,66,6,3,7.5,3.75,-3.75
8,67,0,0,0.0,0.0,0.0
8,68,0,0,0.0,0.0,0.0
8,69,0,0,0.0,0.0,0.0
8,70,0,0,0.0,0.0,0.0
8,71,3,3,3.75,3.75,0.0
8,72,0,1,0.0,1.25,1.25
8,73,5,3,6.25,3.75,-2.5
8,74,3,4,3.75,5.0,1.25
8,75,3,1,3.75,1.25,-2.5
8,76,4,3,5.0,3.75,-1.25
8,77,7,6,8.75,7.5,-1.25
8,78,2,3,2.5,3.75,1.25
8,79,5,4,6.25,5.0,-1.25
8,80,8,6,10.0,7.5,-2.5
8,81,4,2,5.0,2.5,-2.5
8,82,5,3,6.25,3.75,-2.5
8,83,7,3,8.75,3.75,-5.0
8,84,5,2,6.25,2.5,-3.75
8,85,4,3,5.0,3.75,-1.25
8,86,4,4,5.0,5.0,0.0
8,87,4,5,5.0,6.25,1.25
8,88,5,6,6.25,7.5,1.25
8,89,4,6,5.0,7.5,2.5
8,90,4,6,5.0,7.5,2.5
8,91,4,5,5.0,6.25,1.25
8,92,6,9,7.5,11.25,3.75
8,93,5,3,6.25,3.75,-2.5
8,94,0,4,0.0,5.0,5.0
8,95,3,6,3.75,7.5,3.75
8,96,10,7,12.5,8.75,-3.75
8,97,9,3,11.25,3.75,-7.5
8,98,3,2,3.75,2.5,-1.25
8,99,3,5,3.75,6.25,2.5
8,100,10,6,12.5,7.5,-5.0
8,101,0,0,0.0,0.0,0.0
8,102,0,0,0.0,0.0,0.0
8,103,0,0,0.0,0.0,0.0
8,104,5,2,6.25,2.5,-3.75
8,105,3,1,3.75,1.25,-2.5
8,106,4,3,5.0,3.75,-1.25
8,107,5,7,6.25,8.75,2.5
8,108,4,5,5.0,6.25,1.25
8,109,3,5,3.75,6.25,2.5
8,110,5,4,6.25,5.0,-1.25
8,111,4,29,5.0,36.25,31.25
8,112,16,2,20.0,2.5,-17.5
8,113,4,1,5.0,1.25,-3.75
8,114,4,4,5.0,5.0,0.0
8,115,3,1,3.75,1.25,-2.5
8,116,1,3,1.25,3.75,2.5
8,117,3,3,3.75,3.75,0.0
8,118,4,1,5.0,1.25,-3.75
8,119,1,13,1.25,16.25,15.0
8,120,5,2,6.25,2.5,-3.75
8,121,2,1,2.5,1.25,-1.25
8,122,2,0,2.5,0.0,-2.5
8,123,2,2,2.5,2.5,0.0
8,124,2,3,2.5,3.75,1.25
8,125,1,0,1.25,0.0,-1.25
8,126,0,1,0.0,1.25,1.25
8,127,3,2,3.75,2.5,-1.25
8,128,4,1,5.0,1.25,-3.75
8,129,2,4,2.5,5.0,2.5
8,130,4,1,5.0,1.25,-3.75
8,131,0,2,0.0,2.5,2.5
8,132,0,0,0.0,0.0,0.0
8,133,0,0,0.0,0.0,0.0
8,134,0,0,0.0,0.0,0.0
9,0,5,9,6.25,11.25,5.0
9,1,2,8,2.5,10.0,7.5
9,2,3,12,3.75,15.0,11.25
9,3,2,4,2.5,5.0,2.5
9,4,9,6,11.25,7.5,-3.75
9,5,4,3,5.0,3.75,-1.25
9,6,4,2,5.0,2.5,-2.5
9,7,0,4,0.0,5.0,5.0
9,8,11,3,13.75,3.75,-10.0
9,9,4,12,5.0,15.0,10.0
9,10,8,7,10.0,8.75,-1.25
9,11,6,9,7.5,11.25,3.75
9,12,6,2,7.5,2.5,-5.0
9,13,6,6,7.5,7.5,0.0
9,14,2,6,2.5,7.5,5.0
9,15,2,5,2.5,6.25,3.75
9,16,4,4,5.0,5.0,0.0
9,17,10,7,12.5,8.75,-3.75
9,18,3,2,3.75,2.5,-1.25
9,19,6,15,7.5,18.75,11.25
9,20,3,3,3.75,3.75,0.0
9,21,2,2,2.5,2.5,0.0
9,22,8,5,10.0,6.25,-3.75
9,23,10,4,12.5,5.0,-7.5
9,24,1,1,1.25,1.25,0.0
9,25,1,2,1.25,2.5,1.25
9,26,1,1,1.25,1.25,0.0
9,27,5,0,6.25,0.0,-6.25
9,28,2,1,2.5,1.25,-1.25
9,29,5,3,6.25,3.75,-2.5
9,30,7,3,8.75,3.75,-5.0
9,31,6,3,7.5,3.75,-3.75
9,32,2,3,2.5,3.75,1.25
9,33,3,3,3.75,3.75,0.0
9,34,6,2,7.5,2.5,-5.0
9,35,8,9,10.0,11.25,1.25
9,36,3,6,3.75,7.5,3.75
9,37,8,4,10.0,5.0,-5.0
9,38,5,6,6.25,7.5,1.25
9,39,4,4,5.0,5.0,0.0
9,40,3,3,3.75,3.75,0.0
9,41,4,12,5.0,15.0,10.0
9,42,5,7,6.25,8.75,2.5
9,43,4,8,5.0,10.0,5.0
9,44,4,7,5.0,8.75,3.75
9,45,5,4,6.25,5.0,-1.25
9,46,5,5,6.25,6.25,0.0
9,47,1,7,1.25,8.75,7.5
9,48,3,3,3.75,3.75,0.0
9,49,9,2,11.25,2.5,-8.75
9,50,2,3,2.5,3.75,1.25
9,51,5,4,6.25,5.0,-1.25
9,52,6,4,7.5,5.0,-2.5
9,53,5,6,6.25,7.5,1.25
9,54,7,13,8.75,16.25,7.5
9,55,8,5,10.0,6.25,-3.75
9,56,4,13,5.0,16.25,11.25
9,57,4,6,5.0,7.5,2.5
9,58,5,6,6.25,7.5,1.25
9,59,7,10,8.75,12.5,3.75
9,60,2,2,2.5,2.5,0.0
9,61,4,8,5.0,10.0,5.0
9,62,2,4,2.5,5.0,2.5
9,63,4,6,5.0,7.5,2.5
9,64,3,3,3.75,3.75,0.0
9,65,15,3,18.75,3.75,-15.0
9,66,4,8,5.0,10.0,5.0
9,67,0,0,0.0,0.0,0.0
9,68,0,0,0.0,0.0,0.0
9,69,0,0,0.0,0.0,0.0
9,70,0,0,0.0,0.0,0.0
9,71,0,0,0.0,0.0,0.0
9,72,0,0,0.0,0.0,0.0
9,73,7,8,8.75,10.0,1.25
9,74,2,3,2.5,3.75,1.25
9,75,0,0,0.0,0.0,0.0
9,76,0,0,0.0,0.0,0.0
9,77,0,11,0.0,13.75,13.75
9,78,2,3,2.5,3.75,1.25
9,79,7,5,8.75,6.25,-2.5
9,80,0,0,0.0,0.0,0.0
9,81,0,0,0.0,0.0,0.0
9,82,0,2,0.0,2.5,2.5
9,83,0,0,0.0,0.0,0.0
9,84,0,1,0.0,1.25,1.25
9,85,0,4,0.0,5.0,5.0
9,86,0,2,0.0,2.5,2.5
9,87,3,7,3.75,8.75,5.0
9,88,7,9,8.75,11.25,2.5
9,89,6,8,7.5,10.0,2.5
9,90,4,4,5.0,5.0,0.0
9,91,3,7,3.75,8.75,5.0
9,92,3,5,3.75,6.25,2.5
9,93,9,1,11.25,1.25,-10.0
9,94,5,11,6.25,13.75,7.5
9,95,6,11,7.5,13.75,6.25
9,96,2,1,2.5,1.25,-1.25
9,97,2,2,2.5,2.5,0.0
9,98,0,3,0.0,3.75,3.75
9,99,2,5,2.5,6.25,3.75
9,100,1,4,1.25,5.0,3.75
9,101,0,0,0.0,0.0,0.0
9,102,0,0,0.0,0.0,0.0
9,103,0,0,0.0,0.0,0.0
9,104,3,9,3.75,11.25,7.5
9,105,1,2,1.25,2.5,1.25
9,106,4,4,5.0,5.0,0.0
9,107,3,11,3.75,13.75,10.0
9,108,3,6,3.75,7.5,3.75
9,109,3,8,3.75,10.0,6.25
9,110,0,2,0.0,2.5,2.5
9,111,5,4,6.25,5.0,-1.25
9,112,2,7,2.5,8.75,6.25
9,113,3,4,3.75,5.0,1.25
9,114,11,5,13.75,6.25,-7.5
9,115,3,2,3.75,2.5,-1.25
9,116,4,7,5.0,8.75,3.75
9,117,2,8,2.5,10.0,7.5
9,118,7,5,8.75,6.25,-2.5
9,119,3,5,3.75,6.25,2.5
9,120,0,3,0.0,3.75,3.75
9,121,1,1,1.25,1.25,0.0
9,122,0,0,0.0,0.0,0.0
9,123,0,0,0.0,0.0,0.0
9,124,0,1,0.0,1.25,1.25
9,125,5,6,6.25,7.5,1.25
9,126,3,7,3.75,8.75,5.0
9,127,3,6,3.75,7.5,3.75
9,128,4,6,5.0,7.5,2.5
9,129,0,0,0.0,0.0,0.0
9,130,0,0,0.0,0.0,0.0
9,131,0,0,0.0,0.0,0.0
9,132,0,0,0.0,0.0,0.0
9,133,0,0,0.0,0.0,0.0
9,134,0,0,0.0,0.0,0.0
10,0,5,12,6.25,15.0,8.75
10,1,2,3,2.5,3.75,1.25
10,2,3,4,3.75,5.0,1.25
10,3,5,3,6.25,3.75,-2.5
10,4,4,8,5.0,10.0,5.0
10,5,4,5,5.0,6.25,1.25
10,6,10,6,12.5,7.5,-5.0
10,7,1,4,1.25,5.0,3.75
10,8,8,6,10.0,7.5,-2.5
10,9,7,8,8.75,10.0,1.25
10,10,5,0,6.25,0.0,-6.25
10,11,6,8,7.5,10.0,2.5
10,12,6,5,7.5,6.25,-1.25
10,13,4,4,5.0,5.0,0.0
10,14,2,11,2.5,13.75,11.25
10,15,0,11,0.0,13.75,13.75
10,16,3,4,3.75,5.0,1.25
10,17,7,8,8.75,10.0,1.25
10,18,0,5,0.0,6.25,6.25
10,19,8,10,10.0,12.5,2.5
10,20,0,1,0.0,1.25,1.25
10,21,2,8,2.5,10.0,7.5
10,22,1,3,1.25,3.75,2.5
10,23,6,4,7.5,5.0,-2.5
10,24,7,3,8.75,3.75,-5.0
10,25,0,1,0.0,1.25,1.25
10,26,5,3,6.25,3.75,-2.5
10,27,10,1,12.5,1.25,-11.25
10,28,5,11,6.25,13.75,7.5
10,29,8,6,10.0,7.5,-2.5
10,30,10,3,12.5,3.75,-8.75
10,31,10,8,12.5,10.0,-2.5
10,32,5,2,6.25,2.5,-3.75
10,33,6,4,7.5,5.0,-2.5
10,34,7,3,8.75,3.75,-5.0
10,35,6,7,7.5,8.75,1.25
10,36,5,10,6.25,12.5,6.25
10,37,7,3,8.75,3.75,-5.0
10,38,5,7,6.25,8.75,2.5
10,39,5,9,6.25,11.25,5.0
10,40,12,9,15.0,11.25,-3.75
10,41,13,17,16.25,21.25,5.0
10,42,12,18,15.0,22.5,7.5
10,43,9,16,11.25,20.0,8.75
10,44,6,9,7.5,11.25,3.75
10,45,6,7,7.5,8.75,1.25
10,46,3,7,3.75,8.75,5.0
10,47,4,6,5.0,7.5,2.5
10,48,4,6,5.0,7.5,2.5
10,49,10,9,12.5,11.25,-1.25
10,50,9,9,11.25,11.25,0.0
10,51,10,8,12.5,10.0,-2.5
10,52,5,6,6.25,7.5,1.25
10,53,9,11,11.25,13.75,2.5
10,54,7,16,8.75,20.0,11.25
10,55,10,11,12.5,13.75,1.25
10,56,8,10,10.0,12.5,2.5
10,57,5,9,6.25,11.25,5.0
10,58,13,11,16.25,13.75,-2.5
10,59,7,9,8.75,11.25,2.5
10,60,6,9,7.5,11.25,3.75
10,61,7,15,8.75,18.75,10.0
10,62,8,8,10.0,10.0,0.0
10,63,6,12,7.5,15.0,7.5
10,64,8,9,10.0,11.25,1.25
10,65,10,13,12.5,16.25,3.75
10,66,8,6,10.0,7.5,-2.5
10,67,0,0,0.0,0.0,0.0
10,68,2,0,2.5,0.0,-2.5
10,69,10,5,12.5,6.25,-6.25
10,70,14,5,17.5,6.25,-11.25
10,71,3,9,3.75,11.25,7.5
10,72,5,7,6.25,8.75,2.5
10,73,9,11,11.25,13.75,2.5
10,74,8,8,10.0,10.0,0.0
10,75,10,11,12.5,13.75,1.25
10,76,7,8,8.75,10.0,1.25
10,77,9,10,11.25,12.5,1.25
10,78,7,6,8.75,7.5,-1.25
10,79,19,7,23.75,8.75,-15.0
10,80,7,11,8.75,13.75,5.0
10,81,5,16,6.25,20.0,13.75
10,82,6,15,7.5,18.75,11.25
10,83,9,8,11.25,10.0,-1.25
10,84,4,6,5.0,7.5,2.5
10,85,6,5,7.5,6.25,-1.25
10,86,6,12,7.5,15.0,7.5
10,87,3,11,3.75,13.75,10.0
10,88,7,10,8.75,12.5,3.75
10,89,6,14,7.5,17.5,10.0
10,90,6,8,7.5,10.0,2.5
10,91,9,11,11.25,13.75,2.5
10,92,4,8,5.0,10.0,5.0
10,93,13,8,16.25,10.0,-6.25
10,94,4,12,5.0,15.0,10.0
10,95,5,12,6.25,15.0,8.75
10,96,11,9,13.75,11.25,-2.5
10,97,8,6,10.0,7.5,-2.5
10,98,4,6,5.0,7.5,2.5
10,99,6,4,7.5,5.0,-2.5
10,100,10,9,12.5,11.25,-1.25
10,101,0,0,0.0,0.0,0.0
10,102,0,0,0.0,0.0,0.0
10,103,0,0,0.0,0.0,0.0
10,104,7,9,8.75,11.25,2.5
10,105,6,6,7.5,7.5,0.0
10,106,6,5,7.5,6.25,-1.25
10,107,6,8,7.5,10.0,2.5
10,108,6,5,7.5,6.25,-1.25
10,109,5,12,6.25,15.0,8.75
10,110,6,3,7.5,3.75,-3.75
10,111,8,8,10.0,10.0,0.0
10,112,11,13,13.75,16.25,2.5
10,113,6,9,7.5,11.25,3.75
10,114,17,7,21.25,8.75,-12.5
10,115,8,9,10.0,11.25,1.25
10,116,8,11,10.0,13.75,3.75
10,117,5,7,6.25,8.75,2.5
10,118,9,3,11.25,3.75,-7.5
10,119,5,9,6.25,11.25,5.0
10,120,5,7,6.25,8.75,2.5
10,121,5,6,6.25,7.5,1.25
10,122,4,5,5.0,6.25,1.25
10,123,5,5,6.25,6.25,0.0
10,124,2,5,2.5,6.25,3.75
10,125,4,7,5.0,8.75,3.75
10,126,7,10,8.75,12.5,3.75
10,127,4,7,5.0,8.75,3.75
10,128,5,4,6.25,5.0,-1.25
10,129,6,12,7.5,15.0,7.5
10,130,5,9,6.25,11.25,5.0
10,131,0,0,0.0,0.0,0.0
10,132,0,0,0.0,0.0,0.0
10,133,0,1,0.0,1.25,1.25
10,134,3,8,3.75,10.0,6.25
11,0,0,0,0.0,0.0,0.0
11,1,0,0,0.0,0.0,0.0
11,2,0,0,0.0,0.0,0.0
11,3,0,1,0.0,1.25,1.25
11,4,0,1,0.0,1.25,1.25
11,5,0,0,0.0,0.0,0.0
11,6,0,0,0.0,0.0,0.0
11,7,0,0,0.0,0.0,0.0
11,8,0,0,0.0,0.0,0.0
11,9,0,0,0.0,0.0,0.0
11,10,0,0,0.0,0.0,0.0
11,11,0,2,0.0,2.5,2.5
11,12,0,0,0.0,0.0,0.0
11,13,0,0,0.0,0.0,0.0
11,14,0,0,0.0,0.0,0.0
11,15,0,0,0.0,0.0,0.0
11,16,0,0,0.0,0.0,0.0
11,17,0,0,0.0,0.0,0.0
11,18,0,0,0.0,0.0,0.0
11,19,0,0,0.0,0.0,0.0
11,20,0,0,0.0,0.0,0.0
11,21,0,0,0.0,0.0,0.0
11,22,0,0,0.0,0.0,0.0
11,23,0,0,0.0,0.0,0.0
11,24,0,0,0.0,0.0,0.0
11,25,0,0,0.0,0.0,0.0
11,26,0,0,0.0,0.0,0.0
11,27,0,1,0.0,1.25,1.25
11,28,0,0,0.0,0.0,0.0
11,29,0,0,0.0,0.0,0.0
11,30,0,0,0.0,0.0,0.0
11,31,0,0,0.0,0.0,0.0
11,32,0,0,0.0,0.0,0.0
11,33,0,0,0.0,0.0,0.0
11,34,0,0,0.0,0.0,0.0
11,35,0,0,0.0,0.0,0.0
11,36,0,0,0.0,0.0,0.0
11,37,0,1,0.0,1.25,1.25
11,38,0,0,0.0,0.0,0.0
11,39,0,0,0.0,0.0,0.0
11,40,0,0,0.0,0.0,0.0
11,41,2,0,2.5,0.0,-2.5
11,42,0,2,0.0,2.5,2.5
11,43,0,0,0.0,0.0,0.0
11,44,0,0,0.0,0.0,0.0
11,45,0,0,0.0,0.0,0.0
11,46,0,0,0.0,0.0,0.0
11,47,1,0,1.25,0.0,-1.25
11,48,0,0,0.0,0.0,0.0
11,49,0,0,0.0,0.0,0.0
11,50,0,0,0.0,0.0,0.0
11,51,0,0,0.0,0.0,0.0
11,52,1,0,1.25,0.0,-1.25
11,53,0,0,0.0,0.0,0.0
11,54,0,0,0.0,0.0,0.0
11,55,0,0,0.0,0.0,0.0
11,56,0,0,0.0,0.0,0.0
11,57,0,0,0.0,0.0,0.0
11,58,0,0,0.0,0.0,0.0
11,59,0,1,0.0,1.25,1.25
11,60,0,0,0.0,0.0,0.0
11,61,1,0,1.25,0.0,-1.25
11,62,0,0,0.0,0.0,0.0
11,63,0,0,0.0,0.0,0.0
11,64,3,0,3.75,0.0,-3.75
11,65,0,1,0.0,1.25,1.25
11,66,0,2,0.0,2.5,2.5
11,67,0,0,0.0,0.0,0.0
11,68,2,0,2.5,0.0,-2.5
11,69,0,0,0.0,0.0,0.0
11,70,0,0,0.0,0.0,0.0
11,71,0,0,0.0,0.0,0.0
11,72,0,0,0.0,0.0,0.0
11,73,0,0,0.0,0.0,0.0
11,74,1,1,1.25,1.25,0.0
11,75,0,0,0.0,0.0,0.0
11,76,1,0,1.25,0.0,-1.25
11,77,0,0,0.0,0.0,0.0
11,78,0,1,0.0,1.25,1.25
11,79,0,1,0.0,1.25,1.25
11,80,0,0,0.0,0.0,0.0
11,81,0,0,0.0,0.0,0.0
11,82,0,0,0.0,0.0,0.0
11,83,0,0,0.0,0.0,0.0
11,84,0,0,0.0,0.0,0.0
11,85,0,0,0.0,0.0,0.0
11,86,0,0,0.0,0.0,0.0
11,87,0,0,0.0,0.0,0.0
11,88,0,0,0.0,0.0,0.0
11,89,1,0,1.25,0.0,-1.25
11,90,0,0,0.0,0.0,0.0
11,91,0,0,0.0,0.0,0.0
11,92,0,1,0.0,1.25,1.25
11,93,0,0,0.0,0.0,0.0
11,94,0,0,0.0,0.0,0.0
11,95,1,1,1.25,1.25,0.0
11,96,0,2,0.0,2.5,2.5
11,97,0,0,0.0,0.0,0.0
11,98,0,0,0.0,0.0,0.0
11,99,1,0,1.25,0.0,-1.25
11,100,4,1,5.0,1.25,-3.75
11,101,0,0,0.0,0.0,0.0
11,102,0,1,0.0,1.25,1.25
11,103,1,0,1.25,0.0,-1.25
11,104,0,0,0.0,0.0,0.0
11,105,2,0,2.5,0.0,-2.5
11,106,0,0,0.0,0.0,0.0
11,107,0,0,0.0,0.0,0.0
11,108,0,0,0.0,0.0,0.0
11,109,0,0,0.0,0.0,0.0
11,110,0,0,0.0,0.0,0.0
11,111,0,0,0.0,0.0,0.0
11,112,0,4,0.0,5.0,5.0
11,113,0,0,0.0,0.0,0.0
11,114,0,0,0.0,0.0,0.0
11,115,0,1,0.0,1.25,1.25
11,116,1,0,1.25,0.0,-1.25
11,117,1,0,1.25,0.0,-1.25
11,118,0,0,0.0,0.0,0.0
11,119,0,0,0.0,0.0,0.0
11,120,0,0,0.0,0.0,0.0
11,121,0,0,0.0,0.0,0.0
11,122,0,1,0.0,1.25,1.25
11,123,0,1,0.0,1.25,1.25
11,124,0,0,0.0,0.0,0.0
11,125,0,0,0.0,0.0,0.0
11,126,1,0,1.25,0.0,-1.25
11,127,0,0,0.0,0.0,0.0
11,128,0,0,0.0,0.0,0.0
11,129,0,0,0.0,0.0,0.0
11,130,0,0,0.0,0.0,0.0
11,131,0,0,0.0,0.0,0.0
11,132,1,0,1.25,0.0,-1.25
11,133,0,2,0.0,2.5,2.5
11,134,0,0,0.0,0.0,0.0
12,0,1,6,1.25,7.5,6.25
12,1,3,3,3.75,3.75,0.0
12,2,2,4,2.5,5.0,2.5
12,3,4,1,5.0,1.25,-3.75
12,4,6,0,7.5,0.0,-7.5
12,5,0,0,0.0,0.0,0.0
12,6,1,1,1.25,1.25,0.0
12,7,1,1,1.25,1.25,0.0
12,8,2,2,2.5,2.5,0.0
12,9,1,2,1.25,2.5,1.25
12,10,3,6,3.75,7.5,3.75
12,11,1,5,1.25,6.25,5.0
12,12,4,2,5.0,2.5,-2.5
12,13,3,1,3.75,1.25,-2.5
12,14,3,2,3.75,2.5,-1.25
12,15,2,1,2.5,1.25,-1.25
12,16,4,2,5.0,2.5,-2.5
12,17,2,1,2.5,1.25,-1.25
12,18,2,3,2.5,3.75,1.25
12,19,2,0,2.5,0.0,-2.5
12,20,3,0,3.75,0.0,-3.75
12,21,3,1,3.75,1.25,-2.5
12,22,5,3,6.25,3.75,-2.5
12,23,4,4,5.0,5.0,0.0
12,24,3,2,3.75,2.5,-1.25
12,25,5,3,6.25,3.75,-2.5
12,26,5,6,6.25,7.5,1.25
12,27,4,1,5.0,1.25,-3.75
12,28,4,3,5.0,3.75,-1.25
12,29,2,1,2.5,1.25,-1.25
12,30,1,1,1.25,1.25,0.0
12,31,3,7,3.75,8.75,5.0
12,32,2,1,2.5,1.25,-1.25
12,33,4,4,5.0,5.0,0.0
12,34,1,2,1.25,2.5,1.25
12,35,4,6,5.0,7.5,2.5
12,36,2,1,2.5,1.25,-1.25
12,37,5,4,6.25,5.0,-1.25
12,38,0,1,0.0,1.25,1.25
12,39,3,1,3.75,1.25,-2.5
12,40,6,7,7.5,8.75,1.25
12,41,7,0,8.75,0.0,-8.75
12,42,1,4,1.25,5.0,3.75
12,43,5,0,6.25,0.0,-6.25
12,44,5,1,6.25,1.25,-5.0
12,45,4,4,5.0,5.0,0.0
12,46,3,1,3.75,1.25,-2.5
12,47,2,0,2.5,0.0,-2.5
12,48,2,4,2.5,5.0,2.5
12,49,3,3,3.75,3.75,0.0
12,50,4,2,5.0,2.5,-2.5
12,51,2,4,2.5,5.0,2.5
12,52,1,6,1.25,7.5,6.25
12,53,2,1,2.5,1.25,-1.25
12,54,3,4,3.75,5.0,1.25
12,55,3,0,3.75,0.0,-3.75
12,56,1,0,1.25,0.0,-1.25
12,57,4,1,5.0,1.25,-3.75
12,58,1,2,1.25,2.5,1.25
12,59,3,2,3.75,2.5,-1.25
12,60,4,3,5.0,3.75,-1.25
12,61,4,0,5.0,0.0,-5.0
12,62,4,2,5.0,2.5,-2.5
12,63,1,3,1.25,3.75,2.5
12,64,0,4,0.0,5.0,5.0
12,65,1,1,1.25,1.25,0.0
12,66,1,1,1.25,1.25,0.0
12,67,0,0,0.0,0.0,0.0
12,68,3,4,3.75,5.0,1.25
12,69,1,3,1.25,3.75,2.5
12,70,1,0,1.25,0.0,-1.25
12,71,7,6,8.75,7.5,-1.25
12,72,10,7,12.5,8.75,-3.75
12,73,4,1,5.0,1.25,-3.75
12,74,10,4,12.5,5.0,-7.5
12,75,4,5,5.0,6.25,1.25
12,76,6,1,7.5,1.25,-6.25
12,77,3,1,3.75,1.25,-2.5
12,78,5,7,6.25,8.75,2.5
12,79,0,2,0.0,2.5,2.5
12,80,3,7,3.75,8.75,5.0
12,81,1,3,1.25,3.75,2.5
12,82,2,5,2.5,6.25,3.75
12,83,0,0,0.0,0.0,0.0
12,84,1,1,1.25,1.25,0.0
12,85,0,1,0.0,1.25,1.25
12,86,6,5,7.5,6.25,-1.25
12,87,5,3,6.25,3.75,-2.5
12,88,1,1,1.25,1.25,0.0
12,89,1,4,1.25,5.0,3.75
12,90,2,0,2.5,0.0,-2.5
12,91,3,1,3.75,1.25,-2.5
12,92,1,2,1.25,2.5,1.25
12,93,3,2,3.75,2.5,-1.25
12,94,6,4,7.5,5.0,-2.5
12,95,1,1,1.25,1.25,0.0
12,96,4,2,5.0,2.5,-2.5
12,97,4,1,5.0,1.25,-3.75
12,98,3,0,3.75,0.0,-3.75
12,99,3,2,3.75,2.5,-1.25
12,100,5,1,6.25,1.25,-5.0
12,101,1,2,1.25,2.5,1.25
12,102,1,1,1.25,1.25,0.0
12,103,1,0,1.25,0.0,-1.25
12,104,2,1,2.5,1.25,-1.25
12,105,0,1,0.0,1.25,1.25
12,106,4,1,5.0,1.25,-3.75
12,107,2,2,2.5,2.5,0.0
12,108,5,2,6.25,2.5,-3.75
12,109,5,3,6.25,3.75,-2.5
12,110,3,1,3.75,1.25,-2.5
12,111,0,0,0.0,0.0,0.0
12,112,5,3,6.25,3.75,-2.5
12,113,3,0,3.75,0.0,-3.75
12,114,0,3,0.0,3.75,3.75
12,115,1,1,1.25,1.25,0.0
12,116,4,1,5.0,1.25,-3.75
12,117,1,1,1.25,1.25,0.0
12,118,2,0,2.5,0.0,-2.5
12,119,2,0,2.5,0.0,-2.5
12,120,1,2,1.25,2.5,1.25
12,121,1,1,1.25,1.25,0.0
12,122,1,2,1.25,2.5,1.25
12,123,2,4,2.5,5.0,2.5
12,124,1,3,1.25,3.75,2.5
12,125,2,3,2.5,3.75,1.25
12,126,4,3,5.0,3.75,-1.25
12,127,4,0,5.0,0.0,-5.0
12,128,1,1,1.25,1.25,0.0
12,129,3,1,3.75,1.25,-2.5
12,130,2,1,2.5,1.25,-1.25
12,131,0,0,0.0,0.0,0.0
12,132,1,0,1.25,0.0,-1.25
12,133,1,2,1.25,2.5,1.25
12,134,0,3,0.0,3.75,3.75
13,0,1,0,1.25,0.0,-1.25
13,1,2,2,2.5,2.5,0.0
13,2,0,0,0.0,0.0,0.0
13,3,1,0,1.25,0.0,-1.25
13,4,0,0,0.0,0.0,0.0
13,5,0,0,0.0,0.0,0.0
13,6,0,0,0.0,0.0,0.0
13,7,3,0,3.75,0.0,-3.75
13,8,2,1,2.5,1.25,-1.25
13,9,1,0,1.25,0.0,-1.25
13,10,0,1,0.0,1.25,1.25
13,11,0,4,0.0,5.0,5.0
13,12,0,0,0.0,0.0,0.0
13,13,0,0,0.0,0.0,0.0
13,14,1,0,1.25,0.0,-1.25
13,15,3,0,3.75,0.0,-3.75
13,16,0,0,0.0,0.0,0.0
13,17,1,0,1.25,0.0,-1.25
13,18,2,0,2.5,0.0,-2.5
13,19,0,0,0.0,0.0,0.0
13,20,2,0,2.5,0.0,-2.5
13,21,0,0,0.0,0.0,0.0
13,22,0,0,0.0,0.0,0.0
13,23,1,0,1.25,0.0,-1.25
13,24,0,1,0.0,1.25,1.25
13,25,0,0,0.0,0.0,0.0
13,26,0,0,0.0,0.0,0.0
13,27,1,0,1.25,0.0,-1.25
13,28,0,0,0.0,0.0,0.0
13,29,0,0,0.0,0.0,0.0
13,30,1,0,1.25,0.0,-1.25
13,31,0,0,0.0,0.0,0.0
13,32,0,0,0.0,0.0,0.0
13,33,0,0,0.0,0.0,0.0
13,34,0,0,0.0,0.0,0.0
13,35,0,0,0.0,0.0,0.0
13,36,1,0,1.25,0.0,-1.25
13,37,0,0,0.0,0.0,0.0
13,38,0,0,0.0,0.0,0.0
13,39,3,0,3.75,0.0,-3.75
13,40,0,0,0.0,0.0,0.0
13,41,3,0,3.75,0.0,-3.75
13,42,0,0,0.0,0.0,0.0
13,43,3,0,3.75,0.0,-3.75
13,44,4,0,5.0,0.0,-5.0
13,45,1,0,1.25,0.0,-1.25
13,46,0,0,0.0,0.0,0.0
13,47,0,0,0.0,0.0,0.0
13,48,1,0,1.25,0.0,-1.25
13,49,1,0,1.25,0.0,-1.25
13,50,0,0,0.0,0.0,0.0
13,51,0,0,0.0,0.0,0.0
13,52,0,1,0.0,1.25,1.25
13,53,0,0,0.0,0.0,0.0
13,54,0,0,0.0,0.0,0.0
13,55,0,0,0.0,0.0,0.0
13,56,2,12,2.5,15.0,12.5
13,57,4,5,5.0,6.25,1.25
13,58,8,1,10.0,1.25,-8.75
13,59,2,0,2.5,0.0,-2.5
13,60,2,0,2.5,0.0,-2.5
13,61,1,0,1.25,0.0,-1.25
13,62,2,0,2.5,0.0,-2.5
13,63,0,0,0.0,0.0,0.0
13,64,3,4,3.75,5.0,1.25
13,65,0,0,0.0,0.0,0.0
13,66,1,1,1.25,1.25,0.0
13,67,0,0,0.0,0.0,0.0
13,68,2,0,2.5,0.0,-2.5
13,69,0,0,0.0,0.0,0.0
13,70,0,1,0.0,1.25,1.25
13,71,1,1,1.25,1.25,0.0
13,72,0,0,0.0,0.0,0.0
13,73,0,0,0.0,0.0,0.0
13,74,0,1,0.0,1.25,1.25
13,75,0,1,0.0,1.25,1.25
13,76,0,1,0.0,1.25,1.25
13,77,0,0,0.0,0.0,0.0
13,78,0,0,0.0,0.0,0.0
13,79,0,0,0.0,0.0,0.0
13,80,1,0,1.25,0.0,-1.25
13,81,0,0,0.0,0.0,0.0
13,82,0,0,0.0,0.0,0.0
13,83,0,0,0.0,0.0,0.0
13,84,0,0,0.0,0.0,0.0
13,85,0,0,0.0,0.0,0.0
13,86,0,0,0.0,0.0,0.0
13,87,4,1,5.0,1.25,-3.75
13,88,0,0,0.0,0.0,0.0
13,89,0,0,0.0,0.0,0.0
13,90,1,0,1.25,0.0,-1.25
13,91,0,0,0.0,0.0,0.0
13,92,0,0,0.0,0.0,0.0
13,93,3,2,3.75,2.5,-1.25
13,94,0,0,0.0,0.0,0.0
13,95,0,0,0.0,0.0,0.0
13,96,8,1,10.0,1.25,-8.75
13,97,0,1,0.0,1.25,1.25
13,98,0,0,0.0,0.0,0.0
13,99,0,0,0.0,0.0,0.0
13,100,4,0,5.0,0.0,-5.0
13,101,4,1,5.0,1.25,-3.75
13,102,0,0,0.0,0.0,0.0
13,103,0,0,0.0,0.0,0.0
13,104,0,1,0.0,1.25,1.25
13,105,3,0,3.75,0.0,-3.75
13,106,2,3,2.5,3.75,1.25
13,107,0,0,0.0,0.0,0.0
13,108,0,0,0.0,0.0,0.0
13,109,0,0,0.0,0.0,0.0
13,110,0,0,0.0,0.0,0.0
13,111,0,0,0.0,0.0,0.0
13,112,0,0,0.0,0.0,0.0
13,113,0,0,0.0,0.0,0.0
13,114,0,0,0.0,0.0,0.0
13,115,0,1,0.0,1.25,1.25
13,116,0,0,0.0,0.0,0.0
13,117,1,0,1.25,0.0,-1.25
13,118,0,1,0.0,1.25,1.25
13,119,1,0,1.25,0.0,-1.25
13,120,0,0,0.0,0.0,0.0
13,121,0,0,0.0,0.0,0.0
13,122,1,0,1.25,0.0,-1.25
13,123,0,0,0.0,0.0,0.0
13,124,0,3,0.0,3.75,3.75
13,125,0,0,0.0,0.0,0.0
13,126,0,0,0.0,0.0,0.0
13,127,2,0,2.5,0.0,-2.5
13,128,0,0,0.0,0.0,0.0
13,129,0,0,0.0,0.0,0.0
13,130,2,0,2.5,0.0,-2.5
13,131,0,0,0.0,0.0,0.0
13,132,0,0,0.0,0.0,0.0
13,133,1,0,1.25,0.0,-1.25
13,134,0,0,0.0,0.0,0.0
14,0,1,1,1.25,1.25,0.0
14,1,2,2,2.5,2.5,0.0
14,2,1,0,1.25,0.0,-1.25
14,3,1,0,1.25,0.0,-1.25
14,4,2,1,2.5,1.25,-1.25
14,5,1,2,1.25,2.5,1.25
14,6,2,1,2.5,1.25,-1.25
14,7,4,0,5.0,0.0,-5.0
14,8,3,2,3.75,2.5,-1.25
14,9,1,0,1.25,0.0,-1.25
14,10,1,4,1.25,5.0,3.75
14,11,3,7,3.75,8.75,5.0
14,12,1,1,1.25,1.25,0.0
14,13,1,0,1.25,0.0,-1.25
14,14,3,2,3.75,2.5,-1.25
14,15,5,2,6.25,2.5,-3.75
14,16,1,1,1.25,1.25,0.0
14,17,1,2,1.25,2.5,1.25
14,18,4,0,5.0,0.0,-5.0
14,19,2,1,2.5,1.25,-1.25
14,20,1,0,1.25,0.0,-1.25
14,21,3,1,3.75,1.25,-2.5
14,22,2,0,2.5,0.0,-2.5
14,23,4,2,5.0,2.5,-2.5
14,24,0,0,0.0,0.0,0.0
14,25,2,1,2.5,1.25,-1.25
14,26,1,2,1.25,2.5,1.25
14,27,2,3,2.5,3.75,1.25
14,28,1,1,1.25,1.25,0.0
14,29,1,0,1.25,0.0,-1.25
14,30,2,1,2.5,1.25,-1.25
14,31,2,1,2.5,1.25,-1.25
14,32,1,0,1.25,0.0,-1.25
14,33,1,0,1.25,0.0,-1.25
14,34,1,0,1.25,0.0,-1.25
14,35,1,1,1.25,1.25,0.0
14,36,1,0,1.25,0.0,-1.25
14,37,1,1,1.25,1.25,0.0
14,38,1,1,1.25,1.25,0.0
14,39,2,1,2.5,1.25,-1.25
14,40,2,2,2.5,2.5,0.0
14,41,3,0,3.75,0.0,-3.75
14,42,1,0,1.25,0.0,-1.25
14,43,3,0,3.75,0.0,-3.75
14,44,3,1,3.75,1.25,-2.5
14,45,1,0,1.25,0.0,-1.25
14,46,0,0,0.0,0.0,0.0
14,47,0,0,0.0,0.0,0.0
14,48,3,0,3.75,0.0,-3.75
14,49,0,2,0.0,2.5,2.5
14,50,1,1,1.25,1.25,0.0
14,51,1,0,1.25,0.0,-1.25
14,52,0,3,0.0,3.75,3.75
14,53,0,1,0.0,1.25,1.25
14,54,1,0,1.25,0.0,-1.25
14,55,0,0,0.0,0.0,0.0
14,56,2,1,2.5,1.25,-1.25
14,57,2,0,2.5,0.0,-2.5
14,58,0,0,0.0,0.0,0.0
14,59,0,0,0.0,0.0,0.0
14,60,3,5,3.75,6.25,2.5
14,61,2,0,2.5,0.0,-2.5
14,62,0,0,0.0,0.0,0.0
14,63,0,0,0.0,0.0,0.0
14,64,0,1,0.0,1.25,1.25
14,65,1,1,1.25,1.25,0.0
14,66,1,0,1.25,0.0,-1.25
14,67,0,0,0.0,0.0,0.0
14,68,0,0,0.0,0.0,0.0
14,69,1,0,1.25,0.0,-1.25
14,70,1,1,1.25,1.25,0.0
14,71,1,0,1.25,0.0,-1.25
14,72,1,2,1.25,2.5,1.25
14,73,2,1,2.5,1.25,-1.25
14,74,2,0,2.5,0.0,-2.5
14,75,4,1,5.0,1.25,-3.75
14,76,0,0,0.0,0.0,0.0
14,77,2,0,2.5,0.0,-2.5
14,78,2,1,2.5,1.25,-1.25
14,79,1,0,1.25,0.0,-1.25
14,80,2,2,2.5,2.5,0.0
14,81,4,0,5.0,0.0,-5.0
14,82,3,0,3.75,0.0,-3.75
14,83,2,0,2.5,0.0,-2.5
14,84,0,1,0.0,1.25,1.25
14,85,1,0,1.25,0.0,-1.25
14,86,5,4,6.25,5.0,-1.25
14,87,1,1,1.25,1.25,0.0
14,88,1,0,1.25,0.0,-1.25
14,89,7,1,8.75,1.25,-7.5
14,90,0,0,0.0,0.0,0.0
14,91,2,0,2.5,0.0,-2.5
14,92,1,3,1.25,3.75,2.5
14,93,1,1,1.25,1.25,0.0
14,94,0,2,0.0,2.5,2.5
14,95,2,3,2.5,3.75,1.25
14,96,1,0,1.25,0.0,-1.25
14,97,2,1,2.5,1.25,-1.25
14,98,1,0,1.25,0.0,-1.25
14,99,2,1,2.5,1.25,-1.25
14,100,5,2,6.25,2.5,-3.75
14,101,0,1,0.0,1.25,1.25
14,102,0,0,0.0,0.0,0.0
14,103,0,0,0.0,0.0,0.0
14,104,3,2,3.75,2.5,-1.25
14,105,0,2,0.0,2.5,2.5
14,106,2,2,2.5,2.5,0.0
14,107,1,2,1.25,2.5,1.25
14,108,0,1,0.0,1.25,1.25
14,109,2,0,2.5,0.0,-2.5
14,110,1,0,1.25,0.0,-1.25
14,111,0,1,0.0,1.25,1.25
14,112,0,1,0.0,1.25,1.25
14,113,2,2,2.5,2.5,0.0
14,114,0,0,0.0,0.0,0.0
14,115,1,1,1.25,1.25,0.0
14,116,2,3,2.5,3.75,1.25
14,117,0,0,0.0,0.0,0.0
14,118,2,1,2.5,1.25,-1.25
14,119,6,0,7.5,0.0,-7.5
14,120,2,1,2.5,1.25,-1.25
14,121,8,1,10.0,1.25,-8.75
14,122,3,2,3.75,2.5,-1.25
14,123,0,1,0.0,1.25,1.25
14,124,2,1,2.5,1.25,-1.25
14,125,1,2,1.25,2.5,1.25
14,126,3,1,3.75,1.25,-2.5
14,127,1,1,1.25,1.25,0.0
14,128,1,4,1.25,5.0,3.75
14,129,3,0,3.75,0.0,-3.75
14,130,0,1,0.0,1.25,1.25
14,131,0,0,0.0,0.0,0.0
14,132,0,0,0.0,0.0,0.0
14,133,2,1,2.5,1.25,-1.25
14,134,0,0,0.0,0.0,0.0
15,0,4,0,5.0,0.0,-5.0
15,1,4,1,5.0,1.25,-3.75
15,2,1,0,1.25,0.0,-1.25
15,3,1,0,1.25,0.0,-1.25
15,4,2,1,2.5,1.25,-1.25
15,5,0,0,0.0,0.0,0.0
15,6,0,0,0.0,0.0,0.0
15,7,0,0,0.0,0.0,0.0
15,8,0,2,0.0,2.5,2.5
15,9,0,1,0.0,1.25,1.25
15,10,0,1,0.0,1.25,1.25
15,11,1,2,1.25,2.5,1.25
15,12,0,1,0.0,1.25,1.25
15,13,1,0,1.25,0.0,-1.25
15,14,2,0,2.5,0.0,-2.5
15,15,1,0,1.25,0.0,-1.25
15,16,2,1,2.5,1.25,-1.25
15,17,2,0,2.5,0.0,-2.5
15,18,2,1,2.5,1.25,-1.25
15,19,0,0,0.0,0.0,0.0
15,20,0,4,0.0,5.0,5.0
15,21,0,0,0.0,0.0,0.0
15,22,1,0,1.25,0.0,-1.25
15,23,1,1,1.25,1.25,0.0
15,24,1,2,1.25,2.5,1.25
15,25,3,1,3.75,1.25,-2.5
15,26,1,0,1.25,0.0,-1.25
15,27,2,3,2.5,3.75,1.25
15,28,1,0,1.25,0.0,-1.25
15,29,0,0,0.0,0.0,0.0
15,30,2,0,2.5,0.0,-2.5
15,31,2,2,2.5,2.5,0.0
15,32,1,1,1.25,1.25,0.0
15,33,5,1,6.25,1.25,-5.0
15,34,0,0,0.0,0.0,0.0
15,35,2,1,2.5,1.25,-1.25
15,36,1,2,1.25,2.5,1.25
15,37,1,0,1.25,0.0,-1.25
15,38,0,1,0.0,1.25,1.25
15,39,2,1,2.5,1.25,-1.25
15,40,3,1,3.75,1.25,-2.5
15,41,3,1,3.75,1.25,-2.5
15,42,0,4,0.0,5.0,5.0
15,43,0,2,0.0,2.5,2.5
15,44,1,1,1.25,1.25,0.0
15,45,0,0,0.0,0.0,0.0
15,46,0,1,0.0,1.25,1.25
15,47,2,0,2.5,0.0,-2.5
15,48,1,0,1.25,0.0,-1.25
15,49,4,2,5.0,2.5,-2.5
15,50,0,0,0.0,0.0,0.0
15,51,2,0,2.5,0.0,-2.5
15,52,2,2,2.5,2.5,0.0
15,53,1,0,1.25,0.0,-1.25
15,54,1,0,1.25,0.0,-1.25
15,55,1,0,1.25,0.0,-1.25
15,56,2,0,2.5,0.0,-2.5
15,57,0,0,0.0,0.0,0.0
15,58,1,1,1.25,1.25,0.0
15,59,0,1,0.0,1.25,1.25
15,60,2,0,2.5,0.0,-2.5
15,61,3,0,3.75,0.0,-3.75
15,62,2,1,2.5,1.25,-1.25
15,63,0,0,0.0,0.0,0.0
15,64,1,1,1.25,1.25,0.0
15,65,0,0,0.0,0.0,0.0
15,66,2,1,2.5,1.25,-1.25
15,67,0,0,0.0,0.0,0.0
15,68,0,0,0.0,0.0,0.0
15,69,0,0,0.0,0.0,0.0
15,70,0,0,0.0,0.0,0.0
15,71,1,0,1.25,0.0,-1.25
15,72,0,0,0.0,0.0,0.0
15,73,2,1,2.5,1.25,-1.25
15,74,3,3,3.75,3.75,0.0
15,75,1,1,1.25,1.25,0.0
15,76,2,0,2.5,0.0,-2.5
15,77,2,0,2.5,0.0,-2.5
15,78,1,2,1.25,2.5,1.25
15,79,2,0,2.5,0.0,-2.5
15,80,2,2,2.5,2.5,0.0
15,81,1,2,1.25,2.5,1.25
15,82,2,2,2.5,2.5,0.0
15,83,3,1,3.75,1.25,-2.5
15,84,3,2,3.75,2.5,-1.25
15,85,2,1,2.5,1.25,-1.25
15,86,1,0,1.25,0.0,-1.25
15,87,5,2,6.25,2.5,-3.75
15,88,3,0,3.75,0.0,-3.75
15,89,0,1,0.0,1.25,1.25
15,90,3,4,3.75,5.0,1.25
15,91,0,1,0.0,1.25,1.25
15,92,2,1,2.5,1.25,-1.25
15,93,3,2,3.75,2.5,-1.25
15,94,4,2,5.0,2.5,-2.5
15,95,2,1,2.5,1.25,-1.25
15,96,0,2,0.0,2.5,2.5
15,97,1,2,1.25,2.5,1.25
15,98,0,0,0.0,0.0,0.0
15,99,5,1,6.25,1.25,-5.0
15,100,2,2,2.5,2.5,0.0
15,101,0,1,0.0,1.25,1.25
15,102,0,0,0.0,0.0,0.0
15,103,0,0,0.0,0.0,0.0
15,104,2,1,2.5,1.25,-1.25
15,105,1,1,1.25,1.25,0.0
15,106,2,3,2.5,3.75,1.25
15,107,4,2,5.0,2.5,-2.5
15,108,0,0,0.0,0.0,0.0
15,109,1,0,1.25,0.0,-1.25
15,110,3,2,3.75,2.5,-1.25
15,111,2,4,2.5,5.0,2.5
15,112,2,0,2.5,0.0,-2.5
15,113,1,1,1.25,1.25,0.0
15,114,1,2,1.25,2.5,1.25
15,115,2,2,2.5,2.5,0.0
15,116,2,0,2.5,0.0,-2.5
15,117,3,2,3.75,2.5,-1.25
15,118,3,1,3.75,1.25,-2.5
15,119,1,1,1.25,1.25,0.0
15,120,1,3,1.25,3.75,2.5
15,121,1,1,1.25,1.25,0.0
15,122,1,2,1.25,2.5,1.25
15,123,0,0,0.0,0.0,0.0
15,124,2,0,2.5,0.0,-2.5
15,125,2,2,2.5,2.5,0.0
15,126,4,1,5.0,1.25,-3.75
15,127,0,0,0.0,0.0,0.0
15,128,0,0,0.0,0.0,0.0
15,129,1,1,1.25,1.25,0.0
15,130,0,0,0.0,0.0,0.0
15,131,0,0,0.0,0.0,0.0
15,132,0,1,0.0,1.25,1.25
15,133,0,2,0.0,2.5,2.5
15,134,1,0,1.25,0.0,-1.25
16,0,1,1,1.25,1.25,0.0
16,1,0,0,0.0,0.0,0.0
16,2,0,0,0.0,0.0,0.0
16,3,0,0,0.0,0.0,0.0
16,4,1,0,1.25,0.0,-1.25
16,5,0,0,0.0,0.0,0.0
16,6,0,0,0.0,0.0,0.0
16,7,0,0,0.0,0.0,0.0
16,8,0,0,0.0,0.0,0.0
16,9,0,0,0.0,0.0,0.0
16,10,0,2,0.0,2.5,2.5
16,11,0,1,0.0,1.25,1.25
16,12,0,0,0.0,0.0,0.0
16,13,0,0,0.0,0.0,0.0
16,14,1,1,1.25,1.25,0.0
16,15,0,0,0.0,0.0,0.0
16,16,0,0,0.0,0.0,0.0
16,17,0,1,0.0,1.25,1.25
16,18,2,2,2.5,2.5,0.0
16,19,0,0,0.0,0.0,0.0
16,20,1,0,1.25,0.0,-1.25
16,21,1,0,1.25,0.0,-1.25
16,22,0,0,0.0,0.0,0.0
16,23,0,0,0.0,0.0,0.0
16,24,1,0,1.25,0.0,-1.25
16,25,1,0,1.25,0.0,-1.25
16,26,0,0,0.0,0.0,0.0
16,27,1,1,1.25,1.25,0.0
16,28,0,0,0.0,0.0,0.0
16,29,0,0,0.0,0.0,0.0
16,30,2,0,2.5,0.0,-2.5
16,31,0,0,0.0,0.0,0.0
16,32,1,0,1.25,0.0,-1.25
16,33,1,0,1.25,0.0,-1.25
16,34,0,0,0.0,0.0,0.0
16,35,1,0,1.25,0.0,-1.25
16,36,1,0,1.25,0.0,-1.25
16,37,0,0,0.0,0.0,0.0
16,38,0,0,0.0,0.0,0.0
16,39,0,0,0.0,0.0,0.0
16,40,0,1,0.0,1.25,1.25
16,41,2,0,2.5,0.0,-2.5
16,42,1,0,1.25,0.0,-1.25
16,43,2,0,2.5,0.0,-2.5
16,44,0,1,0.0,1.25,1.25
16,45,1,0,1.25,0.0,-1.25
16,46,0,1,0.0,1.25,1.25
16,47,1,0,1.25,0.0,-1.25
16,48,0,0,0.0,0.0,0.0
16,49,0,1,0.0,1.25,1.25
16,50,0,0,0.0,0.0,0.0
16,51,0,1,0.0,1.25,1.25
16,52,0,1,0.0,1.25,1.25
16,53,1,0,1.25,0.0,-1.25
16,54,0,1,0.0,1.25,1.25
16,55,0,0,0.0,0.0,0.0
16,56,0,1,0.0,1.25,1.25
16,57,0,0,0.0,0.0,0.0
16,58,0,1,0.0,1.25,1.25
16,59,0,0,0.0,0.0,0.0
16,60,0,0,0.0,0.0,0.0
16,61,0,0,0.0,0.0,0.0
16,62,1,0,1.25,0.0,-1.25
16,63,1,0,1.25,0.0,-1.25
16,64,0,0,0.0,0.0,0.0
16,65,1,0,1.25,0.0,-1.25
16,66,0,0,0.0,0.0,0.0
16,67,0,0,0.0,0.0,0.0
16,68,0,0,0.0,0.0,0.0
16,69,0,0,0.0,0.0,0.0
16,70,0,0,0.0,0.0,0.0
16,71,2,0,2.5,0.0,-2.5
16,72,0,1,0.0,1.25,1.25
16,73,1,0,1.25,0.0,-1.25
16,74,0,1,0.0,1.25,1.25
16,75,0,0,0.0,0.0,0.0
16,76,0,0,0.0,0.0,0.0
16,77,0,0,0.0,0.0,0.0
16,78,0,0,0.0,0.0,0.0
16,79,0,0,0.0,0.0,0.0
16,80,0,0,0.0,0.0,0.0
16,81,0,0,0.0,0.0,0.0
16,82,1,0,1.25,0.0,-1.25
16,83,0,1,0.0,1.25,1.25
16,84,0,0,0.0,0.0,0.0
16,85,1,0,1.25,0.0,-1.25
16,86,0,1,0.0,1.25,1.25
16,87,0,0,0.0,0.0,0.0
16,88,0,0,0.0,0.0,0.0
16,89,0,1,0.0,1.25,1.25
16,90,0,0,0.0,0.0,0.0
16,91,0,0,0.0,0.0,0.0
16,92,1,1,1.25,1.25,0.0
16,93,0,1,0.0,1.25,1.25
16,94,0,0,0.0,0.0,0.0
16,95,1,0,1.25,0.0,-1.25
16,96,2,0,2.5,0.0,-2.5
16,97,1,0,1.25,0.0,-1.25
16,98,0,1,0.0,1.25,1.25
16,99,0,0,0.0,0.0,0.0
16,100,4,1,5.0,1.25,-3.75
16,101,0,0,0.0,0.0,0.0
16,102,0,0,0.0,0.0,0.0
16,103,0,0,0.0,0.0,0.0
16,104,0,0,0.0,0.0,0.0
16,105,1,0,1.25,0.0,-1.25
16,106,1,1,1.25,1.25,0.0
16,107,1,0,1.25,0.0,-1.25
16,108,1,0,1.25,0.0,-1.25
16,109,0,0,0.0,0.0,0.0
16,110,0,0,0.0,0.0,0.0
16,111,0,0,0.0,0.0,0.0
16,112,0,0,0.0,0.0,0.0
16,113,0,1,0.0,1.25,1.25
16,114,0,0,0.0,0.0,0.0
16,115,1,0,1.25,0.0,-1.25
16,116,0,0,0.0,0.0,0.0
16,117,1,0,1.25,0.0,-1.25
16,118,1,1,1.25,1.25,0.0
16,119,1,0,1.25,0.0,-1.25
16,120,0,0,0.0,0.0,0.0
16,121,0,0,0.0,0.0,0.0
16,122,0,0,0.0,0.0,0.0
16,123,0,0,0.0,0.0,0.0
16,124,0,1,0.0,1.25,1.25
16,125,0,0,0.0,0.0,0.0
16,126,1,1,1.25,1.25,0.0
16,127,0,1,0.0,1.25,1.25
16,128,1,1,1.25,1.25,0.0
16,129,0,0,0.0,0.0,0.0
16,130,0,0,0.0,0.0,0.0
16,131,0,0,0.0,0.0,0.0
16,132,0,0,0.0,0.0,0.0
16,133,0,0,0.0,0.0,0.0
16,134,0,0,0.0,0.0,0.0
17,0,0,0,0.0,0.0,0.0
17,1,0,0,0.0,0.0,0.0
17,2,0,0,0.0,0.0,0.0
17,3,1,0,1.25,0.0,-1.25
17,4,1,1,1.25,1.25,0.0
17,5,0,0,0.0,0.0,0.0
17,6,0,3,0.0,3.75,3.75
17,7,2,0,2.5,0.0,-2.5
17,8,0,0,0.0,0.0,0.0
17,9,2,1,2.5,1.25,-1.25
17,10,0,0,0.0,0.0,0.0
17,11,0,1,0.0,1.25,1.25
17,12,0,0,0.0,0.0,0.0
17,13,2,0,2.5,0.0,-2.5
17,14,1,0,1.25,0.0,-1.25
17,15,1,2,1.25,2.5,1.25
17,16,0,0,0.0,0.0,0.0
17,17,1,2,1.25,2.5,1.25
17,18,3,3,3.75,3.75,0.0
17,19,0,0,0.0,0.0,0.0
17,20,4,2,5.0,2.5,-2.5
17,21,0,1,0.0,1.25,1.25
17,22,3,4,3.75,5.0,1.25
17,23,3,4,3.75,5.0,1.25
17,24,2,1,2.5,1.25,-1.25
17,25,4,2,5.0,2.5,-2.5
17,26,0,2,0.0,2.5,2.5
17,27,0,0,0.0,0.0,0.0
17,28,0,0,0.0,0.0,0.0
17,29,0,0,0.0,0.0,0.0
17,30,0,0,0.0,0.0,0.0
17,31,0,0,0.0,0.0,0.0
17,32,0,2,0.0,2.5,2.5
17,33,1,1,1.25,1.25,0.0
17,34,0,0,0.0,0.0,0.0
17,35,0,0,0.0,0.0,0.0
17,36,0,0,0.0,0.0,0.0
17,37,1,0,1.25,0.0,-1.25
17,38,0,0,0.0,0.0,0.0
17,39,0,1,0.0,1.25,1.25
17,40,0,2,0.0,2.5,2.5
17,41,0,0,0.0,0.0,0.0
17,42,0,0,0.0,0.0,0.0
17,43,0,0,0.0,0.0,0.0
17,44,0,0,0.0,0.0,0.0
17,45,3,2,3.75,2.5,-1.25
17,46,0,0,0.0,0.0,0.0
17,47,0,0,0.0,0.0,0.0
17,48,2,0,2.5,0.0,-2.5
17,49,0,0,0.0,0.0,0.0
17,50,2,0,2.5,0.0,-2.5
17,51,1,2,1.25,2.5,1.25
17,52,3,1,3.75,1.25,-2.5
17,53,1,0,1.25,0.0,-1.25
17,54,1,1,1.25,1.25,0.0
17,55,1,2,1.25,2.5,1.25
17,56,2,3,2.5,3.75,1.25
17,57,1,2,1.25,2.5,1.25
17,58,0,0,0.0,0.0,0.0
17,59,1,0,1.25,0.0,-1.25
17,60,2,2,2.5,2.5,0.0
17,61,0,2,0.0,2.5,2.5
17,62,0,1,0.0,1.25,1.25
17,63,1,0,1.25,0.0,-1.25
17,64,0,4,0.0,5.0,5.0
17,65,0,0,0.0,0.0,0.0
17,66,0,2,0.0,2.5,2.5
17,67,0,0,0.0,0.0,0.0
17,68,3,1,3.75,1.25,-2.5
17,69,0,0,0.0,0.0,0.0
17,70,0,0,0.0,0.0,0.0
17,71,0,0,0.0,0.0,0.0
17,72,2,0,2.5,0.0,-2.5
17,73,3,2,3.75,2.5,-1.25
17,74,0,1,0.0,1.25,1.25
17,75,0,0,0.0,0.0,0.0
17,76,0,0,0.0,0.0,0.0
17,77,0,0,0.0,0.0,0.0
17,78,2,0,2.5,0.0,-2.5
17,79,0,0,0.0,0.0,0.0
17,80,0,0,0.0,0.0,0.0
17,81,0,0,0.0,0.0,0.0
17,82,0,0,0.0,0.0,0.0
17,83,0,0,0.0,0.0,0.0
17,84,0,0,0.0,0.0,0.0
17,85,0,0,0.0,0.0,0.0
17,86,0,0,0.0,0.0,0.0
17,87,0,0,0.0,0.0,0.0
17,88,0,0,0.0,0.0,0.0
17,89,0,0,0.0,0.0,0.0
17,90,0,0,0.0,0.0,0.0
17,91,0,0,0.0,0.0,0.0
17,92,0,0,0.0,0.0,0.0
17,93,0,0,0.0,0.0,0.0
17,94,0,0,0.0,0.0,0.0
17,95,0,0,0.0,0.0,0.0
17,96,1,0,1.25,0.0,-1.25
17,97,0,0,0.0,0.0,0.0
17,98,0,0,0.0,0.0,0.0
17,99,0,0,0.0,0.0,0.0
17,100,0,1,0.0,1.25,1.25
17,101,1,1,1.25,1.25,0.0
17,102,1,0,1.25,0.0,-1.25
17,103,0,0,0.0,0.0,0.0
17,104,0,0,0.0,0.0,0.0
17,105,0,0,0.0,0.0,0.0
17,106,0,0,0.0,0.0,0.0
17,107,0,0,0.0,0.0,0.0
17,108,0,0,0.0,0.0,0.0
17,109,0,0,0.0,0.0,0.0
17,110,0,0,0.0,0.0,0.0
17,111,0,0,0.0,0.0,0.0
17,112,0,0,0.0,0.0,0.0
17,113,0,0,0.0,0.0,0.0
17,114,0,0,0.0,0.0,0.0
17,115,0,0,0.0,0.0,0.0
17,116,0,0,0.0,0.0,0.0
17,117,0,0,0.0,0.0,0.0
17,118,0,0,0.0,0.0,0.0
17,119,0,0,0.0,0.0,0.0
17,120,0,0,0.0,0.0,0.0
17,121,0,0,0.0,0.0,0.0
17,122,0,0,0.0,0.0,0.0
17,123,0,0,0.0,0.0,0.0
17,124,0,0,0.0,0.0,0.0
17,125,0,0,0.0,0.0,0.0
17,126,0,0,0.0,0.0,0.0
17,127,0,0,0.0,0.0,0.0
17,128,0,0,0.0,0.0,0.0
17,129,0,0,0.0,0.0,0.0
17,130,0,1,0.0,1.25,1.25
17,131,0,0,0.0,0.0,0.0
17,132,0,0,0.0,0.0,0.0
17,133,0,0,0.0,0.0,0.0
17,134,0,1,0.0,1.25,1.25
18,0,0,0,0.0,0.0,0.0
18,1,0,0,0.0,0.0,0.0
18,2,0,0,0.0,0.0,0.0
18,3,0,0,0.0,0.0,0.0
18,4,0,0,0.0,0.0,0.0
18,5,0,0,0.0,0.0,0.0
18,6,0,0,0.0,0.0,0.0
18,7,0,0,0.0,0.0,0.0
18,8,0,0,0.0,0.0,0.0
18,9,0,0,0.0,0.0,0.0
18,10,0,0,0.0,0.0,0.0
18,11,0,0,0.0,0.0,0.0
18,12,0,0,0.0,0.0,0.0
18,13,0,0,0.0,0.0,0.0
18,14,0,0,0.0,0.0,0.0
18,15,0,0,0.0,0.0,0.0
18,16,0,0,0.0,0.0,0.0
18,17,1,0,1.25,0.0,-1.25
18,18,0,0,0.0,0.0,0.0
18,19,0,0,0.0,0.0,0.0
18,20,1,0,1.25,0.0,-1.25
18,21,0,0,0.0,0.0,0.0
18,22,0,1,0.0,1.25,1.25
18,23,0,0,0.0,0.0,0.0
18,24,0,0,0.0,0.0,0.0
18,25,0,0,0.0,0.0,0.0
18,26,0,0,0.0,0.0,0.0
18,27,1,0,1.25,0.0,-1.25
18,28,0,0,0.0,0.0,0.0
18,29,0,0,0.0,0.0,0.0
18,30,1,0,1.25,0.0,-1.25
18,31,0,1,0.0,1.25,1.25
18,32,0,0,0.0,0.0,0.0
18,33,0,0,0.0,0.0,0.0
18,34,0,0,0.0,0.0,0.0
18,35,0,0,0.0,0.0,0.0
18,36,0,0,0.0,0.0,0.0
18,37,0,0,0.0,0.0,0.0
18,38,0,0,0.0,0.0,0.0
18,39,0,0,0.0,0.0,0.0
18,40,0,0,0.0,0.0,0.0
18,41,0,0,0.0,0.0,0.0
18,42,0,0,0.0,0.0,0.0
18,43,0,0,0.0,0.0,0.0
18,44,0,0,0.0,0.0,0.0
18,45,0,0,0.0,0.0,0.0
18,46,0,0,0.0,0.0,0.0
18,47,0,0,0.0,0.0,0.0
18,48,1,1,1.25,1.25,0.0
18,49,0,0,0.0,0.0,0.0
18,50,2,2,2.5,2.5,0.0
18,51,0,2,0.0,2.5,2.5
18,52,0,2,0.0,2.5,2.5
18,53,0,0,0.0,0.0,0.0
18,54,0,0,0.0,0.0,0.0
18,55,0,0,0.0,0.0,0.0
18,56,0,0,0.0,0.0,0.0
18,57,0,2,0.0,2.5,2.5
18,58,0,0,0.0,0.0,0.0
18,59,0,0,0.0,0.0,0.0
18,60,0,0,0.0,0.0,0.0
18,61,0,1,0.0,1.25,1.25
18,62,0,1,0.0,1.25,1.25
18,63,1,0,1.25,0.0,-1.25
18,64,0,3,0.0,3.75,3.75
18,65,0,0,0.0,0.0,0.0
18,66,0,0,0.0,0.0,0.0
18,67,0,0,0.0,0.0,0.0
18,68,0,0,0.0,0.0,0.0
18,69,0,0,0.0,0.0,0.0
18,70,0,0,0.0,0.0,0.0
18,71,1,3,1.25,3.75,2.5
18,72,0,0,0.0,0.0,0.0
18,73,1,0,1.25,0.0,-1.25
18,74,0,0,0.0,0.0,0.0
18,75,0,2,0.0,2.5,2.5
18,76,0,0,0.0,0.0,0.0
18,77,0,0,0.0,0.0,0.0
18,78,0,0,0.0,0.0,0.0
18,79,0,1,0.0,1.25,1.25
18,80,0,0,0.0,0.0,0.0
18,81,0,0,0.0,0.0,0.0
18,82,0,0,0.0,0.0,0.0
18,83,0,0,0.0,0.0,0.0
18,84,0,0,0.0,0.0,0.0
18,85,0,0,0.0,0.0,0.0
18,86,0,0,0.0,0.0,0.0
18,87,0,0,0.0,0.0,0.0
18,88,0,0,0.0,0.0,0.0
18,89,0,0,0.0,0.0,0.0
18,90,0,0,0.0,0.0,0.0
18,91,0,0,0.0,0.0,0.0
18,92,0,0,0.0,0.0,0.0
18,93,0,0,0.0,0.0,0.0
18,94,0,0,0.0,0.0,0.0
18,95,0,0,0.0,0.0,0.0
18,96,3,0,3.75,0.0,-3.75
18,97,0,0,0.0,0.0,0.0
18,98,0,0,0.0,0.0,0.0
18,99,0,0,0.0,0.0,0.0
18,100,1,2,1.25,2.5,1.25
18,101,0,0,0.0,0.0,0.0
18,102,1,0,1.25,0.0,-1.25
18,103,0,0,0.0,0.0,0.0
18,104,0,0,0.0,0.0,0.0
18,105,0,0,0.0,0.0,0.0
18,106,1,0,1.25,0.0,-1.25
18,107,0,1,0.0,1.25,1.25
18,108,0,0,0.0,0.0,0.0
18,109,0,0,0.0,0.0,0.0
18,110,0,0,0.0,0.0,0.0
18,111,0,0,0.0,0.0,0.0
18,112,0,0,0.0,0.0,0.0
18,113,0,0,0.0,0.0,0.0
18,114,0,0,0.0,0.0,0.0
18,115,0,0,0.0,0.0,0.0
18,116,0,0,0.0,0.0,0.0
18,117,0,0,0.0,0.0,0.0
18,118,0,0,0.0,0.0,0.0
18,119,2,0,2.5,0.0,-2.5
18,120,0,0,0.0,0.0,0.0
18,121,0,0,0.0,0.0,0.0
18,122,0,0,0.0,0.0,0.0
18,123,0,2,0.0,2.5,2.5
18,124,0,0,0.0,0.0,0.0
18,125,0,0,0.0,0.0,0.0
18,126,0,0,0.0,0.0,0.0
18,127,0,0,0.0,0.0,0.0
18,128,0,0,0.0,0.0,0.0
18,129,0,3,0.0,3.75,3.75
18,130,0,2,0.0,2.5,2.5
18,131,3,0,3.75,0.0,-3.75
18,132,0,0,0.0,0.0,0.0
18,133,0,1,0.0,1.25,1.25
18,134,0,1,0.0,1.25,1.25
19,0,4,2,5.0,2.5,-2.5
19,1,1,1,1.25,1.25,0.0
19,2,2,1,2.5,1.25,-1.25
19,3,2,0,2.5,0.0,-2.5
19,4,0,1,0.0,1.25,1.25
19,5,0,2,0.0,2.5,2.5
19,6,3,1,3.75,1.25,-2.5
19,7,1,2,1.25,2.5,1.25
19,8,1,2,1.25,2.5,1.25
19,9,0,0,0.0,0.0,0.0
19,10,1,1,1.25,1.25,0.0
19,11,1,0,1.25,0.0,-1.25
19,12,0,1,0.0,1.25,1.25
19,13,0,2,0.0,2.5,2.5
19,14,1,2,1.25,2.5,1.25
19,15,4,1,5.0,1.25,-3.75
19,16,2,0,2.5,0.0,-2.5
19,17,0,2,0.0,2.5,2.5
19,18,0,1,0.0,1.25,1.25
19,19,1,0,1.25,0.0,-1.25
19,20,3,0,3.75,0.0,-3.75
19,21,2,4,2.5,5.0,2.5
19,22,2,0,2.5,0.0,-2.5
19,23,0,1,0.0,1.25,1.25
19,24,3,0,3.75,0.0,-3.75
19,25,1,1,1.25,1.25,0.0
19,26,1,2,1.25,2.5,1.25
19,27,0,0,0.0,0.0,0.0
19,28,0,1,0.0,1.25,1.25
19,29,0,1,0.0,1.25,1.25
19,30,2,2,2.5,2.5,0.0
19,31,0,1,0.0,1.25,1.25
19,32,4,1,5.0,1.25,-3.75
19,33,0,2,0.0,2.5,2.5
19,34,2,1,2.5,1.25,-1.25
19,35,1,1,1.25,1.25,0.0
19,36,2,0,2.5,0.0,-2.5
19,37,1,0,1.25,0.0,-1.25
19,38,1,0,1.25,0.0,-1.25
19,39,3,1,3.75,1.25,-2.5
19,40,2,1,2.5,1.25,-1.25
19,41,1,3,1.25,3.75,2.5
19,42,1,1,1.25,1.25,0.0
19,43,4,1,5.0,1.25,-3.75
19,44,2,0,2.5,0.0,-2.5
19,45,2,5,2.5,6.25,3.75
19,46,0,2,0.0,2.5,2.5
19,47,1,0,1.25,0.0,-1.25
19,48,4,1,5.0,1.25,-3.75
19,49,0,1,0.0,1.25,1.25
19,50,0,1,0.0,1.25,1.25
19,51,1,0,1.25,0.0,-1.25
19,52,5,4,6.25,5.0,-1.25
19,53,0,2,0.0,2.5,2.5
19,54,2,4,2.5,5.0,2.5
19,55,0,1,0.0,1.25,1.25
19,56,1,1,1.25,1.25,0.0
19,57,0,2,0.0,2.5,2.5
19,58,1,1,1.25,1.25,0.0
19,59,3,0,3.75,0.0,-3.75
19,60,3,3,3.75,3.75,0.0
19,61,3,2,3.75,2.5,-1.25
19,62,1,0,1.25,0.0,-1.25
19,63,2,0,2.5,0.0,-2.5
19,64,1,0,1.25,0.0,-1.25
19,65,1,1,1.25,1.25,0.0
19,66,3,0,3.75,0.0,-3.75
19,67,0,0,0.0,0.0,0.0
19,68,0,1,0.0,1.25,1.25
19,69,1,0,1.25,0.0,-1.25
19,70,0,1,0.0,1.25,1.25
19,71,0,0,0.0,0.0,0.0
19,72,0,1,0.0,1.25,1.25
19,73,1,1,1.25,1.25,0.0
19,74,2,0,2.5,0.0,-2.5
19,75,0,0,0.0,0.0,0.0
19,76,2,1,2.5,1.25,-1.25
19,77,1,0,1.25,0.0,-1.25
19,78,1,0,1.25,0.0,-1.25
19,79,2,0,2.5,0.0,-2.5
19,80,0,1,0.0,1.25,1.25
19,81,2,1,2.5,1.25,-1.25
19,82,1,4,1.25,5.0,3.75
19,83,0,2,0.0,2.5,2.5
19,84,0,1,0.0,1.25,1.25
19,85,2,1,2.5,1.25,-1.25
19,86,2,0,2.5,0.0,-2.5
19,87,2,1,2.5,1.25,-1.25
19,88,0,0,0.0,0.0,0.0
19,89,2,3,2.5,3.75,1.25
19,90,4,3,5.0,3.75,-1.25
19,91,1,2,1.25,2.5,1.25
19,92,1,1,1.25,1.25,0.0
19,93,3,3,3.75,3.75,0.0
19,94,3,2,3.75,2.5,-1.25
19,95,6,2,7.5,2.5,-5.0
19,96,3,3,3.75,3.75,0.0
19,97,2,1,2.5,1.25,-1.25
19,98,2,6,2.5,7.5,5.0
19,99,1,1,1.25,1.25,0.0
19,100,2,5,2.5,6.25,3.75
19,101,2,1,2.5,1.25,-1.25
19,102,2,1,2.5,1.25,-1.25
19,103,0,1,0.0,1.25,1.25
19,104,1,0,1.25,0.0,-1.25
19,105,3,6,3.75,7.5,3.75
19,106,1,1,1.25,1.25,0.0
19,107,1,2,1.25,2.5,1.25
19,108,1,1,1.25,1.25,0.0
19,109,3,3,3.75,3.75,0.0
19,110,3,1,3.75,1.25,-2.5
19,111,0,0,0.0,0.0,0.0
19,112,4,3,5.0,3.75,-1.25
19,113,1,1,1.25,1.25,0.0
19,114,0,0,0.0,0.0,0.0
19,115,2,2,2.5,2.5,0.0
19,116,0,1,0.0,1.25,1.25
19,117,3,0,3.75,0.0,-3.75
19,118,2,2,2.5,2.5,0.0
19,119,3,1,3.75,1.25,-2.5
19,120,1,2,1.25,2.5,1.25
19,121,1,4,1.25,5.0,3.75
19,122,3,2,3.75,2.5,-1.25
19,123,1,2,1.25,2.5,1.25
19,124,0,0,0.0,0.0,0.0
19,125,2,1,2.5,1.25,-1.25
19,126,0,0,0.0,0.0,0.0
19,127,1,1,1.25,1.25,0.0
19,128,1,1,1.25,1.25,0.0
19,129,1,2,1.25,2.5,1.25
19,130,1,5,1.25,6.25,5.0
19,131,4,1,5.0,1.25,-3.75
19,132,4,0,5.0,0.0,-5.0
19,133,2,3,2.5,3.75,1.25
19,134,5,3,6.25,3.75,-2.5
20,0,0,0,0.0,0.0,0.0
20,1,0,0,0.0,0.0,0.0
20,2,0,0,0.0,0.0,0.0
20,3,0,0,0.0,0.0,0.0
20,4,0,0,0.0,0.0,0.0
20,5,0,0,0.0,0.0,0.0
20,6,0,0,0.0,0.0,0.0
20,7,0,0,0.0,0.0,0.0
20,8,0,0,0.0,0.0,0.0
20,9,0,0,0.0,0.0,0.0
20,10,0,0,0.0,0.0,0.0
20,11,0,0,0.0,0.0,0.0
20,12,0,0,0.0,0.0,0.0
20,13,0,0,0.0,0.0,0.0
20,14,0,0,0.0,0.0,0.0
20,15,1,0,1.25,0.0,-1.25
20,16,1,1,1.25,1.25,0.0
20,17,0,1,0.0,1.25,1.25
20,18,0,0,0.0,0.0,0.0
20,19,0,0,0.0,0.0,0.0
20,20,0,0,0.0,0.0,0.0
20,21,0,0,0.0,0.0,0.0
20,22,0,1,0.0,1.25,1.25
20,23,0,0,0.0,0.0,0.0
20,24,1,0,1.25,0.0,-1.25
20,25,0,0,0.0,0.0,0.0
20,26,0,0,0.0,0.0,0.0
20,27,0,2,0.0,2.5,2.5
20,28,0,0,0.0,0.0,0.0
20,29,0,0,0.0,0.0,0.0
20,30,0,0,0.0,0.0,0.0
20,31,1,2,1.25,2.5,1.25
20,32,0,3,0.0,3.75,3.75
20,33,0,2,0.0,2.5,2.5
20,34,0,1,0.0,1.25,1.25
20,35,2,0,2.5,0.0,-2.5
20,36,0,0,0.0,0.0,0.0
20,37,0,0,0.0,0.0,0.0
20,38,0,0,0.0,0.0,0.0
20,39,0,1,0.0,1.25,1.25
20,40,0,0,0.0,0.0,0.0
20,41,1,0,1.25,0.0,-1.25
20,42,1,1,1.25,1.25,0.0
20,43,0,0,0.0,0.0,0.0
20,44,1,0,1.25,0.0,-1.25
20,45,0,0,0.0,0.0,0.0
20,46,1,1,1.25,1.25,0.0
20,47,2,0,2.5,0.0,-2.5
20,48,1,2,1.25,2.5,1.25
20,49,4,2,5.0,2.5,-2.5
20,50,0,0,0.0,0.0,0.0
20,51,0,0,0.0,0.0,0.0
20,52,0,0,0.0,0.0,0.0
20,53,0,0,0.0,0.0,0.0
20,54,3,0,3.75,0.0,-3.75
20,55,0,0,0.0,0.0,0.0
20,56,2,0,2.5,0.0,-2.5
20,57,0,0,0.0,0.0,0.0
20,58,0,1,0.0,1.25,1.25
20,59,1,2,1.25,2.5,1.25
20,60,1,0,1.25,0.0,-1.25
20,61,2,1,2.5,1.25,-1.25
20,62,0,0,0.0,0.0,0.0
20,63,1,0,1.25,0.0,-1.25
20,64,0,1,0.0,1.25,1.25
20,65,1,2,1.25,2.5,1.25
20,66,1,0,1.25,0.0,-1.25
20,67,0,0,0.0,0.0,0.0
20,68,0,2,0.0,2.5,2.5
20,69,0,0,0.0,0.0,0.0
20,70,0,0,0.0,0.0,0.0
20,71,0,0,0.0,0.0,0.0
20,72,0,0,0.0,0.0,0.0
20,73,0,0,0.0,0.0,0.0
20,74,0,0,0.0,0.0,0.0
20,75,0,0,0.0,0.0,0.0
20,76,3,0,3.75,0.0,-3.75
20,77,1,0,1.25,0.0,-1.25
20,78,0,2,0.0,2.5,2.5
20,79,1,0,1.25,0.0,-1.25
20,80,0,1,0.0,1.25,1.25
20,81,0,0,0.0,0.0,0.0
20,82,1,0,1.25,0.0,-1.25
20,83,1,1,1.25,1.25,0.0
20,84,1,0,1.25,0.0,-1.25
20,85,0,1,0.0,1.25,1.25
20,86,1,0,1.25,0.0,-1.25
20,87,1,0,1.25,0.0,-1.25
20,88,0,1,0.0,1.25,1.25
20,89,0,2,0.0,2.5,2.5
20,90,0,1,0.0,1.25,1.25
20,91,0,0,0.0,0.0,0.0
20,92,2,0,2.5,0.0,-2.5
20,93,0,1,0.0,1.25,1.25
20,94,1,0,1.25,0.0,-1.25
20,95,1,1,1.25,1.25,0.0
20,96,0,0,0.0,0.0,0.0
20,97,1,0,1.25,0.0,-1.25
20,98,1,0,1.25,0.0,-1.25
20,99,1,1,1.25,1.25,0.0
20,100,1,0,1.25,0.0,-1.25
20,101,0,0,0.0,0.0,0.0
20,102,3,1,3.75,1.25,-2.5
20,103,1,0,1.25,0.0,-1.25
20,104,1,0,1.25,0.0,-1.25
20,105,0,0,0.0,0.0,0.0
20,106,0,0,0.0,0.0,0.0
20,107,1,1,1.25,1.25,0.0
20,108,1,0,1.25,0.0,-1.25
20,109,0,1,0.0,1.25,1.25
20,110,1,0,1.25,0.0,-1.25
20,111,0,0,0.0,0.0,0.0
20,112,0,1,0.0,1.25,1.25
20,113,0,0,0.0,0.0,0.0
20,114,1,0,1.25,0.0,-1.25
20,115,0,0,0.0,0.0,0.0
20,116,0,0,0.0,0.0,0.0
20,117,1,1,1.25,1.25,0.0
20,118,1,2,1.25,2.5,1.25
20,119,1,0,1.25,0.0,-1.25
20,120,1,0,1.25,0.0,-1.25
20,121,0,0,0.0,0.0,0.0
20,122,2,2,2.5,2.5,0.0
20,123,0,1,0.0,1.25,1.25
20,124,1,0,1.25,0.0,-1.25
20,125,2,1,2.5,1.25,-1.25
20,126,1,0,1.25,0.0,-1.25
20,127,1,1,1.25,1.25,0.0
20,128,0,2,0.0,2.5,2.5
20,129,0,1,0.0,1.25,1.25
20,130,2,0,2.5,0.0,-2.5
20,131,2,0,2.5,0.0,-2.5
20,132,1,0,1.25,0.0,-1.25
20,133,0,1,0.0,1.25,1.25
20,134,0,0,0.0,0.0,0.0
21,0,0,0,0.0,0.0,0.0
21,1,0,1,0.0,1.25,1.25
21,2,0,1,0.0,1.25,1.25
21,3,1,2,1.25,2.5,1.25
21,4,1,1,1.25,1.25,0.0
21,5,0,0,0.0,0.0,0.0
21,6,0,0,0.0,0.0,0.0
21,7,0,0,0.0,0.0,0.0
21,8,0,0,0.0,0.0,0.0
21,9,0,1,0.0,1.25,1.25
21,10,0,0,0.0,0.0,0.0
21,11,0,0,0.0,0.0,0.0
21,12,0,0,0.0,0.0,0.0
21,13,0,0,0.0,0.0,0.0
21,14,0,1,0.0,1.25,1.25
21,15,0,1,0.0,1.25,1.25
21,16,0,0,0.0,0.0,0.0
21,17,0,1,0.0,1.25,1.25
21,18,0,0,0.0,0.0,0.0
21,19,0,0,0.0,0.0,0.0
21,20,0,0,0.0,0.0,0.0
21,21,0,0,0.0,0.0,0.0
21,22,0,0,0.0,0.0,0.0
21,23,0,0,0.0,0.0,0.0
21,24,0,0,0.0,0.0,0.0
21,25,0,0,0.0,0.0,0.0
21,26,0,0,0.0,0.0,0.0
21,27,0,0,0.0,0.0,0.0
21,28,1,1,1.25,1.25,0.0
21,29,0,0,0.0,0.0,0.0
21,30,0,0,0.0,0.0,0.0
21,31,0,0,0.0,0.0,0.0
21,32,0,0,0.0,0.0,0.0
21,33,0,0,0.0,0.0,0.0
21,34,0,0,0.0,0.0,0.0
21,35,0,0,0.0,0.0,0.0
21,36,0,0,0.0,0.0,0.0
21,37,0,0,0.0,0.0,0.0
21,38,0,0,0.0,0.0,0.0
21,39,0,0,0.0,0.0,0.0
21,40,0,0,0.0,0.0,0.0
21,41,0,1,0.0,1.25,1.25
21,42,0,0,0.0,0.0,0.0
21,43,1,0,1.25,0.0,-1.25
21,44,0,0,0.0,0.0,0.0
21,45,0,0,0.0,0.0,0.0
21,46,0,0,0.0,0.0,0.0
21,47,0,0,0.0,0.0,0.0
21,48,0,0,0.0,0.0,0.0
21,49,0,1,0.0,1.25,1.25
21,50,0,0,0.0,0.0,0.0
21,51,0,0,0.0,0.0,0.0
21,52,0,0,0.0,0.0,0.0
21,53,0,0,0.0,0.0,0.0
21,54,0,0,0.0,0.0,0.0
21,55,1,0,1.25,0.0,-1.25
21,56,0,0,0.0,0.0,0.0
21,57,0,0,0.0,0.0,0.0
21,58,0,0,0.0,0.0,0.0
21,59,0,1,0.0,1.25,1.25
21,60,0,0,0.0,0.0,0.0
21,61,0,0,0.0,0.0,0.0
21,62,0,0,0.0,0.0,0.0
21,63,0,0,0.0,0.0,0.0
21,64,1,0,1.25,0.0,-1.25
21,65,0,0,0.0,0.0,0.0
21,66,0,0,0.0,0.0,0.0
21,67,0,0,0.0,0.0,0.0
21,68,0,0,0.0,0.0,0.0
21,69,0,0,0.0,0.0,0.0
21,70,0,0,0.0,0.0,0.0
21,71,0,0,0.0,0.0,0.0
21,72,0,1,0.0,1.25,1.25
21,73,0,0,0.0,0.0,0.0
21,74,0,0,0.0,0.0,0.0
21,75,0,0,0.0,0.0,0.0
21,76,0,0,0.0,0.0,0.0
21,77,1,0,1.25,0.0,-1.25
21,78,0,0,0.0,0.0,0.0
21,79,2,0,2.5,0.0,-2.5
21,80,0,0,0.0,0.0,0.0
21,81,0,0,0.0,0.0,0.0
21,82,0,0,0.0,0.0,0.0
21,83,0,2,0.0,2.5,2.5
21,84,0,0,0.0,0.0,0.0
21,85,0,0,0.0,0.0,0.0
21,86,0,0,0.0,0.0,0.0
21,87,0,1,0.0,1.25,1.25
21,88,0,1,0.0,1.25,1.25
21,89,1,2,1.25,2.5,1.25
21,90,0,0,0.0,0.0,0.0
21,91,0,0,0.0,0.0,0.0
21,92,0,0,0.0,0.0,0.0
21,93,0,0,0.0,0.0,0.0
21,94,0,1,0.0,1.25,1.25
21,95,0,0,0.0,0.0,0.0
21,96,0,0,0.0,0.0,0.0
21,97,0,0,0.0,0.0,0.0
21,98,0,0,0.0,0.0,0.0
21,99,0,0,0.0,0.0,0.0
21,100,0,0,0.0,0.0,0.0
21,101,0,0,0.0,0.0,0.0
21,102,0,0,0.0,0.0,0.0
21,103,0,0,0.0,0.0,0.0
21,104,0,0,0.0,0.0,0.0
21,105,0,0,0.0,0.0,0.0
21,106,0,0,0.0,0.0,0.0
21,107,0,0,0.0,0.0,0.0
21,108,0,0,0.0,0.0,0.0
21,109,0,0,0.0,0.0,0.0
21,110,0,0,0.0,0.0,0.0
21,111,0,0,0.0,0.0,0.0
21,112,0,1,0.0,1.25,1.25
21,113,0,0,0.0,0.0,0.0
21,114,2,0,2.5,0.0,-2.5
21,115,1,0,1.25,0.0,-1.25
21,116,0,0,0.0,0.0,0.0
21,117,1,0,1.25,0.0,-1.25
21,118,0,0,0.0,0.0,0.0
21,119,0,0,0.0,0.0,0.0
21,120,0,0,0.0,0.0,0.0
21,121,0,0,0.0,0.0,0.0
21,122,0,1,0.0,1.25,1.25
21,123,0,0,0.0,0.0,0.0
21,124,0,0,0.0,0.0,0.0
21,125,0,0,0.0,0.0,0.0
21,126,0,0,0.0,0.0,0.0
21,127,0,0,0.0,0.0,0.0
21,128,0,0,0.0,0.0,0.0
21,129,0,0,0.0,0.0,0.0
21,130,0,1,0.0,1.25,1.25
21,131,0,0,0.0,0.0,0.0
21,132,0,0,0.0,0.0,0.0
21,133,0,0,0.0,0.0,0.0
21,134,0,0,0.0,0.0,0.0
22,0,1,1,1.25,1.25,0.0
22,1,2,1,2.5,1.25,-1.25
22,2,1,1,1.25,1.25,0.0
22,3,4,0,5.0,0.0,-5.0
22,4,1,3,1.25,3.75,2.5
22,5,1,3,1.25,3.75,2.5
22,6,0,0,0.0,0.0,0.0
22,7,0,2,0.0,2.5,2.5
22,8,3,0,3.75,0.0,-3.75
22,9,0,0,0.0,0.0,0.0
22,10,1,3,1.25,3.75,2.5
22,11,2,1,2.5,1.25,-1.25
22,12,1,1,1.25,1.25,0.0
22,13,0,0,0.0,0.0,0.0
22,14,0,0,0.0,0.0,0.0
22,15,1,0,1.25,0.0,-1.25
22,16,0,1,0.0,1.25,1.25
22,17,2,1,2.5,1.25,-1.25
22,18,0,0,0.0,0.0,0.0
22,19,2,3,2.5,3.75,1.25
22,20,1,4,1.25,5.0,3.75
22,21,1,2,1.25,2.5,1.25
22,22,0,0,0.0,0.0,0.0
22,23,0,0,0.0,0.0,0.0
22,24,0,2,0.0,2.5,2.5
22,25,1,1,1.25,1.25,0.0
22,26,2,0,2.5,0.0,-2.5
22,27,0,0,0.0,0.0,0.0
22,28,1,0,1.25,0.0,-1.25
22,29,0,1,0.0,1.25,1.25
22,30,1,0,1.25,0.0,-1.25
22,31,0,5,0.0,6.25,6.25
22,32,0,1,0.0,1.25,1.25
22,33,0,0,0.0,0.0,0.0
22,34,2,0,2.5,0.0,-2.5
22,35,2,1,2.5,1.25,-1.25
22,36,1,0,1.25,0.0,-1.25
22,37,0,0,0.0,0.0,0.0
22,38,2,1,2.5,1.25,-1.25
22,39,1,0,1.25,0.0,-1.25
22,40,1,0,1.25,0.0,-1.25
22,41,3,4,3.75,5.0,1.25
22,42,1,1,1.25,1.25,0.0
22,43,1,0,1.25,0.0,-1.25
22,44,1,0,1.25,0.0,-1.25
22,45,3,2,3.75,2.5,-1.25
22,46,3,3,3.75,3.75,0.0
22,47,1,0,1.25,0.0,-1.25
22,48,1,1,1.25,1.25,0.0
22,49,2,1,2.5,1.25,-1.25
22,50,0,0,0.0,0.0,0.0
22,51,0,3,0.0,3.75,3.75
22,52,1,2,1.25,2.5,1.25
22,53,0,2,0.0,2.5,2.5
22,54,0,1,0.0,1.25,1.25
22,55,2,1,2.5,1.25,-1.25
22,56,1,0,1.25,0.0,-1.25
22,57,1,0,1.25,0.0,-1.25
22,58,3,3,3.75,3.75,0.0
22,59,0,2,0.0,2.5,2.5
22,60,1,0,1.25,0.0,-1.25
22,61,0,1,0.0,1.25,1.25
22,62,0,0,0.0,0.0,0.0
22,63,3,2,3.75,2.5,-1.25
22,64,1,0,1.25,0.0,-1.25
22,65,1,0,1.25,0.0,-1.25
22,66,0,0,0.0,0.0,0.0
22,67,0,1,0.0,1.25,1.25
22,68,1,8,1.25,10.0,8.75
22,69,4,2,5.0,2.5,-2.5
22,70,1,1,1.25,1.25,0.0
22,71,3,4,3.75,5.0,1.25
22,72,2,0,2.5,0.0,-2.5
22,73,0,0,0.0,0.0,0.0
22,74,0,0,0.0,0.0,0.0
22,75,0,1,0.0,1.25,1.25
22,76,0,0,0.0,0.0,0.0
22,77,0,0,0.0,0.0,0.0
22,78,1,1,1.25,1.25,0.0
22,79,4,2,5.0,2.5,-2.5
22,80,1,1,1.25,1.25,0.0
22,81,2,2,2.5,2.5,0.0
22,82,0,0,0.0,0.0,0.0
22,83,1,1,1.25,1.25,0.0
22,84,0,1,0.0,1.25,1.25
22,85,1,1,1.25,1.25,0.0
22,86,0,0,0.0,0.0,0.0
22,87,1,0,1.25,0.0,-1.25
22,88,1,0,1.25,0.0,-1.25
22,89,1,3,1.25,3.75,2.5
22,90,0,0,0.0,0.0,0.0
22,91,0,2,0.0,2.5,2.5
22,92,1,0,1.25,0.0,-1.25
22,93,1,0,1.25,0.0,-1.25
22,94,0,1,0.0,1.25,1.25
22,95,0,1,0.0,1.25,1.25
22,96,3,0,3.75,0.0,-3.75
22,97,0,1,0.0,1.25,1.25
22,98,1,1,1.25,1.25,0.0
22,99,0,2,0.0,2.5,2.5
22,100,4,3,5.0,3.75,-1.25
22,101,3,1,3.75,1.25,-2.5
22,102,0,0,0.0,0.0,0.0
22,103,1,0,1.25,0.0,-1.25
22,104,0,0,0.0,0.0,0.0
22,105,0,0,0.0,0.0,0.0
22,106,1,3,1.25,3.75,2.5
22,107,1,1,1.25,1.25,0.0
22,108,0,0,0.0,0.0,0.0
22,109,0,1,0.0,1.25,1.25
22,110,0,2,0.0,2.5,2.5
22,111,1,3,1.25,3.75,2.5
22,112,4,1,5.0,1.25,-3.75
22,113,0,0,0.0,0.0,0.0
22,114,2,0,2.5,0.0,-2.5
22,115,0,0,0.0,0.0,0.0
22,116,0,0,0.0,0.0,0.0
22,117,1,2,1.25,2.5,1.25
22,118,0,2,0.0,2.5,2.5
22,119,1,1,1.25,1.25,0.0
22,120,2,2,2.5,2.5,0.0
22,121,0,0,0.0,0.0,0.0
22,122,1,0,1.25,0.0,-1.25
22,123,1,1,1.25,1.25,0.0
22,124,4,0,5.0,0.0,-5.0
22,125,2,1,2.5,1.25,-1.25
22,126,0,0,0.0,0.0,0.0
22,127,1,0,1.25,0.0,-1.25
22,128,0,0,0.0,0.0,0.0
22,129,0,1,0.0,1.25,1.25
22,130,0,0,0.0,0.0,0.0
22,131,0,0,0.0,0.0,0.0
22,132,0,0,0.0,0.0,0.0
22,133,0,1,0.0,1.25,1.25
22,134,1,1,1.25,1.25,0.0
23,0,0,0,0.0,0.0,0.0
23,1,0,0,0.0,0.0,0.0
23,2,0,2,0.0,2.5,2.5
23,3,0,0,0.0,0.0,0.0
23,4,1,0,1.25,0.0,-1.25
23,5,0,0,0.0,0.0,0.0
23,6,1,0,1.25,0.0,-1.25
23,7,0,0,0.0,0.0,0.0
23,8,0,0,0.0,0.0,0.0
23,9,0,1,0.0,1.25,1.25
23,10,0,0,0.0,0.0,0.0
23,11,0,0,0.0,0.0,0.0
23,12,0,0,0.0,0.0,0.0
23,13,0,0,0.0,0.0,0.0
23,14,0,1,0.0,1.25,1.25
23,15,0,0,0.0,0.0,0.0
23,16,0,0,0.0,0.0,0.0
23,17,0,0,0.0,0.0,0.0
23,18,2,0,2.5,0.0,-2.5
23,19,1,4,1.25,5.0,3.75
23,20,0,0,0.0,0.0,0.0
23,21,0,0,0.0,0.0,0.0
23,22,1,1,1.25,1.25,0.0
23,23,0,0,0.0,0.0,0.0
23,24,0,0,0.0,0.0,0.0
23,25,0,0,0.0,0.0,0.0
23,26,0,0,0.0,0.0,0.0
23,27,0,0,0.0,0.0,0.0
23,28,0,1,0.0,1.25,1.25
23,29,0,0,0.0,0.0,0.0
23,30,0,1,0.0,1.25,1.25
23,31,1,0,1.25,0.0,-1.25
23,32,0,0,0.0,0.0,0.0
23,33,0,0,0.0,0.0,0.0
23,34,1,0,1.25,0.0,-1.25
23,35,0,0,0.0,0.0,0.0
23,36,2,1,2.5,1.25,-1.25
23,37,0,0,0.0,0.0,0.0
23,38,0,0,0.0,0.0,0.0
23,39,0,0,0.0,0.0,0.0
23,40,0,0,0.0,0.0,0.0
23,41,0,0,0.0,0.0,0.0
23,42,0,0,0.0,0.0,0.0
23,43,0,1,0.0,1.25,1.25
23,44,0,1,0.0,1.25,1.25
23,45,0,0,0.0,0.0,0.0
23,46,0,0,0.0,0.0,0.0
23,47,0,0,0.0,0.0,0.0
23,48,0,0,0.0,0.0,0.0
23,49,0,1,0.0,1.25,1.25
23,50,0,0,0.0,0.0,0.0
23,51,0,0,0.0,0.0,0.0
23,52,1,0,1.25,0.0,-1.25
23,53,0,2,0.0,2.5,2.5
23,54,0,3,0.0,3.75,3.75
23,55,1,3,1.25,3.75,2.5
23,56,0,0,0.0,0.0,0.0
23,57,0,1,0.0,1.25,1.25
23,58,0,0,0.0,0.0,0.0
23,59,0,2,0.0,2.5,2.5
23,60,0,0,0.0,0.0,0.0
23,61,0,1,0.0,1.25,1.25
23,62,0,0,0.0,0.0,0.0
23,63,0,0,0.0,0.0,0.0
23,64,0,0,0.0,0.0,0.0
23,65,1,0,1.25,0.0,-1.25
23,66,0,1,0.0,1.25,1.25
23,67,0,0,0.0,0.0,0.0
23,68,0,0,0.0,0.0,0.0
23,69,0,0,0.0,0.0,0.0
23,70,0,0,0.0,0.0,0.0
23,71,0,1,0.0,1.25,1.25
23,72,1,0,1.25,0.0,-1.25
23,73,1,0,1.25,0.0,-1.25
23,74,0,0,0.0,0.0,0.0
23,75,0,0,0.0,0.0,0.0
23,76,0,0,0.0,0.0,0.0
23,77,1,0,1.25,0.0,-1.25
23,78,0,0,0.0,0.0,0.0
23,79,0,0,0.0,0.0,0.0
23,80,0,0,0.0,0.0,0.0
23,81,0,1,0.0,1.25,1.25
23,82,0,0,0.0,0.0,0.0
23,83,0,0,0.0,0.0,0.0
23,84,0,0,0.0,0.0,0.0
23,85,0,0,0.0,0.0,0.0
23,86,0,0,0.0,0.0,0.0
23,87,0,0,0.0,0.0,0.0
23,88,0,0,0.0,0.0,0.0
23,89,0,2,0.0,2.5,2.5
23,90,0,0,0.0,0.0,0.0
23,91,0,0,0.0,0.0,0.0
23,92,0,0,0.0,0.0,0.0
23,93,1,0,1.25,0.0,-1.25
23,94,0,0,0.0,0.0,0.0
23,95,0,0,0.0,0.0,0.0
23,96,0,2,0.0,2.5,2.5
23,97,0,0,0.0,0.0,0.0
23,98,0,0,0.0,0.0,0.0
23,99,0,0,0.0,0.0,0.0
23,100,1,1,1.25,1.25,0.0
23,101,0,1,0.0,1.25,1.25
23,102,0,0,0.0,0.0,0.0
23,103,0,0,0.0,0.0,0.0
23,104,0,0,0.0,0.0,0.0
23,105,0,0,0.0,0.0,0.0
23,106,0,1,0.0,1.25,1.25
23,107,0,0,0.0,0.0,0.0
23,108,0,1,0.0,1.25,1.25
23,109,0,0,0.0,0.0,0.0
23,110,0,0,0.0,0.0,0.0
23,111,0,0,0.0,0.0,0.0
23,112,1,0,1.25,0.0,-1.25
23,113,0,0,0.0,0.0,0.0
23,114,3,0,3.75,0.0,-3.75
23,115,0,0,0.0,0.0,0.0
23,116,0,0,0.0,0.0,0.0
23,117,0,0,0.0,0.0,0.0
23,118,0,0,0.0,0.0,0.0
23,119,0,1,0.0,1.25,1.25
23,120,0,0,0.0,0.0,0.0
23,121,1,0,1.25,0.0,-1.25
23,122,0,1,0.0,1.25,1.25
23,123,0,0,0.0,0.0,0.0
23,124,1,0,1.25,0.0,-1.25
23,125,0,0,0.0,0.0,0.0
23,126,0,0,0.0,0.0,0.0
23,127,1,0,1.25,0.0,-1.25
23,128,0,0,0.0,0.0,0.0
23,129,0,1,0.0,1.25,1.25
23,130,0,0,0.0,0.0,0.0
23,131,0,0,0.0,0.0,0.0
23,132,0,1,0.0,1.25,1.25
23,133,0,0,0.0,0.0,0.0
23,134,1,0,1.25,0.0,-1.25
24,0,0,1,0.0,1.25,1.25
24,1,1,0,1.25,0.0,-1.25
24,2,1,0,1.25,0.0,-1.25
24,3,0,0,0.0,0.0,0.0
24,4,0,3,0.0,3.75,3.75
24,5,1,0,1.25,0.0,-1.25
24,6,1,1,1.25,1.25,0.0
24,7,1,0,1.25,0.0,-1.25
24,8,1,1,1.25,1.25,0.0
24,9,0,0,0.0,0.0,0.0
24,10,0,0,0.0,0.0,0.0
24,11,1,0,1.25,0.0,-1.25
24,12,0,0,0.0,0.0,0.0
24,13,0,0,0.0,0.0,0.0
24,14,0,0,0.0,0.0,0.0
24,15,0,0,0.0,0.0,0.0
24,16,0,0,0.0,0.0,0.0
24,17,0,1,0.0,1.25,1.25
24,18,0,0,0.0,0.0,0.0
24,19,0,0,0.0,0.0,0.0
24,20,0,3,0.0,3.75,3.75
24,21,0,0,0.0,0.0,0.0
24,22,0,0,0.0,0.0,0.0
24,23,1,2,1.25,2.5,1.25
24,24,0,2,0.0,2.5,2.5
24,25,0,1,0.0,1.25,1.25
24,26,0,0,0.0,0.0,0.0
24,27,1,1,1.25,1.25,0.0
24,28,1,0,1.25,0.0,-1.25
24,29,2,0,2.5,0.0,-2.5
24,30,1,1,1.25,1.25,0.0
24,31,1,0,1.25,0.0,-1.25
24,32,2,0,2.5,0.0,-2.5
24,33,0,0,0.0,0.0,0.0
24,34,0,0,0.0,0.0,0.0
24,35,0,1,0.0,1.25,1.25
24,36,1,1,1.25,1.25,0.0
24,37,0,0,0.0,0.0,0.0
24,38,1,1,1.25,1.25,0.0
24,39,0,1,0.0,1.25,1.25
24,40,0,1,0.0,1.25,1.25
24,41,2,1,2.5,1.25,-1.25
24,42,0,1,0.0,1.25,1.25
24,43,0,2,0.0,2.5,2.5
24,44,1,1,1.25,1.25,0.0
24,45,0,0,0.0,0.0,0.0
24,46,0,0,0.0,0.0,0.0
24,47,0,0,0.0,0.0,0.0
24,48,0,0,0.0,0.0,0.0
24,49,2,0,2.5,0.0,-2.5
24,50,0,0,0.0,0.0,0.0
24,51,0,0,0.0,0.0,0.0
24,52,0,0,0.0,0.0,0.0
24,53,0,1,0.0,1.25,1.25
24,54,0,0,0.0,0.0,0.0
24,55,0,0,0.0,0.0,0.0
24,56,1,2,1.25,2.5,1.25
24,57,0,0,0.0,0.0,0.0
24,58,0,0,0.0,0.0,0.0
24,59,0,2,0.0,2.5,2.5
24,60,1,0,1.25,0.0,-1.25
24,61,0,0,0.0,0.0,0.0
24,62,0,1,0.0,1.25,1.25
24,63,0,2,0.0,2.5,2.5
24,64,0,0,0.0,0.0,0.0
24,65,0,1,0.0,1.25,1.25
24,66,0,0,0.0,0.0,0.0
24,67,0,0,0.0,0.0,0.0
24,68,0,3,0.0,3.75,3.75
24,69,1,2,1.25,2.5,1.25
24,70,0,2,0.0,2.5,2.5
24,71,1,1,1.25,1.25,0.0
24,72,0,1,0.0,1.25,1.25
24,73,0,0,0.0,0.0,0.0
24,74,0,0,0.0,0.0,0.0
24,75,0,2,0.0,2.5,2.5
24,76,0,1,0.0,1.25,1.25
24,77,1,1,1.25,1.25,0.0
24,78,0,0,0.0,0.0,0.0
24,79,2,0,2.5,0.0,-2.5
24,80,0,0,0.0,0.0,0.0
24,81,0,2,0.0,2.5,2.5
24,82,1,0,1.25,0.0,-1.25
24,83,0,0,0.0,0.0,0.0
24,84,0,1,0.0,1.25,1.25
24,85,0,1,0.0,1.25,1.25
24,86,1,0,1.25,0.0,-1.25
24,87,0,1,0.0,1.25,1.25
24,88,0,1,0.0,1.25,1.25
24,89,2,1,2.5,1.25,-1.25
24,90,0,0,0.0,0.0,0.0
24,91,0,0,0.0,0.0,0.0
24,92,1,0,1.25,0.0,-1.25
24,93,0,0,0.0,0.0,0.0
24,94,0,0,0.0,0.0,0.0
24,95,0,0,0.0,0.0,0.0
24,96,0,0,0.0,0.0,0.0
24,97,0,0,0.0,0.0,0.0
24,98,1,0,1.25,0.0,-1.25
24,99,0,0,0.0,0.0,0.0
24,100,0,0,0.0,0.0,0.0
24,101,1,0,1.25,0.0,-1.25
24,102,0,0,0.0,0.0,0.0
24,103,0,0,0.0,0.0,0.0
24,104,0,3,0.0,3.75,3.75
24,105,1,0,1.25,0.0,-1.25
24,106,0,0,0.0,0.0,0.0
24,107,0,1,0.0,1.25,1.25
24,108,0,0,0.0,0.0,0.0
24,109,0,1,0.0,1.25,1.25
24,110,0,0,0.0,0.0,0.0
24,111,0,0,0.0,0.0,0.0
24,112,0,0,0.0,0.0,0.0
24,113,0,0,0.0,0.0,0.0
24,114,0,0,0.0,0.0,0.0
24,115,0,1,0.0,1.25,1.25
24,116,0,1,0.0,1.25,1.25
24,117,0,0,0.0,0.0,0.0
24,118,0,1,0.0,1.25,1.25
24,119,0,0,0.0,0.0,0.0
24,120,0,0,0.0,0.0,0.0
24,121,0,0,0.0,0.0,0.0
24,122,0,0,0.0,0.0,0.0
24,123,0,0,0.0,0.0,0.0
24,124,0,0,0.0,0.0,0.0
24,125,0,0,0.0,0.0,0.0
24,126,0,2,0.0,2.5,2.5
24,127,0,0,0.0,0.0,0.0
24,128,2,0,2.5,0.0,-2.5
24,129,0,0,0.0,0.0,0.0
24,130,0,0,0.0,0.0,0.0
24,131,0,0,0.0,0.0,0.0
24,132,0,0,0.0,0.0,0.0
24,133,2,0,2.5,0.0,-2.5
24,134,0,0,0.0,0.0,0.0
25,0,1,1,1.25,1.25,0.0
25,1,0,0,0.0,0.0,0.0
25,2,0,2,0.0,2.5,2.5
25,3,2,1,2.5,1.25,-1.25
25,4,0,1,0.0,1.25,1.25
25,5,1,0,1.25,0.0,-1.25
25,6,0,0,0.0,0.0,0.0
25,7,0,1,0.0,1.25,1.25
25,8,4,0,5.0,0.0,-5.0
25,9,2,1,2.5,1.25,-1.25
25,10,1,0,1.25,0.0,-1.25
25,11,0,0,0.0,0.0,0.0
25,12,0,0,0.0,0.0,0.0
25,13,1,0,1.25,0.0,-1.25
25,14,1,2,1.25,2.5,1.25
25,15,0,3,0.0,3.75,3.75
25,16,1,1,1.25,1.25,0.0
25,17,1,2,1.25,2.5,1.25
25,18,0,2,0.0,2.5,2.5
25,19,1,0,1.25,0.0,-1.25
25,20,1,3,1.25,3.75,2.5
25,21,1,0,1.25,0.0,-1.25
25,22,1,0,1.25,0.0,-1.25
25,23,0,2,0.0,2.5,2.5
25,24,3,0,3.75,0.0,-3.75
25,25,2,1,2.5,1.25,-1.25
25,26,0,0,0.0,0.0,0.0
25,27,0,1,0.0,1.25,1.25
25,28,1,2,1.25,2.5,1.25
25,29,0,1,0.0,1.25,1.25
25,30,2,0,2.5,0.0,-2.5
25,31,0,2,0.0,2.5,2.5
25,32,3,1,3.75,1.25,-2.5
25,33,2,1,2.5,1.25,-1.25
25,34,0,2,0.0,2.5,2.5
25,35,0,3,0.0,3.75,3.75
25,36,1,0,1.25,0.0,-1.25
25,37,0,0,0.0,0.0,0.0
25,38,1,0,1.25,0.0,-1.25
25,39,1,0,1.25,0.0,-1.25
25,40,1,1,1.25,1.25,0.0
25,41,0,0,0.0,0.0,0.0
25,42,0,0,0.0,0.0,0.0
25,43,1,1,1.25,1.25,0.0
25,44,0,1,0.0,1.25,1.25
25,45,0,0,0.0,0.0,0.0
25,46,0,0,0.0,0.0,0.0
25,47,1,0,1.25,0.0,-1.25
25,48,1,0,1.25,0.0,-1.25
25,49,0,0,0.0,0.0,0.0
25,50,1,0,1.25,0.0,-1.25
25,51,2,0,2.5,0.0,-2.5
25,52,1,2,1.25,2.5,1.25
25,53,1,2,1.25,2.5,1.25
25,54,0,5,0.0,6.25,6.25
25,55,2,1,2.5,1.25,-1.25
25,56,0,3,0.0,3.75,3.75
25,57,1,1,1.25,1.25,0.0
25,58,1,3,1.25,3.75,2.5
25,59,1,2,1.25,2.5,1.25
25,60,2,0,2.5,0.0,-2.5
25,61,0,1,0.0,1.25,1.25
25,62,1,2,1.25,2.5,1.25
25,63,2,1,2.5,1.25,-1.25
25,64,1,1,1.25,1.25,0.0
25,65,1,2,1.25,2.5,1.25
25,66,2,1,2.5,1.25,-1.25
25,67,0,4,0.0,5.0,5.0
25,68,1,2,1.25,2.5,1.25
25,69,1,2,1.25,2.5,1.25
25,70,0,0,0.0,0.0,0.0
25,71,2,3,2.5,3.75,1.25
25,72,1,2,1.25,2.5,1.25
25,73,1,0,1.25,0.0,-1.25
25,74,1,0,1.25,0.0,-1.25
25,75,0,2,0.0,2.5,2.5
25,76,1,1,1.25,1.25,0.0
25,77,1,1,1.25,1.25,0.0
25,78,1,0,1.25,0.0,-1.25
25,79,1,0,1.25,0.0,-1.25
25,80,0,2,0.0,2.5,2.5
25,81,1,0,1.25,0.0,-1.25
25,82,0,1,0.0,1.25,1.25
25,83,0,1,0.0,1.25,1.25
25,84,1,1,1.25,1.25,0.0
25,85,0,1,0.0,1.25,1.25
25,86,1,1,1.25,1.25,0.0
25,87,1,3,1.25,3.75,2.5
25,88,1,1,1.25,1.25,0.0
25,89,1,1,1.25,1.25,0.0
25,90,0,0,0.0,0.0,0.0
25,91,2,1,2.5,1.25,-1.25
25,92,2,0,2.5,0.0,-2.5
25,93,2,0,2.5,0.0,-2.5
25,94,1,1,1.25,1.25,0.0
25,95,1,1,1.25,1.25,0.0
25,96,1,0,1.25,0.0,-1.25
25,97,0,0,0.0,0.0,0.0
25,98,0,0,0.0,0.0,0.0
25,99,0,0,0.0,0.0,0.0
25,100,0,1,0.0,1.25,1.25
25,101,2,0,2.5,0.0,-2.5
25,102,1,1,1.25,1.25,0.0
25,103,0,3,0.0,3.75,3.75
25,104,1,1,1.25,1.25,0.0
25,105,0,0,0.0,0.0,0.0
25,106,1,3,1.25,3.75,2.5
25,107,0,2,0.0,2.5,2.5
25,108,2,2,2.5,2.5,0.0
25,109,2,1,2.5,1.25,-1.25
25,110,1,0,1.25,0.0,-1.25
25,111,0,1,0.0,1.25,1.25
25,112,1,2,1.25,2.5,1.25
25,113,3,0,3.75,0.0,-3.75
25,114,1,0,1.25,0.0,-1.25
25,115,0,1,0.0,1.25,1.25
25,116,1,2,1.25,2.5,1.25
25,117,1,2,1.25,2.5,1.25
25,118,2,1,2.5,1.25,-1.25
25,119,1,0,1.25,0.0,-1.25
25,120,1,1,1.25,1.25,0.0
25,121,0,0,0.0,0.0,0.0
25,122,0,0,0.0,0.0,0.0
25,123,0,0,0.0,0.0,0.0
25,124,1,0,1.25,0.0,-1.25
25,125,0,1,0.0,1.25,1.25
25,126,0,2,0.0,2.5,2.5
25,127,1,0,1.25,0.0,-1.25
25,128,1,2,1.25,2.5,1.25
25,129,0,1,0.0,1.25,1.25
25,130,0,0,0.0,0.0,0.0
25,131,2,0,2.5,0.0,-2.5
25,132,0,0,0.0,0.0,0.0
25,133,1,0,1.25,0.0,-1.25
25,134,1,0,1.25,0.0,-1.25
26,0,0,0,0.0,0.0,0.0
26,1,0,0,0.0,0.0,0.0
26,2,0,0,0.0,0.0,0.0
26,3,0,0,0.0,0.0,0.0
26,4,0,0,0.0,0.0,0.0
26,5,0,0,0.0,0.0,0.0
26,6,0,0,0.0,0.0,0.0
26,7,0,0,0.0,0.0,0.0
26,8,0,0,0.0,0.0,0.0
26,9,0,0,0.0,0.0,0.0
26,10,0,0,0.0,0.0,0.0
26,11,0,1,0.0,1.25,1.25
26,12,0,0,0.0,0.0,0.0
26,13,0,0,0.0,0.0,0.0
26,14,0,0,0.0,0.0,0.0
26,15,0,0,0.0,0.0,0.0
26,16,0,0,0.0,0.0,0.0
26,17,1,0,1.25,0.0,-1.25
26,18,1,0,1.25,0.0,-1.25
26,19,0,0,0.0,0.0,0.0
26,20,0,0,0.0,0.0,0.0
26,21,0,0,0.0,0.0,0.0
26,22,0,0,0.0,0.0,0.0
26,23,0,0,0.0,0.0,0.0
26,24,0,0,0.0,0.0,0.0
26,25,1,0,1.25,0.0,-1.25
26,26,0,0,0.0,0.0,0.0
26,27,0,0,0.0,0.0,0.0
26,28,0,0,0.0,0.0,0.0
26,29,0,0,0.0,0.0,0.0
26,30,0,0,0.0,0.0,0.0
26,31,0,0,0.0,0.0,0.0
26,32,0,0,0.0,0.0,0.0
26,33,0,0,0.0,0.0,0.0
26,34,0,0,0.0,0.0,0.0
26,35,1,0,1.25,0.0,-1.25
26,36,0,0,0.0,0.0,0.0
26,37,0,0,0.0,0.0,0.0
26,38,0,0,0.0,0.0,0.0
26,39,0,0,0.0,0.0,0.0
26,40,0,0,0.0,0.0,0.0
26,41,0,0,0.0,0.0,0.0
26,42,0,0,0.0,0.0,0.0
26,43,0,0,0.0,0.0,0.0
26,44,0,0,0.0,0.0,0.0
26,45,0,0,0.0,0.0,0.0
26,46,0,0,0.0,0.0,0.0
26,47,1,0,1.25,0.0,-1.25
26,48,0,0,0.0,0.0,0.0
26,49,0,0,0.0,0.0,0.0
26,50,0,0,0.0,0.0,0.0
26,51,0,1,0.0,1.25,1.25
26,52,0,0,0.0,0.0,0.0
26,53,0,0,0.0,0.0,0.0
26,54,0,0,0.0,0.0,0.0
26,55,0,0,0.0,0.0,0.0
26,56,0,0,0.0,0.0,0.0
26,57,1,0,1.25,0.0,-1.25
26,58,0,1,0.0,1.25,1.25
26,59,0,0,0.0,0.0,0.0
26,60,0,0,0.0,0.0,0.0
26,61,0,0,0.0,0.0,0.0
26,62,0,0,0.0,0.0,0.0
26,63,0,0,0.0,0.0,0.0
26,64,1,0,1.25,0.0,-1.25
26,65,1,0,1.25,0.0,-1.25
26,66,0,0,0.0,0.0,0.0
26,67,0,0,0.0,0.0,0.0
26,68,0,0,0.0,0.0,0.0
26,69,0,0,0.0,0.0,0.0
26,70,2,0,2.5,0.0,-2.5
26,71,0,0,0.0,0.0,0.0
26,72,0,0,0.0,0.0,0.0
26,73,0,0,0.0,0.0,0.0
26,74,0,0,0.0,0.0,0.0
26,75,0,0,0.0,0.0,0.0
26,76,0,2,0.0,2.5,2.5
26,77,0,0,0.0,0.0,0.0
26,78,0,0,0.0,0.0,0.0
26,79,0,0,0.0,0.0,0.0
26,80,0,0,0.0,0.0,0.0
26,81,0,1,0.0,1.25,1.25
26,82,0,0,0.0,0.0,0.0
26,83,0,0,0.0,0.0,0.0
26,84,0,0,0.0,0.0,0.0
26,85,0,0,0.0,0.0,0.0
26,86,0,0,0.0,0.0,0.0
26,87,0,0,0.0,0.0,0.0
26,88,0,0,0.0,0.0,0.0
26,89,0,0,0.0,0.0,0.0
26,90,0,0,0.0,0.0,0.0
26,91,0,0,0.0,0.0,0.0
26,92,0,0,0.0,0.0,0.0
26,93,0,0,0.0,0.0,0.0
26,94,0,3,0.0,3.75,3.75
26,95,0,0,0.0,0.0,0.0
26,96,0,0,0.0,0.0,0.0
26,97,0,0,0.0,0.0,0.0
26,98,0,0,0.0,0.0,0.0
26,99,0,0,0.0,0.0,0.0
26,100,1,0,1.25,0.0,-1.25
26,101,0,0,0.0,0.0,0.0
26,102,2,0,2.5,0.0,-2.5
26,103,0,0,0.0,0.0,0.0
26,104,0,0,0.0,0.0,0.0
26,105,0,0,0.0,0.0,0.0
26,106,0,0,0.0,0.0,0.0
26,107,0,0,0.0,0.0,0.0
26,108,0,0,0.0,0.0,0.0
26,109,1,0,1.25,0.0,-1.25
26,110,0,0,0.0,0.0,0.0
26,111,0,0,0.0,0.0,0.0
26,112,1,0,1.25,0.0,-1.25
26,113,0,0,0.0,0.0,0.0
26,114,0,0,0.0,0.0,0.0
26,115,0,0,0.0,0.0,0.0
26,116,0,0,0.0,0.0,0.0
26,117,0,0,0.0,0.0,0.0
26,118,0,0,0.0,0.0,0.0
26,119,0,0,0.0,0.0,0.0
26,120,1,0,1.25,0.0,-1.25
26,121,1,0,1.25,0.0,-1.25
26,122,0,0,0.0,0.0,0.0
26,123,0,0,0.0,0.0,0.0
26,124,1,1,1.25,1.25,0.0
26,125,0,2,0.0,2.5,2.5
26,126,0,0,0.0,0.0,0.0
26,127,0,0,0.0,0.0,0.0
26,128,0,1,0.0,1.25,1.25
26,129,0,0,0.0,0.0,0.0
26,130,0,0,0.0,0.0,0.0
26,131,0,0,0.0,0.0,0.0
26,132,0,0,0.0,0.0,0.0
26,133,0,1,0.0,1.25,1.25
26,134,0,0,0.0,0.0,0.0
27,0,0,1,0.0,1.25,1.25
27,1,0,0,0.0,0.0,0.0
27,2,0,0,0.0,0.0,0.0
27,3,0,0,0.0,0.0,0.0
27,4,0,0,0.0,0.0,0.0
27,5,0,0,0.0,0.0,0.0
27,6,0,0,0.0,0.0,0.0
27,7,0,0,0.0,0.0,0.0
27,8,0,0,0.0,0.0,0.0
27,9,0,0,0.0,0.0,0.0
27,10,0,0,0.0,0.0,0.0
27,11,0,0,0.0,0.0,0.0
27,12,0,0,0.0,0.0,0.0
27,13,0,0,0.0,0.0,0.0
27,14,0,0,0.0,0.0,0.0
27,15,0,0,0.0,0.0,0.0
27,16,0,0,0.0,0.0,0.0
27,17,0,0,0.0,0.0,0.0
27,18,0,0,0.0,0.0,0.0
27,19,0,1,0.0,1.25,1.25
27,20,0,0,0.0,0.0,0.0
27,21,0,0,0.0,0.0,0.0
27,22,0,0,0.0,0.0,0.0
27,23,0,0,0.0,0.0,0.0
27,24,0,0,0.0,0.0,0.0
27,25,0,2,0.0,2.5,2.5
27,26,0,0,0.0,0.0,0.0
27,27,0,0,0.0,0.0,0.0
27,28,0,2,0.0,2.5,2.5
27,29,2,0,2.5,0.0,-2.5
27,30,0,0,0.0,0.0,0.0
27,31,0,2,0.0,2.5,2.5
27,32,0,0,0.0,0.0,0.0
27,33,0,1,0.0,1.25,1.25
27,34,0,0,0.0,0.0,0.0
27,35,0,2,0.0,2.5,2.5
27,36,0,0,0.0,0.0,0.0
27,37,0,0,0.0,0.0,0.0
27,38,0,0,0.0,0.0,0.0
27,39,0,0,0.0,0.0,0.0
27,40,0,0,0.0,0.0,0.0
27,41,0,0,0.0,0.0,0.0
27,42,0,0,0.0,0.0,0.0
27,43,0,1,0.0,1.25,1.25
27,44,0,1,0.0,1.25,1.25
27,45,0,0,0.0,0.0,0.0
27,46,0,0,0.0,0.0,0.0
27,47,0,0,0.0,0.0,0.0
27,48,0,0,0.0,0.0,0.0
27,49,3,0,3.75,0.0,-3.75
27,50,0,1,0.0,1.25,1.25
27,51,0,0,0.0,0.0,0.0
27,52,0,0,0.0,0.0,0.0
27,53,2,0,2.5,0.0,-2.5
27,54,1,1,1.25,1.25,0.0
27,55,1,0,1.25,0.0,-1.25
27,56,0,1,0.0,1.25,1.25
27,57,0,0,0.0,0.0,0.0
27,58,0,0,0.0,0.0,0.0
27,59,0,0,0.0,0.0,0.0
27,60,0,0,0.0,0.0,0.0
27,61,0,0,0.0,0.0,0.0
27,62,0,0,0.0,0.0,0.0
27,63,0,2,0.0,2.5,2.5
27,64,0,0,0.0,0.0,0.0
27,65,0,0,0.0,0.0,0.0
27,66,0,0,0.0,0.0,0.0
27,67,0,0,0.0,0.0,0.0
27,68,0,1,0.0,1.25,1.25
27,69,0,0,0.0,0.0,0.0
27,70,0,0,0.0,0.0,0.0
27,71,1,0,1.25,0.0,-1.25
27,72,1,0,1.25,0.0,-1.25
27,73,0,0,0.0,0.0,0.0
27,74,0,0,0.0,0.0,0.0
27,75,0,0,0.0,0.0,0.0
27,76,0,0,0.0,0.0,0.0
27,77,0,1,0.0,1.25,1.25
27,78,0,0,0.0,0.0,0.0
27,79,0,0,0.0,0.0,0.0
27,80,0,0,0.0,0.0,0.0
27,81,0,0,0.0,0.0,0.0
27,82,0,0,0.0,0.0,0.0
27,83,0,0,0.0,0.0,0.0
27,84,0,0,0.0,0.0,0.0
27,85,0,0,0.0,0.0,0.0
27,86,0,0,0.0,0.0,0.0
27,87,0,0,0.0,0.0,0.0
27,88,0,0,0.0,0.0,0.0
27,89,0,0,0.0,0.0,0.0
27,90,0,0,0.0,0.0,0.0
27,91,0,0,0.0,0.0,0.0
27,92,0,0,0.0,0.0,0.0
27,93,0,0,0.0,0.0,0.0
27,94,0,0,0.0,0.0,0.0
27,95,0,0,0.0,0.0,0.0
27,96,0,0,0.0,0.0,0.0
27,97,0,0,0.0,0.0,0.0
27,98,0,0,0.0,0.0,0.0
27,99,0,0,0.0,0.0,0.0
27,100,0,0,0.0,0.0,0.0
27,101,0,0,0.0,0.0,0.0
27,102,0,0,0.0,0.0,0.0
27,103,1,0,1.25,0.0,-1.25
27,104,0,1,0.0,1.25,1.25
27,105,0,0,0.0,0.0,0.0
27,106,0,1,0.0,1.25,1.25
27,107,0,0,0.0,0.0,0.0
27,108,0,1,0.0,1.25,1.25
27,109,0,0,0.0,0.0,0.0
27,110,0,0,0.0,0.0,0.0
27,111,0,0,0.0,0.0,0.0
27,112,0,1,0.0,1.25,1.25
27,113,0,2,0.0,2.5,2.5
27,114,0,0,0.0,0.0,0.0
27,115,0,0,0.0,0.0,0.0
27,116,0,0,0.0,0.0,0.0
27,117,0,0,0.0,0.0,0.0
27,118,1,0,1.25,0.0,-1.25
27,119,0,0,0.0,0.0,0.0
27,120,0,0,0.0,0.0,0.0
27,121,0,0,0.0,0.0,0.0
27,122,0,0,0.0,0.0,0.0
27,123,0,0,0.0,0.0,0.0
27,124,0,0,0.0,0.0,0.0
27,125,0,0,0.0,0.0,0.0
27,126,0,0,0.0,0.0,0.0
27,127,0,0,0.0,0.0,0.0
27,128,2,1,2.5,1.25,-1.25
27,129,0,0,0.0,0.0,0.0
27,130,0,0,0.0,0.0,0.0
27,131,0,0,0.0,0.0,0.0
27,132,0,0,0.0,0.0,0.0
27,133,0,0,0.0,0.0,0.0
27,134,0,0,0.0,0.0,0.0
28,0,13,20,16.25,25.0,8.75
28,1,12,8,15.0,10.0,-5.0
28,2,15,9,18.75,11.25,-7.5
28,3,10,19,12.5,23.75,11.25
28,4,9,19,11.25,23.75,12.5
28,5,11,10,13.75,12.5,-1.25
28,6,9,9,11.25,11.25,0.0
28,7,4,5,5.0,6.25,1.25
28,8,14,8,17.5,10.0,-7.5
28,9,14,8,17.5,10.0,-7.5
28,10,9,16,11.25,20.0,8.75
28,11,8,9,10.0,11.25,1.25
28,12,9,12,11.25,15.0,3.75
28,13,7,12,8.75,15.0,6.25
28,14,13,9,16.25,11.25,-5.0
28,15,13,14,16.25,17.5,1.25
28,16,11,16,13.75,20.0,6.25
28,17,10,8,12.5,10.0,-2.5
28,18,15,11,18.75,13.75,-5.0
28,19,10,7,12.5,8.75,-3.75
28,20,9,10,11.25,12.5,1.25
28,21,4,4,5.0,5.0,0.0
28,22,16,14,20.0,17.5,-2.5
28,23,9,11,11.25,13.75,2.5
28,24,9,8,11.25,10.0,-1.25
28,25,11,14,13.75,17.5,3.75
28,26,8,14,10.0,17.5,7.5
28,27,10,4,12.5,5.0,-7.5
28,28,6,13,7.5,16.25,8.75
28,29,8,11,10.0,13.75,3.75
28,30,8,13,10.0,16.25,6.25
28,31,5,8,6.25,10.0,3.75
28,32,5,9,6.25,11.25,5.0
28,33,9,9,11.25,11.25,0.0
28,34,8,9,10.0,11.25,1.25
28,35,4,8,5.0,10.0,5.0
28,36,10,7,12.5,8.75,-3.75
28,37,8,6,10.0,7.5,-2.5
28,38,13,6,16.25,7.5,-8.75
28,39,9,10,11.25,12.5,1.25
28,40,13,10,16.25,12.5,-3.75
28,41,5,5,6.25,6.25,0.0
28,42,10,6,12.5,7.5,-5.0
28,43,2,1,2.5,1.25,-1.25
28,44,5,6,6.25,7.5,1.25
28,45,6,15,7.5,18.75,11.25
28,46,8,15,10.0,18.75,8.75
28,47,8,6,10.0,7.5,-2.5
28,48,10,8,12.5,10.0,-2.5
28,49,3,3,3.75,3.75,0.0
28,50,12,9,15.0,11.25,-3.75
28,51,9,10,11.25,12.5,1.25
28,52,11,6,13.75,7.5,-6.25
28,53,7,5,8.75,6.25,-2.5
28,54,5,7,6.25,8.75,2.5
28,55,14,14,17.5,17.5,0.0
28,56,5,4,6.25,5.0,-1.25
28,57,10,10,12.5,12.5,0.0
28,58,5,8,6.25,10.0,3.75
28,59,8,17,10.0,21.25,11.25
28,60,9,13,11.25,16.25,5.0
28,61,5,2,6.25,2.5,-3.75
28,62,12,7,15.0,8.75,-6.25
28,63,8,10,10.0,12.5,2.5
28,64,11,6,13.75,7.5,-6.25
28,65,28,4,35.0,5.0,-30.0
28,66,9,13,11.25,16.25,5.0
28,67,10,9,12.5,11.25,-1.25
28,68,5,1,6.25,1.25,-5.0
28,69,5,8,6.25,10.0,3.75
28,70,6,10,7.5,12.5,5.0
28,71,8,10,10.0,12.5,2.5
28,72,10,10,12.5,12.5,0.0
28,73,13,4,16.25,5.0,-11.25
28,74,4,10,5.0,12.5,7.5
28,75,11,7,13.75,8.75,-5.0
28,76,9,1,11.25,1.25,-10.0
28,77,13,4,16.25,5.0,-11.25
28,78,13,14,16.25,17.5,1.25
28,79,7,14,8.75,17.5,8.75
28,80,16,12,20.0,15.0,-5.0
28,81,10,6,12.5,7.5,-5.0
28,82,7,6,8.75,7.5,-1.25
28,83,13,6,16.25,7.5,-8.75
28,84,9,6,11.25,7.5,-3.75
28,85,15,6,18.75,7.5,-11.25
28,86,7,12,8.75,15.0,6.25
28,87,8,4,10.0,5.0,-5.0
28,88,10,12,12.5,15.0,2.5
28,89,11,6,13.75,7.5,-6.25
28,90,6,12,7.5,15.0,7.5
28,91,7,7,8.75,8.75,0.0
28,92,8,11,10.0,13.75,3.75
28,93,12,17,15.0,21.25,6.25
28,94,6,4,7.5,5.0,-2.5
28,95,10,4,12.5,5.0,-7.5
28,96,14,5,17.5,6.25,-11.25
28,97,5,6,6.25,7.5,1.25
28,98,9,11,11.25,13.75,2.5
28,99,13,9,16.25,11.25,-5.0
28,100,9,6,11.25,7.5,-3.75
28,101,4,8,5.0,10.0,5.0
28,102,11,13,13.75,16.25,2.5
28,103,11,11,13.75,13.75,0.0
28,104,12,5,15.0,6.25,-8.75
28,105,12,11,15.0,13.75,-1.25
28,106,6,13,7.5,16.25,8.75
28,107,10,5,12.5,6.25,-6.25
28,108,6,8,7.5,10.0,2.5
28,109,9,6,11.25,7.5,-3.75
28,110,11,11,13.75,13.75,0.0
28,111,7,8,8.75,10.0,1.25
28,112,6,8,7.5,10.0,2.5
28,113,7,6,8.75,7.5,-1.25
28,114,10,11,12.5,13.75,1.25
28,115,9,16,11.25,20.0,8.75
28,116,5,9,6.25,11.25,5.0
28,117,10,3,12.5,3.75,-8.75
28,118,6,6,7.5,7.5,0.0
28,119,14,10,17.5,12.5,-5.0
28,120,9,2,11.25,2.5,-8.75
28,121,14,10,17.5,12.5,-5.0
28,122,9,8,11.25,10.0,-1.25
28,123,4,13,5.0,16.25,11.25
28,124,5,16,6.25,20.0,13.75
28,125,10,14,12.5,17.5,5.0
28,126,6,6,7.5,7.5,0.0
28,127,18,10,22.5,12.5,-10.0
28,128,4,5,5.0,6.25,1.25
28,129,9,6,11.25,7.5,-3.75
28,130,8,9,10.0,11.25,1.25
28,131,11,6,13.75,7.5,-6.25
28,132,6,6,7.5,7.5,0.0
28,133,12,9,15.0,11.25,-3.75
28,134,5,13,6.25,16.25,10.0
29,0,0,0,0.0,0.0,0.0
29,1,2,0,2.5,0.0,-2.5
29,2,0,0,0.0,0.0,0.0
29,3,0,0,0.0,0.0,0.0
29,4,0,0,0.0,0.0,0.0
29,5,0,0,0.0,0.0,0.0
29,6,0,0,0.0,0.0,0.0
29,7,0,0,0.0,0.0,0.0
29,8,0,0,0.0,0.0,0.0
29,9,0,0,0.0,0.0,0.0
29,10,0,0,0.0,0.0,0.0
29,11,0,0,0.0,0.0,0.0
29,12,0,0,0.0,0.0,0.0
29,13,0,0,0.0,0.0,0.0
29,14,0,0,0.0,0.0,0.0
29,15,0,0,0.0,0.0,0.0
29,16,0,0,0.0,0.0,0.0
29,17,0,0,0.0,0.0,0.0
29,18,0,0,0.0,0.0,0.0
29,19,0,1,0.0,1.25,1.25
29,20,0,0,0.0,0.0,0.0
29,21,0,0,0.0,0.0,0.0
29,22,0,0,0.0,0.0,0.0
29,23,0,0,0.0,0.0,0.0
29,24,0,0,0.0,0.0,0.0
29,25,0,0,0.0,0.0,0.0
29,26,0,0,0.0,0.0,0.0
29,27,0,0,0.0,0.0,0.0
29,28,0,0,0.0,0.0,0.0
29,29,0,0,0.0,0.0,0.0
29,30,0,0,0.0,0.0,0.0
29,31,0,0,0.0,0.0,0.0
29,32,0,0,0.0,0.0,0.0
29,33,0,0,0.0,0.0,0.0
29,34,0,0,0.0,0.0,0.0
29,35,0,0,0.0,0.0,0.0
29,36,1,0,1.25,0.0,-1.25
29,37,0,0,0.0,0.0,0.0
29,38,0,0,0.0,0.0,0.0
29,39,0,0,0.0,0.0,0.0
29,40,0,0,0.0,0.0,0.0
29,41,0,1,0.0,1.25,1.25
29,42,0,0,0.0,0.0,0.0
29,43,0,0,0.0,0.0,0.0
29,44,0,0,0.0,0.0,0.0
29,45,0,0,0.0,0.0,0.0
29,46,0,0,0.0,0.0,0.0
29,47,0,0,0.0,0.0,0.0
29,48,0,1,0.0,1.25,1.25
29,49,0,0,0.0,0.0,0.0
29,50,0,0,0.0,0.0,0.0
29,51,0,0,0.0,0.0,0.0
29,52,0,0,0.0,0.0,0.0
29,53,0,1,0.0,1.25,1.25
29,54,0,0,0.0,0.0,0.0
29,55,0,0,0.0,0.0,0.0
29,56,0,0,0.0,0.0,0.0
29,57,0,0,0.0,0.0,0.0
29,58,0,0,0.0,0.0,0.0
29,59,0,0,0.0,0.0,0.0
29,60,0,0,0.0,0.0,0.0
29,61,0,0,0.0,0.0,0.0
29,62,0,0,0.0,0.0,0.0
29,63,0,0,0.0,0.0,0.0
29,64,0,0,0.0,0.0,0.0
29,65,0,0,0.0,0.0,0.0
29,66,0,0,0.0,0.0,0.0
29,67,0,0,0.0,0.0,0.0
29,68,0,0,0.0,0.0,0.0
29,69,0,0,0.0,0.0,0.0
29,70,0,0,0.0,0.0,0.0
29,71,0,0,0.0,0.0,0.0
29,72,0,1,0.0,1.25,1.25
29,73,0,0,0.0,0.0,0.0
29,74,0,0,0.0,0.0,0.0
29,75,0,0,0.0,0.0,0.0
29,76,0,0,0.0,0.0,0.0
29,77,0,0,0.0,0.0,0.0
29,78,0,0,0.0,0.0,0.0
29,79,0,0,0.0,0.0,0.0
29,80,0,0,0.0,0.0,0.0
29,81,0,0,0.0,0.0,0.0
29,82,0,0,0.0,0.0,0.0
29,83,0,0,0.0,0.0,0.0
29,84,0,0,0.0,0.0,0.0
29,85,0,0,0.0,0.0,0.0
29,86,0,0,0.0,0.0,0.0
29,87,0,0,0.0,0.0,0.0
29,88,0,0,0.0,0.0,0.0
29,89,0,1,0.0,1.25,1.25
29,90,0,0,0.0,0.0,0.0
29,91,0,0,0.0,0.0,0.0
29,92,0,0,0.0,0.0,0.0
29,93,0,0,0.0,0.0,0.0
29,94,1,0,1.25,0.0,-1.25
29,95,1,0,1.25,0.0,-1.25
29,96,0,0,0.0,0.0,0.0
29,97,0,0,0.0,0.0,0.0
29,98,0,0,0.0,0.0,0.0
29,99,0,0,0.0,0.0,0.0
29,100,0,0,0.0,0.0,0.0
29,101,0,0,0.0,0.0,0.0
29,102,0,0,0.0,0.0,0.0
29,103,0,0,0.0,0.0,0.0
29,104,0,0,0.0,0.0,0.0
29,105,0,0,0.0,0.0,0.0
29,106,0,0,0.0,0.0,0.0
29,107,0,0,0.0,0.0,0.0
29,108,0,0,0.0,0.0,0.0
29,109,0,0,0.0,0.0,0.0
29,110,0,0,0.0,0.0,0.0
29,111,0,0,0.0,0.0,0.0
29,112,0,0,0.0,0.0,0.0
29,113,0,0,0.0,0.0,0.0
29,114,0,0,0.0,0.0,0.0
29,115,0,0,0.0,0.0,0.0
29,116,0,1,0.0,1.25,1.25
29,117,0,1,0.0,1.25,1.25
29,118,0,0,0.0,0.0,0.0
29,119,0,0,0.0,0.0,0.0
29,120,0,0,0.0,0.0,0.0
29,121,0,0,0.0,0.0,0.0
29,122,0,0,0.0,0.0,0.0
29,123,0,0,0.0,0.0,0.0
29,124,0,0,0.0,0.0,0.0
29,125,0,0,0.0,0.0,0.0
29,126,0,0,0.0,0.0,0.0
29,127,0,0,0.0,0.0,0.0
29,128,0,1,0.0,1.25,1.25
29,129,1,1,1.25,1.25,0.0
29,130,0,0,0.0,0.0,0.0
29,131,0,0,0.0,0.0,0.0
29,132,0,0,0.0,0.0,0.0
29,133,0,0,0.0,0.0,0.0
29,134,0,0,0.0,0.0,0.0
30,0,1,1,1.25,1.25,0.0
30,1,0,0,0.0,0.0,0.0
30,2,0,1,0.0,1.25,1.25
30,3,1,0,1.25,0.0,-1.25
30,4,0,0,0.0,0.0,0.0
30,5,0,0,0.0,0.0,0.0
30,6,0,1,0.0,1.25,1.25
30,7,0,6,0.0,7.5,7.5
30,8,1,1,1.25,1.25,0.0
30,9,1,2,1.25,2.5,1.25
30,10,0,1,0.0,1.25,1.25
30,11,1,0,1.25,0.0,-1.25
30,12,0,1,0.0,1.25,1.25
30,13,3,2,3.75,2.5,-1.25
30,14,2,0,2.5,0.0,-2.5
30,15,0,1,0.0,1.25,1.25
30,16,2,2,2.5,2.5,0.0
30,17,0,0,0.0,0.0,0.0
30,18,0,0,0.0,0.0,0.0
30,19,0,2,0.0,2.5,2.5
30,20,1,3,1.25,3.75,2.5
30,21,3,2,3.75,2.5,-1.25
30,22,0,0,0.0,0.0,0.0
30,23,0,0,0.0,0.0,0.0
30,24,1,0,1.25,0.0,-1.25
30,25,0,1,0.0,1.25,1.25
30,26,1,0,1.25,0.0,-1.25
30,27,2,0,2.5,0.0,-2.5
30,28,0,1,0.0,1.25,1.25
30,29,1,2,1.25,2.5,1.25
30,30,1,2,1.25,2.5,1.25
30,31,2,2,2.5,2.5,0.0
30,32,1,3,1.25,3.75,2.5
30,33,2,4,2.5,5.0,2.5
30,34,1,0,1.25,0.0,-1.25
30,35,3,3,3.75,3.75,0.0
30,36,4,2,5.0,2.5,-2.5
30,37,0,2,0.0,2.5,2.5
30,38,2,0,2.5,0.0,-2.5
30,39,1,0,1.25,0.0,-1.25
30,40,1,2,1.25,2.5,1.25
30,41,0,3,0.0,3.75,3.75
30,42,2,1,2.5,1.25,-1.25
30,43,0,3,0.0,3.75,3.75
30,44,1,1,1.25,1.25,0.0
30,45,1,0,1.25,0.0,-1.25
30,46,1,0,1.25,0.0,-1.25
30,47,2,0,2.5,0.0,-2.5
30,48,0,0,0.0,0.0,0.0
30,49,1,0,1.25,0.0,-1.25
30,50,1,1,1.25,1.25,0.0
30,51,1,0,1.25,0.0,-1.25
30,52,0,2,0.0,2.5,2.5
30,53,0,0,0.0,0.0,0.0
30,54,0,0,0.0,0.0,0.0
30,55,0,1,0.0,1.25,1.25
30,56,0,1,0.0,1.25,1.25
30,57,1,0,1.25,0.0,-1.25
30,58,0,0,0.0,0.0,0.0
30,59,0,2,0.0,2.5,2.5
30,60,1,5,1.25,6.25,5.0
30,61,2,2,2.5,2.5,0.0
30,62,1,2,1.25,2.5,1.25
30,63,1,0,1.25,0.0,-1.25
30,64,2,1,2.5,1.25,-1.25
30,65,0,2,0.0,2.5,2.5
30,66,3,0,3.75,0.0,-3.75
30,67,1,1,1.25,1.25,0.0
30,68,1,3,1.25,3.75,2.5
30,69,0,1,0.0,1.25,1.25
30,70,1,0,1.25,0.0,-1.25
30,71,1,1,1.25,1.25,0.0
30,72,0,0,0.0,0.0,0.0
30,73,1,0,1.25,0.0,-1.25
30,74,1,0,1.25,0.0,-1.25
30,75,0,0,0.0,0.0,0.0
30,76,1,2,1.25,2.5,1.25
30,77,2,1,2.5,1.25,-1.25
30,78,2,2,2.5,2.5,0.0
30,79,1,0,1.25,0.0,-1.25
30,80,0,2,0.0,2.5,2.5
30,81,0,0,0.0,0.0,0.0
30,82,0,0,0.0,0.0,0.0
30,83,0,1,0.0,1.25,1.25
30,84,0,0,0.0,0.0,0.0
30,85,0,0,0.0,0.0,0.0
30,86,1,0,1.25,0.0,-1.25
30,87,0,0,0.0,0.0,0.0
30,88,0,0,0.0,0.0,0.0
30,89,1,0,1.25,0.0,-1.25
30,90,1,2,1.25,2.5,1.25
30,91,0,4,0.0,5.0,5.0
30,92,0,0,0.0,0.0,0.0
30,93,0,1,0.0,1.25,1.25
30,94,0,1,0.0,1.25,1.25
30,95,0,0,0.0,0.0,0.0
30,96,1,1,1.25,1.25,0.0
30,97,0,1,0.0,1.25,1.25
30,98,0,1,0.0,1.25,1.25
30,99,1,1,1.25,1.25,0.0
30,100,0,1,0.0,1.25,1.25
30,101,1,0,1.25,0.0,-1.25
30,102,1,0,1.25,0.0,-1.25
30,103,0,0,0.0,0.0,0.0
30,104,1,0,1.25,0.0,-1.25
30,105,1,0,1.25,0.0,-1.25
30,106,0,0,0.0,0.0,0.0
30,107,0,0,0.0,0.0,0.0
30,108,0,1,0.0,1.25,1.25
30,109,1,1,1.25,1.25,0.0
30,110,0,1,0.0,1.25,1.25
30,111,0,0,0.0,0.0,0.0
30,112,1,1,1.25,1.25,0.0
30,113,1,1,1.25,1.25,0.0
30,114,4,4,5.0,5.0,0.0
30,115,2,0,2.5,0.0,-2.5
30,116,0,1,0.0,1.25,1.25
30,117,0,0,0.0,0.0,0.0
30,118,0,1,0.0,1.25,1.25
30,119,0,0,0.0,0.0,0.0
30,120,0,1,0.0,1.25,1.25
30,121,2,2,2.5,2.5,0.0
30,122,1,2,1.25,2.5,1.25
30,123,3,1,3.75,1.25,-2.5
30,124,0,1,0.0,1.25,1.25
30,125,1,1,1.25,1.25,0.0
30,126,0,1,0.0,1.25,1.25
30,127,2,2,2.5,2.5,0.0
30,128,0,2,0.0,2.5,2.5
30,129,0,1,0.0,1.25,1.25
30,130,0,0,0.0,0.0,0.0
30,131,0,1,0.0,1.25,1.25
30,132,0,1,0.0,1.25,1.25
30,133,0,1,0.0,1.25,1.25
30,134,1,0,1.25,0.0,-1.25
31,0,0,1,0.0,1.25,1.25
31,1,0,1,0.0,1.25,1.25
31,2,0,1,0.0,1.25,1.25
31,3,0,0,0.0,0.0,0.0
31,4,0,0,0.0,0.0,0.0
31,5,0,0,0.0,0.0,0.0
31,6,0,0,0.0,0.0,0.0
31,7,0,0,0.0,0.0,0.0
31,8,0,0,0.0,0.0,0.0
31,9,0,0,0.0,0.0,0.0
31,10,0,0,0.0,0.0,0.0
31,11,1,0,1.25,0.0,-1.25
31,12,0,0,0.0,0.0,0.0
31,13,0,0,0.0,0.0,0.0
31,14,0,1,0.0,1.25,1.25
31,15,0,0,0.0,0.0,0.0
31,16,0,0,0.0,0.0,0.0
31,17,1,0,1.25,0.0,-1.25
31,18,0,0,0.0,0.0,0.0
31,19,0,0,0.0,0.0,0.0
31,20,0,0,0.0,0.0,0.0
31,21,1,0,1.25,0.0,-1.25
31,22,0,0,0.0,0.0,0.0
31,23,0,0,0.0,0.0,0.0
31,24,0,0,0.0,0.0,0.0
31,25,0,0,0.0,0.0,0.0
31,26,0,1,0.0,1.25,1.25
31,27,0,0,0.0,0.0,0.0
31,28,0,0,0.0,0.0,0.0
31,29,0,0,0.0,0.0,0.0
31,30,0,0,0.0,0.0,0.0
31,31,0,0,0.0,0.0,0.0
31,32,0,0,0.0,0.0,0.0
31,33,0,1,0.0,1.25,1.25
31,34,0,0,0.0,0.0,0.0
31,35,0,0,0.0,0.0,0.0
31,36,0,0,0.0,0.0,0.0
31,37,0,0,0.0,0.0,0.0
31,38,0,1,0.0,1.25,1.25
31,39,0,0,0.0,0.0,0.0
31,40,0,0,0.0,0.0,0.0
31,41,0,0,0.0,0.0,0.0
31,42,0,0,0.0,0.0,0.0
31,43,0,0,0.0,0.0,0.0
31,44,0,0,0.0,0.0,0.0
31,45,0,0,0.0,0.0,0.0
31,46,0,1,0.0,1.25,1.25
31,47,0,0,0.0,0.0,0.0
31,48,0,0,0.0,0.0,0.0
31,49,0,0,0.0,0.0,0.0
31,50,0,0,0.0,0.0,0.0
31,51,0,1,0.0,1.25,1.25
31,52,0,0,0.0,0.0,0.0
31,53,0,2,0.0,2.5,2.5
31,54,0,1,0.0,1.25,1.25
31,55,1,1,1.25,1.25,0.0
31,56,0,0,0.0,0.0,0.0
31,57,0,0,0.0,0.0,0.0
31,58,0,0,0.0,0.0,0.0
31,59,1,1,1.25,1.25,0.0
31,60,0,0,0.0,0.0,0.0
31,61,0,0,0.0,0.0,0.0
31,62,0,0,0.0,0.0,0.0
31,63,1,0,1.25,0.0,-1.25
31,64,0,0,0.0,0.0,0.0
31,65,1,0,1.25,0.0,-1.25
31,66,1,0,1.25,0.0,-1.25
31,67,0,0,0.0,0.0,0.0
31,68,0,0,0.0,0.0,0.0
31,69,0,0,0.0,0.0,0.0
31,70,0,0,0.0,0.0,0.0
31,71,0,1,0.0,1.25,1.25
31,72,0,0,0.0,0.0,0.0
31,73,0,0,0.0,0.0,0.0
31,74,0,0,0.0,0.0,0.0
31,75,0,0,0.0,0.0,0.0
31,76,0,0,0.0,0.0,0.0
31,77,1,0,1.25,0.0,-1.25
31,78,0,0,0.0,0.0,0.0
31,79,2,0,2.5,0.0,-2.5
31,80,0,0,0.0,0.0,0.0
31,81,0,0,0.0,0.0,0.0
31,82,0,1,0.0,1.25,1.25
31,83,0,0,0.0,0.0,0.0
31,84,0,0,0.0,0.0,0.0
31,85,0,1,0.0,1.25,1.25
31,86,0,1,0.0,1.25,1.25
31,87,0,0,0.0,0.0,0.0
31,88,0,0,0.0,0.0,0.0
31,89,0,2,0.0,2.5,2.5
31,90,0,0,0.0,0.0,0.0
31,91,0,0,0.0,0.0,0.0
31,92,1,0,1.25,0.0,-1.25
31,93,0,0,0.0,0.0,0.0
31,94,0,0,0.0,0.0,0.0
31,95,0,0,0.0,0.0,0.0
31,96,0,0,0.0,0.0,0.0
31,97,0,0,0.0,0.0,0.0
31,98,0,0,0.0,0.0,0.0
31,99,0,0,0.0,0.0,0.0
31,100,0,0,0.0,0.0,0.0
31,101,0,0,0.0,0.0,0.0
31,102,0,0,0.0,0.0,0.0
31,103,0,0,0.0,0.0,0.0
31,104,0,0,0.0,0.0,0.0
31,105,0,0,0.0,0.0,0.0
31,106,0,0,0.0,0.0,0.0
31,107,0,0,0.0,0.0,0.0
31,108,0,0,0.0,0.0,0.0
31,109,0,0,0.0,0.0,0.0
31,110,0,0,0.0,0.0,0.0
31,111,1,0,1.25,0.0,-1.25
31,112,0,0,0.0,0.0,0.0
31,113,0,0,0.0,0.0,0.0
31,114,1,0,1.25,0.0,-1.25
31,115,0,0,0.0,0.0,0.0
31,116,0,2,0.0,2.5,2.5
31,117,0,0,0.0,0.0,0.0
31,118,0,0,0.0,0.0,0.0
31,119,0,0,0.0,0.0,0.0
31,120,0,0,0.0,0.0,0.0
31,121,0,0,0.0,0.0,0.0
31,122,0,0,0.0,0.0,0.0
31,123,0,0,0.0,0.0,0.0
31,124,0,0,0.0,0.0,0.0
31,125,1,0,1.25,0.0,-1.25
31,126,0,0,0.0,0.0,0.0
31,127,0,0,0.0,0.0,0.0
31,128,1,2,1.25,2.5,1.25
31,129,0,0,0.0,0.0,0.0
31,130,1,0,1.25,0.0,-1.25
31,131,0,0,0.0,0.0,0.0
31,132,0,1,0.0,1.25,1.25
31,133,0,0,0.0,0.0,0.0
31,134,0,0,0.0,0.0,0.0
32,0,3,1,3.75,1.25,-2.5
32,1,1,0,1.25,0.0,-1.25
32,2,1,0,1.25,0.0,-1.25
32,3,1,1,1.25,1.25,0.0
32,4,0,2,0.0,2.5,2.5
32,5,0,0,0.0,0.0,0.0
32,6,0,1,0.0,1.25,1.25
32,7,2,0,2.5,0.0,-2.5
32,8,0,1,0.0,1.25,1.25
32,9,1,2,1.25,2.5,1.25
32,10,1,0,1.25,0.0,-1.25
32,11,1,0,1.25,0.0,-1.25
32,12,0,0,0.0,0.0,0.0
32,13,1,1,1.25,1.25,0.0
32,14,3,1,3.75,1.25,-2.5
32,15,3,0,3.75,0.0,-3.75
32,16,1,0,1.25,0.0,-1.25
32,17,2,0,2.5,0.0,-2.5
32,18,3,1,3.75,1.25,-2.5
32,19,2,2,2.5,2.5,0.0
32,20,2,0,2.5,0.0,-2.5
32,21,2,1,2.5,1.25,-1.25
32,22,1,1,1.25,1.25,0.0
32,23,3,1,3.75,1.25,-2.5
32,24,2,1,2.5,1.25,-1.25
32,25,0,1,0.0,1.25,1.25
32,26,1,2,1.25,2.5,1.25
32,27,0,0,0.0,0.0,0.0
32,28,1,1,1.25,1.25,0.0
32,29,1,1,1.25,1.25,0.0
32,30,2,1,2.5,1.25,-1.25
32,31,0,1,0.0,1.25,1.25
32,32,1,1,1.25,1.25,0.0
32,33,1,1,1.25,1.25,0.0
32,34,0,1,0.0,1.25,1.25
32,35,1,2,1.25,2.5,1.25
32,36,0,1,0.0,1.25,1.25
32,37,0,0,0.0,0.0,0.0
32,38,0,4,0.0,5.0,5.0
32,39,0,3,0.0,3.75,3.75
32,40,1,1,1.25,1.25,0.0
32,41,0,6,0.0,7.5,7.5
32,42,2,2,2.5,2.5,0.0
32,43,1,1,1.25,1.25,0.0
32,44,1,0,1.25,0.0,-1.25
32,45,2,0,2.5,0.0,-2.5
32,46,2,0,2.5,0.0,-2.5
32,47,1,0,1.25,0.0,-1.25
32,48,1,0,1.25,0.0,-1.25
32,49,0,2,0.0,2.5,2.5
32,50,0,0,0.0,0.0,0.0
32,51,1,1,1.25,1.25,0.0
32,52,1,0,1.25,0.0,-1.25
32,53,0,0,0.0,0.0,0.0
32,54,1,1,1.25,1.25,0.0
32,55,1,3,1.25,3.75,2.5
32,56,0,2,0.0,2.5,2.5
32,57,3,0,3.75,0.0,-3.75
32,58,1,0,1.25,0.0,-1.25
32,59,1,2,1.25,2.5,1.25
32,60,2,1,2.5,1.25,-1.25
32,61,0,0,0.0,0.0,0.0
32,62,1,1,1.25,1.25,0.0
32,63,1,0,1.25,0.0,-1.25
32,64,0,0,0.0,0.0,0.0
32,65,1,1,1.25,1.25,0.0
32,66,0,0,0.0,0.0,0.0
32,67,0,0,0.0,0.0,0.0
32,68,1,0,1.25,0.0,-1.25
32,69,2,3,2.5,3.75,1.25
32,70,0,0,0.0,0.0,0.0
32,71,3,2,3.75,2.5,-1.25
32,72,1,0,1.25,0.0,-1.25
32,73,1,0,1.25,0.0,-1.25
32,74,2,1,2.5,1.25,-1.25
32,75,1,1,1.25,1.25,0.0
32,76,2,3,2.5,3.75,1.25
32,77,1,0,1.25,0.0,-1.25
32,78,1,0,1.25,0.0,-1.25
32,79,2,0,2.5,0.0,-2.5
32,80,1,0,1.25,0.0,-1.25
32,81,0,0,0.0,0.0,0.0
32,82,3,2,3.75,2.5,-1.25
32,83,0,0,0.0,0.0,0.0
32,84,1,0,1.25,0.0,-1.25
32,85,0,0,0.0,0.0,0.0
32,86,0,0,0.0,0.0,0.0
32,87,0,2,0.0,2.5,2.5
32,88,0,1,0.0,1.25,1.25
32,89,0,0,0.0,0.0,0.0
32,90,1,1,1.25,1.25,0.0
32,91,1,1,1.25,1.25,0.0
32,92,2,0,2.5,0.0,-2.5
32,93,0,1,0.0,1.25,1.25
32,94,1,3,1.25,3.75,2.5
32,95,1,1,1.25,1.25,0.0
32,96,1,0,1.25,0.0,-1.25
32,97,0,1,0.0,1.25,1.25
32,98,2,2,2.5,2.5,0.0
32,99,0,1,0.0,1.25,1.25
32,100,1,1,1.25,1.25,0.0
32,101,1,1,1.25,1.25,0.0
32,102,1,1,1.25,1.25,0.0
32,103,1,1,1.25,1.25,0.0
32,104,0,2,0.0,2.5,2.5
32,105,0,2,0.0,2.5,2.5
32,106,1,3,1.25,3.75,2.5
32,107,1,1,1.25,1.25,0.0
32,108,1,2,1.25,2.5,1.25
32,109,2,2,2.5,2.5,0.0
32,110,1,2,1.25,2.5,1.25
32,111,2,0,2.5,0.0,-2.5
32,112,2,0,2.5,0.0,-2.5
32,113,1,1,1.25,1.25,0.0
32,114,0,0,0.0,0.0,0.0
32,115,0,1,0.0,1.25,1.25
32,116,0,0,0.0,0.0,0.0
32,117,1,1,1.25,1.25,0.0
32,118,1,1,1.25,1.25,0.0
32,119,0,1,0.0,1.25,1.25
32,120,0,0,0.0,0.0,0.0
32,121,2,2,2.5,2.5,0.0
32,122,0,0,0.0,0.0,0.0
32,123,1,0,1.25,0.0,-1.25
32,124,2,2,2.5,2.5,0.0
32,125,1,1,1.25,1.25,0.0
32,126,0,1,0.0,1.25,1.25
32,127,1,2,1.25,2.5,1.25
32,128,0,1,0.0,1.25,1.25
32,129,1,1,1.25,1.25,0.0
32,130,1,0,1.25,0.0,-1.25
32,131,1,0,1.25,0.0,-1.25
32,132,0,1,0.0,1.25,1.25
32,133,1,2,1.25,2.5,1.25
32,134,1,0,1.25,0.0,-1.25
33,0,0,0,0.0,0.0,0.0
33,1,0,0,0.0,0.0,0.0
33,2,0,0,0.0,0.0,0.0
33,3,1,0,1.25,0.0,-1.25
33,4,0,0,0.0,0.0,0.0
33,5,0,0,0.0,0.0,0.0
33,6,0,0,0.0,0.0,0.0
33,7,1,0,1.25,0.0,-1.25
33,8,0,0,0.0,0.0,0.0
33,9,0,2,0.0,2.5,2.5
33,10,0,1,0.0,1.25,1.25
33,11,0,0,0.0,0.0,0.0
33,12,0,0,0.0,0.0,0.0
33,13,0,0,0.0,0.0,0.0
33,14,0,0,0.0,0.0,0.0
33,15,0,0,0.0,0.0,0.0
33,16,0,0,0.0,0.0,0.0
33,17,0,0,0.0,0.0,0.0
33,18,0,0,0.0,0.0,0.0
33,19,1,3,1.25,3.75,2.5
33,20,0,0,0.0,0.0,0.0
33,21,0,1,0.0,1.25,1.25
33,22,0,0,0.0,0.0,0.0
33,23,0,0,0.0,0.0,0.0
33,24,0,0,0.0,0.0,0.0
33,25,0,0,0.0,0.0,0.0
33,26,1,0,1.25,0.0,-1.25
33,27,1,0,1.25,0.0,-1.25
33,28,0,0,0.0,0.0,0.0
33,29,0,0,0.0,0.0,0.0
33,30,0,0,0.0,0.0,0.0
33,31,0,0,0.0,0.0,0.0
33,32,0,0,0.0,0.0,0.0
33,33,0,0,0.0,0.0,0.0
33,34,0,0,0.0,0.0,0.0
33,35,0,0,0.0,0.0,0.0
33,36,0,0,0.0,0.0,0.0
33,37,0,0,0.0,0.0,0.0
33,38,0,0,0.0,0.0,0.0
33,39,0,0,0.0,0.0,0.0
33,40,0,0,0.0,0.0,0.0
33,41,0,0,0.0,0.0,0.0
33,42,0,0,0.0,0.0,0.0
33,43,0,0,0.0,0.0,0.0
33,44,0,3,0.0,3.75,3.75
33,45,1,0,1.25,0.0,-1.25
33,46,0,0,0.0,0.0,0.0
33,47,0,0,0.0,0.0,0.0
33,48,0,1,0.0,1.25,1.25
33,49,0,0,0.0,0.0,0.0
33,50,0,0,0.0,0.0,0.0
33,51,0,0,0.0,0.0,0.0
33,52,0,0,0.0,0.0,0.0
33,53,0,1,0.0,1.25,1.25
33,54,0,1,0.0,1.25,1.25
33,55,0,0,0.0,0.0,0.0
33,56,0,1,0.0,1.25,1.25
33,57,0,0,0.0,0.0,0.0
33,58,0,0,0.0,0.0,0.0
33,59,2,0,2.5,0.0,-2.5
33,60,0,0,0.0,0.0,0.0
33,61,0,0,0.0,0.0,0.0
33,62,0,0,0.0,0.0,0.0
33,63,0,0,0.0,0.0,0.0
33,64,0,0,0.0,0.0,0.0
33,65,0,0,0.0,0.0,0.0
33,66,0,1,0.0,1.25,1.25
33,67,0,0,0.0,0.0,0.0
33,68,0,0,0.0,0.0,0.0
33,69,0,0,0.0,0.0,0.0
33,70,0,0,0.0,0.0,0.0
33,71,0,0,0.0,0.0,0.0
33,72,0,0,0.0,0.0,0.0
33,73,0,0,0.0,0.0,0.0
33,74,1,0,1.25,0.0,-1.25
33,75,0,0,0.0,0.0,0.0
33,76,0,0,0.0,0.0,0.0
33,77,0,0,0.0,0.0,0.0
33,78,0,0,0.0,0.0,0.0
33,79,0,0,0.0,0.0,0.0
33,80,0,0,0.0,0.0,0.0
33,81,0,0,0.0,0.0,0.0
33,82,0,0,0.0,0.0,0.0
33,83,0,0,0.0,0.0,0.0
33,84,0,0,0.0,0.0,0.0
33,85,0,0,0.0,0.0,0.0
33,86,0,0,0.0,0.0,0.0
33,87,0,1,0.0,1.25,1.25
33,88,0,0,0.0,0.0,0.0
33,89,0,0,0.0,0.0,0.0
33,90,0,0,0.0,0.0,0.0
33,91,0,0,0.0,0.0,0.0
33,92,0,0,0.0,0.0,0.0
33,93,0,0,0.0,0.0,0.0
33,94,0,0,0.0,0.0,0.0
33,95,0,0,0.0,0.0,0.0
33,96,0,0,0.0,0.0,0.0
33,97,0,0,0.0,0.0,0.0
33,98,0,0,0.0,0.0,0.0
33,99,0,1,0.0,1.25,1.25
33,100,0,0,0.0,0.0,0.0
33,101,0,0,0.0,0.0,0.0
33,102,0,0,0.0,0.0,0.0
33,103,0,0,0.0,0.0,0.0
33,104,0,0,0.0,0.0,0.0
33,105,0,0,0.0,0.0,0.0
33,106,1,0,1.25,0.0,-1.25
33,107,0,0,0.0,0.0,0.0
33,108,0,0,0.0,0.0,0.0
33,109,0,0,0.0,0.0,0.0
33,110,0,0,0.0,0.0,0.0
33,111,0,0,0.0,0.0,0.0
33,112,0,0,0.0,0.0,0.0
33,113,0,0,0.0,0.0,0.0
33,114,0,0,0.0,0.0,0.0
33,115,0,1,0.0,1.25,1.25
33,116,0,0,0.0,0.0,0.0
33,117,0,2,0.0,2.5,2.5
33,118,0,0,0.0,0.0,0.0
33,119,0,0,0.0,0.0,0.0
33,120,0,0,0.0,0.0,0.0
33,121,0,0,0.0,0.0,0.0
33,122,0,0,0.0,0.0,0.0
33,123,0,0,0.0,0.0,0.0
33,124,0,0,0.0,0.0,0.0
33,125,0,0,0.0,0.0,0.0
33,126,0,0,0.0,0.0,0.0
33,127,0,0,0.0,0.0,0.0
33,128,0,0,0.0,0.0,0.0
33,129,0,0,0.0,0.0,0.0
33,130,0,0,0.0,0.0,0.0
33,131,0,0,0.0,0.0,0.0
33,132,0,0,0.0,0.0,0.0
33,133,0,0,0.0,0.0,0.0
33,134,1,0,1.25,0.0,-1.25
34,0,0,0,0.0,0.0,0.0
34,1,0,0,0.0,0.0,0.0
34,2,0,0,0.0,0.0,0.0
34,3,0,0,0.0,0.0,0.0
34,4,0,0,0.0,0.0,0.0
34,5,0,0,0.0,0.0,0.0
34,6,0,0,0.0,0.0,0.0
34,7,0,0,0.0,0.0,0.0
34,8,0,0,0.0,0.0,0.0
34,9,0,0,0.0,0.0,0.0
34,10,0,0,0.0,0.0,0.0
34,11,0,0,0.0,0.0,0.0
34,12,0,0,0.0,0.0,0.0
34,13,0,1,0.0,1.25,1.25
34,14,0,0,0.0,0.0,0.0
34,15,0,0,0.0,0.0,0.0
34,16,0,0,0.0,0.0,0.0
34,17,0,0,0.0,0.0,0.0
34,18,0,0,0.0,0.0,0.0
34,19,0,0,0.0,0.0,0.0
34,20,0,0,0.0,0.0,0.0
34,21,0,0,0.0,0.0,0.0
34,22,0,0,0.0,0.0,0.0
34,23,0,0,0.0,0.0,0.0
34,24,0,0,0.0,0.0,0.0
34,25,0,0,0.0,0.0,0.0
34,26,0,1,0.0,1.25,1.25
34,27,0,0,0.0,0.0,0.0
34,28,0,2,0.0,2.5,2.5
34,29,0,0,0.0,0.0,0.0
34,30,0,0,0.0,0.0,0.0
34,31,1,0,1.25,0.0,-1.25
34,32,0,0,0.0,0.0,0.0
34,33,0,0,0.0,0.0,0.0
34,34,0,0,0.0,0.0,0.0
34,35,0,0,0.0,0.0,0.0
34,36,0,0,0.0,0.0,0.0
34,37,0,0,0.0,0.0,0.0
34,38,0,0,0.0,0.0,0.0
34,39,0,0,0.0,0.0,0.0
34,40,0,0,0.0,0.0,0.0
34,41,0,1,0.0,1.25,1.25
34,42,0,0,0.0,0.0,0.0
34,43,0,1,0.0,1.25,1.25
34,44,0,1,0.0,1.25,1.25
34,45,0,0,0.0,0.0,0.0
34,46,0,0,0.0,0.0,0.0
34,47,0,0,0.0,0.0,0.0
34,48,0,0,0.0,0.0,0.0
34,49,0,0,0.0,0.0,0.0
34,50,0,0,0.0,0.0,0.0
34,51,0,0,0.0,0.0,0.0
34,52,0,0,0.0,0.0,0.0
34,53,0,0,0.0,0.0,0.0
34,54,0,0,0.0,0.0,0.0
34,55,0,0,0.0,0.0,0.0
34,56,0,0,0.0,0.0,0.0
34,57,0,0,0.0,0.0,0.0
34,58,0,0,0.0,0.0,0.0
34,59,0,0,0.0,0.0,0.0
34,60,0,1,0.0,1.25,1.25
34,61,0,0,0.0,0.0,0.0
34,62,0,0,0.0,0.0,0.0
34,63,0,0,0.0,0.0,0.0
34,64,0,0,0.0,0.0,0.0
34,65,0,0,0.0,0.0,0.0
34,66,1,0,1.25,0.0,-1.25
34,67,0,0,0.0,0.0,0.0
34,68,0,0,0.0,0.0,0.0
34,69,0,0,0.0,0.0,0.0
34,70,0,0,0.0,0.0,0.0
34,71,0,1,0.0,1.25,1.25
34,72,0,0,0.0,0.0,0.0
34,73,0,1,0.0,1.25,1.25
34,74,0,0,0.0,0.0,0.0
34,75,0,0,0.0,0.0,0.0
34,76,0,0,0.0,0.0,0.0
34,77,0,0,0.0,0.0,0.0
34,78,0,0,0.0,0.0,0.0
34,79,0,0,0.0,0.0,0.0
34,80,0,0,0.0,0.0,0.0
34,81,1,0,1.25,0.0,-1.25
34,82,0,0,0.0,0.0,0.0
34,83,0,0,0.0,0.0,0.0
34,84,0,0,0.0,0.0,0.0
34,85,0,0,0.0,0.0,0.0
34,86,0,0,0.0,0.0,0.0
34,87,0,0,0.0,0.0,0.0
34,88,0,1,0.0,1.25,1.25
34,89,0,0,0.0,0.0,0.0
34,90,0,1,0.0,1.25,1.25
34,91,0,1,0.0,1.25,1.25
34,92,0,1,0.0,1.25,1.25
34,93,0,0,0.0,0.0,0.0
34,94,1,2,1.25,2.5,1.25
34,95,0,0,0.0,0.0,0.0
34,96,0,0,0.0,0.0,0.0
34,97,0,0,0.0,0.0,0.0
34,98,0,0,0.0,0.0,0.0
34,99,0,1,0.0,1.25,1.25
34,100,0,0,0.0,0.0,0.0
34,101,0,0,0.0,0.0,0.0
34,102,0,0,0.0,0.0,0.0
34,103,0,0,0.0,0.0,0.0
34,104,0,0,0.0,0.0,0.0
34,105,0,0,0.0,0.0,0.0
34,106,0,0,0.0,0.0,0.0
34,107,0,0,0.0,0.0,0.0
34,108,0,0,0.0,0.0,0.0
34,109,0,0,0.0,0.0,0.0
34,110,0,0,0.0,0.0,0.0
34,111,0,0,0.0,0.0,0.0
34,112,0,0,0.0,0.0,0.0
34,113,0,0,0.0,0.0,0.0
34,114,0,1,0.0,1.25,1.25
34,115,1,0,1.25,0.0,-1.25
34,116,0,0,0.0,0.0,0.0
34,117,0,0,0.0,0.0,0.0
34,118,0,0,0.0,0.0,0.0
34,119,0,0,0.0,0.0,0.0
34,120,0,0,0.0,0.0,0.0
34,121,1,0,1.25,0.0,-1.25
34,122,0,0,0.0,0.0,0.0
34,123,0,0,0.0,0.0,0.0
34,124,0,0,0.0,0.0,0.0
34,125,0,0,0.0,0.0,0.0
34,126,0,1,0.0,1.25,1.25
34,127,0,0,0.0,0.0,0.0
34,128,0,0,0.0,0.0,0.0
34,129,0,0,0.0,0.0,0.0
34,130,0,0,0.0,0.0,0.0
34,131,0,0,0.0,0.0,0.0
34,132,0,0,0.0,0.0,0.0
34,133,0,0,0.0,0.0,0.0
34,134,0,0,0.0,0.0,0.0
35,0,0,0,0.0,0.0,0.0
35,1,0,0,0.0,0.0,0.0
35,2,0,0,0.0,0.0,0.0
35,3,2,0,2.5,0.0,-2.5
35,4,0,0,0.0,0.0,0.0
35,5,0,0,0.0,0.0,0.0
35,6,0,0,0.0,0.0,0.0
35,7,0,0,0.0,0.0,0.0
35,8,0,0,0.0,0.0,0.0
35,9,0,3,0.0,3.75,3.75
35,10,0,0,0.0,0.0,0.0
35,11,0,0,0.0,0.0,0.0
35,12,0,0,0.0,0.0,0.0
35,13,0,0,0.0,0.0,0.0
35,14,0,0,0.0,0.0,0.0
35,15,0,0,0.0,0.0,0.0
35,16,0,0,0.0,0.0,0.0
35,17,0,0,0.0,0.0,0.0
35,18,0,0,0.0,0.0,0.0
35,19,3,4,3.75,5.0,1.25
35,20,0,0,0.0,0.0,0.0
35,21,0,0,0.0,0.0,0.0
35,22,0,0,0.0,0.0,0.0
35,23,0,0,0.0,0.0,0.0
35,24,0,0,0.0,0.0,0.0
35,25,0,0,0.0,0.0,0.0
35,26,0,0,0.0,0.0,0.0
35,27,1,0,1.25,0.0,-1.25
35,28,0,0,0.0,0.0,0.0
35,29,0,0,0.0,0.0,0.0
35,30,0,0,0.0,0.0,0.0
35,31,0,0,0.0,0.0,0.0
35,32,0,0,0.0,0.0,0.0
35,33,0,0,0.0,0.0,0.0
35,34,0,0,0.0,0.0,0.0
35,35,0,0,0.0,0.0,0.0
35,36,0,0,0.0,0.0,0.0
35,37,0,0,0.0,0.0,0.0
35,38,0,0,0.0,0.0,0.0
35,39,0,0,0.0,0.0,0.0
35,40,0,0,0.0,0.0,0.0
35,41,0,0,0.0,0.0,0.0
35,42,0,0,0.0,0.0,0.0
35,43,0,0,0.0,0.0,0.0
35,44,0,5,0.0,6.25,6.25
35,45,1,0,1.25,0.0,-1.25
35,46,0,0,0.0,0.0,0.0
35,47,0,0,0.0,0.0,0.0
35,48,0,0,0.0,0.0,0.0
35,49,0,0,0.0,0.0,0.0
35,50,0,0,0.0,0.0,0.0
35,51,0,0,0.0,0.0,0.0
35,52,0,0,0.0,0.0,0.0
35,53,0,0,0.0,0.0,0.0
35,54,0,0,0.0,0.0,0.0
35,55,0,0,0.0,0.0,0.0
35,56,0,1,0.0,1.25,1.25
35,57,0,0,0.0,0.0,0.0
35,58,0,0,0.0,0.0,0.0
35,59,1,0,1.25,0.0,-1.25
35,60,0,0,0.0,0.0,0.0
35,61,0,0,0.0,0.0,0.0
35,62,0,0,0.0,0.0,0.0
35,63,0,0,0.0,0.0,0.0
35,64,0,0,0.0,0.0,0.0
35,65,0,0,0.0,0.0,0.0
35,66,0,2,0.0,2.5,2.5
35,67,0,0,0.0,0.0,0.0
35,68,0,0,0.0,0.0,0.0
35,69,0,0,0.0,0.0,0.0
35,70,0,0,0.0,0.0,0.0
35,71,0,0,0.0,0.0,0.0
35,72,0,0,0.0,0.0,0.0
35,73,0,0,0.0,0.0,0.0
35,74,1,0,1.25,0.0,-1.25
35,75,0,0,0.0,0.0,0.0
35,76,0,0,0.0,0.0,0.0
35,77,0,0,0.0,0.0,0.0
35,78,0,0,0.0,0.0,0.0
35,79,0,0,0.0,0.0,0.0
35,80,0,0,0.0,0.0,0.0
35,81,0,0,0.0,0.0,0.0
35,82,0,0,0.0,0.0,0.0
35,83,0,0,0.0,0.0,0.0
35,84,0,0,0.0,0.0,0.0
35,85,0,0,0.0,0.0,0.0
35,86,0,0,0.0,0.0,0.0
35,87,0,1,0.0,1.25,1.25
35,88,0,0,0.0,0.0,0.0
35,89,0,0,0.0,0.0,0.0
35,90,0,0,0.0,0.0,0.0
35,91,0,0,0.0,0.0,0.0
35,92,0,0,0.0,0.0,0.0
35,93,0,0,0.0,0.0,0.0
35,94,0,0,0.0,0.0,0.0
35,95,0,0,0.0,0.0,0.0
35,96,0,0,0.0,0.0,0.0
35,97,0,0,0.0,0.0,0.0
35,98,0,0,0.0,0.0,0.0
35,99,0,0,0.0,0.0,0.0
35,100,0,0,0.0,0.0,0.0
35,101,0,0,0.0,0.0,0.0
35,102,0,0,0.0,0.0,0.0
35,103,0,0,0.0,0.0,0.0
35,104,0,0,0.0,0.0,0.0
35,105,0,0,0.0,0.0,0.0
35,106,1,2,1.25,2.5,1.25
35,107,0,0,0.0,0.0,0.0
35,108,0,0,0.0,0.0,0.0
35,109,0,0,0.0,0.0,0.0
35,110,0,0,0.0,0.0,0.0
35,111,0,0,0.0,0.0,0.0
35,112,0,0,0.0,0.0,0.0
35,113,0,0,0.0,0.0,0.0
35,114,0,0,0.0,0.0,0.0
35,115,0,1,0.0,1.25,1.25
35,116,0,0,0.0,0.0,0.0
35,117,0,3,0.0,3.75,3.75
35,118,0,0,0.0,0.0,0.0
35,119,0,0,0.0,0.0,0.0
35,120,0,0,0.0,0.0,0.0
35,121,0,0,0.0,0.0,0.0
35,122,0,0,0.0,0.0,0.0
35,123,0,0,0.0,0.0,0.0
35,124,0,0,0.0,0.0,0.0
35,125,0,0,0.0,0.0,0.0
35,126,0,0,0.0,0.0,0.0
35,127,0,0,0.0,0.0,0.0
35,128,0,0,0.0,0.0,0.0
35,129,0,0,0.0,0.0,0.0
35,130,0,0,0.0,0.0,0.0
35,131,0,0,0.0,0.0,0.0
35,132,0,0,0.0,0.0,0.0
35,133,0,0,0.0,0.0,0.0
35,134,0,0,0.0,0.0,0.0
36,0,0,1,0.0,1.25,1.25
36,1,0,0,0.0,0.0,0.0
36,2,0,1,0.0,1.25,1.25
36,3,0,0,0.0,0.0,0.0
36,4,0,0,0.0,0.0,0.0
36,5,0,2,0.0,2.5,2.5
36,6,0,0,0.0,0.0,0.0
36,7,0,0,0.0,0.0,0.0
36,8,0,0,0.0,0.0,0.0
36,9,0,0,0.0,0.0,0.0
36,10,1,0,1.25,0.0,-1.25
36,11,0,0,0.0,0.0,0.0
36,12,2,0,2.5,0.0,-2.5
36,13,1,0,1.25,0.0,-1.25
36,14,0,1,0.0,1.25,1.25
36,15,0,0,0.0,0.0,0.0
36,16,0,0,0.0,0.0,0.0
36,17,0,0,0.0,0.0,0.0
36,18,1,1,1.25,1.25,0.0
36,19,2,1,2.5,1.25,-1.25
36,20,0,1,0.0,1.25,1.25
36,21,0,0,0.0,0.0,0.0
36,22,0,0,0.0,0.0,0.0
36,23,0,0,0.0,0.0,0.0
36,24,0,0,0.0,0.0,0.0
36,25,2,1,2.5,1.25,-1.25
36,26,0,0,0.0,0.0,0.0
36,27,0,0,0.0,0.0,0.0
36,28,0,0,0.0,0.0,0.0
36,29,0,1,0.0,1.25,1.25
36,30,0,0,0.0,0.0,0.0
36,31,0,0,0.0,0.0,0.0
36,32,0,0,0.0,0.0,0.0
36,33,2,0,2.5,0.0,-2.5
36,34,0,0,0.0,0.0,0.0
36,35,0,0,0.0,0.0,0.0
36,36,0,0,0.0,0.0,0.0
36,37,0,0,0.0,0.0,0.0
36,38,0,0,0.0,0.0,0.0
36,39,1,0,1.25,0.0,-1.25
36,40,0,0,0.0,0.0,0.0
36,41,1,0,1.25,0.0,-1.25
36,42,0,2,0.0,2.5,2.5
36,43,0,0,0.0,0.0,0.0
36,44,0,0,0.0,0.0,0.0
36,45,0,0,0.0,0.0,0.0
36,46,1,0,1.25,0.0,-1.25
36,47,0,0,0.0,0.0,0.0
36,48,2,0,2.5,0.0,-2.5
36,49,0,0,0.0,0.0,0.0
36,50,0,1,0.0,1.25,1.25
36,51,0,0,0.0,0.0,0.0
36,52,1,0,1.25,0.0,-1.25
36,53,0,0,0.0,0.0,0.0
36,54,0,5,0.0,6.25,6.25
36,55,0,2,0.0,2.5,2.5
36,56,0,0,0.0,0.0,0.0
36,57,0,0,0.0,0.0,0.0
36,58,0,2,0.0,2.5,2.5
36,59,0,1,0.0,1.25,1.25
36,60,0,0,0.0,0.0,0.0
36,61,0,0,0.0,0.0,0.0
36,62,0,0,0.0,0.0,0.0
36,63,2,2,2.5,2.5,0.0
36,64,0,0,0.0,0.0,0.0
36,65,0,0,0.0,0.0,0.0
36,66,0,0,0.0,0.0,0.0
36,67,0,0,0.0,0.0,0.0
36,68,0,0,0.0,0.0,0.0
36,69,0,0,0.0,0.0,0.0
36,70,0,0,0.0,0.0,0.0
36,71,0,1,0.0,1.25,1.25
36,72,0,0,0.0,0.0,0.0
36,73,0,0,0.0,0.0,0.0
36,74,0,0,0.0,0.0,0.0
36,75,0,0,0.0,0.0,0.0
36,76,0,0,0.0,0.0,0.0
36,77,0,0,0.0,0.0,0.0
36,78,0,0,0.0,0.0,0.0
36,79,0,0,0.0,0.0,0.0
36,80,0,0,0.0,0.0,0.0
36,81,0,0,0.0,0.0,0.0
36,82,0,0,0.0,0.0,0.0
36,83,0,1,0.0,1.25,1.25
36,84,0,0,0.0,0.0,0.0
36,85,0,0,0.0,0.0,0.0
36,86,0,1,0.0,1.25,1.25
36,87,0,0,0.0,0.0,0.0
36,88,0,2,0.0,2.5,2.5
36,89,0,2,0.0,2.5,2.5
36,90,0,0,0.0,0.0,0.0
36,91,1,0,1.25,0.0,-1.25
36,92,0,0,0.0,0.0,0.0
36,93,0,0,0.0,0.0,0.0
36,94,0,0,0.0,0.0,0.0
36,95,0,0,0.0,0.0,0.0
36,96,0,0,0.0,0.0,0.0
36,97,0,0,0.0,0.0,0.0
36,98,0,0,0.0,0.0,0.0
36,99,0,0,0.0,0.0,0.0
36,100,0,2,0.0,2.5,2.5
36,101,0,0,0.0,0.0,0.0
36,102,0,0,0.0,0.0,0.0
36,103,1,0,1.25,0.0,-1.25
36,104,0,0,0.0,0.0,0.0
36,105,0,0,0.0,0.0,0.0
36,106,1,0,1.25,0.0,-1.25
36,107,1,0,1.25,0.0,-1.25
36,108,0,1,0.0,1.25,1.25
36,109,0,0,0.0,0.0,0.0
36,110,0,0,0.0,0.0,0.0
36,111,0,0,0.0,0.0,0.0
36,112,0,3,0.0,3.75,3.75
36,113,1,0,1.25,0.0,-1.25
36,114,0,0,0.0,0.0,0.0
36,115,0,0,0.0,0.0,0.0
36,116,0,0,0.0,0.0,0.0
36,117,0,0,0.0,0.0,0.0
36,118,0,0,0.0,0.0,0.0
36,119,0,0,0.0,0.0,0.0
36,120,0,0,0.0,0.0,0.0
36,121,1,0,1.25,0.0,-1.25
36,122,0,0,0.0,0.0,0.0
36,123,0,0,0.0,0.0,0.0
36,124,0,1,0.0,1.25,1.25
36,125,0,3,0.0,3.75,3.75
36,126,0,5,0.0,6.25,6.25
36,127,0,1,0.0,1.25,1.25
36,128,0,2,0.0,2.5,2.5
36,129,0,3,0.0,3.75,3.75
36,130,0,0,0.0,0.0,0.0
36,131,0,0,0.0,0.0,0.0
36,132,0,0,0.0,0.0,0.0
36,133,0,0,0.0,0.0,0.0
36,134,0,0,0.0,0.0,0.0
37,0,0,2,0.0,2.5,2.5
37,1,0,0,0.0,0.0,0.0
37,2,0,1,0.0,1.25,1.25
37,3,0,0,0.0,0.0,0.0
37,4,1,0,1.25,0.0,-1.25
37,5,0,0,0.0,0.0,0.0
37,6,0,0,0.0,0.0,0.0
37,7,0,0,0.0,0.0,0.0
37,8,0,0,0.0,0.0,0.0
37,9,0,0,0.0,0.0,0.0
37,10,0,0,0.0,0.0,0.0
37,11,0,2,0.0,2.5,2.5
37,12,1,0,1.25,0.0,-1.25
37,13,1,0,1.25,0.0,-1.25
37,14,0,1,0.0,1.25,1.25
37,15,0,0,0.0,0.0,0.0
37,16,0,0,0.0,0.0,0.0
37,17,1,0,1.25,0.0,-1.25
37,18,0,0,0.0,0.0,0.0
37,19,0,1,0.0,1.25,1.25
37,20,0,0,0.0,0.0,0.0
37,21,0,0,0.0,0.0,0.0
37,22,0,0,0.0,0.0,0.0
37,23,0,0,0.0,0.0,0.0
37,24,0,0,0.0,0.0,0.0
37,25,0,0,0.0,0.0,0.0
37,26,0,0,0.0,0.0,0.0
37,27,0,0,0.0,0.0,0.0
37,28,0,0,0.0,0.0,0.0
37,29,0,0,0.0,0.0,0.0
37,30,0,0,0.0,0.0,0.0
37,31,0,0,0.0,0.0,0.0
37,32,0,0,0.0,0.0,0.0
37,33,0,0,0.0,0.0,0.0
37,34,0,0,0.0,0.0,0.0
37,35,1,1,1.25,1.25,0.0
37,36,0,0,0.0,0.0,0.0
37,37,0,0,0.0,0.0,0.0
37,38,0,1,0.0,1.25,1.25
37,39,0,0,0.0,0.0,0.0
37,40,0,0,0.0,0.0,0.0
37,41,0,1,0.0,1.25,1.25
37,42,0,0,0.0,0.0,0.0
37,43,0,0,0.0,0.0,0.0
37,44,0,1,0.0,1.25,1.25
37,45,1,0,1.25,0.0,-1.25
37,46,0,0,0.0,0.0,0.0
37,47,0,1,0.0,1.25,1.25
37,48,0,0,0.0,0.0,0.0
37,49,0,0,0.0,0.0,0.0
37,50,0,0,0.0,0.0,0.0
37,51,0,0,0.0,0.0,0.0
37,52,0,0,0.0,0.0,0.0
37,53,0,0,0.0,0.0,0.0
37,54,0,1,0.0,1.25,1.25
37,55,0,1,0.0,1.25,1.25
37,56,0,0,0.0,0.0,0.0
37,57,0,0,0.0,0.0,0.0
37,58,0,1,0.0,1.25,1.25
37,59,0,1,0.0,1.25,1.25
37,60,0,0,0.0,0.0,0.0
37,61,1,0,1.25,0.0,-1.25
37,62,0,0,0.0,0.0,0.0
37,63,0,1,0.0,1.25,1.25
37,64,0,1,0.0,1.25,1.25
37,65,0,0,0.0,0.0,0.0
37,66,0,0,0.0,0.0,0.0
37,67,0,0,0.0,0.0,0.0
37,68,0,0,0.0,0.0,0.0
37,69,1,0,1.25,0.0,-1.25
37,70,0,0,0.0,0.0,0.0
37,71,0,0,0.0,0.0,0.0
37,72,0,0,0.0,0.0,0.0
37,73,0,0,0.0,0.0,0.0
37,74,1,0,1.25,0.0,-1.25
37,75,0,1,0.0,1.25,1.25
37,76,0,0,0.0,0.0,0.0
37,77,1,0,1.25,0.0,-1.25
37,78,0,0,0.0,0.0,0.0
37,79,0,0,0.0,0.0,0.0
37,80,0,0,0.0,0.0,0.0
37,81,0,0,0.0,0.0,0.0
37,82,0,0,0.0,0.0,0.0
37,83,0,0,0.0,0.0,0.0
37,84,0,0,0.0,0.0,0.0
37,85,0,0,0.0,0.0,0.0
37,86,0,0,0.0,0.0,0.0
37,87,0,0,0.0,0.0,0.0
37,88,2,0,2.5,0.0,-2.5
37,89,1,0,1.25,0.0,-1.25
37,90,2,0,2.5,0.0,-2.5
37,91,0,0,0.0,0.0,0.0
37,92,0,0,0.0,0.0,0.0
37,93,1,0,1.25,0.0,-1.25
37,94,0,2,0.0,2.5,2.5
37,95,1,0,1.25,0.0,-1.25
37,96,0,0,0.0,0.0,0.0
37,97,0,0,0.0,0.0,0.0
37,98,0,0,0.0,0.0,0.0
37,99,0,0,0.0,0.0,0.0
37,100,0,0,0.0,0.0,0.0
37,101,0,0,0.0,0.0,0.0
37,102,0,0,0.0,0.0,0.0
37,103,1,0,1.25,0.0,-1.25
37,104,0,0,0.0,0.0,0.0
37,105,0,0,0.0,0.0,0.0
37,106,0,0,0.0,0.0,0.0
37,107,0,0,0.0,0.0,0.0
37,108,0,0,0.0,0.0,0.0
37,109,0,0,0.0,0.0,0.0
37,110,0,1,0.0,1.25,1.25
37,111,0,0,0.0,0.0,0.0
37,112,0,0,0.0,0.0,0.0
37,113,1,2,1.25,2.5,1.25
37,114,1,1,1.25,1.25,0.0
37,115,0,0,0.0,0.0,0.0
37,116,0,1,0.0,1.25,1.25
37,117,0,0,0.0,0.0,0.0
37,118,0,0,0.0,0.0,0.0
37,119,0,0,0.0,0.0,0.0
37,120,0,0,0.0,0.0,0.0
37,121,0,0,0.0,0.0,0.0
37,122,0,0,0.0,0.0,0.0
37,123,0,0,0.0,0.0,0.0
37,124,0,0,0.0,0.0,0.0
37,125,0,0,0.0,0.0,0.0
37,126,0,0,0.0,0.0,0.0
37,127,0,0,0.0,0.0,0.0
37,128,0,2,0.0,2.5,2.5
37,129,0,1,0.0,1.25,1.25
37,130,0,1,0.0,1.25,1.25
37,131,0,0,0.0,0.0,0.0
37,132,0,0,0.0,0.0,0.0
37,133,0,0,0.0,0.0,0.0
37,134,0,0,0.0,0.0,0.0
38,0,0,0,0.0,0.0,0.0
38,1,0,0,0.0,0.0,0.0
38,2,0,0,0.0,0.0,0.0
38,3,0,0,0.0,0.0,0.0
38,4,0,0,0.0,0.0,0.0
38,5,0,0,0.0,0.0,0.0
38,6,0,0,0.0,0.0,0.0
38,7,0,0,0.0,0.0,0.0
38,8,0,0,0.0,0.0,0.0
38,9,0,0,0.0,0.0,0.0
38,10,0,0,0.0,0.0,0.0
38,11,0,0,0.0,0.0,0.0
38,12,0,0,0.0,0.0,0.0
38,13,0,0,0.0,0.0,0.0
38,14,0,1,0.0,1.25,1.25
38,15,0,0,0.0,0.0,0.0
38,16,0,0,0.0,0.0,0.0
38,17,0,0,0.0,0.0,0.0
38,18,0,0,0.0,0.0,0.0
38,19,0,0,0.0,0.0,0.0
38,20,0,0,0.0,0.0,0.0
38,21,0,0,0.0,0.0,0.0
38,22,0,0,0.0,0.0,0.0
38,23,0,0,0.0,0.0,0.0
38,24,0,0,0.0,0.0,0.0
38,25,0,0,0.0,0.0,0.0
38,26,1,0,1.25,0.0,-1.25
38,27,0,0,0.0,0.0,0.0
38,28,0,0,0.0,0.0,0.0
38,29,0,0,0.0,0.0,0.0
38,30,0,0,0.0,0.0,0.0
38,31,0,0,0.0,0.0,0.0
38,32,0,0,0.0,0.0,0.0
38,33,0,0,0.0,0.0,0.0
38,34,0,0,0.0,0.0,0.0
38,35,0,0,0.0,0.0,0.0
38,36,0,0,0.0,0.0,0.0
38,37,0,0,0.0,0.0,0.0
38,38,0,0,0.0,0.0,0.0
38,39,0,1,0.0,1.25,1.25
38,40,0,0,0.0,0.0,0.0
38,41,0,0,0.0,0.0,0.0
38,42,0,0,0.0,0.0,0.0
38,43,0,0,0.0,0.0,0.0
38,44,0,0,0.0,0.0,0.0
38,45,0,0,0.0,0.0,0.0
38,46,0,0,0.0,0.0,0.0
38,47,0,0,0.0,0.0,0.0
38,48,0,0,0.0,0.0,0.0
38,49,0,0,0.0,0.0,0.0
38,50,0,0,0.0,0.0,0.0
38,51,0,0,0.0,0.0,0.0
38,52,0,0,0.0,0.0,0.0
38,53,0,1,0.0,1.25,1.25
38,54,0,0,0.0,0.0,0.0
38,55,0,2,0.0,2.5,2.5
38,56,0,0,0.0,0.0,0.0
38,57,0,0,0.0,0.0,0.0
38,58,0,0,0.0,0.0,0.0
38,59,0,0,0.0,0.0,0.0
38,60,0,0,0.0,0.0,0.0
38,61,0,0,0.0,0.0,0.0
38,62,0,0,0.0,0.0,0.0
38,63,1,0,1.25,0.0,-1.25
38,64,0,0,0.0,0.0,0.0
38,65,0,0,0.0,0.0,0.0
38,66,0,0,0.0,0.0,0.0
38,67,0,0,0.0,0.0,0.0
38,68,0,0,0.0,0.0,0.0
38,69,0,0,0.0,0.0,0.0
38,70,0,0,0.0,0.0,0.0
38,71,0,0,0.0,0.0,0.0
38,72,0,0,0.0,0.0,0.0
38,73,0,0,0.0,0.0,0.0
38,74,0,0,0.0,0.0,0.0
38,75,0,0,0.0,0.0,0.0
38,76,0,0,0.0,0.0,0.0
38,77,0,0,0.0,0.0,0.0
38,78,0,0,0.0,0.0,0.0
38,79,0,0,0.0,0.0,0.0
38,80,0,0,0.0,0.0,0.0
38,81,0,0,0.0,0.0,0.0
38,82,0,0,0.0,0.0,0.0
38,83,0,0,0.0,0.0,0.0
38,84,0,0,0.0,0.0,0.0
38,85,0,0,0.0,0.0,0.0
38,86,0,0,0.0,0.0,0.0
38,87,0,0,0.0,0.0,0.0
38,88,0,0,0.0,0.0,0.0
38,89,0,0,0.0,0.0,0.0
38,90,0,0,0.0,0.0,0.0
38,91,0,0,0.0,0.0,0.0
38,92,0,0,0.0,0.0,0.0
38,93,0,0,0.0,0.0,0.0
38,94,0,0,0.0,0.0,0.0
38,95,0,0,0.0,0.0,0.0
38,96,0,0,0.0,0.0,0.0
38,97,0,0,0.0,0.0,0.0
38,98,0,0,0.0,0.0,0.0
38,99,0,0,0.0,0.0,0.0
38,100,0,0,0.0,0.0,0.0
38,101,0,0,0.0,0.0,0.0
38,102,0,0,0.0,0.0,0.0
38,103,0,0,0.0,0.0,0.0
38,104,0,0,0.0,0.0,0.0
38,105,0,0,0.0,0.0,0.0
38,106,0,0,0.0,0.0,0.0
38,107,0,0,0.0,0.0,0.0
38,108,0,0,0.0,0.0,0.0
38,109,0,0,0.0,0.0,0.0
38,110,0,0,0.0,0.0,0.0
38,111,0,0,0.0,0.0,0.0
38,112,0,0,0.0,0.0,0.0
38,113,0,0,0.0,0.0,0.0
38,114,0,0,0.0,0.0,0.0
38,115,0,0,0.0,0.0,0.0
38,116,0,0,0.0,0.0,0.0
38,117,0,0,0.0,0.0,0.0
38,118,0,0,0.0,0.0,0.0
38,119,0,0,0.0,0.0,0.0
38,120,0,0,0.0,0.0,0.0
38,121,0,0,0.0,0.0,0.0
38,122,0,0,0.0,0.0,0.0
38,123,0,0,0.0,0.0,0.0
38,124,0,0,0.0,0.0,0.0
38,125,0,0,0.0,0.0,0.0
38,126,0,0,0.0,0.0,0.0
38,127,0,0,0.0,0.0,0.0
38,128,0,0,0.0,0.0,0.0
38,129,0,0,0.0,0.0,0.0
38,130,0,0,0.0,0.0,0.0
38,131,0,0,0.0,0.0,0.0
38,132,0,0,0.0,0.0,0.0
38,133,0,0,0.0,0.0,0.0
38,134,0,0,0.0,0.0,0.0
39,0,0,0,0.0,0.0,0.0
39,1,0,0,0.0,0.0,0.0
39,2,0,0,0.0,0.0,0.0
39,3,0,0,0.0,0.0,0.0
39,4,0,0,0.0,0.0,0.0
39,5,0,0,0.0,0.0,0.0
39,6,0,0,0.0,0.0,0.0
39,7,0,0,0.0,0.0,0.0
39,8,0,0,0.0,0.0,0.0
39,9,0,0,0.0,0.0,0.0
39,10,0,0,0.0,0.0,0.0
39,11,0,0,0.0,0.0,0.0
39,12,0,0,0.0,0.0,0.0
39,13,0,0,0.0,0.0,0.0
39,14,0,1,0.0,1.25,1.25
39,15,0,0,0.0,0.0,0.0
39,16,0,0,0.0,0.0,0.0
39,17,0,0,0.0,0.0,0.0
39,18,0,0,0.0,0.0,0.0
39,19,0,0,0.0,0.0,0.0
39,20,0,0,0.0,0.0,0.0
39,21,1,0,1.25,0.0,-1.25
39,22,0,0,0.0,0.0,0.0
39,23,0,0,0.0,0.0,0.0
39,24,0,0,0.0,0.0,0.0
39,25,0,0,0.0,0.0,0.0
39,26,0,0,0.0,0.0,0.0
39,27,0,0,0.0,0.0,0.0
39,28,0,0,0.0,0.0,0.0
39,29,0,0,0.0,0.0,0.0
39,30,0,0,0.0,0.0,0.0
39,31,0,0,0.0,0.0,0.0
39,32,0,0,0.0,0.0,0.0
39,33,0,0,0.0,0.0,0.0
39,34,0,0,0.0,0.0,0.0
39,35,0,0,0.0,0.0,0.0
39,36,0,0,0.0,0.0,0.0
39,37,0,0,0.0,0.0,0.0
39,38,0,0,0.0,0.0,0.0
39,39,0,0,0.0,0.0,0.0
39,40,0,0,0.0,0.0,0.0
39,41,0,0,0.0,0.0,0.0
39,42,0,0,0.0,0.0,0.0
39,43,0,0,0.0,0.0,0.0
39,44,0,0,0.0,0.0,0.0
39,45,0,0,0.0,0.0,0.0
39,46,0,1,0.0,1.25,1.25
39,47,0,0,0.0,0.0,0.0
39,48,0,0,0.0,0.0,0.0
39,49,0,0,0.0,0.0,0.0
39,50,0,0,0.0,0.0,0.0
39,51,0,0,0.0,0.0,0.0
39,52,0,0,0.0,0.0,0.0
39,53,0,0,0.0,0.0,0.0
39,54,0,2,0.0,2.5,2.5
39,55,0,0,0.0,0.0,0.0
39,56,0,0,0.0,0.0,0.0
39,57,0,0,0.0,0.0,0.0
39,58,0,1,0.0,1.25,1.25
39,59,0,0,0.0,0.0,0.0
39,60,0,0,0.0,0.0,0.0
39,61,0,1,0.0,1.25,1.25
39,62,0,0,0.0,0.0,0.0
39,63,0,1,0.0,1.25,1.25
39,64,0,0,0.0,0.0,0.0
39,65,0,0,0.0,0.0,0.0
39,66,0,0,0.0,0.0,0.0
39,67,0,0,0.0,0.0,0.0
39,68,0,0,0.0,0.0,0.0
39,69,0,0,0.0,0.0,0.0
39,70,0,0,0.0,0.0,0.0
39,71,0,0,0.0,0.0,0.0
39,72,0,0,0.0,0.0,0.0
39,73,0,0,0.0,0.0,0.0
39,74,0,0,0.0,0.0,0.0
39,75,0,0,0.0,0.0,0.0
39,76,0,0,0.0,0.0,0.0
39,77,0,0,0.0,0.0,0.0
39,78,0,0,0.0,0.0,0.0
39,79,1,0,1.25,0.0,-1.25
39,80,0,0,0.0,0.0,0.0
39,81,0,0,0.0,0.0,0.0
39,82,0,0,0.0,0.0,0.0
39,83,0,0,0.0,0.0,0.0
39,84,0,0,0.0,0.0,0.0
39,85,0,0,0.0,0.0,0.0
39,86,0,1,0.0,1.25,1.25
39,87,0,0,0.0,0.0,0.0
39,88,0,0,0.0,0.0,0.0
39,89,0,0,0.0,0.0,0.0
39,90,0,0,0.0,0.0,0.0
39,91,0,0,0.0,0.0,0.0
39,92,0,0,0.0,0.0,0.0
39,93,0,0,0.0,0.0,0.0
39,94,0,0,0.0,0.0,0.0
39,95,1,0,1.25,0.0,-1.25
39,96,0,0,0.0,0.0,0.0
39,97,0,0,0.0,0.0,0.0
39,98,0,0,0.0,0.0,0.0
39,99,0,0,0.0,0.0,0.0
39,100,0,0,0.0,0.0,0.0
39,101,0,0,0.0,0.0,0.0
39,102,0,0,0.0,0.0,0.0
39,103,0,0,0.0,0.0,0.0
39,104,0,0,0.0,0.0,0.0
39,105,0,0,0.0,0.0,0.0
39,106,0,0,0.0,0.0,0.0
39,107,0,0,0.0,0.0,0.0
39,108,0,1,0.0,1.25,1.25
39,109,0,1,0.0,1.25,1.25
39,110,0,0,0.0,0.0,0.0
39,111,0,0,0.0,0.0,0.0
39,112,1,1,1.25,1.25,0.0
39,113,0,0,0.0,0.0,0.0
39,114,4,0,5.0,0.0,-5.0
39,115,0,0,0.0,0.0,0.0
39,116,0,0,0.0,0.0,0.0
39,117,0,0,0.0,0.0,0.0
39,118,0,0,0.0,0.0,0.0
39,119,0,0,0.0,0.0,0.0
39,120,0,0,0.0,0.0,0.0
39,121,0,0,0.0,0.0,0.0
39,122,0,0,0.0,0.0,0.0
39,123,0,0,0.0,0.0,0.0
39,124,0,0,0.0,0.0,0.0
39,125,0,0,0.0,0.0,0.0
39,126,0,0,0.0,0.0,0.0
39,127,0,0,0.0,0.0,0.0
39,128,0,0,0.0,0.0,0.0
39,129,0,0,0.0,0.0,0.0
39,130,0,0,0.0,0.0,0.0
39,131,0,0,0.0,0.0,0.0
39,132,0,0,0.0,0.0,0.0
39,133,0,0,0.0,0.0,0.0
39,134,0,0,0.0,0.0,0.0
40,0,1,1,1.25,1.25,0.0
40,1,2,1,2.5,1.25,-1.25
40,2,0,4,0.0,5.0,5.0
40,3,1,2,1.25,2.5,1.25
40,4,2,1,2.5,1.25,-1.25
40,5,2,2,2.5,2.5,0.0
40,6,1,0,1.25,0.0,-1.25
40,7,1,2,1.25,2.5,1.25
40,8,0,1,0.0,1.25,1.25
40,9,3,1,3.75,1.25,-2.5
40,10,1,3,1.25,3.75,2.5
40,11,1,0,1.25,0.0,-1.25
40,12,0,1,0.0,1.25,1.25
40,13,3,0,3.75,0.0,-3.75
40,14,1,2,1.25,2.5,1.25
40,15,1,0,1.25,0.0,-1.25
40,16,1,0,1.25,0.0,-1.25
40,17,1,0,1.25,0.0,-1.25
40,18,0,2,0.0,2.5,2.5
40,19,3,1,3.75,1.25,-2.5
40,20,2,2,2.5,2.5,0.0
40,21,0,2,0.0,2.5,2.5
40,22,0,5,0.0,6.25,6.25
40,23,0,0,0.0,0.0,0.0
40,24,2,1,2.5,1.25,-1.25
40,25,0,0,0.0,0.0,0.0
40,26,0,0,0.0,0.0,0.0
40,27,1,2,1.25,2.5,1.25
40,28,0,2,0.0,2.5,2.5
40,29,1,2,1.25,2.5,1.25
40,30,1,0,1.25,0.0,-1.25
40,31,1,0,1.25,0.0,-1.25
40,32,0,2,0.0,2.5,2.5
40,33,1,1,1.25,1.25,0.0
40,34,2,1,2.5,1.25,-1.25
40,35,0,4,0.0,5.0,5.0
40,36,1,1,1.25,1.25,0.0
40,37,0,1,0.0,1.25,1.25
40,38,4,4,5.0,5.0,0.0
40,39,1,0,1.25,0.0,-1.25
40,40,1,0,1.25,0.0,-1.25
40,41,3,0,3.75,0.0,-3.75
40,42,1,1,1.25,1.25,0.0
40,43,0,0,0.0,0.0,0.0
40,44,0,0,0.0,0.0,0.0
40,45,1,1,1.25,1.25,0.0
40,46,0,3,0.0,3.75,3.75
40,47,0,0,0.0,0.0,0.0
40,48,1,2,1.25,2.5,1.25
40,49,0,0,0.0,0.0,0.0
40,50,1,2,1.25,2.5,1.25
40,51,4,0,5.0,0.0,-5.0
40,52,1,1,1.25,1.25,0.0
40,53,1,0,1.25,0.0,-1.25
40,54,0,3,0.0,3.75,3.75
40,55,3,4,3.75,5.0,1.25
40,56,3,0,3.75,0.0,-3.75
40,57,1,0,1.25,0.0,-1.25
40,58,2,2,2.5,2.5,0.0
40,59,2,2,2.5,2.5,0.0
40,60,1,1,1.25,1.25,0.0
40,61,0,0,0.0,0.0,0.0
40,62,0,0,0.0,0.0,0.0
40,63,3,3,3.75,3.75,0.0
40,64,3,2,3.75,2.5,-1.25
40,65,2,2,2.5,2.5,0.0
40,66,0,0,0.0,0.0,0.0
40,67,0,0,0.0,0.0,0.0
40,68,0,1,0.0,1.25,1.25
40,69,1,1,1.25,1.25,0.0
40,70,1,0,1.25,0.0,-1.25
40,71,0,1,0.0,1.25,1.25
40,72,1,3,1.25,3.75,2.5
40,73,0,1,0.0,1.25,1.25
40,74,0,1,0.0,1.25,1.25
40,75,0,0,0.0,0.0,0.0
40,76,3,1,3.75,1.25,-2.5
40,77,1,1,1.25,1.25,0.0
40,78,0,2,0.0,2.5,2.5
40,79,0,0,0.0,0.0,0.0
40,80,2,1,2.5,1.25,-1.25
40,81,0,0,0.0,0.0,0.0
40,82,3,3,3.75,3.75,0.0
40,83,0,1,0.0,1.25,1.25
40,84,2,3,2.5,3.75,1.25
40,85,1,0,1.25,0.0,-1.25
40,86,0,0,0.0,0.0,0.0
40,87,0,1,0.0,1.25,1.25
40,88,0,0,0.0,0.0,0.0
40,89,0,2,0.0,2.5,2.5
40,90,2,2,2.5,2.5,0.0
40,91,0,0,0.0,0.0,0.0
40,92,2,0,2.5,0.0,-2.5
40,93,0,0,0.0,0.0,0.0
40,94,3,1,3.75,1.25,-2.5
40,95,1,0,1.25,0.0,-1.25
40,96,3,0,3.75,0.0,-3.75
40,97,3,0,3.75,0.0,-3.75
40,98,2,3,2.5,3.75,1.25
40,99,3,2,3.75,2.5,-1.25
40,100,3,2,3.75,2.5,-1.25
40,101,0,1,0.0,1.25,1.25
40,102,1,1,1.25,1.25,0.0
40,103,0,1,0.0,1.25,1.25
40,104,1,0,1.25,0.0,-1.25
40,105,1,0,1.25,0.0,-1.25
40,106,1,0,1.25,0.0,-1.25
40,107,0,0,0.0,0.0,0.0
40,108,0,1,0.0,1.25,1.25
40,109,0,2,0.0,2.5,2.5
40,110,0,2,0.0,2.5,2.5
40,111,2,1,2.5,1.25,-1.25
40,112,2,2,2.5,2.5,0.0
40,113,2,1,2.5,1.25,-1.25
40,114,0,1,0.0,1.25,1.25
40,115,0,0,0.0,0.0,0.0
40,116,0,1,0.0,1.25,1.25
40,117,4,2,5.0,2.5,-2.5
40,118,3,0,3.75,0.0,-3.75
40,119,0,1,0.0,1.25,1.25
40,120,3,0,3.75,0.0,-3.75
40,121,2,0,2.5,0.0,-2.5
40,122,0,2,0.0,2.5,2.5
40,123,0,1,0.0,1.25,1.25
40,124,3,1,3.75,1.25,-2.5
40,125,2,2,2.5,2.5,0.0
40,126,0,1,0.0,1.25,1.25
40,127,1,0,1.25,0.0,-1.25
40,128,1,1,1.25,1.25,0.0
40,129,0,1,0.0,1.25,1.25
40,130,0,1,0.0,1.25,1.25
40,131,1,1,1.25,1.25,0.0
40,132,0,1,0.0,1.25,1.25
40,133,2,1,2.5,1.25,-1.25
40,134,3,0,3.75,0.0,-3.75
41,0,0,0,0.0,0.0,0.0
41,1,0,0,0.0,0.0,0.0
41,2,0,0,0.0,0.0,0.0
41,3,0,0,0.0,0.0,0.0
41,4,0,0,0.0,0.0,0.0
41,5,0,0,0.0,0.0,0.0
41,6,0,0,0.0,0.0,0.0
41,7,0,1,0.0,1.25,1.25
41,8,0,0,0.0,0.0,0.0
41,9,0,1,0.0,1.25,1.25
41,10,1,0,1.25,0.0,-1.25
41,11,0,0,0.0,0.0,0.0
41,12,0,0,0.0,0.0,0.0
41,13,0,0,0.0,0.0,0.0
41,14,0,0,0.0,0.0,0.0
41,15,0,0,0.0,0.0,0.0
41,16,0,0,0.0,0.0,0.0
41,17,0,0,0.0,0.0,0.0
41,18,0,0,0.0,0.0,0.0
41,19,0,0,0.0,0.0,0.0
41,20,0,0,0.0,0.0,0.0
41,21,0,0,0.0,0.0,0.0
41,22,0,0,0.0,0.0,0.0
41,23,1,0,1.25,0.0,-1.25
41,24,0,0,0.0,0.0,0.0
41,25,0,0,0.0,0.0,0.0
41,26,0,0,0.0,0.0,0.0
41,27,0,0,0.0,0.0,0.0
41,28,0,0,0.0,0.0,0.0
41,29,0,0,0.0,0.0,0.0
41,30,0,0,0.0,0.0,0.0
41,31,0,0,0.0,0.0,0.0
41,32,0,0,0.0,0.0,0.0
41,33,0,0,0.0,0.0,0.0
41,34,0,0,0.0,0.0,0.0
41,35,0,0,0.0,0.0,0.0
41,36,0,0,0.0,0.0,0.0
41,37,0,0,0.0,0.0,0.0
41,38,0,0,0.0,0.0,0.0
41,39,0,0,0.0,0.0,0.0
41,40,0,0,0.0,0.0,0.0
41,41,0,0,0.0,0.0,0.0
41,42,0,0,0.0,0.0,0.0
41,43,0,0,0.0,0.0,0.0
41,44,0,0,0.0,0.0,0.0
41,45,0,0,0.0,0.0,0.0
41,46,0,0,0.0,0.0,0.0
41,47,0,0,0.0,0.0,0.0
41,48,0,0,0.0,0.0,0.0
41,49,0,0,0.0,0.0,0.0
41,50,0,0,0.0,0.0,0.0
41,51,0,0,0.0,0.0,0.0
41,52,0,0,0.0,0.0,0.0
41,53,0,0,0.0,0.0,0.0
41,54,1,1,1.25,1.25,0.0
41,55,1,0,1.25,0.0,-1.25
41,56,0,0,0.0,0.0,0.0
41,57,0,0,0.0,0.0,0.0
41,58,0,0,0.0,0.0,0.0
41,59,0,0,0.0,0.0,0.0
41,60,0,0,0.0,0.0,0.0
41,61,0,0,0.0,0.0,0.0
41,62,0,0,0.0,0.0,0.0
41,63,0,0,0.0,0.0,0.0
41,64,0,2,0.0,2.5,2.5
41,65,0,2,0.0,2.5,2.5
41,66,0,0,0.0,0.0,0.0
41,67,0,0,0.0,0.0,0.0
41,68,0,0,0.0,0.0,0.0
41,69,0,0,0.0,0.0,0.0
41,70,0,0,0.0,0.0,0.0
41,71,0,0,0.0,0.0,0.0
41,72,0,0,0.0,0.0,0.0
41,73,0,1,0.0,1.25,1.25
41,74,0,0,0.0,0.0,0.0
41,75,0,0,0.0,0.0,0.0
41,76,0,0,0.0,0.0,0.0
41,77,0,2,0.0,2.5,2.5
41,78,0,0,0.0,0.0,0.0
41,79,0,0,0.0,0.0,0.0
41,80,0,0,0.0,0.0,0.0
41,81,0,0,0.0,0.0,0.0
41,82,0,0,0.0,0.0,0.0
41,83,0,0,0.0,0.0,0.0
41,84,0,1,0.0,1.25,1.25
41,85,0,0,0.0,0.0,0.0
41,86,0,0,0.0,0.0,0.0
41,87,0,0,0.0,0.0,0.0
41,88,0,1,0.0,1.25,1.25
41,89,0,0,0.0,0.0,0.0
41,90,0,0,0.0,0.0,0.0
41,91,0,0,0.0,0.0,0.0
41,92,0,0,0.0,0.0,0.0
41,93,0,0,0.0,0.0,0.0
41,94,0,0,0.0,0.0,0.0
41,95,0,0,0.0,0.0,0.0
41,96,0,1,0.0,1.25,1.25
41,97,0,0,0.0,0.0,0.0
41,98,0,0,0.0,0.0,0.0
41,99,0,0,0.0,0.0,0.0
41,100,0,0,0.0,0.0,0.0
41,101,0,0,0.0,0.0,0.0
41,102,0,0,0.0,0.0,0.0
41,103,0,0,0.0,0.0,0.0
41,104,0,0,0.0,0.0,0.0
41,105,0,0,0.0,0.0,0.0
41,106,1,0,1.25,0.0,-1.25
41,107,0,0,0.0,0.0,0.0
41,108,0,0,0.0,0.0,0.0
41,109,0,1,0.0,1.25,1.25
41,110,0,0,0.0,0.0,0.0
41,111,0,0,0.0,0.0,0.0
41,112,1,0,1.25,0.0,-1.25
41,113,0,1,0.0,1.25,1.25
41,114,0,0,0.0,0.0,0.0
41,115,0,0,0.0,0.0,0.0
41,116,0,0,0.0,0.0,0.0
41,117,0,0,0.0,0.0,0.0
41,118,0,0,0.0,0.0,0.0
41,119,0,0,0.0,0.0,0.0
41,120,1,1,1.25,1.25,0.0
41,121,0,0,0.0,0.0,0.0
41,122,0,0,0.0,0.0,0.0
41,123,0,0,0.0,0.0,0.0
41,124,0,1,0.0,1.25,1.25
41,125,0,0,0.0,0.0,0.0
41,126,0,0,0.0,0.0,0.0
41,127,0,0,0.0,0.0,0.0
41,128,0,0,0.0,0.0,0.0
41,129,0,0,0.0,0.0,0.0
41,130,0,0,0.0,0.0,0.0
41,131,0,0,0.0,0.0,0.0
41,132,0,2,0.0,2.5,2.5
41,133,0,0,0.0,0.0,0.0
41,134,0,0,0.0,0.0,0.0
42,0,0,0,0.0,0.0,0.0
42,1,2,0,2.5,0.0,-2.5
42,2,0,2,0.0,2.5,2.5
42,3,1,0,1.25,0.0,-1.25
42,4,0,1,0.0,1.25,1.25
42,5,0,0,0.0,0.0,0.0
42,6,0,0,0.0,0.0,0.0
42,7,0,0,0.0,0.0,0.0
42,8,0,0,0.0,0.0,0.0
42,9,0,0,0.0,0.0,0.0
42,10,0,0,0.0,0.0,0.0
42,11,0,0,0.0,0.0,0.0
42,12,0,0,0.0,0.0,0.0
42,13,0,0,0.0,0.0,0.0
42,14,0,0,0.0,0.0,0.0
42,15,0,1,0.0,1.25,1.25
42,16,0,0,0.0,0.0,0.0
42,17,0,0,0.0,0.0,0.0
42,18,0,0,0.0,0.0,0.0
42,19,0,0,0.0,0.0,0.0
42,20,0,1,0.0,1.25,1.25
42,21,1,0,1.25,0.0,-1.25
42,22,0,0,0.0,0.0,0.0
42,23,0,0,0.0,0.0,0.0
42,24,0,0,0.0,0.0,0.0
42,25,0,0,0.0,0.0,0.0
42,26,0,0,0.0,0.0,0.0
42,27,0,0,0.0,0.0,0.0
42,28,0,0,0.0,0.0,0.0
42,29,0,0,0.0,0.0,0.0
42,30,0,0,0.0,0.0,0.0
42,31,0,0,0.0,0.0,0.0
42,32,0,0,0.0,0.0,0.0
42,33,0,0,0.0,0.0,0.0
42,34,1,0,1.25,0.0,-1.25
42,35,0,0,0.0,0.0,0.0
42,36,0,0,0.0,0.0,0.0
42,37,0,0,0.0,0.0,0.0
42,38,0,0,0.0,0.0,0.0
42,39,0,0,0.0,0.0,0.0
42,40,0,0,0.0,0.0,0.0
42,41,0,0,0.0,0.0,0.0
42,42,0,0,0.0,0.0,0.0
42,43,0,0,0.0,0.0,0.0
42,44,0,0,0.0,0.0,0.0
42,45,0,0,0.0,0.0,0.0
42,46,0,1,0.0,1.25,1.25
42,47,1,0,1.25,0.0,-1.25
42,48,0,0,0.0,0.0,0.0
42,49,0,0,0.0,0.0,0.0
42,50,0,0,0.0,0.0,0.0
42,51,0,0,0.0,0.0,0.0
42,52,0,0,0.0,0.0,0.0
42,53,1,1,1.25,1.25,0.0
42,54,1,0,1.25,0.0,-1.25
42,55,1,0,1.25,0.0,-1.25
42,56,0,0,0.0,0.0,0.0
42,57,1,0,1.25,0.0,-1.25
42,58,0,0,0.0,0.0,0.0
42,59,0,0,0.0,0.0,0.0
42,60,0,0,0.0,0.0,0.0
42,61,0,0,0.0,0.0,0.0
42,62,0,0,0.0,0.0,0.0
42,63,1,1,1.25,1.25,0.0
42,64,0,0,0.0,0.0,0.0
42,65,0,1,0.0,1.25,1.25
42,66,0,1,0.0,1.25,1.25
42,67,0,0,0.0,0.0,0.0
42,68,0,0,0.0,0.0,0.0
42,69,0,0,0.0,0.0,0.0
42,70,0,0,0.0,0.0,0.0
42,71,0,0,0.0,0.0,0.0
42,72,1,0,1.25,0.0,-1.25
42,73,0,0,0.0,0.0,0.0
42,74,0,0,0.0,0.0,0.0
42,75,0,0,0.0,0.0,0.0
42,76,0,0,0.0,0.0,0.0
42,77,1,0,1.25,0.0,-1.25
42,78,0,0,0.0,0.0,0.0
42,79,0,0,0.0,0.0,0.0
42,80,0,2,0.0,2.5,2.5
42,81,0,0,0.0,0.0,0.0
42,82,0,0,0.0,0.0,0.0
42,83,0,0,0.0,0.0,0.0
42,84,0,1,0.0,1.25,1.25
42,85,0,1,0.0,1.25,1.25
42,86,0,0,0.0,0.0,0.0
42,87,0,0,0.0,0.0,0.0
42,88,0,1,0.0,1.25,1.25
42,89,0,0,0.0,0.0,0.0
42,90,0,0,0.0,0.0,0.0
42,91,0,0,0.0,0.0,0.0
42,92,0,0,0.0,0.0,0.0
42,93,0,0,0.0,0.0,0.0
42,94,0,0,0.0,0.0,0.0
42,95,0,0,0.0,0.0,0.0
42,96,0,0,0.0,0.0,0.0
42,97,0,0,0.0,0.0,0.0
42,98,0,0,0.0,0.0,0.0
42,99,0,0,0.0,0.0,0.0
42,100,0,0,0.0,0.0,0.0
42,101,0,0,0.0,0.0,0.0
42,102,0,0,0.0,0.0,0.0
42,103,0,0,0.0,0.0,0.0
42,104,0,0,0.0,0.0,0.0
42,105,0,0,0.0,0.0,0.0
42,106,0,0,0.0,0.0,0.0
42,107,0,0,0.0,0.0,0.0
42,108,0,0,0.0,0.0,0.0
42,109,0,0,0.0,0.0,0.0
42,110,1,0,1.25,0.0,-1.25
42,111,0,0,0.0,0.0,0.0
42,112,0,0,0.0,0.0,0.0
42,113,0,0,0.0,0.0,0.0
42,114,0,1,0.0,1.25,1.25
42,115,0,0,0.0,0.0,0.0
42,116,0,0,0.0,0.0,0.0
42,117,0,0,0.0,0.0,0.0
42,118,0,0,0.0,0.0,0.0
42,119,0,0,0.0,0.0,0.0
42,120,0,1,0.0,1.25,1.25
42,121,0,0,0.0,0.0,0.0
42,122,0,0,0.0,0.0,0.0
42,123,0,0,0.0,0.0,0.0
42,124,1,0,1.25,0.0,-1.25
42,125,0,0,0.0,0.0,0.0
42,126,0,0,0.0,0.0,0.0
42,127,0,0,0.0,0.0,0.0
42,128,0,0,0.0,0.0,0.0
42,129,0,0,0.0,0.0,0.0
42,130,0,0,0.0,0.0,0.0
42,131,0,0,0.0,0.0,0.0
42,132,0,0,0.0,0.0,0.0
42,133,0,0,0.0,0.0,0.0
42,134,0,0,0.0,0.0,0.0
43,0,0,0,0.0,0.0,0.0
43,1,1,0,1.25,0.0,-1.25
43,2,0,1,0.0,1.25,1.25
43,3,1,0,1.25,0.0,-1.25
43,4,0,0,0.0,0.0,0.0
43,5,1,2,1.25,2.5,1.25
43,6,1,0,1.25,0.0,-1.25
43,7,0,0,0.0,0.0,0.0
43,8,0,0,0.0,0.0,0.0
43,9,0,1,0.0,1.25,1.25
43,10,0,0,0.0,0.0,0.0
43,11,1,0,1.25,0.0,-1.25
43,12,1,0,1.25,0.0,-1.25
43,13,1,0,1.25,0.0,-1.25
43,14,0,0,0.0,0.0,0.0
43,15,0,0,0.0,0.0,0.0
43,16,0,0,0.0,0.0,0.0
43,17,1,0,1.25,0.0,-1.25
43,18,1,1,1.25,1.25,0.0
43,19,0,3,0.0,3.75,3.75
43,20,0,0,0.0,0.0,0.0
43,21,0,0,0.0,0.0,0.0
43,22,0,1,0.0,1.25,1.25
43,23,1,0,1.25,0.0,-1.25
43,24,1,1,1.25,1.25,0.0
43,25,0,0,0.0,0.0,0.0
43,26,0,2,0.0,2.5,2.5
43,27,0,1,0.0,1.25,1.25
43,28,0,1,0.0,1.25,1.25
43,29,0,0,0.0,0.0,0.0
43,30,0,0,0.0,0.0,0.0
43,31,0,2,0.0,2.5,2.5
43,32,0,1,0.0,1.25,1.25
43,33,0,0,0.0,0.0,0.0
43,34,0,0,0.0,0.0,0.0
43,35,0,0,0.0,0.0,0.0
43,36,1,1,1.25,1.25,0.0
43,37,0,0,0.0,0.0,0.0
43,38,0,0,0.0,0.0,0.0
43,39,0,0,0.0,0.0,0.0
43,40,0,0,0.0,0.0,0.0
43,41,2,3,2.5,3.75,1.25
43,42,0,0,0.0,0.0,0.0
43,43,0,0,0.0,0.0,0.0
43,44,1,0,1.25,0.0,-1.25
43,45,0,0,0.0,0.0,0.0
43,46,0,0,0.0,0.0,0.0
43,47,0,0,0.0,0.0,0.0
43,48,0,0,0.0,0.0,0.0
43,49,0,0,0.0,0.0,0.0
43,50,0,0,0.0,0.0,0.0
43,51,1,1,1.25,1.25,0.0
43,52,0,0,0.0,0.0,0.0
43,53,0,0,0.0,0.0,0.0
43,54,0,1,0.0,1.25,1.25
43,55,0,1,0.0,1.25,1.25
43,56,0,0,0.0,0.0,0.0
43,57,0,0,0.0,0.0,0.0
43,58,0,0,0.0,0.0,0.0
43,59,0,0,0.0,0.0,0.0
43,60,0,0,0.0,0.0,0.0
43,61,0,0,0.0,0.0,0.0
43,62,1,2,1.25,2.5,1.25
43,63,0,0,0.0,0.0,0.0
43,64,0,1,0.0,1.25,1.25
43,65,0,0,0.0,0.0,0.0
43,66,1,0,1.25,0.0,-1.25
43,67,0,0,0.0,0.0,0.0
43,68,0,2,0.0,2.5,2.5
43,69,1,1,1.25,1.25,0.0
43,70,0,0,0.0,0.0,0.0
43,71,0,2,0.0,2.5,2.5
43,72,0,0,0.0,0.0,0.0
43,73,0,1,0.0,1.25,1.25
43,74,0,0,0.0,0.0,0.0
43,75,0,2,0.0,2.5,2.5
43,76,0,0,0.0,0.0,0.0
43,77,2,1,2.5,1.25,-1.25
43,78,0,2,0.0,2.5,2.5
43,79,1,1,1.25,1.25,0.0
43,80,0,1,0.0,1.25,1.25
43,81,2,1,2.5,1.25,-1.25
43,82,0,0,0.0,0.0,0.0
43,83,2,0,2.5,0.0,-2.5
43,84,0,0,0.0,0.0,0.0
43,85,0,2,0.0,2.5,2.5
43,86,0,0,0.0,0.0,0.0
43,87,0,0,0.0,0.0,0.0
43,88,0,2,0.0,2.5,2.5
43,89,1,2,1.25,2.5,1.25
43,90,0,0,0.0,0.0,0.0
43,91,0,1,0.0,1.25,1.25
43,92,0,0,0.0,0.0,0.0
43,93,2,1,2.5,1.25,-1.25
43,94,2,0,2.5,0.0,-2.5
43,95,1,1,1.25,1.25,0.0
43,96,0,1,0.0,1.25,1.25
43,97,1,0,1.25,0.0,-1.25
43,98,0,1,0.0,1.25,1.25
43,99,1,0,1.25,0.0,-1.25
43,100,0,0,0.0,0.0,0.0
43,101,1,2,1.25,2.5,1.25
43,102,1,1,1.25,1.25,0.0
43,103,0,0,0.0,0.0,0.0
43,104,0,1,0.0,1.25,1.25
43,105,0,2,0.0,2.5,2.5
43,106,0,2,0.0,2.5,2.5
43,107,1,0,1.25,0.0,-1.25
43,108,0,0,0.0,0.0,0.0
43,109,0,1,0.0,1.25,1.25
43,110,1,0,1.25,0.0,-1.25
43,111,0,0,0.0,0.0,0.0
43,112,1,0,1.25,0.0,-1.25
43,113,0,1,0.0,1.25,1.25
43,114,0,0,0.0,0.0,0.0
43,115,0,2,0.0,2.5,2.5
43,116,0,0,0.0,0.0,0.0
43,117,0,0,0.0,0.0,0.0
43,118,0,2,0.0,2.5,2.5
43,119,0,0,0.0,0.0,0.0
43,120,0,0,0.0,0.0,0.0
43,121,0,0,0.0,0.0,0.0
43,122,1,0,1.25,0.0,-1.25
43,123,0,0,0.0,0.0,0.0
43,124,1,0,1.25,0.0,-1.25
43,125,1,1,1.25,1.25,0.0
43,126,0,0,0.0,0.0,0.0
43,127,1,1,1.25,1.25,0.0
43,128,0,2,0.0,2.5,2.5
43,129,0,1,0.0,1.25,1.25
43,130,1,0,1.25,0.0,-1.25
43,131,0,1,0.0,1.25,1.25
43,132,0,0,0.0,0.0,0.0
43,133,0,0,0.0,0.0,0.0
43,134,0,1,0.0,1.25,1.25
44,0,0,0,0.0,0.0,0.0
44,1,0,0,0.0,0.0,0.0
44,2,0,0,0.0,0.0,0.0
44,3,0,0,0.0,0.0,0.0
44,4,0,0,0.0,0.0,0.0
44,5,1,0,1.25,0.0,-1.25
44,6,0,0,0.0,0.0,0.0
44,7,0,0,0.0,0.0,0.0
44,8,0,1,0.0,1.25,1.25
44,9,1,1,1.25,1.25,0.0
44,10,0,0,0.0,0.0,0.0
44,11,0,0,0.0,0.0,0.0
44,12,0,0,0.0,0.0,0.0
44,13,0,0,0.0,0.0,0.0
44,14,1,0,1.25,0.0,-1.25
44,15,1,0,1.25,0.0,-1.25
44,16,0,0,0.0,0.0,0.0
44,17,0,0,0.0,0.0,0.0
44,18,0,0,0.0,0.0,0.0
44,19,0,0,0.0,0.0,0.0
44,20,0,0,0.0,0.0,0.0
44,21,0,0,0.0,0.0,0.0
44,22,0,0,0.0,0.0,0.0
44,23,0,0,0.0,0.0,0.0
44,24,0,0,0.0,0.0,0.0
44,25,0,0,0.0,0.0,0.0
44,26,0,0,0.0,0.0,0.0
44,27,0,0,0.0,0.0,0.0
44,28,0,1,0.0,1.25,1.25
44,29,0,0,0.0,0.0,0.0
44,30,0,0,0.0,0.0,0.0
44,31,0,0,0.0,0.0,0.0
44,32,0,0,0.0,0.0,0.0
44,33,1,0,1.25,0.0,-1.25
44,34,0,0,0.0,0.0,0.0
44,35,0,0,0.0,0.0,0.0
44,36,0,0,0.0,0.0,0.0
44,37,0,0,0.0,0.0,0.0
44,38,0,0,0.0,0.0,0.0
44,39,0,0,0.0,0.0,0.0
44,40,0,1,0.0,1.25,1.25
44,41,1,0,1.25,0.0,-1.25
44,42,0,0,0.0,0.0,0.0
44,43,0,0,0.0,0.0,0.0
44,44,0,0,0.0,0.0,0.0
44,45,0,0,0.0,0.0,0.0
44,46,0,0,0.0,0.0,0.0
44,47,0,1,0.0,1.25,1.25
44,48,0,0,0.0,0.0,0.0
44,49,0,0,0.0,0.0,0.0
44,50,0,0,0.0,0.0,0.0
44,51,0,0,0.0,0.0,0.0
44,52,0,0,0.0,0.0,0.0
44,53,0,0,0.0,0.0,0.0
44,54,0,1,0.0,1.25,1.25
44,55,2,0,2.5,0.0,-2.5
44,56,0,0,0.0,0.0,0.0
44,57,1,0,1.25,0.0,-1.25
44,58,0,0,0.0,0.0,0.0
44,59,0,2,0.0,2.5,2.5
44,60,0,0,0.0,0.0,0.0
44,61,0,1,0.0,1.25,1.25
44,62,0,0,0.0,0.0,0.0
44,63,0,0,0.0,0.0,0.0
44,64,0,0,0.0,0.0,0.0
44,65,0,0,0.0,0.0,0.0
44,66,1,0,1.25,0.0,-1.25
44,67,0,0,0.0,0.0,0.0
44,68,0,0,0.0,0.0,0.0
44,69,1,0,1.25,0.0,-1.25
44,70,0,0,0.0,0.0,0.0
44,71,0,0,0.0,0.0,0.0
44,72,0,0,0.0,0.0,0.0
44,73,0,0,0.0,0.0,0.0
44,74,0,0,0.0,0.0,0.0
44,75,0,0,0.0,0.0,0.0
44,76,0,0,0.0,0.0,0.0
44,77,0,2,0.0,2.5,2.5
44,78,0,0,0.0,0.0,0.0
44,79,0,0,0.0,0.0,0.0
44,80,0,0,0.0,0.0,0.0
44,81,0,0,0.0,0.0,0.0
44,82,0,0,0.0,0.0,0.0
44,83,0,0,0.0,0.0,0.0
44,84,0,1,0.0,1.25,1.25
44,85,0,0,0.0,0.0,0.0
44,86,0,2,0.0,2.5,2.5
44,87,1,0,1.25,0.0,-1.25
44,88,0,0,0.0,0.0,0.0
44,89,0,2,0.0,2.5,2.5
44,90,0,0,0.0,0.0,0.0
44,91,0,0,0.0,0.0,0.0
44,92,0,0,0.0,0.0,0.0
44,93,0,0,0.0,0.0,0.0
44,94,0,0,0.0,0.0,0.0
44,95,0,0,0.0,0.0,0.0
44,96,0,0,0.0,0.0,0.0
44,97,0,0,0.0,0.0,0.0
44,98,0,0,0.0,0.0,0.0
44,99,0,0,0.0,0.0,0.0
44,100,0,0,0.0,0.0,0.0
44,101,1,0,1.25,0.0,-1.25
44,102,0,0,0.0,0.0,0.0
44,103,1,0,1.25,0.0,-1.25
44,104,0,0,0.0,0.0,0.0
44,105,0,0,0.0,0.0,0.0
44,106,0,0,0.0,0.0,0.0
44,107,0,0,0.0,0.0,0.0
44,108,0,0,0.0,0.0,0.0
44,109,2,0,2.5,0.0,-2.5
44,110,0,0,0.0,0.0,0.0
44,111,0,0,0.0,0.0,0.0
44,112,0,0,0.0,0.0,0.0
44,113,0,0,0.0,0.0,0.0
44,114,0,0,0.0,0.0,0.0
44,115,0,0,0.0,0.0,0.0
44,116,0,0,0.0,0.0,0.0
44,117,0,0,0.0,0.0,0.0
44,118,0,0,0.0,0.0,0.0
44,119,0,0,0.0,0.0,0.0
44,120,0,0,0.0,0.0,0.0
44,121,0,0,0.0,0.0,0.0
44,122,0,0,0.0,0.0,0.0
44,123,0,0,0.0,0.0,0.0
44,124,1,0,1.25,0.0,-1.25
44,125,1,0,1.25,0.0,-1.25
44,126,0,0,0.0,0.0,0.0
44,127,0,0,0.0,0.0,0.0
44,128,0,0,0.0,0.0,0.0
44,129,0,0,0.0,0.0,0.0
44,130,0,0,0.0,0.0,0.0
44,131,0,0,0.0,0.0,0.0
44,132,0,0,0.0,0.0,0.0
44,133,0,0,0.0,0.0,0.0
44,134,0,0,0.0,0.0,0.0
45,0,1,2,1.25,2.5,1.25
45,1,0,1,0.0,1.25,1.25
45,2,0,1,0.0,1.25,1.25
45,3,0,0,0.0,0.0,0.0
45,4,1,1,1.25,1.25,0.0
45,5,1,0,1.25,0.0,-1.25
45,6,0,0,0.0,0.0,0.0
45,7,3,0,3.75,0.0,-3.75
45,8,2,2,2.5,2.5,0.0
45,9,3,3,3.75,3.75,0.0
45,10,0,2,0.0,2.5,2.5
45,11,1,1,1.25,1.25,0.0
45,12,2,1,2.5,1.25,-1.25
45,13,1,0,1.25,0.0,-1.25
45,14,2,1,2.5,1.25,-1.25
45,15,0,2,0.0,2.5,2.5
45,16,0,2,0.0,2.5,2.5
45,17,0,0,0.0,0.0,0.0
45,18,1,2,1.25,2.5,1.25
45,19,3,3,3.75,3.75,0.0
45,20,2,6,2.5,7.5,5.0
45,21,5,0,6.25,0.0,-6.25
45,22,2,2,2.5,2.5,0.0
45,23,2,0,2.5,0.0,-2.5
45,24,1,0,1.25,0.0,-1.25
45,25,1,2,1.25,2.5,1.25
45,26,1,2,1.25,2.5,1.25
45,27,1,0,1.25,0.0,-1.25
45,28,0,1,0.0,1.25,1.25
45,29,6,0,7.5,0.0,-7.5
45,30,3,1,3.75,1.25,-2.5
45,31,2,1,2.5,1.25,-1.25
45,32,0,0,0.0,0.0,0.0
45,33,1,0,1.25,0.0,-1.25
45,34,0,2,0.0,2.5,2.5
45,35,1,7,1.25,8.75,7.5
45,36,1,0,1.25,0.0,-1.25
45,37,1,2,1.25,2.5,1.25
45,38,0,3,0.0,3.75,3.75
45,39,0,0,0.0,0.0,0.0
45,40,1,3,1.25,3.75,2.5
45,41,3,2,3.75,2.5,-1.25
45,42,2,0,2.5,0.0,-2.5
45,43,0,2,0.0,2.5,2.5
45,44,1,1,1.25,1.25,0.0
45,45,2,1,2.5,1.25,-1.25
45,46,1,1,1.25,1.25,0.0
45,47,0,2,0.0,2.5,2.5
45,48,0,1,0.0,1.25,1.25
45,49,0,2,0.0,2.5,2.5
45,50,0,1,0.0,1.25,1.25
45,51,4,0,5.0,0.0,-5.0
45,52,2,1,2.5,1.25,-1.25
45,53,1,0,1.25,0.0,-1.25
45,54,0,5,0.0,6.25,6.25
45,55,0,1,0.0,1.25,1.25
45,56,0,0,0.0,0.0,0.0
45,57,1,0,1.25,0.0,-1.25
45,58,2,3,2.5,3.75,1.25
45,59,1,1,1.25,1.25,0.0
45,60,1,4,1.25,5.0,3.75
45,61,2,1,2.5,1.25,-1.25
45,62,2,0,2.5,0.0,-2.5
45,63,3,2,3.75,2.5,-1.25
45,64,0,0,0.0,0.0,0.0
45,65,1,0,1.25,0.0,-1.25
45,66,0,1,0.0,1.25,1.25
45,67,0,0,0.0,0.0,0.0
45,68,0,0,0.0,0.0,0.0
45,69,3,0,3.75,0.0,-3.75
45,70,0,1,0.0,1.25,1.25
45,71,0,1,0.0,1.25,1.25
45,72,0,0,0.0,0.0,0.0
45,73,1,0,1.25,0.0,-1.25
45,74,3,0,3.75,0.0,-3.75
45,75,3,1,3.75,1.25,-2.5
45,76,1,2,1.25,2.5,1.25
45,77,2,0,2.5,0.0,-2.5
45,78,1,3,1.25,3.75,2.5
45,79,1,0,1.25,0.0,-1.25
45,80,0,0,0.0,0.0,0.0
45,81,0,1,0.0,1.25,1.25
45,82,0,3,0.0,3.75,3.75
45,83,1,1,1.25,1.25,0.0
45,84,1,3,1.25,3.75,2.5
45,85,0,1,0.0,1.25,1.25
45,86,0,1,0.0,1.25,1.25
45,87,3,4,3.75,5.0,1.25
45,88,3,1,3.75,1.25,-2.5
45,89,1,1,1.25,1.25,0.0
45,90,2,1,2.5,1.25,-1.25
45,91,2,1,2.5,1.25,-1.25
45,92,1,0,1.25,0.0,-1.25
45,93,3,1,3.75,1.25,-2.5
45,94,0,4,0.0,5.0,5.0
45,95,0,1,0.0,1.25,1.25
45,96,2,1,2.5,1.25,-1.25
45,97,0,1,0.0,1.25,1.25
45,98,0,3,0.0,3.75,3.75
45,99,1,2,1.25,2.5,1.25
45,100,1,0,1.25,0.0,-1.25
45,101,0,0,0.0,0.0,0.0
45,102,0,1,0.0,1.25,1.25
45,103,0,2,0.0,2.5,2.5
45,104,1,1,1.25,1.25,0.0
45,105,0,0,0.0,0.0,0.0
45,106,1,2,1.25,2.5,1.25
45,107,3,2,3.75,2.5,-1.25
45,108,0,5,0.0,6.25,6.25
45,109,1,2,1.25,2.5,1.25
45,110,1,5,1.25,6.25,5.0
45,111,1,2,1.25,2.5,1.25
45,112,4,1,5.0,1.25,-3.75
45,113,1,1,1.25,1.25,0.0
45,114,3,3,3.75,3.75,0.0
45,115,1,0,1.25,0.0,-1.25
45,116,1,3,1.25,3.75,2.5
45,117,0,1,0.0,1.25,1.25
45,118,0,0,0.0,0.0,0.0
45,119,1,3,1.25,3.75,2.5
45,120,2,0,2.5,0.0,-2.5
45,121,3,1,3.75,1.25,-2.5
45,122,0,0,0.0,0.0,0.0
45,123,2,1,2.5,1.25,-1.25
45,124,1,2,1.25,2.5,1.25
45,125,3,2,3.75,2.5,-1.25
45,126,2,3,2.5,3.75,1.25
45,127,0,2,0.0,2.5,2.5
45,128,3,2,3.75,2.5,-1.25
45,129,0,0,0.0,0.0,0.0
45,130,2,2,2.5,2.5,0.0
45,131,4,0,5.0,0.0,-5.0
45,132,0,1,0.0,1.25,1.25
45,133,0,3,0.0,3.75,3.75
45,134,1,1,1.25,1.25,0.0
46,0,8,8,10.0,10.0,0.0
46,1,7,4,8.75,5.0,-3.75
46,2,2,16,2.5,20.0,17.5
46,3,7,6,8.75,7.5,-1.25
46,4,7,10,8.75,12.5,3.75
46,5,4,9,5.0,11.25,6.25
46,6,8,3,10.0,3.75,-6.25
46,7,6,4,7.5,5.0,-2.5
46,8,12,7,15.0,8.75,-6.25
46,9,4,6,5.0,7.5,2.5
46,10,5,7,6.25,8.75,2.5
46,11,1,7,1.25,8.75,7.5
46,12,3,4,3.75,5.0,1.25
46,13,2,4,2.5,5.0,2.5
46,14,6,5,7.5,6.25,-1.25
46,15,5,9,6.25,11.25,5.0
46,16,7,8,8.75,10.0,1.25
46,17,7,7,8.75,8.75,0.0
46,18,4,11,5.0,13.75,8.75
46,19,9,7,11.25,8.75,-2.5
46,20,6,4,7.5,5.0,-2.5
46,21,4,3,5.0,3.75,-1.25
46,22,6,7,7.5,8.75,1.25
46,23,4,3,5.0,3.75,-1.25
46,24,3,4,3.75,5.0,1.25
46,25,4,7,5.0,8.75,3.75
46,26,5,3,6.25,3.75,-2.5
46,27,2,4,2.5,5.0,2.5
46,28,1,5,1.25,6.25,5.0
46,29,7,7,8.75,8.75,0.0
46,30,5,2,6.25,2.5,-3.75
46,31,3,7,3.75,8.75,5.0
46,32,5,0,6.25,0.0,-6.25
46,33,2,3,2.5,3.75,1.25
46,34,7,4,8.75,5.0,-3.75
46,35,5,4,6.25,5.0,-1.25
46,36,5,5,6.25,6.25,0.0
46,37,5,4,6.25,5.0,-1.25
46,38,5,2,6.25,2.5,-3.75
46,39,4,4,5.0,5.0,0.0
46,40,15,5,18.75,6.25,-12.5
46,41,2,5,2.5,6.25,3.75
46,42,3,3,3.75,3.75,0.0
46,43,3,3,3.75,3.75,0.0
46,44,6,5,7.5,6.25,-1.25
46,45,8,5,10.0,6.25,-3.75
46,46,8,5,10.0,6.25,-3.75
46,47,6,6,7.5,7.5,0.0
46,48,6,2,7.5,2.5,-5.0
46,49,4,2,5.0,2.5,-2.5
46,50,8,6,10.0,7.5,-2.5
46,51,6,4,7.5,5.0,-2.5
46,52,1,6,1.25,7.5,6.25
46,53,5,6,6.25,7.5,1.25
46,54,6,9,7.5,11.25,3.75
46,55,12,9,15.0,11.25,-3.75
46,56,11,3,13.75,3.75,-10.0
46,57,3,3,3.75,3.75,0.0
46,58,2,4,2.5,5.0,2.5
46,59,5,15,6.25,18.75,12.5
46,60,4,8,5.0,10.0,5.0
46,61,5,7,6.25,8.75,2.5
46,62,3,3,3.75,3.75,0.0
46,63,3,6,3.75,7.5,3.75
46,64,4,6,5.0,7.5,2.5
46,65,7,3,8.75,3.75,-5.0
46,66,8,6,10.0,7.5,-2.5
46,67,0,2,0.0,2.5,2.5
46,68,3,2,3.75,2.5,-1.25
46,69,4,5,5.0,6.25,1.25
46,70,4,4,5.0,5.0,0.0
46,71,4,7,5.0,8.75,3.75
46,72,5,11,6.25,13.75,7.5
46,73,1,13,1.25,16.25,15.0
46,74,10,2,12.5,2.5,-10.0
46,75,2,4,2.5,5.0,2.5
46,76,4,4,5.0,5.0,0.0
46,77,6,5,7.5,6.25,-1.25
46,78,13,8,16.25,10.0,-6.25
46,79,4,4,5.0,5.0,0.0
46,80,6,5,7.5,6.25,-1.25
46,81,4,5,5.0,6.25,1.25
46,82,5,2,6.25,2.5,-3.75
46,83,7,8,8.75,10.0,1.25
46,84,3,5,3.75,6.25,2.5
46,85,5,8,6.25,10.0,3.75
46,86,3,7,3.75,8.75,5.0
46,87,3,4,3.75,5.0,1.25
46,88,6,6,7.5,7.5,0.0
46,89,5,1,6.25,1.25,-5.0
46,90,2,8,2.5,10.0,7.5
46,91,2,1,2.5,1.25,-1.25
46,92,5,6,6.25,7.5,1.25
46,93,2,3,2.5,3.75,1.25
46,94,3,4,3.75,5.0,1.25
46,95,6,2,7.5,2.5,-5.0
46,96,4,3,5.0,3.75,-1.25
46,97,5,3,6.25,3.75,-2.5
46,98,3,2,3.75,2.5,-1.25
46,99,2,3,2.5,3.75,1.25
46,100,3,1,3.75,1.25,-2.5
46,101,5,11,6.25,13.75,7.5
46,102,5,5,6.25,6.25,0.0
46,103,2,10,2.5,12.5,10.0
46,104,7,5,8.75,6.25,-2.5
46,105,3,4,3.75,5.0,1.25
46,106,1,8,1.25,10.0,8.75
46,107,3,5,3.75,6.25,2.5
46,108,4,4,5.0,5.0,0.0
46,109,2,4,2.5,5.0,2.5
46,110,6,6,7.5,7.5,0.0
46,111,3,3,3.75,3.75,0.0
46,112,12,9,15.0,11.25,-3.75
46,113,3,6,3.75,7.5,3.75
46,114,8,5,10.0,6.25,-3.75
46,115,7,8,8.75,10.0,1.25
46,116,6,8,7.5,10.0,2.5
46,117,6,7,7.5,8.75,1.25
46,118,3,3,3.75,3.75,0.0
46,119,3,0,3.75,0.0,-3.75
46,120,2,0,2.5,0.0,-2.5
46,121,6,5,7.5,6.25,-1.25
46,122,14,7,17.5,8.75,-8.75
46,123,3,7,3.75,8.75,5.0
46,124,8,3,10.0,3.75,-6.25
46,125,8,7,10.0,8.75,-1.25
46,126,3,9,3.75,11.25,7.5
46,127,4,3,5.0,3.75,-1.25
46,128,4,6,5.0,7.5,2.5
46,129,3,7,3.75,8.75,5.0
46,130,8,7,10.0,8.75,-1.25
46,131,4,4,5.0,5.0,0.0
46,132,1,2,1.25,2.5,1.25
46,133,3,3,3.75,3.75,0.0
46,134,6,1,7.5,1.25,-6.25
47,0,0,0,0.0,0.0,0.0
47,1,0,0,0.0,0.0,0.0
47,2,3,0,3.75,0.0,-3.75
47,3,0,0,0.0,0.0,0.0
47,4,0,0,0.0,0.0,0.0
47,5,2,0,2.5,0.0,-2.5
47,6,0,0,0.0,0.0,0.0
47,7,0,0,0.0,0.0,0.0
47,8,0,0,0.0,0.0,0.0
47,9,0,0,0.0,0.0,0.0
47,10,0,0,0.0,0.0,0.0
47,11,0,0,0.0,0.0,0.0
47,12,0,0,0.0,0.0,0.0
47,13,0,0,0.0,0.0,0.0
47,14,0,0,0.0,0.0,0.0
47,15,0,0,0.0,0.0,0.0
47,16,0,0,0.0,0.0,0.0
47,17,0,0,0.0,0.0,0.0
47,18,0,0,0.0,0.0,0.0
47,19,0,0,0.0,0.0,0.0
47,20,0,0,0.0,0.0,0.0
47,21,0,0,0.0,0.0,0.0
47,22,0,3,0.0,3.75,3.75
47,23,0,0,0.0,0.0,0.0
47,24,0,0,0.0,0.0,0.0
47,25,0,0,0.0,0.0,0.0
47,26,0,0,0.0,0.0,0.0
47,27,0,0,0.0,0.0,0.0
47,28,0,0,0.0,0.0,0.0
47,29,0,0,0.0,0.0,0.0
47,30,0,0,0.0,0.0,0.0
47,31,0,0,0.0,0.0,0.0
47,32,0,1,0.0,1.25,1.25
47,33,0,0,0.0,0.0,0.0
47,34,0,1,0.0,1.25,1.25
47,35,0,0,0.0,0.0,0.0
47,36,0,0,0.0,0.0,0.0
47,37,0,0,0.0,0.0,0.0
47,38,0,0,0.0,0.0,0.0
47,39,0,0,0.0,0.0,0.0
47,40,0,0,0.0,0.0,0.0
47,41,0,0,0.0,0.0,0.0
47,42,0,0,0.0,0.0,0.0
47,43,0,1,0.0,1.25,1.25
47,44,0,0,0.0,0.0,0.0
47,45,0,0,0.0,0.0,0.0
47,46,0,0,0.0,0.0,0.0
47,47,0,0,0.0,0.0,0.0
47,48,0,0,0.0,0.0,0.0
47,49,1,0,1.25,0.0,-1.25
47,50,0,0,0.0,0.0,0.0
47,51,0,0,0.0,0.0,0.0
47,52,0,0,0.0,0.0,0.0
47,53,0,0,0.0,0.0,0.0
47,54,0,1,0.0,1.25,1.25
47,55,2,0,2.5,0.0,-2.5
47,56,0,0,0.0,0.0,0.0
47,57,0,0,0.0,0.0,0.0
47,58,0,0,0.0,0.0,0.0
47,59,0,0,0.0,0.0,0.0
47,60,2,0,2.5,0.0,-2.5
47,61,0,0,0.0,0.0,0.0
47,62,0,0,0.0,0.0,0.0
47,63,0,1,0.0,1.25,1.25
47,64,0,0,0.0,0.0,0.0
47,65,0,0,0.0,0.0,0.0
47,66,0,0,0.0,0.0,0.0
47,67,0,0,0.0,0.0,0.0
47,68,0,0,0.0,0.0,0.0
47,69,0,0,0.0,0.0,0.0
47,70,0,0,0.0,0.0,0.0
47,71,0,0,0.0,0.0,0.0
47,72,0,0,0.0,0.0,0.0
47,73,0,0,0.0,0.0,0.0
47,74,0,0,0.0,0.0,0.0
47,75,0,0,0.0,0.0,0.0
47,76,0,0,0.0,0.0,0.0
47,77,0,0,0.0,0.0,0.0
47,78,0,0,0.0,0.0,0.0
47,79,0,0,0.0,0.0,0.0
47,80,0,0,0.0,0.0,0.0
47,81,0,0,0.0,0.0,0.0
47,82,0,0,0.0,0.0,0.0
47,83,0,0,0.0,0.0,0.0
47,84,0,0,0.0,0.0,0.0
47,85,0,0,0.0,0.0,0.0
47,86,0,0,0.0,0.0,0.0
47,87,0,0,0.0,0.0,0.0
47,88,0,0,0.0,0.0,0.0
47,89,0,1,0.0,1.25,1.25
47,90,0,0,0.0,0.0,0.0
47,91,0,2,0.0,2.5,2.5
47,92,0,0,0.0,0.0,0.0
47,93,0,0,0.0,0.0,0.0
47,94,0,0,0.0,0.0,0.0
47,95,0,0,0.0,0.0,0.0
47,96,0,0,0.0,0.0,0.0
47,97,0,0,0.0,0.0,0.0
47,98,0,0,0.0,0.0,0.0
47,99,0,0,0.0,0.0,0.0
47,100,0,0,0.0,0.0,0.0
47,101,0,0,0.0,0.0,0.0
47,102,0,0,0.0,0.0,0.0
47,103,0,0,0.0,0.0,0.0
47,104,0,0,0.0,0.0,0.0
47,105,0,0,0.0,0.0,0.0
47,106,0,0,0.0,0.0,0.0
47,107,0,0,0.0,0.0,0.0
47,108,0,0,0.0,0.0,0.0
47,109,0,1,0.0,1.25,1.25
47,110,0,1,0.0,1.25,1.25
47,111,1,0,1.25,0.0,-1.25
47,112,0,0,0.0,0.0,0.0
47,113,0,0,0.0,0.0,0.0
47,114,0,0,0.0,0.0,0.0
47,115,2,0,2.5,0.0,-2.5
47,116,0,0,0.0,0.0,0.0
47,117,0,0,0.0,0.0,0.0
47,118,0,0,0.0,0.0,0.0
47,119,0,0,0.0,0.0,0.0
47,120,0,0,0.0,0.0,0.0
47,121,0,0,0.0,0.0,0.0
47,122,0,0,0.0,0.0,0.0
47,123,0,0,0.0,0.0,0.0
47,124,0,0,0.0,0.0,0.0
47,125,0,0,0.0,0.0,0.0
47,126,0,0,0.0,0.0,0.0
47,127,0,1,0.0,1.25,1.25
47,128,0,0,0.0,0.0,0.0
47,129,0,0,0.0,0.0,0.0
47,130,0,0,0.0,0.0,0.0
47,131,0,0,0.0,0.0,0.0
47,132,0,0,0.0,0.0,0.0
47,133,0,0,0.0,0.0,0.0
47,134,0,0,0.0,0.0,0.0
48,0,0,0,0.0,0.0,0.0
48,1,0,1,0.0,1.25,1.25
48,2,0,1,0.0,1.25,1.25
48,3,0,0,0.0,0.0,0.0
48,4,1,0,1.25,0.0,-1.25
48,5,0,0,0.0,0.0,0.0
48,6,0,1,0.0,1.25,1.25
48,7,0,2,0.0,2.5,2.5
48,8,0,2,0.0,2.5,2.5
48,9,0,0,0.0,0.0,0.0
48,10,0,2,0.0,2.5,2.5
48,11,0,2,0.0,2.5,2.5
48,12,0,0,0.0,0.0,0.0
48,13,0,3,0.0,3.75,3.75
48,14,0,3,0.0,3.75,3.75
48,15,0,1,0.0,1.25,1.25
48,16,0,0,0.0,0.0,0.0
48,17,0,0,0.0,0.0,0.0
48,18,0,1,0.0,1.25,1.25
48,19,0,0,0.0,0.0,0.0
48,20,0,0,0.0,0.0,0.0
48,21,0,0,0.0,0.0,0.0
48,22,0,1,0.0,1.25,1.25
48,23,0,0,0.0,0.0,0.0
48,24,0,0,0.0,0.0,0.0
48,25,0,0,0.0,0.0,0.0
48,26,0,0,0.0,0.0,0.0
48,27,1,0,1.25,0.0,-1.25
48,28,1,3,1.25,3.75,2.5
48,29,0,0,0.0,0.0,0.0
48,30,0,0,0.0,0.0,0.0
48,31,0,0,0.0,0.0,0.0
48,32,1,0,1.25,0.0,-1.25
48,33,0,1,0.0,1.25,1.25
48,34,1,0,1.25,0.0,-1.25
48,35,0,2,0.0,2.5,2.5
48,36,0,0,0.0,0.0,0.0
48,37,2,0,2.5,0.0,-2.5
48,38,1,0,1.25,0.0,-1.25
48,39,0,1,0.0,1.25,1.25
48,40,0,0,0.0,0.0,0.0
48,41,1,2,1.25,2.5,1.25
48,42,0,1,0.0,1.25,1.25
48,43,0,1,0.0,1.25,1.25
48,44,2,3,2.5,3.75,1.25
48,45,0,0,0.0,0.0,0.0
48,46,0,1,0.0,1.25,1.25
48,47,0,0,0.0,0.0,0.0
48,48,0,0,0.0,0.0,0.0
48,49,1,0,1.25,0.0,-1.25
48,50,0,0,0.0,0.0,0.0
48,51,0,0,0.0,0.0,0.0
48,52,0,0,0.0,0.0,0.0
48,53,0,0,0.0,0.0,0.0
48,54,0,0,0.0,0.0,0.0
48,55,0,5,0.0,6.25,6.25
48,56,1,0,1.25,0.0,-1.25
48,57,0,0,0.0,0.0,0.0
48,58,1,1,1.25,1.25,0.0
48,59,0,1,0.0,1.25,1.25
48,60,0,0,0.0,0.0,0.0
48,61,0,0,0.0,0.0,0.0
48,62,1,0,1.25,0.0,-1.25
48,63,0,1,0.0,1.25,1.25
48,64,0,0,0.0,0.0,0.0
48,65,1,0,1.25,0.0,-1.25
48,66,0,0,0.0,0.0,0.0
48,67,0,0,0.0,0.0,0.0
48,68,0,3,0.0,3.75,3.75
48,69,0,0,0.0,0.0,0.0
48,70,0,0,0.0,0.0,0.0
48,71,4,12,5.0,15.0,10.0
48,72,0,2,0.0,2.5,2.5
48,73,0,1,0.0,1.25,1.25
48,74,1,1,1.25,1.25,0.0
48,75,0,3,0.0,3.75,3.75
48,76,0,0,0.0,0.0,0.0
48,77,1,0,1.25,0.0,-1.25
48,78,0,1,0.0,1.25,1.25
48,79,0,0,0.0,0.0,0.0
48,80,0,0,0.0,0.0,0.0
48,81,0,0,0.0,0.0,0.0
48,82,0,0,0.0,0.0,0.0
48,83,1,1,1.25,1.25,0.0
48,84,0,1,0.0,1.25,1.25
48,85,0,0,0.0,0.0,0.0
48,86,0,0,0.0,0.0,0.0
48,87,2,0,2.5,0.0,-2.5
48,88,0,0,0.0,0.0,0.0
48,89,0,0,0.0,0.0,0.0
48,90,1,0,1.25,0.0,-1.25
48,91,2,0,2.5,0.0,-2.5
48,92,0,0,0.0,0.0,0.0
48,93,0,0,0.0,0.0,0.0
48,94,0,2,0.0,2.5,2.5
48,95,0,0,0.0,0.0,0.0
48,96,1,0,1.25,0.0,-1.25
48,97,0,0,0.0,0.0,0.0
48,98,0,0,0.0,0.0,0.0
48,99,1,2,1.25,2.5,1.25
48,100,0,2,0.0,2.5,2.5
48,101,1,1,1.25,1.25,0.0
48,102,0,1,0.0,1.25,1.25
48,103,0,2,0.0,2.5,2.5
48,104,0,0,0.0,0.0,0.0
48,105,0,0,0.0,0.0,0.0
48,106,0,1,0.0,1.25,1.25
48,107,1,1,1.25,1.25,0.0
48,108,0,0,0.0,0.0,0.0
48,109,0,1,0.0,1.25,1.25
48,110,0,0,0.0,0.0,0.0
48,111,0,0,0.0,0.0,0.0
48,112,0,2,0.0,2.5,2.5
48,113,0,0,0.0,0.0,0.0
48,114,2,2,2.5,2.5,0.0
48,115,0,0,0.0,0.0,0.0
48,116,0,0,0.0,0.0,0.0
48,117,0,0,0.0,0.0,0.0
48,118,0,0,0.0,0.0,0.0
48,119,1,0,1.25,0.0,-1.25
48,120,0,0,0.0,0.0,0.0
48,121,0,1,0.0,1.25,1.25
48,122,0,1,0.0,1.25,1.25
48,123,0,0,0.0,0.0,0.0
48,124,0,0,0.0,0.0,0.0
48,125,0,0,0.0,0.0,0.0
48,126,0,1,0.0,1.25,1.25
48,127,0,0,0.0,0.0,0.0
48,128,0,0,0.0,0.0,0.0
48,129,1,0,1.25,0.0,-1.25
48,130,0,0,0.0,0.0,0.0
48,131,1,0,1.25,0.0,-1.25
48,132,0,0,0.0,0.0,0.0
48,133,0,0,0.0,0.0,0.0
48,134,0,0,0.0,0.0,0.0
49,0,0,1,0.0,1.25,1.25
49,1,0,0,0.0,0.0,0.0
49,2,0,0,0.0,0.0,0.0
49,3,0,1,0.0,1.25,1.25
49,4,0,0,0.0,0.0,0.0
49,5,0,1,0.0,1.25,1.25
49,6,0,0,0.0,0.0,0.0
49,7,0,0,0.0,0.0,0.0
49,8,1,0,1.25,0.0,-1.25
49,9,0,0,0.0,0.0,0.0
49,10,0,0,0.0,0.0,0.0
49,11,0,0,0.0,0.0,0.0
49,12,0,0,0.0,0.0,0.0
49,13,0,0,0.0,0.0,0.0
49,14,0,0,0.0,0.0,0.0
49,15,0,0,0.0,0.0,0.0
49,16,0,0,0.0,0.0,0.0
49,17,0,0,0.0,0.0,0.0
49,18,0,0,0.0,0.0,0.0
49,19,0,2,0.0,2.5,2.5
49,20,0,0,0.0,0.0,0.0
49,21,0,1,0.0,1.25,1.25
49,22,0,1,0.0,1.25,1.25
49,23,0,1,0.0,1.25,1.25
49,24,0,1,0.0,1.25,1.25
49,25,0,0,0.0,0.0,0.0
49,26,0,0,0.0,0.0,0.0
49,27,0,0,0.0,0.0,0.0
49,28,0,0,0.0,0.0,0.0
49,29,0,0,0.0,0.0,0.0
49,30,0,0,0.0,0.0,0.0
49,31,2,0,2.5,0.0,-2.5
49,32,0,0,0.0,0.0,0.0
49,33,0,0,0.0,0.0,0.0
49,34,1,0,1.25,0.0,-1.25
49,35,0,0,0.0,0.0,0.0
49,36,1,1,1.25,1.25,0.0
49,37,0,0,0.0,0.0,0.0
49,38,0,0,0.0,0.0,0.0
49,39,0,0,0.0,0.0,0.0
49,40,0,0,0.0,0.0,0.0
49,41,0,0,0.0,0.0,0.0
49,42,0,0,0.0,0.0,0.0
49,43,0,0,0.0,0.0,0.0
49,44,0,0,0.0,0.0,0.0
49,45,0,0,0.0,0.0,0.0
49,46,0,0,0.0,0.0,0.0
49,47,0,0,0.0,0.0,0.0
49,48,0,0,0.0,0.0,0.0
49,49,0,0,0.0,0.0,0.0
49,50,0,0,0.0,0.0,0.0
49,51,0,0,0.0,0.0,0.0
49,52,0,0,0.0,0.0,0.0
49,53,0,0,0.0,0.0,0.0
49,54,0,0,0.0,0.0,0.0
49,55,1,0,1.25,0.0,-1.25
49,56,0,0,0.0,0.0,0.0
49,57,0,0,0.0,0.0,0.0
49,58,0,0,0.0,0.0,0.0
49,59,0,0,0.0,0.0,0.0
49,60,0,0,0.0,0.0,0.0
49,61,0,0,0.0,0.0,0.0
49,62,0,0,0.0,0.0,0.0
49,63,0,0,0.0,0.0,0.0
49,64,0,0,0.0,0.0,0.0
49,65,0,0,0.0,0.0,0.0
49,66,0,0,0.0,0.0,0.0
49,67,0,0,0.0,0.0,0.0
49,68,0,0,0.0,0.0,0.0
49,69,0,0,0.0,0.0,0.0
49,70,0,0,0.0,0.0,0.0
49,71,0,0,0.0,0.0,0.0
49,72,0,0,0.0,0.0,0.0
49,73,0,0,0.0,0.0,0.0
49,74,0,0,0.0,0.0,0.0
49,75,0,0,0.0,0.0,0.0
49,76,0,0,0.0,0.0,0.0
49,77,0,0,0.0,0.0,0.0
49,78,0,0,0.0,0.0,0.0
49,79,0,0,0.0,0.0,0.0
49,80,0,0,0.0,0.0,0.0
49,81,0,0,0.0,0.0,0.0
49,82,0,0,0.0,0.0,0.0
49,83,0,0,0.0,0.0,0.0
49,84,0,0,0.0,0.0,0.0
49,85,0,0,0.0,0.0,0.0
49,86,0,0,0.0,0.0,0.0
49,87,0,0,0.0,0.0,0.0
49,88,0,1,0.0,1.25,1.25
49,89,0,1,0.0,1.25,1.25
49,90,0,0,0.0,0.0,0.0
49,91,0,0,0.0,0.0,0.0
49,92,0,0,0.0,0.0,0.0
49,93,0,0,0.0,0.0,0.0
49,94,0,0,0.0,0.0,0.0
49,95,0,0,0.0,0.0,0.0
49,96,1,0,1.25,0.0,-1.25
49,97,0,0,0.0,0.0,0.0
49,98,0,0,0.0,0.0,0.0
49,99,0,0,0.0,0.0,0.0
49,100,0,0,0.0,0.0,0.0
49,101,0,0,0.0,0.0,0.0
49,102,0,0,0.0,0.0,0.0
49,103,0,0,0.0,0.0,0.0
49,104,0,0,0.0,0.0,0.0
49,105,0,0,0.0,0.0,0.0
49,106,0,1,0.0,1.25,1.25
49,107,0,0,0.0,0.0,0.0
49,108,0,0,0.0,0.0,0.0
49,109,0,0,0.0,0.0,0.0
49,110,0,0,0.0,0.0,0.0
49,111,0,0,0.0,0.0,0.0
49,112,0,1,0.0,1.25,1.25
49,113,0,0,0.0,0.0,0.0
49,114,1,1,1.25,1.25,0.0
49,115,0,0,0.0,0.0,0.0
49,116,0,1,0.0,1.25,1.25
49,117,0,0,0.0,0.0,0.0
49,118,0,0,0.0,0.0,0.0
49,119,0,0,0.0,0.0,0.0
49,120,0,0,0.0,0.0,0.0
49,121,0,0,0.0,0.0,0.0
49,122,0,0,0.0,0.0,0.0
49,123,0,0,0.0,0.0,0.0
49,124,0,0,0.0,0.0,0.0
49,125,0,0,0.0,0.0,0.0
49,126,0,0,0.0,0.0,0.0
49,127,0,0,0.0,0.0,0.0
49,128,0,0,0.0,0.0,0.0
49,129,0,0,0.0,0.0,0.0
49,130,0,0,0.0,0.0,0.0
49,131,0,0,0.0,0.0,0.0
49,132,0,0,0.0,0.0,0.0
49,133,0,0,0.0,0.0,0.0
49,134,0,0,0.0,0.0,0.0
50,0,0,0,0.0,0.0,0.0
50,1,0,2,0.0,2.5,2.5
50,2,1,1,1.25,1.25,0.0
50,3,0,0,0.0,0.0,0.0
50,4,0,0,0.0,0.0,0.0
50,5,0,0,0.0,0.0,0.0
50,6,0,0,0.0,0.0,0.0
50,7,1,0,1.25,0.0,-1.25
50,8,0,1,0.0,1.25,1.25
50,9,0,1,0.0,1.25,1.25
50,10,0,0,0.0,0.0,0.0
50,11,0,0,0.0,0.0,0.0
50,12,1,0,1.25,0.0,-1.25
50,13,0,3,0.0,3.75,3.75
50,14,0,0,0.0,0.0,0.0
50,15,0,4,0.0,5.0,5.0
50,16,1,0,1.25,0.0,-1.25
50,17,0,0,0.0,0.0,0.0
50,18,0,0,0.0,0.0,0.0
50,19,1,4,1.25,5.0,3.75
50,20,0,0,0.0,0.0,0.0
50,21,1,0,1.25,0.0,-1.25
50,22,1,0,1.25,0.0,-1.25
50,23,0,0,0.0,0.0,0.0
50,24,0,0,0.0,0.0,0.0
50,25,1,0,1.25,0.0,-1.25
50,26,1,1,1.25,1.25,0.0
50,27,0,0,0.0,0.0,0.0
50,28,0,0,0.0,0.0,0.0
50,29,0,3,0.0,3.75,3.75
50,30,2,1,2.5,1.25,-1.25
50,31,1,0,1.25,0.0,-1.25
50,32,0,0,0.0,0.0,0.0
50,33,0,0,0.0,0.0,0.0
50,34,1,1,1.25,1.25,0.0
50,35,0,0,0.0,0.0,0.0
50,36,1,1,1.25,1.25,0.0
50,37,1,0,1.25,0.0,-1.25
50,38,2,0,2.5,0.0,-2.5
50,39,1,0,1.25,0.0,-1.25
50,40,0,0,0.0,0.0,0.0
50,41,1,1,1.25,1.25,0.0
50,42,0,1,0.0,1.25,1.25
50,43,1,2,1.25,2.5,1.25
50,44,1,0,1.25,0.0,-1.25
50,45,0,0,0.0,0.0,0.0
50,46,2,1,2.5,1.25,-1.25
50,47,0,1,0.0,1.25,1.25
50,48,1,1,1.25,1.25,0.0
50,49,1,1,1.25,1.25,0.0
50,50,1,1,1.25,1.25,0.0
50,51,0,0,0.0,0.0,0.0
50,52,0,0,0.0,0.0,0.0
50,53,1,0,1.25,0.0,-1.25
50,54,0,1,0.0,1.25,1.25
50,55,0,0,0.0,0.0,0.0
50,56,0,0,0.0,0.0,0.0
50,57,1,0,1.25,0.0,-1.25
50,58,2,3,2.5,3.75,1.25
50,59,0,2,0.0,2.5,2.5
50,60,0,1,0.0,1.25,1.25
50,61,1,0,1.25,0.0,-1.25
50,62,0,0,0.0,0.0,0.0
50,63,0,0,0.0,0.0,0.0
50,64,0,0,0.0,0.0,0.0
50,65,0,3,0.0,3.75,3.75
50,66,0,0,0.0,0.0,0.0
50,67,0,0,0.0,0.0,0.0
50,68,0,0,0.0,0.0,0.0
50,69,0,1,0.0,1.25,1.25
50,70,0,0,0.0,0.0,0.0
50,71,0,0,0.0,0.0,0.0
50,72,2,0,2.5,0.0,-2.5
50,73,0,2,0.0,2.5,2.5
50,74,0,1,0.0,1.25,1.25
50,75,1,0,1.25,0.0,-1.25
50,76,0,1,0.0,1.25,1.25
50,77,1,3,1.25,3.75,2.5
50,78,3,1,3.75,1.25,-2.5
50,79,1,2,1.25,2.5,1.25
50,80,0,0,0.0,0.0,0.0
50,81,0,0,0.0,0.0,0.0
50,82,0,0,0.0,0.0,0.0
50,83,1,2,1.25,2.5,1.25
50,84,0,0,0.0,0.0,0.0
50,85,4,0,5.0,0.0,-5.0
50,86,1,2,1.25,2.5,1.25
50,87,1,0,1.25,0.0,-1.25
50,88,0,1,0.0,1.25,1.25
50,89,0,0,0.0,0.0,0.0
50,90,1,1,1.25,1.25,0.0
50,91,1,1,1.25,1.25,0.0
50,92,1,1,1.25,1.25,0.0
50,93,0,1,0.0,1.25,1.25
50,94,0,0,0.0,0.0,0.0
50,95,1,1,1.25,1.25,0.0
50,96,0,6,0.0,7.5,7.5
50,97,2,1,2.5,1.25,-1.25
50,98,0,0,0.0,0.0,0.0
50,99,0,0,0.0,0.0,0.0
50,100,1,1,1.25,1.25,0.0
50,101,1,1,1.25,1.25,0.0
50,102,1,0,1.25,0.0,-1.25
50,103,0,1,0.0,1.25,1.25
50,104,0,0,0.0,0.0,0.0
50,105,0,1,0.0,1.25,1.25
50,106,0,1,0.0,1.25,1.25
50,107,0,0,0.0,0.0,0.0
50,108,0,4,0.0,5.0,5.0
50,109,0,0,0.0,0.0,0.0
50,110,3,0,3.75,0.0,-3.75
50,111,1,0,1.25,0.0,-1.25
50,112,1,0,1.25,0.0,-1.25
50,113,0,0,0.0,0.0,0.0
50,114,0,0,0.0,0.0,0.0
50,115,0,3,0.0,3.75,3.75
50,116,0,0,0.0,0.0,0.0
50,117,0,5,0.0,6.25,6.25
50,118,1,0,1.25,0.0,-1.25
50,119,1,3,1.25,3.75,2.5
50,120,0,0,0.0,0.0,0.0
50,121,1,2,1.25,2.5,1.25
50,122,0,0,0.0,0.0,0.0
50,123,1,2,1.25,2.5,1.25
50,124,1,4,1.25,5.0,3.75
50,125,0,0,0.0,0.0,0.0
50,126,0,0,0.0,0.0,0.0
50,127,0,0,0.0,0.0,0.0
50,128,0,0,0.0,0.0,0.0
50,129,0,1,0.0,1.25,1.25
50,130,2,1,2.5,1.25,-1.25
50,131,0,1,0.0,1.25,1.25
50,132,0,0,0.0,0.0,0.0
50,133,0,1,0.0,1.25,1.25
50,134,0,1,0.0,1.25,1.25
51,0,0,0,0.0,0.0,0.0
51,1,0,4,0.0,5.0,5.0
51,2,1,0,1.25,0.0,-1.25
51,3,1,2,1.25,2.5,1.25
51,4,0,0,0.0,0.0,0.0
51,5,0,0,0.0,0.0,0.0
51,6,0,0,0.0,0.0,0.0
51,7,0,0,0.0,0.0,0.0
51,8,0,1,0.0,1.25,1.25
51,9,0,2,0.0,2.5,2.5
51,10,0,0,0.0,0.0,0.0
51,11,0,1,0.0,1.25,1.25
51,12,0,0,0.0,0.0,0.0
51,13,1,2,1.25,2.5,1.25
51,14,0,0,0.0,0.0,0.0
51,15,2,3,2.5,3.75,1.25
51,16,1,2,1.25,2.5,1.25
51,17,0,0,0.0,0.0,0.0
51,18,2,0,2.5,0.0,-2.5
51,19,1,7,1.25,8.75,7.5
51,20,0,0,0.0,0.0,0.0
51,21,0,0,0.0,0.0,0.0
51,22,0,0,0.0,0.0,0.0
51,23,0,0,0.0,0.0,0.0
51,24,1,0,1.25,0.0,-1.25
51,25,2,0,2.5,0.0,-2.5
51,26,1,1,1.25,1.25,0.0
51,27,0,1,0.0,1.25,1.25
51,28,0,1,0.0,1.25,1.25
51,29,0,2,0.0,2.5,2.5
51,30,2,1,2.5,1.25,-1.25
51,31,1,4,1.25,5.0,3.75
51,32,0,0,0.0,0.0,0.0
51,33,1,0,1.25,0.0,-1.25
51,34,1,1,1.25,1.25,0.0
51,35,0,1,0.0,1.25,1.25
51,36,2,1,2.5,1.25,-1.25
51,37,1,0,1.25,0.0,-1.25
51,38,0,0,0.0,0.0,0.0
51,39,0,0,0.0,0.0,0.0
51,40,0,0,0.0,0.0,0.0
51,41,0,0,0.0,0.0,0.0
51,42,0,1,0.0,1.25,1.25
51,43,0,1,0.0,1.25,1.25
51,44,2,0,2.5,0.0,-2.5
51,45,0,0,0.0,0.0,0.0
51,46,1,0,1.25,0.0,-1.25
51,47,0,0,0.0,0.0,0.0
51,48,0,0,0.0,0.0,0.0
51,49,1,1,1.25,1.25,0.0
51,50,2,0,2.5,0.0,-2.5
51,51,0,0,0.0,0.0,0.0
51,52,0,0,0.0,0.0,0.0
51,53,0,1,0.0,1.25,1.25
51,54,1,2,1.25,2.5,1.25
51,55,0,0,0.0,0.0,0.0
51,56,0,1,0.0,1.25,1.25
51,57,0,0,0.0,0.0,0.0
51,58,1,4,1.25,5.0,3.75
51,59,0,2,0.0,2.5,2.5
51,60,0,0,0.0,0.0,0.0
51,61,0,1,0.0,1.25,1.25
51,62,0,0,0.0,0.0,0.0
51,63,0,0,0.0,0.0,0.0
51,64,0,0,0.0,0.0,0.0
51,65,0,2,0.0,2.5,2.5
51,66,1,0,1.25,0.0,-1.25
51,67,0,0,0.0,0.0,0.0
51,68,0,0,0.0,0.0,0.0
51,69,0,0,0.0,0.0,0.0
51,70,0,0,0.0,0.0,0.0
51,71,0,0,0.0,0.0,0.0
51,72,0,0,0.0,0.0,0.0
51,73,0,2,0.0,2.5,2.5
51,74,0,2,0.0,2.5,2.5
51,75,1,1,1.25,1.25,0.0
51,76,2,0,2.5,0.0,-2.5
51,77,1,2,1.25,2.5,1.25
51,78,1,2,1.25,2.5,1.25
51,79,2,2,2.5,2.5,0.0
51,80,0,0,0.0,0.0,0.0
51,81,0,1,0.0,1.25,1.25
51,82,0,2,0.0,2.5,2.5
51,83,3,1,3.75,1.25,-2.5
51,84,0,1,0.0,1.25,1.25
51,85,4,1,5.0,1.25,-3.75
51,86,1,0,1.25,0.0,-1.25
51,87,1,0,1.25,0.0,-1.25
51,88,0,0,0.0,0.0,0.0
51,89,0,0,0.0,0.0,0.0
51,90,3,1,3.75,1.25,-2.5
51,91,0,2,0.0,2.5,2.5
51,92,3,1,3.75,1.25,-2.5
51,93,0,0,0.0,0.0,0.0
51,94,0,0,0.0,0.0,0.0
51,95,0,1,0.0,1.25,1.25
51,96,0,5,0.0,6.25,6.25
51,97,3,1,3.75,1.25,-2.5
51,98,1,1,1.25,1.25,0.0
51,99,0,0,0.0,0.0,0.0
51,100,2,1,2.5,1.25,-1.25
51,101,2,0,2.5,0.0,-2.5
51,102,1,0,1.25,0.0,-1.25
51,103,0,1,0.0,1.25,1.25
51,104,1,0,1.25,0.0,-1.25
51,105,1,1,1.25,1.25,0.0
51,106,0,1,0.0,1.25,1.25
51,107,1,0,1.25,0.0,-1.25
51,108,0,4,0.0,5.0,5.0
51,109,0,0,0.0,0.0,0.0
51,110,4,0,5.0,0.0,-5.0
51,111,0,1,0.0,1.25,1.25
51,112,1,2,1.25,2.5,1.25
51,113,0,0,0.0,0.0,0.0
51,114,0,2,0.0,2.5,2.5
51,115,0,2,0.0,2.5,2.5
51,116,0,1,0.0,1.25,1.25
51,117,0,7,0.0,8.75,8.75
51,118,0,0,0.0,0.0,0.0
51,119,0,2,0.0,2.5,2.5
51,120,0,0,0.0,0.0,0.0
51,121,2,4,2.5,5.0,2.5
51,122,1,0,1.25,0.0,-1.25
51,123,0,1,0.0,1.25,1.25
51,124,2,6,2.5,7.5,5.0
51,125,0,1,0.0,1.25,1.25
51,126,0,0,0.0,0.0,0.0
51,127,0,0,0.0,0.0,0.0
51,128,0,0,0.0,0.0,0.0
51,129,0,3,0.0,3.75,3.75
51,130,3,2,3.75,2.5,-1.25
51,131,0,0,0.0,0.0,0.0
51,132,0,0,0.0,0.0,0.0
51,133,0,0,0.0,0.0,0.0
51,134,0,0,0.0,0.0,0.0
52,0,0,0,0.0,0.0,0.0
52,1,0,0,0.0,0.0,0.0
52,2,0,0,0.0,0.0,0.0
52,3,0,0,0.0,0.0,0.0
52,4,0,0,0.0,0.0,0.0
52,5,0,0,0.0,0.0,0.0
52,6,0,0,0.0,0.0,0.0
52,7,0,0,0.0,0.0,0.0
52,8,0,0,0.0,0.0,0.0
52,9,0,0,0.0,0.0,0.0
52,10,0,0,0.0,0.0,0.0
52,11,0,0,0.0,0.0,0.0
52,12,0,0,0.0,0.0,0.0
52,13,1,0,1.25,0.0,-1.25
52,14,0,0,0.0,0.0,0.0
52,15,0,0,0.0,0.0,0.0
52,16,0,0,0.0,0.0,0.0
52,17,0,0,0.0,0.0,0.0
52,18,0,0,0.0,0.0,0.0
52,19,0,0,0.0,0.0,0.0
52,20,0,0,0.0,0.0,0.0
52,21,0,0,0.0,0.0,0.0
52,22,0,0,0.0,0.0,0.0
52,23,0,0,0.0,0.0,0.0
52,24,0,0,0.0,0.0,0.0
52,25,0,0,0.0,0.0,0.0
52,26,0,0,0.0,0.0,0.0
52,27,0,0,0.0,0.0,0.0
52,28,0,0,0.0,0.0,0.0
52,29,0,0,0.0,0.0,0.0
52,30,0,0,0.0,0.0,0.0
52,31,0,0,0.0,0.0,0.0
52,32,0,0,0.0,0.0,0.0
52,33,0,0,0.0,0.0,0.0
52,34,0,1,0.0,1.25,1.25
52,35,0,0,0.0,0.0,0.0
52,36,0,0,0.0,0.0,0.0
52,37,0,0,0.0,0.0,0.0
52,38,0,0,0.0,0.0,0.0
52,39,0,0,0.0,0.0,0.0
52,40,0,0,0.0,0.0,0.0
52,41,0,0,0.0,0.0,0.0
52,42,0,0,0.0,0.0,0.0
52,43,0,0,0.0,0.0,0.0
52,44,0,0,0.0,0.0,0.0
52,45,0,0,0.0,0.0,0.0
52,46,0,0,0.0,0.0,0.0
52,47,0,0,0.0,0.0,0.0
52,48,0,0,0.0,0.0,0.0
52,49,0,0,0.0,0.0,0.0
52,50,0,1,0.0,1.25,1.25
52,51,0,0,0.0,0.0,0.0
52,52,1,0,1.25,0.0,-1.25
52,53,0,0,0.0,0.0,0.0
52,54,0,0,0.0,0.0,0.0
52,55,0,0,0.0,0.0,0.0
52,56,0,0,0.0,0.0,0.0
52,57,0,0,0.0,0.0,0.0
52,58,0,0,0.0,0.0,0.0
52,59,0,0,0.0,0.0,0.0
52,60,0,0,0.0,0.0,0.0
52,61,0,0,0.0,0.0,0.0
52,62,0,0,0.0,0.0,0.0
52,63,0,1,0.0,1.25,1.25
52,64,0,0,0.0,0.0,0.0
52,65,0,1,0.0,1.25,1.25
52,66,0,0,0.0,0.0,0.0
52,67,0,0,0.0,0.0,0.0
52,68,0,0,0.0,0.0,0.0
52,69,1,0,1.25,0.0,-1.25
52,70,0,0,0.0,0.0,0.0
52,71,0,0,0.0,0.0,0.0
52,72,0,0,0.0,0.0,0.0
52,73,0,0,0.0,0.0,0.0
52,74,0,1,0.0,1.25,1.25
52,75,0,0,0.0,0.0,0.0
52,76,0,0,0.0,0.0,0.0
52,77,0,0,0.0,0.0,0.0
52,78,0,1,0.0,1.25,1.25
52,79,1,0,1.25,0.0,-1.25
52,80,0,0,0.0,0.0,0.0
52,81,0,0,0.0,0.0,0.0
52,82,0,2,0.0,2.5,2.5
52,83,1,0,1.25,0.0,-1.25
52,84,0,1,0.0,1.25,1.25
52,85,0,0,0.0,0.0,0.0
52,86,0,1,0.0,1.25,1.25
52,87,0,0,0.0,0.0,0.0
52,88,0,0,0.0,0.0,0.0
52,89,0,0,0.0,0.0,0.0
52,90,0,0,0.0,0.0,0.0
52,91,0,0,0.0,0.0,0.0
52,92,0,0,0.0,0.0,0.0
52,93,0,0,0.0,0.0,0.0
52,94,0,0,0.0,0.0,0.0
52,95,0,0,0.0,0.0,0.0
52,96,0,0,0.0,0.0,0.0
52,97,0,0,0.0,0.0,0.0
52,98,0,0,0.0,0.0,0.0
52,99,0,0,0.0,0.0,0.0
52,100,3,0,3.75,0.0,-3.75
52,101,2,2,2.5,2.5,0.0
52,102,0,0,0.0,0.0,0.0
52,103,0,0,0.0,0.0,0.0
52,104,0,0,0.0,0.0,0.0
52,105,0,0,0.0,0.0,0.0
52,106,0,1,0.0,1.25,1.25
52,107,0,0,0.0,0.0,0.0
52,108,0,0,0.0,0.0,0.0
52,109,0,0,0.0,0.0,0.0
52,110,0,0,0.0,0.0,0.0
52,111,0,0,0.0,0.0,0.0
52,112,0,1,0.0,1.25,1.25
52,113,1,0,1.25,0.0,-1.25
52,114,0,0,0.0,0.0,0.0
52,115,0,5,0.0,6.25,6.25
52,116,0,0,0.0,0.0,0.0
52,117,0,3,0.0,3.75,3.75
52,118,0,0,0.0,0.0,0.0
52,119,0,0,0.0,0.0,0.0
52,120,0,0,0.0,0.0,0.0
52,121,1,0,1.25,0.0,-1.25
52,122,1,0,1.25,0.0,-1.25
52,123,0,0,0.0,0.0,0.0
52,124,0,1,0.0,1.25,1.25
52,125,1,0,1.25,0.0,-1.25
52,126,0,0,0.0,0.0,0.0
52,127,0,0,0.0,0.0,0.0
52,128,0,0,0.0,0.0,0.0
52,129,0,0,0.0,0.0,0.0
52,130,2,1,2.5,1.25,-1.25
52,131,0,0,0.0,0.0,0.0
52,132,1,2,1.25,2.5,1.25
52,133,0,2,0.0,2.5,2.5
52,134,0,0,0.0,0.0,0.0
53,0,14,13,17.5,16.25,-1.25
53,1,15,14,18.75,17.5,-1.25
53,2,14,16,17.5,20.0,2.5
53,3,13,11,16.25,13.75,-2.5
53,4,9,6,11.25,7.5,-3.75
53,5,0,0,0.0,0.0,0.0
53,6,0,0,0.0,0.0,0.0
53,7,0,0,0.0,0.0,0.0
53,8,13,12,16.25,15.0,-1.25
53,9,20,16,25.0,20.0,-5.0
53,10,14,19,17.5,23.75,6.25
53,11,10,11,12.5,13.75,1.25
53,12,10,14,12.5,17.5,5.0
53,13,9,18,11.25,22.5,11.25
53,14,9,12,11.25,15.0,3.75
53,15,12,19,15.0,23.75,8.75
53,16,14,13,17.5,16.25,-1.25
53,17,9,9,11.25,11.25,0.0
53,18,15,12,18.75,15.0,-3.75
53,19,11,16,13.75,20.0,6.25
53,20,9,5,11.25,6.25,-5.0
53,21,12,6,15.0,7.5,-7.5
53,22,13,14,16.25,17.5,1.25
53,23,13,18,16.25,22.5,6.25
53,24,13,17,16.25,21.25,5.0
53,25,22,14,27.5,17.5,-10.0
53,26,13,16,16.25,20.0,3.75
53,27,17,11,21.25,13.75,-7.5
53,28,12,15,15.0,18.75,3.75
53,29,12,13,15.0,16.25,1.25
53,30,12,10,15.0,12.5,-2.5
53,31,11,15,13.75,18.75,5.0
53,32,10,11,12.5,13.75,1.25
53,33,7,19,8.75,23.75,15.0
53,34,12,16,15.0,20.0,5.0
53,35,15,9,18.75,11.25,-7.5
53,36,15,16,18.75,20.0,1.25
53,37,13,12,16.25,15.0,-1.25
53,38,11,14,13.75,17.5,3.75
53,39,10,16,12.5,20.0,7.5
53,40,15,18,18.75,22.5,3.75
53,41,22,13,27.5,16.25,-11.25
53,42,16,20,20.0,25.0,5.0
53,43,13,12,16.25,15.0,-1.25
53,44,8,6,10.0,7.5,-2.5
53,45,10,9,12.5,11.25,-1.25
53,46,17,15,21.25,18.75,-2.5
53,47,23,18,28.75,22.5,-6.25
53,48,11,13,13.75,16.25,2.5
53,49,7,10,8.75,12.5,3.75
53,50,13,6,16.25,7.5,-8.75
53,51,6,7,7.5,8.75,1.25
53,52,6,7,7.5,8.75,1.25
53,53,9,10,11.25,12.5,1.25
53,54,9,13,11.25,16.25,5.0
53,55,13,18,16.25,22.5,6.25
53,56,14,12,17.5,15.0,-2.5
53,57,8,14,10.0,17.5,7.5
53,58,9,6,11.25,7.5,-3.75
53,59,13,12,16.25,15.0,-1.25
53,60,11,9,13.75,11.25,-2.5
53,61,13,19,16.25,23.75,7.5
53,62,0,0,0.0,0.0,0.0
53,63,0,0,0.0,0.0,0.0
53,64,0,4,0.0,5.0,5.0
53,65,15,12,18.75,15.0,-3.75
53,66,6,5,7.5,6.25,-1.25
53,67,0,0,0.0,0.0,0.0
53,68,0,1,0.0,1.25,1.25
53,69,0,2,0.0,2.5,2.5
53,70,2,1,2.5,1.25,-1.25
53,71,0,0,0.0,0.0,0.0
53,72,1,0,1.25,0.0,-1.25
53,73,7,4,8.75,5.0,-3.75
53,74,4,2,5.0,2.5,-2.5
53,75,8,7,10.0,8.75,-1.25
53,76,11,6,13.75,7.5,-6.25
53,77,7,6,8.75,7.5,-1.25
53,78,11,8,13.75,10.0,-3.75
53,79,12,9,15.0,11.25,-3.75
53,80,9,5,11.25,6.25,-5.0
53,81,2,3,2.5,3.75,1.25
53,82,13,15,16.25,18.75,2.5
53,83,7,13,8.75,16.25,7.5
53,84,14,12,17.5,15.0,-2.5
53,85,2,1,2.5,1.25,-1.25
53,86,5,13,6.25,16.25,10.0
53,87,8,12,10.0,15.0,5.0
53,88,18,14,22.5,17.5,-5.0
53,89,12,17,15.0,21.25,6.25
53,90,13,13,16.25,16.25,0.0
53,91,8,6,10.0,7.5,-2.5
53,92,12,8,15.0,10.0,-5.0
53,93,11,14,13.75,17.5,3.75
53,94,9,9,11.25,11.25,0.0
53,95,11,11,13.75,13.75,0.0
53,96,2,7,2.5,8.75,6.25
53,97,3,2,3.75,2.5,-1.25
53,98,6,3,7.5,3.75,-3.75
53,99,5,3,6.25,3.75,-2.5
53,100,15,8,18.75,10.0,-8.75
53,101,0,7,0.0,8.75,8.75
53,102,4,0,5.0,0.0,-5.0
53,103,2,0,2.5,0.0,-2.5
53,104,15,13,18.75,16.25,-2.5
53,105,9,13,11.25,16.25,5.0
53,106,9,12,11.25,15.0,3.75
53,107,9,6,11.25,7.5,-3.75
53,108,9,12,11.25,15.0,3.75
53,109,8,13,10.0,16.25,6.25
53,110,13,6,16.25,7.5,-8.75
53,111,11,12,13.75,15.0,1.25
53,112,14,18,17.5,22.5,5.0
53,113,14,16,17.5,20.0,2.5
53,114,18,15,22.5,18.75,-3.75
53,115,13,14,16.25,17.5,1.25
53,116,12,15,15.0,18.75,3.75
53,117,11,15,13.75,18.75,5.0
53,118,10,8,12.5,10.0,-2.5
53,119,12,8,15.0,10.0,-5.0
53,120,8,12,10.0,15.0,5.0
53,121,12,13,15.0,16.25,1.25
53,122,9,7,11.25,8.75,-2.5
53,123,6,7,7.5,8.75,1.25
53,124,13,10,16.25,12.5,-3.75
53,125,10,6,12.5,7.5,-5.0
53,126,7,13,8.75,16.25,7.5
53,127,18,15,22.5,18.75,-3.75
53,128,17,19,21.25,23.75,2.5
53,129,8,5,10.0,6.25,-3.75
53,130,9,9,11.25,11.25,0.0
53,131,0,0,0.0,0.0,0.0
53,132,0,1,0.0,1.25,1.25
53,133,5,0,6.25,0.0,-6.25
53,134,3,2,3.75,2.5,-1.25
54,0,1,0,1.25,0.0,-1.25
54,1,0,1,0.0,1.25,1.25
54,2,3,0,3.75,0.0,-3.75
54,3,6,1,7.5,1.25,-6.25
54,4,4,1,5.0,1.25,-3.75
54,5,3,3,3.75,3.75,0.0
54,6,9,0,11.25,0.0,-11.25
54,7,2,0,2.5,0.0,-2.5
54,8,0,0,0.0,0.0,0.0
54,9,0,3,0.0,3.75,3.75
54,10,1,12,1.25,15.0,13.75
54,11,2,6,2.5,7.5,5.0
54,12,2,3,2.5,3.75,1.25
54,13,2,5,2.5,6.25,3.75
54,14,2,4,2.5,5.0,2.5
54,15,7,3,8.75,3.75,-5.0
54,16,1,3,1.25,3.75,2.5
54,17,1,4,1.25,5.0,3.75
54,18,3,5,3.75,6.25,2.5
54,19,2,1,2.5,1.25,-1.25
54,20,4,0,5.0,0.0,-5.0
54,21,7,3,8.75,3.75,-5.0
54,22,2,6,2.5,7.5,5.0
54,23,5,2,6.25,2.5,-3.75
54,24,5,3,6.25,3.75,-2.5
54,25,3,2,3.75,2.5,-1.25
54,26,2,3,2.5,3.75,1.25
54,27,3,2,3.75,2.5,-1.25
54,28,2,3,2.5,3.75,1.25
54,29,0,2,0.0,2.5,2.5
54,30,2,2,2.5,2.5,0.0
54,31,0,6,0.0,7.5,7.5
54,32,1,6,1.25,7.5,6.25
54,33,6,16,7.5,20.0,12.5
54,34,5,4,6.25,5.0,-1.25
54,35,0,4,0.0,5.0,5.0
54,36,2,0,2.5,0.0,-2.5
54,37,12,4,15.0,5.0,-10.0
54,38,18,8,22.5,10.0,-12.5
54,39,1,0,1.25,0.0,-1.25
54,40,1,6,1.25,7.5,6.25
54,41,0,0,0.0,0.0,0.0
54,42,0,0,0.0,0.0,0.0
54,43,1,0,1.25,0.0,-1.25
54,44,0,0,0.0,0.0,0.0
54,45,2,0,2.5,0.0,-2.5
54,46,2,4,2.5,5.0,2.5
54,47,1,0,1.25,0.0,-1.25
54,48,1,1,1.25,1.25,0.0
54,49,2,13,2.5,16.25,13.75
54,50,0,3,0.0,3.75,3.75
54,51,1,0,1.25,0.0,-1.25
54,52,0,0,0.0,0.0,0.0
54,53,0,1,0.0,1.25,1.25
54,54,0,5,0.0,6.25,6.25
54,55,0,0,0.0,0.0,0.0
54,56,0,0,0.0,0.0,0.0
54,57,0,0,0.0,0.0,0.0
54,58,0,0,0.0,0.0,0.0
54,59,0,0,0.0,0.0,0.0
54,60,0,0,0.0,0.0,0.0
54,61,0,2,0.0,2.5,2.5
54,62,0,0,0.0,0.0,0.0
54,63,2,0,2.5,0.0,-2.5
54,64,0,0,0.0,0.0,0.0
54,65,0,1,0.0,1.25,1.25
54,66,1,0,1.25,0.0,-1.25
54,67,0,0,0.0,0.0,0.0
54,68,0,0,0.0,0.0,0.0
54,69,0,1,0.0,1.25,1.25
54,70,1,0,1.25,0.0,-1.25
54,71,1,0,1.25,0.0,-1.25
54,72,0,1,0.0,1.25,1.25
54,73,0,0,0.0,0.0,0.0
54,74,0,16,0.0,20.0,20.0
54,75,7,10,8.75,12.5,3.75
54,76,4,1,5.0,1.25,-3.75
54,77,1,0,1.25,0.0,-1.25
54,78,0,1,0.0,1.25,1.25
54,79,1,0,1.25,0.0,-1.25
54,80,0,0,0.0,0.0,0.0
54,81,0,0,0.0,0.0,0.0
54,82,0,0,0.0,0.0,0.0
54,83,3,0,3.75,0.0,-3.75
54,84,0,0,0.0,0.0,0.0
54,85,0,0,0.0,0.0,0.0
54,86,6,2,7.5,2.5,-5.0
54,87,0,1,0.0,1.25,1.25
54,88,0,0,0.0,0.0,0.0
54,89,0,0,0.0,0.0,0.0
54,90,0,0,0.0,0.0,0.0
54,91,0,0,0.0,0.0,0.0
54,92,4,1,5.0,1.25,-3.75
54,93,0,0,0.0,0.0,0.0
54,94,5,0,6.25,0.0,-6.25
54,95,2,0,2.5,0.0,-2.5
54,96,1,0,1.25,0.0,-1.25
54,97,1,10,1.25,12.5,11.25
54,98,0,0,0.0,0.0,0.0
54,99,5,0,6.25,0.0,-6.25
54,100,8,0,10.0,0.0,-10.0
54,101,6,16,7.5,20.0,12.5
54,102,3,5,3.75,6.25,2.5
54,103,1,4,1.25,5.0,3.75
54,104,0,0,0.0,0.0,0.0
54,105,1,4,1.25,5.0,3.75
54,106,0,0,0.0,0.0,0.0
54,107,1,0,1.25,0.0,-1.25
54,108,0,0,0.0,0.0,0.0
54,109,0,0,0.0,0.0,0.0
54,110,0,1,0.0,1.25,1.25
54,111,1,0,1.25,0.0,-1.25
54,112,0,0,0.0,0.0,0.0
54,113,1,0,1.25,0.0,-1.25
54,114,0,0,0.0,0.0,0.0
54,115,1,0,1.25,0.0,-1.25
54,116,0,0,0.0,0.0,0.0
54,117,0,3,0.0,3.75,3.75
54,118,0,0,0.0,0.0,0.0
54,119,0,0,0.0,0.0,0.0
54,120,0,0,0.0,0.0,0.0
54,121,0,0,0.0,0.0,0.0
54,122,0,0,0.0,0.0,0.0
54,123,0,4,0.0,5.0,5.0
54,124,0,0,0.0,0.0,0.0
54,125,0,0,0.0,0.0,0.0
54,126,0,0,0.0,0.0,0.0
54,127,0,1,0.0,1.25,1.25
54,128,0,0,0.0,0.0,0.0
54,129,0,0,0.0,0.0,0.0
54,130,0,0,0.0,0.0,0.0
54,131,0,1,0.0,1.25,1.25
54,132,1,2,1.25,2.5,1.25
54,133,6,10,7.5,12.5,5.0
54,134,0,0,0.0,0.0,0.0
55,0,0,0,0.0,0.0,0.0
55,1,0,1,0.0,1.25,1.25
55,2,0,0,0.0,0.0,0.0
55,3,0,0,0.0,0.0,0.0
55,4,0,0,0.0,0.0,0.0
55,5,0,0,0.0,0.0,0.0
55,6,0,0,0.0,0.0,0.0
55,7,1,0,1.25,0.0,-1.25
55,8,1,0,1.25,0.0,-1.25
55,9,0,1,0.0,1.25,1.25
55,10,0,0,0.0,0.0,0.0
55,11,0,0,0.0,0.0,0.0
55,12,0,0,0.0,0.0,0.0
55,13,0,0,0.0,0.0,0.0
55,14,0,0,0.0,0.0,0.0
55,15,0,1,0.0,1.25,1.25
55,16,1,0,1.25,0.0,-1.25
55,17,0,0,0.0,0.0,0.0
55,18,0,0,0.0,0.0,0.0
55,19,1,3,1.25,3.75,2.5
55,20,0,0,0.0,0.0,0.0
55,21,0,0,0.0,0.0,0.0
55,22,0,0,0.0,0.0,0.0
55,23,0,0,0.0,0.0,0.0
55,24,0,0,0.0,0.0,0.0
55,25,0,0,0.0,0.0,0.0
55,26,0,1,0.0,1.25,1.25
55,27,0,0,0.0,0.0,0.0
55,28,0,0,0.0,0.0,0.0
55,29,0,2,0.0,2.5,2.5
55,30,1,1,1.25,1.25,0.0
55,31,1,2,1.25,2.5,1.25
55,32,0,0,0.0,0.0,0.0
55,33,0,0,0.0,0.0,0.0
55,34,0,0,0.0,0.0,0.0
55,35,0,0,0.0,0.0,0.0
55,36,0,0,0.0,0.0,0.0
55,37,0,0,0.0,0.0,0.0
55,38,0,0,0.0,0.0,0.0
55,39,0,0,0.0,0.0,0.0
55,40,0,0,0.0,0.0,0.0
55,41,0,0,0.0,0.0,0.0
55,42,0,0,0.0,0.0,0.0
55,43,0,2,0.0,2.5,2.5
55,44,0,0,0.0,0.0,0.0
55,45,0,0,0.0,0.0,0.0
55,46,2,0,2.5,0.0,-2.5
55,47,0,0,0.0,0.0,0.0
55,48,0,0,0.0,0.0,0.0
55,49,0,0,0.0,0.0,0.0
55,50,0,0,0.0,0.0,0.0
55,51,0,0,0.0,0.0,0.0
55,52,0,0,0.0,0.0,0.0
55,53,0,0,0.0,0.0,0.0
55,54,0,0,0.0,0.0,0.0
55,55,0,0,0.0,0.0,0.0
55,56,0,0,0.0,0.0,0.0
55,57,0,0,0.0,0.0,0.0
55,58,1,0,1.25,0.0,-1.25
55,59,0,1,0.0,1.25,1.25
55,60,0,0,0.0,0.0,0.0
55,61,0,0,0.0,0.0,0.0
55,62,0,0,0.0,0.0,0.0
55,63,0,0,0.0,0.0,0.0
55,64,0,0,0.0,0.0,0.0
55,65,0,1,0.0,1.25,1.25
55,66,0,0,0.0,0.0,0.0
55,67,0,0,0.0,0.0,0.0
55,68,0,0,0.0,0.0,0.0
55,69,0,0,0.0,0.0,0.0
55,70,0,0,0.0,0.0,0.0
55,71,1,0,1.25,0.0,-1.25
55,72,0,0,0.0,0.0,0.0
55,73,0,2,0.0,2.5,2.5
55,74,0,0,0.0,0.0,0.0
55,75,0,0,0.0,0.0,0.0
55,76,0,0,0.0,0.0,0.0
55,77,1,2,1.25,2.5,1.25
55,78,1,0,1.25,0.0,-1.25
55,79,0,2,0.0,2.5,2.5
55,80,0,0,0.0,0.0,0.0
55,81,0,1,0.0,1.25,1.25
55,82,0,0,0.0,0.0,0.0
55,83,1,0,1.25,0.0,-1.25
55,84,0,0,0.0,0.0,0.0
55,85,1,0,1.25,0.0,-1.25
55,86,1,0,1.25,0.0,-1.25
55,87,0,0,0.0,0.0,0.0
55,88,0,0,0.0,0.0,0.0
55,89,0,0,0.0,0.0,0.0
55,90,1,0,1.25,0.0,-1.25
55,91,0,0,0.0,0.0,0.0
55,92,1,0,1.25,0.0,-1.25
55,93,0,0,0.0,0.0,0.0
55,94,0,0,0.0,0.0,0.0
55,95,0,1,0.0,1.25,1.25
55,96,0,0,0.0,0.0,0.0
55,97,2,1,2.5,1.25,-1.25
55,98,0,0,0.0,0.0,0.0
55,99,0,0,0.0,0.0,0.0
55,100,0,1,0.0,1.25,1.25
55,101,0,0,0.0,0.0,0.0
55,102,0,0,0.0,0.0,0.0
55,103,0,1,0.0,1.25,1.25
55,104,0,0,0.0,0.0,0.0
55,105,0,0,0.0,0.0,0.0
55,106,0,0,0.0,0.0,0.0
55,107,0,0,0.0,0.0,0.0
55,108,0,2,0.0,2.5,2.5
55,109,0,0,0.0,0.0,0.0
55,110,0,0,0.0,0.0,0.0
55,111,0,0,0.0,0.0,0.0
55,112,0,0,0.0,0.0,0.0
55,113,0,0,0.0,0.0,0.0
55,114,0,0,0.0,0.0,0.0
55,115,0,0,0.0,0.0,0.0
55,116,0,0,0.0,0.0,0.0
55,117,0,2,0.0,2.5,2.5
55,118,0,0,0.0,0.0,0.0
55,119,0,2,0.0,2.5,2.5
55,120,0,0,0.0,0.0,0.0
55,121,0,0,0.0,0.0,0.0
55,122,0,0,0.0,0.0,0.0
55,123,0,0,0.0,0.0,0.0
55,124,0,1,0.0,1.25,1.25
55,125,0,0,0.0,0.0,0.0
55,126,0,0,0.0,0.0,0.0
55,127,0,0,0.0,0.0,0.0
55,128,0,0,0.0,0.0,0.0
55,129,0,0,0.0,0.0,0.0
55,130,0,0,0.0,0.0,0.0
55,131,0,0,0.0,0.0,0.0
55,132,0,0,0.0,0.0,0.0
55,133,0,0,0.0,0.0,0.0
55,134,0,1,0.0,1.25,1.25
56,0,0,0,0.0,0.0,0.0
56,1,0,2,0.0,2.5,2.5
56,2,0,2,0.0,2.5,2.5
56,3,4,6,5.0,7.5,2.5
56,4,0,0,0.0,0.0,0.0
56,5,0,0,0.0,0.0,0.0
56,6,0,2,0.0,2.5,2.5
56,7,0,0,0.0,0.0,0.0
56,8,0,0,0.0,0.0,0.0
56,9,1,0,1.25,0.0,-1.25
56,10,0,2,0.0,2.5,2.5
56,11,0,8,0.0,10.0,10.0
56,12,0,0,0.0,0.0,0.0
56,13,0,0,0.0,0.0,0.0
56,14,5,3,6.25,3.75,-2.5
56,15,0,0,0.0,0.0,0.0
56,16,0,0,0.0,0.0,0.0
56,17,0,0,0.0,0.0,0.0
56,18,0,0,0.0,0.0,0.0
56,19,0,0,0.0,0.0,0.0
56,20,0,0,0.0,0.0,0.0
56,21,0,0,0.0,0.0,0.0
56,22,0,0,0.0,0.0,0.0
56,23,0,0,0.0,0.0,0.0
56,24,0,0,0.0,0.0,0.0
56,25,0,0,0.0,0.0,0.0
56,26,2,1,2.5,1.25,-1.25
56,27,0,0,0.0,0.0,0.0
56,28,0,19,0.0,23.75,23.75
56,29,1,2,1.25,2.5,1.25
56,30,0,10,0.0,12.5,12.5
56,31,1,2,1.25,2.5,1.25
56,32,0,4,0.0,5.0,5.0
56,33,1,4,1.25,5.0,3.75
56,34,0,0,0.0,0.0,0.0
56,35,0,0,0.0,0.0,0.0
56,36,0,0,0.0,0.0,0.0
56,37,0,0,0.0,0.0,0.0
56,38,0,0,0.0,0.0,0.0
56,39,0,0,0.0,0.0,0.0
56,40,0,0,0.0,0.0,0.0
56,41,4,0,5.0,0.0,-5.0
56,42,0,0,0.0,0.0,0.0
56,43,2,1,2.5,1.25,-1.25
56,44,1,0,1.25,0.0,-1.25
56,45,1,0,1.25,0.0,-1.25
56,46,1,0,1.25,0.0,-1.25
56,47,0,0,0.0,0.0,0.0
56,48,0,0,0.0,0.0,0.0
56,49,0,4,0.0,5.0,5.0
56,50,5,0,6.25,0.0,-6.25
56,51,3,1,3.75,1.25,-2.5
56,52,0,0,0.0,0.0,0.0
56,53,0,3,0.0,3.75,3.75
56,54,0,0,0.0,0.0,0.0
56,55,1,5,1.25,6.25,5.0
56,56,2,0,2.5,0.0,-2.5
56,57,0,0,0.0,0.0,0.0
56,58,0,1,0.0,1.25,1.25
56,59,0,0,0.0,0.0,0.0
56,60,0,0,0.0,0.0,0.0
56,61,0,0,0.0,0.0,0.0
56,62,1,0,1.25,0.0,-1.25
56,63,0,2,0.0,2.5,2.5
56,64,0,0,0.0,0.0,0.0
56,65,2,1,2.5,1.25,-1.25
56,66,0,0,0.0,0.0,0.0
56,67,0,0,0.0,0.0,0.0
56,68,0,0,0.0,0.0,0.0
56,69,0,0,0.0,0.0,0.0
56,70,0,0,0.0,0.0,0.0
56,71,0,0,0.0,0.0,0.0
56,72,0,3,0.0,3.75,3.75
56,73,0,2,0.0,2.5,2.5
56,74,3,1,3.75,1.25,-2.5
56,75,0,1,0.0,1.25,1.25
56,76,0,0,0.0,0.0,0.0
56,77,0,0,0.0,0.0,0.0
56,78,0,0,0.0,0.0,0.0
56,79,1,0,1.25,0.0,-1.25
56,80,0,0,0.0,0.0,0.0
56,81,1,4,1.25,5.0,3.75
56,82,1,0,1.25,0.0,-1.25
56,83,0,1,0.0,1.25,1.25
56,84,2,0,2.5,0.0,-2.5
56,85,0,1,0.0,1.25,1.25
56,86,0,0,0.0,0.0,0.0
56,87,0,4,0.0,5.0,5.0
56,88,0,2,0.0,2.5,2.5
56,89,0,2,0.0,2.5,2.5
56,90,2,2,2.5,2.5,0.0
56,91,1,0,1.25,0.0,-1.25
56,92,2,0,2.5,0.0,-2.5
56,93,0,2,0.0,2.5,2.5
56,94,0,0,0.0,0.0,0.0
56,95,0,0,0.0,0.0,0.0
56,96,0,3,0.0,3.75,3.75
56,97,0,1,0.0,1.25,1.25
56,98,0,0,0.0,0.0,0.0
56,99,2,2,2.5,2.5,0.0
56,100,0,0,0.0,0.0,0.0
56,101,0,0,0.0,0.0,0.0
56,102,0,1,0.0,1.25,1.25
56,103,2,2,2.5,2.5,0.0
56,104,5,1,6.25,1.25,-5.0
56,105,4,1,5.0,1.25,-3.75
56,106,0,2,0.0,2.5,2.5
56,107,0,0,0.0,0.0,0.0
56,108,1,0,1.25,0.0,-1.25
56,109,0,0,0.0,0.0,0.0
56,110,0,0,0.0,0.0,0.0
56,111,0,0,0.0,0.0,0.0
56,112,0,5,0.0,6.25,6.25
56,113,0,0,0.0,0.0,0.0
56,114,0,0,0.0,0.0,0.0
56,115,0,1,0.0,1.25,1.25
56,116,0,0,0.0,0.0,0.0
56,117,0,5,0.0,6.25,6.25
56,118,0,0,0.0,0.0,0.0
56,119,0,0,0.0,0.0,0.0
56,120,0,0,0.0,0.0,0.0
56,121,0,0,0.0,0.0,0.0
56,122,0,0,0.0,0.0,0.0
56,123,0,6,0.0,7.5,7.5
56,124,1,0,1.25,0.0,-1.25
56,125,0,0,0.0,0.0,0.0
56,126,0,0,0.0,0.0,0.0
56,127,0,4,0.0,5.0,5.0
56,128,0,0,0.0,0.0,0.0
56,129,0,0,0.0,0.0,0.0
56,130,1,0,1.25,0.0,-1.25
56,131,1,1,1.25,1.25,0.0
56,132,0,0,0.0,0.0,0.0
56,133,0,1,0.0,1.25,1.25
56,134,0,0,0.0,0.0,0.0
57,0,0,0,0.0,0.0,0.0
57,1,0,1,0.0,1.25,1.25
57,2,1,0,1.25,0.0,-1.25
57,3,0,0,0.0,0.0,0.0
57,4,0,0,0.0,0.0,0.0
57,5,0,0,0.0,0.0,0.0
57,6,0,0,0.0,0.0,0.0
57,7,0,0,0.0,0.0,0.0
57,8,0,0,0.0,0.0,0.0
57,9,0,0,0.0,0.0,0.0
57,10,0,0,0.0,0.0,0.0
57,11,0,0,0.0,0.0,0.0
57,12,0,0,0.0,0.0,0.0
57,13,0,0,0.0,0.0,0.0
57,14,0,0,0.0,0.0,0.0
57,15,1,0,1.25,0.0,-1.25
57,16,0,1,0.0,1.25,1.25
57,17,0,0,0.0,0.0,0.0
57,18,0,0,0.0,0.0,0.0
57,19,0,0,0.0,0.0,0.0
57,20,0,0,0.0,0.0,0.0
57,21,0,0,0.0,0.0,0.0
57,22,0,0,0.0,0.0,0.0
57,23,0,0,0.0,0.0,0.0
57,24,1,0,1.25,0.0,-1.25
57,25,0,0,0.0,0.0,0.0
57,26,0,0,0.0,0.0,0.0
57,27,0,0,0.0,0.0,0.0
57,28,0,0,0.0,0.0,0.0
57,29,0,0,0.0,0.0,0.0
57,30,1,0,1.25,0.0,-1.25
57,31,0,0,0.0,0.0,0.0
57,32,0,1,0.0,1.25,1.25
57,33,0,0,0.0,0.0,0.0
57,34,2,0,2.5,0.0,-2.5
57,35,0,1,0.0,1.25,1.25
57,36,0,0,0.0,0.0,0.0
57,37,0,0,0.0,0.0,0.0
57,38,1,2,1.25,2.5,1.25
57,39,1,0,1.25,0.0,-1.25
57,40,0,1,0.0,1.25,1.25
57,41,0,4,0.0,5.0,5.0
57,42,1,4,1.25,5.0,3.75
57,43,1,0,1.25,0.0,-1.25
57,44,0,2,0.0,2.5,2.5
57,45,0,1,0.0,1.25,1.25
57,46,3,2,3.75,2.5,-1.25
57,47,3,3,3.75,3.75,0.0
57,48,0,0,0.0,0.0,0.0
57,49,0,0,0.0,0.0,0.0
57,50,1,1,1.25,1.25,0.0
57,51,2,0,2.5,0.0,-2.5
57,52,1,1,1.25,1.25,0.0
57,53,0,2,0.0,2.5,2.5
57,54,2,3,2.5,3.75,1.25
57,55,1,1,1.25,1.25,0.0
57,56,2,0,2.5,0.0,-2.5
57,57,0,1,0.0,1.25,1.25
57,58,0,2,0.0,2.5,2.5
57,59,0,2,0.0,2.5,2.5
57,60,1,1,1.25,1.25,0.0
57,61,0,2,0.0,2.5,2.5
57,62,0,0,0.0,0.0,0.0
57,63,0,0,0.0,0.0,0.0
57,64,0,0,0.0,0.0,0.0
57,65,1,1,1.25,1.25,0.0
57,66,0,4,0.0,5.0,5.0
57,67,0,0,0.0,0.0,0.0
57,68,0,0,0.0,0.0,0.0
57,69,0,0,0.0,0.0,0.0
57,70,0,0,0.0,0.0,0.0
57,71,0,0,0.0,0.0,0.0
57,72,0,0,0.0,0.0,0.0
57,73,1,0,1.25,0.0,-1.25
57,74,2,0,2.5,0.0,-2.5
57,75,1,2,1.25,2.5,1.25
57,76,1,1,1.25,1.25,0.0
57,77,0,0,0.0,0.0,0.0
57,78,1,0,1.25,0.0,-1.25
57,79,0,2,0.0,2.5,2.5
57,80,0,2,0.0,2.5,2.5
57,81,2,1,2.5,1.25,-1.25
57,82,1,5,1.25,6.25,5.0
57,83,3,3,3.75,3.75,0.0
57,84,2,1,2.5,1.25,-1.25
57,85,0,0,0.0,0.0,0.0
57,86,0,0,0.0,0.0,0.0
57,87,1,2,1.25,2.5,1.25
57,88,1,3,1.25,3.75,2.5
57,89,0,1,0.0,1.25,1.25
57,90,0,0,0.0,0.0,0.0
57,91,0,0,0.0,0.0,0.0
57,92,0,1,0.0,1.25,1.25
57,93,1,1,1.25,1.25,0.0
57,94,0,2,0.0,2.5,2.5
57,95,1,1,1.25,1.25,0.0
57,96,0,0,0.0,0.0,0.0
57,97,1,1,1.25,1.25,0.0
57,98,0,0,0.0,0.0,0.0
57,99,2,0,2.5,0.0,-2.5
57,100,1,2,1.25,2.5,1.25
57,101,0,0,0.0,0.0,0.0
57,102,0,0,0.0,0.0,0.0
57,103,0,0,0.0,0.0,0.0
57,104,3,0,3.75,0.0,-3.75
57,105,1,1,1.25,1.25,0.0
57,106,2,1,2.5,1.25,-1.25
57,107,5,2,6.25,2.5,-3.75
57,108,3,0,3.75,0.0,-3.75
57,109,2,1,2.5,1.25,-1.25
57,110,2,1,2.5,1.25,-1.25
57,111,3,0,3.75,0.0,-3.75
57,112,1,0,1.25,0.0,-1.25
57,113,1,1,1.25,1.25,0.0
57,114,4,2,5.0,2.5,-2.5
57,115,1,0,1.25,0.0,-1.25
57,116,2,1,2.5,1.25,-1.25
57,117,3,1,3.75,1.25,-2.5
57,118,1,2,1.25,2.5,1.25
57,119,0,3,0.0,3.75,3.75
57,120,0,2,0.0,2.5,2.5
57,121,1,0,1.25,0.0,-1.25
57,122,0,2,0.0,2.5,2.5
57,123,0,2,0.0,2.5,2.5
57,124,0,0,0.0,0.0,0.0
57,125,2,1,2.5,1.25,-1.25
57,126,1,0,1.25,0.0,-1.25
57,127,2,0,2.5,0.0,-2.5
57,128,2,0,2.5,0.0,-2.5
57,129,1,4,1.25,5.0,3.75
57,130,0,0,0.0,0.0,0.0
57,131,0,2,0.0,2.5,2.5
57,132,0,2,0.0,2.5,2.5
57,133,1,2,1.25,2.5,1.25
57,134,0,0,0.0,0.0,0.0
58,0,0,0,0.0,0.0,0.0
58,1,0,0,0.0,0.0,0.0
58,2,1,0,1.25,0.0,-1.25
58,3,0,0,0.0,0.0,0.0
58,4,0,0,0.0,0.0,0.0
58,5,0,0,0.0,0.0,0.0
58,6,1,1,1.25,1.25,0.0
58,7,0,0,0.0,0.0,0.0
58,8,0,0,0.0,0.0,0.0
58,9,0,0,0.0,0.0,0.0
58,10,0,0,0.0,0.0,0.0
58,11,0,0,0.0,0.0,0.0
58,12,1,0,1.25,0.0,-1.25
58,13,0,0,0.0,0.0,0.0
58,14,0,0,0.0,0.0,0.0
58,15,0,0,0.0,0.0,0.0
58,16,1,0,1.25,0.0,-1.25
58,17,1,2,1.25,2.5,1.25
58,18,0,0,0.0,0.0,0.0
58,19,0,0,0.0,0.0,0.0
58,20,1,0,1.25,0.0,-1.25
58,21,0,0,0.0,0.0,0.0
58,22,0,0,0.0,0.0,0.0
58,23,1,0,1.25,0.0,-1.25
58,24,1,0,1.25,0.0,-1.25
58,25,0,0,0.0,0.0,0.0
58,26,0,0,0.0,0.0,0.0
58,27,2,0,2.5,0.0,-2.5
58,28,1,0,1.25,0.0,-1.25
58,29,0,0,0.0,0.0,0.0
58,30,0,0,0.0,0.0,0.0
58,31,0,0,0.0,0.0,0.0
58,32,0,0,0.0,0.0,0.0
58,33,0,0,0.0,0.0,0.0
58,34,1,0,1.25,0.0,-1.25
58,35,2,0,2.5,0.0,-2.5
58,36,0,0,0.0,0.0,0.0
58,37,0,0,0.0,0.0,0.0
58,38,1,1,1.25,1.25,0.0
58,39,1,0,1.25,0.0,-1.25
58,40,2,0,2.5,0.0,-2.5
58,41,0,0,0.0,0.0,0.0
58,42,0,1,0.0,1.25,1.25
58,43,0,0,0.0,0.0,0.0
58,44,0,0,0.0,0.0,0.0
58,45,1,0,1.25,0.0,-1.25
58,46,1,0,1.25,0.0,-1.25
58,47,0,0,0.0,0.0,0.0
58,48,0,0,0.0,0.0,0.0
58,49,0,1,0.0,1.25,1.25
58,50,0,0,0.0,0.0,0.0
58,51,0,0,0.0,0.0,0.0
58,52,1,0,1.25,0.0,-1.25
58,53,1,0,1.25,0.0,-1.25
58,54,0,0,0.0,0.0,0.0
58,55,0,0,0.0,0.0,0.0
58,56,0,0,0.0,0.0,0.0
58,57,0,0,0.0,0.0,0.0
58,58,1,0,1.25,0.0,-1.25
58,59,1,0,1.25,0.0,-1.25
58,60,0,1,0.0,1.25,1.25
58,61,0,0,0.0,0.0,0.0
58,62,0,0,0.0,0.0,0.0
58,63,1,0,1.25,0.0,-1.25
58,64,0,0,0.0,0.0,0.0
58,65,1,0,1.25,0.0,-1.25
58,66,0,0,0.0,0.0,0.0
58,67,0,0,0.0,0.0,0.0
58,68,1,0,1.25,0.0,-1.25
58,69,3,0,3.75,0.0,-3.75
58,70,1,0,1.25,0.0,-1.25
58,71,0,0,0.0,0.0,0.0
58,72,0,0,0.0,0.0,0.0
58,73,0,0,0.0,0.0,0.0
58,74,0,0,0.0,0.0,0.0
58,75,0,1,0.0,1.25,1.25
58,76,0,2,0.0,2.5,2.5
58,77,0,3,0.0,3.75,3.75
58,78,0,1,0.0,1.25,1.25
58,79,0,0,0.0,0.0,0.0
58,80,0,0,0.0,0.0,0.0
58,81,0,2,0.0,2.5,2.5
58,82,1,0,1.25,0.0,-1.25
58,83,0,0,0.0,0.0,0.0
58,84,0,1,0.0,1.25,1.25
58,85,0,0,0.0,0.0,0.0
58,86,0,0,0.0,0.0,0.0
58,87,0,0,0.0,0.0,0.0
58,88,0,2,0.0,2.5,2.5
58,89,0,0,0.0,0.0,0.0
58,90,0,0,0.0,0.0,0.0
58,91,0,2,0.0,2.5,2.5
58,92,0,0,0.0,0.0,0.0
58,93,1,0,1.25,0.0,-1.25
58,94,1,0,1.25,0.0,-1.25
58,95,0,0,0.0,0.0,0.0
58,96,0,0,0.0,0.0,0.0
58,97,4,0,5.0,0.0,-5.0
58,98,2,0,2.5,0.0,-2.5
58,99,1,0,1.25,0.0,-1.25
58,100,0,0,0.0,0.0,0.0
58,101,0,1,0.0,1.25,1.25
58,102,0,1,0.0,1.25,1.25
58,103,1,2,1.25,2.5,1.25
58,104,0,0,0.0,0.0,0.0
58,105,1,0,1.25,0.0,-1.25
58,106,0,0,0.0,0.0,0.0
58,107,0,0,0.0,0.0,0.0
58,108,0,0,0.0,0.0,0.0
58,109,0,0,0.0,0.0,0.0
58,110,1,0,1.25,0.0,-1.25
58,111,0,0,0.0,0.0,0.0
58,112,3,0,3.75,0.0,-3.75
58,113,0,0,0.0,0.0,0.0
58,114,0,0,0.0,0.0,0.0
58,115,1,1,1.25,1.25,0.0
58,116,0,0,0.0,0.0,0.0
58,117,1,1,1.25,1.25,0.0
58,118,0,0,0.0,0.0,0.0
58,119,0,0,0.0,0.0,0.0
58,120,2,0,2.5,0.0,-2.5
58,121,1,0,1.25,0.0,-1.25
58,122,0,0,0.0,0.0,0.0
58,123,0,0,0.0,0.0,0.0
58,124,1,0,1.25,0.0,-1.25
58,125,0,0,0.0,0.0,0.0
58,126,0,0,0.0,0.0,0.0
58,127,0,1,0.0,1.25,1.25
58,128,0,1,0.0,1.25,1.25
58,129,0,0,0.0,0.0,0.0
58,130,0,0,0.0,0.0,0.0
58,131,0,0,0.0,0.0,0.0
58,132,0,0,0.0,0.0,0.0
58,133,1,0,1.25,0.0,-1.25
58,134,0,0,0.0,0.0,0.0
59,0,0,0,0.0,0.0,0.0
59,1,0,0,0.0,0.0,0.0
59,2,0,0,0.0,0.0,0.0
59,3,0,1,0.0,1.25,1.25
59,4,1,0,1.25,0.0,-1.25
59,5,0,0,0.0,0.0,0.0
59,6,3,2,3.75,2.5,-1.25
59,7,0,3,0.0,3.75,3.75
59,8,4,1,5.0,1.25,-3.75
59,9,3,1,3.75,1.25,-2.5
59,10,0,0,0.0,0.0,0.0
59,11,1,1,1.25,1.25,0.0
59,12,2,0,2.5,0.0,-2.5
59,13,0,0,0.0,0.0,0.0
59,14,0,0,0.0,0.0,0.0
59,15,0,1,0.0,1.25,1.25
59,16,1,0,1.25,0.0,-1.25
59,17,1,10,1.25,12.5,11.25
59,18,0,0,0.0,0.0,0.0
59,19,0,3,0.0,3.75,3.75
59,20,0,0,0.0,0.0,0.0
59,21,0,1,0.0,1.25,1.25
59,22,2,0,2.5,0.0,-2.5
59,23,0,0,0.0,0.0,0.0
59,24,1,0,1.25,0.0,-1.25
59,25,0,1,0.0,1.25,1.25
59,26,0,3,0.0,3.75,3.75
59,27,1,1,1.25,1.25,0.0
59,28,0,0,0.0,0.0,0.0
59,29,1,0,1.25,0.0,-1.25
59,30,0,2,0.0,2.5,2.5
59,31,0,0,0.0,0.0,0.0
59,32,3,1,3.75,1.25,-2.5
59,33,0,0,0.0,0.0,0.0
59,34,0,3,0.0,3.75,3.75
59,35,2,6,2.5,7.5,5.0
59,36,3,2,3.75,2.5,-1.25
59,37,0,3,0.0,3.75,3.75
59,38,3,1,3.75,1.25,-2.5
59,39,0,0,0.0,0.0,0.0
59,40,1,2,1.25,2.5,1.25
59,41,1,0,1.25,0.0,-1.25
59,42,0,0,0.0,0.0,0.0
59,43,3,1,3.75,1.25,-2.5
59,44,0,1,0.0,1.25,1.25
59,45,2,2,2.5,2.5,0.0
59,46,0,2,0.0,2.5,2.5
59,47,1,0,1.25,0.0,-1.25
59,48,0,0,0.0,0.0,0.0
59,49,1,0,1.25,0.0,-1.25
59,50,1,6,1.25,7.5,6.25
59,51,2,0,2.5,0.0,-2.5
59,52,0,1,0.0,1.25,1.25
59,53,1,1,1.25,1.25,0.0
59,54,1,0,1.25,0.0,-1.25
59,55,0,1,0.0,1.25,1.25
59,56,0,0,0.0,0.0,0.0
59,57,1,1,1.25,1.25,0.0
59,58,1,1,1.25,1.25,0.0
59,59,2,2,2.5,2.5,0.0
59,60,0,3,0.0,3.75,3.75
59,61,1,0,1.25,0.0,-1.25
59,62,1,0,1.25,0.0,-1.25
59,63,0,0,0.0,0.0,0.0
59,64,2,3,2.5,3.75,1.25
59,65,0,0,0.0,0.0,0.0
59,66,0,1,0.0,1.25,1.25
59,67,0,0,0.0,0.0,0.0
59,68,0,0,0.0,0.0,0.0
59,69,2,0,2.5,0.0,-2.5
59,70,1,0,1.25,0.0,-1.25
59,71,0,0,0.0,0.0,0.0
59,72,1,2,1.25,2.5,1.25
59,73,3,3,3.75,3.75,0.0
59,74,0,0,0.0,0.0,0.0
59,75,0,2,0.0,2.5,2.5
59,76,2,0,2.5,0.0,-2.5
59,77,0,1,0.0,1.25,1.25
59,78,0,1,0.0,1.25,1.25
59,79,1,0,1.25,0.0,-1.25
59,80,1,2,1.25,2.5,1.25
59,81,1,2,1.25,2.5,1.25
59,82,0,1,0.0,1.25,1.25
59,83,0,0,0.0,0.0,0.0
59,84,0,0,0.0,0.0,0.0
59,85,1,3,1.25,3.75,2.5
59,86,0,2,0.0,2.5,2.5
59,87,0,3,0.0,3.75,3.75
59,88,1,1,1.25,1.25,0.0
59,89,0,1,0.0,1.25,1.25
59,90,2,1,2.5,1.25,-1.25
59,91,1,1,1.25,1.25,0.0
59,92,0,1,0.0,1.25,1.25
59,93,1,0,1.25,0.0,-1.25
59,94,0,1,0.0,1.25,1.25
59,95,0,0,0.0,0.0,0.0
59,96,0,0,0.0,0.0,0.0
59,97,2,4,2.5,5.0,2.5
59,98,0,1,0.0,1.25,1.25
59,99,1,0,1.25,0.0,-1.25
59,100,0,2,0.0,2.5,2.5
59,101,0,0,0.0,0.0,0.0
59,102,0,1,0.0,1.25,1.25
59,103,1,5,1.25,6.25,5.0
59,104,1,0,1.25,0.0,-1.25
59,105,1,0,1.25,0.0,-1.25
59,106,1,3,1.25,3.75,2.5
59,107,1,2,1.25,2.5,1.25
59,108,1,1,1.25,1.25,0.0
59,109,0,1,0.0,1.25,1.25
59,110,1,1,1.25,1.25,0.0
59,111,1,0,1.25,0.0,-1.25
59,112,4,0,5.0,0.0,-5.0
59,113,0,2,0.0,2.5,2.5
59,114,1,1,1.25,1.25,0.0
59,115,2,3,2.5,3.75,1.25
59,116,0,0,0.0,0.0,0.0
59,117,0,3,0.0,3.75,3.75
59,118,1,0,1.25,0.0,-1.25
59,119,0,0,0.0,0.0,0.0
59,120,3,0,3.75,0.0,-3.75
59,121,1,1,1.25,1.25,0.0
59,122,0,2,0.0,2.5,2.5
59,123,1,0,1.25,0.0,-1.25
59,124,5,1,6.25,1.25,-5.0
59,125,0,5,0.0,6.25,6.25
59,126,1,1,1.25,1.25,0.0
59,127,1,1,1.25,1.25,0.0
59,128,0,1,0.0,1.25,1.25
59,129,1,2,1.25,2.5,1.25
59,130,1,2,1.25,2.5,1.25
59,131,2,0,2.5,0.0,-2.5
59,132,0,0,0.0,0.0,0.0
59,133,1,2,1.25,2.5,1.25
59,134,0,1,0.0,1.25,1.25
60,0,0,0,0.0,0.0,0.0
60,1,0,0,0.0,0.0,0.0
60,2,0,0,0.0,0.0,0.0
60,3,0,0,0.0,0.0,0.0
60,4,0,0,0.0,0.0,0.0
60,5,0,0,0.0,0.0,0.0
60,6,1,1,1.25,1.25,0.0
60,7,0,0,0.0,0.0,0.0
60,8,0,0,0.0,0.0,0.0
60,9,0,0,0.0,0.0,0.0
60,10,0,2,0.0,2.5,2.5
60,11,0,0,0.0,0.0,0.0
60,12,0,0,0.0,0.0,0.0
60,13,1,1,1.25,1.25,0.0
60,14,0,0,0.0,0.0,0.0
60,15,0,0,0.0,0.0,0.0
60,16,0,0,0.0,0.0,0.0
60,17,0,1,0.0,1.25,1.25
60,18,0,0,0.0,0.0,0.0
60,19,0,0,0.0,0.0,0.0
60,20,0,0,0.0,0.0,0.0
60,21,0,0,0.0,0.0,0.0
60,22,0,0,0.0,0.0,0.0
60,23,2,0,2.5,0.0,-2.5
60,24,1,0,1.25,0.0,-1.25
60,25,0,0,0.0,0.0,0.0
60,26,0,1,0.0,1.25,1.25
60,27,0,0,0.0,0.0,0.0
60,28,0,0,0.0,0.0,0.0
60,29,0,0,0.0,0.0,0.0
60,30,0,0,0.0,0.0,0.0
60,31,0,0,0.0,0.0,0.0
60,32,1,0,1.25,0.0,-1.25
60,33,0,0,0.0,0.0,0.0
60,34,0,0,0.0,0.0,0.0
60,35,0,0,0.0,0.0,0.0
60,36,0,0,0.0,0.0,0.0
60,37,0,0,0.0,0.0,0.0
60,38,0,0,0.0,0.0,0.0
60,39,0,0,0.0,0.0,0.0
60,40,1,2,1.25,2.5,1.25
60,41,0,0,0.0,0.0,0.0
60,42,0,0,0.0,0.0,0.0
60,43,0,0,0.0,0.0,0.0
60,44,0,0,0.0,0.0,0.0
60,45,0,0,0.0,0.0,0.0
60,46,0,0,0.0,0.0,0.0
60,47,0,0,0.0,0.0,0.0
60,48,0,0,0.0,0.0,0.0
60,49,0,0,0.0,0.0,0.0
60,50,0,2,0.0,2.5,2.5
60,51,0,0,0.0,0.0,0.0
60,52,0,0,0.0,0.0,0.0
60,53,0,1,0.0,1.25,1.25
60,54,0,0,0.0,0.0,0.0
60,55,0,0,0.0,0.0,0.0
60,56,0,0,0.0,0.0,0.0
60,57,2,0,2.5,0.0,-2.5
60,58,0,0,0.0,0.0,0.0
60,59,2,0,2.5,0.0,-2.5
60,60,0,0,0.0,0.0,0.0
60,61,0,1,0.0,1.25,1.25
60,62,0,0,0.0,0.0,0.0
60,63,0,0,0.0,0.0,0.0
60,64,0,1,0.0,1.25,1.25
60,65,0,0,0.0,0.0,0.0
60,66,0,0,0.0,0.0,0.0
60,67,0,1,0.0,1.25,1.25
60,68,1,0,1.25,0.0,-1.25
60,69,0,0,0.0,0.0,0.0
60,70,0,0,0.0,0.0,0.0
60,71,0,2,0.0,2.5,2.5
60,72,0,0,0.0,0.0,0.0
60,73,0,1,0.0,1.25,1.25
60,74,0,0,0.0,0.0,0.0
60,75,0,0,0.0,0.0,0.0
60,76,0,0,0.0,0.0,0.0
60,77,0,0,0.0,0.0,0.0
60,78,0,0,0.0,0.0,0.0
60,79,0,1,0.0,1.25,1.25
60,80,0,1,0.0,1.25,1.25
60,81,0,0,0.0,0.0,0.0
60,82,0,0,0.0,0.0,0.0
60,83,0,0,0.0,0.0,0.0
60,84,0,0,0.0,0.0,0.0
60,85,0,0,0.0,0.0,0.0
60,86,0,1,0.0,1.25,1.25
60,87,0,0,0.0,0.0,0.0
60,88,0,0,0.0,0.0,0.0
60,89,0,0,0.0,0.0,0.0
60,90,1,0,1.25,0.0,-1.25
60,91,0,0,0.0,0.0,0.0
60,92,0,0,0.0,0.0,0.0
60,93,1,1,1.25,1.25,0.0
60,94,0,0,0.0,0.0,0.0
60,95,0,0,0.0,0.0,0.0
60,96,0,0,0.0,0.0,0.0
60,97,0,0,0.0,0.0,0.0
60,98,0,0,0.0,0.0,0.0
60,99,0,0,0.0,0.0,0.0
60,100,0,0,0.0,0.0,0.0
60,101,0,0,0.0,0.0,0.0
60,102,0,0,0.0,0.0,0.0
60,103,0,0,0.0,0.0,0.0
60,104,0,0,0.0,0.0,0.0
60,105,2,2,2.5,2.5,0.0
60,106,0,2,0.0,2.5,2.5
60,107,2,0,2.5,0.0,-2.5
60,108,1,0,1.25,0.0,-1.25
60,109,0,0,0.0,0.0,0.0
60,110,0,0,0.0,0.0,0.0
60,111,0,1,0.0,1.25,1.25
60,112,1,0,1.25,0.0,-1.25
60,113,0,0,0.0,0.0,0.0
60,114,1,0,1.25,0.0,-1.25
60,115,0,2,0.0,2.5,2.5
60,116,0,0,0.0,0.0,0.0
60,117,0,1,0.0,1.25,1.25
60,118,0,0,0.0,0.0,0.0
60,119,1,1,1.25,1.25,0.0
60,120,0,0,0.0,0.0,0.0
60,121,0,0,0.0,0.0,0.0
60,122,0,0,0.0,0.0,0.0
60,123,0,0,0.0,0.0,0.0
60,124,0,0,0.0,0.0,0.0
60,125,0,0,0.0,0.0,0.0
60,126,0,0,0.0,0.0,0.0
60,127,0,0,0.0,0.0,0.0
60,128,1,0,1.25,0.0,-1.25
60,129,0,0,0.0,0.0,0.0
60,130,0,0,0.0,0.0,0.0
60,131,0,1,0.0,1.25,1.25
60,132,0,0,0.0,0.0,0.0
60,133,0,0,0.0,0.0,0.0
60,134,0,0,0.0,0.0,0.0
61,0,0,0,0.0,0.0,0.0
61,1,0,0,0.0,0.0,0.0
61,2,0,0,0.0,0.0,0.0
61,3,0,1,0.0,1.25,1.25
61,4,0,0,0.0,0.0,0.0
61,5,1,0,1.25,0.0,-1.25
61,6,0,0,0.0,0.0,0.0
61,7,0,0,0.0,0.0,0.0
61,8,0,0,0.0,0.0,0.0
61,9,0,0,0.0,0.0,0.0
61,10,0,0,0.0,0.0,0.0
61,11,0,0,0.0,0.0,0.0
61,12,0,0,0.0,0.0,0.0
61,13,0,0,0.0,0.0,0.0
61,14,0,0,0.0,0.0,0.0
61,15,0,0,0.0,0.0,0.0
61,16,0,0,0.0,0.0,0.0
61,17,0,0,0.0,0.0,0.0
61,18,0,0,0.0,0.0,0.0
61,19,0,0,0.0,0.0,0.0
61,20,0,0,0.0,0.0,0.0
61,21,0,0,0.0,0.0,0.0
61,22,0,0,0.0,0.0,0.0
61,23,0,0,0.0,0.0,0.0
61,24,0,0,0.0,0.0,0.0
61,25,0,0,0.0,0.0,0.0
61,26,1,0,1.25,0.0,-1.25
61,27,0,0,0.0,0.0,0.0
61,28,0,0,0.0,0.0,0.0
61,29,0,0,0.0,0.0,0.0
61,30,0,0,0.0,0.0,0.0
61,31,0,0,0.0,0.0,0.0
61,32,1,0,1.25,0.0,-1.25
61,33,0,0,0.0,0.0,0.0
61,34,0,0,0.0,0.0,0.0
61,35,0,0,0.0,0.0,0.0
61,36,0,0,0.0,0.0,0.0
61,37,0,0,0.0,0.0,0.0
61,38,0,0,0.0,0.0,0.0
61,39,0,0,0.0,0.0,0.0
61,40,0,0,0.0,0.0,0.0
61,41,0,0,0.0,0.0,0.0
61,42,0,0,0.0,0.0,0.0
61,43,2,0,2.5,0.0,-2.5
61,44,0,0,0.0,0.0,0.0
61,45,0,0,0.0,0.0,0.0
61,46,0,0,0.0,0.0,0.0
61,47,0,1,0.0,1.25,1.25
61,48,0,0,0.0,0.0,0.0
61,49,0,1,0.0,1.25,1.25
61,50,0,0,0.0,0.0,0.0
61,51,0,0,0.0,0.0,0.0
61,52,0,0,0.0,0.0,0.0
61,53,0,0,0.0,0.0,0.0
61,54,0,0,0.0,0.0,0.0
61,55,0,0,0.0,0.0,0.0
61,56,0,1,0.0,1.25,1.25
61,57,0,0,0.0,0.0,0.0
61,58,0,0,0.0,0.0,0.0
61,59,0,0,0.0,0.0,0.0
61,60,0,0,0.0,0.0,0.0
61,61,0,0,0.0,0.0,0.0
61,62,0,0,0.0,0.0,0.0
61,63,0,0,0.0,0.0,0.0
61,64,1,0,1.25,0.0,-1.25
61,65,0,0,0.0,0.0,0.0
61,66,0,0,0.0,0.0,0.0
61,67,0,0,0.0,0.0,0.0
61,68,0,0,0.0,0.0,0.0
61,69,0,0,0.0,0.0,0.0
61,70,0,0,0.0,0.0,0.0
61,71,0,0,0.0,0.0,0.0
61,72,0,0,0.0,0.0,0.0
61,73,0,0,0.0,0.0,0.0
61,74,0,0,0.0,0.0,0.0
61,75,0,0,0.0,0.0,0.0
61,76,1,1,1.25,1.25,0.0
61,77,0,1,0.0,1.25,1.25
61,78,0,0,0.0,0.0,0.0
61,79,0,2,0.0,2.5,2.5
61,80,3,0,3.75,0.0,-3.75
61,81,0,0,0.0,0.0,0.0
61,82,0,0,0.0,0.0,0.0
61,83,0,0,0.0,0.0,0.0
61,84,0,0,0.0,0.0,0.0
61,85,0,0,0.0,0.0,0.0
61,86,1,1,1.25,1.25,0.0
61,87,0,0,0.0,0.0,0.0
61,88,0,0,0.0,0.0,0.0
61,89,0,0,0.0,0.0,0.0
61,90,0,0,0.0,0.0,0.0
61,91,0,2,0.0,2.5,2.5
61,92,0,0,0.0,0.0,0.0
61,93,0,0,0.0,0.0,0.0
61,94,1,0,1.25,0.0,-1.25
61,95,0,0,0.0,0.0,0.0
61,96,0,0,0.0,0.0,0.0
61,97,1,0,1.25,0.0,-1.25
61,98,0,0,0.0,0.0,0.0
61,99,0,0,0.0,0.0,0.0
61,100,0,0,0.0,0.0,0.0
61,101,1,0,1.25,0.0,-1.25
61,102,0,0,0.0,0.0,0.0
61,103,0,0,0.0,0.0,0.0
61,104,0,0,0.0,0.0,0.0
61,105,1,0,1.25,0.0,-1.25
61,106,0,0,0.0,0.0,0.0
61,107,0,0,0.0,0.0,0.0
61,108,0,0,0.0,0.0,0.0
61,109,0,0,0.0,0.0,0.0
61,110,0,0,0.0,0.0,0.0
61,111,0,0,0.0,0.0,0.0
61,112,0,0,0.0,0.0,0.0
61,113,0,0,0.0,0.0,0.0
61,114,1,0,1.25,0.0,-1.25
61,115,0,0,0.0,0.0,0.0
61,116,0,0,0.0,0.0,0.0
61,117,0,0,0.0,0.0,0.0
61,118,0,0,0.0,0.0,0.0
61,119,0,0,0.0,0.0,0.0
61,120,0,0,0.0,0.0,0.0
61,121,1,1,1.25,1.25,0.0
61,122,0,0,0.0,0.0,0.0
61,123,0,0,0.0,0.0,0.0
61,124,0,0,0.0,0.0,0.0
61,125,0,0,0.0,0.0,0.0
61,126,0,0,0.0,0.0,0.0
61,127,0,0,0.0,0.0,0.0
61,128,0,0,0.0,0.0,0.0
61,129,0,0,0.0,0.0,0.0
61,130,0,0,0.0,0.0,0.0
61,131,0,0,0.0,0.0,0.0
61,132,0,0,0.0,0.0,0.0
61,133,0,0,0.0,0.0,0.0
61,134,0,0,0.0,0.0,0.0
62,0,9,3,11.25,3.75,-7.5
62,1,8,8,10.0,10.0,0.0
62,2,6,5,7.5,6.25,-1.25
62,3,9,9,11.25,11.25,0.0
62,4,7,8,8.75,10.0,1.25
62,5,1,0,1.25,0.0,-1.25
62,6,1,0,1.25,0.0,-1.25
62,7,2,1,2.5,1.25,-1.25
62,8,6,3,7.5,3.75,-3.75
62,9,8,2,10.0,2.5,-7.5
62,10,5,0,6.25,0.0,-6.25
62,11,4,6,5.0,7.5,2.5
62,12,5,3,6.25,3.75,-2.5
62,13,5,5,6.25,6.25,0.0
62,14,2,3,2.5,3.75,1.25
62,15,5,1,6.25,1.25,-5.0
62,16,5,3,6.25,3.75,-2.5
62,17,2,11,2.5,13.75,11.25
62,18,10,5,12.5,6.25,-6.25
62,19,3,9,3.75,11.25,7.5
62,20,2,0,2.5,0.0,-2.5
62,21,4,3,5.0,3.75,-1.25
62,22,9,5,11.25,6.25,-5.0
62,23,7,7,8.75,8.75,0.0
62,24,6,1,7.5,1.25,-6.25
62,25,6,6,7.5,7.5,0.0
62,26,4,9,5.0,11.25,6.25
62,27,4,7,5.0,8.75,3.75
62,28,4,4,5.0,5.0,0.0
62,29,4,2,5.0,2.5,-2.5
62,30,10,6,12.5,7.5,-5.0
62,31,5,7,6.25,8.75,2.5
62,32,7,7,8.75,8.75,0.0
62,33,8,2,10.0,2.5,-7.5
62,34,6,9,7.5,11.25,3.75
62,35,9,9,11.25,11.25,0.0
62,36,5,6,6.25,7.5,1.25
62,37,4,6,5.0,7.5,2.5
62,38,4,8,5.0,10.0,5.0
62,39,3,3,3.75,3.75,0.0
62,40,9,10,11.25,12.5,1.25
62,41,10,10,12.5,12.5,0.0
62,42,11,6,13.75,7.5,-6.25
62,43,8,6,10.0,7.5,-2.5
62,44,2,4,2.5,5.0,2.5
62,45,2,11,2.5,13.75,11.25
62,46,7,0,8.75,0.0,-8.75
62,47,6,6,7.5,7.5,0.0
62,48,5,3,6.25,3.75,-2.5
62,49,3,6,3.75,7.5,3.75
62,50,7,9,8.75,11.25,2.5
62,51,7,5,8.75,6.25,-2.5
62,52,4,6,5.0,7.5,2.5
62,53,5,7,6.25,8.75,2.5
62,54,10,7,12.5,8.75,-3.75
62,55,3,9,3.75,11.25,7.5
62,56,8,4,10.0,5.0,-5.0
62,57,7,10,8.75,12.5,3.75
62,58,2,9,2.5,11.25,8.75
62,59,3,3,3.75,3.75,0.0
62,60,6,5,7.5,6.25,-1.25
62,61,6,12,7.5,15.0,7.5
62,62,3,2,3.75,2.5,-1.25
62,63,10,1,12.5,1.25,-11.25
62,64,7,3,8.75,3.75,-5.0
62,65,7,2,8.75,2.5,-6.25
62,66,6,5,7.5,6.25,-1.25
62,67,0,0,0.0,0.0,0.0
62,68,1,5,1.25,6.25,5.0
62,69,0,2,0.0,2.5,2.5
62,70,0,6,0.0,7.5,7.5
62,71,2,5,2.5,6.25,3.75
62,72,7,8,8.75,10.0,1.25
62,73,10,9,12.5,11.25,-1.25
62,74,4,4,5.0,5.0,0.0
62,75,5,4,6.25,5.0,-1.25
62,76,5,7,6.25,8.75,2.5
62,77,5,8,6.25,10.0,3.75
62,78,5,4,6.25,5.0,-1.25
62,79,5,11,6.25,13.75,7.5
62,80,6,3,7.5,3.75,-3.75
62,81,8,6,10.0,7.5,-2.5
62,82,5,3,6.25,3.75,-2.5
62,83,3,5,3.75,6.25,2.5
62,84,3,4,3.75,5.0,1.25
62,85,2,10,2.5,12.5,10.0
62,86,3,4,3.75,5.0,1.25
62,87,4,6,5.0,7.5,2.5
62,88,9,8,11.25,10.0,-1.25
62,89,2,2,2.5,2.5,0.0
62,90,7,5,8.75,6.25,-2.5
62,91,1,4,1.25,5.0,3.75
62,92,11,6,13.75,7.5,-6.25
62,93,10,2,12.5,2.5,-10.0
62,94,5,9,6.25,11.25,5.0
62,95,8,5,10.0,6.25,-3.75
62,96,6,6,7.5,7.5,0.0
62,97,10,4,12.5,5.0,-7.5
62,98,7,4,8.75,5.0,-3.75
62,99,3,7,3.75,8.75,5.0
62,100,5,8,6.25,10.0,3.75
62,101,5,3,6.25,3.75,-2.5
62,102,2,2,2.5,2.5,0.0
62,103,2,5,2.5,6.25,3.75
62,104,2,1,2.5,1.25,-1.25
62,105,5,8,6.25,10.0,3.75
62,106,2,8,2.5,10.0,7.5
62,107,5,5,6.25,6.25,0.0
62,108,8,1,10.0,1.25,-8.75
62,109,5,5,6.25,6.25,0.0
62,110,5,8,6.25,10.0,3.75
62,111,10,6,12.5,7.5,-5.0
62,112,4,5,5.0,6.25,1.25
62,113,2,5,2.5,6.25,3.75
62,114,6,7,7.5,8.75,1.25
62,115,2,3,2.5,3.75,1.25
62,116,4,3,5.0,3.75,-1.25
62,117,6,6,7.5,7.5,0.0
62,118,6,8,7.5,10.0,2.5
62,119,6,4,7.5,5.0,-2.5
62,120,5,5,6.25,6.25,0.0
62,121,5,3,6.25,3.75,-2.5
62,122,5,1,6.25,1.25,-5.0
62,123,6,3,7.5,3.75,-3.75
62,124,7,5,8.75,6.25,-2.5
62,125,3,3,3.75,3.75,0.0
62,126,3,2,3.75,2.5,-1.25
62,127,3,4,3.75,5.0,1.25
62,128,2,7,2.5,8.75,6.25
62,129,5,2,6.25,2.5,-3.75
62,130,5,11,6.25,13.75,7.5
62,131,1,0,1.25,0.0,-1.25
62,132,0,0,0.0,0.0,0.0
62,133,0,1,0.0,1.25,1.25
62,134,8,2,10.0,2.5,-7.5
63,0,1,0,1.25,0.0,-1.25
63,1,4,1,5.0,1.25,-3.75
63,2,1,2,1.25,2.5,1.25
63,3,2,0,2.5,0.0,-2.5
63,4,1,1,1.25,1.25,0.0
63,5,0,0,0.0,0.0,0.0
63,6,0,0,0.0,0.0,0.0
63,7,0,0,0.0,0.0,0.0
63,8,2,2,2.5,2.5,0.0
63,9,4,0,5.0,0.0,-5.0
63,10,3,1,3.75,1.25,-2.5
63,11,2,2,2.5,2.5,0.0
63,12,0,3,0.0,3.75,3.75
63,13,1,1,1.25,1.25,0.0
63,14,0,0,0.0,0.0,0.0
63,15,0,2,0.0,2.5,2.5
63,16,3,1,3.75,1.25,-2.5
63,17,0,6,0.0,7.5,7.5
63,18,5,2,6.25,2.5,-3.75
63,19,1,0,1.25,0.0,-1.25
63,20,0,1,0.0,1.25,1.25
63,21,1,1,1.25,1.25,0.0
63,22,2,0,2.5,0.0,-2.5
63,23,0,1,0.0,1.25,1.25
63,24,1,1,1.25,1.25,0.0
63,25,1,0,1.25,0.0,-1.25
63,26,2,5,2.5,6.25,3.75
63,27,2,2,2.5,2.5,0.0
63,28,3,2,3.75,2.5,-1.25
63,29,3,1,3.75,1.25,-2.5
63,30,1,1,1.25,1.25,0.0
63,31,4,0,5.0,0.0,-5.0
63,32,2,1,2.5,1.25,-1.25
63,33,2,4,2.5,5.0,2.5
63,34,5,2,6.25,2.5,-3.75
63,35,4,0,5.0,0.0,-5.0
63,36,2,1,2.5,1.25,-1.25
63,37,1,4,1.25,5.0,3.75
63,38,3,4,3.75,5.0,1.25
63,39,1,1,1.25,1.25,0.0
63,40,1,0,1.25,0.0,-1.25
63,41,1,1,1.25,1.25,0.0
63,42,4,2,5.0,2.5,-2.5
63,43,5,1,6.25,1.25,-5.0
63,44,0,4,0.0,5.0,5.0
63,45,2,1,2.5,1.25,-1.25
63,46,0,3,0.0,3.75,3.75
63,47,1,4,1.25,5.0,3.75
63,48,4,4,5.0,5.0,0.0
63,49,5,2,6.25,2.5,-3.75
63,50,1,0,1.25,0.0,-1.25
63,51,2,1,2.5,1.25,-1.25
63,52,4,2,5.0,2.5,-2.5
63,53,1,3,1.25,3.75,2.5
63,54,0,2,0.0,2.5,2.5
63,55,2,1,2.5,1.25,-1.25
63,56,1,4,1.25,5.0,3.75
63,57,1,2,1.25,2.5,1.25
63,58,3,0,3.75,0.0,-3.75
63,59,2,0,2.5,0.0,-2.5
63,60,1,1,1.25,1.25,0.0
63,61,2,1,2.5,1.25,-1.25
63,62,1,2,1.25,2.5,1.25
63,63,4,0,5.0,0.0,-5.0
63,64,2,2,2.5,2.5,0.0
63,65,5,1,6.25,1.25,-5.0
63,66,0,0,0.0,0.0,0.0
63,67,0,0,0.0,0.0,0.0
63,68,0,0,0.0,0.0,0.0
63,69,0,0,0.0,0.0,0.0
63,70,0,0,0.0,0.0,0.0
63,71,2,0,2.5,0.0,-2.5
63,72,1,3,1.25,3.75,2.5
63,73,1,0,1.25,0.0,-1.25
63,74,2,1,2.5,1.25,-1.25
63,75,1,1,1.25,1.25,0.0
63,76,2,4,2.5,5.0,2.5
63,77,1,0,1.25,0.0,-1.25
63,78,3,2,3.75,2.5,-1.25
63,79,0,1,0.0,1.25,1.25
63,80,1,0,1.25,0.0,-1.25
63,81,0,1,0.0,1.25,1.25
63,82,2,1,2.5,1.25,-1.25
63,83,1,2,1.25,2.5,1.25
63,84,1,1,1.25,1.25,0.0
63,85,0,1,0.0,1.25,1.25
63,86,0,0,0.0,0.0,0.0
63,87,0,1,0.0,1.25,1.25
63,88,1,1,1.25,1.25,0.0
63,89,2,2,2.5,2.5,0.0
63,90,0,0,0.0,0.0,0.0
63,91,1,0,1.25,0.0,-1.25
63,92,1,2,1.25,2.5,1.25
63,93,1,1,1.25,1.25,0.0
63,94,2,0,2.5,0.0,-2.5
63,95,0,1,0.0,1.25,1.25
63,96,3,0,3.75,0.0,-3.75
63,97,2,2,2.5,2.5,0.0
63,98,2,0,2.5,0.0,-2.5
63,99,0,5,0.0,6.25,6.25
63,100,2,1,2.5,1.25,-1.25
63,101,3,2,3.75,2.5,-1.25
63,102,0,1,0.0,1.25,1.25
63,103,1,3,1.25,3.75,2.5
63,104,2,3,2.5,3.75,1.25
63,105,2,3,2.5,3.75,1.25
63,106,3,2,3.75,2.5,-1.25
63,107,2,3,2.5,3.75,1.25
63,108,1,0,1.25,0.0,-1.25
63,109,2,1,2.5,1.25,-1.25
63,110,0,1,0.0,1.25,1.25
63,111,1,1,1.25,1.25,0.0
63,112,0,2,0.0,2.5,2.5
63,113,1,1,1.25,1.25,0.0
63,114,0,1,0.0,1.25,1.25
63,115,0,1,0.0,1.25,1.25
63,116,0,2,0.0,2.5,2.5
63,117,0,2,0.0,2.5,2.5
63,118,1,1,1.25,1.25,0.0
63,119,1,2,1.25,2.5,1.25
63,120,2,2,2.5,2.5,0.0
63,121,4,1,5.0,1.25,-3.75
63,122,3,0,3.75,0.0,-3.75
63,123,2,0,2.5,0.0,-2.5
63,124,2,1,2.5,1.25,-1.25
63,125,1,1,1.25,1.25,0.0
63,126,0,0,0.0,0.0,0.0
63,127,4,2,5.0,2.5,-2.5
63,128,2,1,2.5,1.25,-1.25
63,129,1,1,1.25,1.25,0.0
63,130,1,0,1.25,0.0,-1.25
63,131,1,0,1.25,0.0,-1.25
63,132,0,0,0.0,0.0,0.0
63,133,0,1,0.0,1.25,1.25
63,134,0,0,0.0,0.0,0.0
64,0,0,0,0.0,0.0,0.0
64,1,0,0,0.0,0.0,0.0
64,2,0,0,0.0,0.0,0.0
64,3,0,0,0.0,0.0,0.0
64,4,0,0,0.0,0.0,0.0
64,5,0,0,0.0,0.0,0.0
64,6,0,0,0.0,0.0,0.0
64,7,0,0,0.0,0.0,0.0
64,8,0,0,0.0,0.0,0.0
64,9,0,0,0.0,0.0,0.0
64,10,0,0,0.0,0.0,0.0
64,11,0,0,0.0,0.0,0.0
64,12,0,0,0.0,0.0,0.0
64,13,0,0,0.0,0.0,0.0
64,14,0,0,0.0,0.0,0.0
64,15,0,0,0.0,0.0,0.0
64,16,0,0,0.0,0.0,0.0
64,17,0,0,0.0,0.0,0.0
64,18,0,0,0.0,0.0,0.0
64,19,0,0,0.0,0.0,0.0
64,20,0,0,0.0,0.0,0.0
64,21,1,0,1.25,0.0,-1.25
64,22,0,0,0.0,0.0,0.0
64,23,0,0,0.0,0.0,0.0
64,24,0,0,0.0,0.0,0.0
64,25,0,0,0.0,0.0,0.0
64,26,0,0,0.0,0.0,0.0
64,27,1,3,1.25,3.75,2.5
64,28,0,0,0.0,0.0,0.0
64,29,0,0,0.0,0.0,0.0
64,30,1,0,1.25,0.0,-1.25
64,31,0,0,0.0,0.0,0.0
64,32,1,1,1.25,1.25,0.0
64,33,0,0,0.0,0.0,0.0
64,34,2,0,2.5,0.0,-2.5
64,35,1,0,1.25,0.0,-1.25
64,36,0,0,0.0,0.0,0.0
64,37,1,0,1.25,0.0,-1.25
64,38,1,0,1.25,0.0,-1.25
64,39,0,0,0.0,0.0,0.0
64,40,0,0,0.0,0.0,0.0
64,41,2,0,2.5,0.0,-2.5
64,42,1,2,1.25,2.5,1.25
64,43,0,1,0.0,1.25,1.25
64,44,0,0,0.0,0.0,0.0
64,45,0,0,0.0,0.0,0.0
64,46,0,1,0.0,1.25,1.25
64,47,0,0,0.0,0.0,0.0
64,48,0,0,0.0,0.0,0.0
64,49,0,0,0.0,0.0,0.0
64,50,0,0,0.0,0.0,0.0
64,51,0,1,0.0,1.25,1.25
64,52,1,0,1.25,0.0,-1.25
64,53,1,0,1.25,0.0,-1.25
64,54,0,0,0.0,0.0,0.0
64,55,0,0,0.0,0.0,0.0
64,56,0,1,0.0,1.25,1.25
64,57,0,1,0.0,1.25,1.25
64,58,0,0,0.0,0.0,0.0
64,59,0,0,0.0,0.0,0.0
64,60,0,0,0.0,0.0,0.0
64,61,0,3,0.0,3.75,3.75
64,62,1,0,1.25,0.0,-1.25
64,63,0,0,0.0,0.0,0.0
64,64,0,0,0.0,0.0,0.0
64,65,0,0,0.0,0.0,0.0
64,66,0,0,0.0,0.0,0.0
64,67,0,0,0.0,0.0,0.0
64,68,0,0,0.0,0.0,0.0
64,69,1,2,1.25,2.5,1.25
64,70,1,2,1.25,2.5,1.25
64,71,2,0,2.5,0.0,-2.5
64,72,1,1,1.25,1.25,0.0
64,73,1,1,1.25,1.25,0.0
64,74,0,0,0.0,0.0,0.0
64,75,0,0,0.0,0.0,0.0
64,76,0,1,0.0,1.25,1.25
64,77,0,0,0.0,0.0,0.0
64,78,0,1,0.0,1.25,1.25
64,79,0,1,0.0,1.25,1.25
64,80,1,1,1.25,1.25,0.0
64,81,1,0,1.25,0.0,-1.25
64,82,0,1,0.0,1.25,1.25
64,83,1,1,1.25,1.25,0.0
64,84,2,0,2.5,0.0,-2.5
64,85,1,0,1.25,0.0,-1.25
64,86,0,0,0.0,0.0,0.0
64,87,0,0,0.0,0.0,0.0
64,88,0,0,0.0,0.0,0.0
64,89,0,1,0.0,1.25,1.25
64,90,0,0,0.0,0.0,0.0
64,91,0,0,0.0,0.0,0.0
64,92,0,1,0.0,1.25,1.25
64,93,0,0,0.0,0.0,0.0
64,94,0,1,0.0,1.25,1.25
64,95,1,1,1.25,1.25,0.0
64,96,1,0,1.25,0.0,-1.25
64,97,1,1,1.25,1.25,0.0
64,98,0,0,0.0,0.0,0.0
64,99,0,0,0.0,0.0,0.0
64,100,0,0,0.0,0.0,0.0
64,101,0,0,0.0,0.0,0.0
64,102,0,1,0.0,1.25,1.25
64,103,1,0,1.25,0.0,-1.25
64,104,0,1,0.0,1.25,1.25
64,105,0,1,0.0,1.25,1.25
64,106,1,0,1.25,0.0,-1.25
64,107,0,2,0.0,2.5,2.5
64,108,0,0,0.0,0.0,0.0
64,109,1,0,1.25,0.0,-1.25
64,110,1,0,1.25,0.0,-1.25
64,111,1,0,1.25,0.0,-1.25
64,112,0,0,0.0,0.0,0.0
64,113,1,0,1.25,0.0,-1.25
64,114,0,1,0.0,1.25,1.25
64,115,0,2,0.0,2.5,2.5
64,116,0,0,0.0,0.0,0.0
64,117,1,0,1.25,0.0,-1.25
64,118,0,0,0.0,0.0,0.0
64,119,0,0,0.0,0.0,0.0
64,120,0,0,0.0,0.0,0.0
64,121,0,0,0.0,0.0,0.0
64,122,0,1,0.0,1.25,1.25
64,123,0,1,0.0,1.25,1.25
64,124,0,0,0.0,0.0,0.0
64,125,0,1,0.0,1.25,1.25
64,126,0,0,0.0,0.0,0.0
64,127,0,1,0.0,1.25,1.25
64,128,0,0,0.0,0.0,0.0
64,129,0,0,0.0,0.0,0.0
64,130,0,0,0.0,0.0,0.0
64,131,0,0,0.0,0.0,0.0
64,132,0,0,0.0,0.0,0.0
64,133,1,4,1.25,5.0,3.75
64,134,0,0,0.0,0.0,0.0
65,0,3,0,3.75,0.0,-3.75
65,1,1,0,1.25,0.0,-1.25
65,2,0,1,0.0,1.25,1.25
65,3,0,0,0.0,0.0,0.0
65,4,0,0,0.0,0.0,0.0
65,5,0,1,0.0,1.25,1.25
65,6,0,1,0.0,1.25,1.25
65,7,0,2,0.0,2.5,2.5
65,8,1,1,1.25,1.25,0.0
65,9,0,2,0.0,2.5,2.5
65,10,2,1,2.5,1.25,-1.25
65,11,1,0,1.25,0.0,-1.25
65,12,0,0,0.0,0.0,0.0
65,13,0,1,0.0,1.25,1.25
65,14,1,0,1.25,0.0,-1.25
65,15,0,1,0.0,1.25,1.25
65,16,0,0,0.0,0.0,0.0
65,17,0,0,0.0,0.0,0.0
65,18,1,1,1.25,1.25,0.0
65,19,0,1,0.0,1.25,1.25
65,20,0,0,0.0,0.0,0.0
65,21,1,0,1.25,0.0,-1.25
65,22,0,0,0.0,0.0,0.0
65,23,0,1,0.0,1.25,1.25
65,24,0,1,0.0,1.25,1.25
65,25,0,0,0.0,0.0,0.0
65,26,2,4,2.5,5.0,2.5
65,27,1,1,1.25,1.25,0.0
65,28,1,0,1.25,0.0,-1.25
65,29,1,0,1.25,0.0,-1.25
65,30,2,1,2.5,1.25,-1.25
65,31,0,1,0.0,1.25,1.25
65,32,1,0,1.25,0.0,-1.25
65,33,3,0,3.75,0.0,-3.75
65,34,1,0,1.25,0.0,-1.25
65,35,0,0,0.0,0.0,0.0
65,36,0,0,0.0,0.0,0.0
65,37,0,0,0.0,0.0,0.0
65,38,0,1,0.0,1.25,1.25
65,39,1,0,1.25,0.0,-1.25
65,40,0,0,0.0,0.0,0.0
65,41,2,0,2.5,0.0,-2.5
65,42,0,0,0.0,0.0,0.0
65,43,0,3,0.0,3.75,3.75
65,44,0,2,0.0,2.5,2.5
65,45,2,3,2.5,3.75,1.25
65,46,0,2,0.0,2.5,2.5
65,47,0,0,0.0,0.0,0.0
65,48,0,0,0.0,0.0,0.0
65,49,0,0,0.0,0.0,0.0
65,50,0,0,0.0,0.0,0.0
65,51,0,0,0.0,0.0,0.0
65,52,1,0,1.25,0.0,-1.25
65,53,0,1,0.0,1.25,1.25
65,54,0,0,0.0,0.0,0.0
65,55,0,0,0.0,0.0,0.0
65,56,0,2,0.0,2.5,2.5
65,57,0,5,0.0,6.25,6.25
65,58,0,0,0.0,0.0,0.0
65,59,0,0,0.0,0.0,0.0
65,60,0,1,0.0,1.25,1.25
65,61,0,2,0.0,2.5,2.5
65,62,1,1,1.25,1.25,0.0
65,63,0,1,0.0,1.25,1.25
65,64,1,0,1.25,0.0,-1.25
65,65,0,4,0.0,5.0,5.0
65,66,0,1,0.0,1.25,1.25
65,67,0,0,0.0,0.0,0.0
65,68,0,0,0.0,0.0,0.0
65,69,0,2,0.0,2.5,2.5
65,70,1,0,1.25,0.0,-1.25
65,71,0,0,0.0,0.0,0.0
65,72,0,0,0.0,0.0,0.0
65,73,0,1,0.0,1.25,1.25
65,74,1,2,1.25,2.5,1.25
65,75,0,2,0.0,2.5,2.5
65,76,0,1,0.0,1.25,1.25
65,77,0,0,0.0,0.0,0.0
65,78,1,0,1.25,0.0,-1.25
65,79,1,1,1.25,1.25,0.0
65,80,0,0,0.0,0.0,0.0
65,81,0,0,0.0,0.0,0.0
65,82,0,0,0.0,0.0,0.0
65,83,0,0,0.0,0.0,0.0
65,84,2,0,2.5,0.0,-2.5
65,85,2,3,2.5,3.75,1.25
65,86,0,0,0.0,0.0,0.0
65,87,0,1,0.0,1.25,1.25
65,88,1,1,1.25,1.25,0.0
65,89,0,1,0.0,1.25,1.25
65,90,2,1,2.5,1.25,-1.25
65,91,2,0,2.5,0.0,-2.5
65,92,0,0,0.0,0.0,0.0
65,93,0,1,0.0,1.25,1.25
65,94,0,1,0.0,1.25,1.25
65,95,0,2,0.0,2.5,2.5
65,96,1,0,1.25,0.0,-1.25
65,97,1,0,1.25,0.0,-1.25
65,98,1,0,1.25,0.0,-1.25
65,99,2,0,2.5,0.0,-2.5
65,100,3,2,3.75,2.5,-1.25
65,101,2,2,2.5,2.5,0.0
65,102,0,0,0.0,0.0,0.0
65,103,1,6,1.25,7.5,6.25
65,104,0,3,0.0,3.75,3.75
65,105,0,1,0.0,1.25,1.25
65,106,1,0,1.25,0.0,-1.25
65,107,0,1,0.0,1.25,1.25
65,108,0,0,0.0,0.0,0.0
65,109,0,0,0.0,0.0,0.0
65,110,0,0,0.0,0.0,0.0
65,111,0,0,0.0,0.0,0.0
65,112,0,0,0.0,0.0,0.0
65,113,0,1,0.0,1.25,1.25
65,114,1,1,1.25,1.25,0.0
65,115,0,0,0.0,0.0,0.0
65,116,0,1,0.0,1.25,1.25
65,117,0,0,0.0,0.0,0.0
65,118,0,2,0.0,2.5,2.5
65,119,0,0,0.0,0.0,0.0
65,120,1,1,1.25,1.25,0.0
65,121,1,1,1.25,1.25,0.0
65,122,1,0,1.25,0.0,-1.25
65,123,2,1,2.5,1.25,-1.25
65,124,2,0,2.5,0.0,-2.5
65,125,0,1,0.0,1.25,1.25
65,126,0,0,0.0,0.0,0.0
65,127,1,0,1.25,0.0,-1.25
65,128,1,0,1.25,0.0,-1.25
65,129,0,0,0.0,0.0,0.0
65,130,1,0,1.25,0.0,-1.25
65,131,0,0,0.0,0.0,0.0
65,132,0,1,0.0,1.25,1.25
65,133,0,2,0.0,2.5,2.5
65,134,0,0,0.0,0.0,0.0
66,0,0,0,0.0,0.0,0.0
66,1,0,0,0.0,0.0,0.0
66,2,0,0,0.0,0.0,0.0
66,3,0,0,0.0,0.0,0.0
66,4,0,0,0.0,0.0,0.0
66,5,0,0,0.0,0.0,0.0
66,6,0,0,0.0,0.0,0.0
66,7,0,0,0.0,0.0,0.0
66,8,0,0,0.0,0.0,0.0
66,9,1,0,1.25,0.0,-1.25
66,10,0,0,0.0,0.0,0.0
66,11,0,0,0.0,0.0,0.0
66,12,0,0,0.0,0.0,0.0
66,13,0,0,0.0,0.0,0.0
66,14,0,0,0.0,0.0,0.0
66,15,0,0,0.0,0.0,0.0
66,16,0,0,0.0,0.0,0.0
66,17,0,0,0.0,0.0,0.0
66,18,0,0,0.0,0.0,0.0
66,19,0,0,0.0,0.0,0.0
66,20,0,0,0.0,0.0,0.0
66,21,0,0,0.0,0.0,0.0
66,22,0,0,0.0,0.0,0.0
66,23,0,0,0.0,0.0,0.0
66,24,0,0,0.0,0.0,0.0
66,25,0,0,0.0,0.0,0.0
66,26,0,0,0.0,0.0,0.0
66,27,0,0,0.0,0.0,0.0
66,28,0,0,0.0,0.0,0.0
66,29,0,0,0.0,0.0,0.0
66,30,0,0,0.0,0.0,0.0
66,31,0,0,0.0,0.0,0.0
66,32,0,0,0.0,0.0,0.0
66,33,0,0,0.0,0.0,0.0
66,34,0,0,0.0,0.0,0.0
66,35,0,0,0.0,0.0,0.0
66,36,1,0,1.25,0.0,-1.25
66,37,1,0,1.25,0.0,-1.25
66,38,0,3,0.0,3.75,3.75
66,39,0,0,0.0,0.0,0.0
66,40,0,0,0.0,0.0,0.0
66,41,0,0,0.0,0.0,0.0
66,42,0,0,0.0,0.0,0.0
66,43,1,0,1.25,0.0,-1.25
66,44,0,1,0.0,1.25,1.25
66,45,2,0,2.5,0.0,-2.5
66,46,0,1,0.0,1.25,1.25
66,47,0,2,0.0,2.5,2.5
66,48,0,0,0.0,0.0,0.0
66,49,0,0,0.0,0.0,0.0
66,50,0,0,0.0,0.0,0.0
66,51,0,0,0.0,0.0,0.0
66,52,0,0,0.0,0.0,0.0
66,53,0,0,0.0,0.0,0.0
66,54,0,1,0.0,1.25,1.25
66,55,0,0,0.0,0.0,0.0
66,56,0,0,0.0,0.0,0.0
66,57,1,1,1.25,1.25,0.0
66,58,0,0,0.0,0.0,0.0
66,59,0,0,0.0,0.0,0.0
66,60,0,0,0.0,0.0,0.0
66,61,0,0,0.0,0.0,0.0
66,62,1,0,1.25,0.0,-1.25
66,63,1,0,1.25,0.0,-1.25
66,64,0,0,0.0,0.0,0.0
66,65,1,1,1.25,1.25,0.0
66,66,0,0,0.0,0.0,0.0
66,67,0,0,0.0,0.0,0.0
66,68,0,0,0.0,0.0,0.0
66,69,0,0,0.0,0.0,0.0
66,70,0,0,0.0,0.0,0.0
66,71,0,0,0.0,0.0,0.0
66,72,0,0,0.0,0.0,0.0
66,73,0,0,0.0,0.0,0.0
66,74,0,0,0.0,0.0,0.0
66,75,0,0,0.0,0.0,0.0
66,76,0,0,0.0,0.0,0.0
66,77,0,1,0.0,1.25,1.25
66,78,0,0,0.0,0.0,0.0
66,79,0,0,0.0,0.0,0.0
66,80,0,0,0.0,0.0,0.0
66,81,0,0,0.0,0.0,0.0
66,82,0,0,0.0,0.0,0.0
66,83,0,0,0.0,0.0,0.0
66,84,0,0,0.0,0.0,0.0
66,85,0,3,0.0,3.75,3.75
66,86,0,0,0.0,0.0,0.0
66,87,0,0,0.0,0.0,0.0
66,88,0,0,0.0,0.0,0.0
66,89,0,0,0.0,0.0,0.0
66,90,0,0,0.0,0.0,0.0
66,91,0,0,0.0,0.0,0.0
66,92,0,0,0.0,0.0,0.0
66,93,0,0,0.0,0.0,0.0
66,94,0,0,0.0,0.0,0.0
66,95,0,0,0.0,0.0,0.0
66,96,1,0,1.25,0.0,-1.25
66,97,0,0,0.0,0.0,0.0
66,98,0,0,0.0,0.0,0.0
66,99,0,0,0.0,0.0,0.0
66,100,0,0,0.0,0.0,0.0
66,101,0,0,0.0,0.0,0.0
66,102,0,0,0.0,0.0,0.0
66,103,0,0,0.0,0.0,0.0
66,104,1,1,1.25,1.25,0.0
66,105,0,0,0.0,0.0,0.0
66,106,0,0,0.0,0.0,0.0
66,107,0,0,0.0,0.0,0.0
66,108,0,0,0.0,0.0,0.0
66,109,0,1,0.0,1.25,1.25
66,110,0,0,0.0,0.0,0.0
66,111,0,0,0.0,0.0,0.0
66,112,0,0,0.0,0.0,0.0
66,113,0,0,0.0,0.0,0.0
66,114,0,0,0.0,0.0,0.0
66,115,0,0,0.0,0.0,0.0
66,116,0,1,0.0,1.25,1.25
66,117,0,0,0.0,0.0,0.0
66,118,0,0,0.0,0.0,0.0
66,119,0,0,0.0,0.0,0.0
66,120,0,1,0.0,1.25,1.25
66,121,0,0,0.0,0.0,0.0
66,122,0,0,0.0,0.0,0.0
66,123,0,0,0.0,0.0,0.0
66,124,2,1,2.5,1.25,-1.25
66,125,0,0,0.0,0.0,0.0
66,126,0,1,0.0,1.25,1.25
66,127,0,0,0.0,0.0,0.0
66,128,0,0,0.0,0.0,0.0
66,129,0,0,0.0,0.0,0.0
66,130,0,0,0.0,0.0,0.0
66,131,3,0,3.75,0.0,-3.75
66,132,0,0,0.0,0.0,0.0
66,133,1,0,1.25,0.0,-1.25
66,134,0,0,0.0,0.0,0.0
67,0,3,2,3.75,2.5,-1.25
67,1,1,0,1.25,0.0,-1.25
67,2,0,0,0.0,0.0,0.0
67,3,1,1,1.25,1.25,0.0
67,4,0,0,0.0,0.0,0.0
67,5,1,3,1.25,3.75,2.5
67,6,2,0,2.5,0.0,-2.5
67,7,3,2,3.75,2.5,-1.25
67,8,0,1,0.0,1.25,1.25
67,9,1,1,1.25,1.25,0.0
67,10,1,4,1.25,5.0,3.75
67,11,0,0,0.0,0.0,0.0
67,12,0,4,0.0,5.0,5.0
67,13,2,5,2.5,6.25,3.75
67,14,2,2,2.5,2.5,0.0
67,15,1,1,1.25,1.25,0.0
67,16,0,0,0.0,0.0,0.0
67,17,0,3,0.0,3.75,3.75
67,18,0,1,0.0,1.25,1.25
67,19,1,2,1.25,2.5,1.25
67,20,1,1,1.25,1.25,0.0
67,21,0,1,0.0,1.25,1.25
67,22,0,1,0.0,1.25,1.25
67,23,0,1,0.0,1.25,1.25
67,24,1,1,1.25,1.25,0.0
67,25,0,1,0.0,1.25,1.25
67,26,1,3,1.25,3.75,2.5
67,27,4,2,5.0,2.5,-2.5
67,28,1,1,1.25,1.25,0.0
67,29,2,0,2.5,0.0,-2.5
67,30,1,1,1.25,1.25,0.0
67,31,1,3,1.25,3.75,2.5
67,32,1,2,1.25,2.5,1.25
67,33,0,2,0.0,2.5,2.5
67,34,1,0,1.25,0.0,-1.25
67,35,1,1,1.25,1.25,0.0
67,36,0,1,0.0,1.25,1.25
67,37,0,1,0.0,1.25,1.25
67,38,2,0,2.5,0.0,-2.5
67,39,0,0,0.0,0.0,0.0
67,40,0,0,0.0,0.0,0.0
67,41,0,0,0.0,0.0,0.0
67,42,0,2,0.0,2.5,2.5
67,43,0,1,0.0,1.25,1.25
67,44,1,0,1.25,0.0,-1.25
67,45,0,3,0.0,3.75,3.75
67,46,2,1,2.5,1.25,-1.25
67,47,0,3,0.0,3.75,3.75
67,48,0,2,0.0,2.5,2.5
67,49,1,1,1.25,1.25,0.0
67,50,0,1,0.0,1.25,1.25
67,51,0,2,0.0,2.5,2.5
67,52,1,2,1.25,2.5,1.25
67,53,2,1,2.5,1.25,-1.25
67,54,0,0,0.0,0.0,0.0
67,55,0,1,0.0,1.25,1.25
67,56,1,0,1.25,0.0,-1.25
67,57,1,0,1.25,0.0,-1.25
67,58,2,2,2.5,2.5,0.0
67,59,1,0,1.25,0.0,-1.25
67,60,1,1,1.25,1.25,0.0
67,61,0,0,0.0,0.0,0.0
67,62,0,2,0.0,2.5,2.5
67,63,0,1,0.0,1.25,1.25
67,64,1,1,1.25,1.25,0.0
67,65,1,0,1.25,0.0,-1.25
67,66,0,0,0.0,0.0,0.0
67,67,0,0,0.0,0.0,0.0
67,68,0,0,0.0,0.0,0.0
67,69,0,2,0.0,2.5,2.5
67,70,2,1,2.5,1.25,-1.25
67,71,1,0,1.25,0.0,-1.25
67,72,2,0,2.5,0.0,-2.5
67,73,0,2,0.0,2.5,2.5
67,74,2,0,2.5,0.0,-2.5
67,75,0,1,0.0,1.25,1.25
67,76,0,0,0.0,0.0,0.0
67,77,0,0,0.0,0.0,0.0
67,78,0,1,0.0,1.25,1.25
67,79,0,0,0.0,0.0,0.0
67,80,1,1,1.25,1.25,0.0
67,81,1,2,1.25,2.5,1.25
67,82,1,1,1.25,1.25,0.0
67,83,1,2,1.25,2.5,1.25
67,84,0,3,0.0,3.75,3.75
67,85,0,1,0.0,1.25,1.25
67,86,0,4,0.0,5.0,5.0
67,87,0,0,0.0,0.0,0.0
67,88,0,0,0.0,0.0,0.0
67,89,1,1,1.25,1.25,0.0
67,90,0,0,0.0,0.0,0.0
67,91,2,2,2.5,2.5,0.0
67,92,0,2,0.0,2.5,2.5
67,93,0,0,0.0,0.0,0.0
67,94,2,1,2.5,1.25,-1.25
67,95,0,2,0.0,2.5,2.5
67,96,1,0,1.25,0.0,-1.25
67,97,0,0,0.0,0.0,0.0
67,98,1,1,1.25,1.25,0.0
67,99,1,2,1.25,2.5,1.25
67,100,2,0,2.5,0.0,-2.5
67,101,0,0,0.0,0.0,0.0
67,102,0,1,0.0,1.25,1.25
67,103,2,2,2.5,2.5,0.0
67,104,1,1,1.25,1.25,0.0
67,105,0,0,0.0,0.0,0.0
67,106,1,0,1.25,0.0,-1.25
67,107,0,0,0.0,0.0,0.0
67,108,2,0,2.5,0.0,-2.5
67,109,2,1,2.5,1.25,-1.25
67,110,1,1,1.25,1.25,0.0
67,111,0,1,0.0,1.25,1.25
67,112,2,2,2.5,2.5,0.0
67,113,1,0,1.25,0.0,-1.25
67,114,0,0,0.0,0.0,0.0
67,115,0,3,0.0,3.75,3.75
67,116,1,1,1.25,1.25,0.0
67,117,0,1,0.0,1.25,1.25
67,118,0,0,0.0,0.0,0.0
67,119,0,2,0.0,2.5,2.5
67,120,1,1,1.25,1.25,0.0
67,121,1,0,1.25,0.0,-1.25
67,122,1,2,1.25,2.5,1.25
67,123,2,1,2.5,1.25,-1.25
67,124,0,0,0.0,0.0,0.0
67,125,3,0,3.75,0.0,-3.75
67,126,0,0,0.0,0.0,0.0
67,127,1,0,1.25,0.0,-1.25
67,128,1,2,1.25,2.5,1.25
67,129,0,0,0.0,0.0,0.0
67,130,1,1,1.25,1.25,0.0
67,131,0,0,0.0,0.0,0.0
67,132,0,0,0.0,0.0,0.0
67,133,3,0,3.75,0.0,-3.75
67,134,2,0,2.5,0.0,-2.5
68,0,0,1,0.0,1.25,1.25
68,1,0,0,0.0,0.0,0.0
68,2,1,0,1.25,0.0,-1.25
68,3,0,0,0.0,0.0,0.0
68,4,0,0,0.0,0.0,0.0
68,5,0,0,0.0,0.0,0.0
68,6,0,0,0.0,0.0,0.0
68,7,1,0,1.25,0.0,-1.25
68,8,3,2,3.75,2.5,-1.25
68,9,1,0,1.25,0.0,-1.25
68,10,0,0,0.0,0.0,0.0
68,11,0,2,0.0,2.5,2.5
68,12,0,0,0.0,0.0,0.0
68,13,0,0,0.0,0.0,0.0
68,14,0,0,0.0,0.0,0.0
68,15,0,0,0.0,0.0,0.0
68,16,0,0,0.0,0.0,0.0
68,17,0,0,0.0,0.0,0.0
68,18,0,0,0.0,0.0,0.0
68,19,0,0,0.0,0.0,0.0
68,20,1,1,1.25,1.25,0.0
68,21,0,0,0.0,0.0,0.0
68,22,0,0,0.0,0.0,0.0
68,23,0,0,0.0,0.0,0.0
68,24,0,0,0.0,0.0,0.0
68,25,0,0,0.0,0.0,0.0
68,26,0,2,0.0,2.5,2.5
68,27,0,0,0.0,0.0,0.0
68,28,0,1,0.0,1.25,1.25
68,29,2,0,2.5,0.0,-2.5
68,30,0,0,0.0,0.0,0.0
68,31,0,0,0.0,0.0,0.0
68,32,1,0,1.25,0.0,-1.25
68,33,0,1,0.0,1.25,1.25
68,34,0,0,0.0,0.0,0.0
68,35,0,0,0.0,0.0,0.0
68,36,0,0,0.0,0.0,0.0
68,37,0,0,0.0,0.0,0.0
68,38,1,1,1.25,1.25,0.0
68,39,0,0,0.0,0.0,0.0
68,40,0,0,0.0,0.0,0.0
68,41,0,0,0.0,0.0,0.0
68,42,0,0,0.0,0.0,0.0
68,43,0,0,0.0,0.0,0.0
68,44,0,2,0.0,2.5,2.5
68,45,0,0,0.0,0.0,0.0
68,46,0,1,0.0,1.25,1.25
68,47,0,0,0.0,0.0,0.0
68,48,0,0,0.0,0.0,0.0
68,49,2,2,2.5,2.5,0.0
68,50,0,0,0.0,0.0,0.0
68,51,2,0,2.5,0.0,-2.5
68,52,0,1,0.0,1.25,1.25
68,53,0,2,0.0,2.5,2.5
68,54,0,0,0.0,0.0,0.0
68,55,0,0,0.0,0.0,0.0
68,56,0,1,0.0,1.25,1.25
68,57,0,0,0.0,0.0,0.0
68,58,0,0,0.0,0.0,0.0
68,59,1,0,1.25,0.0,-1.25
68,60,0,0,0.0,0.0,0.0
68,61,0,1,0.0,1.25,1.25
68,62,0,0,0.0,0.0,0.0
68,63,0,0,0.0,0.0,0.0
68,64,1,1,1.25,1.25,0.0
68,65,1,0,1.25,0.0,-1.25
68,66,0,0,0.0,0.0,0.0
68,67,0,0,0.0,0.0,0.0
68,68,0,0,0.0,0.0,0.0
68,69,0,0,0.0,0.0,0.0
68,70,0,0,0.0,0.0,0.0
68,71,0,0,0.0,0.0,0.0
68,72,0,0,0.0,0.0,0.0
68,73,0,0,0.0,0.0,0.0
68,74,0,0,0.0,0.0,0.0
68,75,0,0,0.0,0.0,0.0
68,76,0,0,0.0,0.0,0.0
68,77,0,0,0.0,0.0,0.0
68,78,0,1,0.0,1.25,1.25
68,79,0,0,0.0,0.0,0.0
68,80,0,0,0.0,0.0,0.0
68,81,0,0,0.0,0.0,0.0
68,82,0,0,0.0,0.0,0.0
68,83,0,0,0.0,0.0,0.0
68,84,0,0,0.0,0.0,0.0
68,85,0,0,0.0,0.0,0.0
68,86,0,0,0.0,0.0,0.0
68,87,0,0,0.0,0.0,0.0
68,88,0,1,0.0,1.25,1.25
68,89,0,0,0.0,0.0,0.0
68,90,0,0,0.0,0.0,0.0
68,91,0,0,0.0,0.0,0.0
68,92,0,0,0.0,0.0,0.0
68,93,2,0,2.5,0.0,-2.5
68,94,0,0,0.0,0.0,0.0
68,95,0,0,0.0,0.0,0.0
68,96,1,0,1.25,0.0,-1.25
68,97,0,0,0.0,0.0,0.0
68,98,1,0,1.25,0.0,-1.25
68,99,0,1,0.0,1.25,1.25
68,100,0,0,0.0,0.0,0.0
68,101,0,0,0.0,0.0,0.0
68,102,0,0,0.0,0.0,0.0
68,103,0,0,0.0,0.0,0.0
68,104,0,0,0.0,0.0,0.0
68,105,1,0,1.25,0.0,-1.25
68,106,0,1,0.0,1.25,1.25
68,107,0,1,0.0,1.25,1.25
68,108,0,0,0.0,0.0,0.0
68,109,0,0,0.0,0.0,0.0
68,110,0,0,0.0,0.0,0.0
68,111,0,0,0.0,0.0,0.0
68,112,0,0,0.0,0.0,0.0
68,113,0,0,0.0,0.0,0.0
68,114,0,0,0.0,0.0,0.0
68,115,0,0,0.0,0.0,0.0
68,116,0,0,0.0,0.0,0.0
68,117,0,0,0.0,0.0,0.0
68,118,0,0,0.0,0.0,0.0
68,119,0,0,0.0,0.0,0.0
68,120,0,0,0.0,0.0,0.0
68,121,0,0,0.0,0.0,0.0
68,122,0,0,0.0,0.0,0.0
68,123,0,0,0.0,0.0,0.0
68,124,0,0,0.0,0.0,0.0
68,125,0,0,0.0,0.0,0.0
68,126,0,0,0.0,0.0,0.0
68,127,2,0,2.5,0.0,-2.5
68,128,0,1,0.0,1.25,1.25
68,129,0,0,0.0,0.0,0.0
68,130,0,0,0.0,0.0,0.0
68,131,0,0,0.0,0.0,0.0
68,132,0,0,0.0,0.0,0.0
68,133,0,0,0.0,0.0,0.0
68,134,0,0,0.0,0.0,0.0
69,0,2,2,2.5,2.5,0.0
69,1,1,0,1.25,0.0,-1.25
69,2,1,1,1.25,1.25,0.0
69,3,3,0,3.75,0.0,-3.75
69,4,1,0,1.25,0.0,-1.25
69,5,2,2,2.5,2.5,0.0
69,6,0,0,0.0,0.0,0.0
69,7,0,1,0.0,1.25,1.25
69,8,1,2,1.25,2.5,1.25
69,9,0,0,0.0,0.0,0.0
69,10,1,0,1.25,0.0,-1.25
69,11,2,3,2.5,3.75,1.25
69,12,0,1,0.0,1.25,1.25
69,13,0,0,0.0,0.0,0.0
69,14,0,0,0.0,0.0,0.0
69,15,1,1,1.25,1.25,0.0
69,16,4,0,5.0,0.0,-5.0
69,17,3,2,3.75,2.5,-1.25
69,18,0,1,0.0,1.25,1.25
69,19,2,0,2.5,0.0,-2.5
69,20,0,1,0.0,1.25,1.25
69,21,1,0,1.25,0.0,-1.25
69,22,0,1,0.0,1.25,1.25
69,23,0,2,0.0,2.5,2.5
69,24,2,2,2.5,2.5,0.0
69,25,0,0,0.0,0.0,0.0
69,26,3,0,3.75,0.0,-3.75
69,27,3,0,3.75,0.0,-3.75
69,28,5,1,6.25,1.25,-5.0
69,29,0,1,0.0,1.25,1.25
69,30,0,0,0.0,0.0,0.0
69,31,2,0,2.5,0.0,-2.5
69,32,0,0,0.0,0.0,0.0
69,33,1,0,1.25,0.0,-1.25
69,34,0,0,0.0,0.0,0.0
69,35,0,0,0.0,0.0,0.0
69,36,2,0,2.5,0.0,-2.5
69,37,2,0,2.5,0.0,-2.5
69,38,3,0,3.75,0.0,-3.75
69,39,1,1,1.25,1.25,0.0
69,40,3,0,3.75,0.0,-3.75
69,41,3,1,3.75,1.25,-2.5
69,42,5,1,6.25,1.25,-5.0
69,43,2,0,2.5,0.0,-2.5
69,44,3,0,3.75,0.0,-3.75
69,45,1,0,1.25,0.0,-1.25
69,46,2,1,2.5,1.25,-1.25
69,47,1,4,1.25,5.0,3.75
69,48,6,1,7.5,1.25,-6.25
69,49,3,0,3.75,0.0,-3.75
69,50,1,0,1.25,0.0,-1.25
69,51,3,2,3.75,2.5,-1.25
69,52,3,0,3.75,0.0,-3.75
69,53,3,0,3.75,0.0,-3.75
69,54,1,1,1.25,1.25,0.0
69,55,1,0,1.25,0.0,-1.25
69,56,4,2,5.0,2.5,-2.5
69,57,1,2,1.25,2.5,1.25
69,58,1,0,1.25,0.0,-1.25
69,59,1,0,1.25,0.0,-1.25
69,60,4,2,5.0,2.5,-2.5
69,61,1,1,1.25,1.25,0.0
69,62,1,2,1.25,2.5,1.25
69,63,3,0,3.75,0.0,-3.75
69,64,2,1,2.5,1.25,-1.25
69,65,0,0,0.0,0.0,0.0
69,66,0,1,0.0,1.25,1.25
69,67,0,0,0.0,0.0,0.0
69,68,0,0,0.0,0.0,0.0
69,69,0,0,0.0,0.0,0.0
69,70,1,0,1.25,0.0,-1.25
69,71,2,0,2.5,0.0,-2.5
69,72,0,0,0.0,0.0,0.0
69,73,1,0,1.25,0.0,-1.25
69,74,2,0,2.5,0.0,-2.5
69,75,1,0,1.25,0.0,-1.25
69,76,0,0,0.0,0.0,0.0
69,77,6,0,7.5,0.0,-7.5
69,78,2,2,2.5,2.5,0.0
69,79,1,1,1.25,1.25,0.0
69,80,0,0,0.0,0.0,0.0
69,81,0,0,0.0,0.0,0.0
69,82,0,0,0.0,0.0,0.0
69,83,1,1,1.25,1.25,0.0
69,84,1,1,1.25,1.25,0.0
69,85,1,0,1.25,0.0,-1.25
69,86,0,0,0.0,0.0,0.0
69,87,1,5,1.25,6.25,5.0
69,88,1,0,1.25,0.0,-1.25
69,89,3,1,3.75,1.25,-2.5
69,90,1,1,1.25,1.25,0.0
69,91,1,0,1.25,0.0,-1.25
69,92,1,0,1.25,0.0,-1.25
69,93,0,0,0.0,0.0,0.0
69,94,2,0,2.5,0.0,-2.5
69,95,0,2,0.0,2.5,2.5
69,96,3,1,3.75,1.25,-2.5
69,97,0,2,0.0,2.5,2.5
69,98,0,0,0.0,0.0,0.0
69,99,1,4,1.25,5.0,3.75
69,100,2,0,2.5,0.0,-2.5
69,101,1,0,1.25,0.0,-1.25
69,102,0,0,0.0,0.0,0.0
69,103,2,2,2.5,2.5,0.0
69,104,1,3,1.25,3.75,2.5
69,105,0,1,0.0,1.25,1.25
69,106,5,0,6.25,0.0,-6.25
69,107,0,1,0.0,1.25,1.25
69,108,4,0,5.0,0.0,-5.0
69,109,4,1,5.0,1.25,-3.75
69,110,5,2,6.25,2.5,-3.75
69,111,0,3,0.0,3.75,3.75
69,112,0,0,0.0,0.0,0.0
69,113,3,0,3.75,0.0,-3.75
69,114,0,0,0.0,0.0,0.0
69,115,1,3,1.25,3.75,2.5
69,116,2,1,2.5,1.25,-1.25
69,117,2,1,2.5,1.25,-1.25
69,118,1,1,1.25,1.25,0.0
69,119,1,6,1.25,7.5,6.25
69,120,4,0,5.0,0.0,-5.0
69,121,4,0,5.0,0.0,-5.0
69,122,5,7,6.25,8.75,2.5
69,123,0,1,0.0,1.25,1.25
69,124,0,3,0.0,3.75,3.75
69,125,1,2,1.25,2.5,1.25
69,126,0,3,0.0,3.75,3.75
69,127,1,0,1.25,0.0,-1.25
69,128,1,0,1.25,0.0,-1.25
69,129,0,1,0.0,1.25,1.25
69,130,0,0,0.0,0.0,0.0
69,131,3,0,3.75,0.0,-3.75
69,132,3,0,3.75,0.0,-3.75
69,133,1,0,1.25,0.0,-1.25
69,134,1,2,1.25,2.5,1.25
70,0,1,1,1.25,1.25,0.0
70,1,0,0,0.0,0.0,0.0
70,2,0,2,0.0,2.5,2.5
70,3,4,1,5.0,1.25,-3.75
70,4,0,1,0.0,1.25,1.25
70,5,0,0,0.0,0.0,0.0
70,6,1,0,1.25,0.0,-1.25
70,7,2,2,2.5,2.5,0.0
70,8,1,1,1.25,1.25,0.0
70,9,1,1,1.25,1.25,0.0
70,10,0,2,0.0,2.5,2.5
70,11,1,2,1.25,2.5,1.25
70,12,0,4,0.0,5.0,5.0
70,13,0,0,0.0,0.0,0.0
70,14,2,1,2.5,1.25,-1.25
70,15,0,0,0.0,0.0,0.0
70,16,1,0,1.25,0.0,-1.25
70,17,0,3,0.0,3.75,3.75
70,18,1,2,1.25,2.5,1.25
70,19,1,2,1.25,2.5,1.25
70,20,0,0,0.0,0.0,0.0
70,21,0,0,0.0,0.0,0.0
70,22,0,2,0.0,2.5,2.5
70,23,0,1,0.0,1.25,1.25
70,24,0,0,0.0,0.0,0.0
70,25,0,1,0.0,1.25,1.25
70,26,0,0,0.0,0.0,0.0
70,27,1,0,1.25,0.0,-1.25
70,28,1,0,1.25,0.0,-1.25
70,29,1,0,1.25,0.0,-1.25
70,30,4,4,5.0,5.0,0.0
70,31,1,1,1.25,1.25,0.0
70,32,0,1,0.0,1.25,1.25
70,33,0,0,0.0,0.0,0.0
70,34,2,2,2.5,2.5,0.0
70,35,0,2,0.0,2.5,2.5
70,36,2,1,2.5,1.25,-1.25
70,37,1,0,1.25,0.0,-1.25
70,38,0,0,0.0,0.0,0.0
70,39,1,0,1.25,0.0,-1.25
70,40,0,0,0.0,0.0,0.0
70,41,1,3,1.25,3.75,2.5
70,42,0,0,0.0,0.0,0.0
70,43,2,0,2.5,0.0,-2.5
70,44,0,0,0.0,0.0,0.0
70,45,0,1,0.0,1.25,1.25
70,46,0,0,0.0,0.0,0.0
70,47,0,3,0.0,3.75,3.75
70,48,0,3,0.0,3.75,3.75
70,49,1,0,1.25,0.0,-1.25
70,50,1,3,1.25,3.75,2.5
70,51,0,3,0.0,3.75,3.75
70,52,0,0,0.0,0.0,0.0
70,53,0,1,0.0,1.25,1.25
70,54,0,3,0.0,3.75,3.75
70,55,1,0,1.25,0.0,-1.25
70,56,1,1,1.25,1.25,0.0
70,57,0,3,0.0,3.75,3.75
70,58,1,1,1.25,1.25,0.0
70,59,0,4,0.0,5.0,5.0
70,60,0,2,0.0,2.5,2.5
70,61,0,1,0.0,1.25,1.25
70,62,0,5,0.0,6.25,6.25
70,63,2,1,2.5,1.25,-1.25
70,64,0,4,0.0,5.0,5.0
70,65,0,1,0.0,1.25,1.25
70,66,1,0,1.25,0.0,-1.25
70,67,0,0,0.0,0.0,0.0
70,68,0,1,0.0,1.25,1.25
70,69,0,2,0.0,2.5,2.5
70,70,0,0,0.0,0.0,0.0
70,71,0,1,0.0,1.25,1.25
70,72,2,3,2.5,3.75,1.25
70,73,0,1,0.0,1.25,1.25
70,74,0,0,0.0,0.0,0.0
70,75,0,1,0.0,1.25,1.25
70,76,0,0,0.0,0.0,0.0
70,77,0,1,0.0,1.25,1.25
70,78,0,2,0.0,2.5,2.5
70,79,1,2,1.25,2.5,1.25
70,80,0,1,0.0,1.25,1.25
70,81,0,1,0.0,1.25,1.25
70,82,1,1,1.25,1.25,0.0
70,83,1,5,1.25,6.25,5.0
70,84,2,1,2.5,1.25,-1.25
70,85,0,0,0.0,0.0,0.0
70,86,0,0,0.0,0.0,0.0
70,87,0,0,0.0,0.0,0.0
70,88,1,0,1.25,0.0,-1.25
70,89,0,2,0.0,2.5,2.5
70,90,0,1,0.0,1.25,1.25
70,91,2,1,2.5,1.25,-1.25
70,92,1,0,1.25,0.0,-1.25
70,93,1,1,1.25,1.25,0.0
70,94,1,2,1.25,2.5,1.25
70,95,0,4,0.0,5.0,5.0
70,96,1,4,1.25,5.0,3.75
70,97,0,0,0.0,0.0,0.0
70,98,0,1,0.0,1.25,1.25
70,99,0,0,0.0,0.0,0.0
70,100,3,1,3.75,1.25,-2.5
70,101,0,0,0.0,0.0,0.0
70,102,0,3,0.0,3.75,3.75
70,103,1,0,1.25,0.0,-1.25
70,104,1,2,1.25,2.5,1.25
70,105,1,2,1.25,2.5,1.25
70,106,1,1,1.25,1.25,0.0
70,107,0,2,0.0,2.5,2.5
70,108,0,0,0.0,0.0,0.0
70,109,1,0,1.25,0.0,-1.25
70,110,1,0,1.25,0.0,-1.25
70,111,2,0,2.5,0.0,-2.5
70,112,0,2,0.0,2.5,2.5
70,113,0,1,0.0,1.25,1.25
70,114,3,4,3.75,5.0,1.25
70,115,1,1,1.25,1.25,0.0
70,116,0,0,0.0,0.0,0.0
70,117,0,2,0.0,2.5,2.5
70,118,0,0,0.0,0.0,0.0
70,119,1,0,1.25,0.0,-1.25
70,120,0,0,0.0,0.0,0.0
70,121,1,0,1.25,0.0,-1.25
70,122,0,2,0.0,2.5,2.5
70,123,2,1,2.5,1.25,-1.25
70,124,1,1,1.25,1.25,0.0
70,125,2,1,2.5,1.25,-1.25
70,126,0,1,0.0,1.25,1.25
70,127,0,0,0.0,0.0,0.0
70,128,0,2,0.0,2.5,2.5
70,129,1,0,1.25,0.0,-1.25
70,130,2,2,2.5,2.5,0.0
70,131,0,0,0.0,0.0,0.0
70,132,0,0,0.0,0.0,0.0
70,133,0,0,0.0,0.0,0.0
70,134,2,0,2.5,0.0,-2.5
71,0,0,0,0.0,0.0,0.0
71,1,0,0,0.0,0.0,0.0
71,2,1,1,1.25,1.25,0.0
71,3,0,0,0.0,0.0,0.0
71,4,0,0,0.0,0.0,0.0
71,5,0,0,0.0,0.0,0.0
71,6,1,0,1.25,0.0,-1.25
71,7,4,0,5.0,0.0,-5.0
71,8,0,0,0.0,0.0,0.0
71,9,0,0,0.0,0.0,0.0
71,10,0,0,0.0,0.0,0.0
71,11,1,0,1.25,0.0,-1.25
71,12,0,0,0.0,0.0,0.0
71,13,2,0,2.5,0.0,-2.5
71,14,5,0,6.25,0.0,-6.25
71,15,0,0,0.0,0.0,0.0
71,16,0,0,0.0,0.0,0.0
71,17,0,0,0.0,0.0,0.0
71,18,0,0,0.0,0.0,0.0
71,19,0,0,0.0,0.0,0.0
71,20,0,0,0.0,0.0,0.0
71,21,0,0,0.0,0.0,0.0
71,22,1,0,1.25,0.0,-1.25
71,23,0,0,0.0,0.0,0.0
71,24,1,0,1.25,0.0,-1.25
71,25,0,0,0.0,0.0,0.0
71,26,0,0,0.0,0.0,0.0
71,27,1,0,1.25,0.0,-1.25
71,28,0,0,0.0,0.0,0.0
71,29,0,0,0.0,0.0,0.0
71,30,1,0,1.25,0.0,-1.25
71,31,1,0,1.25,0.0,-1.25
71,32,0,0,0.0,0.0,0.0
71,33,0,0,0.0,0.0,0.0
71,34,0,0,0.0,0.0,0.0
71,35,0,1,0.0,1.25,1.25
71,36,0,0,0.0,0.0,0.0
71,37,1,1,1.25,1.25,0.0
71,38,2,3,2.5,3.75,1.25
71,39,1,1,1.25,1.25,0.0
71,40,0,0,0.0,0.0,0.0
71,41,0,0,0.0,0.0,0.0
71,42,0,1,0.0,1.25,1.25
71,43,0,1,0.0,1.25,1.25
71,44,0,0,0.0,0.0,0.0
71,45,1,0,1.25,0.0,-1.25
71,46,0,0,0.0,0.0,0.0
71,47,0,3,0.0,3.75,3.75
71,48,1,0,1.25,0.0,-1.25
71,49,3,0,3.75,0.0,-3.75
71,50,0,0,0.0,0.0,0.0
71,51,0,0,0.0,0.0,0.0
71,52,0,0,0.0,0.0,0.0
71,53,0,0,0.0,0.0,0.0
71,54,0,0,0.0,0.0,0.0
71,55,0,0,0.0,0.0,0.0
71,56,0,0,0.0,0.0,0.0
71,57,0,0,0.0,0.0,0.0
71,58,0,0,0.0,0.0,0.0
71,59,0,0,0.0,0.0,0.0
71,60,1,0,1.25,0.0,-1.25
71,61,0,1,0.0,1.25,1.25
71,62,0,1,0.0,1.25,1.25
71,63,2,0,2.5,0.0,-2.5
71,64,0,1,0.0,1.25,1.25
71,65,0,1,0.0,1.25,1.25
71,66,0,0,0.0,0.0,0.0
71,67,0,0,0.0,0.0,0.0
71,68,0,0,0.0,0.0,0.0
71,69,0,0,0.0,0.0,0.0
71,70,0,0,0.0,0.0,0.0
71,71,0,0,0.0,0.0,0.0
71,72,0,0,0.0,0.0,0.0
71,73,0,0,0.0,0.0,0.0
71,74,1,0,1.25,0.0,-1.25
71,75,1,0,1.25,0.0,-1.25
71,76,0,0,0.0,0.0,0.0
71,77,0,0,0.0,0.0,0.0
71,78,0,1,0.0,1.25,1.25
71,79,0,0,0.0,0.0,0.0
71,80,0,0,0.0,0.0,0.0
71,81,0,0,0.0,0.0,0.0
71,82,0,0,0.0,0.0,0.0
71,83,0,0,0.0,0.0,0.0
71,84,1,1,1.25,1.25,0.0
71,85,0,0,0.0,0.0,0.0
71,86,0,0,0.0,0.0,0.0
71,87,0,0,0.0,0.0,0.0
71,88,0,0,0.0,0.0,0.0
71,89,1,6,1.25,7.5,6.25
71,90,0,0,0.0,0.0,0.0
71,91,0,3,0.0,3.75,3.75
71,92,0,0,0.0,0.0,0.0
71,93,0,0,0.0,0.0,0.0
71,94,0,0,0.0,0.0,0.0
71,95,0,0,0.0,0.0,0.0
71,96,3,0,3.75,0.0,-3.75
71,97,0,0,0.0,0.0,0.0
71,98,0,0,0.0,0.0,0.0
71,99,0,2,0.0,2.5,2.5
71,100,0,0,0.0,0.0,0.0
71,101,0,1,0.0,1.25,1.25
71,102,0,0,0.0,0.0,0.0
71,103,2,0,2.5,0.0,-2.5
71,104,0,1,0.0,1.25,1.25
71,105,0,0,0.0,0.0,0.0
71,106,1,0,1.25,0.0,-1.25
71,107,2,3,2.5,3.75,1.25
71,108,0,0,0.0,0.0,0.0
71,109,0,1,0.0,1.25,1.25
71,110,0,1,0.0,1.25,1.25
71,111,1,1,1.25,1.25,0.0
71,112,0,0,0.0,0.0,0.0
71,113,1,0,1.25,0.0,-1.25
71,114,0,0,0.0,0.0,0.0
71,115,0,0,0.0,0.0,0.0
71,116,0,0,0.0,0.0,0.0
71,117,0,0,0.0,0.0,0.0
71,118,0,0,0.0,0.0,0.0
71,119,0,0,0.0,0.0,0.0
71,120,0,1,0.0,1.25,1.25
71,121,0,0,0.0,0.0,0.0
71,122,0,0,0.0,0.0,0.0
71,123,0,0,0.0,0.0,0.0
71,124,0,0,0.0,0.0,0.0
71,125,0,0,0.0,0.0,0.0
71,126,0,1,0.0,1.25,1.25
71,127,1,2,1.25,2.5,1.25
71,128,0,0,0.0,0.0,0.0
71,129,0,0,0.0,0.0,0.0
71,130,0,0,0.0,0.0,0.0
71,131,1,0,1.25,0.0,-1.25
71,132,0,0,0.0,0.0,0.0
71,133,0,0,0.0,0.0,0.0
71,134,0,1,0.0,1.25,1.25
72,0,2,4,2.5,5.0,2.5
72,1,2,3,2.5,3.75,1.25
72,2,1,2,1.25,2.5,1.25
72,3,1,2,1.25,2.5,1.25
72,4,1,8,1.25,10.0,8.75
72,5,0,0,0.0,0.0,0.0
72,6,1,0,1.25,0.0,-1.25
72,7,1,0,1.25,0.0,-1.25
72,8,1,2,1.25,2.5,1.25
72,9,2,5,2.5,6.25,3.75
72,10,2,3,2.5,3.75,1.25
72,11,2,2,2.5,2.5,0.0
72,12,0,0,0.0,0.0,0.0
72,13,1,3,1.25,3.75,2.5
72,14,1,5,1.25,6.25,5.0
72,15,1,0,1.25,0.0,-1.25
72,16,2,4,2.5,5.0,2.5
72,17,0,3,0.0,3.75,3.75
72,18,1,4,1.25,5.0,3.75
72,19,4,2,5.0,2.5,-2.5
72,20,3,4,3.75,5.0,1.25
72,21,2,2,2.5,2.5,0.0
72,22,7,1,8.75,1.25,-7.5
72,23,5,0,6.25,0.0,-6.25
72,24,2,0,2.5,0.0,-2.5
72,25,0,1,0.0,1.25,1.25
72,26,4,2,5.0,2.5,-2.5
72,27,3,4,3.75,5.0,1.25
72,28,2,1,2.5,1.25,-1.25
72,29,2,0,2.5,0.0,-2.5
72,30,3,2,3.75,2.5,-1.25
72,31,2,3,2.5,3.75,1.25
72,32,6,3,7.5,3.75,-3.75
72,33,1,1,1.25,1.25,0.0
72,34,2,1,2.5,1.25,-1.25
72,35,4,2,5.0,2.5,-2.5
72,36,6,6,7.5,7.5,0.0
72,37,5,2,6.25,2.5,-3.75
72,38,0,1,0.0,1.25,1.25
72,39,2,1,2.5,1.25,-1.25
72,40,1,1,1.25,1.25,0.0
72,41,4,5,5.0,6.25,1.25
72,42,0,1,0.0,1.25,1.25
72,43,0,2,0.0,2.5,2.5
72,44,1,5,1.25,6.25,5.0
72,45,0,3,0.0,3.75,3.75
72,46,1,2,1.25,2.5,1.25
72,47,2,5,2.5,6.25,3.75
72,48,1,5,1.25,6.25,5.0
72,49,2,3,2.5,3.75,1.25
72,50,3,2,3.75,2.5,-1.25
72,51,3,1,3.75,1.25,-2.5
72,52,5,4,6.25,5.0,-1.25
72,53,2,3,2.5,3.75,1.25
72,54,2,7,2.5,8.75,6.25
72,55,0,0,0.0,0.0,0.0
72,56,0,2,0.0,2.5,2.5
72,57,1,5,1.25,6.25,5.0
72,58,1,2,1.25,2.5,1.25
72,59,3,1,3.75,1.25,-2.5
72,60,2,0,2.5,0.0,-2.5
72,61,0,4,0.0,5.0,5.0
72,62,1,3,1.25,3.75,2.5
72,63,2,1,2.5,1.25,-1.25
72,64,1,1,1.25,1.25,0.0
72,65,0,0,0.0,0.0,0.0
72,66,3,2,3.75,2.5,-1.25
72,67,0,0,0.0,0.0,0.0
72,68,0,1,0.0,1.25,1.25
72,69,1,0,1.25,0.0,-1.25
72,70,0,1,0.0,1.25,1.25
72,71,1,3,1.25,3.75,2.5
72,72,2,3,2.5,3.75,1.25
72,73,4,2,5.0,2.5,-2.5
72,74,2,2,2.5,2.5,0.0
72,75,2,2,2.5,2.5,0.0
72,76,5,4,6.25,5.0,-1.25
72,77,5,6,6.25,7.5,1.25
72,78,1,5,1.25,6.25,5.0
72,79,1,4,1.25,5.0,3.75
72,80,5,4,6.25,5.0,-1.25
72,81,2,3,2.5,3.75,1.25
72,82,2,4,2.5,5.0,2.5
72,83,0,3,0.0,3.75,3.75
72,84,2,3,2.5,3.75,1.25
72,85,4,2,5.0,2.5,-2.5
72,86,3,4,3.75,5.0,1.25
72,87,4,2,5.0,2.5,-2.5
72,88,0,3,0.0,3.75,3.75
72,89,0,1,0.0,1.25,1.25
72,90,1,4,1.25,5.0,3.75
72,91,6,4,7.5,5.0,-2.5
72,92,1,3,1.25,3.75,2.5
72,93,5,2,6.25,2.5,-3.75
72,94,2,5,2.5,6.25,3.75
72,95,1,3,1.25,3.75,2.5
72,96,1,3,1.25,3.75,2.5
72,97,2,4,2.5,5.0,2.5
72,98,0,4,0.0,5.0,5.0
72,99,5,2,6.25,2.5,-3.75
72,100,3,2,3.75,2.5,-1.25
72,101,3,0,3.75,0.0,-3.75
72,102,2,2,2.5,2.5,0.0
72,103,0,3,0.0,3.75,3.75
72,104,3,2,3.75,2.5,-1.25
72,105,3,1,3.75,1.25,-2.5
72,106,2,2,2.5,2.5,0.0
72,107,2,3,2.5,3.75,1.25
72,108,0,2,0.0,2.5,2.5
72,109,0,3,0.0,3.75,3.75
72,110,3,1,3.75,1.25,-2.5
72,111,2,4,2.5,5.0,2.5
72,112,0,2,0.0,2.5,2.5
72,113,1,0,1.25,0.0,-1.25
72,114,1,5,1.25,6.25,5.0
72,115,4,2,5.0,2.5,-2.5
72,116,0,0,0.0,0.0,0.0
72,117,1,0,1.25,0.0,-1.25
72,118,2,1,2.5,1.25,-1.25
72,119,0,2,0.0,2.5,2.5
72,120,0,3,0.0,3.75,3.75
72,121,1,4,1.25,5.0,3.75
72,122,0,0,0.0,0.0,0.0
72,123,0,1,0.0,1.25,1.25
72,124,0,0,0.0,0.0,0.0
72,125,0,0,0.0,0.0,0.0
72,126,0,0,0.0,0.0,0.0
72,127,2,1,2.5,1.25,-1.25
72,128,2,6,2.5,7.5,5.0
72,129,0,0,0.0,0.0,0.0
72,130,1,2,1.25,2.5,1.25
72,131,0,0,0.0,0.0,0.0
72,132,0,0,0.0,0.0,0.0
72,133,0,0,0.0,0.0,0.0
72,134,0,0,0.0,0.0,0.0
73,0,1,1,1.25,1.25,0.0
73,1,0,2,0.0,2.5,2.5
73,2,3,2,3.75,2.5,-1.25
73,3,1,0,1.25,0.0,-1.25
73,4,0,0,0.0,0.0,0.0
73,5,0,0,0.0,0.0,0.0
73,6,4,0,5.0,0.0,-5.0
73,7,1,0,1.25,0.0,-1.25
73,8,3,5,3.75,6.25,2.5
73,9,2,0,2.5,0.0,-2.5
73,10,1,1,1.25,1.25,0.0
73,11,1,0,1.25,0.0,-1.25
73,12,0,1,0.0,1.25,1.25
73,13,1,0,1.25,0.0,-1.25
73,14,1,0,1.25,0.0,-1.25
73,15,1,1,1.25,1.25,0.0
73,16,0,0,0.0,0.0,0.0
73,17,0,2,0.0,2.5,2.5
73,18,0,4,0.0,5.0,5.0
73,19,1,2,1.25,2.5,1.25
73,20,1,3,1.25,3.75,2.5
73,21,1,0,1.25,0.0,-1.25
73,22,0,0,0.0,0.0,0.0
73,23,0,0,0.0,0.0,0.0
73,24,3,0,3.75,0.0,-3.75
73,25,1,0,1.25,0.0,-1.25
73,26,2,2,2.5,2.5,0.0
73,27,3,0,3.75,0.0,-3.75
73,28,2,2,2.5,2.5,0.0
73,29,2,0,2.5,0.0,-2.5
73,30,2,3,2.5,3.75,1.25
73,31,2,2,2.5,2.5,0.0
73,32,4,0,5.0,0.0,-5.0
73,33,1,0,1.25,0.0,-1.25
73,34,1,3,1.25,3.75,2.5
73,35,0,1,0.0,1.25,1.25
73,36,0,2,0.0,2.5,2.5
73,37,1,2,1.25,2.5,1.25
73,38,4,4,5.0,5.0,0.0
73,39,1,0,1.25,0.0,-1.25
73,40,1,0,1.25,0.0,-1.25
73,41,1,0,1.25,0.0,-1.25
73,42,0,2,0.0,2.5,2.5
73,43,4,1,5.0,1.25,-3.75
73,44,0,1,0.0,1.25,1.25
73,45,1,1,1.25,1.25,0.0
73,46,1,0,1.25,0.0,-1.25
73,47,1,3,1.25,3.75,2.5
73,48,1,2,1.25,2.5,1.25
73,49,4,2,5.0,2.5,-2.5
73,50,0,1,0.0,1.25,1.25
73,51,5,0,6.25,0.0,-6.25
73,52,1,1,1.25,1.25,0.0
73,53,0,4,0.0,5.0,5.0
73,54,0,0,0.0,0.0,0.0
73,55,0,1,0.0,1.25,1.25
73,56,0,3,0.0,3.75,3.75
73,57,2,3,2.5,3.75,1.25
73,58,0,0,0.0,0.0,0.0
73,59,2,1,2.5,1.25,-1.25
73,60,2,2,2.5,2.5,0.0
73,61,1,2,1.25,2.5,1.25
73,62,2,2,2.5,2.5,0.0
73,63,2,0,2.5,0.0,-2.5
73,64,2,4,2.5,5.0,2.5
73,65,2,1,2.5,1.25,-1.25
73,66,0,2,0.0,2.5,2.5
73,67,0,0,0.0,0.0,0.0
73,68,0,0,0.0,0.0,0.0
73,69,0,0,0.0,0.0,0.0
73,70,0,0,0.0,0.0,0.0
73,71,1,0,1.25,0.0,-1.25
73,72,3,2,3.75,2.5,-1.25
73,73,1,1,1.25,1.25,0.0
73,74,1,2,1.25,2.5,1.25
73,75,0,2,0.0,2.5,2.5
73,76,0,1,0.0,1.25,1.25
73,77,2,0,2.5,0.0,-2.5
73,78,1,3,1.25,3.75,2.5
73,79,0,0,0.0,0.0,0.0
73,80,1,1,1.25,1.25,0.0
73,81,0,3,0.0,3.75,3.75
73,82,0,1,0.0,1.25,1.25
73,83,1,0,1.25,0.0,-1.25
73,84,1,3,1.25,3.75,2.5
73,85,0,0,0.0,0.0,0.0
73,86,2,1,2.5,1.25,-1.25
73,87,0,3,0.0,3.75,3.75
73,88,1,1,1.25,1.25,0.0
73,89,2,2,2.5,2.5,0.0
73,90,1,0,1.25,0.0,-1.25
73,91,1,2,1.25,2.5,1.25
73,92,0,0,0.0,0.0,0.0
73,93,1,1,1.25,1.25,0.0
73,94,0,1,0.0,1.25,1.25
73,95,0,2,0.0,2.5,2.5
73,96,3,1,3.75,1.25,-2.5
73,97,1,1,1.25,1.25,0.0
73,98,1,0,1.25,0.0,-1.25
73,99,0,4,0.0,5.0,5.0
73,100,3,1,3.75,1.25,-2.5
73,101,1,0,1.25,0.0,-1.25
73,102,1,0,1.25,0.0,-1.25
73,103,1,2,1.25,2.5,1.25
73,104,1,2,1.25,2.5,1.25
73,105,1,3,1.25,3.75,2.5
73,106,2,4,2.5,5.0,2.5
73,107,0,2,0.0,2.5,2.5
73,108,0,0,0.0,0.0,0.0
73,109,3,1,3.75,1.25,-2.5
73,110,2,2,2.5,2.5,0.0
73,111,2,3,2.5,3.75,1.25
73,112,0,1,0.0,1.25,1.25
73,113,0,1,0.0,1.25,1.25
73,114,1,0,1.25,0.0,-1.25
73,115,1,0,1.25,0.0,-1.25
73,116,0,0,0.0,0.0,0.0
73,117,1,2,1.25,2.5,1.25
73,118,0,2,0.0,2.5,2.5
73,119,1,1,1.25,1.25,0.0
73,120,3,2,3.75,2.5,-1.25
73,121,3,0,3.75,0.0,-3.75
73,122,0,0,0.0,0.0,0.0
73,123,0,2,0.0,2.5,2.5
73,124,1,0,1.25,0.0,-1.25
73,125,0,1,0.0,1.25,1.25
73,126,0,0,0.0,0.0,0.0
73,127,2,0,2.5,0.0,-2.5
73,128,0,5,0.0,6.25,6.25
73,129,0,0,0.0,0.0,0.0
73,130,1,1,1.25,1.25,0.0
73,131,0,0,0.0,0.0,0.0
73,132,0,0,0.0,0.0,0.0
73,133,0,0,0.0,0.0,0.0
73,134,0,0,0.0,0.0,0.0
74,0,4,5,5.0,6.25,1.25
74,1,3,7,3.75,8.75,5.0
74,2,4,5,5.0,6.25,1.25
74,3,6,1,7.5,1.25,-6.25
74,4,1,3,1.25,3.75,2.5
74,5,1,2,1.25,2.5,1.25
74,6,2,0,2.5,0.0,-2.5
74,7,0,4,0.0,5.0,5.0
74,8,2,3,2.5,3.75,1.25
74,9,4,2,5.0,2.5,-2.5
74,10,4,3,5.0,3.75,-1.25
74,11,1,2,1.25,2.5,1.25
74,12,2,0,2.5,0.0,-2.5
74,13,1,3,1.25,3.75,2.5
74,14,8,0,10.0,0.0,-10.0
74,15,4,1,5.0,1.25,-3.75
74,16,1,0,1.25,0.0,-1.25
74,17,0,0,0.0,0.0,0.0
74,18,1,1,1.25,1.25,0.0
74,19,1,3,1.25,3.75,2.5
74,20,7,2,8.75,2.5,-6.25
74,21,0,1,0.0,1.25,1.25
74,22,1,4,1.25,5.0,3.75
74,23,1,3,1.25,3.75,2.5
74,24,2,1,2.5,1.25,-1.25
74,25,0,0,0.0,0.0,0.0
74,26,3,0,3.75,0.0,-3.75
74,27,3,3,3.75,3.75,0.0
74,28,1,0,1.25,0.0,-1.25
74,29,2,1,2.5,1.25,-1.25
74,30,0,2,0.0,2.5,2.5
74,31,4,6,5.0,7.5,2.5
74,32,3,5,3.75,6.25,2.5
74,33,3,6,3.75,7.5,3.75
74,34,3,1,3.75,1.25,-2.5
74,35,0,6,0.0,7.5,7.5
74,36,3,1,3.75,1.25,-2.5
74,37,1,3,1.25,3.75,2.5
74,38,0,1,0.0,1.25,1.25
74,39,3,1,3.75,1.25,-2.5
74,40,3,3,3.75,3.75,0.0
74,41,3,1,3.75,1.25,-2.5
74,42,3,2,3.75,2.5,-1.25
74,43,3,7,3.75,8.75,5.0
74,44,3,3,3.75,3.75,0.0
74,45,4,5,5.0,6.25,1.25
74,46,1,1,1.25,1.25,0.0
74,47,4,6,5.0,7.5,2.5
74,48,2,1,2.5,1.25,-1.25
74,49,2,5,2.5,6.25,3.75
74,50,3,1,3.75,1.25,-2.5
74,51,0,1,0.0,1.25,1.25
74,52,0,2,0.0,2.5,2.5
74,53,0,2,0.0,2.5,2.5
74,54,2,4,2.5,5.0,2.5
74,55,0,0,0.0,0.0,0.0
74,56,3,1,3.75,1.25,-2.5
74,57,4,2,5.0,2.5,-2.5
74,58,1,0,1.25,0.0,-1.25
74,59,1,4,1.25,5.0,3.75
74,60,1,4,1.25,5.0,3.75
74,61,1,5,1.25,6.25,5.0
74,62,1,0,1.25,0.0,-1.25
74,63,1,0,1.25,0.0,-1.25
74,64,1,2,1.25,2.5,1.25
74,65,1,1,1.25,1.25,0.0
74,66,0,1,0.0,1.25,1.25
74,67,0,0,0.0,0.0,0.0
74,68,3,0,3.75,0.0,-3.75
74,69,0,0,0.0,0.0,0.0
74,70,0,3,0.0,3.75,3.75
74,71,1,1,1.25,1.25,0.0
74,72,2,2,2.5,2.5,0.0
74,73,0,3,0.0,3.75,3.75
74,74,2,6,2.5,7.5,5.0
74,75,2,1,2.5,1.25,-1.25
74,76,0,2,0.0,2.5,2.5
74,77,4,1,5.0,1.25,-3.75
74,78,0,0,0.0,0.0,0.0
74,79,2,1,2.5,1.25,-1.25
74,80,2,9,2.5,11.25,8.75
74,81,0,2,0.0,2.5,2.5
74,82,0,4,0.0,5.0,5.0
74,83,1,4,1.25,5.0,3.75
74,84,2,0,2.5,0.0,-2.5
74,85,1,1,1.25,1.25,0.0
74,86,2,2,2.5,2.5,0.0
74,87,1,0,1.25,0.0,-1.25
74,88,1,1,1.25,1.25,0.0
74,89,0,0,0.0,0.0,0.0
74,90,1,1,1.25,1.25,0.0
74,91,1,3,1.25,3.75,2.5
74,92,1,2,1.25,2.5,1.25
74,93,1,2,1.25,2.5,1.25
74,94,0,2,0.0,2.5,2.5
74,95,1,4,1.25,5.0,3.75
74,96,2,1,2.5,1.25,-1.25
74,97,1,1,1.25,1.25,0.0
74,98,1,2,1.25,2.5,1.25
74,99,0,2,0.0,2.5,2.5
74,100,4,1,5.0,1.25,-3.75
74,101,0,3,0.0,3.75,3.75
74,102,0,1,0.0,1.25,1.25
74,103,1,1,1.25,1.25,0.0
74,104,0,0,0.0,0.0,0.0
74,105,2,2,2.5,2.5,0.0
74,106,2,2,2.5,2.5,0.0
74,107,3,3,3.75,3.75,0.0
74,108,1,3,1.25,3.75,2.5
74,109,0,2,0.0,2.5,2.5
74,110,1,1,1.25,1.25,0.0
74,111,0,4,0.0,5.0,5.0
74,112,1,1,1.25,1.25,0.0
74,113,0,1,0.0,1.25,1.25
74,114,2,1,2.5,1.25,-1.25
74,115,1,1,1.25,1.25,0.0
74,116,0,0,0.0,0.0,0.0
74,117,0,2,0.0,2.5,2.5
74,118,0,0,0.0,0.0,0.0
74,119,3,3,3.75,3.75,0.0
74,120,0,4,0.0,5.0,5.0
74,121,0,2,0.0,2.5,2.5
74,122,1,1,1.25,1.25,0.0
74,123,1,1,1.25,1.25,0.0
74,124,1,0,1.25,0.0,-1.25
74,125,2,2,2.5,2.5,0.0
74,126,2,0,2.5,0.0,-2.5
74,127,3,1,3.75,1.25,-2.5
74,128,1,3,1.25,3.75,2.5
74,129,0,1,0.0,1.25,1.25
74,130,0,2,0.0,2.5,2.5
74,131,0,0,0.0,0.0,0.0
74,132,1,0,1.25,0.0,-1.25
74,133,0,6,0.0,7.5,7.5
74,134,3,2,3.75,2.5,-1.25
75,0,0,0,0.0,0.0,0.0
75,1,0,0,0.0,0.0,0.0
75,2,0,0,0.0,0.0,0.0
75,3,0,0,0.0,0.0,0.0
75,4,0,0,0.0,0.0,0.0
75,5,0,0,0.0,0.0,0.0
75,6,0,0,0.0,0.0,0.0
75,7,0,0,0.0,0.0,0.0
75,8,0,0,0.0,0.0,0.0
75,9,0,0,0.0,0.0,0.0
75,10,0,0,0.0,0.0,0.0
75,11,0,0,0.0,0.0,0.0
75,12,0,0,0.0,0.0,0.0
75,13,0,0,0.0,0.0,0.0
75,14,0,0,0.0,0.0,0.0
75,15,0,0,0.0,0.0,0.0
75,16,0,0,0.0,0.0,0.0
75,17,0,0,0.0,0.0,0.0
75,18,0,0,0.0,0.0,0.0
75,19,0,0,0.0,0.0,0.0
75,20,0,0,0.0,0.0,0.0
75,21,0,0,0.0,0.0,0.0
75,22,0,0,0.0,0.0,0.0
75,23,0,0,0.0,0.0,0.0
75,24,0,0,0.0,0.0,0.0
75,25,0,0,0.0,0.0,0.0
75,26,0,0,0.0,0.0,0.0
75,27,0,0,0.0,0.0,0.0
75,28,0,0,0.0,0.0,0.0
75,29,0,0,0.0,0.0,0.0
75,30,0,0,0.0,0.0,0.0
75,31,0,0,0.0,0.0,0.0
75,32,0,0,0.0,0.0,0.0
75,33,0,0,0.0,0.0,0.0
75,34,0,0,0.0,0.0,0.0
75,35,0,0,0.0,0.0,0.0
75,36,0,0,0.0,0.0,0.0
75,37,0,0,0.0,0.0,0.0
75,38,0,0,0.0,0.0,0.0
75,39,0,0,0.0,0.0,0.0
75,40,0,0,0.0,0.0,0.0
75,41,1,0,1.25,0.0,-1.25
75,42,0,0,0.0,0.0,0.0
75,43,0,0,0.0,0.0,0.0
75,44,0,0,0.0,0.0,0.0
75,45,0,0,0.0,0.0,0.0
75,46,0,0,0.0,0.0,0.0
75,47,0,0,0.0,0.0,0.0
75,48,1,0,1.25,0.0,-1.25
75,49,0,0,0.0,0.0,0.0
75,50,0,0,0.0,0.0,0.0
75,51,0,0,0.0,0.0,0.0
75,52,0,0,0.0,0.0,0.0
75,53,1,1,1.25,1.25,0.0
75,54,0,0,0.0,0.0,0.0
75,55,0,0,0.0,0.0,0.0
75,56,0,0,0.0,0.0,0.0
75,57,0,0,0.0,0.0,0.0
75,58,0,0,0.0,0.0,0.0
75,59,1,0,1.25,0.0,-1.25
75,60,0,0,0.0,0.0,0.0
75,61,0,0,0.0,0.0,0.0
75,62,0,0,0.0,0.0,0.0
75,63,1,0,1.25,0.0,-1.25
75,64,0,0,0.0,0.0,0.0
75,65,2,1,2.5,1.25,-1.25
75,66,0,0,0.0,0.0,0.0
75,67,0,0,0.0,0.0,0.0
75,68,0,0,0.0,0.0,0.0
75,69,0,0,0.0,0.0,0.0
75,70,0,0,0.0,0.0,0.0
75,71,0,0,0.0,0.0,0.0
75,72,0,0,0.0,0.0,0.0
75,73,1,0,1.25,0.0,-1.25
75,74,0,0,0.0,0.0,0.0
75,75,0,0,0.0,0.0,0.0
75,76,0,0,0.0,0.0,0.0
75,77,1,2,1.25,2.5,1.25
75,78,1,0,1.25,0.0,-1.25
75,79,1,0,1.25,0.0,-1.25
75,80,1,1,1.25,1.25,0.0
75,81,1,0,1.25,0.0,-1.25
75,82,0,0,0.0,0.0,0.0
75,83,0,0,0.0,0.0,0.0
75,84,0,1,0.0,1.25,1.25
75,85,0,0,0.0,0.0,0.0
75,86,0,0,0.0,0.0,0.0
75,87,0,0,0.0,0.0,0.0
75,88,0,0,0.0,0.0,0.0
75,89,0,0,0.0,0.0,0.0
75,90,0,0,0.0,0.0,0.0
75,91,0,0,0.0,0.0,0.0
75,92,0,0,0.0,0.0,0.0
75,93,1,0,1.25,0.0,-1.25
75,94,0,0,0.0,0.0,0.0
75,95,0,0,0.0,0.0,0.0
75,96,0,0,0.0,0.0,0.0
75,97,0,1,0.0,1.25,1.25
75,98,0,0,0.0,0.0,0.0
75,99,0,0,0.0,0.0,0.0
75,100,0,0,0.0,0.0,0.0
75,101,1,0,1.25,0.0,-1.25
75,102,0,0,0.0,0.0,0.0
75,103,1,0,1.25,0.0,-1.25
75,104,0,0,0.0,0.0,0.0
75,105,0,0,0.0,0.0,0.0
75,106,0,0,0.0,0.0,0.0
75,107,0,0,0.0,0.0,0.0
75,108,0,0,0.0,0.0,0.0
75,109,1,0,1.25,0.0,-1.25
75,110,0,1,0.0,1.25,1.25
75,111,1,0,1.25,0.0,-1.25
75,112,0,0,0.0,0.0,0.0
75,113,0,1,0.0,1.25,1.25
75,114,0,0,0.0,0.0,0.0
75,115,0,0,0.0,0.0,0.0
75,116,0,0,0.0,0.0,0.0
75,117,0,0,0.0,0.0,0.0
75,118,0,0,0.0,0.0,0.0
75,119,0,1,0.0,1.25,1.25
75,120,0,0,0.0,0.0,0.0
75,121,0,0,0.0,0.0,0.0
75,122,0,0,0.0,0.0,0.0
75,123,0,0,0.0,0.0,0.0
75,124,0,0,0.0,0.0,0.0
75,125,1,0,1.25,0.0,-1.25
75,126,1,0,1.25,0.0,-1.25
75,127,0,0,0.0,0.0,0.0
75,128,1,0,1.25,0.0,-1.25
75,129,0,0,0.0,0.0,0.0
75,130,0,0,0.0,0.0,0.0
75,131,1,1,1.25,1.25,0.0
75,132,1,0,1.25,0.0,-1.25
75,133,0,0,0.0,0.0,0.0
75,134,0,0,0.0,0.0,0.0
76,0,5,1,6.25,1.25,-5.0
76,1,0,0,0.0,0.0,0.0
76,2,0,0,0.0,0.0,0.0
76,3,2,0,2.5,0.0,-2.5
76,4,1,2,1.25,2.5,1.25
76,5,1,0,1.25,0.0,-1.25
76,6,0,2,0.0,2.5,2.5
76,7,5,5,6.25,6.25,0.0
76,8,6,0,7.5,0.0,-7.5
76,9,4,1,5.0,1.25,-3.75
76,10,3,2,3.75,2.5,-1.25
76,11,1,0,1.25,0.0,-1.25
76,12,3,2,3.75,2.5,-1.25
76,13,10,4,12.5,5.0,-7.5
76,14,6,1,7.5,1.25,-6.25
76,15,5,0,6.25,0.0,-6.25
76,16,0,1,0.0,1.25,1.25
76,17,4,2,5.0,2.5,-2.5
76,18,2,0,2.5,0.0,-2.5
76,19,5,1,6.25,1.25,-5.0
76,20,0,1,0.0,1.25,1.25
76,21,0,0,0.0,0.0,0.0
76,22,2,0,2.5,0.0,-2.5
76,23,2,3,2.5,3.75,1.25
76,24,3,4,3.75,5.0,1.25
76,25,1,0,1.25,0.0,-1.25
76,26,1,0,1.25,0.0,-1.25
76,27,0,0,0.0,0.0,0.0
76,28,1,0,1.25,0.0,-1.25
76,29,4,1,5.0,1.25,-3.75
76,30,8,2,10.0,2.5,-7.5
76,31,6,1,7.5,1.25,-6.25
76,32,5,1,6.25,1.25,-5.0
76,33,3,1,3.75,1.25,-2.5
76,34,2,2,2.5,2.5,0.0
76,35,0,0,0.0,0.0,0.0
76,36,2,4,2.5,5.0,2.5
76,37,4,1,5.0,1.25,-3.75
76,38,0,0,0.0,0.0,0.0
76,39,1,0,1.25,0.0,-1.25
76,40,4,3,5.0,3.75,-1.25
76,41,5,5,6.25,6.25,0.0
76,42,4,1,5.0,1.25,-3.75
76,43,6,4,7.5,5.0,-2.5
76,44,2,0,2.5,0.0,-2.5
76,45,0,4,0.0,5.0,5.0
76,46,3,1,3.75,1.25,-2.5
76,47,8,2,10.0,2.5,-7.5
76,48,8,2,10.0,2.5,-7.5
76,49,5,2,6.25,2.5,-3.75
76,50,5,1,6.25,1.25,-5.0
76,51,5,2,6.25,2.5,-3.75
76,52,3,3,3.75,3.75,0.0
76,53,3,2,3.75,2.5,-1.25
76,54,7,2,8.75,2.5,-6.25
76,55,0,1,0.0,1.25,1.25
76,56,4,2,5.0,2.5,-2.5
76,57,5,3,6.25,3.75,-2.5
76,58,1,0,1.25,0.0,-1.25
76,59,0,3,0.0,3.75,3.75
76,60,1,2,1.25,2.5,1.25
76,61,6,6,7.5,7.5,0.0
76,62,1,1,1.25,1.25,0.0
76,63,1,1,1.25,1.25,0.0
76,64,3,2,3.75,2.5,-1.25
76,65,7,1,8.75,1.25,-7.5
76,66,4,2,5.0,2.5,-2.5
76,67,0,0,0.0,0.0,0.0
76,68,4,1,5.0,1.25,-3.75
76,69,0,0,0.0,0.0,0.0
76,70,2,0,2.5,0.0,-2.5
76,71,0,2,0.0,2.5,2.5
76,72,1,0,1.25,0.0,-1.25
76,73,0,3,0.0,3.75,3.75
76,74,0,1,0.0,1.25,1.25
76,75,1,0,1.25,0.0,-1.25
76,76,0,6,0.0,7.5,7.5
76,77,0,1,0.0,1.25,1.25
76,78,0,0,0.0,0.0,0.0
76,79,2,2,2.5,2.5,0.0
76,80,0,3,0.0,3.75,3.75
76,81,3,1,3.75,1.25,-2.5
76,82,3,2,3.75,2.5,-1.25
76,83,0,1,0.0,1.25,1.25
76,84,4,2,5.0,2.5,-2.5
76,85,0,1,0.0,1.25,1.25
76,86,0,0,0.0,0.0,0.0
76,87,2,5,2.5,6.25,3.75
76,88,2,1,2.5,1.25,-1.25
76,89,2,3,2.5,3.75,1.25
76,90,5,1,6.25,1.25,-5.0
76,91,0,1,0.0,1.25,1.25
76,92,3,2,3.75,2.5,-1.25
76,93,5,0,6.25,0.0,-6.25
76,94,2,2,2.5,2.5,0.0
76,95,4,2,5.0,2.5,-2.5
76,96,3,0,3.75,0.0,-3.75
76,97,3,0,3.75,0.0,-3.75
76,98,0,2,0.0,2.5,2.5
76,99,0,0,0.0,0.0,0.0
76,100,2,0,2.5,0.0,-2.5
76,101,0,0,0.0,0.0,0.0
76,102,1,0,1.25,0.0,-1.25
76,103,3,2,3.75,2.5,-1.25
76,104,1,0,1.25,0.0,-1.25
76,105,2,5,2.5,6.25,3.75
76,106,1,3,1.25,3.75,2.5
76,107,3,2,3.75,2.5,-1.25
76,108,0,1,0.0,1.25,1.25
76,109,1,1,1.25,1.25,0.0
76,110,4,1,5.0,1.25,-3.75
76,111,4,3,5.0,3.75,-1.25
76,112,0,2,0.0,2.5,2.5
76,113,1,5,1.25,6.25,5.0
76,114,0,1,0.0,1.25,1.25
76,115,1,0,1.25,0.0,-1.25
76,116,1,3,1.25,3.75,2.5
76,117,1,2,1.25,2.5,1.25
76,118,1,0,1.25,0.0,-1.25
76,119,0,2,0.0,2.5,2.5
76,120,1,3,1.25,3.75,2.5
76,121,4,1,5.0,1.25,-3.75
76,122,2,1,2.5,1.25,-1.25
76,123,2,1,2.5,1.25,-1.25
76,124,2,1,2.5,1.25,-1.25
76,125,4,0,5.0,0.0,-5.0
76,126,1,2,1.25,2.5,1.25
76,127,2,4,2.5,5.0,2.5
76,128,3,2,3.75,2.5,-1.25
76,129,0,0,0.0,0.0,0.0
76,130,0,5,0.0,6.25,6.25
76,131,2,2,2.5,2.5,0.0
76,132,1,0,1.25,0.0,-1.25
76,133,1,0,1.25,0.0,-1.25
76,134,0,1,0.0,1.25,1.25
77,0,0,0,0.0,0.0,0.0
77,1,1,2,1.25,2.5,1.25
77,2,1,0,1.25,0.0,-1.25
77,3,0,0,0.0,0.0,0.0
77,4,2,3,2.5,3.75,1.25
77,5,0,0,0.0,0.0,0.0
77,6,1,1,1.25,1.25,0.0
77,7,0,0,0.0,0.0,0.0
77,8,0,2,0.0,2.5,2.5
77,9,1,0,1.25,0.0,-1.25
77,10,0,0,0.0,0.0,0.0
77,11,1,1,1.25,1.25,0.0
77,12,1,0,1.25,0.0,-1.25
77,13,0,0,0.0,0.0,0.0
77,14,0,0,0.0,0.0,0.0
77,15,4,3,5.0,3.75,-1.25
77,16,0,1,0.0,1.25,1.25
77,17,0,1,0.0,1.25,1.25
77,18,0,1,0.0,1.25,1.25
77,19,1,1,1.25,1.25,0.0
77,20,1,0,1.25,0.0,-1.25
77,21,0,1,0.0,1.25,1.25
77,22,0,1,0.0,1.25,1.25
77,23,1,0,1.25,0.0,-1.25
77,24,3,0,3.75,0.0,-3.75
77,25,1,0,1.25,0.0,-1.25
77,26,0,3,0.0,3.75,3.75
77,27,0,0,0.0,0.0,0.0
77,28,1,3,1.25,3.75,2.5
77,29,0,1,0.0,1.25,1.25
77,30,0,0,0.0,0.0,0.0
77,31,0,0,0.0,0.0,0.0
77,32,4,4,5.0,5.0,0.0
77,33,1,0,1.25,0.0,-1.25
77,34,2,2,2.5,2.5,0.0
77,35,1,1,1.25,1.25,0.0
77,36,2,3,2.5,3.75,1.25
77,37,1,0,1.25,0.0,-1.25
77,38,3,2,3.75,2.5,-1.25
77,39,3,2,3.75,2.5,-1.25
77,40,0,0,0.0,0.0,0.0
77,41,0,0,0.0,0.0,0.0
77,42,0,0,0.0,0.0,0.0
77,43,2,1,2.5,1.25,-1.25
77,44,1,0,1.25,0.0,-1.25
77,45,1,0,1.25,0.0,-1.25
77,46,0,0,0.0,0.0,0.0
77,47,3,2,3.75,2.5,-1.25
77,48,0,1,0.0,1.25,1.25
77,49,0,4,0.0,5.0,5.0
77,50,1,0,1.25,0.0,-1.25
77,51,1,3,1.25,3.75,2.5
77,52,0,2,0.0,2.5,2.5
77,53,1,2,1.25,2.5,1.25
77,54,1,4,1.25,5.0,3.75
77,55,1,0,1.25,0.0,-1.25
77,56,2,0,2.5,0.0,-2.5
77,57,4,0,5.0,0.0,-5.0
77,58,1,1,1.25,1.25,0.0
77,59,2,1,2.5,1.25,-1.25
77,60,2,1,2.5,1.25,-1.25
77,61,2,3,2.5,3.75,1.25
77,62,2,2,2.5,2.5,0.0
77,63,2,1,2.5,1.25,-1.25
77,64,6,0,7.5,0.0,-7.5
77,65,0,0,0.0,0.0,0.0
77,66,0,1,0.0,1.25,1.25
77,67,0,0,0.0,0.0,0.0
77,68,0,0,0.0,0.0,0.0
77,69,0,1,0.0,1.25,1.25
77,70,0,0,0.0,0.0,0.0
77,71,1,2,1.25,2.5,1.25
77,72,0,3,0.0,3.75,3.75
77,73,0,1,0.0,1.25,1.25
77,74,0,5,0.0,6.25,6.25
77,75,0,3,0.0,3.75,3.75
77,76,3,2,3.75,2.5,-1.25
77,77,2,2,2.5,2.5,0.0
77,78,0,2,0.0,2.5,2.5
77,79,2,2,2.5,2.5,0.0
77,80,0,0,0.0,0.0,0.0
77,81,1,0,1.25,0.0,-1.25
77,82,1,2,1.25,2.5,1.25
77,83,1,2,1.25,2.5,1.25
77,84,0,1,0.0,1.25,1.25
77,85,0,0,0.0,0.0,0.0
77,86,1,1,1.25,1.25,0.0
77,87,0,0,0.0,0.0,0.0
77,88,1,3,1.25,3.75,2.5
77,89,2,2,2.5,2.5,0.0
77,90,1,1,1.25,1.25,0.0
77,91,0,1,0.0,1.25,1.25
77,92,1,0,1.25,0.0,-1.25
77,93,1,1,1.25,1.25,0.0
77,94,2,4,2.5,5.0,2.5
77,95,1,4,1.25,5.0,3.75
77,96,0,4,0.0,5.0,5.0
77,97,2,1,2.5,1.25,-1.25
77,98,1,1,1.25,1.25,0.0
77,99,0,1,0.0,1.25,1.25
77,100,2,1,2.5,1.25,-1.25
77,101,1,3,1.25,3.75,2.5
77,102,0,2,0.0,2.5,2.5
77,103,0,2,0.0,2.5,2.5
77,104,1,0,1.25,0.0,-1.25
77,105,1,0,1.25,0.0,-1.25
77,106,1,0,1.25,0.0,-1.25
77,107,0,1,0.0,1.25,1.25
77,108,0,2,0.0,2.5,2.5
77,109,0,0,0.0,0.0,0.0
77,110,1,1,1.25,1.25,0.0
77,111,0,0,0.0,0.0,0.0
77,112,0,1,0.0,1.25,1.25
77,113,0,2,0.0,2.5,2.5
77,114,0,1,0.0,1.25,1.25
77,115,1,0,1.25,0.0,-1.25
77,116,0,1,0.0,1.25,1.25
77,117,1,0,1.25,0.0,-1.25
77,118,1,0,1.25,0.0,-1.25
77,119,1,1,1.25,1.25,0.0
77,120,2,5,2.5,6.25,3.75
77,121,3,0,3.75,0.0,-3.75
77,122,2,1,2.5,1.25,-1.25
77,123,3,0,3.75,0.0,-3.75
77,124,2,0,2.5,0.0,-2.5
77,125,0,1,0.0,1.25,1.25
77,126,1,0,1.25,0.0,-1.25
77,127,0,1,0.0,1.25,1.25
77,128,0,1,0.0,1.25,1.25
77,129,1,0,1.25,0.0,-1.25
77,130,1,1,1.25,1.25,0.0
77,131,0,0,0.0,0.0,0.0
77,132,0,0,0.0,0.0,0.0
77,133,2,2,2.5,2.5,0.0
77,134,2,1,2.5,1.25,-1.25
78,0,5,5,6.25,6.25,0.0
78,1,6,5,7.5,6.25,-1.25
78,2,2,3,2.5,3.75,1.25
78,3,6,4,7.5,5.0,-2.5
78,4,10,1,12.5,1.25,-11.25
78,5,3,3,3.75,3.75,0.0
78,6,1,2,1.25,2.5,1.25
78,7,3,5,3.75,6.25,2.5
78,8,3,2,3.75,2.5,-1.25
78,9,6,2,7.5,2.5,-5.0
78,10,2,8,2.5,10.0,7.5
78,11,7,5,8.75,6.25,-2.5
78,12,11,3,13.75,3.75,-10.0
78,13,5,4,6.25,5.0,-1.25
78,14,4,5,5.0,6.25,1.25
78,15,9,1,11.25,1.25,-10.0
78,16,5,3,6.25,3.75,-2.5
78,17,7,2,8.75,2.5,-6.25
78,18,3,1,3.75,1.25,-2.5
78,19,3,4,3.75,5.0,1.25
78,20,6,3,7.5,3.75,-3.75
78,21,4,3,5.0,3.75,-1.25
78,22,2,2,2.5,2.5,0.0
78,23,7,6,8.75,7.5,-1.25
78,24,8,3,10.0,3.75,-6.25
78,25,5,5,6.25,6.25,0.0
78,26,3,7,3.75,8.75,5.0
78,27,3,5,3.75,6.25,2.5
78,28,3,1,3.75,1.25,-2.5
78,29,2,2,2.5,2.5,0.0
78,30,2,3,2.5,3.75,1.25
78,31,15,4,18.75,5.0,-13.75
78,32,9,4,11.25,5.0,-6.25
78,33,4,1,5.0,1.25,-3.75
78,34,7,6,8.75,7.5,-1.25
78,35,1,1,1.25,1.25,0.0
78,36,3,4,3.75,5.0,1.25
78,37,5,3,6.25,3.75,-2.5
78,38,2,4,2.5,5.0,2.5
78,39,8,4,10.0,5.0,-5.0
78,40,8,11,10.0,13.75,3.75
78,41,7,1,8.75,1.25,-7.5
78,42,8,7,10.0,8.75,-1.25
78,43,4,2,5.0,2.5,-2.5
78,44,4,5,5.0,6.25,1.25
78,45,5,9,6.25,11.25,5.0
78,46,5,3,6.25,3.75,-2.5
78,47,7,3,8.75,3.75,-5.0
78,48,4,3,5.0,3.75,-1.25
78,49,6,7,7.5,8.75,1.25
78,50,1,1,1.25,1.25,0.0
78,51,9,6,11.25,7.5,-3.75
78,52,4,3,5.0,3.75,-1.25
78,53,4,4,5.0,5.0,0.0
78,54,7,0,8.75,0.0,-8.75
78,55,5,1,6.25,1.25,-5.0
78,56,7,4,8.75,5.0,-3.75
78,57,8,1,10.0,1.25,-8.75
78,58,4,1,5.0,1.25,-3.75
78,59,5,2,6.25,2.5,-3.75
78,60,7,2,8.75,2.5,-6.25
78,61,8,3,10.0,3.75,-6.25
78,62,5,2,6.25,2.5,-3.75
78,63,7,2,8.75,2.5,-6.25
78,64,5,7,6.25,8.75,2.5
78,65,5,0,6.25,0.0,-6.25
78,66,3,2,3.75,2.5,-1.25
78,67,0,0,0.0,0.0,0.0
78,68,5,0,6.25,0.0,-6.25
78,69,1,2,1.25,2.5,1.25
78,70,4,2,5.0,2.5,-2.5
78,71,4,7,5.0,8.75,3.75
78,72,7,2,8.75,2.5,-6.25
78,73,10,9,12.5,11.25,-1.25
78,74,8,3,10.0,3.75,-6.25
78,75,2,3,2.5,3.75,1.25
78,76,3,1,3.75,1.25,-2.5
78,77,5,3,6.25,3.75,-2.5
78,78,3,1,3.75,1.25,-2.5
78,79,2,6,2.5,7.5,5.0
78,80,4,8,5.0,10.0,5.0
78,81,4,2,5.0,2.5,-2.5
78,82,3,6,3.75,7.5,3.75
78,83,6,2,7.5,2.5,-5.0
78,84,6,5,7.5,6.25,-1.25
78,85,1,4,1.25,5.0,3.75
78,86,7,3,8.75,3.75,-5.0
78,87,3,3,3.75,3.75,0.0
78,88,1,4,1.25,5.0,3.75
78,89,3,1,3.75,1.25,-2.5
78,90,7,3,8.75,3.75,-5.0
78,91,0,6,0.0,7.5,7.5
78,92,5,6,6.25,7.5,1.25
78,93,3,4,3.75,5.0,1.25
78,94,5,0,6.25,0.0,-6.25
78,95,7,6,8.75,7.5,-1.25
78,96,3,1,3.75,1.25,-2.5
78,97,2,3,2.5,3.75,1.25
78,98,2,1,2.5,1.25,-1.25
78,99,4,1,5.0,1.25,-3.75
78,100,5,3,6.25,3.75,-2.5
78,101,2,1,2.5,1.25,-1.25
78,102,5,2,6.25,2.5,-3.75
78,103,4,6,5.0,7.5,2.5
78,104,3,3,3.75,3.75,0.0
78,105,5,6,6.25,7.5,1.25
78,106,2,5,2.5,6.25,3.75
78,107,4,4,5.0,5.0,0.0
78,108,7,4,8.75,5.0,-3.75
78,109,6,4,7.5,5.0,-2.5
78,110,10,5,12.5,6.25,-6.25
78,111,4,3,5.0,3.75,-1.25
78,112,2,6,2.5,7.5,5.0
78,113,6,6,7.5,7.5,0.0
78,114,5,5,6.25,6.25,0.0
78,115,7,4,8.75,5.0,-3.75
78,116,4,1,5.0,1.25,-3.75
78,117,3,0,3.75,0.0,-3.75
78,118,1,1,1.25,1.25,0.0
78,119,5,5,6.25,6.25,0.0
78,120,4,6,5.0,7.5,2.5
78,121,11,1,13.75,1.25,-12.5
78,122,4,1,5.0,1.25,-3.75
78,123,6,3,7.5,3.75,-3.75
78,124,4,5,5.0,6.25,1.25
78,125,7,2,8.75,2.5,-6.25
78,126,3,0,3.75,0.0,-3.75
78,127,8,3,10.0,3.75,-6.25
78,128,5,2,6.25,2.5,-3.75
78,129,3,1,3.75,1.25,-2.5
78,130,0,1,0.0,1.25,1.25
78,131,1,1,1.25,1.25,0.0
78,132,4,0,5.0,0.0,-5.0
78,133,4,1,5.0,1.25,-3.75
78,134,3,2,3.75,2.5,-1.25
79,0,2,1,2.5,1.25,-1.25
79,1,1,3,1.25,3.75,2.5
79,2,0,2,0.0,2.5,2.5
79,3,1,0,1.25,0.0,-1.25
79,4,3,8,3.75,10.0,6.25
79,5,1,0,1.25,0.0,-1.25
79,6,1,0,1.25,0.0,-1.25
79,7,0,0,0.0,0.0,0.0
79,8,0,1,0.0,1.25,1.25
79,9,0,2,0.0,2.5,2.5
79,10,0,1,0.0,1.25,1.25
79,11,3,1,3.75,1.25,-2.5
79,12,2,3,2.5,3.75,1.25
79,13,5,2,6.25,2.5,-3.75
79,14,0,0,0.0,0.0,0.0
79,15,2,3,2.5,3.75,1.25
79,16,1,2,1.25,2.5,1.25
79,17,1,1,1.25,1.25,0.0
79,18,2,3,2.5,3.75,1.25
79,19,3,0,3.75,0.0,-3.75
79,20,0,2,0.0,2.5,2.5
79,21,0,0,0.0,0.0,0.0
79,22,3,1,3.75,1.25,-2.5
79,23,1,2,1.25,2.5,1.25
79,24,2,5,2.5,6.25,3.75
79,25,0,4,0.0,5.0,5.0
79,26,3,0,3.75,0.0,-3.75
79,27,2,2,2.5,2.5,0.0
79,28,0,0,0.0,0.0,0.0
79,29,2,1,2.5,1.25,-1.25
79,30,5,0,6.25,0.0,-6.25
79,31,0,3,0.0,3.75,3.75
79,32,3,2,3.75,2.5,-1.25
79,33,1,1,1.25,1.25,0.0
79,34,4,4,5.0,5.0,0.0
79,35,1,2,1.25,2.5,1.25
79,36,1,3,1.25,3.75,2.5
79,37,4,1,5.0,1.25,-3.75
79,38,2,0,2.5,0.0,-2.5
79,39,1,1,1.25,1.25,0.0
79,40,1,0,1.25,0.0,-1.25
79,41,2,1,2.5,1.25,-1.25
79,42,1,1,1.25,1.25,0.0
79,43,1,0,1.25,0.0,-1.25
79,44,0,0,0.0,0.0,0.0
79,45,2,0,2.5,0.0,-2.5
79,46,2,1,2.5,1.25,-1.25
79,47,1,3,1.25,3.75,2.5
79,48,1,1,1.25,1.25,0.0
79,49,0,1,0.0,1.25,1.25
79,50,0,1,0.0,1.25,1.25
79,51,3,1,3.75,1.25,-2.5
79,52,0,4,0.0,5.0,5.0
79,53,1,7,1.25,8.75,7.5
79,54,3,0,3.75,0.0,-3.75
79,55,3,1,3.75,1.25,-2.5
79,56,2,1,2.5,1.25,-1.25
79,57,2,2,2.5,2.5,0.0
79,58,0,0,0.0,0.0,0.0
79,59,0,3,0.0,3.75,3.75
79,60,2,2,2.5,2.5,0.0
79,61,2,0,2.5,0.0,-2.5
79,62,2,0,2.5,0.0,-2.5
79,63,4,1,5.0,1.25,-3.75
79,64,3,2,3.75,2.5,-1.25
79,65,1,0,1.25,0.0,-1.25
79,66,0,1,0.0,1.25,1.25
79,67,0,0,0.0,0.0,0.0
79,68,0,0,0.0,0.0,0.0
79,69,0,0,0.0,0.0,0.0
79,70,0,1,0.0,1.25,1.25
79,71,1,5,1.25,6.25,5.0
79,72,0,3,0.0,3.75,3.75
79,73,1,2,1.25,2.5,1.25
79,74,1,1,1.25,1.25,0.0
79,75,4,2,5.0,2.5,-2.5
79,76,0,2,0.0,2.5,2.5
79,77,3,1,3.75,1.25,-2.5
79,78,0,2,0.0,2.5,2.5
79,79,3,2,3.75,2.5,-1.25
79,80,1,2,1.25,2.5,1.25
79,81,0,0,0.0,0.0,0.0
79,82,0,2,0.0,2.5,2.5
79,83,1,3,1.25,3.75,2.5
79,84,1,3,1.25,3.75,2.5
79,85,2,2,2.5,2.5,0.0
79,86,1,1,1.25,1.25,0.0
79,87,3,2,3.75,2.5,-1.25
79,88,1,0,1.25,0.0,-1.25
79,89,1,4,1.25,5.0,3.75
79,90,3,1,3.75,1.25,-2.5
79,91,0,1,0.0,1.25,1.25
79,92,1,0,1.25,0.0,-1.25
79,93,6,1,7.5,1.25,-6.25
79,94,0,0,0.0,0.0,0.0
79,95,5,0,6.25,0.0,-6.25
79,96,1,0,1.25,0.0,-1.25
79,97,1,5,1.25,6.25,5.0
79,98,1,2,1.25,2.5,1.25
79,99,1,2,1.25,2.5,1.25
79,100,1,2,1.25,2.5,1.25
79,101,1,1,1.25,1.25,0.0
79,102,0,0,0.0,0.0,0.0
79,103,2,0,2.5,0.0,-2.5
79,104,1,2,1.25,2.5,1.25
79,105,0,3,0.0,3.75,3.75
79,106,4,1,5.0,1.25,-3.75
79,107,0,1,0.0,1.25,1.25
79,108,3,2,3.75,2.5,-1.25
79,109,2,0,2.5,0.0,-2.5
79,110,2,1,2.5,1.25,-1.25
79,111,2,1,2.5,1.25,-1.25
79,112,1,2,1.25,2.5,1.25
79,113,3,2,3.75,2.5,-1.25
79,114,1,0,1.25,0.0,-1.25
79,115,2,4,2.5,5.0,2.5
79,116,2,3,2.5,3.75,1.25
79,117,1,3,1.25,3.75,2.5
79,118,0,2,0.0,2.5,2.5
79,119,1,2,1.25,2.5,1.25
79,120,0,1,0.0,1.25,1.25
79,121,0,2,0.0,2.5,2.5
79,122,0,0,0.0,0.0,0.0
79,123,1,1,1.25,1.25,0.0
79,124,0,2,0.0,2.5,2.5
79,125,0,0,0.0,0.0,0.0
79,126,1,0,1.25,0.0,-1.25
79,127,2,1,2.5,1.25,-1.25
79,128,2,4,2.5,5.0,2.5
79,129,1,1,1.25,1.25,0.0
79,130,2,1,2.5,1.25,-1.25
79,131,0,0,0.0,0.0,0.0
79,132,0,0,0.0,0.0,0.0
79,133,0,0,0.0,0.0,0.0
79,134,2,2,2.5,2.5,0.0
80,0,0,0,0.0,0.0,0.0
80,1,0,0,0.0,0.0,0.0
80,2,0,0,0.0,0.0,0.0
80,3,0,2,0.0,2.5,2.5
80,4,0,1,0.0,1.25,1.25
80,5,0,0,0.0,0.0,0.0
80,6,0,0,0.0,0.0,0.0
80,7,0,0,0.0,0.0,0.0
80,8,1,0,1.25,0.0,-1.25
80,9,1,2,1.25,2.5,1.25
80,10,0,1,0.0,1.25,1.25
80,11,0,0,0.0,0.0,0.0
80,12,1,0,1.25,0.0,-1.25
80,13,0,0,0.0,0.0,0.0
80,14,0,0,0.0,0.0,0.0
80,15,1,0,1.25,0.0,-1.25
80,16,0,0,0.0,0.0,0.0
80,17,0,0,0.0,0.0,0.0
80,18,0,0,0.0,0.0,0.0
80,19,0,0,0.0,0.0,0.0
80,20,0,0,0.0,0.0,0.0
80,21,0,3,0.0,3.75,3.75
80,22,0,0,0.0,0.0,0.0
80,23,0,0,0.0,0.0,0.0
80,24,2,0,2.5,0.0,-2.5
80,25,0,0,0.0,0.0,0.0
80,26,0,2,0.0,2.5,2.5
80,27,0,0,0.0,0.0,0.0
80,28,0,1,0.0,1.25,1.25
80,29,1,0,1.25,0.0,-1.25
80,30,0,0,0.0,0.0,0.0
80,31,1,1,1.25,1.25,0.0
80,32,0,1,0.0,1.25,1.25
80,33,0,0,0.0,0.0,0.0
80,34,0,0,0.0,0.0,0.0
80,35,2,2,2.5,2.5,0.0
80,36,3,0,3.75,0.0,-3.75
80,37,0,0,0.0,0.0,0.0
80,38,0,0,0.0,0.0,0.0
80,39,0,0,0.0,0.0,0.0
80,40,0,1,0.0,1.25,1.25
80,41,2,0,2.5,0.0,-2.5
80,42,0,0,0.0,0.0,0.0
80,43,0,0,0.0,0.0,0.0
80,44,0,0,0.0,0.0,0.0
80,45,0,1,0.0,1.25,1.25
80,46,0,0,0.0,0.0,0.0
80,47,0,0,0.0,0.0,0.0
80,48,0,0,0.0,0.0,0.0
80,49,0,1,0.0,1.25,1.25
80,50,0,1,0.0,1.25,1.25
80,51,0,1,0.0,1.25,1.25
80,52,0,0,0.0,0.0,0.0
80,53,1,0,1.25,0.0,-1.25
80,54,0,2,0.0,2.5,2.5
80,55,0,1,0.0,1.25,1.25
80,56,0,0,0.0,0.0,0.0
80,57,0,1,0.0,1.25,1.25
80,58,0,0,0.0,0.0,0.0
80,59,2,0,2.5,0.0,-2.5
80,60,0,0,0.0,0.0,0.0
80,61,0,0,0.0,0.0,0.0
80,62,0,0,0.0,0.0,0.0
80,63,0,0,0.0,0.0,0.0
80,64,2,0,2.5,0.0,-2.5
80,65,0,0,0.0,0.0,0.0
80,66,0,0,0.0,0.0,0.0
80,67,0,0,0.0,0.0,0.0
80,68,0,0,0.0,0.0,0.0
80,69,0,0,0.0,0.0,0.0
80,70,0,1,0.0,1.25,1.25
80,71,0,0,0.0,0.0,0.0
80,72,0,0,0.0,0.0,0.0
80,73,0,0,0.0,0.0,0.0
80,74,0,0,0.0,0.0,0.0
80,75,0,0,0.0,0.0,0.0
80,76,0,0,0.0,0.0,0.0
80,77,0,0,0.0,0.0,0.0
80,78,0,0,0.0,0.0,0.0
80,79,1,0,1.25,0.0,-1.25
80,80,0,0,0.0,0.0,0.0
80,81,0,1,0.0,1.25,1.25
80,82,1,1,1.25,1.25,0.0
80,83,0,0,0.0,0.0,0.0
80,84,0,0,0.0,0.0,0.0
80,85,0,0,0.0,0.0,0.0
80,86,1,0,1.25,0.0,-1.25
80,87,0,2,0.0,2.5,2.5
80,88,0,1,0.0,1.25,1.25
80,89,0,0,0.0,0.0,0.0
80,90,2,0,2.5,0.0,-2.5
80,91,0,1,0.0,1.25,1.25
80,92,0,0,0.0,0.0,0.0
80,93,0,0,0.0,0.0,0.0
80,94,0,0,0.0,0.0,0.0
80,95,0,1,0.0,1.25,1.25
80,96,0,1,0.0,1.25,1.25
80,97,2,2,2.5,2.5,0.0
80,98,0,0,0.0,0.0,0.0
80,99,0,0,0.0,0.0,0.0
80,100,0,0,0.0,0.0,0.0
80,101,0,0,0.0,0.0,0.0
80,102,0,0,0.0,0.0,0.0
80,103,1,1,1.25,1.25,0.0
80,104,1,0,1.25,0.0,-1.25
80,105,1,0,1.25,0.0,-1.25
80,106,0,1,0.0,1.25,1.25
80,107,1,2,1.25,2.5,1.25
80,108,0,0,0.0,0.0,0.0
80,109,0,0,0.0,0.0,0.0
80,110,0,0,0.0,0.0,0.0
80,111,1,0,1.25,0.0,-1.25
80,112,2,0,2.5,0.0,-2.5
80,113,1,0,1.25,0.0,-1.25
80,114,0,0,0.0,0.0,0.0
80,115,0,1,0.0,1.25,1.25
80,116,1,1,1.25,1.25,0.0
80,117,1,0,1.25,0.0,-1.25
80,118,0,1,0.0,1.25,1.25
80,119,0,0,0.0,0.0,0.0
80,120,0,0,0.0,0.0,0.0
80,121,0,1,0.0,1.25,1.25
80,122,0,0,0.0,0.0,0.0
80,123,1,0,1.25,0.0,-1.25
80,124,0,0,0.0,0.0,0.0
80,125,0,0,0.0,0.0,0.0
80,126,0,0,0.0,0.0,0.0
80,127,0,1,0.0,1.25,1.25
80,128,1,6,1.25,7.5,6.25
80,129,0,2,0.0,2.5,2.5
80,130,0,1,0.0,1.25,1.25
80,131,0,0,0.0,0.0,0.0
80,132,0,0,0.0,0.0,0.0
80,133,0,0,0.0,0.0,0.0
80,134,0,0,0.0,0.0,0.0
81,0,2,2,2.5,2.5,0.0
81,1,2,3,2.5,3.75,1.25
81,2,1,1,1.25,1.25,0.0
81,3,2,1,2.5,1.25,-1.25
81,4,3,0,3.75,0.0,-3.75
81,5,0,0,0.0,0.0,0.0
81,6,7,3,8.75,3.75,-5.0
81,7,0,1,0.0,1.25,1.25
81,8,3,1,3.75,1.25,-2.5
81,9,2,3,2.5,3.75,1.25
81,10,2,3,2.5,3.75,1.25
81,11,1,3,1.25,3.75,2.5
81,12,2,1,2.5,1.25,-1.25
81,13,3,3,3.75,3.75,0.0
81,14,1,0,1.25,0.0,-1.25
81,15,2,0,2.5,0.0,-2.5
81,16,1,1,1.25,1.25,0.0
81,17,3,7,3.75,8.75,5.0
81,18,1,0,1.25,0.0,-1.25
81,19,1,3,1.25,3.75,2.5
81,20,0,0,0.0,0.0,0.0
81,21,0,1,0.0,1.25,1.25
81,22,2,1,2.5,1.25,-1.25
81,23,2,1,2.5,1.25,-1.25
81,24,5,0,6.25,0.0,-6.25
81,25,0,2,0.0,2.5,2.5
81,26,0,3,0.0,3.75,3.75
81,27,3,0,3.75,0.0,-3.75
81,28,0,1,0.0,1.25,1.25
81,29,2,1,2.5,1.25,-1.25
81,30,1,0,1.25,0.0,-1.25
81,31,0,2,0.0,2.5,2.5
81,32,3,3,3.75,3.75,0.0
81,33,1,1,1.25,1.25,0.0
81,34,0,6,0.0,7.5,7.5
81,35,2,3,2.5,3.75,1.25
81,36,2,2,2.5,2.5,0.0
81,37,1,0,1.25,0.0,-1.25
81,38,2,2,2.5,2.5,0.0
81,39,2,2,2.5,2.5,0.0
81,40,4,4,5.0,5.0,0.0
81,41,5,2,6.25,2.5,-3.75
81,42,0,2,0.0,2.5,2.5
81,43,3,3,3.75,3.75,0.0
81,44,0,1,0.0,1.25,1.25
81,45,1,5,1.25,6.25,5.0
81,46,1,1,1.25,1.25,0.0
81,47,2,2,2.5,2.5,0.0
81,48,1,3,1.25,3.75,2.5
81,49,2,4,2.5,5.0,2.5
81,50,1,5,1.25,6.25,5.0
81,51,2,2,2.5,2.5,0.0
81,52,1,4,1.25,5.0,3.75
81,53,4,2,5.0,2.5,-2.5
81,54,3,0,3.75,0.0,-3.75
81,55,0,3,0.0,3.75,3.75
81,56,1,0,1.25,0.0,-1.25
81,57,2,1,2.5,1.25,-1.25
81,58,0,6,0.0,7.5,7.5
81,59,2,4,2.5,5.0,2.5
81,60,2,4,2.5,5.0,2.5
81,61,2,5,2.5,6.25,3.75
81,62,0,0,0.0,0.0,0.0
81,63,2,2,2.5,2.5,0.0
81,64,4,2,5.0,2.5,-2.5
81,65,1,0,1.25,0.0,-1.25
81,66,1,3,1.25,3.75,2.5
81,67,0,0,0.0,0.0,0.0
81,68,0,2,0.0,2.5,2.5
81,69,0,0,0.0,0.0,0.0
81,70,0,1,0.0,1.25,1.25
81,71,2,3,2.5,3.75,1.25
81,72,1,3,1.25,3.75,2.5
81,73,1,6,1.25,7.5,6.25
81,74,2,0,2.5,0.0,-2.5
81,75,0,0,0.0,0.0,0.0
81,76,4,0,5.0,0.0,-5.0
81,77,0,3,0.0,3.75,3.75
81,78,1,0,1.25,0.0,-1.25
81,79,1,1,1.25,1.25,0.0
81,80,3,3,3.75,3.75,0.0
81,81,1,5,1.25,6.25,5.0
81,82,0,2,0.0,2.5,2.5
81,83,0,2,0.0,2.5,2.5
81,84,0,1,0.0,1.25,1.25
81,85,1,1,1.25,1.25,0.0
81,86,3,4,3.75,5.0,1.25
81,87,2,4,2.5,5.0,2.5
81,88,0,1,0.0,1.25,1.25
81,89,1,0,1.25,0.0,-1.25
81,90,2,3,2.5,3.75,1.25
81,91,1,1,1.25,1.25,0.0
81,92,2,1,2.5,1.25,-1.25
81,93,5,1,6.25,1.25,-5.0
81,94,1,2,1.25,2.5,1.25
81,95,0,2,0.0,2.5,2.5
81,96,0,2,0.0,2.5,2.5
81,97,3,4,3.75,5.0,1.25
81,98,1,1,1.25,1.25,0.0
81,99,2,0,2.5,0.0,-2.5
81,100,1,3,1.25,3.75,2.5
81,101,3,2,3.75,2.5,-1.25
81,102,0,3,0.0,3.75,3.75
81,103,0,4,0.0,5.0,5.0
81,104,2,0,2.5,0.0,-2.5
81,105,6,3,7.5,3.75,-3.75
81,106,0,8,0.0,10.0,10.0
81,107,3,3,3.75,3.75,0.0
81,108,1,1,1.25,1.25,0.0
81,109,0,0,0.0,0.0,0.0
81,110,0,3,0.0,3.75,3.75
81,111,2,3,2.5,3.75,1.25
81,112,3,1,3.75,1.25,-2.5
81,113,0,3,0.0,3.75,3.75
81,114,2,1,2.5,1.25,-1.25
81,115,2,5,2.5,6.25,3.75
81,116,0,1,0.0,1.25,1.25
81,117,3,5,3.75,6.25,2.5
81,118,2,1,2.5,1.25,-1.25
81,119,0,1,0.0,1.25,1.25
81,120,2,0,2.5,0.0,-2.5
81,121,1,2,1.25,2.5,1.25
81,122,1,0,1.25,0.0,-1.25
81,123,1,0,1.25,0.0,-1.25
81,124,3,2,3.75,2.5,-1.25
81,125,0,5,0.0,6.25,6.25
81,126,0,1,0.0,1.25,1.25
81,127,2,4,2.5,5.0,2.5
81,128,3,4,3.75,5.0,1.25
81,129,2,0,2.5,0.0,-2.5
81,130,3,2,3.75,2.5,-1.25
81,131,0,1,0.0,1.25,1.25
81,132,0,0,0.0,0.0,0.0
81,133,0,3,0.0,3.75,3.75
81,134,0,1,0.0,1.25,1.25
82,0,0,0,0.0,0.0,0.0
82,1,1,0,1.25,0.0,-1.25
82,2,0,0,0.0,0.0,0.0
82,3,0,1,0.0,1.25,1.25
82,4,0,1,0.0,1.25,1.25
82,5,1,0,1.25,0.0,-1.25
82,6,0,0,0.0,0.0,0.0
82,7,0,2,0.0,2.5,2.5
82,8,0,0,0.0,0.0,0.0
82,9,0,0,0.0,0.0,0.0
82,10,0,0,0.0,0.0,0.0
82,11,0,0,0.0,0.0,0.0
82,12,0,0,0.0,0.0,0.0
82,13,0,0,0.0,0.0,0.0
82,14,0,0,0.0,0.0,0.0
82,15,0,1,0.0,1.25,1.25
82,16,2,0,2.5,0.0,-2.5
82,17,1,2,1.25,2.5,1.25
82,18,0,0,0.0,0.0,0.0
82,19,0,0,0.0,0.0,0.0
82,20,0,1,0.0,1.25,1.25
82,21,0,0,0.0,0.0,0.0
82,22,0,0,0.0,0.0,0.0
82,23,2,0,2.5,0.0,-2.5
82,24,0,0,0.0,0.0,0.0
82,25,0,0,0.0,0.0,0.0
82,26,2,0,2.5,0.0,-2.5
82,27,0,0,0.0,0.0,0.0
82,28,1,0,1.25,0.0,-1.25
82,29,0,0,0.0,0.0,0.0
82,30,0,1,0.0,1.25,1.25
82,31,0,0,0.0,0.0,0.0
82,32,3,1,3.75,1.25,-2.5
82,33,0,1,0.0,1.25,1.25
82,34,0,0,0.0,0.0,0.0
82,35,1,0,1.25,0.0,-1.25
82,36,0,0,0.0,0.0,0.0
82,37,0,1,0.0,1.25,1.25
82,38,0,1,0.0,1.25,1.25
82,39,0,0,0.0,0.0,0.0
82,40,1,1,1.25,1.25,0.0
82,41,1,0,1.25,0.0,-1.25
82,42,0,1,0.0,1.25,1.25
82,43,0,0,0.0,0.0,0.0
82,44,0,0,0.0,0.0,0.0
82,45,1,1,1.25,1.25,0.0
82,46,1,0,1.25,0.0,-1.25
82,47,1,1,1.25,1.25,0.0
82,48,0,0,0.0,0.0,0.0
82,49,0,2,0.0,2.5,2.5
82,50,1,0,1.25,0.0,-1.25
82,51,0,0,0.0,0.0,0.0
82,52,1,0,1.25,0.0,-1.25
82,53,0,0,0.0,0.0,0.0
82,54,0,0,0.0,0.0,0.0
82,55,0,1,0.0,1.25,1.25
82,56,0,0,0.0,0.0,0.0
82,57,0,0,0.0,0.0,0.0
82,58,1,0,1.25,0.0,-1.25
82,59,1,1,1.25,1.25,0.0
82,60,0,0,0.0,0.0,0.0
82,61,0,0,0.0,0.0,0.0
82,62,0,0,0.0,0.0,0.0
82,63,2,0,2.5,0.0,-2.5
82,64,0,0,0.0,0.0,0.0
82,65,0,0,0.0,0.0,0.0
82,66,0,0,0.0,0.0,0.0
82,67,0,0,0.0,0.0,0.0
82,68,0,0,0.0,0.0,0.0
82,69,1,0,1.25,0.0,-1.25
82,70,0,0,0.0,0.0,0.0
82,71,0,0,0.0,0.0,0.0
82,72,0,0,0.0,0.0,0.0
82,73,0,0,0.0,0.0,0.0
82,74,0,0,0.0,0.0,0.0
82,75,0,0,0.0,0.0,0.0
82,76,1,2,1.25,2.5,1.25
82,77,0,3,0.0,3.75,3.75
82,78,0,0,0.0,0.0,0.0
82,79,0,0,0.0,0.0,0.0
82,80,1,0,1.25,0.0,-1.25
82,81,0,0,0.0,0.0,0.0
82,82,0,0,0.0,0.0,0.0
82,83,0,0,0.0,0.0,0.0
82,84,1,0,1.25,0.0,-1.25
82,85,0,0,0.0,0.0,0.0
82,86,1,0,1.25,0.0,-1.25
82,87,0,1,0.0,1.25,1.25
82,88,1,1,1.25,1.25,0.0
82,89,0,0,0.0,0.0,0.0
82,90,0,1,0.0,1.25,1.25
82,91,0,3,0.0,3.75,3.75
82,92,0,0,0.0,0.0,0.0
82,93,0,0,0.0,0.0,0.0
82,94,1,0,1.25,0.0,-1.25
82,95,0,0,0.0,0.0,0.0
82,96,0,0,0.0,0.0,0.0
82,97,4,1,5.0,1.25,-3.75
82,98,2,0,2.5,0.0,-2.5
82,99,0,0,0.0,0.0,0.0
82,100,0,1,0.0,1.25,1.25
82,101,0,1,0.0,1.25,1.25
82,102,0,0,0.0,0.0,0.0
82,103,1,3,1.25,3.75,2.5
82,104,0,0,0.0,0.0,0.0
82,105,0,0,0.0,0.0,0.0
82,106,0,0,0.0,0.0,0.0
82,107,0,0,0.0,0.0,0.0
82,108,0,0,0.0,0.0,0.0
82,109,0,0,0.0,0.0,0.0
82,110,0,0,0.0,0.0,0.0
82,111,0,0,0.0,0.0,0.0
82,112,0,0,0.0,0.0,0.0
82,113,0,0,0.0,0.0,0.0
82,114,0,0,0.0,0.0,0.0
82,115,1,1,1.25,1.25,0.0
82,116,0,0,0.0,0.0,0.0
82,117,0,1,0.0,1.25,1.25
82,118,0,0,0.0,0.0,0.0
82,119,0,0,0.0,0.0,0.0
82,120,1,0,1.25,0.0,-1.25
82,121,1,1,1.25,1.25,0.0
82,122,0,1,0.0,1.25,1.25
82,123,0,0,0.0,0.0,0.0
82,124,1,0,1.25,0.0,-1.25
82,125,0,0,0.0,0.0,0.0
82,126,0,0,0.0,0.0,0.0
82,127,0,0,0.0,0.0,0.0
82,128,0,1,0.0,1.25,1.25
82,129,0,0,0.0,0.0,0.0
82,130,0,1,0.0,1.25,1.25
82,131,0,0,0.0,0.0,0.0
82,132,0,0,0.0,0.0,0.0
82,133,0,0,0.0,0.0,0.0
82,134,0,0,0.0,0.0,0.0
83,0,8,2,10.0,2.5,-7.5
83,1,2,0,2.5,0.0,-2.5
83,2,2,2,2.5,2.5,0.0
83,3,0,4,0.0,5.0,5.0
83,4,1,1,1.25,1.25,0.0
83,5,2,1,2.5,1.25,-1.25
83,6,1,5,1.25,6.25,5.0
83,7,2,1,2.5,1.25,-1.25
83,8,1,1,1.25,1.25,0.0
83,9,2,1,2.5,1.25,-1.25
83,10,2,2,2.5,2.5,0.0
83,11,0,0,0.0,0.0,0.0
83,12,1,2,1.25,2.5,1.25
83,13,5,9,6.25,11.25,5.0
83,14,0,2,0.0,2.5,2.5
83,15,5,1,6.25,1.25,-5.0
83,16,2,1,2.5,1.25,-1.25
83,17,1,2,1.25,2.5,1.25
83,18,5,0,6.25,0.0,-6.25
83,19,3,1,3.75,1.25,-2.5
83,20,1,2,1.25,2.5,1.25
83,21,2,0,2.5,0.0,-2.5
83,22,8,0,10.0,0.0,-10.0
83,23,1,4,1.25,5.0,3.75
83,24,0,1,0.0,1.25,1.25
83,25,1,3,1.25,3.75,2.5
83,26,1,1,1.25,1.25,0.0
83,27,1,1,1.25,1.25,0.0
83,28,1,2,1.25,2.5,1.25
83,29,2,5,2.5,6.25,3.75
83,30,0,1,0.0,1.25,1.25
83,31,2,2,2.5,2.5,0.0
83,32,2,2,2.5,2.5,0.0
83,33,2,1,2.5,1.25,-1.25
83,34,3,1,3.75,1.25,-2.5
83,35,0,1,0.0,1.25,1.25
83,36,0,0,0.0,0.0,0.0
83,37,3,2,3.75,2.5,-1.25
83,38,9,3,11.25,3.75,-7.5
83,39,2,2,2.5,2.5,0.0
83,40,0,3,0.0,3.75,3.75
83,41,1,2,1.25,2.5,1.25
83,42,1,0,1.25,0.0,-1.25
83,43,0,3,0.0,3.75,3.75
83,44,5,3,6.25,3.75,-2.5
83,45,2,0,2.5,0.0,-2.5
83,46,4,0,5.0,0.0,-5.0
83,47,1,0,1.25,0.0,-1.25
83,48,2,2,2.5,2.5,0.0
83,49,1,2,1.25,2.5,1.25
83,50,3,4,3.75,5.0,1.25
83,51,1,1,1.25,1.25,0.0
83,52,2,3,2.5,3.75,1.25
83,53,1,1,1.25,1.25,0.0
83,54,0,5,0.0,6.25,6.25
83,55,0,0,0.0,0.0,0.0
83,56,0,3,0.0,3.75,3.75
83,57,1,1,1.25,1.25,0.0
83,58,1,4,1.25,5.0,3.75
83,59,0,2,0.0,2.5,2.5
83,60,3,7,3.75,8.75,5.0
83,61,1,1,1.25,1.25,0.0
83,62,2,5,2.5,6.25,3.75
83,63,5,5,6.25,6.25,0.0
83,64,2,3,2.5,3.75,1.25
83,65,1,0,1.25,0.0,-1.25
83,66,0,1,0.0,1.25,1.25
83,67,0,4,0.0,5.0,5.0
83,68,9,3,11.25,3.75,-7.5
83,69,1,1,1.25,1.25,0.0
83,70,0,2,0.0,2.5,2.5
83,71,0,5,0.0,6.25,6.25
83,72,0,1,0.0,1.25,1.25
83,73,2,1,2.5,1.25,-1.25
83,74,1,3,1.25,3.75,2.5
83,75,4,1,5.0,1.25,-3.75
83,76,2,2,2.5,2.5,0.0
83,77,0,0,0.0,0.0,0.0
83,78,0,1,0.0,1.25,1.25
83,79,0,1,0.0,1.25,1.25
83,80,4,5,5.0,6.25,1.25
83,81,1,4,1.25,5.0,3.75
83,82,1,3,1.25,3.75,2.5
83,83,2,4,2.5,5.0,2.5
83,84,3,1,3.75,1.25,-2.5
83,85,0,4,0.0,5.0,5.0
83,86,0,0,0.0,0.0,0.0
83,87,2,0,2.5,0.0,-2.5
83,88,0,1,0.0,1.25,1.25
83,89,0,2,0.0,2.5,2.5
83,90,0,4,0.0,5.0,5.0
83,91,1,3,1.25,3.75,2.5
83,92,2,1,2.5,1.25,-1.25
83,93,0,1,0.0,1.25,1.25
83,94,1,2,1.25,2.5,1.25
83,95,0,1,0.0,1.25,1.25
83,96,3,2,3.75,2.5,-1.25
83,97,0,0,0.0,0.0,0.0
83,98,1,0,1.25,0.0,-1.25
83,99,2,4,2.5,5.0,2.5
83,100,0,5,0.0,6.25,6.25
83,101,1,1,1.25,1.25,0.0
83,102,5,3,6.25,3.75,-2.5
83,103,1,2,1.25,2.5,1.25
83,104,0,2,0.0,2.5,2.5
83,105,0,0,0.0,0.0,0.0
83,106,1,7,1.25,8.75,7.5
83,107,3,0,3.75,0.0,-3.75
83,108,3,1,3.75,1.25,-2.5
83,109,2,8,2.5,10.0,7.5
83,110,0,2,0.0,2.5,2.5
83,111,3,1,3.75,1.25,-2.5
83,112,0,3,0.0,3.75,3.75
83,113,0,0,0.0,0.0,0.0
83,114,1,0,1.25,0.0,-1.25
83,115,0,1,0.0,1.25,1.25
83,116,0,1,0.0,1.25,1.25
83,117,1,4,1.25,5.0,3.75
83,118,2,2,2.5,2.5,0.0
83,119,2,0,2.5,0.0,-2.5
83,120,0,0,0.0,0.0,0.0
83,121,0,6,0.0,7.5,7.5
83,122,1,2,1.25,2.5,1.25
83,123,1,0,1.25,0.0,-1.25
83,124,3,0,3.75,0.0,-3.75
83,125,3,8,3.75,10.0,6.25
83,126,2,2,2.5,2.5,0.0
83,127,4,0,5.0,0.0,-5.0
83,128,1,3,1.25,3.75,2.5
83,129,4,0,5.0,0.0,-5.0
83,130,0,4,0.0,5.0,5.0
83,131,4,0,5.0,0.0,-5.0
83,132,0,8,0.0,10.0,10.0
83,133,0,4,0.0,5.0,5.0
83,134,0,2,0.0,2.5,2.5
84,0,7,4,8.75,5.0,-3.75
84,1,11,9,13.75,11.25,-2.5
84,2,6,2,7.5,2.5,-5.0
84,3,4,10,5.0,12.5,7.5
84,4,14,1,17.5,1.25,-16.25
84,5,11,14,13.75,17.5,3.75
84,6,5,4,6.25,5.0,-1.25
84,7,8,2,10.0,2.5,-7.5
84,8,2,4,2.5,5.0,2.5
84,9,7,1,8.75,1.25,-7.5
84,10,10,4,12.5,5.0,-7.5
84,11,3,2,3.75,2.5,-1.25
84,12,2,4,2.5,5.0,2.5
84,13,3,0,3.75,0.0,-3.75
84,14,4,4,5.0,5.0,0.0
84,15,7,4,8.75,5.0,-3.75
84,16,11,0,13.75,0.0,-13.75
84,17,6,0,7.5,0.0,-7.5
84,18,9,1,11.25,1.25,-10.0
84,19,4,8,5.0,10.0,5.0
84,20,5,0,6.25,0.0,-6.25
84,21,4,3,5.0,3.75,-1.25
84,22,7,1,8.75,1.25,-7.5
84,23,14,1,17.5,1.25,-16.25
84,24,3,2,3.75,2.5,-1.25
84,25,1,1,1.25,1.25,0.0
84,26,0,7,0.0,8.75,8.75
84,27,3,4,3.75,5.0,1.25
84,28,0,0,0.0,0.0,0.0
84,29,9,3,11.25,3.75,-7.5
84,30,4,8,5.0,10.0,5.0
84,31,7,9,8.75,11.25,2.5
84,32,1,2,1.25,2.5,1.25
84,33,9,3,11.25,3.75,-7.5
84,34,18,9,22.5,11.25,-11.25
84,35,8,12,10.0,15.0,5.0
84,36,10,4,12.5,5.0,-7.5
84,37,7,0,8.75,0.0,-8.75
84,38,1,1,1.25,1.25,0.0
84,39,12,11,15.0,13.75,-1.25
84,40,4,6,5.0,7.5,2.5
84,41,3,6,3.75,7.5,3.75
84,42,11,6,13.75,7.5,-6.25
84,43,2,3,2.5,3.75,1.25
84,44,3,6,3.75,7.5,3.75
84,45,0,3,0.0,3.75,3.75
84,46,7,4,8.75,5.0,-3.75
84,47,4,6,5.0,7.5,2.5
84,48,5,5,6.25,6.25,0.0
84,49,1,0,1.25,0.0,-1.25
84,50,3,0,3.75,0.0,-3.75
84,51,5,3,6.25,3.75,-2.5
84,52,3,1,3.75,1.25,-2.5
84,53,11,3,13.75,3.75,-10.0
84,54,4,2,5.0,2.5,-2.5
84,55,8,3,10.0,3.75,-6.25
84,56,3,6,3.75,7.5,3.75
84,57,10,3,12.5,3.75,-8.75
84,58,6,2,7.5,2.5,-5.0
84,59,3,0,3.75,0.0,-3.75
84,60,0,1,0.0,1.25,1.25
84,61,0,3,0.0,3.75,3.75
84,62,2,7,2.5,8.75,6.25
84,63,0,4,0.0,5.0,5.0
84,64,11,2,13.75,2.5,-11.25
84,65,10,3,12.5,3.75,-8.75
84,66,4,0,5.0,0.0,-5.0
84,67,2,0,2.5,0.0,-2.5
84,68,0,2,0.0,2.5,2.5
84,69,1,1,1.25,1.25,0.0
84,70,8,2,10.0,2.5,-7.5
84,71,3,1,3.75,1.25,-2.5
84,72,3,4,3.75,5.0,1.25
84,73,7,2,8.75,2.5,-6.25
84,74,3,2,3.75,2.5,-1.25
84,75,1,1,1.25,1.25,0.0
84,76,5,1,6.25,1.25,-5.0
84,77,6,2,7.5,2.5,-5.0
84,78,2,1,2.5,1.25,-1.25
84,79,6,10,7.5,12.5,5.0
84,80,11,4,13.75,5.0,-8.75
84,81,2,1,2.5,1.25,-1.25
84,82,2,4,2.5,5.0,2.5
84,83,5,5,6.25,6.25,0.0
84,84,12,5,15.0,6.25,-8.75
84,85,3,7,3.75,8.75,5.0
84,86,5,5,6.25,6.25,0.0
84,87,1,0,1.25,0.0,-1.25
84,88,7,0,8.75,0.0,-8.75
84,89,5,4,6.25,5.0,-1.25
84,90,2,5,2.5,6.25,3.75
84,91,4,4,5.0,5.0,0.0
84,92,5,4,6.25,5.0,-1.25
84,93,4,0,5.0,0.0,-5.0
84,94,4,3,5.0,3.75,-1.25
84,95,6,3,7.5,3.75,-3.75
84,96,1,1,1.25,1.25,0.0
84,97,4,15,5.0,18.75,13.75
84,98,5,8,6.25,10.0,3.75
84,99,4,4,5.0,5.0,0.0
84,100,9,1,11.25,1.25,-10.0
84,101,4,2,5.0,2.5,-2.5
84,102,7,4,8.75,5.0,-3.75
84,103,3,8,3.75,10.0,6.25
84,104,0,3,0.0,3.75,3.75
84,105,8,8,10.0,10.0,0.0
84,106,2,2,2.5,2.5,0.0
84,107,4,2,5.0,2.5,-2.5
84,108,2,6,2.5,7.5,5.0
84,109,9,3,11.25,3.75,-7.5
84,110,6,6,7.5,7.5,0.0
84,111,1,3,1.25,3.75,2.5
84,112,1,1,1.25,1.25,0.0
84,113,12,4,15.0,5.0,-10.0
84,114,2,2,2.5,2.5,0.0
84,115,2,2,2.5,2.5,0.0
84,116,3,0,3.75,0.0,-3.75
84,117,1,3,1.25,3.75,2.5
84,118,2,1,2.5,1.25,-1.25
84,119,1,6,1.25,7.5,6.25
84,120,2,0,2.5,0.0,-2.5
84,121,9,1,11.25,1.25,-10.0
84,122,5,6,6.25,7.5,1.25
84,123,3,2,3.75,2.5,-1.25
84,124,3,2,3.75,2.5,-1.25
84,125,14,0,17.5,0.0,-17.5
84,126,1,5,1.25,6.25,5.0
84,127,7,7,8.75,8.75,0.0
84,128,3,3,3.75,3.75,0.0
84,129,3,4,3.75,5.0,1.25
84,130,2,0,2.5,0.0,-2.5
84,131,3,0,3.75,0.0,-3.75
84,132,4,10,5.0,12.5,7.5
84,133,3,1,3.75,1.25,-2.5
84,134,9,8,11.25,10.0,-1.25
85,0,8,8,10.0,10.0,0.0
85,1,12,4,15.0,5.0,-10.0
85,2,17,1,21.25,1.25,-20.0
85,3,4,5,5.0,6.25,1.25
85,4,13,8,16.25,10.0,-6.25
85,5,6,11,7.5,13.75,6.25
85,6,4,5,5.0,6.25,1.25
85,7,9,12,11.25,15.0,3.75
85,8,8,1,10.0,1.25,-8.75
85,9,11,4,13.75,5.0,-8.75
85,10,6,10,7.5,12.5,5.0
85,11,4,4,5.0,5.0,0.0
85,12,7,8,8.75,10.0,1.25
85,13,9,4,11.25,5.0,-6.25
85,14,3,2,3.75,2.5,-1.25
85,15,12,1,15.0,1.25,-13.75
85,16,10,2,12.5,2.5,-10.0
85,17,4,0,5.0,0.0,-5.0
85,18,6,0,7.5,0.0,-7.5
85,19,10,2,12.5,2.5,-10.0
85,20,9,1,11.25,1.25,-10.0
85,21,3,8,3.75,10.0,6.25
85,22,7,0,8.75,0.0,-8.75
85,23,11,4,13.75,5.0,-8.75
85,24,2,5,2.5,6.25,3.75
85,25,8,0,10.0,0.0,-10.0
85,26,8,3,10.0,3.75,-6.25
85,27,6,8,7.5,10.0,2.5
85,28,4,1,5.0,1.25,-3.75
85,29,9,1,11.25,1.25,-10.0
85,30,3,1,3.75,1.25,-2.5
85,31,7,4,8.75,5.0,-3.75
85,32,2,0,2.5,0.0,-2.5
85,33,2,3,2.5,3.75,1.25
85,34,6,3,7.5,3.75,-3.75
85,35,2,2,2.5,2.5,0.0
85,36,8,4,10.0,5.0,-5.0
85,37,3,0,3.75,0.0,-3.75
85,38,1,2,1.25,2.5,1.25
85,39,5,3,6.25,3.75,-2.5
85,40,2,8,2.5,10.0,7.5
85,41,13,5,16.25,6.25,-10.0
85,42,10,4,12.5,5.0,-7.5
85,43,7,8,8.75,10.0,1.25
85,44,3,4,3.75,5.0,1.25
85,45,1,1,1.25,1.25,0.0
85,46,6,3,7.5,3.75,-3.75
85,47,4,7,5.0,8.75,3.75
85,48,5,1,6.25,1.25,-5.0
85,49,0,2,0.0,2.5,2.5
85,50,0,0,0.0,0.0,0.0
85,51,6,0,7.5,0.0,-7.5
85,52,2,6,2.5,7.5,5.0
85,53,3,1,3.75,1.25,-2.5
85,54,0,0,0.0,0.0,0.0
85,55,2,3,2.5,3.75,1.25
85,56,6,2,7.5,2.5,-5.0
85,57,3,0,3.75,0.0,-3.75
85,58,3,1,3.75,1.25,-2.5
85,59,6,0,7.5,0.0,-7.5
85,60,3,0,3.75,0.0,-3.75
85,61,7,2,8.75,2.5,-6.25
85,62,1,0,1.25,0.0,-1.25
85,63,2,0,2.5,0.0,-2.5
85,64,0,0,0.0,0.0,0.0
85,65,1,6,1.25,7.5,6.25
85,66,4,0,5.0,0.0,-5.0
85,67,3,0,3.75,0.0,-3.75
85,68,5,6,6.25,7.5,1.25
85,69,12,1,15.0,1.25,-13.75
85,70,6,7,7.5,8.75,1.25
85,71,5,3,6.25,3.75,-2.5
85,72,7,2,8.75,2.5,-6.25
85,73,7,0,8.75,0.0,-8.75
85,74,3,5,3.75,6.25,2.5
85,75,3,2,3.75,2.5,-1.25
85,76,10,0,12.5,0.0,-12.5
85,77,11,3,13.75,3.75,-10.0
85,78,3,4,3.75,5.0,1.25
85,79,6,9,7.5,11.25,3.75
85,80,5,4,6.25,5.0,-1.25
85,81,0,1,0.0,1.25,1.25
85,82,2,1,2.5,1.25,-1.25
85,83,5,1,6.25,1.25,-5.0
85,84,1,0,1.25,0.0,-1.25
85,85,2,0,2.5,0.0,-2.5
85,86,2,0,2.5,0.0,-2.5
85,87,2,4,2.5,5.0,2.5
85,88,7,1,8.75,1.25,-7.5
85,89,4,0,5.0,0.0,-5.0
85,90,2,4,2.5,5.0,2.5
85,91,2,0,2.5,0.0,-2.5
85,92,3,4,3.75,5.0,1.25
85,93,1,1,1.25,1.25,0.0
85,94,1,5,1.25,6.25,5.0
85,95,0,1,0.0,1.25,1.25
85,96,1,0,1.25,0.0,-1.25
85,97,2,3,2.5,3.75,1.25
85,98,3,0,3.75,0.0,-3.75
85,99,3,0,3.75,0.0,-3.75
85,100,3,0,3.75,0.0,-3.75
85,101,0,0,0.0,0.0,0.0
85,102,6,0,7.5,0.0,-7.5
85,103,1,2,1.25,2.5,1.25
85,104,3,0,3.75,0.0,-3.75
85,105,2,2,2.5,2.5,0.0
85,106,0,1,0.0,1.25,1.25
85,107,6,0,7.5,0.0,-7.5
85,108,1,3,1.25,3.75,2.5
85,109,2,0,2.5,0.0,-2.5
85,110,2,0,2.5,0.0,-2.5
85,111,4,0,5.0,0.0,-5.0
85,112,4,2,5.0,2.5,-2.5
85,113,5,1,6.25,1.25,-5.0
85,114,1,2,1.25,2.5,1.25
85,115,0,1,0.0,1.25,1.25
85,116,0,1,0.0,1.25,1.25
85,117,0,2,0.0,2.5,2.5
85,118,0,4,0.0,5.0,5.0
85,119,6,5,7.5,6.25,-1.25
85,120,1,3,1.25,3.75,2.5
85,121,2,1,2.5,1.25,-1.25
85,122,6,0,7.5,0.0,-7.5
85,123,0,0,0.0,0.0,0.0
85,124,1,0,1.25,0.0,-1.25
85,125,1,1,1.25,1.25,0.0
85,126,0,3,0.0,3.75,3.75
85,127,2,0,2.5,0.0,-2.5
85,128,0,0,0.0,0.0,0.0
85,129,4,1,5.0,1.25,-3.75
85,130,2,0,2.5,0.0,-2.5
85,131,1,0,1.25,0.0,-1.25
85,132,0,1,0.0,1.25,1.25
85,133,0,0,0.0,0.0,0.0
85,134,0,0,0.0,0.0,0.0
86,0,0,0,0.0,0.0,0.0
86,1,1,1,1.25,1.25,0.0
86,2,0,0,0.0,0.0,0.0
86,3,0,0,0.0,0.0,0.0
86,4,0,0,0.0,0.0,0.0
86,5,0,0,0.0,0.0,0.0
86,6,0,0,0.0,0.0,0.0
86,7,0,0,0.0,0.0,0.0
86,8,0,0,0.0,0.0,0.0
86,9,0,0,0.0,0.0,0.0
86,10,0,0,0.0,0.0,0.0
86,11,0,0,0.0,0.0,0.0
86,12,1,0,1.25,0.0,-1.25
86,13,1,0,1.25,0.0,-1.25
86,14,0,0,0.0,0.0,0.0
86,15,0,0,0.0,0.0,0.0
86,16,0,0,0.0,0.0,0.0
86,17,4,1,5.0,1.25,-3.75
86,18,2,0,2.5,0.0,-2.5
86,19,0,0,0.0,0.0,0.0
86,20,0,0,0.0,0.0,0.0
86,21,0,1,0.0,1.25,1.25
86,22,0,0,0.0,0.0,0.0
86,23,0,0,0.0,0.0,0.0
86,24,3,1,3.75,1.25,-2.5
86,25,4,0,5.0,0.0,-5.0
86,26,0,7,0.0,8.75,8.75
86,27,2,0,2.5,0.0,-2.5
86,28,1,1,1.25,1.25,0.0
86,29,1,0,1.25,0.0,-1.25
86,30,0,0,0.0,0.0,0.0
86,31,1,2,1.25,2.5,1.25
86,32,0,0,0.0,0.0,0.0
86,33,1,1,1.25,1.25,0.0
86,34,2,0,2.5,0.0,-2.5
86,35,2,0,2.5,0.0,-2.5
86,36,3,1,3.75,1.25,-2.5
86,37,1,0,1.25,0.0,-1.25
86,38,1,1,1.25,1.25,0.0
86,39,2,0,2.5,0.0,-2.5
86,40,2,1,2.5,1.25,-1.25
86,41,4,0,5.0,0.0,-5.0
86,42,2,2,2.5,2.5,0.0
86,43,1,1,1.25,1.25,0.0
86,44,1,2,1.25,2.5,1.25
86,45,2,0,2.5,0.0,-2.5
86,46,2,3,2.5,3.75,1.25
86,47,3,2,3.75,2.5,-1.25
86,48,2,1,2.5,1.25,-1.25
86,49,0,0,0.0,0.0,0.0
86,50,0,0,0.0,0.0,0.0
86,51,0,1,0.0,1.25,1.25
86,52,0,0,0.0,0.0,0.0
86,53,1,0,1.25,0.0,-1.25
86,54,3,0,3.75,0.0,-3.75
86,55,1,1,1.25,1.25,0.0
86,56,2,0,2.5,0.0,-2.5
86,57,3,1,3.75,1.25,-2.5
86,58,2,0,2.5,0.0,-2.5
86,59,4,0,5.0,0.0,-5.0
86,60,0,1,0.0,1.25,1.25
86,61,2,1,2.5,1.25,-1.25
86,62,2,0,2.5,0.0,-2.5
86,63,1,1,1.25,1.25,0.0
86,64,1,1,1.25,1.25,0.0
86,65,2,2,2.5,2.5,0.0
86,66,3,1,3.75,1.25,-2.5
86,67,1,0,1.25,0.0,-1.25
86,68,0,1,0.0,1.25,1.25
86,69,1,1,1.25,1.25,0.0
86,70,0,4,0.0,5.0,5.0
86,71,1,0,1.25,0.0,-1.25
86,72,6,3,7.5,3.75,-3.75
86,73,2,0,2.5,0.0,-2.5
86,74,1,3,1.25,3.75,2.5
86,75,5,1,6.25,1.25,-5.0
86,76,1,0,1.25,0.0,-1.25
86,77,0,3,0.0,3.75,3.75
86,78,3,1,3.75,1.25,-2.5
86,79,4,5,5.0,6.25,1.25
86,80,1,0,1.25,0.0,-1.25
86,81,1,1,1.25,1.25,0.0
86,82,2,3,2.5,3.75,1.25
86,83,4,2,5.0,2.5,-2.5
86,84,2,2,2.5,2.5,0.0
86,85,3,0,3.75,0.0,-3.75
86,86,1,2,1.25,2.5,1.25
86,87,3,2,3.75,2.5,-1.25
86,88,3,0,3.75,0.0,-3.75
86,89,1,2,1.25,2.5,1.25
86,90,0,1,0.0,1.25,1.25
86,91,2,0,2.5,0.0,-2.5
86,92,0,5,0.0,6.25,6.25
86,93,0,0,0.0,0.0,0.0
86,94,3,3,3.75,3.75,0.0
86,95,3,2,3.75,2.5,-1.25
86,96,0,0,0.0,0.0,0.0
86,97,1,6,1.25,7.5,6.25
86,98,4,5,5.0,6.25,1.25
86,99,0,2,0.0,2.5,2.5
86,100,0,0,0.0,0.0,0.0
86,101,2,1,2.5,1.25,-1.25
86,102,1,0,1.25,0.0,-1.25
86,103,1,1,1.25,1.25,0.0
86,104,1,4,1.25,5.0,3.75
86,105,1,7,1.25,8.75,7.5
86,106,0,0,0.0,0.0,0.0
86,107,1,1,1.25,1.25,0.0
86,108,1,4,1.25,5.0,3.75
86,109,4,1,5.0,1.25,-3.75
86,110,2,0,2.5,0.0,-2.5
86,111,0,3,0.0,3.75,3.75
86,112,0,2,0.0,2.5,2.5
86,113,8,0,10.0,0.0,-10.0
86,114,2,0,2.5,0.0,-2.5
86,115,1,0,1.25,0.0,-1.25
86,116,0,0,0.0,0.0,0.0
86,117,1,1,1.25,1.25,0.0
86,118,4,3,5.0,3.75,-1.25
86,119,1,3,1.25,3.75,2.5
86,120,1,5,1.25,6.25,5.0
86,121,3,0,3.75,0.0,-3.75
86,122,3,0,3.75,0.0,-3.75
86,123,5,7,6.25,8.75,2.5
86,124,0,0,0.0,0.0,0.0
86,125,0,0,0.0,0.0,0.0
86,126,0,0,0.0,0.0,0.0
86,127,4,0,5.0,0.0,-5.0
86,128,2,0,2.5,0.0,-2.5
86,129,4,0,5.0,0.0,-5.0
86,130,8,0,10.0,0.0,-10.0
86,131,1,0,1.25,0.0,-1.25
86,132,0,0,0.0,0.0,0.0
86,133,2,0,2.5,0.0,-2.5
86,134,2,0,2.5,0.0,-2.5
87,0,0,0,0.0,0.0,0.0
87,1,0,0,0.0,0.0,0.0
87,2,0,0,0.0,0.0,0.0
87,3,0,0,0.0,0.0,0.0
87,4,0,0,0.0,0.0,0.0
87,5,0,0,0.0,0.0,0.0
87,6,0,0,0.0,0.0,0.0
87,7,0,0,0.0,0.0,0.0
87,8,0,0,0.0,0.0,0.0
87,9,0,0,0.0,0.0,0.0
87,10,0,1,0.0,1.25,1.25
87,11,0,0,0.0,0.0,0.0
87,12,1,0,1.25,0.0,-1.25
87,13,0,0,0.0,0.0,0.0
87,14,0,3,0.0,3.75,3.75
87,15,0,0,0.0,0.0,0.0
87,16,0,1,0.0,1.25,1.25
87,17,0,0,0.0,0.0,0.0
87,18,0,0,0.0,0.0,0.0
87,19,0,0,0.0,0.0,0.0
87,20,1,2,1.25,2.5,1.25
87,21,0,0,0.0,0.0,0.0
87,22,0,0,0.0,0.0,0.0
87,23,1,0,1.25,0.0,-1.25
87,24,1,0,1.25,0.0,-1.25
87,25,0,0,0.0,0.0,0.0
87,26,2,1,2.5,1.25,-1.25
87,27,0,0,0.0,0.0,0.0
87,28,0,0,0.0,0.0,0.0
87,29,0,0,0.0,0.0,0.0
87,30,0,0,0.0,0.0,0.0
87,31,3,0,3.75,0.0,-3.75
87,32,0,0,0.0,0.0,0.0
87,33,0,0,0.0,0.0,0.0
87,34,0,0,0.0,0.0,0.0
87,35,0,1,0.0,1.25,1.25
87,36,0,0,0.0,0.0,0.0
87,37,0,0,0.0,0.0,0.0
87,38,1,4,1.25,5.0,3.75
87,39,0,1,0.0,1.25,1.25
87,40,0,0,0.0,0.0,0.0
87,41,0,1,0.0,1.25,1.25
87,42,0,0,0.0,0.0,0.0
87,43,0,0,0.0,0.0,0.0
87,44,4,6,5.0,7.5,2.5
87,45,2,1,2.5,1.25,-1.25
87,46,0,0,0.0,0.0,0.0
87,47,0,0,0.0,0.0,0.0
87,48,0,0,0.0,0.0,0.0
87,49,0,0,0.0,0.0,0.0
87,50,0,0,0.0,0.0,0.0
87,51,0,1,0.0,1.25,1.25
87,52,0,0,0.0,0.0,0.0
87,53,0,0,0.0,0.0,0.0
87,54,0,0,0.0,0.0,0.0
87,55,0,1,0.0,1.25,1.25
87,56,2,1,2.5,1.25,-1.25
87,57,0,0,0.0,0.0,0.0
87,58,0,0,0.0,0.0,0.0
87,59,0,0,0.0,0.0,0.0
87,60,0,0,0.0,0.0,0.0
87,61,1,4,1.25,5.0,3.75
87,62,0,0,0.0,0.0,0.0
87,63,2,0,2.5,0.0,-2.5
87,64,0,0,0.0,0.0,0.0
87,65,0,0,0.0,0.0,0.0
87,66,1,0,1.25,0.0,-1.25
87,67,0,0,0.0,0.0,0.0
87,68,0,2,0.0,2.5,2.5
87,69,0,0,0.0,0.0,0.0
87,70,0,1,0.0,1.25,1.25
87,71,5,2,6.25,2.5,-3.75
87,72,0,0,0.0,0.0,0.0
87,73,3,2,3.75,2.5,-1.25
87,74,0,0,0.0,0.0,0.0
87,75,0,0,0.0,0.0,0.0
87,76,0,0,0.0,0.0,0.0
87,77,0,0,0.0,0.0,0.0
87,78,0,0,0.0,0.0,0.0
87,79,1,0,1.25,0.0,-1.25
87,80,0,0,0.0,0.0,0.0
87,81,0,0,0.0,0.0,0.0
87,82,0,0,0.0,0.0,0.0
87,83,0,5,0.0,6.25,6.25
87,84,4,0,5.0,0.0,-5.0
87,85,0,0,0.0,0.0,0.0
87,86,0,0,0.0,0.0,0.0
87,87,0,0,0.0,0.0,0.0
87,88,0,4,0.0,5.0,5.0
87,89,0,0,0.0,0.0,0.0
87,90,0,0,0.0,0.0,0.0
87,91,0,2,0.0,2.5,2.5
87,92,1,2,1.25,2.5,1.25
87,93,0,0,0.0,0.0,0.0
87,94,0,0,0.0,0.0,0.0
87,95,2,0,2.5,0.0,-2.5
87,96,0,0,0.0,0.0,0.0
87,97,0,0,0.0,0.0,0.0
87,98,1,1,1.25,1.25,0.0
87,99,0,0,0.0,0.0,0.0
87,100,0,0,0.0,0.0,0.0
87,101,1,0,1.25,0.0,-1.25
87,102,1,0,1.25,0.0,-1.25
87,103,0,0,0.0,0.0,0.0
87,104,0,0,0.0,0.0,0.0
87,105,0,0,0.0,0.0,0.0
87,106,0,0,0.0,0.0,0.0
87,107,0,0,0.0,0.0,0.0
87,108,0,1,0.0,1.25,1.25
87,109,0,1,0.0,1.25,1.25
87,110,1,0,1.25,0.0,-1.25
87,111,0,1,0.0,1.25,1.25
87,112,0,0,0.0,0.0,0.0
87,113,1,0,1.25,0.0,-1.25
87,114,0,0,0.0,0.0,0.0
87,115,0,0,0.0,0.0,0.0
87,116,0,0,0.0,0.0,0.0
87,117,0,0,0.0,0.0,0.0
87,118,0,0,0.0,0.0,0.0
87,119,3,0,3.75,0.0,-3.75
87,120,0,2,0.0,2.5,2.5
87,121,2,2,2.5,2.5,0.0
87,122,0,0,0.0,0.0,0.0
87,123,0,1,0.0,1.25,1.25
87,124,0,0,0.0,0.0,0.0
87,125,1,0,1.25,0.0,-1.25
87,126,0,0,0.0,0.0,0.0
87,127,0,0,0.0,0.0,0.0
87,128,0,0,0.0,0.0,0.0
87,129,1,0,1.25,0.0,-1.25
87,130,0,0,0.0,0.0,0.0
87,131,0,0,0.0,0.0,0.0
87,132,0,1,0.0,1.25,1.25
87,133,2,2,2.5,2.5,0.0
87,134,1,0,1.25,0.0,-1.25
88,0,0,0,0.0,0.0,0.0
88,1,2,0,2.5,0.0,-2.5
88,2,1,0,1.25,0.0,-1.25
88,3,0,0,0.0,0.0,0.0
88,4,0,2,0.0,2.5,2.5
88,5,0,3,0.0,3.75,3.75
88,6,0,0,0.0,0.0,0.0
88,7,0,1,0.0,1.25,1.25
88,8,0,0,0.0,0.0,0.0
88,9,7,0,8.75,0.0,-8.75
88,10,5,0,6.25,0.0,-6.25
88,11,3,2,3.75,2.5,-1.25
88,12,6,0,7.5,0.0,-7.5
88,13,2,0,2.5,0.0,-2.5
88,14,1,1,1.25,1.25,0.0
88,15,0,1,0.0,1.25,1.25
88,16,0,0,0.0,0.0,0.0
88,17,6,2,7.5,2.5,-5.0
88,18,1,0,1.25,0.0,-1.25
88,19,0,0,0.0,0.0,0.0
88,20,3,0,3.75,0.0,-3.75
88,21,0,0,0.0,0.0,0.0
88,22,0,0,0.0,0.0,0.0
88,23,0,0,0.0,0.0,0.0
88,24,0,2,0.0,2.5,2.5
88,25,2,0,2.5,0.0,-2.5
88,26,0,1,0.0,1.25,1.25
88,27,0,0,0.0,0.0,0.0
88,28,0,0,0.0,0.0,0.0
88,29,2,0,2.5,0.0,-2.5
88,30,0,0,0.0,0.0,0.0
88,31,0,0,0.0,0.0,0.0
88,32,0,0,0.0,0.0,0.0
88,33,0,1,0.0,1.25,1.25
88,34,4,0,5.0,0.0,-5.0
88,35,0,0,0.0,0.0,0.0
88,36,5,0,6.25,0.0,-6.25
88,37,0,0,0.0,0.0,0.0
88,38,2,0,2.5,0.0,-2.5
88,39,0,0,0.0,0.0,0.0
88,40,0,0,0.0,0.0,0.0
88,41,0,0,0.0,0.0,0.0
88,42,1,1,1.25,1.25,0.0
88,43,0,0,0.0,0.0,0.0
88,44,0,0,0.0,0.0,0.0
88,45,1,2,1.25,2.5,1.25
88,46,0,0,0.0,0.0,0.0
88,47,0,0,0.0,0.0,0.0
88,48,0,0,0.0,0.0,0.0
88,49,0,0,0.0,0.0,0.0
88,50,1,0,1.25,0.0,-1.25
88,51,2,1,2.5,1.25,-1.25
88,52,3,0,3.75,0.0,-3.75
88,53,0,1,0.0,1.25,1.25
88,54,0,0,0.0,0.0,0.0
88,55,0,0,0.0,0.0,0.0
88,56,1,0,1.25,0.0,-1.25
88,57,0,0,0.0,0.0,0.0
88,58,1,0,1.25,0.0,-1.25
88,59,0,0,0.0,0.0,0.0
88,60,2,0,2.5,0.0,-2.5
88,61,1,3,1.25,3.75,2.5
88,62,0,0,0.0,0.0,0.0
88,63,2,0,2.5,0.0,-2.5
88,64,1,0,1.25,0.0,-1.25
88,65,4,1,5.0,1.25,-3.75
88,66,0,0,0.0,0.0,0.0
88,67,1,0,1.25,0.0,-1.25
88,68,0,1,0.0,1.25,1.25
88,69,0,0,0.0,0.0,0.0
88,70,0,2,0.0,2.5,2.5
88,71,2,0,2.5,0.0,-2.5
88,72,0,1,0.0,1.25,1.25
88,73,5,2,6.25,2.5,-3.75
88,74,0,0,0.0,0.0,0.0
88,75,1,0,1.25,0.0,-1.25
88,76,6,1,7.5,1.25,-6.25
88,77,0,0,0.0,0.0,0.0
88,78,0,0,0.0,0.0,0.0
88,79,4,1,5.0,1.25,-3.75
88,80,0,0,0.0,0.0,0.0
88,81,1,0,1.25,0.0,-1.25
88,82,1,0,1.25,0.0,-1.25
88,83,0,0,0.0,0.0,0.0
88,84,0,0,0.0,0.0,0.0
88,85,1,0,1.25,0.0,-1.25
88,86,1,0,1.25,0.0,-1.25
88,87,3,4,3.75,5.0,1.25
88,88,0,1,0.0,1.25,1.25
88,89,5,2,6.25,2.5,-3.75
88,90,2,0,2.5,0.0,-2.5
88,91,0,0,0.0,0.0,0.0
88,92,1,4,1.25,5.0,3.75
88,93,0,0,0.0,0.0,0.0
88,94,1,0,1.25,0.0,-1.25
88,95,0,0,0.0,0.0,0.0
88,96,0,0,0.0,0.0,0.0
88,97,0,1,0.0,1.25,1.25
88,98,0,0,0.0,0.0,0.0
88,99,2,0,2.5,0.0,-2.5
88,100,0,0,0.0,0.0,0.0
88,101,0,0,0.0,0.0,0.0
88,102,0,0,0.0,0.0,0.0
88,103,0,1,0.0,1.25,1.25
88,104,2,0,2.5,0.0,-2.5
88,105,0,1,0.0,1.25,1.25
88,106,0,0,0.0,0.0,0.0
88,107,2,0,2.5,0.0,-2.5
88,108,0,0,0.0,0.0,0.0
88,109,2,1,2.5,1.25,-1.25
88,110,0,0,0.0,0.0,0.0
88,111,1,0,1.25,0.0,-1.25
88,112,2,1,2.5,1.25,-1.25
88,113,4,0,5.0,0.0,-5.0
88,114,0,0,0.0,0.0,0.0
88,115,1,0,1.25,0.0,-1.25
88,116,1,0,1.25,0.0,-1.25
88,117,2,0,2.5,0.0,-2.5
88,118,0,0,0.0,0.0,0.0
88,119,0,1,0.0,1.25,1.25
88,120,3,1,3.75,1.25,-2.5
88,121,4,1,5.0,1.25,-3.75
88,122,0,0,0.0,0.0,0.0
88,123,0,0,0.0,0.0,0.0
88,124,0,1,0.0,1.25,1.25
88,125,2,0,2.5,0.0,-2.5
88,126,1,0,1.25,0.0,-1.25
88,127,3,0,3.75,0.0,-3.75
88,128,0,0,0.0,0.0,0.0
88,129,1,0,1.25,0.0,-1.25
88,130,7,0,8.75,0.0,-8.75
88,131,0,0,0.0,0.0,0.0
88,132,0,0,0.0,0.0,0.0
88,133,1,3,1.25,3.75,2.5
88,134,1,0,1.25,0.0,-1.25
89,0,0,1,0.0,1.25,1.25
89,1,0,0,0.0,0.0,0.0
89,2,0,0,0.0,0.0,0.0
89,3,0,0,0.0,0.0,0.0
89,4,1,0,1.25,0.0,-1.25
89,5,0,0,0.0,0.0,0.0
89,6,1,0,1.25,0.0,-1.25
89,7,0,0,0.0,0.0,0.0
89,8,1,0,1.25,0.0,-1.25
89,9,0,1,0.0,1.25,1.25
89,10,1,0,1.25,0.0,-1.25
89,11,1,1,1.25,1.25,0.0
89,12,2,2,2.5,2.5,0.0
89,13,0,0,0.0,0.0,0.0
89,14,3,0,3.75,0.0,-3.75
89,15,0,3,0.0,3.75,3.75
89,16,1,0,1.25,0.0,-1.25
89,17,0,1,0.0,1.25,1.25
89,18,9,0,11.25,0.0,-11.25
89,19,5,0,6.25,0.0,-6.25
89,20,1,1,1.25,1.25,0.0
89,21,1,2,1.25,2.5,1.25
89,22,2,0,2.5,0.0,-2.5
89,23,7,1,8.75,1.25,-7.5
89,24,2,4,2.5,5.0,2.5
89,25,3,0,3.75,0.0,-3.75
89,26,8,0,10.0,0.0,-10.0
89,27,0,3,0.0,3.75,3.75
89,28,2,0,2.5,0.0,-2.5
89,29,8,1,10.0,1.25,-8.75
89,30,1,1,1.25,1.25,0.0
89,31,6,2,7.5,2.5,-5.0
89,32,0,0,0.0,0.0,0.0
89,33,1,2,1.25,2.5,1.25
89,34,11,1,13.75,1.25,-12.5
89,35,2,3,2.5,3.75,1.25
89,36,5,5,6.25,6.25,0.0
89,37,2,0,2.5,0.0,-2.5
89,38,1,4,1.25,5.0,3.75
89,39,2,0,2.5,0.0,-2.5
89,40,4,5,5.0,6.25,1.25
89,41,3,0,3.75,0.0,-3.75
89,42,4,1,5.0,1.25,-3.75
89,43,4,0,5.0,0.0,-5.0
89,44,3,5,3.75,6.25,2.5
89,45,4,0,5.0,0.0,-5.0
89,46,5,1,6.25,1.25,-5.0
89,47,4,2,5.0,2.5,-2.5
89,48,6,0,7.5,0.0,-7.5
89,49,4,0,5.0,0.0,-5.0
89,50,1,0,1.25,0.0,-1.25
89,51,3,0,3.75,0.0,-3.75
89,52,2,1,2.5,1.25,-1.25
89,53,1,0,1.25,0.0,-1.25
89,54,1,0,1.25,0.0,-1.25
89,55,2,3,2.5,3.75,1.25
89,56,5,7,6.25,8.75,2.5
89,57,6,2,7.5,2.5,-5.0
89,58,8,3,10.0,3.75,-6.25
89,59,4,0,5.0,0.0,-5.0
89,60,2,2,2.5,2.5,0.0
89,61,2,1,2.5,1.25,-1.25
89,62,5,3,6.25,3.75,-2.5
89,63,1,0,1.25,0.0,-1.25
89,64,1,1,1.25,1.25,0.0
89,65,3,2,3.75,2.5,-1.25
89,66,10,1,12.5,1.25,-11.25
89,67,0,0,0.0,0.0,0.0
89,68,1,2,1.25,2.5,1.25
89,69,1,0,1.25,0.0,-1.25
89,70,6,5,7.5,6.25,-1.25
89,71,3,3,3.75,3.75,0.0
89,72,3,2,3.75,2.5,-1.25
89,73,3,2,3.75,2.5,-1.25
89,74,5,0,6.25,0.0,-6.25
89,75,3,1,3.75,1.25,-2.5
89,76,1,0,1.25,0.0,-1.25
89,77,2,5,2.5,6.25,3.75
89,78,5,0,6.25,0.0,-6.25
89,79,8,7,10.0,8.75,-1.25
89,80,4,1,5.0,1.25,-3.75
89,81,3,2,3.75,2.5,-1.25
89,82,0,1,0.0,1.25,1.25
89,83,13,2,16.25,2.5,-13.75
89,84,2,0,2.5,0.0,-2.5
89,85,5,2,6.25,2.5,-3.75
89,86,1,1,1.25,1.25,0.0
89,87,4,4,5.0,5.0,0.0
89,88,6,0,7.5,0.0,-7.5
89,89,5,3,6.25,3.75,-2.5
89,90,5,3,6.25,3.75,-2.5
89,91,2,0,2.5,0.0,-2.5
89,92,1,2,1.25,2.5,1.25
89,93,4,2,5.0,2.5,-2.5
89,94,1,0,1.25,0.0,-1.25
89,95,1,4,1.25,5.0,3.75
89,96,2,0,2.5,0.0,-2.5
89,97,1,3,1.25,3.75,2.5
89,98,7,7,8.75,8.75,0.0
89,99,4,1,5.0,1.25,-3.75
89,100,2,0,2.5,0.0,-2.5
89,101,4,6,5.0,7.5,2.5
89,102,8,1,10.0,1.25,-8.75
89,103,4,1,5.0,1.25,-3.75
89,104,5,1,6.25,1.25,-5.0
89,105,4,4,5.0,5.0,0.0
89,106,2,0,2.5,0.0,-2.5
89,107,5,1,6.25,1.25,-5.0
89,108,1,5,1.25,6.25,5.0
89,109,7,0,8.75,0.0,-8.75
89,110,2,0,2.5,0.0,-2.5
89,111,2,12,2.5,15.0,12.5
89,112,2,0,2.5,0.0,-2.5
89,113,2,0,2.5,0.0,-2.5
89,114,3,0,3.75,0.0,-3.75
89,115,13,1,16.25,1.25,-15.0
89,116,5,2,6.25,2.5,-3.75
89,117,1,0,1.25,0.0,-1.25
89,118,2,4,2.5,5.0,2.5
89,119,2,5,2.5,6.25,3.75
89,120,1,1,1.25,1.25,0.0
89,121,6,1,7.5,1.25,-6.25
89,122,3,1,3.75,1.25,-2.5
89,123,6,7,7.5,8.75,1.25
89,124,2,1,2.5,1.25,-1.25
89,125,2,1,2.5,1.25,-1.25
89,126,1,2,1.25,2.5,1.25
89,127,4,4,5.0,5.0,0.0
89,128,3,1,3.75,1.25,-2.5
89,129,5,3,6.25,3.75,-2.5
89,130,5,0,6.25,0.0,-6.25
89,131,5,6,6.25,7.5,1.25
89,132,1,1,1.25,1.25,0.0
89,133,1,3,1.25,3.75,2.5
89,134,5,2,6.25,2.5,-3.75
90,0,3,3,3.75,3.75,0.0
90,1,21,12,26.25,15.0,-11.25
90,2,16,2,20.0,2.5,-17.5
90,3,10,16,12.5,20.0,7.5
90,4,20,9,25.0,11.25,-13.75
90,5,9,20,11.25,25.0,13.75
90,6,3,13,3.75,16.25,12.5
90,7,5,13,6.25,16.25,10.0
90,8,21,5,26.25,6.25,-20.0
90,9,24,12,30.0,15.0,-15.0
90,10,17,10,21.25,12.5,-8.75
90,11,24,14,30.0,17.5,-12.5
90,12,14,15,17.5,18.75,1.25
90,13,9,1,11.25,1.25,-10.0
90,14,16,11,20.0,13.75,-6.25
90,15,5,12,6.25,15.0,8.75
90,16,10,4,12.5,5.0,-7.5
90,17,9,4,11.25,5.0,-6.25
90,18,22,4,27.5,5.0,-22.5
90,19,15,3,18.75,3.75,-15.0
90,20,22,6,27.5,7.5,-20.0
90,21,7,8,8.75,10.0,1.25
90,22,5,0,6.25,0.0,-6.25
90,23,22,3,27.5,3.75,-23.75
90,24,11,12,13.75,15.0,1.25
90,25,11,4,13.75,5.0,-8.75
90,26,18,2,22.5,2.5,-20.0
90,27,15,3,18.75,3.75,-15.0
90,28,6,0,7.5,0.0,-7.5
90,29,26,5,32.5,6.25,-26.25
90,30,5,2,6.25,2.5,-3.75
90,31,6,6,7.5,7.5,0.0
90,32,3,3,3.75,3.75,0.0
90,33,7,4,8.75,5.0,-3.75
90,34,19,0,23.75,0.0,-23.75
90,35,10,3,12.5,3.75,-8.75
90,36,11,6,13.75,7.5,-6.25
90,37,12,0,15.0,0.0,-15.0
90,38,1,7,1.25,8.75,7.5
90,39,12,4,15.0,5.0,-10.0
90,40,12,5,15.0,6.25,-8.75
90,41,6,6,7.5,7.5,0.0
90,42,11,8,13.75,10.0,-3.75
90,43,24,10,30.0,12.5,-17.5
90,44,8,9,10.0,11.25,1.25
90,45,9,3,11.25,3.75,-7.5
90,46,7,3,8.75,3.75,-5.0
90,47,13,3,16.25,3.75,-12.5
90,48,23,4,28.75,5.0,-23.75
90,49,5,1,6.25,1.25,-5.0
90,50,2,5,2.5,6.25,3.75
90,51,9,3,11.25,3.75,-7.5
90,52,6,3,7.5,3.75,-3.75
90,53,12,7,15.0,8.75,-6.25
90,54,7,1,8.75,1.25,-7.5
90,55,6,3,7.5,3.75,-3.75
90,56,7,8,8.75,10.0,1.25
90,57,8,1,10.0,1.25,-8.75
90,58,12,3,15.0,3.75,-11.25
90,59,12,1,15.0,1.25,-13.75
90,60,8,4,10.0,5.0,-5.0
90,61,10,4,12.5,5.0,-7.5
90,62,20,8,25.0,10.0,-15.0
90,63,12,3,15.0,3.75,-11.25
90,64,15,3,18.75,3.75,-15.0
90,65,15,11,18.75,13.75,-5.0
90,66,11,7,13.75,8.75,-5.0
90,67,0,0,0.0,0.0,0.0
90,68,4,4,5.0,5.0,0.0
90,69,10,0,12.5,0.0,-12.5
90,70,19,4,23.75,5.0,-18.75
90,71,8,2,10.0,2.5,-7.5
90,72,7,8,8.75,10.0,1.25
90,73,11,7,13.75,8.75,-5.0
90,74,7,16,8.75,20.0,11.25
90,75,6,1,7.5,1.25,-6.25
90,76,9,5,11.25,6.25,-5.0
90,77,13,4,16.25,5.0,-11.25
90,78,7,4,8.75,5.0,-3.75
90,79,16,21,20.0,26.25,6.25
90,80,2,0,2.5,0.0,-2.5
90,81,12,7,15.0,8.75,-6.25
90,82,11,2,13.75,2.5,-11.25
90,83,11,6,13.75,7.5,-6.25
90,84,9,0,11.25,0.0,-11.25
90,85,4,0,5.0,0.0,-5.0
90,86,9,3,11.25,3.75,-7.5
90,87,11,9,13.75,11.25,-2.5
90,88,10,4,12.5,5.0,-7.5
90,89,17,8,21.25,10.0,-11.25
90,90,25,5,31.25,6.25,-25.0
90,91,4,3,5.0,3.75,-1.25
90,92,8,3,10.0,3.75,-6.25
90,93,19,2,23.75,2.5,-21.25
90,94,5,0,6.25,0.0,-6.25
90,95,6,6,7.5,7.5,0.0
90,96,2,0,2.5,0.0,-2.5
90,97,4,7,5.0,8.75,3.75
90,98,5,8,6.25,10.0,3.75
90,99,4,1,5.0,1.25,-3.75
90,100,5,3,6.25,3.75,-2.5
90,101,14,7,17.5,8.75,-8.75
90,102,10,4,12.5,5.0,-7.5
90,103,16,4,20.0,5.0,-15.0
90,104,5,3,6.25,3.75,-2.5
90,105,4,0,5.0,0.0,-5.0
90,106,2,0,2.5,0.0,-2.5
90,107,7,11,8.75,13.75,5.0
90,108,2,11,2.5,13.75,11.25
90,109,8,1,10.0,1.25,-8.75
90,110,4,0,5.0,0.0,-5.0
90,111,9,17,11.25,21.25,10.0
90,112,1,4,1.25,5.0,3.75
90,113,8,1,10.0,1.25,-8.75
90,114,2,2,2.5,2.5,0.0
90,115,3,5,3.75,6.25,2.5
90,116,3,2,3.75,2.5,-1.25
90,117,2,3,2.5,3.75,1.25
90,118,6,1,7.5,1.25,-6.25
90,119,8,8,10.0,10.0,0.0
90,120,3,0,3.75,0.0,-3.75
90,121,9,0,11.25,0.0,-11.25
90,122,9,9,11.25,11.25,0.0
90,123,3,5,3.75,6.25,2.5
90,124,0,0,0.0,0.0,0.0
90,125,5,2,6.25,2.5,-3.75
90,126,0,1,0.0,1.25,1.25
90,127,2,6,2.5,7.5,5.0
90,128,2,0,2.5,0.0,-2.5
90,129,3,1,3.75,1.25,-2.5
90,130,3,1,3.75,1.25,-2.5
90,131,4,9,5.0,11.25,6.25
90,132,7,3,8.75,3.75,-5.0
90,133,4,11,5.0,13.75,8.75
90,134,3,6,3.75,7.5,3.75
91,0,3,1,3.75,1.25,-2.5
91,1,1,2,1.25,2.5,1.25
91,2,6,2,7.5,2.5,-5.0
91,3,0,3,0.0,3.75,3.75
91,4,4,1,5.0,1.25,-3.75
91,5,1,3,1.25,3.75,2.5
91,6,1,1,1.25,1.25,0.0
91,7,6,1,7.5,1.25,-6.25
91,8,6,3,7.5,3.75,-3.75
91,9,3,4,3.75,5.0,1.25
91,10,4,1,5.0,1.25,-3.75
91,11,2,1,2.5,1.25,-1.25
91,12,1,1,1.25,1.25,0.0
91,13,1,7,1.25,8.75,7.5
91,14,1,2,1.25,2.5,1.25
91,15,1,0,1.25,0.0,-1.25
91,16,2,1,2.5,1.25,-1.25
91,17,4,1,5.0,1.25,-3.75
91,18,3,3,3.75,3.75,0.0
91,19,1,0,1.25,0.0,-1.25
91,20,3,1,3.75,1.25,-2.5
91,21,1,2,1.25,2.5,1.25
91,22,1,0,1.25,0.0,-1.25
91,23,4,0,5.0,0.0,-5.0
91,24,1,2,1.25,2.5,1.25
91,25,2,0,2.5,0.0,-2.5
91,26,5,1,6.25,1.25,-5.0
91,27,1,1,1.25,1.25,0.0
91,28,0,0,0.0,0.0,0.0
91,29,0,1,0.0,1.25,1.25
91,30,4,3,5.0,3.75,-1.25
91,31,2,1,2.5,1.25,-1.25
91,32,1,4,1.25,5.0,3.75
91,33,1,2,1.25,2.5,1.25
91,34,2,0,2.5,0.0,-2.5
91,35,0,1,0.0,1.25,1.25
91,36,2,1,2.5,1.25,-1.25
91,37,0,3,0.0,3.75,3.75
91,38,1,1,1.25,1.25,0.0
91,39,7,1,8.75,1.25,-7.5
91,40,2,1,2.5,1.25,-1.25
91,41,4,1,5.0,1.25,-3.75
91,42,0,1,0.0,1.25,1.25
91,43,5,1,6.25,1.25,-5.0
91,44,0,1,0.0,1.25,1.25
91,45,4,0,5.0,0.0,-5.0
91,46,1,0,1.25,0.0,-1.25
91,47,2,1,2.5,1.25,-1.25
91,48,0,2,0.0,2.5,2.5
91,49,1,1,1.25,1.25,0.0
91,50,1,1,1.25,1.25,0.0
91,51,3,1,3.75,1.25,-2.5
91,52,3,6,3.75,7.5,3.75
91,53,1,2,1.25,2.5,1.25
91,54,1,1,1.25,1.25,0.0
91,55,2,4,2.5,5.0,2.5
91,56,1,1,1.25,1.25,0.0
91,57,3,0,3.75,0.0,-3.75
91,58,3,1,3.75,1.25,-2.5
91,59,3,0,3.75,0.0,-3.75
91,60,2,0,2.5,0.0,-2.5
91,61,0,3,0.0,3.75,3.75
91,62,3,1,3.75,1.25,-2.5
91,63,0,0,0.0,0.0,0.0
91,64,2,0,2.5,0.0,-2.5
91,65,0,1,0.0,1.25,1.25
91,66,0,0,0.0,0.0,0.0
91,67,1,0,1.25,0.0,-1.25
91,68,4,0,5.0,0.0,-5.0
91,69,3,0,3.75,0.0,-3.75
91,70,3,1,3.75,1.25,-2.5
91,71,6,4,7.5,5.0,-2.5
91,72,1,0,1.25,0.0,-1.25
91,73,5,0,6.25,0.0,-6.25
91,74,2,2,2.5,2.5,0.0
91,75,2,0,2.5,0.0,-2.5
91,76,2,0,2.5,0.0,-2.5
91,77,3,2,3.75,2.5,-1.25
91,78,1,2,1.25,2.5,1.25
91,79,2,0,2.5,0.0,-2.5
91,80,1,2,1.25,2.5,1.25
91,81,1,0,1.25,0.0,-1.25
91,82,3,1,3.75,1.25,-2.5
91,83,1,4,1.25,5.0,3.75
91,84,4,1,5.0,1.25,-3.75
91,85,1,1,1.25,1.25,0.0
91,86,0,2,0.0,2.5,2.5
91,87,0,1,0.0,1.25,1.25
91,88,1,0,1.25,0.0,-1.25
91,89,3,5,3.75,6.25,2.5
91,90,1,1,1.25,1.25,0.0
91,91,2,0,2.5,0.0,-2.5
91,92,2,1,2.5,1.25,-1.25
91,93,0,2,0.0,2.5,2.5
91,94,0,1,0.0,1.25,1.25
91,95,1,1,1.25,1.25,0.0
91,96,1,2,1.25,2.5,1.25
91,97,2,2,2.5,2.5,0.0
91,98,0,1,0.0,1.25,1.25
91,99,2,4,2.5,5.0,2.5
91,100,3,0,3.75,0.0,-3.75
91,101,1,1,1.25,1.25,0.0
91,102,2,0,2.5,0.0,-2.5
91,103,4,1,5.0,1.25,-3.75
91,104,0,0,0.0,0.0,0.0
91,105,2,3,2.5,3.75,1.25
91,106,0,2,0.0,2.5,2.5
91,107,1,7,1.25,8.75,7.5
91,108,3,2,3.75,2.5,-1.25
91,109,0,2,0.0,2.5,2.5
91,110,0,3,0.0,3.75,3.75
91,111,2,2,2.5,2.5,0.0
91,112,0,1,0.0,1.25,1.25
91,113,4,2,5.0,2.5,-2.5
91,114,0,4,0.0,5.0,5.0
91,115,2,2,2.5,2.5,0.0
91,116,0,1,0.0,1.25,1.25
91,117,3,0,3.75,0.0,-3.75
91,118,0,1,0.0,1.25,1.25
91,119,0,4,0.0,5.0,5.0
91,120,4,2,5.0,2.5,-2.5
91,121,4,0,5.0,0.0,-5.0
91,122,1,0,1.25,0.0,-1.25
91,123,6,2,7.5,2.5,-5.0
91,124,1,3,1.25,3.75,2.5
91,125,3,2,3.75,2.5,-1.25
91,126,1,4,1.25,5.0,3.75
91,127,1,0,1.25,0.0,-1.25
91,128,1,1,1.25,1.25,0.0
91,129,3,3,3.75,3.75,0.0
91,130,0,3,0.0,3.75,3.75
91,131,4,0,5.0,0.0,-5.0
91,132,0,2,0.0,2.5,2.5
91,133,0,1,0.0,1.25,1.25
91,134,3,0,3.75,0.0,-3.75
92,0,3,0,3.75,0.0,-3.75
92,1,5,5,6.25,6.25,0.0
92,2,13,2,16.25,2.5,-13.75
92,3,5,1,6.25,1.25,-5.0
92,4,4,2,5.0,2.5,-2.5
92,5,5,16,6.25,20.0,13.75
92,6,13,7,16.25,8.75,-7.5
92,7,5,4,6.25,5.0,-1.25
92,8,1,0,1.25,0.0,-1.25
92,9,3,0,3.75,0.0,-3.75
92,10,0,0,0.0,0.0,0.0
92,11,8,3,10.0,3.75,-6.25
92,12,7,0,8.75,0.0,-8.75
92,13,2,5,2.5,6.25,3.75
92,14,2,1,2.5,1.25,-1.25
92,15,10,3,12.5,3.75,-8.75
92,16,13,6,16.25,7.5,-8.75
92,17,3,0,3.75,0.0,-3.75
92,18,0,0,0.0,0.0,0.0
92,19,9,3,11.25,3.75,-7.5
92,20,8,0,10.0,0.0,-10.0
92,21,5,0,6.25,0.0,-6.25
92,22,5,0,6.25,0.0,-6.25
92,23,7,0,8.75,0.0,-8.75
92,24,0,0,0.0,0.0,0.0
92,25,1,0,1.25,0.0,-1.25
92,26,7,2,8.75,2.5,-6.25
92,27,6,8,7.5,10.0,2.5
92,28,1,0,1.25,0.0,-1.25
92,29,2,0,2.5,0.0,-2.5
92,30,9,1,11.25,1.25,-10.0
92,31,3,2,3.75,2.5,-1.25
92,32,3,0,3.75,0.0,-3.75
92,33,0,1,0.0,1.25,1.25
92,34,16,0,20.0,0.0,-20.0
92,35,3,4,3.75,5.0,1.25
92,36,6,0,7.5,0.0,-7.5
92,37,3,0,3.75,0.0,-3.75
92,38,1,2,1.25,2.5,1.25
92,39,11,8,13.75,10.0,-3.75
92,40,2,0,2.5,0.0,-2.5
92,41,15,12,18.75,15.0,-3.75
92,42,0,0,0.0,0.0,0.0
92,43,15,12,18.75,15.0,-3.75
92,44,1,0,1.25,0.0,-1.25
92,45,11,0,13.75,0.0,-13.75
92,46,0,0,0.0,0.0,0.0
92,47,0,1,0.0,1.25,1.25
92,48,4,6,5.0,7.5,2.5
92,49,6,2,7.5,2.5,-5.0
92,50,0,0,0.0,0.0,0.0
92,51,0,0,0.0,0.0,0.0
92,52,4,0,5.0,0.0,-5.0
92,53,0,0,0.0,0.0,0.0
92,54,1,0,1.25,0.0,-1.25
92,55,1,4,1.25,5.0,3.75
92,56,5,3,6.25,3.75,-2.5
92,57,0,1,0.0,1.25,1.25
92,58,8,3,10.0,3.75,-6.25
92,59,2,0,2.5,0.0,-2.5
92,60,6,0,7.5,0.0,-7.5
92,61,4,0,5.0,0.0,-5.0
92,62,0,0,0.0,0.0,0.0
92,63,2,1,2.5,1.25,-1.25
92,64,0,2,0.0,2.5,2.5
92,65,3,3,3.75,3.75,0.0
92,66,1,0,1.25,0.0,-1.25
92,67,1,0,1.25,0.0,-1.25
92,68,0,1,0.0,1.25,1.25
92,69,1,1,1.25,1.25,0.0
92,70,16,16,20.0,20.0,0.0
92,71,8,2,10.0,2.5,-7.5
92,72,0,3,0.0,3.75,3.75
92,73,1,0,1.25,0.0,-1.25
92,74,2,2,2.5,2.5,0.0
92,75,1,0,1.25,0.0,-1.25
92,76,1,0,1.25,0.0,-1.25
92,77,9,5,11.25,6.25,-5.0
92,78,1,0,1.25,0.0,-1.25
92,79,2,0,2.5,0.0,-2.5
92,80,1,0,1.25,0.0,-1.25
92,81,0,0,0.0,0.0,0.0
92,82,0,1,0.0,1.25,1.25
92,83,1,6,1.25,7.5,6.25
92,84,3,1,3.75,1.25,-2.5
92,85,10,1,12.5,1.25,-11.25
92,86,9,1,11.25,1.25,-10.0
92,87,0,0,0.0,0.0,0.0
92,88,1,6,1.25,7.5,6.25
92,89,2,9,2.5,11.25,8.75
92,90,22,15,27.5,18.75,-8.75
92,91,4,7,5.0,8.75,3.75
92,92,0,2,0.0,2.5,2.5
92,93,0,4,0.0,5.0,5.0
92,94,0,2,0.0,2.5,2.5
92,95,2,4,2.5,5.0,2.5
92,96,0,0,0.0,0.0,0.0
92,97,2,6,2.5,7.5,5.0
92,98,8,1,10.0,1.25,-8.75
92,99,0,3,0.0,3.75,3.75
92,100,5,0,6.25,0.0,-6.25
92,101,1,2,1.25,2.5,1.25
92,102,7,0,8.75,0.0,-8.75
92,103,0,0,0.0,0.0,0.0
92,104,3,0,3.75,0.0,-3.75
92,105,13,13,16.25,16.25,0.0
92,106,3,0,3.75,0.0,-3.75
92,107,4,13,5.0,16.25,11.25
92,108,7,11,8.75,13.75,5.0
92,109,0,0,0.0,0.0,0.0
92,110,1,0,1.25,0.0,-1.25
92,111,5,9,6.25,11.25,5.0
92,112,0,0,0.0,0.0,0.0
92,113,4,0,5.0,0.0,-5.0
92,114,1,5,1.25,6.25,5.0
92,115,0,0,0.0,0.0,0.0
92,116,3,2,3.75,2.5,-1.25
92,117,0,0,0.0,0.0,0.0
92,118,1,0,1.25,0.0,-1.25
92,119,8,6,10.0,7.5,-2.5
92,120,5,0,6.25,0.0,-6.25
92,121,4,2,5.0,2.5,-2.5
92,122,3,0,3.75,0.0,-3.75
92,123,6,3,7.5,3.75,-3.75
92,124,0,0,0.0,0.0,0.0
92,125,5,0,6.25,0.0,-6.25
92,126,0,7,0.0,8.75,8.75
92,127,0,8,0.0,10.0,10.0
92,128,1,0,1.25,0.0,-1.25
92,129,5,1,6.25,1.25,-5.0
92,130,2,0,2.5,0.0,-2.5
92,131,3,0,3.75,0.0,-3.75
92,132,2,0,2.5,0.0,-2.5
92,133,2,0,2.5,0.0,-2.5
92,134,2,3,2.5,3.75,1.25
93,0,0,0,0.0,0.0,0.0
93,1,0,0,0.0,0.0,0.0
93,2,0,0,0.0,0.0,0.0
93,3,1,0,1.25,0.0,-1.25
93,4,1,0,1.25,0.0,-1.25
93,5,1,1,1.25,1.25,0.0
93,6,1,0,1.25,0.0,-1.25
93,7,1,0,1.25,0.0,-1.25
93,8,0,0,0.0,0.0,0.0
93,9,2,0,2.5,0.0,-2.5
93,10,0,3,0.0,3.75,3.75
93,11,0,0,0.0,0.0,0.0
93,12,0,0,0.0,0.0,0.0
93,13,0,1,0.0,1.25,1.25
93,14,2,0,2.5,0.0,-2.5
93,15,0,0,0.0,0.0,0.0
93,16,1,1,1.25,1.25,0.0
93,17,1,0,1.25,0.0,-1.25
93,18,0,0,0.0,0.0,0.0
93,19,4,0,5.0,0.0,-5.0
93,20,0,0,0.0,0.0,0.0
93,21,0,0,0.0,0.0,0.0
93,22,0,0,0.0,0.0,0.0
93,23,1,0,1.25,0.0,-1.25
93,24,0,0,0.0,0.0,0.0
93,25,0,0,0.0,0.0,0.0
93,26,2,0,2.5,0.0,-2.5
93,27,3,2,3.75,2.5,-1.25
93,28,1,0,1.25,0.0,-1.25
93,29,0,0,0.0,0.0,0.0
93,30,3,0,3.75,0.0,-3.75
93,31,0,0,0.0,0.0,0.0
93,32,0,0,0.0,0.0,0.0
93,33,0,1,0.0,1.25,1.25
93,34,1,0,1.25,0.0,-1.25
93,35,0,1,0.0,1.25,1.25
93,36,1,0,1.25,0.0,-1.25
93,37,0,0,0.0,0.0,0.0
93,38,0,0,0.0,0.0,0.0
93,39,0,0,0.0,0.0,0.0
93,40,0,0,0.0,0.0,0.0
93,41,2,0,2.5,0.0,-2.5
93,42,0,0,0.0,0.0,0.0
93,43,4,0,5.0,0.0,-5.0
93,44,0,0,0.0,0.0,0.0
93,45,0,0,0.0,0.0,0.0
93,46,0,0,0.0,0.0,0.0
93,47,0,0,0.0,0.0,0.0
93,48,2,1,2.5,1.25,-1.25
93,49,0,0,0.0,0.0,0.0
93,50,0,2,0.0,2.5,2.5
93,51,0,0,0.0,0.0,0.0
93,52,0,1,0.0,1.25,1.25
93,53,0,0,0.0,0.0,0.0
93,54,0,2,0.0,2.5,2.5
93,55,0,0,0.0,0.0,0.0
93,56,3,0,3.75,0.0,-3.75
93,57,1,0,1.25,0.0,-1.25
93,58,0,0,0.0,0.0,0.0
93,59,1,0,1.25,0.0,-1.25
93,60,2,1,2.5,1.25,-1.25
93,61,0,0,0.0,0.0,0.0
93,62,0,0,0.0,0.0,0.0
93,63,0,0,0.0,0.0,0.0
93,64,0,1,0.0,1.25,1.25
93,65,4,0,5.0,0.0,-5.0
93,66,0,2,0.0,2.5,2.5
93,67,1,0,1.25,0.0,-1.25
93,68,0,1,0.0,1.25,1.25
93,69,0,0,0.0,0.0,0.0
93,70,0,0,0.0,0.0,0.0
93,71,0,0,0.0,0.0,0.0
93,72,1,0,1.25,0.0,-1.25
93,73,0,0,0.0,0.0,0.0
93,74,0,1,0.0,1.25,1.25
93,75,1,0,1.25,0.0,-1.25
93,76,1,0,1.25,0.0,-1.25
93,77,2,2,2.5,2.5,0.0
93,78,1,0,1.25,0.0,-1.25
93,79,0,2,0.0,2.5,2.5
93,80,2,0,2.5,0.0,-2.5
93,81,0,0,0.0,0.0,0.0
93,82,1,0,1.25,0.0,-1.25
93,83,1,0,1.25,0.0,-1.25
93,84,2,0,2.5,0.0,-2.5
93,85,0,0,0.0,0.0,0.0
93,86,0,1,0.0,1.25,1.25
93,87,1,0,1.25,0.0,-1.25
93,88,0,0,0.0,0.0,0.0
93,89,2,0,2.5,0.0,-2.5
93,90,0,2,0.0,2.5,2.5
93,91,1,0,1.25,0.0,-1.25
93,92,0,1,0.0,1.25,1.25
93,93,0,0,0.0,0.0,0.0
93,94,0,0,0.0,0.0,0.0
93,95,0,0,0.0,0.0,0.0
93,96,0,0,0.0,0.0,0.0
93,97,0,0,0.0,0.0,0.0
93,98,1,0,1.25,0.0,-1.25
93,99,0,0,0.0,0.0,0.0
93,100,1,0,1.25,0.0,-1.25
93,101,0,0,0.0,0.0,0.0
93,102,0,0,0.0,0.0,0.0
93,103,0,0,0.0,0.0,0.0
93,104,0,0,0.0,0.0,0.0
93,105,1,0,1.25,0.0,-1.25
93,106,0,0,0.0,0.0,0.0
93,107,1,1,1.25,1.25,0.0
93,108,0,4,0.0,5.0,5.0
93,109,0,0,0.0,0.0,0.0
93,110,0,0,0.0,0.0,0.0
93,111,1,1,1.25,1.25,0.0
93,112,0,0,0.0,0.0,0.0
93,113,0,0,0.0,0.0,0.0
93,114,0,1,0.0,1.25,1.25
93,115,0,0,0.0,0.0,0.0
93,116,0,1,0.0,1.25,1.25
93,117,0,0,0.0,0.0,0.0
93,118,0,0,0.0,0.0,0.0
93,119,0,0,0.0,0.0,0.0
93,120,0,0,0.0,0.0,0.0
93,121,0,0,0.0,0.0,0.0
93,122,0,0,0.0,0.0,0.0
93,123,1,0,1.25,0.0,-1.25
93,124,0,0,0.0,0.0,0.0
93,125,1,0,1.25,0.0,-1.25
93,126,0,0,0.0,0.0,0.0
93,127,1,0,1.25,0.0,-1.25
93,128,0,0,0.0,0.0,0.0
93,129,1,0,1.25,0.0,-1.25
93,130,0,1,0.0,1.25,1.25
93,131,0,0,0.0,0.0,0.0
93,132,0,0,0.0,0.0,0.0
93,133,0,0,0.0,0.0,0.0
93,134,0,0,0.0,0.0,0.0
94,0,0,0,0.0,0.0,0.0
94,1,0,3,0.0,3.75,3.75
94,2,1,1,1.25,1.25,0.0
94,3,1,0,1.25,0.0,-1.25
94,4,0,2,0.0,2.5,2.5
94,5,0,0,0.0,0.0,0.0
94,6,1,0,1.25,0.0,-1.25
94,7,0,0,0.0,0.0,0.0
94,8,0,0,0.0,0.0,0.0
94,9,0,0,0.0,0.0,0.0
94,10,0,0,0.0,0.0,0.0
94,11,0,1,0.0,1.25,1.25
94,12,0,0,0.0,0.0,0.0
94,13,0,0,0.0,0.0,0.0
94,14,0,0,0.0,0.0,0.0
94,15,3,0,3.75,0.0,-3.75
94,16,1,0,1.25,0.0,-1.25
94,17,0,0,0.0,0.0,0.0
94,18,0,0,0.0,0.0,0.0
94,19,0,0,0.0,0.0,0.0
94,20,0,0,0.0,0.0,0.0
94,21,0,0,0.0,0.0,0.0
94,22,0,0,0.0,0.0,0.0
94,23,2,0,2.5,0.0,-2.5
94,24,0,0,0.0,0.0,0.0
94,25,0,0,0.0,0.0,0.0
94,26,0,0,0.0,0.0,0.0
94,27,0,2,0.0,2.5,2.5
94,28,0,0,0.0,0.0,0.0
94,29,0,0,0.0,0.0,0.0
94,30,0,0,0.0,0.0,0.0
94,31,0,0,0.0,0.0,0.0
94,32,0,0,0.0,0.0,0.0
94,33,0,0,0.0,0.0,0.0
94,34,0,0,0.0,0.0,0.0
94,35,0,1,0.0,1.25,1.25
94,36,0,0,0.0,0.0,0.0
94,37,0,0,0.0,0.0,0.0
94,38,0,0,0.0,0.0,0.0
94,39,0,1,0.0,1.25,1.25
94,40,0,0,0.0,0.0,0.0
94,41,0,0,0.0,0.0,0.0
94,42,0,0,0.0,0.0,0.0
94,43,3,0,3.75,0.0,-3.75
94,44,0,0,0.0,0.0,0.0
94,45,1,0,1.25,0.0,-1.25
94,46,0,0,0.0,0.0,0.0
94,47,0,0,0.0,0.0,0.0
94,48,0,1,0.0,1.25,1.25
94,49,0,0,0.0,0.0,0.0
94,50,0,0,0.0,0.0,0.0
94,51,0,0,0.0,0.0,0.0
94,52,0,0,0.0,0.0,0.0
94,53,0,0,0.0,0.0,0.0
94,54,0,0,0.0,0.0,0.0
94,55,0,0,0.0,0.0,0.0
94,56,0,0,0.0,0.0,0.0
94,57,0,1,0.0,1.25,1.25
94,58,1,1,1.25,1.25,0.0
94,59,1,0,1.25,0.0,-1.25
94,60,0,0,0.0,0.0,0.0
94,61,1,1,1.25,1.25,0.0
94,62,1,0,1.25,0.0,-1.25
94,63,2,0,2.5,0.0,-2.5
94,64,0,0,0.0,0.0,0.0
94,65,0,0,0.0,0.0,0.0
94,66,1,3,1.25,3.75,2.5
94,67,0,0,0.0,0.0,0.0
94,68,1,0,1.25,0.0,-1.25
94,69,0,0,0.0,0.0,0.0
94,70,1,0,1.25,0.0,-1.25
94,71,0,0,0.0,0.0,0.0
94,72,0,0,0.0,0.0,0.0
94,73,0,1,0.0,1.25,1.25
94,74,0,0,0.0,0.0,0.0
94,75,0,0,0.0,0.0,0.0
94,76,0,0,0.0,0.0,0.0
94,77,0,1,0.0,1.25,1.25
94,78,0,0,0.0,0.0,0.0
94,79,1,2,1.25,2.5,1.25
94,80,3,0,3.75,0.0,-3.75
94,81,0,0,0.0,0.0,0.0
94,82,0,0,0.0,0.0,0.0
94,83,0,0,0.0,0.0,0.0
94,84,0,0,0.0,0.0,0.0
94,85,0,1,0.0,1.25,1.25
94,86,1,1,1.25,1.25,0.0
94,87,0,0,0.0,0.0,0.0
94,88,0,1,0.0,1.25,1.25
94,89,0,1,0.0,1.25,1.25
94,90,2,0,2.5,0.0,-2.5
94,91,1,0,1.25,0.0,-1.25
94,92,0,0,0.0,0.0,0.0
94,93,0,0,0.0,0.0,0.0
94,94,0,0,0.0,0.0,0.0
94,95,0,0,0.0,0.0,0.0
94,96,0,0,0.0,0.0,0.0
94,97,0,1,0.0,1.25,1.25
94,98,2,0,2.5,0.0,-2.5
94,99,0,0,0.0,0.0,0.0
94,100,0,3,0.0,3.75,3.75
94,101,0,0,0.0,0.0,0.0
94,102,0,0,0.0,0.0,0.0
94,103,0,0,0.0,0.0,0.0
94,104,0,1,0.0,1.25,1.25
94,105,0,0,0.0,0.0,0.0
94,106,0,0,0.0,0.0,0.0
94,107,0,1,0.0,1.25,1.25
94,108,0,2,0.0,2.5,2.5
94,109,0,0,0.0,0.0,0.0
94,110,0,0,0.0,0.0,0.0
94,111,0,1,0.0,1.25,1.25
94,112,0,0,0.0,0.0,0.0
94,113,0,0,0.0,0.0,0.0
94,114,1,0,1.25,0.0,-1.25
94,115,0,0,0.0,0.0,0.0
94,116,3,0,3.75,0.0,-3.75
94,117,0,0,0.0,0.0,0.0
94,118,0,0,0.0,0.0,0.0
94,119,0,0,0.0,0.0,0.0
94,120,0,0,0.0,0.0,0.0
94,121,0,0,0.0,0.0,0.0
94,122,2,0,2.5,0.0,-2.5
94,123,0,1,0.0,1.25,1.25
94,124,1,0,1.25,0.0,-1.25
94,125,0,2,0.0,2.5,2.5
94,126,0,0,0.0,0.0,0.0
94,127,0,0,0.0,0.0,0.0
94,128,1,0,1.25,0.0,-1.25
94,129,0,0,0.0,0.0,0.0
94,130,0,0,0.0,0.0,0.0
94,131,0,0,0.0,0.0,0.0
94,132,0,0,0.0,0.0,0.0
94,133,0,0,0.0,0.0,0.0
94,134,2,0,2.5,0.0,-2.5
95,0,0,0,0.0,0.0,0.0
95,1,0,1,0.0,1.25,1.25
95,2,0,1,0.0,1.25,1.25
95,3,1,0,1.25,0.0,-1.25
95,4,0,0,0.0,0.0,0.0
95,5,0,0,0.0,0.0,0.0
95,6,0,0,0.0,0.0,0.0
95,7,0,0,0.0,0.0,0.0
95,8,0,0,0.0,0.0,0.0
95,9,0,0,0.0,0.0,0.0
95,10,0,0,0.0,0.0,0.0
95,11,0,0,0.0,0.0,0.0
95,12,0,1,0.0,1.25,1.25
95,13,0,0,0.0,0.0,0.0
95,14,0,0,0.0,0.0,0.0
95,15,0,0,0.0,0.0,0.0
95,16,0,2,0.0,2.5,2.5
95,17,0,0,0.0,0.0,0.0
95,18,0,0,0.0,0.0,0.0
95,19,0,0,0.0,0.0,0.0
95,20,1,2,1.25,2.5,1.25
95,21,0,0,0.0,0.0,0.0
95,22,0,0,0.0,0.0,0.0
95,23,0,1,0.0,1.25,1.25
95,24,0,0,0.0,0.0,0.0
95,25,2,0,2.5,0.0,-2.5
95,26,0,0,0.0,0.0,0.0
95,27,0,0,0.0,0.0,0.0
95,28,0,0,0.0,0.0,0.0
95,29,1,0,1.25,0.0,-1.25
95,30,0,0,0.0,0.0,0.0
95,31,0,0,0.0,0.0,0.0
95,32,1,1,1.25,1.25,0.0
95,33,0,0,0.0,0.0,0.0
95,34,0,1,0.0,1.25,1.25
95,35,1,0,1.25,0.0,-1.25
95,36,0,0,0.0,0.0,0.0
95,37,0,0,0.0,0.0,0.0
95,38,0,0,0.0,0.0,0.0
95,39,0,0,0.0,0.0,0.0
95,40,0,0,0.0,0.0,0.0
95,41,0,0,0.0,0.0,0.0
95,42,0,0,0.0,0.0,0.0
95,43,0,0,0.0,0.0,0.0
95,44,0,0,0.0,0.0,0.0
95,45,0,0,0.0,0.0,0.0
95,46,0,0,0.0,0.0,0.0
95,47,0,0,0.0,0.0,0.0
95,48,1,0,1.25,0.0,-1.25
95,49,0,0,0.0,0.0,0.0
95,50,0,0,0.0,0.0,0.0
95,51,0,0,0.0,0.0,0.0
95,52,0,0,0.0,0.0,0.0
95,53,0,1,0.0,1.25,1.25
95,54,0,0,0.0,0.0,0.0
95,55,0,0,0.0,0.0,0.0
95,56,0,0,0.0,0.0,0.0
95,57,0,0,0.0,0.0,0.0
95,58,0,0,0.0,0.0,0.0
95,59,0,0,0.0,0.0,0.0
95,60,0,1,0.0,1.25,1.25
95,61,0,0,0.0,0.0,0.0
95,62,0,0,0.0,0.0,0.0
95,63,1,0,1.25,0.0,-1.25
95,64,0,0,0.0,0.0,0.0
95,65,0,0,0.0,0.0,0.0
95,66,0,0,0.0,0.0,0.0
95,67,1,0,1.25,0.0,-1.25
95,68,0,0,0.0,0.0,0.0
95,69,0,0,0.0,0.0,0.0
95,70,0,0,0.0,0.0,0.0
95,71,0,0,0.0,0.0,0.0
95,72,0,0,0.0,0.0,0.0
95,73,0,0,0.0,0.0,0.0
95,74,0,0,0.0,0.0,0.0
95,75,0,0,0.0,0.0,0.0
95,76,0,0,0.0,0.0,0.0
95,77,0,0,0.0,0.0,0.0
95,78,0,0,0.0,0.0,0.0
95,79,0,0,0.0,0.0,0.0
95,80,2,0,2.5,0.0,-2.5
95,81,0,0,0.0,0.0,0.0
95,82,1,0,1.25,0.0,-1.25
95,83,0,0,0.0,0.0,0.0
95,84,0,0,0.0,0.0,0.0
95,85,0,0,0.0,0.0,0.0
95,86,0,0,0.0,0.0,0.0
95,87,0,0,0.0,0.0,0.0
95,88,0,0,0.0,0.0,0.0
95,89,0,0,0.0,0.0,0.0
95,90,0,0,0.0,0.0,0.0
95,91,0,0,0.0,0.0,0.0
95,92,0,0,0.0,0.0,0.0
95,93,0,0,0.0,0.0,0.0
95,94,0,0,0.0,0.0,0.0
95,95,0,0,0.0,0.0,0.0
95,96,0,0,0.0,0.0,0.0
95,97,1,0,1.25,0.0,-1.25
95,98,0,0,0.0,0.0,0.0
95,99,0,0,0.0,0.0,0.0
95,100,0,0,0.0,0.0,0.0
95,101,0,0,0.0,0.0,0.0
95,102,0,0,0.0,0.0,0.0
95,103,0,0,0.0,0.0,0.0
95,104,0,0,0.0,0.0,0.0
95,105,0,1,0.0,1.25,1.25
95,106,0,0,0.0,0.0,0.0
95,107,0,0,0.0,0.0,0.0
95,108,0,3,0.0,3.75,3.75
95,109,0,0,0.0,0.0,0.0
95,110,0,0,0.0,0.0,0.0
95,111,0,0,0.0,0.0,0.0
95,112,0,0,0.0,0.0,0.0
95,113,0,1,0.0,1.25,1.25
95,114,1,0,1.25,0.0,-1.25
95,115,0,0,0.0,0.0,0.0
95,116,0,0,0.0,0.0,0.0
95,117,0,0,0.0,0.0,0.0
95,118,0,0,0.0,0.0,0.0
95,119,0,0,0.0,0.0,0.0
95,120,0,0,0.0,0.0,0.0
95,121,0,0,0.0,0.0,0.0
95,122,0,0,0.0,0.0,0.0
95,123,0,0,0.0,0.0,0.0
95,124,0,0,0.0,0.0,0.0
95,125,0,0,0.0,0.0,0.0
95,126,0,0,0.0,0.0,0.0
95,127,0,0,0.0,0.0,0.0
95,128,0,0,0.0,0.0,0.0
95,129,0,1,0.0,1.25,1.25
95,130,0,0,0.0,0.0,0.0
95,131,1,0,1.25,0.0,-1.25
95,132,0,0,0.0,0.0,0.0
95,133,0,0,0.0,0.0,0.0
95,134,0,0,0.0,0.0,0.0
96,0,0,0,0.0,0.0,0.0
96,1,0,0,0.0,0.0,0.0
96,2,1,0,1.25,0.0,-1.25
96,3,0,0,0.0,0.0,0.0
96,4,1,0,1.25,0.0,-1.25
96,5,1,0,1.25,0.0,-1.25
96,6,0,0,0.0,0.0,0.0
96,7,1,0,1.25,0.0,-1.25
96,8,1,0,1.25,0.0,-1.25
96,9,0,1,0.0,1.25,1.25
96,10,1,0,1.25,0.0,-1.25
96,11,1,0,1.25,0.0,-1.25
96,12,0,0,0.0,0.0,0.0
96,13,0,0,0.0,0.0,0.0
96,14,1,0,1.25,0.0,-1.25
96,15,0,0,0.0,0.0,0.0
96,16,1,1,1.25,1.25,0.0
96,17,0,0,0.0,0.0,0.0
96,18,1,0,1.25,0.0,-1.25
96,19,1,0,1.25,0.0,-1.25
96,20,1,0,1.25,0.0,-1.25
96,21,0,1,0.0,1.25,1.25
96,22,2,0,2.5,0.0,-2.5
96,23,0,0,0.0,0.0,0.0
96,24,0,0,0.0,0.0,0.0
96,25,0,0,0.0,0.0,0.0
96,26,1,0,1.25,0.0,-1.25
96,27,0,0,0.0,0.0,0.0
96,28,0,1,0.0,1.25,1.25
96,29,1,0,1.25,0.0,-1.25
96,30,3,0,3.75,0.0,-3.75
96,31,4,1,5.0,1.25,-3.75
96,32,0,0,0.0,0.0,0.0
96,33,0,0,0.0,0.0,0.0
96,34,0,0,0.0,0.0,0.0
96,35,0,0,0.0,0.0,0.0
96,36,0,0,0.0,0.0,0.0
96,37,0,0,0.0,0.0,0.0
96,38,0,0,0.0,0.0,0.0
96,39,1,0,1.25,0.0,-1.25
96,40,0,0,0.0,0.0,0.0
96,41,0,0,0.0,0.0,0.0
96,42,0,0,0.0,0.0,0.0
96,43,1,1,1.25,1.25,0.0
96,44,0,0,0.0,0.0,0.0
96,45,1,0,1.25,0.0,-1.25
96,46,0,0,0.0,0.0,0.0
96,47,0,0,0.0,0.0,0.0
96,48,0,2,0.0,2.5,2.5
96,49,0,0,0.0,0.0,0.0
96,50,0,1,0.0,1.25,1.25
96,51,0,0,0.0,0.0,0.0
96,52,0,0,0.0,0.0,0.0
96,53,1,0,1.25,0.0,-1.25
96,54,0,0,0.0,0.0,0.0
96,55,0,0,0.0,0.0,0.0
96,56,0,2,0.0,2.5,2.5
96,57,0,0,0.0,0.0,0.0
96,58,0,0,0.0,0.0,0.0
96,59,1,0,1.25,0.0,-1.25
96,60,0,0,0.0,0.0,0.0
96,61,0,3,0.0,3.75,3.75
96,62,1,0,1.25,0.0,-1.25
96,63,0,0,0.0,0.0,0.0
96,64,0,0,0.0,0.0,0.0
96,65,0,1,0.0,1.25,1.25
96,66,0,0,0.0,0.0,0.0
96,67,0,0,0.0,0.0,0.0
96,68,1,0,1.25,0.0,-1.25
96,69,1,1,1.25,1.25,0.0
96,70,6,2,7.5,2.5,-5.0
96,71,1,0,1.25,0.0,-1.25
96,72,1,1,1.25,1.25,0.0
96,73,1,0,1.25,0.0,-1.25
96,74,1,0,1.25,0.0,-1.25
96,75,0,0,0.0,0.0,0.0
96,76,0,0,0.0,0.0,0.0
96,77,2,2,2.5,2.5,0.0
96,78,0,0,0.0,0.0,0.0
96,79,0,0,0.0,0.0,0.0
96,80,0,0,0.0,0.0,0.0
96,81,0,0,0.0,0.0,0.0
96,82,0,0,0.0,0.0,0.0
96,83,0,2,0.0,2.5,2.5
96,84,0,1,0.0,1.25,1.25
96,85,0,0,0.0,0.0,0.0
96,86,0,0,0.0,0.0,0.0
96,87,0,0,0.0,0.0,0.0
96,88,0,1,0.0,1.25,1.25
96,89,0,1,0.0,1.25,1.25
96,90,0,0,0.0,0.0,0.0
96,91,0,0,0.0,0.0,0.0
96,92,1,3,1.25,3.75,2.5
96,93,0,0,0.0,0.0,0.0
96,94,0,0,0.0,0.0,0.0
96,95,0,0,0.0,0.0,0.0
96,96,0,0,0.0,0.0,0.0
96,97,0,1,0.0,1.25,1.25
96,98,0,1,0.0,1.25,1.25
96,99,0,0,0.0,0.0,0.0
96,100,0,0,0.0,0.0,0.0
96,101,1,0,1.25,0.0,-1.25
96,102,0,0,0.0,0.0,0.0
96,103,1,0,1.25,0.0,-1.25
96,104,0,0,0.0,0.0,0.0
96,105,0,1,0.0,1.25,1.25
96,106,0,0,0.0,0.0,0.0
96,107,1,3,1.25,3.75,2.5
96,108,0,0,0.0,0.0,0.0
96,109,0,0,0.0,0.0,0.0
96,110,0,0,0.0,0.0,0.0
96,111,1,2,1.25,2.5,1.25
96,112,0,0,0.0,0.0,0.0
96,113,0,1,0.0,1.25,1.25
96,114,1,1,1.25,1.25,0.0
96,115,0,2,0.0,2.5,2.5
96,116,1,0,1.25,0.0,-1.25
96,117,0,0,0.0,0.0,0.0
96,118,0,0,0.0,0.0,0.0
96,119,0,0,0.0,0.0,0.0
96,120,1,0,1.25,0.0,-1.25
96,121,1,0,1.25,0.0,-1.25
96,122,0,0,0.0,0.0,0.0
96,123,0,1,0.0,1.25,1.25
96,124,0,0,0.0,0.0,0.0
96,125,0,1,0.0,1.25,1.25
96,126,0,1,0.0,1.25,1.25
96,127,0,1,0.0,1.25,1.25
96,128,0,0,0.0,0.0,0.0
96,129,1,0,1.25,0.0,-1.25
96,130,0,1,0.0,1.25,1.25
96,131,0,0,0.0,0.0,0.0
96,132,0,0,0.0,0.0,0.0
96,133,0,0,0.0,0.0,0.0
96,134,0,0,0.0,0.0,0.0
97,0,0,0,0.0,0.0,0.0
97,1,0,0,0.0,0.0,0.0
97,2,1,0,1.25,0.0,-1.25
97,3,0,0,0.0,0.0,0.0
97,4,0,1,0.0,1.25,1.25
97,5,0,0,0.0,0.0,0.0
97,6,0,0,0.0,0.0,0.0
97,7,1,0,1.25,0.0,-1.25
97,8,3,0,3.75,0.0,-3.75
97,9,1,0,1.25,0.0,-1.25
97,10,1,0,1.25,0.0,-1.25
97,11,0,0,0.0,0.0,0.0
97,12,0,0,0.0,0.0,0.0
97,13,0,1,0.0,1.25,1.25
97,14,0,0,0.0,0.0,0.0
97,15,0,0,0.0,0.0,0.0
97,16,0,1,0.0,1.25,1.25
97,17,2,0,2.5,0.0,-2.5
97,18,0,0,0.0,0.0,0.0
97,19,0,0,0.0,0.0,0.0
97,20,6,1,7.5,1.25,-6.25
97,21,0,1,0.0,1.25,1.25
97,22,1,0,1.25,0.0,-1.25
97,23,0,0,0.0,0.0,0.0
97,24,0,0,0.0,0.0,0.0
97,25,0,0,0.0,0.0,0.0
97,26,4,0,5.0,0.0,-5.0
97,27,0,0,0.0,0.0,0.0
97,28,0,1,0.0,1.25,1.25
97,29,0,1,0.0,1.25,1.25
97,30,0,0,0.0,0.0,0.0
97,31,3,0,3.75,0.0,-3.75
97,32,0,0,0.0,0.0,0.0
97,33,0,0,0.0,0.0,0.0
97,34,1,0,1.25,0.0,-1.25
97,35,0,0,0.0,0.0,0.0
97,36,0,0,0.0,0.0,0.0
97,37,0,0,0.0,0.0,0.0
97,38,0,0,0.0,0.0,0.0
97,39,0,0,0.0,0.0,0.0
97,40,1,0,1.25,0.0,-1.25
97,41,0,0,0.0,0.0,0.0
97,42,0,0,0.0,0.0,0.0
97,43,1,0,1.25,0.0,-1.25
97,44,1,0,1.25,0.0,-1.25
97,45,1,0,1.25,0.0,-1.25
97,46,0,0,0.0,0.0,0.0
97,47,0,0,0.0,0.0,0.0
97,48,0,0,0.0,0.0,0.0
97,49,0,2,0.0,2.5,2.5
97,50,0,0,0.0,0.0,0.0
97,51,0,0,0.0,0.0,0.0
97,52,0,0,0.0,0.0,0.0
97,53,0,0,0.0,0.0,0.0
97,54,0,0,0.0,0.0,0.0
97,55,0,0,0.0,0.0,0.0
97,56,0,0,0.0,0.0,0.0
97,57,0,0,0.0,0.0,0.0
97,58,0,2,0.0,2.5,2.5
97,59,5,1,6.25,1.25,-5.0
97,60,1,2,1.25,2.5,1.25
97,61,0,1,0.0,1.25,1.25
97,62,1,0,1.25,0.0,-1.25
97,63,0,0,0.0,0.0,0.0
97,64,0,2,0.0,2.5,2.5
97,65,0,1,0.0,1.25,1.25
97,66,0,0,0.0,0.0,0.0
97,67,0,0,0.0,0.0,0.0
97,68,1,0,1.25,0.0,-1.25
97,69,1,1,1.25,1.25,0.0
97,70,3,0,3.75,0.0,-3.75
97,71,1,0,1.25,0.0,-1.25
97,72,0,0,0.0,0.0,0.0
97,73,0,0,0.0,0.0,0.0
97,74,0,0,0.0,0.0,0.0
97,75,0,0,0.0,0.0,0.0
97,76,0,0,0.0,0.0,0.0
97,77,2,3,2.5,3.75,1.25
97,78,0,0,0.0,0.0,0.0
97,79,1,0,1.25,0.0,-1.25
97,80,0,0,0.0,0.0,0.0
97,81,0,1,0.0,1.25,1.25
97,82,0,1,0.0,1.25,1.25
97,83,0,0,0.0,0.0,0.0
97,84,0,0,0.0,0.0,0.0
97,85,0,0,0.0,0.0,0.0
97,86,1,0,1.25,0.0,-1.25
97,87,1,0,1.25,0.0,-1.25
97,88,0,0,0.0,0.0,0.0
97,89,0,0,0.0,0.0,0.0
97,90,0,0,0.0,0.0,0.0
97,91,0,0,0.0,0.0,0.0
97,92,0,0,0.0,0.0,0.0
97,93,0,0,0.0,0.0,0.0
97,94,0,0,0.0,0.0,0.0
97,95,0,0,0.0,0.0,0.0
97,96,0,0,0.0,0.0,0.0
97,97,0,0,0.0,0.0,0.0
97,98,0,0,0.0,0.0,0.0
97,99,1,0,1.25,0.0,-1.25
97,100,1,0,1.25,0.0,-1.25
97,101,0,0,0.0,0.0,0.0
97,102,0,0,0.0,0.0,0.0
97,103,0,0,0.0,0.0,0.0
97,104,0,0,0.0,0.0,0.0
97,105,1,0,1.25,0.0,-1.25
97,106,0,0,0.0,0.0,0.0
97,107,0,1,0.0,1.25,1.25
97,108,0,1,0.0,1.25,1.25
97,109,0,0,0.0,0.0,0.0
97,110,0,0,0.0,0.0,0.0
97,111,0,2,0.0,2.5,2.5
97,112,0,0,0.0,0.0,0.0
97,113,0,0,0.0,0.0,0.0
97,114,0,0,0.0,0.0,0.0
97,115,0,0,0.0,0.0,0.0
97,116,0,0,0.0,0.0,0.0
97,117,0,0,0.0,0.0,0.0
97,118,0,0,0.0,0.0,0.0
97,119,1,0,1.25,0.0,-1.25
97,120,0,1,0.0,1.25,1.25
97,121,1,0,1.25,0.0,-1.25
97,122,1,0,1.25,0.0,-1.25
97,123,0,1,0.0,1.25,1.25
97,124,0,1,0.0,1.25,1.25
97,125,1,0,1.25,0.0,-1.25
97,126,0,0,0.0,0.0,0.0
97,127,0,2,0.0,2.5,2.5
97,128,0,0,0.0,0.0,0.0
97,129,0,0,0.0,0.0,0.0
97,130,0,0,0.0,0.0,0.0
97,131,0,0,0.0,0.0,0.0
97,132,0,0,0.0,0.0,0.0
97,133,0,0,0.0,0.0,0.0
97,134,0,0,0.0,0.0,0.0
98,0,0,0,0.0,0.0,0.0
98,1,0,0,0.0,0.0,0.0
98,2,0,0,0.0,0.0,0.0
98,3,1,0,1.25,0.0,-1.25
98,4,0,0,0.0,0.0,0.0
98,5,0,0,0.0,0.0,0.0
98,6,0,0,0.0,0.0,0.0
98,7,0,0,0.0,0.0,0.0
98,8,1,0,1.25,0.0,-1.25
98,9,0,0,0.0,0.0,0.0
98,10,0,0,0.0,0.0,0.0
98,11,0,0,0.0,0.0,0.0
98,12,0,1,0.0,1.25,1.25
98,13,0,0,0.0,0.0,0.0
98,14,0,2,0.0,2.5,2.5
98,15,1,0,1.25,0.0,-1.25
98,16,0,1,0.0,1.25,1.25
98,17,0,0,0.0,0.0,0.0
98,18,0,0,0.0,0.0,0.0
98,19,1,0,1.25,0.0,-1.25
98,20,0,0,0.0,0.0,0.0
98,21,0,1,0.0,1.25,1.25
98,22,0,0,0.0,0.0,0.0
98,23,0,1,0.0,1.25,1.25
98,24,0,2,0.0,2.5,2.5
98,25,0,0,0.0,0.0,0.0
98,26,2,0,2.5,0.0,-2.5
98,27,4,2,5.0,2.5,-2.5
98,28,0,1,0.0,1.25,1.25
98,29,0,0,0.0,0.0,0.0
98,30,0,0,0.0,0.0,0.0
98,31,1,0,1.25,0.0,-1.25
98,32,1,2,1.25,2.5,1.25
98,33,0,0,0.0,0.0,0.0
98,34,0,0,0.0,0.0,0.0
98,35,0,0,0.0,0.0,0.0
98,36,0,0,0.0,0.0,0.0
98,37,0,3,0.0,3.75,3.75
98,38,0,0,0.0,0.0,0.0
98,39,0,0,0.0,0.0,0.0
98,40,0,1,0.0,1.25,1.25
98,41,1,0,1.25,0.0,-1.25
98,42,0,0,0.0,0.0,0.0
98,43,3,1,3.75,1.25,-2.5
98,44,1,0,1.25,0.0,-1.25
98,45,0,1,0.0,1.25,1.25
98,46,0,1,0.0,1.25,1.25
98,47,0,1,0.0,1.25,1.25
98,48,1,1,1.25,1.25,0.0
98,49,2,0,2.5,0.0,-2.5
98,50,1,0,1.25,0.0,-1.25
98,51,0,0,0.0,0.0,0.0
98,52,1,0,1.25,0.0,-1.25
98,53,1,0,1.25,0.0,-1.25
98,54,0,0,0.0,0.0,0.0
98,55,1,1,1.25,1.25,0.0
98,56,0,0,0.0,0.0,0.0
98,57,0,0,0.0,0.0,0.0
98,58,0,0,0.0,0.0,0.0
98,59,0,0,0.0,0.0,0.0
98,60,0,0,0.0,0.0,0.0
98,61,0,0,0.0,0.0,0.0
98,62,1,0,1.25,0.0,-1.25
98,63,0,0,0.0,0.0,0.0
98,64,0,0,0.0,0.0,0.0
98,65,0,0,0.0,0.0,0.0
98,66,0,1,0.0,1.25,1.25
98,67,0,0,0.0,0.0,0.0
98,68,0,0,0.0,0.0,0.0
98,69,0,0,0.0,0.0,0.0
98,70,0,0,0.0,0.0,0.0
98,71,1,1,1.25,1.25,0.0
98,72,1,0,1.25,0.0,-1.25
98,73,0,1,0.0,1.25,1.25
98,74,0,0,0.0,0.0,0.0
98,75,1,2,1.25,2.5,1.25
98,76,0,0,0.0,0.0,0.0
98,77,0,0,0.0,0.0,0.0
98,78,0,0,0.0,0.0,0.0
98,79,1,1,1.25,1.25,0.0
98,80,0,0,0.0,0.0,0.0
98,81,0,0,0.0,0.0,0.0
98,82,0,0,0.0,0.0,0.0
98,83,0,0,0.0,0.0,0.0
98,84,0,0,0.0,0.0,0.0
98,85,0,0,0.0,0.0,0.0
98,86,0,0,0.0,0.0,0.0
98,87,0,0,0.0,0.0,0.0
98,88,0,0,0.0,0.0,0.0
98,89,1,1,1.25,1.25,0.0
98,90,0,2,0.0,2.5,2.5
98,91,0,1,0.0,1.25,1.25
98,92,0,0,0.0,0.0,0.0
98,93,0,0,0.0,0.0,0.0
98,94,1,0,1.25,0.0,-1.25
98,95,0,1,0.0,1.25,1.25
98,96,0,0,0.0,0.0,0.0
98,97,0,0,0.0,0.0,0.0
98,98,0,0,0.0,0.0,0.0
98,99,1,3,1.25,3.75,2.5
98,100,0,0,0.0,0.0,0.0
98,101,0,0,0.0,0.0,0.0
98,102,0,0,0.0,0.0,0.0
98,103,0,1,0.0,1.25,1.25
98,104,0,0,0.0,0.0,0.0
98,105,0,0,0.0,0.0,0.0
98,106,0,0,0.0,0.0,0.0
98,107,0,0,0.0,0.0,0.0
98,108,0,0,0.0,0.0,0.0
98,109,1,1,1.25,1.25,0.0
98,110,0,0,0.0,0.0,0.0
98,111,0,0,0.0,0.0,0.0
98,112,0,0,0.0,0.0,0.0
98,113,1,0,1.25,0.0,-1.25
98,114,1,0,1.25,0.0,-1.25
98,115,1,0,1.25,0.0,-1.25
98,116,0,0,0.0,0.0,0.0
98,117,0,0,0.0,0.0,0.0
98,118,0,0,0.0,0.0,0.0
98,119,0,0,0.0,0.0,0.0
98,120,0,0,0.0,0.0,0.0
98,121,0,0,0.0,0.0,0.0
98,122,0,0,0.0,0.0,0.0
98,123,2,0,2.5,0.0,-2.5
98,124,0,0,0.0,0.0,0.0
98,125,0,0,0.0,0.0,0.0
98,126,0,0,0.0,0.0,0.0
98,127,1,0,1.25,0.0,-1.25
98,128,0,0,0.0,0.0,0.0
98,129,0,0,0.0,0.0,0.0
98,130,0,0,0.0,0.0,0.0
98,131,1,0,1.25,0.0,-1.25
98,132,1,0,1.25,0.0,-1.25
98,133,0,0,0.0,0.0,0.0
98,134,0,0,0.0,0.0,0.0
99,0,0,0,0.0,0.0,0.0
99,1,1,1,1.25,1.25,0.0
99,2,2,0,2.5,0.0,-2.5
99,3,1,0,1.25,0.0,-1.25
99,4,1,1,1.25,1.25,0.0
99,5,0,7,0.0,8.75,8.75
99,6,0,1,0.0,1.25,1.25
99,7,1,2,1.25,2.5,1.25
99,8,0,0,0.0,0.0,0.0
99,9,1,2,1.25,2.5,1.25
99,10,0,3,0.0,3.75,3.75
99,11,6,4,7.5,5.0,-2.5
99,12,4,1,5.0,1.25,-3.75
99,13,0,0,0.0,0.0,0.0
99,14,1,2,1.25,2.5,1.25
99,15,1,2,1.25,2.5,1.25
99,16,2,1,2.5,1.25,-1.25
99,17,3,3,3.75,3.75,0.0
99,18,4,1,5.0,1.25,-3.75
99,19,1,2,1.25,2.5,1.25
99,20,0,1,0.0,1.25,1.25
99,21,1,5,1.25,6.25,5.0
99,22,3,0,3.75,0.0,-3.75
99,23,8,1,10.0,1.25,-8.75
99,24,0,1,0.0,1.25,1.25
99,25,2,2,2.5,2.5,0.0
99,26,2,0,2.5,0.0,-2.5
99,27,2,4,2.5,5.0,2.5
99,28,0,2,0.0,2.5,2.5
99,29,10,1,12.5,1.25,-11.25
99,30,1,0,1.25,0.0,-1.25
99,31,4,2,5.0,2.5,-2.5
99,32,1,1,1.25,1.25,0.0
99,33,1,1,1.25,1.25,0.0
99,34,9,0,11.25,0.0,-11.25
99,35,2,3,2.5,3.75,1.25
99,36,3,1,3.75,1.25,-2.5
99,37,1,0,1.25,0.0,-1.25
99,38,3,0,3.75,0.0,-3.75
99,39,2,2,2.5,2.5,0.0
99,40,1,4,1.25,5.0,3.75
99,41,1,2,1.25,2.5,1.25
99,42,3,1,3.75,1.25,-2.5
99,43,4,7,5.0,8.75,3.75
99,44,1,1,1.25,1.25,0.0
99,45,2,2,2.5,2.5,0.0
99,46,1,2,1.25,2.5,1.25
99,47,1,1,1.25,1.25,0.0
99,48,4,1,5.0,1.25,-3.75
99,49,1,0,1.25,0.0,-1.25
99,50,1,0,1.25,0.0,-1.25
99,51,6,1,7.5,1.25,-6.25
99,52,0,0,0.0,0.0,0.0
99,53,0,3,0.0,3.75,3.75
99,54,2,0,2.5,0.0,-2.5
99,55,1,0,1.25,0.0,-1.25
99,56,3,0,3.75,0.0,-3.75
99,57,4,3,5.0,3.75,-1.25
99,58,2,0,2.5,0.0,-2.5
99,59,3,1,3.75,1.25,-2.5
99,60,2,1,2.5,1.25,-1.25
99,61,0,2,0.0,2.5,2.5
99,62,4,1,5.0,1.25,-3.75
99,63,4,0,5.0,0.0,-5.0
99,64,3,0,3.75,0.0,-3.75
99,65,7,4,8.75,5.0,-3.75
99,66,3,3,3.75,3.75,0.0
99,67,1,0,1.25,0.0,-1.25
99,68,1,2,1.25,2.5,1.25
99,69,2,1,2.5,1.25,-1.25
99,70,8,4,10.0,5.0,-5.0
99,71,1,0,1.25,0.0,-1.25
99,72,3,1,3.75,1.25,-2.5
99,73,6,1,7.5,1.25,-6.25
99,74,0,1,0.0,1.25,1.25
99,75,1,2,1.25,2.5,1.25
99,76,2,8,2.5,10.0,7.5
99,77,2,1,2.5,1.25,-1.25
99,78,3,4,3.75,5.0,1.25
99,79,0,7,0.0,8.75,8.75
99,80,3,0,3.75,0.0,-3.75
99,81,7,4,8.75,5.0,-3.75
99,82,7,0,8.75,0.0,-8.75
99,83,2,3,2.5,3.75,1.25
99,84,2,3,2.5,3.75,1.25
99,85,5,0,6.25,0.0,-6.25
99,86,1,3,1.25,3.75,2.5
99,87,3,1,3.75,1.25,-2.5
99,88,2,0,2.5,0.0,-2.5
99,89,4,1,5.0,1.25,-3.75
99,90,5,2,6.25,2.5,-3.75
99,91,1,2,1.25,2.5,1.25
99,92,0,7,0.0,8.75,8.75
99,93,6,4,7.5,5.0,-2.5
99,94,0,1,0.0,1.25,1.25
99,95,3,1,3.75,1.25,-2.5
99,96,0,0,0.0,0.0,0.0
99,97,2,5,2.5,6.25,3.75
99,98,2,1,2.5,1.25,-1.25
99,99,3,0,3.75,0.0,-3.75
99,100,1,0,1.25,0.0,-1.25
99,101,1,0,1.25,0.0,-1.25
99,102,4,0,5.0,0.0,-5.0
99,103,2,1,2.5,1.25,-1.25
99,104,2,2,2.5,2.5,0.0
99,105,0,1,0.0,1.25,1.25
99,106,0,0,0.0,0.0,0.0
99,107,4,5,5.0,6.25,1.25
99,108,5,15,6.25,18.75,12.5
99,109,3,2,3.75,2.5,-1.25
99,110,2,0,2.5,0.0,-2.5
99,111,4,3,5.0,3.75,-1.25
99,112,6,1,7.5,1.25,-6.25
99,113,4,0,5.0,0.0,-5.0
99,114,2,1,2.5,1.25,-1.25
99,115,0,1,0.0,1.25,1.25
99,116,0,0,0.0,0.0,0.0
99,117,0,0,0.0,0.0,0.0
99,118,3,6,3.75,7.5,3.75
99,119,3,2,3.75,2.5,-1.25
99,120,0,1,0.0,1.25,1.25
99,121,5,0,6.25,0.0,-6.25
99,122,2,1,2.5,1.25,-1.25
99,123,0,1,0.0,1.25,1.25
99,124,1,3,1.25,3.75,2.5
99,125,3,1,3.75,1.25,-2.5
99,126,0,2,0.0,2.5,2.5
99,127,6,0,7.5,0.0,-7.5
99,128,0,0,0.0,0.0,0.0
99,129,1,4,1.25,5.0,3.75
99,130,2,0,2.5,0.0,-2.5
99,131,1,3,1.25,3.75,2.5
99,132,0,0,0.0,0.0,0.0
99,133,2,1,2.5,1.25,-1.25
99,134,3,0,3.75,0.0,-3.75
100,0,0,0,0.0,0.0,0.0
100,1,0,0,0.0,0.0,0.0
100,2,0,0,0.0,0.0,0.0
100,3,0,0,0.0,0.0,0.0
100,4,0,0,0.0,0.0,0.0
100,5,0,0,0.0,0.0,0.0
100,6,0,0,0.0,0.0,0.0
100,7,0,0,0.0,0.0,0.0
100,8,0,0,0.0,0.0,0.0
100,9,0,0,0.0,0.0,0.0
100,10,0,0,0.0,0.0,0.0
100,11,0,0,0.0,0.0,0.0
100,12,0,0,0.0,0.0,0.0
100,13,0,0,0.0,0.0,0.0
100,14,0,0,0.0,0.0,0.0
100,15,0,0,0.0,0.0,0.0
100,16,0,0,0.0,0.0,0.0
100,17,0,0,0.0,0.0,0.0
100,18,0,0,0.0,0.0,0.0
100,19,0,0,0.0,0.0,0.0
100,20,0,0,0.0,0.0,0.0
100,21,0,0,0.0,0.0,0.0
100,22,0,0,0.0,0.0,0.0
100,23,0,0,0.0,0.0,0.0
100,24,0,0,0.0,0.0,0.0
100,25,0,0,0.0,0.0,0.0
100,26,0,0,0.0,0.0,0.0
100,27,1,1,1.25,1.25,0.0
100,28,0,0,0.0,0.0,0.0
100,29,1,0,1.25,0.0,-1.25
100,30,0,0,0.0,0.0,0.0
100,31,0,0,0.0,0.0,0.0
100,32,0,0,0.0,0.0,0.0
100,33,0,0,0.0,0.0,0.0
100,34,0,0,0.0,0.0,0.0
100,35,0,0,0.0,0.0,0.0
100,36,0,0,0.0,0.0,0.0
100,37,0,0,0.0,0.0,0.0
100,38,1,0,1.25,0.0,-1.25
100,39,0,1,0.0,1.25,1.25
100,40,0,0,0.0,0.0,0.0
100,41,0,0,0.0,0.0,0.0
100,42,0,0,0.0,0.0,0.0
100,43,0,0,0.0,0.0,0.0
100,44,0,1,0.0,1.25,1.25
100,45,1,0,1.25,0.0,-1.25
100,46,0,0,0.0,0.0,0.0
100,47,0,1,0.0,1.25,1.25
100,48,0,0,0.0,0.0,0.0
100,49,0,0,0.0,0.0,0.0
100,50,0,0,0.0,0.0,0.0
100,51,0,0,0.0,0.0,0.0
100,52,0,0,0.0,0.0,0.0
100,53,0,0,0.0,0.0,0.0
100,54,0,0,0.0,0.0,0.0
100,55,0,0,0.0,0.0,0.0
100,56,0,0,0.0,0.0,0.0
100,57,0,0,0.0,0.0,0.0
100,58,0,0,0.0,0.0,0.0
100,59,0,0,0.0,0.0,0.0
100,60,0,0,0.0,0.0,0.0
100,61,0,0,0.0,0.0,0.0
100,62,0,0,0.0,0.0,0.0
100,63,0,0,0.0,0.0,0.0
100,64,0,0,0.0,0.0,0.0
100,65,1,0,1.25,0.0,-1.25
100,66,0,0,0.0,0.0,0.0
100,67,0,0,0.0,0.0,0.0
100,68,0,0,0.0,0.0,0.0
100,69,0,0,0.0,0.0,0.0
100,70,1,1,1.25,1.25,0.0
100,71,0,0,0.0,0.0,0.0
100,72,0,0,0.0,0.0,0.0
100,73,0,1,0.0,1.25,1.25
100,74,0,1,0.0,1.25,1.25
100,75,0,0,0.0,0.0,0.0
100,76,0,0,0.0,0.0,0.0
100,77,0,0,0.0,0.0,0.0
100,78,0,0,0.0,0.0,0.0
100,79,0,1,0.0,1.25,1.25
100,80,0,0,0.0,0.0,0.0
100,81,0,0,0.0,0.0,0.0
100,82,0,0,0.0,0.0,0.0
100,83,1,0,1.25,0.0,-1.25
100,84,0,0,0.0,0.0,0.0
100,85,0,0,0.0,0.0,0.0
100,86,0,0,0.0,0.0,0.0
100,87,0,0,0.0,0.0,0.0
100,88,0,0,0.0,0.0,0.0
100,89,0,0,0.0,0.0,0.0
100,90,5,0,6.25,0.0,-6.25
100,91,0,0,0.0,0.0,0.0
100,92,0,0,0.0,0.0,0.0
100,93,0,1,0.0,1.25,1.25
100,94,0,0,0.0,0.0,0.0
100,95,0,0,0.0,0.0,0.0
100,96,0,0,0.0,0.0,0.0
100,97,0,1,0.0,1.25,1.25
100,98,0,0,0.0,0.0,0.0
100,99,0,0,0.0,0.0,0.0
100,100,0,0,0.0,0.0,0.0
100,101,0,1,0.0,1.25,1.25
100,102,0,0,0.0,0.0,0.0
100,103,0,0,0.0,0.0,0.0
100,104,0,0,0.0,0.0,0.0
100,105,4,0,5.0,0.0,-5.0
100,106,0,0,0.0,0.0,0.0
100,107,1,0,1.25,0.0,-1.25
100,108,2,1,2.5,1.25,-1.25
100,109,0,0,0.0,0.0,0.0
100,110,0,0,0.0,0.0,0.0
100,111,0,1,0.0,1.25,1.25
100,112,0,0,0.0,0.0,0.0
100,113,0,0,0.0,0.0,0.0
100,114,0,0,0.0,0.0,0.0
100,115,0,0,0.0,0.0,0.0
100,116,0,0,0.0,0.0,0.0
100,117,0,0,0.0,0.0,0.0
100,118,0,0,0.0,0.0,0.0
100,119,1,1,1.25,1.25,0.0
100,120,0,0,0.0,0.0,0.0
100,121,0,0,0.0,0.0,0.0
100,122,0,1,0.0,1.25,1.25
100,123,0,1,0.0,1.25,1.25
100,124,1,0,1.25,0.0,-1.25
100,125,0,0,0.0,0.0,0.0
100,126,0,0,0.0,0.0,0.0
100,127,0,0,0.0,0.0,0.0
100,128,0,0,0.0,0.0,0.0
100,129,0,0,0.0,0.0,0.0
100,130,0,0,0.0,0.0,0.0
100,131,0,1,0.0,1.25,1.25
100,132,0,0,0.0,0.0,0.0
100,133,0,0,0.0,0.0,0.0
100,134,1,0,1.25,0.0,-1.25
101,0,2,2,2.5,2.5,0.0
101,1,1,2,1.25,2.5,1.25
101,2,2,0,2.5,0.0,-2.5
101,3,0,0,0.0,0.0,0.0
101,4,2,1,2.5,1.25,-1.25
101,5,1,2,1.25,2.5,1.25
101,6,0,0,0.0,0.0,0.0
101,7,4,3,5.0,3.75,-1.25
101,8,2,0,2.5,0.0,-2.5
101,9,2,0,2.5,0.0,-2.5
101,10,2,0,2.5,0.0,-2.5
101,11,1,2,1.25,2.5,1.25
101,12,2,1,2.5,1.25,-1.25
101,13,0,0,0.0,0.0,0.0
101,14,0,1,0.0,1.25,1.25
101,15,2,0,2.5,0.0,-2.5
101,16,2,1,2.5,1.25,-1.25
101,17,3,0,3.75,0.0,-3.75
101,18,0,0,0.0,0.0,0.0
101,19,1,0,1.25,0.0,-1.25
101,20,1,0,1.25,0.0,-1.25
101,21,0,0,0.0,0.0,0.0
101,22,3,0,3.75,0.0,-3.75
101,23,3,0,3.75,0.0,-3.75
101,24,1,0,1.25,0.0,-1.25
101,25,2,1,2.5,1.25,-1.25
101,26,1,0,1.25,0.0,-1.25
101,27,1,0,1.25,0.0,-1.25
101,28,0,0,0.0,0.0,0.0
101,29,0,1,0.0,1.25,1.25
101,30,0,0,0.0,0.0,0.0
101,31,1,0,1.25,0.0,-1.25
101,32,0,0,0.0,0.0,0.0
101,33,0,0,0.0,0.0,0.0
101,34,3,1,3.75,1.25,-2.5
101,35,2,1,2.5,1.25,-1.25
101,36,0,0,0.0,0.0,0.0
101,37,1,0,1.25,0.0,-1.25
101,38,0,2,0.0,2.5,2.5
101,39,0,1,0.0,1.25,1.25
101,40,0,1,0.0,1.25,1.25
101,41,0,1,0.0,1.25,1.25
101,42,0,2,0.0,2.5,2.5
101,43,1,2,1.25,2.5,1.25
101,44,1,0,1.25,0.0,-1.25
101,45,0,0,0.0,0.0,0.0
101,46,0,0,0.0,0.0,0.0
101,47,1,0,1.25,0.0,-1.25
101,48,1,0,1.25,0.0,-1.25
101,49,1,0,1.25,0.0,-1.25
101,50,0,0,0.0,0.0,0.0
101,51,3,0,3.75,0.0,-3.75
101,52,0,0,0.0,0.0,0.0
101,53,1,0,1.25,0.0,-1.25
101,54,0,0,0.0,0.0,0.0
101,55,0,1,0.0,1.25,1.25
101,56,1,1,1.25,1.25,0.0
101,57,1,0,1.25,0.0,-1.25
101,58,3,0,3.75,0.0,-3.75
101,59,0,0,0.0,0.0,0.0
101,60,0,0,0.0,0.0,0.0
101,61,1,3,1.25,3.75,2.5
101,62,0,2,0.0,2.5,2.5
101,63,0,0,0.0,0.0,0.0
101,64,1,0,1.25,0.0,-1.25
101,65,3,2,3.75,2.5,-1.25
101,66,1,0,1.25,0.0,-1.25
101,67,0,0,0.0,0.0,0.0
101,68,0,0,0.0,0.0,0.0
101,69,1,0,1.25,0.0,-1.25
101,70,2,3,2.5,3.75,1.25
101,71,0,0,0.0,0.0,0.0
101,72,1,2,1.25,2.5,1.25
101,73,1,1,1.25,1.25,0.0
101,74,2,2,2.5,2.5,0.0
101,75,0,0,0.0,0.0,0.0
101,76,0,0,0.0,0.0,0.0
101,77,1,1,1.25,1.25,0.0
101,78,0,0,0.0,0.0,0.0
101,79,0,0,0.0,0.0,0.0
101,80,1,0,1.25,0.0,-1.25
101,81,1,0,1.25,0.0,-1.25
101,82,0,0,0.0,0.0,0.0
101,83,1,1,1.25,1.25,0.0
101,84,0,0,0.0,0.0,0.0
101,85,0,0,0.0,0.0,0.0
101,86,1,0,1.25,0.0,-1.25
101,87,1,1,1.25,1.25,0.0
101,88,0,0,0.0,0.0,0.0
101,89,1,0,1.25,0.0,-1.25
101,90,0,0,0.0,0.0,0.0
101,91,0,0,0.0,0.0,0.0
101,92,1,2,1.25,2.5,1.25
101,93,0,0,0.0,0.0,0.0
101,94,0,0,0.0,0.0,0.0
101,95,0,0,0.0,0.0,0.0
101,96,0,0,0.0,0.0,0.0
101,97,0,0,0.0,0.0,0.0
101,98,0,0,0.0,0.0,0.0
101,99,0,0,0.0,0.0,0.0
101,100,0,0,0.0,0.0,0.0
101,101,0,1,0.0,1.25,1.25
101,102,1,0,1.25,0.0,-1.25
101,103,0,0,0.0,0.0,0.0
101,104,1,1,1.25,1.25,0.0
101,105,0,0,0.0,0.0,0.0
101,106,0,0,0.0,0.0,0.0
101,107,3,2,3.75,2.5,-1.25
101,108,0,3,0.0,3.75,3.75
101,109,0,0,0.0,0.0,0.0
101,110,0,0,0.0,0.0,0.0
101,111,1,2,1.25,2.5,1.25
101,112,0,0,0.0,0.0,0.0
101,113,3,0,3.75,0.0,-3.75
101,114,1,1,1.25,1.25,0.0
101,115,0,0,0.0,0.0,0.0
101,116,0,0,0.0,0.0,0.0
101,117,0,0,0.0,0.0,0.0
101,118,1,0,1.25,0.0,-1.25
101,119,1,0,1.25,0.0,-1.25
101,120,0,1,0.0,1.25,1.25
101,121,1,1,1.25,1.25,0.0
101,122,2,0,2.5,0.0,-2.5
101,123,1,2,1.25,2.5,1.25
101,124,0,0,0.0,0.0,0.0
101,125,1,0,1.25,0.0,-1.25
101,126,0,0,0.0,0.0,0.0
101,127,3,0,3.75,0.0,-3.75
101,128,1,0,1.25,0.0,-1.25
101,129,1,1,1.25,1.25,0.0
101,130,0,0,0.0,0.0,0.0
101,131,1,1,1.25,1.25,0.0
101,132,0,3,0.0,3.75,3.75
101,133,0,1,0.0,1.25,1.25
101,134,0,0,0.0,0.0,0.0
102,0,2,0,2.5,0.0,-2.5
102,1,7,5,8.75,6.25,-2.5
102,2,12,0,15.0,0.0,-15.0
102,3,1,5,1.25,6.25,5.0
102,4,9,3,11.25,3.75,-7.5
102,5,8,6,10.0,7.5,-2.5
102,6,2,0,2.5,0.0,-2.5
102,7,0,3,0.0,3.75,3.75
102,8,6,4,7.5,5.0,-2.5
102,9,5,5,6.25,6.25,0.0
102,10,4,1,5.0,1.25,-3.75
102,11,7,6,8.75,7.5,-1.25
102,12,4,3,5.0,3.75,-1.25
102,13,4,0,5.0,0.0,-5.0
102,14,2,4,2.5,5.0,2.5
102,15,2,2,2.5,2.5,0.0
102,16,1,2,1.25,2.5,1.25
102,17,7,5,8.75,6.25,-2.5
102,18,3,1,3.75,1.25,-2.5
102,19,11,3,13.75,3.75,-10.0
102,20,3,2,3.75,2.5,-1.25
102,21,3,2,3.75,2.5,-1.25
102,22,3,2,3.75,2.5,-1.25
102,23,12,1,15.0,1.25,-13.75
102,24,2,1,2.5,1.25,-1.25
102,25,4,0,5.0,0.0,-5.0
102,26,5,4,6.25,5.0,-1.25
102,27,4,2,5.0,2.5,-2.5
102,28,5,0,6.25,0.0,-6.25
102,29,6,2,7.5,2.5,-5.0
102,30,0,1,0.0,1.25,1.25
102,31,4,0,5.0,0.0,-5.0
102,32,4,0,5.0,0.0,-5.0
102,33,0,3,0.0,3.75,3.75
102,34,3,0,3.75,0.0,-3.75
102,35,3,0,3.75,0.0,-3.75
102,36,4,2,5.0,2.5,-2.5
102,37,2,0,2.5,0.0,-2.5
102,38,1,4,1.25,5.0,3.75
102,39,1,3,1.25,3.75,2.5
102,40,2,3,2.5,3.75,1.25
102,41,1,2,1.25,2.5,1.25
102,42,1,6,1.25,7.5,6.25
102,43,3,1,3.75,1.25,-2.5
102,44,0,2,0.0,2.5,2.5
102,45,3,1,3.75,1.25,-2.5
102,46,2,0,2.5,0.0,-2.5
102,47,4,3,5.0,3.75,-1.25
102,48,10,2,12.5,2.5,-10.0
102,49,2,1,2.5,1.25,-1.25
102,50,0,1,0.0,1.25,1.25
102,51,7,0,8.75,0.0,-8.75
102,52,4,4,5.0,5.0,0.0
102,53,3,1,3.75,1.25,-2.5
102,54,5,1,6.25,1.25,-5.0
102,55,2,2,2.5,2.5,0.0
102,56,4,2,5.0,2.5,-2.5
102,57,6,2,7.5,2.5,-5.0
102,58,8,2,10.0,2.5,-7.5
102,59,5,0,6.25,0.0,-6.25
102,60,2,1,2.5,1.25,-1.25
102,61,2,3,2.5,3.75,1.25
102,62,4,3,5.0,3.75,-1.25
102,63,0,1,0.0,1.25,1.25
102,64,3,1,3.75,1.25,-2.5
102,65,2,2,2.5,2.5,0.0
102,66,9,2,11.25,2.5,-8.75
102,67,1,0,1.25,0.0,-1.25
102,68,0,0,0.0,0.0,0.0
102,69,1,1,1.25,1.25,0.0
102,70,4,3,5.0,3.75,-1.25
102,71,2,0,2.5,0.0,-2.5
102,72,3,7,3.75,8.75,5.0
102,73,3,3,3.75,3.75,0.0
102,74,2,1,2.5,1.25,-1.25
102,75,1,2,1.25,2.5,1.25
102,76,3,4,3.75,5.0,1.25
102,77,1,7,1.25,8.75,7.5
102,78,1,3,1.25,3.75,2.5
102,79,2,9,2.5,11.25,8.75
102,80,2,1,2.5,1.25,-1.25
102,81,3,1,3.75,1.25,-2.5
102,82,4,0,5.0,0.0,-5.0
102,83,3,2,3.75,2.5,-1.25
102,84,6,1,7.5,1.25,-6.25
102,85,4,1,5.0,1.25,-3.75
102,86,5,2,6.25,2.5,-3.75
102,87,2,2,2.5,2.5,0.0
102,88,4,0,5.0,0.0,-5.0
102,89,7,1,8.75,1.25,-7.5
102,90,3,7,3.75,8.75,5.0
102,91,2,1,2.5,1.25,-1.25
102,92,0,4,0.0,5.0,5.0
102,93,1,0,1.25,0.0,-1.25
102,94,5,0,6.25,0.0,-6.25
102,95,5,3,6.25,3.75,-2.5
102,96,1,0,1.25,0.0,-1.25
102,97,1,5,1.25,6.25,5.0
102,98,1,1,1.25,1.25,0.0
102,99,3,0,3.75,0.0,-3.75
102,100,2,1,2.5,1.25,-1.25
102,101,5,6,6.25,7.5,1.25
102,102,2,2,2.5,2.5,0.0
102,103,3,6,3.75,7.5,3.75
102,104,3,0,3.75,0.0,-3.75
102,105,1,5,1.25,6.25,5.0
102,106,4,0,5.0,0.0,-5.0
102,107,2,0,2.5,0.0,-2.5
102,108,2,5,2.5,6.25,3.75
102,109,5,1,6.25,1.25,-5.0
102,110,2,0,2.5,0.0,-2.5
102,111,3,4,3.75,5.0,1.25
102,112,0,0,0.0,0.0,0.0
102,113,4,0,5.0,0.0,-5.0
102,114,3,1,3.75,1.25,-2.5
102,115,2,1,2.5,1.25,-1.25
102,116,2,0,2.5,0.0,-2.5
102,117,2,3,2.5,3.75,1.25
102,118,3,2,3.75,2.5,-1.25
102,119,5,3,6.25,3.75,-2.5
102,120,1,1,1.25,1.25,0.0
102,121,3,0,3.75,0.0,-3.75
102,122,3,1,3.75,1.25,-2.5
102,123,6,0,7.5,0.0,-7.5
102,124,0,2,0.0,2.5,2.5
102,125,2,0,2.5,0.0,-2.5
102,126,0,2,0.0,2.5,2.5
102,127,2,2,2.5,2.5,0.0
102,128,5,1,6.25,1.25,-5.0
102,129,3,5,3.75,6.25,2.5
102,130,9,0,11.25,0.0,-11.25
102,131,1,7,1.25,8.75,7.5
102,132,2,3,2.5,3.75,1.25
102,133,3,4,3.75,5.0,1.25
102,134,2,4,2.5,5.0,2.5
103,0,0,0,0.0,0.0,0.0
103,1,3,1,3.75,1.25,-2.5
103,2,2,2,2.5,2.5,0.0
103,3,0,3,0.0,3.75,3.75
103,4,5,2,6.25,2.5,-3.75
103,5,3,3,3.75,3.75,0.0
103,6,1,1,1.25,1.25,0.0
103,7,3,0,3.75,0.0,-3.75
103,8,4,0,5.0,0.0,-5.0
103,9,1,1,1.25,1.25,0.0
103,10,2,1,2.5,1.25,-1.25
103,11,1,0,1.25,0.0,-1.25
103,12,2,2,2.5,2.5,0.0
103,13,1,0,1.25,0.0,-1.25
103,14,0,1,0.0,1.25,1.25
103,15,2,0,2.5,0.0,-2.5
103,16,1,1,1.25,1.25,0.0
103,17,1,1,1.25,1.25,0.0
103,18,6,0,7.5,0.0,-7.5
103,19,1,1,1.25,1.25,0.0
103,20,4,1,5.0,1.25,-3.75
103,21,0,0,0.0,0.0,0.0
103,22,4,0,5.0,0.0,-5.0
103,23,6,0,7.5,0.0,-7.5
103,24,3,2,3.75,2.5,-1.25
103,25,1,2,1.25,2.5,1.25
103,26,3,1,3.75,1.25,-2.5
103,27,0,1,0.0,1.25,1.25
103,28,1,3,1.25,3.75,2.5
103,29,3,4,3.75,5.0,1.25
103,30,0,0,0.0,0.0,0.0
103,31,2,0,2.5,0.0,-2.5
103,32,2,0,2.5,0.0,-2.5
103,33,2,1,2.5,1.25,-1.25
103,34,3,2,3.75,2.5,-1.25
103,35,0,1,0.0,1.25,1.25
103,36,1,2,1.25,2.5,1.25
103,37,1,0,1.25,0.0,-1.25
103,38,0,3,0.0,3.75,3.75
103,39,2,2,2.5,2.5,0.0
103,40,4,0,5.0,0.0,-5.0
103,41,3,0,3.75,0.0,-3.75
103,42,3,4,3.75,5.0,1.25
103,43,1,3,1.25,3.75,2.5
103,44,0,1,0.0,1.25,1.25
103,45,0,0,0.0,0.0,0.0
103,46,2,0,2.5,0.0,-2.5
103,47,4,1,5.0,1.25,-3.75
103,48,6,1,7.5,1.25,-6.25
103,49,1,0,1.25,0.0,-1.25
103,50,1,0,1.25,0.0,-1.25
103,51,2,1,2.5,1.25,-1.25
103,52,4,1,5.0,1.25,-3.75
103,53,0,4,0.0,5.0,5.0
103,54,1,0,1.25,0.0,-1.25
103,55,5,0,6.25,0.0,-6.25
103,56,3,3,3.75,3.75,0.0
103,57,0,0,0.0,0.0,0.0
103,58,8,2,10.0,2.5,-7.5
103,59,2,0,2.5,0.0,-2.5
103,60,2,2,2.5,2.5,0.0
103,61,2,1,2.5,1.25,-1.25
103,62,2,0,2.5,0.0,-2.5
103,63,0,1,0.0,1.25,1.25
103,64,4,0,5.0,0.0,-5.0
103,65,1,6,1.25,7.5,6.25
103,66,4,0,5.0,0.0,-5.0
103,67,0,0,0.0,0.0,0.0
103,68,2,0,2.5,0.0,-2.5
103,69,1,1,1.25,1.25,0.0
103,70,4,0,5.0,0.0,-5.0
103,71,4,1,5.0,1.25,-3.75
103,72,3,3,3.75,3.75,0.0
103,73,1,0,1.25,0.0,-1.25
103,74,0,1,0.0,1.25,1.25
103,75,1,0,1.25,0.0,-1.25
103,76,1,2,1.25,2.5,1.25
103,77,0,0,0.0,0.0,0.0
103,78,0,2,0.0,2.5,2.5
103,79,2,3,2.5,3.75,1.25
103,80,1,0,1.25,0.0,-1.25
103,81,1,2,1.25,2.5,1.25
103,82,1,1,1.25,1.25,0.0
103,83,3,3,3.75,3.75,0.0
103,84,1,0,1.25,0.0,-1.25
103,85,5,0,6.25,0.0,-6.25
103,86,1,0,1.25,0.0,-1.25
103,87,1,5,1.25,6.25,5.0
103,88,1,1,1.25,1.25,0.0
103,89,3,1,3.75,1.25,-2.5
103,90,2,3,2.5,3.75,1.25
103,91,1,2,1.25,2.5,1.25
103,92,2,2,2.5,2.5,0.0
103,93,5,1,6.25,1.25,-5.0
103,94,2,1,2.5,1.25,-1.25
103,95,2,3,2.5,3.75,1.25
103,96,1,0,1.25,0.0,-1.25
103,97,0,1,0.0,1.25,1.25
103,98,1,2,1.25,2.5,1.25
103,99,1,0,1.25,0.0,-1.25
103,100,1,0,1.25,0.0,-1.25
103,101,0,2,0.0,2.5,2.5
103,102,0,0,0.0,0.0,0.0
103,103,0,1,0.0,1.25,1.25
103,104,1,0,1.25,0.0,-1.25
103,105,0,3,0.0,3.75,3.75
103,106,3,1,3.75,1.25,-2.5
103,107,1,1,1.25,1.25,0.0
103,108,0,4,0.0,5.0,5.0
103,109,0,1,0.0,1.25,1.25
103,110,1,0,1.25,0.0,-1.25
103,111,0,1,0.0,1.25,1.25
103,112,4,0,5.0,0.0,-5.0
103,113,1,0,1.25,0.0,-1.25
103,114,0,1,0.0,1.25,1.25
103,115,2,2,2.5,2.5,0.0
103,116,0,1,0.0,1.25,1.25
103,117,0,2,0.0,2.5,2.5
103,118,1,2,1.25,2.5,1.25
103,119,3,1,3.75,1.25,-2.5
103,120,2,1,2.5,1.25,-1.25
103,121,2,0,2.5,0.0,-2.5
103,122,3,0,3.75,0.0,-3.75
103,123,0,3,0.0,3.75,3.75
103,124,0,3,0.0,3.75,3.75
103,125,4,0,5.0,0.0,-5.0
103,126,0,1,0.0,1.25,1.25
103,127,1,0,1.25,0.0,-1.25
103,128,1,0,1.25,0.0,-1.25
103,129,3,4,3.75,5.0,1.25
103,130,2,0,2.5,0.0,-2.5
103,131,1,3,1.25,3.75,2.5
103,132,3,1,3.75,1.25,-2.5
103,133,3,2,3.75,2.5,-1.25
103,134,0,0,0.0,0.0,0.0
104,0,0,1,0.0,1.25,1.25
104,1,0,1,0.0,1.25,1.25
104,2,0,0,0.0,0.0,0.0
104,3,1,0,1.25,0.0,-1.25
104,4,0,0,0.0,0.0,0.0
104,5,1,1,1.25,1.25,0.0
104,6,0,0,0.0,0.0,0.0
104,7,1,0,1.25,0.0,-1.25
104,8,0,0,0.0,0.0,0.0
104,9,1,1,1.25,1.25,0.0
104,10,1,0,1.25,0.0,-1.25
104,11,0,0,0.0,0.0,0.0
104,12,1,0,1.25,0.0,-1.25
104,13,4,0,5.0,0.0,-5.0
104,14,1,0,1.25,0.0,-1.25
104,15,0,1,0.0,1.25,1.25
104,16,2,0,2.5,0.0,-2.5
104,17,0,0,0.0,0.0,0.0
104,18,0,0,0.0,0.0,0.0
104,19,1,1,1.25,1.25,0.0
104,20,0,0,0.0,0.0,0.0
104,21,0,1,0.0,1.25,1.25
104,22,1,0,1.25,0.0,-1.25
104,23,0,0,0.0,0.0,0.0
104,24,0,0,0.0,0.0,0.0
104,25,1,0,1.25,0.0,-1.25
104,26,1,0,1.25,0.0,-1.25
104,27,0,0,0.0,0.0,0.0
104,28,0,0,0.0,0.0,0.0
104,29,2,0,2.5,0.0,-2.5
104,30,0,0,0.0,0.0,0.0
104,31,1,0,1.25,0.0,-1.25
104,32,0,0,0.0,0.0,0.0
104,33,1,0,1.25,0.0,-1.25
104,34,0,0,0.0,0.0,0.0
104,35,0,0,0.0,0.0,0.0
104,36,0,0,0.0,0.0,0.0
104,37,1,0,1.25,0.0,-1.25
104,38,0,0,0.0,0.0,0.0
104,39,0,0,0.0,0.0,0.0
104,40,0,2,0.0,2.5,2.5
104,41,0,0,0.0,0.0,0.0
104,42,0,0,0.0,0.0,0.0
104,43,0,0,0.0,0.0,0.0
104,44,0,0,0.0,0.0,0.0
104,45,1,0,1.25,0.0,-1.25
104,46,2,0,2.5,0.0,-2.5
104,47,1,0,1.25,0.0,-1.25
104,48,2,0,2.5,0.0,-2.5
104,49,0,0,0.0,0.0,0.0
104,50,0,0,0.0,0.0,0.0
104,51,1,0,1.25,0.0,-1.25
104,52,0,0,0.0,0.0,0.0
104,53,0,0,0.0,0.0,0.0
104,54,0,0,0.0,0.0,0.0
104,55,0,1,0.0,1.25,1.25
104,56,0,2,0.0,2.5,2.5
104,57,0,0,0.0,0.0,0.0
104,58,0,0,0.0,0.0,0.0
104,59,2,0,2.5,0.0,-2.5
104,60,0,0,0.0,0.0,0.0
104,61,0,0,0.0,0.0,0.0
104,62,0,0,0.0,0.0,0.0
104,63,0,0,0.0,0.0,0.0
104,64,0,0,0.0,0.0,0.0
104,65,0,2,0.0,2.5,2.5
104,66,1,0,1.25,0.0,-1.25
104,67,0,0,0.0,0.0,0.0
104,68,0,0,0.0,0.0,0.0
104,69,0,1,0.0,1.25,1.25
104,70,4,2,5.0,2.5,-2.5
104,71,0,0,0.0,0.0,0.0
104,72,0,1,0.0,1.25,1.25
104,73,0,1,0.0,1.25,1.25
104,74,0,1,0.0,1.25,1.25
104,75,0,0,0.0,0.0,0.0
104,76,0,0,0.0,0.0,0.0
104,77,0,0,0.0,0.0,0.0
104,78,0,0,0.0,0.0,0.0
104,79,0,1,0.0,1.25,1.25
104,80,0,0,0.0,0.0,0.0
104,81,0,1,0.0,1.25,1.25
104,82,3,0,3.75,0.0,-3.75
104,83,2,0,2.5,0.0,-2.5
104,84,0,1,0.0,1.25,1.25
104,85,3,0,3.75,0.0,-3.75
104,86,1,2,1.25,2.5,1.25
104,87,0,1,0.0,1.25,1.25
104,88,1,1,1.25,1.25,0.0
104,89,1,0,1.25,0.0,-1.25
104,90,0,0,0.0,0.0,0.0
104,91,0,1,0.0,1.25,1.25
104,92,0,0,0.0,0.0,0.0
104,93,0,1,0.0,1.25,1.25
104,94,0,0,0.0,0.0,0.0
104,95,0,0,0.0,0.0,0.0
104,96,0,0,0.0,0.0,0.0
104,97,0,1,0.0,1.25,1.25
104,98,2,0,2.5,0.0,-2.5
104,99,1,0,1.25,0.0,-1.25
104,100,0,0,0.0,0.0,0.0
104,101,0,1,0.0,1.25,1.25
104,102,0,0,0.0,0.0,0.0
104,103,0,0,0.0,0.0,0.0
104,104,0,0,0.0,0.0,0.0
104,105,0,0,0.0,0.0,0.0
104,106,2,0,2.5,0.0,-2.5
104,107,0,1,0.0,1.25,1.25
104,108,1,1,1.25,1.25,0.0
104,109,0,0,0.0,0.0,0.0
104,110,0,0,0.0,0.0,0.0
104,111,1,0,1.25,0.0,-1.25
104,112,0,0,0.0,0.0,0.0
104,113,3,0,3.75,0.0,-3.75
104,114,0,0,0.0,0.0,0.0
104,115,1,0,1.25,0.0,-1.25
104,116,0,0,0.0,0.0,0.0
104,117,0,0,0.0,0.0,0.0
104,118,0,1,0.0,1.25,1.25
104,119,4,0,5.0,0.0,-5.0
104,120,0,1,0.0,1.25,1.25
104,121,1,2,1.25,2.5,1.25
104,122,0,0,0.0,0.0,0.0
104,123,0,0,0.0,0.0,0.0
104,124,0,0,0.0,0.0,0.0
104,125,1,0,1.25,0.0,-1.25
104,126,0,0,0.0,0.0,0.0
104,127,0,0,0.0,0.0,0.0
104,128,0,0,0.0,0.0,0.0
104,129,0,0,0.0,0.0,0.0
104,130,0,0,0.0,0.0,0.0
104,131,0,0,0.0,0.0,0.0
104,132,0,0,0.0,0.0,0.0
104,133,0,0,0.0,0.0,0.0
104,134,0,0,0.0,0.0,0.0
105,0,0,0,0.0,0.0,0.0
105,1,2,3,2.5,3.75,1.25
105,2,3,2,3.75,2.5,-1.25
105,3,0,1,0.0,1.25,1.25
105,4,1,4,1.25,5.0,3.75
105,5,1,2,1.25,2.5,1.25
105,6,0,0,0.0,0.0,0.0
105,7,1,1,1.25,1.25,0.0
105,8,1,0,1.25,0.0,-1.25
105,9,2,1,2.5,1.25,-1.25
105,10,2,1,2.5,1.25,-1.25
105,11,3,2,3.75,2.5,-1.25
105,12,6,2,7.5,2.5,-5.0
105,13,3,1,3.75,1.25,-2.5
105,14,1,0,1.25,0.0,-1.25
105,15,1,0,1.25,0.0,-1.25
105,16,3,1,3.75,1.25,-2.5
105,17,4,1,5.0,1.25,-3.75
105,18,1,1,1.25,1.25,0.0
105,19,1,0,1.25,0.0,-1.25
105,20,0,0,0.0,0.0,0.0
105,21,2,0,2.5,0.0,-2.5
105,22,0,0,0.0,0.0,0.0
105,23,1,1,1.25,1.25,0.0
105,24,0,1,0.0,1.25,1.25
105,25,3,0,3.75,0.0,-3.75
105,26,0,2,0.0,2.5,2.5
105,27,1,0,1.25,0.0,-1.25
105,28,0,0,0.0,0.0,0.0
105,29,2,0,2.5,0.0,-2.5
105,30,0,2,0.0,2.5,2.5
105,31,4,0,5.0,0.0,-5.0
105,32,0,0,0.0,0.0,0.0
105,33,0,0,0.0,0.0,0.0
105,34,4,0,5.0,0.0,-5.0
105,35,4,0,5.0,0.0,-5.0
105,36,1,2,1.25,2.5,1.25
105,37,2,1,2.5,1.25,-1.25
105,38,2,3,2.5,3.75,1.25
105,39,3,1,3.75,1.25,-2.5
105,40,4,0,5.0,0.0,-5.0
105,41,0,0,0.0,0.0,0.0
105,42,0,2,0.0,2.5,2.5
105,43,1,2,1.25,2.5,1.25
105,44,6,1,7.5,1.25,-6.25
105,45,6,1,7.5,1.25,-6.25
105,46,1,3,1.25,3.75,2.5
105,47,2,1,2.5,1.25,-1.25
105,48,2,1,2.5,1.25,-1.25
105,49,0,0,0.0,0.0,0.0
105,50,0,0,0.0,0.0,0.0
105,51,1,0,1.25,0.0,-1.25
105,52,0,0,0.0,0.0,0.0
105,53,0,2,0.0,2.5,2.5
105,54,0,0,0.0,0.0,0.0
105,55,0,1,0.0,1.25,1.25
105,56,2,2,2.5,2.5,0.0
105,57,2,0,2.5,0.0,-2.5
105,58,3,1,3.75,1.25,-2.5
105,59,0,0,0.0,0.0,0.0
105,60,1,0,1.25,0.0,-1.25
105,61,2,1,2.5,1.25,-1.25
105,62,1,5,1.25,6.25,5.0
105,63,4,1,5.0,1.25,-3.75
105,64,1,0,1.25,0.0,-1.25
105,65,1,2,1.25,2.5,1.25
105,66,0,0,0.0,0.0,0.0
105,67,1,0,1.25,0.0,-1.25
105,68,1,1,1.25,1.25,0.0
105,69,2,0,2.5,0.0,-2.5
105,70,2,0,2.5,0.0,-2.5
105,71,1,0,1.25,0.0,-1.25
105,72,2,0,2.5,0.0,-2.5
105,73,4,2,5.0,2.5,-2.5
105,74,0,4,0.0,5.0,5.0
105,75,1,0,1.25,0.0,-1.25
105,76,2,1,2.5,1.25,-1.25
105,77,3,3,3.75,3.75,0.0
105,78,1,2,1.25,2.5,1.25
105,79,1,5,1.25,6.25,5.0
105,80,0,0,0.0,0.0,0.0
105,81,2,3,2.5,3.75,1.25
105,82,1,2,1.25,2.5,1.25
105,83,4,1,5.0,1.25,-3.75
105,84,2,0,2.5,0.0,-2.5
105,85,4,1,5.0,1.25,-3.75
105,86,1,2,1.25,2.5,1.25
105,87,1,1,1.25,1.25,0.0
105,88,3,1,3.75,1.25,-2.5
105,89,3,5,3.75,6.25,2.5
105,90,4,4,5.0,5.0,0.0
105,91,1,1,1.25,1.25,0.0
105,92,1,2,1.25,2.5,1.25
105,93,3,0,3.75,0.0,-3.75
105,94,1,0,1.25,0.0,-1.25
105,95,1,0,1.25,0.0,-1.25
105,96,0,0,0.0,0.0,0.0
105,97,0,1,0.0,1.25,1.25
105,98,0,1,0.0,1.25,1.25
105,99,1,0,1.25,0.0,-1.25
105,100,0,1,0.0,1.25,1.25
105,101,0,4,0.0,5.0,5.0
105,102,13,2,16.25,2.5,-13.75
105,103,2,1,2.5,1.25,-1.25
105,104,0,2,0.0,2.5,2.5
105,105,1,0,1.25,0.0,-1.25
105,106,1,0,1.25,0.0,-1.25
105,107,7,1,8.75,1.25,-7.5
105,108,2,1,2.5,1.25,-1.25
105,109,1,1,1.25,1.25,0.0
105,110,0,1,0.0,1.25,1.25
105,111,1,1,1.25,1.25,0.0
105,112,0,1,0.0,1.25,1.25
105,113,4,0,5.0,0.0,-5.0
105,114,1,1,1.25,1.25,0.0
105,115,2,2,2.5,2.5,0.0
105,116,0,1,0.0,1.25,1.25
105,117,0,0,0.0,0.0,0.0
105,118,4,1,5.0,1.25,-3.75
105,119,4,2,5.0,2.5,-2.5
105,120,2,5,2.5,6.25,3.75
105,121,0,0,0.0,0.0,0.0
105,122,2,0,2.5,0.0,-2.5
105,123,0,2,0.0,2.5,2.5
105,124,0,0,0.0,0.0,0.0
105,125,1,0,1.25,0.0,-1.25
105,126,0,2,0.0,2.5,2.5
105,127,4,1,5.0,1.25,-3.75
105,128,1,1,1.25,1.25,0.0
105,129,2,0,2.5,0.0,-2.5
105,130,0,0,0.0,0.0,0.0
105,131,1,1,1.25,1.25,0.0
105,132,0,0,0.0,0.0,0.0
105,133,2,0,2.5,0.0,-2.5
105,134,0,0,0.0,0.0,0.0
106,0,3,2,3.75,2.5,-1.25
106,1,3,0,3.75,0.0,-3.75
106,2,0,1,0.0,1.25,1.25
106,3,2,0,2.5,0.0,-2.5
106,4,5,1,6.25,1.25,-5.0
106,5,1,0,1.25,0.0,-1.25
106,6,3,0,3.75,0.0,-3.75
106,7,0,0,0.0,0.0,0.0
106,8,1,2,1.25,2.5,1.25
106,9,3,3,3.75,3.75,0.0
106,10,1,3,1.25,3.75,2.5
106,11,2,1,2.5,1.25,-1.25
106,12,2,3,2.5,3.75,1.25
106,13,2,0,2.5,0.0,-2.5
106,14,0,2,0.0,2.5,2.5
106,15,2,0,2.5,0.0,-2.5
106,16,2,2,2.5,2.5,0.0
106,17,0,2,0.0,2.5,2.5
106,18,4,1,5.0,1.25,-3.75
106,19,0,0,0.0,0.0,0.0
106,20,2,4,2.5,5.0,2.5
106,21,0,1,0.0,1.25,1.25
106,22,1,2,1.25,2.5,1.25
106,23,3,0,3.75,0.0,-3.75
106,24,4,2,5.0,2.5,-2.5
106,25,1,0,1.25,0.0,-1.25
106,26,1,2,1.25,2.5,1.25
106,27,0,0,0.0,0.0,0.0
106,28,2,2,2.5,2.5,0.0
106,29,3,5,3.75,6.25,2.5
106,30,1,1,1.25,1.25,0.0
106,31,1,3,1.25,3.75,2.5
106,32,2,0,2.5,0.0,-2.5
106,33,0,1,0.0,1.25,1.25
106,34,1,3,1.25,3.75,2.5
106,35,1,3,1.25,3.75,2.5
106,36,3,3,3.75,3.75,0.0
106,37,1,2,1.25,2.5,1.25
106,38,0,2,0.0,2.5,2.5
106,39,2,4,2.5,5.0,2.5
106,40,2,0,2.5,0.0,-2.5
106,41,0,1,0.0,1.25,1.25
106,42,1,2,1.25,2.5,1.25
106,43,2,3,2.5,3.75,1.25
106,44,1,0,1.25,0.0,-1.25
106,45,4,0,5.0,0.0,-5.0
106,46,0,2,0.0,2.5,2.5
106,47,2,0,2.5,0.0,-2.5
106,48,4,0,5.0,0.0,-5.0
106,49,2,2,2.5,2.5,0.0
106,50,3,1,3.75,1.25,-2.5
106,51,2,1,2.5,1.25,-1.25
106,52,3,0,3.75,0.0,-3.75
106,53,2,2,2.5,2.5,0.0
106,54,1,1,1.25,1.25,0.0
106,55,0,0,0.0,0.0,0.0
106,56,0,0,0.0,0.0,0.0
106,57,4,1,5.0,1.25,-3.75
106,58,0,0,0.0,0.0,0.0
106,59,2,1,2.5,1.25,-1.25
106,60,3,2,3.75,2.5,-1.25
106,61,2,0,2.5,0.0,-2.5
106,62,1,0,1.25,0.0,-1.25
106,63,0,0,0.0,0.0,0.0
106,64,0,1,0.0,1.25,1.25
106,65,1,2,1.25,2.5,1.25
106,66,3,1,3.75,1.25,-2.5
106,67,0,0,0.0,0.0,0.0
106,68,0,3,0.0,3.75,3.75
106,69,0,2,0.0,2.5,2.5
106,70,1,0,1.25,0.0,-1.25
106,71,3,3,3.75,3.75,0.0
106,72,1,1,1.25,1.25,0.0
106,73,3,2,3.75,2.5,-1.25
106,74,1,2,1.25,2.5,1.25
106,75,0,0,0.0,0.0,0.0
106,76,3,1,3.75,1.25,-2.5
106,77,0,1,0.0,1.25,1.25
106,78,3,1,3.75,1.25,-2.5
106,79,3,1,3.75,1.25,-2.5
106,80,3,0,3.75,0.0,-3.75
106,81,2,4,2.5,5.0,2.5
106,82,1,2,1.25,2.5,1.25
106,83,1,1,1.25,1.25,0.0
106,84,0,2,0.0,2.5,2.5
106,85,2,1,2.5,1.25,-1.25
106,86,0,2,0.0,2.5,2.5
106,87,1,0,1.25,0.0,-1.25
106,88,1,3,1.25,3.75,2.5
106,89,2,0,2.5,0.0,-2.5
106,90,0,2,0.0,2.5,2.5
106,91,1,0,1.25,0.0,-1.25
106,92,0,0,0.0,0.0,0.0
106,93,2,1,2.5,1.25,-1.25
106,94,2,1,2.5,1.25,-1.25
106,95,2,1,2.5,1.25,-1.25
106,96,2,2,2.5,2.5,0.0
106,97,0,0,0.0,0.0,0.0
106,98,1,2,1.25,2.5,1.25
106,99,1,2,1.25,2.5,1.25
106,100,1,0,1.25,0.0,-1.25
106,101,1,0,1.25,0.0,-1.25
106,102,1,3,1.25,3.75,2.5
106,103,0,1,0.0,1.25,1.25
106,104,0,4,0.0,5.0,5.0
106,105,2,1,2.5,1.25,-1.25
106,106,1,0,1.25,0.0,-1.25
106,107,0,0,0.0,0.0,0.0
106,108,1,2,1.25,2.5,1.25
106,109,1,0,1.25,0.0,-1.25
106,110,1,2,1.25,2.5,1.25
106,111,1,1,1.25,1.25,0.0
106,112,1,0,1.25,0.0,-1.25
106,113,0,0,0.0,0.0,0.0
106,114,1,2,1.25,2.5,1.25
106,115,5,0,6.25,0.0,-6.25
106,116,3,1,3.75,1.25,-2.5
106,117,0,0,0.0,0.0,0.0
106,118,3,0,3.75,0.0,-3.75
106,119,0,0,0.0,0.0,0.0
106,120,3,3,3.75,3.75,0.0
106,121,3,2,3.75,2.5,-1.25
106,122,1,1,1.25,1.25,0.0
106,123,0,1,0.0,1.25,1.25
106,124,1,0,1.25,0.0,-1.25
106,125,0,2,0.0,2.5,2.5
106,126,0,2,0.0,2.5,2.5
106,127,2,2,2.5,2.5,0.0
106,128,1,1,1.25,1.25,0.0
106,129,1,1,1.25,1.25,0.0
106,130,1,1,1.25,1.25,0.0
106,131,0,0,0.0,0.0,0.0
106,132,1,1,1.25,1.25,0.0
106,133,0,1,0.0,1.25,1.25
106,134,1,2,1.25,2.5,1.25
107,0,1,2,1.25,2.5,1.25
107,1,0,0,0.0,0.0,0.0
107,2,2,1,2.5,1.25,-1.25
107,3,1,1,1.25,1.25,0.0
107,4,0,0,0.0,0.0,0.0
107,5,0,1,0.0,1.25,1.25
107,6,2,1,2.5,1.25,-1.25
107,7,1,0,1.25,0.0,-1.25
107,8,0,1,0.0,1.25,1.25
107,9,1,0,1.25,0.0,-1.25
107,10,4,1,5.0,1.25,-3.75
107,11,1,0,1.25,0.0,-1.25
107,12,2,2,2.5,2.5,0.0
107,13,2,1,2.5,1.25,-1.25
107,14,2,1,2.5,1.25,-1.25
107,15,3,1,3.75,1.25,-2.5
107,16,2,1,2.5,1.25,-1.25
107,17,4,0,5.0,0.0,-5.0
107,18,0,0,0.0,0.0,0.0
107,19,1,1,1.25,1.25,0.0
107,20,1,0,1.25,0.0,-1.25
107,21,0,1,0.0,1.25,1.25
107,22,1,2,1.25,2.5,1.25
107,23,3,0,3.75,0.0,-3.75
107,24,1,2,1.25,2.5,1.25
107,25,2,2,2.5,2.5,0.0
107,26,1,2,1.25,2.5,1.25
107,27,0,0,0.0,0.0,0.0
107,28,2,3,2.5,3.75,1.25
107,29,1,1,1.25,1.25,0.0
107,30,0,1,0.0,1.25,1.25
107,31,0,1,0.0,1.25,1.25
107,32,3,1,3.75,1.25,-2.5
107,33,2,0,2.5,0.0,-2.5
107,34,0,0,0.0,0.0,0.0
107,35,3,1,3.75,1.25,-2.5
107,36,3,2,3.75,2.5,-1.25
107,37,1,2,1.25,2.5,1.25
107,38,0,0,0.0,0.0,0.0
107,39,1,0,1.25,0.0,-1.25
107,40,2,3,2.5,3.75,1.25
107,41,1,0,1.25,0.0,-1.25
107,42,1,0,1.25,0.0,-1.25
107,43,0,0,0.0,0.0,0.0
107,44,1,0,1.25,0.0,-1.25
107,45,1,1,1.25,1.25,0.0
107,46,0,0,0.0,0.0,0.0
107,47,1,1,1.25,1.25,0.0
107,48,0,1,0.0,1.25,1.25
107,49,0,1,0.0,1.25,1.25
107,50,1,0,1.25,0.0,-1.25
107,51,2,0,2.5,0.0,-2.5
107,52,1,1,1.25,1.25,0.0
107,53,2,2,2.5,2.5,0.0
107,54,0,1,0.0,1.25,1.25
107,55,0,0,0.0,0.0,0.0
107,56,0,2,0.0,2.5,2.5
107,57,1,0,1.25,0.0,-1.25
107,58,0,0,0.0,0.0,0.0
107,59,0,1,0.0,1.25,1.25
107,60,0,0,0.0,0.0,0.0
107,61,0,1,0.0,1.25,1.25
107,62,2,1,2.5,1.25,-1.25
107,63,3,0,3.75,0.0,-3.75
107,64,1,1,1.25,1.25,0.0
107,65,0,0,0.0,0.0,0.0
107,66,0,2,0.0,2.5,2.5
107,67,0,0,0.0,0.0,0.0
107,68,0,0,0.0,0.0,0.0
107,69,1,1,1.25,1.25,0.0
107,70,0,1,0.0,1.25,1.25
107,71,1,1,1.25,1.25,0.0
107,72,0,0,0.0,0.0,0.0
107,73,1,0,1.25,0.0,-1.25
107,74,0,0,0.0,0.0,0.0
107,75,0,1,0.0,1.25,1.25
107,76,2,0,2.5,0.0,-2.5
107,77,1,0,1.25,0.0,-1.25
107,78,1,1,1.25,1.25,0.0
107,79,0,3,0.0,3.75,3.75
107,80,1,1,1.25,1.25,0.0
107,81,1,1,1.25,1.25,0.0
107,82,0,0,0.0,0.0,0.0
107,83,1,0,1.25,0.0,-1.25
107,84,0,0,0.0,0.0,0.0
107,85,1,0,1.25,0.0,-1.25
107,86,0,0,0.0,0.0,0.0
107,87,1,1,1.25,1.25,0.0
107,88,2,0,2.5,0.0,-2.5
107,89,1,0,1.25,0.0,-1.25
107,90,2,2,2.5,2.5,0.0
107,91,0,1,0.0,1.25,1.25
107,92,1,1,1.25,1.25,0.0
107,93,1,1,1.25,1.25,0.0
107,94,1,2,1.25,2.5,1.25
107,95,0,0,0.0,0.0,0.0
107,96,0,1,0.0,1.25,1.25
107,97,0,3,0.0,3.75,3.75
107,98,1,0,1.25,0.0,-1.25
107,99,0,0,0.0,0.0,0.0
107,100,0,1,0.0,1.25,1.25
107,101,2,0,2.5,0.0,-2.5
107,102,2,1,2.5,1.25,-1.25
107,103,1,1,1.25,1.25,0.0
107,104,1,0,1.25,0.0,-1.25
107,105,4,2,5.0,2.5,-2.5
107,106,0,1,0.0,1.25,1.25
107,107,1,0,1.25,0.0,-1.25
107,108,0,1,0.0,1.25,1.25
107,109,0,1,0.0,1.25,1.25
107,110,0,0,0.0,0.0,0.0
107,111,0,1,0.0,1.25,1.25
107,112,0,0,0.0,0.0,0.0
107,113,1,0,1.25,0.0,-1.25
107,114,0,1,0.0,1.25,1.25
107,115,0,0,0.0,0.0,0.0
107,116,1,0,1.25,0.0,-1.25
107,117,0,2,0.0,2.5,2.5
107,118,0,1,0.0,1.25,1.25
107,119,1,0,1.25,0.0,-1.25
107,120,0,0,0.0,0.0,0.0
107,121,0,2,0.0,2.5,2.5
107,122,0,0,0.0,0.0,0.0
107,123,2,0,2.5,0.0,-2.5
107,124,2,0,2.5,0.0,-2.5
107,125,0,1,0.0,1.25,1.25
107,126,0,1,0.0,1.25,1.25
107,127,1,0,1.25,0.0,-1.25
107,128,0,1,0.0,1.25,1.25
107,129,1,0,1.25,0.0,-1.25
107,130,0,1,0.0,1.25,1.25
107,131,0,0,0.0,0.0,0.0
107,132,0,1,0.0,1.25,1.25
107,133,1,0,1.25,0.0,-1.25
107,134,0,0,0.0,0.0,0.0
108,0,2,0,2.5,0.0,-2.5
108,1,0,0,0.0,0.0,0.0
108,2,0,0,0.0,0.0,0.0
108,3,1,2,1.25,2.5,1.25
108,4,0,0,0.0,0.0,0.0
108,5,0,0,0.0,0.0,0.0
108,6,1,0,1.25,0.0,-1.25
108,7,0,0,0.0,0.0,0.0
108,8,1,1,1.25,1.25,0.0
108,9,1,0,1.25,0.0,-1.25
108,10,0,1,0.0,1.25,1.25
108,11,1,0,1.25,0.0,-1.25
108,12,1,2,1.25,2.5,1.25
108,13,2,0,2.5,0.0,-2.5
108,14,0,3,0.0,3.75,3.75
108,15,0,1,0.0,1.25,1.25
108,16,0,2,0.0,2.5,2.5
108,17,2,0,2.5,0.0,-2.5
108,18,1,1,1.25,1.25,0.0
108,19,2,5,2.5,6.25,3.75
108,20,0,0,0.0,0.0,0.0
108,21,0,0,0.0,0.0,0.0
108,22,2,0,2.5,0.0,-2.5
108,23,1,0,1.25,0.0,-1.25
108,24,3,1,3.75,1.25,-2.5
108,25,0,0,0.0,0.0,0.0
108,26,2,2,2.5,2.5,0.0
108,27,1,0,1.25,0.0,-1.25
108,28,2,1,2.5,1.25,-1.25
108,29,1,0,1.25,0.0,-1.25
108,30,2,0,2.5,0.0,-2.5
108,31,0,2,0.0,2.5,2.5
108,32,7,1,8.75,1.25,-7.5
108,33,0,2,0.0,2.5,2.5
108,34,1,1,1.25,1.25,0.0
108,35,0,0,0.0,0.0,0.0
108,36,0,1,0.0,1.25,1.25
108,37,0,0,0.0,0.0,0.0
108,38,0,1,0.0,1.25,1.25
108,39,0,2,0.0,2.5,2.5
108,40,1,0,1.25,0.0,-1.25
108,41,0,0,0.0,0.0,0.0
108,42,2,0,2.5,0.0,-2.5
108,43,0,1,0.0,1.25,1.25
108,44,1,1,1.25,1.25,0.0
108,45,2,0,2.5,0.0,-2.5
108,46,0,0,0.0,0.0,0.0
108,47,0,1,0.0,1.25,1.25
108,48,0,1,0.0,1.25,1.25
108,49,0,1,0.0,1.25,1.25
108,50,2,1,2.5,1.25,-1.25
108,51,0,2,0.0,2.5,2.5
108,52,1,0,1.25,0.0,-1.25
108,53,0,1,0.0,1.25,1.25
108,54,0,2,0.0,2.5,2.5
108,55,0,1,0.0,1.25,1.25
108,56,0,2,0.0,2.5,2.5
108,57,0,1,0.0,1.25,1.25
108,58,0,0,0.0,0.0,0.0
108,59,0,0,0.0,0.0,0.0
108,60,1,0,1.25,0.0,-1.25
108,61,0,0,0.0,0.0,0.0
108,62,1,0,1.25,0.0,-1.25
108,63,1,0,1.25,0.0,-1.25
108,64,0,0,0.0,0.0,0.0
108,65,0,1,0.0,1.25,1.25
108,66,0,0,0.0,0.0,0.0
108,67,0,0,0.0,0.0,0.0
108,68,0,2,0.0,2.5,2.5
108,69,0,1,0.0,1.25,1.25
108,70,0,1,0.0,1.25,1.25
108,71,0,2,0.0,2.5,2.5
108,72,0,3,0.0,3.75,3.75
108,73,1,0,1.25,0.0,-1.25
108,74,1,1,1.25,1.25,0.0
108,75,0,0,0.0,0.0,0.0
108,76,0,1,0.0,1.25,1.25
108,77,0,0,0.0,0.0,0.0
108,78,0,0,0.0,0.0,0.0
108,79,0,0,0.0,0.0,0.0
108,80,2,3,2.5,3.75,1.25
108,81,1,1,1.25,1.25,0.0
108,82,2,0,2.5,0.0,-2.5
108,83,0,3,0.0,3.75,3.75
108,84,1,3,1.25,3.75,2.5
108,85,0,1,0.0,1.25,1.25
108,86,0,0,0.0,0.0,0.0
108,87,0,0,0.0,0.0,0.0
108,88,0,1,0.0,1.25,1.25
108,89,0,0,0.0,0.0,0.0
108,90,1,0,1.25,0.0,-1.25
108,91,0,0,0.0,0.0,0.0
108,92,0,0,0.0,0.0,0.0
108,93,0,0,0.0,0.0,0.0
108,94,1,0,1.25,0.0,-1.25
108,95,1,1,1.25,1.25,0.0
108,96,0,0,0.0,0.0,0.0
108,97,1,0,1.25,0.0,-1.25
108,98,0,1,0.0,1.25,1.25
108,99,0,5,0.0,6.25,6.25
108,100,1,1,1.25,1.25,0.0
108,101,0,1,0.0,1.25,1.25
108,102,0,0,0.0,0.0,0.0
108,103,0,1,0.0,1.25,1.25
108,104,1,1,1.25,1.25,0.0
108,105,0,2,0.0,2.5,2.5
108,106,1,1,1.25,1.25,0.0
108,107,1,0,1.25,0.0,-1.25
108,108,0,0,0.0,0.0,0.0
108,109,1,0,1.25,0.0,-1.25
108,110,0,0,0.0,0.0,0.0
108,111,0,1,0.0,1.25,1.25
108,112,1,0,1.25,0.0,-1.25
108,113,1,1,1.25,1.25,0.0
108,114,0,0,0.0,0.0,0.0
108,115,2,0,2.5,0.0,-2.5
108,116,0,2,0.0,2.5,2.5
108,117,0,1,0.0,1.25,1.25
108,118,1,0,1.25,0.0,-1.25
108,119,1,2,1.25,2.5,1.25
108,120,0,3,0.0,3.75,3.75
108,121,0,1,0.0,1.25,1.25
108,122,1,0,1.25,0.0,-1.25
108,123,0,0,0.0,0.0,0.0
108,124,1,0,1.25,0.0,-1.25
108,125,0,1,0.0,1.25,1.25
108,126,0,0,0.0,0.0,0.0
108,127,2,0,2.5,0.0,-2.5
108,128,0,0,0.0,0.0,0.0
108,129,0,1,0.0,1.25,1.25
108,130,0,1,0.0,1.25,1.25
108,131,0,2,0.0,2.5,2.5
108,132,0,0,0.0,0.0,0.0
108,133,0,0,0.0,0.0,0.0
108,134,0,0,0.0,0.0,0.0
109,0,0,1,0.0,1.25,1.25
109,1,0,1,0.0,1.25,1.25
109,2,2,0,2.5,0.0,-2.5
109,3,0,1,0.0,1.25,1.25
109,4,0,0,0.0,0.0,0.0
109,5,0,0,0.0,0.0,0.0
109,6,0,0,0.0,0.0,0.0
109,7,0,0,0.0,0.0,0.0
109,8,0,2,0.0,2.5,2.5
109,9,2,2,2.5,2.5,0.0
109,10,1,1,1.25,1.25,0.0
109,11,1,0,1.25,0.0,-1.25
109,12,0,0,0.0,0.0,0.0
109,13,1,1,1.25,1.25,0.0
109,14,0,0,0.0,0.0,0.0
109,15,0,1,0.0,1.25,1.25
109,16,3,0,3.75,0.0,-3.75
109,17,1,1,1.25,1.25,0.0
109,18,1,0,1.25,0.0,-1.25
109,19,3,2,3.75,2.5,-1.25
109,20,0,0,0.0,0.0,0.0
109,21,0,0,0.0,0.0,0.0
109,22,1,0,1.25,0.0,-1.25
109,23,1,1,1.25,1.25,0.0
109,24,1,1,1.25,1.25,0.0
109,25,1,2,1.25,2.5,1.25
109,26,5,0,6.25,0.0,-6.25
109,27,3,1,3.75,1.25,-2.5
109,28,3,1,3.75,1.25,-2.5
109,29,0,0,0.0,0.0,0.0
109,30,2,0,2.5,0.0,-2.5
109,31,0,1,0.0,1.25,1.25
109,32,1,0,1.25,0.0,-1.25
109,33,1,1,1.25,1.25,0.0
109,34,1,0,1.25,0.0,-1.25
109,35,1,0,1.25,0.0,-1.25
109,36,0,0,0.0,0.0,0.0
109,37,0,1,0.0,1.25,1.25
109,38,1,1,1.25,1.25,0.0
109,39,1,0,1.25,0.0,-1.25
109,40,2,0,2.5,0.0,-2.5
109,41,0,0,0.0,0.0,0.0
109,42,1,0,1.25,0.0,-1.25
109,43,1,3,1.25,3.75,2.5
109,44,0,3,0.0,3.75,3.75
109,45,1,1,1.25,1.25,0.0
109,46,2,0,2.5,0.0,-2.5
109,47,1,1,1.25,1.25,0.0
109,48,1,2,1.25,2.5,1.25
109,49,0,0,0.0,0.0,0.0
109,50,3,1,3.75,1.25,-2.5
109,51,1,2,1.25,2.5,1.25
109,52,2,2,2.5,2.5,0.0
109,53,1,0,1.25,0.0,-1.25
109,54,2,2,2.5,2.5,0.0
109,55,0,0,0.0,0.0,0.0
109,56,1,0,1.25,0.0,-1.25
109,57,1,1,1.25,1.25,0.0
109,58,2,2,2.5,2.5,0.0
109,59,2,0,2.5,0.0,-2.5
109,60,1,1,1.25,1.25,0.0
109,61,0,1,0.0,1.25,1.25
109,62,2,0,2.5,0.0,-2.5
109,63,1,0,1.25,0.0,-1.25
109,64,2,0,2.5,0.0,-2.5
109,65,1,0,1.25,0.0,-1.25
109,66,0,0,0.0,0.0,0.0
109,67,0,0,0.0,0.0,0.0
109,68,0,0,0.0,0.0,0.0
109,69,0,0,0.0,0.0,0.0
109,70,0,0,0.0,0.0,0.0
109,71,1,0,1.25,0.0,-1.25
109,72,0,2,0.0,2.5,2.5
109,73,0,0,0.0,0.0,0.0
109,74,2,0,2.5,0.0,-2.5
109,75,1,0,1.25,0.0,-1.25
109,76,1,1,1.25,1.25,0.0
109,77,0,0,0.0,0.0,0.0
109,78,1,0,1.25,0.0,-1.25
109,79,1,2,1.25,2.5,1.25
109,80,2,4,2.5,5.0,2.5
109,81,2,1,2.5,1.25,-1.25
109,82,0,0,0.0,0.0,0.0
109,83,0,0,0.0,0.0,0.0
109,84,2,3,2.5,3.75,1.25
109,85,0,2,0.0,2.5,2.5
109,86,0,1,0.0,1.25,1.25
109,87,1,1,1.25,1.25,0.0
109,88,0,1,0.0,1.25,1.25
109,89,1,0,1.25,0.0,-1.25
109,90,0,0,0.0,0.0,0.0
109,91,1,0,1.25,0.0,-1.25
109,92,1,0,1.25,0.0,-1.25
109,93,0,2,0.0,2.5,2.5
109,94,0,0,0.0,0.0,0.0
109,95,1,1,1.25,1.25,0.0
109,96,0,3,0.0,3.75,3.75
109,97,0,0,0.0,0.0,0.0
109,98,1,0,1.25,0.0,-1.25
109,99,1,2,1.25,2.5,1.25
109,100,1,1,1.25,1.25,0.0
109,101,0,1,0.0,1.25,1.25
109,102,0,0,0.0,0.0,0.0
109,103,1,1,1.25,1.25,0.0
109,104,0,0,0.0,0.0,0.0
109,105,2,3,2.5,3.75,1.25
109,106,2,2,2.5,2.5,0.0
109,107,1,1,1.25,1.25,0.0
109,108,0,0,0.0,0.0,0.0
109,109,1,0,1.25,0.0,-1.25
109,110,0,0,0.0,0.0,0.0
109,111,0,0,0.0,0.0,0.0
109,112,1,0,1.25,0.0,-1.25
109,113,1,1,1.25,1.25,0.0
109,114,0,1,0.0,1.25,1.25
109,115,4,2,5.0,2.5,-2.5
109,116,0,2,0.0,2.5,2.5
109,117,0,0,0.0,0.0,0.0
109,118,0,1,0.0,1.25,1.25
109,119,0,1,0.0,1.25,1.25
109,120,0,0,0.0,0.0,0.0
109,121,0,0,0.0,0.0,0.0
109,122,1,1,1.25,1.25,0.0
109,123,2,0,2.5,0.0,-2.5
109,124,1,2,1.25,2.5,1.25
109,125,1,0,1.25,0.0,-1.25
109,126,0,0,0.0,0.0,0.0
109,127,0,2,0.0,2.5,2.5
109,128,0,0,0.0,0.0,0.0
109,129,1,0,1.25,0.0,-1.25
109,130,1,1,1.25,1.25,0.0
109,131,0,0,0.0,0.0,0.0
109,132,0,0,0.0,0.0,0.0
109,133,0,0,0.0,0.0,0.0
109,134,2,1,2.5,1.25,-1.25
110,0,2,0,2.5,0.0,-2.5
110,1,0,0,0.0,0.0,0.0
110,2,0,0,0.0,0.0,0.0
110,3,1,0,1.25,0.0,-1.25
110,4,0,0,0.0,0.0,0.0
110,5,0,0,0.0,0.0,0.0
110,6,2,0,2.5,0.0,-2.5
110,7,0,0,0.0,0.0,0.0
110,8,1,1,1.25,1.25,0.0
110,9,1,0,1.25,0.0,-1.25
110,10,0,0,0.0,0.0,0.0
110,11,0,0,0.0,0.0,0.0
110,12,0,1,0.0,1.25,1.25
110,13,1,0,1.25,0.0,-1.25
110,14,0,1,0.0,1.25,1.25
110,15,0,0,0.0,0.0,0.0
110,16,0,0,0.0,0.0,0.0
110,17,1,0,1.25,0.0,-1.25
110,18,0,0,0.0,0.0,0.0
110,19,1,1,1.25,1.25,0.0
110,20,0,0,0.0,0.0,0.0
110,21,0,0,0.0,0.0,0.0
110,22,2,0,2.5,0.0,-2.5
110,23,0,0,0.0,0.0,0.0
110,24,2,0,2.5,0.0,-2.5
110,25,0,0,0.0,0.0,0.0
110,26,0,1,0.0,1.25,1.25
110,27,0,0,0.0,0.0,0.0
110,28,1,0,1.25,0.0,-1.25
110,29,0,0,0.0,0.0,0.0
110,30,0,0,0.0,0.0,0.0
110,31,0,0,0.0,0.0,0.0
110,32,4,1,5.0,1.25,-3.75
110,33,1,1,1.25,1.25,0.0
110,34,0,0,0.0,0.0,0.0
110,35,0,0,0.0,0.0,0.0
110,36,0,1,0.0,1.25,1.25
110,37,0,0,0.0,0.0,0.0
110,38,0,0,0.0,0.0,0.0
110,39,0,0,0.0,0.0,0.0
110,40,0,0,0.0,0.0,0.0
110,41,0,0,0.0,0.0,0.0
110,42,1,0,1.25,0.0,-1.25
110,43,0,0,0.0,0.0,0.0
110,44,1,0,1.25,0.0,-1.25
110,45,0,0,0.0,0.0,0.0
110,46,0,0,0.0,0.0,0.0
110,47,0,1,0.0,1.25,1.25
110,48,0,0,0.0,0.0,0.0
110,49,0,0,0.0,0.0,0.0
110,50,0,0,0.0,0.0,0.0
110,51,0,0,0.0,0.0,0.0
110,52,1,0,1.25,0.0,-1.25
110,53,0,1,0.0,1.25,1.25
110,54,0,0,0.0,0.0,0.0
110,55,0,0,0.0,0.0,0.0
110,56,0,2,0.0,2.5,2.5
110,57,0,1,0.0,1.25,1.25
110,58,0,0,0.0,0.0,0.0
110,59,0,0,0.0,0.0,0.0
110,60,1,0,1.25,0.0,-1.25
110,61,0,0,0.0,0.0,0.0
110,62,0,0,0.0,0.0,0.0
110,63,0,0,0.0,0.0,0.0
110,64,0,0,0.0,0.0,0.0
110,65,0,1,0.0,1.25,1.25
110,66,0,0,0.0,0.0,0.0
110,67,0,0,0.0,0.0,0.0
110,68,0,1,0.0,1.25,1.25
110,69,0,1,0.0,1.25,1.25
110,70,0,0,0.0,0.0,0.0
110,71,0,1,0.0,1.25,1.25
110,72,0,0,0.0,0.0,0.0
110,73,0,0,0.0,0.0,0.0
110,74,0,0,0.0,0.0,0.0
110,75,0,0,0.0,0.0,0.0
110,76,0,0,0.0,0.0,0.0
110,77,0,0,0.0,0.0,0.0
110,78,0,0,0.0,0.0,0.0
110,79,0,0,0.0,0.0,0.0
110,80,0,0,0.0,0.0,0.0
110,81,1,1,1.25,1.25,0.0
110,82,0,0,0.0,0.0,0.0
110,83,0,3,0.0,3.75,3.75
110,84,0,1,0.0,1.25,1.25
110,85,0,0,0.0,0.0,0.0
110,86,0,0,0.0,0.0,0.0
110,87,0,0,0.0,0.0,0.0
110,88,0,0,0.0,0.0,0.0
110,89,0,0,0.0,0.0,0.0
110,90,0,0,0.0,0.0,0.0
110,91,0,0,0.0,0.0,0.0
110,92,0,0,0.0,0.0,0.0
110,93,0,1,0.0,1.25,1.25
110,94,1,0,1.25,0.0,-1.25
110,95,0,0,0.0,0.0,0.0
110,96,0,0,0.0,0.0,0.0
110,97,0,0,0.0,0.0,0.0
110,98,0,0,0.0,0.0,0.0
110,99,0,3,0.0,3.75,3.75
110,100,0,0,0.0,0.0,0.0
110,101,0,1,0.0,1.25,1.25
110,102,0,0,0.0,0.0,0.0
110,103,1,0,1.25,0.0,-1.25
110,104,0,0,0.0,0.0,0.0
110,105,0,0,0.0,0.0,0.0
110,106,0,1,0.0,1.25,1.25
110,107,1,0,1.25,0.0,-1.25
110,108,0,0,0.0,0.0,0.0
110,109,0,0,0.0,0.0,0.0
110,110,0,0,0.0,0.0,0.0
110,111,0,1,0.0,1.25,1.25
110,112,0,0,0.0,0.0,0.0
110,113,0,1,0.0,1.25,1.25
110,114,0,0,0.0,0.0,0.0
110,115,0,0,0.0,0.0,0.0
110,116,0,2,0.0,2.5,2.5
110,117,0,1,0.0,1.25,1.25
110,118,0,0,0.0,0.0,0.0
110,119,1,0,1.25,0.0,-1.25
110,120,0,3,0.0,3.75,3.75
110,121,0,0,0.0,0.0,0.0
110,122,0,0,0.0,0.0,0.0
110,123,0,0,0.0,0.0,0.0
110,124,0,0,0.0,0.0,0.0
110,125,0,1,0.0,1.25,1.25
110,126,0,0,0.0,0.0,0.0
110,127,0,0,0.0,0.0,0.0
110,128,0,1,0.0,1.25,1.25
110,129,0,0,0.0,0.0,0.0
110,130,0,0,0.0,0.0,0.0
110,131,0,0,0.0,0.0,0.0
110,132,0,0,0.0,0.0,0.0
110,133,0,0,0.0,0.0,0.0
110,134,0,0,0.0,0.0,0.0
111,0,3,5,3.75,6.25,2.5
111,1,1,3,1.25,3.75,2.5
111,2,3,3,3.75,3.75,0.0
111,3,6,5,7.5,6.25,-1.25
111,4,0,1,0.0,1.25,1.25
111,5,0,0,0.0,0.0,0.0
111,6,0,0,0.0,0.0,0.0
111,7,0,0,0.0,0.0,0.0
111,8,3,2,3.75,2.5,-1.25
111,9,4,5,5.0,6.25,1.25
111,10,4,4,5.0,5.0,0.0
111,11,4,5,5.0,6.25,1.25
111,12,1,5,1.25,6.25,5.0
111,13,3,4,3.75,5.0,1.25
111,14,5,3,6.25,3.75,-2.5
111,15,1,4,1.25,5.0,3.75
111,16,2,3,2.5,3.75,1.25
111,17,3,1,3.75,1.25,-2.5
111,18,4,4,5.0,5.0,0.0
111,19,0,4,0.0,5.0,5.0
111,20,2,2,2.5,2.5,0.0
111,21,2,4,2.5,5.0,2.5
111,22,3,4,3.75,5.0,1.25
111,23,3,1,3.75,1.25,-2.5
111,24,8,4,10.0,5.0,-5.0
111,25,5,6,6.25,7.5,1.25
111,26,4,5,5.0,6.25,1.25
111,27,4,0,5.0,0.0,-5.0
111,28,5,4,6.25,5.0,-1.25
111,29,3,5,3.75,6.25,2.5
111,30,3,5,3.75,6.25,2.5
111,31,5,5,6.25,6.25,0.0
111,32,3,4,3.75,5.0,1.25
111,33,1,5,1.25,6.25,5.0
111,34,4,8,5.0,10.0,5.0
111,35,4,2,5.0,2.5,-2.5
111,36,1,2,1.25,2.5,1.25
111,37,2,5,2.5,6.25,3.75
111,38,2,4,2.5,5.0,2.5
111,39,4,4,5.0,5.0,0.0
111,40,8,6,10.0,7.5,-2.5
111,41,1,1,1.25,1.25,0.0
111,42,4,6,5.0,7.5,2.5
111,43,4,1,5.0,1.25,-3.75
111,44,2,2,2.5,2.5,0.0
111,45,4,7,5.0,8.75,3.75
111,46,5,1,6.25,1.25,-5.0
111,47,2,5,2.5,6.25,3.75
111,48,3,7,3.75,8.75,5.0
111,49,3,3,3.75,3.75,0.0
111,50,4,4,5.0,5.0,0.0
111,51,2,3,2.5,3.75,1.25
111,52,4,1,5.0,1.25,-3.75
111,53,2,4,2.5,5.0,2.5
111,54,2,4,2.5,5.0,2.5
111,55,4,6,5.0,7.5,2.5
111,56,2,2,2.5,2.5,0.0
111,57,2,2,2.5,2.5,0.0
111,58,2,2,2.5,2.5,0.0
111,59,8,1,10.0,1.25,-8.75
111,60,2,6,2.5,7.5,5.0
111,61,2,3,2.5,3.75,1.25
111,62,3,2,3.75,2.5,-1.25
111,63,9,5,11.25,6.25,-5.0
111,64,1,3,1.25,3.75,2.5
111,65,2,1,2.5,1.25,-1.25
111,66,2,3,2.5,3.75,1.25
111,67,0,0,0.0,0.0,0.0
111,68,0,1,0.0,1.25,1.25
111,69,1,0,1.25,0.0,-1.25
111,70,0,2,0.0,2.5,2.5
111,71,3,7,3.75,8.75,5.0
111,72,2,7,2.5,8.75,6.25
111,73,5,4,6.25,5.0,-1.25
111,74,2,5,2.5,6.25,3.75
111,75,5,2,6.25,2.5,-3.75
111,76,2,7,2.5,8.75,6.25
111,77,3,1,3.75,1.25,-2.5
111,78,5,0,6.25,0.0,-6.25
111,79,5,2,6.25,2.5,-3.75
111,80,1,1,1.25,1.25,0.0
111,81,7,0,8.75,0.0,-8.75
111,82,4,5,5.0,6.25,1.25
111,83,2,5,2.5,6.25,3.75
111,84,3,1,3.75,1.25,-2.5
111,85,0,3,0.0,3.75,3.75
111,86,4,0,5.0,0.0,-5.0
111,87,0,3,0.0,3.75,3.75
111,88,5,5,6.25,6.25,0.0
111,89,1,5,1.25,6.25,5.0
111,90,1,1,1.25,1.25,0.0
111,91,2,3,2.5,3.75,1.25
111,92,4,2,5.0,2.5,-2.5
111,93,2,7,2.5,8.75,6.25
111,94,5,0,6.25,0.0,-6.25
111,95,1,4,1.25,5.0,3.75
111,96,2,2,2.5,2.5,0.0
111,97,4,8,5.0,10.0,5.0
111,98,6,2,7.5,2.5,-5.0
111,99,2,4,2.5,5.0,2.5
111,100,5,1,6.25,1.25,-5.0
111,101,3,0,3.75,0.0,-3.75
111,102,1,5,1.25,6.25,5.0
111,103,3,3,3.75,3.75,0.0
111,104,2,5,2.5,6.25,3.75
111,105,1,4,1.25,5.0,3.75
111,106,4,4,5.0,5.0,0.0
111,107,3,2,3.75,2.5,-1.25
111,108,2,4,2.5,5.0,2.5
111,109,3,6,3.75,7.5,3.75
111,110,2,5,2.5,6.25,3.75
111,111,4,4,5.0,5.0,0.0
111,112,2,8,2.5,10.0,7.5
111,113,4,5,5.0,6.25,1.25
111,114,2,2,2.5,2.5,0.0
111,115,5,2,6.25,2.5,-3.75
111,116,4,1,5.0,1.25,-3.75
111,117,3,2,3.75,2.5,-1.25
111,118,1,1,1.25,1.25,0.0
111,119,3,1,3.75,1.25,-2.5
111,120,1,4,1.25,5.0,3.75
111,121,2,5,2.5,6.25,3.75
111,122,4,6,5.0,7.5,2.5
111,123,1,3,1.25,3.75,2.5
111,124,4,3,5.0,3.75,-1.25
111,125,1,2,1.25,2.5,1.25
111,126,3,4,3.75,5.0,1.25
111,127,4,3,5.0,3.75,-1.25
111,128,7,2,8.75,2.5,-6.25
111,129,4,3,5.0,3.75,-1.25
111,130,4,5,5.0,6.25,1.25
111,131,0,0,0.0,0.0,0.0
111,132,0,0,0.0,0.0,0.0
111,133,0,1,0.0,1.25,1.25
111,134,1,1,1.25,1.25,0.0
112,0,2,3,2.5,3.75,1.25
112,1,2,3,2.5,3.75,1.25
112,2,2,4,2.5,5.0,2.5
112,3,4,4,5.0,5.0,0.0
112,4,1,2,1.25,2.5,1.25
112,5,0,0,0.0,0.0,0.0
112,6,2,0,2.5,0.0,-2.5
112,7,0,0,0.0,0.0,0.0
112,8,4,3,5.0,3.75,-1.25
112,9,1,7,1.25,8.75,7.5
112,10,5,3,6.25,3.75,-2.5
112,11,3,5,3.75,6.25,2.5
112,12,1,3,1.25,3.75,2.5
112,13,3,3,3.75,3.75,0.0
112,14,3,4,3.75,5.0,1.25
112,15,1,3,1.25,3.75,2.5
112,16,4,4,5.0,5.0,0.0
112,17,3,2,3.75,2.5,-1.25
112,18,4,4,5.0,5.0,0.0
112,19,0,4,0.0,5.0,5.0
112,20,3,1,3.75,1.25,-2.5
112,21,0,3,0.0,3.75,3.75
112,22,3,3,3.75,3.75,0.0
112,23,3,3,3.75,3.75,0.0
112,24,7,3,8.75,3.75,-5.0
112,25,3,5,3.75,6.25,2.5
112,26,6,6,7.5,7.5,0.0
112,27,7,0,8.75,0.0,-8.75
112,28,2,3,2.5,3.75,1.25
112,29,5,5,6.25,6.25,0.0
112,30,0,4,0.0,5.0,5.0
112,31,5,6,6.25,7.5,1.25
112,32,3,3,3.75,3.75,0.0
112,33,2,4,2.5,5.0,2.5
112,34,2,6,2.5,7.5,5.0
112,35,7,4,8.75,5.0,-3.75
112,36,1,3,1.25,3.75,2.5
112,37,2,3,2.5,3.75,1.25
112,38,2,1,2.5,1.25,-1.25
112,39,2,2,2.5,2.5,0.0
112,40,11,5,13.75,6.25,-7.5
112,41,3,3,3.75,3.75,0.0
112,42,2,5,2.5,6.25,3.75
112,43,3,6,3.75,7.5,3.75
112,44,2,3,2.5,3.75,1.25
112,45,3,5,3.75,6.25,2.5
112,46,4,1,5.0,1.25,-3.75
112,47,5,5,6.25,6.25,0.0
112,48,5,5,6.25,6.25,0.0
112,49,1,2,1.25,2.5,1.25
112,50,4,1,5.0,1.25,-3.75
112,51,2,4,2.5,5.0,2.5
112,52,6,2,7.5,2.5,-5.0
112,53,3,3,3.75,3.75,0.0
112,54,3,2,3.75,2.5,-1.25
112,55,4,3,5.0,3.75,-1.25
112,56,7,2,8.75,2.5,-6.25
112,57,2,2,2.5,2.5,0.0
112,58,2,5,2.5,6.25,3.75
112,59,7,2,8.75,2.5,-6.25
112,60,3,5,3.75,6.25,2.5
112,61,3,4,3.75,5.0,1.25
112,62,5,5,6.25,6.25,0.0
112,63,6,3,7.5,3.75,-3.75
112,64,3,1,3.75,1.25,-2.5
112,65,2,4,2.5,5.0,2.5
112,66,2,3,2.5,3.75,1.25
112,67,0,0,0.0,0.0,0.0
112,68,0,0,0.0,0.0,0.0
112,69,1,0,1.25,0.0,-1.25
112,70,0,1,0.0,1.25,1.25
112,71,2,5,2.5,6.25,3.75
112,72,3,6,3.75,7.5,3.75
112,73,4,4,5.0,5.0,0.0
112,74,3,4,3.75,5.0,1.25
112,75,3,2,3.75,2.5,-1.25
112,76,1,8,1.25,10.0,8.75
112,77,1,2,1.25,2.5,1.25
112,78,2,1,2.5,1.25,-1.25
112,79,3,5,3.75,6.25,2.5
112,80,2,4,2.5,5.0,2.5
112,81,3,1,3.75,1.25,-2.5
112,82,2,6,2.5,7.5,5.0
112,83,0,5,0.0,6.25,6.25
112,84,5,0,6.25,0.0,-6.25
112,85,0,4,0.0,5.0,5.0
112,86,2,1,2.5,1.25,-1.25
112,87,1,2,1.25,2.5,1.25
112,88,3,5,3.75,6.25,2.5
112,89,3,8,3.75,10.0,6.25
112,90,1,1,1.25,1.25,0.0
112,91,2,4,2.5,5.0,2.5
112,92,3,2,3.75,2.5,-1.25
112,93,2,9,2.5,11.25,8.75
112,94,6,2,7.5,2.5,-5.0
112,95,2,1,2.5,1.25,-1.25
112,96,1,1,1.25,1.25,0.0
112,97,2,4,2.5,5.0,2.5
112,98,5,0,6.25,0.0,-6.25
112,99,4,2,5.0,2.5,-2.5
112,100,4,3,5.0,3.75,-1.25
112,101,2,0,2.5,0.0,-2.5
112,102,1,1,1.25,1.25,0.0
112,103,2,2,2.5,2.5,0.0
112,104,3,2,3.75,2.5,-1.25
112,105,5,4,6.25,5.0,-1.25
112,106,5,4,6.25,5.0,-1.25
112,107,5,2,6.25,2.5,-3.75
112,108,3,2,3.75,2.5,-1.25
112,109,4,4,5.0,5.0,0.0
112,110,2,5,2.5,6.25,3.75
112,111,4,6,5.0,7.5,2.5
112,112,1,7,1.25,8.75,7.5
112,113,3,4,3.75,5.0,1.25
112,114,0,1,0.0,1.25,1.25
112,115,6,3,7.5,3.75,-3.75
112,116,3,3,3.75,3.75,0.0
112,117,4,2,5.0,2.5,-2.5
112,118,1,1,1.25,1.25,0.0
112,119,1,3,1.25,3.75,2.5
112,120,2,4,2.5,5.0,2.5
112,121,2,4,2.5,5.0,2.5
112,122,1,4,1.25,5.0,3.75
112,123,2,2,2.5,2.5,0.0
112,124,2,3,2.5,3.75,1.25
112,125,2,2,2.5,2.5,0.0
112,126,3,4,3.75,5.0,1.25
112,127,3,3,3.75,3.75,0.0
112,128,7,1,8.75,1.25,-7.5
112,129,4,2,5.0,2.5,-2.5
112,130,3,5,3.75,6.25,2.5
112,131,0,0,0.0,0.0,0.0
112,132,0,0,0.0,0.0,0.0
112,133,1,2,1.25,2.5,1.25
112,134,2,1,2.5,1.25,-1.25
113,0,1,0,1.25,0.0,-1.25
113,1,0,0,0.0,0.0,0.0
113,2,0,0,0.0,0.0,0.0
113,3,1,0,1.25,0.0,-1.25
113,4,0,0,0.0,0.0,0.0
113,5,0,0,0.0,0.0,0.0
113,6,0,0,0.0,0.0,0.0
113,7,0,0,0.0,0.0,0.0
113,8,0,2,0.0,2.5,2.5
113,9,1,0,1.25,0.0,-1.25
113,10,0,0,0.0,0.0,0.0
113,11,0,0,0.0,0.0,0.0
113,12,0,1,0.0,1.25,1.25
113,13,0,0,0.0,0.0,0.0
113,14,0,2,0.0,2.5,2.5
113,15,0,0,0.0,0.0,0.0
113,16,0,0,0.0,0.0,0.0
113,17,1,0,1.25,0.0,-1.25
113,18,0,0,0.0,0.0,0.0
113,19,1,1,1.25,1.25,0.0
113,20,0,0,0.0,0.0,0.0
113,21,0,0,0.0,0.0,0.0
113,22,2,0,2.5,0.0,-2.5
113,23,0,0,0.0,0.0,0.0
113,24,0,0,0.0,0.0,0.0
113,25,0,0,0.0,0.0,0.0
113,26,1,1,1.25,1.25,0.0
113,27,0,0,0.0,0.0,0.0
113,28,0,0,0.0,0.0,0.0
113,29,0,0,0.0,0.0,0.0
113,30,0,0,0.0,0.0,0.0
113,31,0,0,0.0,0.0,0.0
113,32,3,0,3.75,0.0,-3.75
113,33,0,1,0.0,1.25,1.25
113,34,0,0,0.0,0.0,0.0
113,35,0,0,0.0,0.0,0.0
113,36,0,0,0.0,0.0,0.0
113,37,0,0,0.0,0.0,0.0
113,38,0,0,0.0,0.0,0.0
113,39,0,0,0.0,0.0,0.0
113,40,0,0,0.0,0.0,0.0
113,41,0,0,0.0,0.0,0.0
113,42,0,0,0.0,0.0,0.0
113,43,0,0,0.0,0.0,0.0
113,44,1,0,1.25,0.0,-1.25
113,45,0,0,0.0,0.0,0.0
113,46,0,0,0.0,0.0,0.0
113,47,0,1,0.0,1.25,1.25
113,48,0,0,0.0,0.0,0.0
113,49,0,0,0.0,0.0,0.0
113,50,0,0,0.0,0.0,0.0
113,51,0,0,0.0,0.0,0.0
113,52,0,0,0.0,0.0,0.0
113,53,0,0,0.0,0.0,0.0
113,54,0,0,0.0,0.0,0.0
113,55,0,0,0.0,0.0,0.0
113,56,0,2,0.0,2.5,2.5
113,57,1,1,1.25,1.25,0.0
113,58,0,0,0.0,0.0,0.0
113,59,0,0,0.0,0.0,0.0
113,60,0,0,0.0,0.0,0.0
113,61,0,0,0.0,0.0,0.0
113,62,0,0,0.0,0.0,0.0
113,63,0,0,0.0,0.0,0.0
113,64,0,0,0.0,0.0,0.0
113,65,0,0,0.0,0.0,0.0
113,66,0,0,0.0,0.0,0.0
113,67,0,0,0.0,0.0,0.0
113,68,0,1,0.0,1.25,1.25
113,69,0,1,0.0,1.25,1.25
113,70,0,1,0.0,1.25,1.25
113,71,0,0,0.0,0.0,0.0
113,72,0,1,0.0,1.25,1.25
113,73,0,0,0.0,0.0,0.0
113,74,0,0,0.0,0.0,0.0
113,75,0,0,0.0,0.0,0.0
113,76,0,0,0.0,0.0,0.0
113,77,0,0,0.0,0.0,0.0
113,78,0,0,0.0,0.0,0.0
113,79,0,0,0.0,0.0,0.0
113,80,0,0,0.0,0.0,0.0
113,81,3,1,3.75,1.25,-2.5
113,82,0,0,0.0,0.0,0.0
113,83,0,2,0.0,2.5,2.5
113,84,1,1,1.25,1.25,0.0
113,85,0,0,0.0,0.0,0.0
113,86,0,0,0.0,0.0,0.0
113,87,0,0,0.0,0.0,0.0
113,88,0,0,0.0,0.0,0.0
113,89,0,0,0.0,0.0,0.0
113,90,1,0,1.25,0.0,-1.25
113,91,0,0,0.0,0.0,0.0
113,92,0,0,0.0,0.0,0.0
113,93,0,0,0.0,0.0,0.0
113,94,1,0,1.25,0.0,-1.25
113,95,0,0,0.0,0.0,0.0
113,96,0,0,0.0,0.0,0.0
113,97,0,0,0.0,0.0,0.0
113,98,0,0,0.0,0.0,0.0
113,99,0,3,0.0,3.75,3.75
113,100,0,0,0.0,0.0,0.0
113,101,0,1,0.0,1.25,1.25
113,102,0,0,0.0,0.0,0.0
113,103,0,0,0.0,0.0,0.0
113,104,0,0,0.0,0.0,0.0
113,105,0,0,0.0,0.0,0.0
113,106,0,1,0.0,1.25,1.25
113,107,1,0,1.25,0.0,-1.25
113,108,0,0,0.0,0.0,0.0
113,109,0,0,0.0,0.0,0.0
113,110,0,0,0.0,0.0,0.0
113,111,0,1,0.0,1.25,1.25
113,112,0,0,0.0,0.0,0.0
113,113,0,0,0.0,0.0,0.0
113,114,0,0,0.0,0.0,0.0
113,115,0,0,0.0,0.0,0.0
113,116,0,2,0.0,2.5,2.5
113,117,0,0,0.0,0.0,0.0
113,118,0,0,0.0,0.0,0.0
113,119,0,0,0.0,0.0,0.0
113,120,0,1,0.0,1.25,1.25
113,121,0,0,0.0,0.0,0.0
113,122,0,0,0.0,0.0,0.0
113,123,0,0,0.0,0.0,0.0
113,124,0,0,0.0,0.0,0.0
113,125,0,1,0.0,1.25,1.25
113,126,0,0,0.0,0.0,0.0
113,127,0,0,0.0,0.0,0.0
113,128,0,0,0.0,0.0,0.0
113,129,0,1,0.0,1.25,1.25
113,130,0,0,0.0,0.0,0.0
113,131,0,0,0.0,0.0,0.0
113,132,0,0,0.0,0.0,0.0
113,133,0,0,0.0,0.0,0.0
113,134,0,0,0.0,0.0,0.0
114,0,0,1,0.0,1.25,1.25
114,1,0,1,0.0,1.25,1.25
114,2,0,0,0.0,0.0,0.0
114,3,1,1,1.25,1.25,0.0
114,4,0,0,0.0,0.0,0.0
114,5,0,0,0.0,0.0,0.0
114,6,0,0,0.0,0.0,0.0
114,7,0,0,0.0,0.0,0.0
114,8,0,1,0.0,1.25,1.25
114,9,4,1,5.0,1.25,-3.75
114,10,1,0,1.25,0.0,-1.25
114,11,0,1,0.0,1.25,1.25
114,12,0,1,0.0,1.25,1.25
114,13,1,0,1.25,0.0,-1.25
114,14,0,0,0.0,0.0,0.0
114,15,0,1,0.0,1.25,1.25
114,16,1,1,1.25,1.25,0.0
114,17,1,0,1.25,0.0,-1.25
114,18,0,0,0.0,0.0,0.0
114,19,2,2,2.5,2.5,0.0
114,20,0,0,0.0,0.0,0.0
114,21,1,1,1.25,1.25,0.0
114,22,1,0,1.25,0.0,-1.25
114,23,0,0,0.0,0.0,0.0
114,24,4,1,5.0,1.25,-3.75
114,25,0,1,0.0,1.25,1.25
114,26,5,0,6.25,0.0,-6.25
114,27,3,1,3.75,1.25,-2.5
114,28,4,1,5.0,1.25,-3.75
114,29,1,0,1.25,0.0,-1.25
114,30,2,1,2.5,1.25,-1.25
114,31,0,2,0.0,2.5,2.5
114,32,2,0,2.5,0.0,-2.5
114,33,2,1,2.5,1.25,-1.25
114,34,0,1,0.0,1.25,1.25
114,35,0,0,0.0,0.0,0.0
114,36,0,1,0.0,1.25,1.25
114,37,0,3,0.0,3.75,3.75
114,38,0,1,0.0,1.25,1.25
114,39,2,2,2.5,2.5,0.0
114,40,2,0,2.5,0.0,-2.5
114,41,0,0,0.0,0.0,0.0
114,42,3,0,3.75,0.0,-3.75
114,43,1,1,1.25,1.25,0.0
114,44,0,0,0.0,0.0,0.0
114,45,2,0,2.5,0.0,-2.5
114,46,2,0,2.5,0.0,-2.5
114,47,0,1,0.0,1.25,1.25
114,48,2,4,2.5,5.0,2.5
114,49,1,0,1.25,0.0,-1.25
114,50,4,2,5.0,2.5,-2.5
114,51,1,1,1.25,1.25,0.0
114,52,2,2,2.5,2.5,0.0
114,53,0,1,0.0,1.25,1.25
114,54,1,2,1.25,2.5,1.25
114,55,0,0,0.0,0.0,0.0
114,56,1,0,1.25,0.0,-1.25
114,57,0,0,0.0,0.0,0.0
114,58,1,0,1.25,0.0,-1.25
114,59,2,0,2.5,0.0,-2.5
114,60,2,0,2.5,0.0,-2.5
114,61,0,1,0.0,1.25,1.25
114,62,0,0,0.0,0.0,0.0
114,63,5,1,6.25,1.25,-5.0
114,64,1,0,1.25,0.0,-1.25
114,65,0,0,0.0,0.0,0.0
114,66,3,0,3.75,0.0,-3.75
114,67,0,0,0.0,0.0,0.0
114,68,0,0,0.0,0.0,0.0
114,69,0,0,0.0,0.0,0.0
114,70,0,0,0.0,0.0,0.0
114,71,2,2,2.5,2.5,0.0
114,72,0,2,0.0,2.5,2.5
114,73,0,0,0.0,0.0,0.0
114,74,1,1,1.25,1.25,0.0
114,75,1,0,1.25,0.0,-1.25
114,76,0,1,0.0,1.25,1.25
114,77,1,0,1.25,0.0,-1.25
114,78,3,0,3.75,0.0,-3.75
114,79,1,0,1.25,0.0,-1.25
114,80,3,3,3.75,3.75,0.0
114,81,1,1,1.25,1.25,0.0
114,82,1,0,1.25,0.0,-1.25
114,83,0,1,0.0,1.25,1.25
114,84,2,0,2.5,0.0,-2.5
114,85,0,0,0.0,0.0,0.0
114,86,1,0,1.25,0.0,-1.25
114,87,2,1,2.5,1.25,-1.25
114,88,0,0,0.0,0.0,0.0
114,89,0,1,0.0,1.25,1.25
114,90,0,0,0.0,0.0,0.0
114,91,0,0,0.0,0.0,0.0
114,92,1,0,1.25,0.0,-1.25
114,93,0,1,0.0,1.25,1.25
114,94,0,0,0.0,0.0,0.0
114,95,1,1,1.25,1.25,0.0
114,96,0,2,0.0,2.5,2.5
114,97,0,0,0.0,0.0,0.0
114,98,2,1,2.5,1.25,-1.25
114,99,1,1,1.25,1.25,0.0
114,100,1,1,1.25,1.25,0.0
114,101,1,1,1.25,1.25,0.0
114,102,0,1,0.0,1.25,1.25
114,103,3,1,3.75,1.25,-2.5
114,104,1,2,1.25,2.5,1.25
114,105,1,2,1.25,2.5,1.25
114,106,1,0,1.25,0.0,-1.25
114,107,0,0,0.0,0.0,0.0
114,108,0,0,0.0,0.0,0.0
114,109,1,1,1.25,1.25,0.0
114,110,1,0,1.25,0.0,-1.25
114,111,2,0,2.5,0.0,-2.5
114,112,1,0,1.25,0.0,-1.25
114,113,1,2,1.25,2.5,1.25
114,114,1,0,1.25,0.0,-1.25
114,115,1,3,1.25,3.75,2.5
114,116,1,1,1.25,1.25,0.0
114,117,0,0,0.0,0.0,0.0
114,118,0,2,0.0,2.5,2.5
114,119,1,0,1.25,0.0,-1.25
114,120,0,1,0.0,1.25,1.25
114,121,0,0,0.0,0.0,0.0
114,122,1,1,1.25,1.25,0.0
114,123,1,0,1.25,0.0,-1.25
114,124,1,2,1.25,2.5,1.25
114,125,1,0,1.25,0.0,-1.25
114,126,0,0,0.0,0.0,0.0
114,127,1,2,1.25,2.5,1.25
114,128,0,1,0.0,1.25,1.25
114,129,2,1,2.5,1.25,-1.25
114,130,1,1,1.25,1.25,0.0
114,131,0,0,0.0,0.0,0.0
114,132,0,0,0.0,0.0,0.0
114,133,0,0,0.0,0.0,0.0
114,134,1,1,1.25,1.25,0.0
115,0,2,5,2.5,6.25,3.75
115,1,2,3,2.5,3.75,1.25
115,2,2,4,2.5,5.0,2.5
115,3,4,4,5.0,5.0,0.0
115,4,0,2,0.0,2.5,2.5
115,5,0,0,0.0,0.0,0.0
115,6,1,0,1.25,0.0,-1.25
115,7,0,0,0.0,0.0,0.0
115,8,3,2,3.75,2.5,-1.25
115,9,1,6,1.25,7.5,6.25
115,10,4,3,5.0,3.75,-1.25
115,11,4,7,5.0,8.75,3.75
115,12,2,5,2.5,6.25,3.75
115,13,3,3,3.75,3.75,0.0
115,14,5,4,6.25,5.0,-1.25
115,15,2,3,2.5,3.75,1.25
115,16,7,3,8.75,3.75,-5.0
115,17,3,1,3.75,1.25,-2.5
115,18,3,3,3.75,3.75,0.0
115,19,0,3,0.0,3.75,3.75
115,20,3,2,3.75,2.5,-1.25
115,21,2,1,2.5,1.25,-1.25
115,22,4,3,5.0,3.75,-1.25
115,23,4,4,5.0,5.0,0.0
115,24,9,3,11.25,3.75,-7.5
115,25,4,4,5.0,5.0,0.0
115,26,4,5,5.0,6.25,1.25
115,27,6,0,7.5,0.0,-7.5
115,28,2,3,2.5,3.75,1.25
115,29,2,5,2.5,6.25,3.75
115,30,2,4,2.5,5.0,2.5
115,31,4,5,5.0,6.25,1.25
115,32,4,3,5.0,3.75,-1.25
115,33,1,3,1.25,3.75,2.5
115,34,3,6,3.75,7.5,3.75
115,35,5,2,6.25,2.5,-3.75
115,36,1,3,1.25,3.75,2.5
115,37,2,4,2.5,5.0,2.5
115,38,3,5,3.75,6.25,2.5
115,39,4,2,5.0,2.5,-2.5
115,40,8,5,10.0,6.25,-3.75
115,41,3,3,3.75,3.75,0.0
115,42,3,5,3.75,6.25,2.5
115,43,4,4,5.0,5.0,0.0
115,44,3,4,3.75,5.0,1.25
115,45,3,7,3.75,8.75,5.0
115,46,4,2,5.0,2.5,-2.5
115,47,4,4,5.0,5.0,0.0
115,48,7,5,8.75,6.25,-2.5
115,49,2,2,2.5,2.5,0.0
115,50,6,2,7.5,2.5,-5.0
115,51,1,4,1.25,5.0,3.75
115,52,7,2,8.75,2.5,-6.25
115,53,2,3,2.5,3.75,1.25
115,54,2,1,2.5,1.25,-1.25
115,55,4,4,5.0,5.0,0.0
115,56,6,2,7.5,2.5,-5.0
115,57,2,1,2.5,1.25,-1.25
115,58,2,5,2.5,6.25,3.75
115,59,11,2,13.75,2.5,-11.25
115,60,3,5,3.75,6.25,2.5
115,61,1,1,1.25,1.25,0.0
115,62,3,3,3.75,3.75,0.0
115,63,4,6,5.0,7.5,2.5
115,64,2,1,2.5,1.25,-1.25
115,65,2,3,2.5,3.75,1.25
115,66,2,5,2.5,6.25,3.75
115,67,0,0,0.0,0.0,0.0
115,68,0,1,0.0,1.25,1.25
115,69,1,0,1.25,0.0,-1.25
115,70,0,2,0.0,2.5,2.5
115,71,2,11,2.5,13.75,11.25
115,72,3,4,3.75,5.0,1.25
115,73,4,4,5.0,5.0,0.0
115,74,3,3,3.75,3.75,0.0
115,75,3,2,3.75,2.5,-1.25
115,76,1,5,1.25,6.25,5.0
115,77,4,2,5.0,2.5,-2.5
115,78,1,1,1.25,1.25,0.0
115,79,3,6,3.75,7.5,3.75
115,80,2,2,2.5,2.5,0.0
115,81,4,1,5.0,1.25,-3.75
115,82,1,5,1.25,6.25,5.0
115,83,1,3,1.25,3.75,2.5
115,84,3,1,3.75,1.25,-2.5
115,85,0,3,0.0,3.75,3.75
115,86,5,1,6.25,1.25,-5.0
115,87,0,3,0.0,3.75,3.75
115,88,4,3,5.0,3.75,-1.25
115,89,1,9,1.25,11.25,10.0
115,90,0,0,0.0,0.0,0.0
115,91,2,4,2.5,5.0,2.5
115,92,2,1,2.5,1.25,-1.25
115,93,2,5,2.5,6.25,3.75
115,94,3,1,3.75,1.25,-2.5
115,95,1,1,1.25,1.25,0.0
115,96,4,1,5.0,1.25,-3.75
115,97,4,5,5.0,6.25,1.25
115,98,8,1,10.0,1.25,-8.75
115,99,4,4,5.0,5.0,0.0
115,100,2,1,2.5,1.25,-1.25
115,101,3,2,3.75,2.5,-1.25
115,102,0,3,0.0,3.75,3.75
115,103,4,3,5.0,3.75,-1.25
115,104,3,6,3.75,7.5,3.75
115,105,4,5,5.0,6.25,1.25
115,106,2,5,2.5,6.25,3.75
115,107,2,2,2.5,2.5,0.0
115,108,2,4,2.5,5.0,2.5
115,109,4,6,5.0,7.5,2.5
115,110,2,5,2.5,6.25,3.75
115,111,4,6,5.0,7.5,2.5
115,112,1,7,1.25,8.75,7.5
115,113,4,4,5.0,5.0,0.0
115,114,0,2,0.0,2.5,2.5
115,115,4,4,5.0,5.0,0.0
115,116,3,2,3.75,2.5,-1.25
115,117,3,4,3.75,5.0,1.25
115,118,1,3,1.25,3.75,2.5
115,119,4,2,5.0,2.5,-2.5
115,120,2,2,2.5,2.5,0.0
115,121,2,3,2.5,3.75,1.25
115,122,2,6,2.5,7.5,5.0
115,123,2,3,2.5,3.75,1.25
115,124,5,2,6.25,2.5,-3.75
115,125,2,2,2.5,2.5,0.0
115,126,5,6,6.25,7.5,1.25
115,127,2,3,2.5,3.75,1.25
115,128,4,2,5.0,2.5,-2.5
115,129,4,3,5.0,3.75,-1.25
115,130,3,3,3.75,3.75,0.0
115,131,0,0,0.0,0.0,0.0
115,132,0,0,0.0,0.0,0.0
115,133,1,1,1.25,1.25,0.0
115,134,3,2,3.75,2.5,-1.25
116,0,0,0,0.0,0.0,0.0
116,1,0,0,0.0,0.0,0.0
116,2,0,0,0.0,0.0,0.0
116,3,0,0,0.0,0.0,0.0
116,4,0,0,0.0,0.0,0.0
116,5,0,0,0.0,0.0,0.0
116,6,0,0,0.0,0.0,0.0
116,7,0,0,0.0,0.0,0.0
116,8,0,0,0.0,0.0,0.0
116,9,0,0,0.0,0.0,0.0
116,10,0,0,0.0,0.0,0.0
116,11,0,0,0.0,0.0,0.0
116,12,0,0,0.0,0.0,0.0
116,13,0,0,0.0,0.0,0.0
116,14,0,0,0.0,0.0,0.0
116,15,0,0,0.0,0.0,0.0
116,16,0,0,0.0,0.0,0.0
116,17,0,0,0.0,0.0,0.0
116,18,0,0,0.0,0.0,0.0
116,19,0,0,0.0,0.0,0.0
116,20,0,0,0.0,0.0,0.0
116,21,0,0,0.0,0.0,0.0
116,22,1,0,1.25,0.0,-1.25
116,23,0,0,0.0,0.0,0.0
116,24,0,0,0.0,0.0,0.0
116,25,0,0,0.0,0.0,0.0
116,26,0,1,0.0,1.25,1.25
116,27,0,0,0.0,0.0,0.0
116,28,0,0,0.0,0.0,0.0
116,29,0,0,0.0,0.0,0.0
116,30,0,0,0.0,0.0,0.0
116,31,0,0,0.0,0.0,0.0
116,32,1,0,1.25,0.0,-1.25
116,33,0,0,0.0,0.0,0.0
116,34,0,1,0.0,1.25,1.25
116,35,0,0,0.0,0.0,0.0
116,36,0,0,0.0,0.0,0.0
116,37,0,0,0.0,0.0,0.0
116,38,0,0,0.0,0.0,0.0
116,39,0,1,0.0,1.25,1.25
116,40,0,0,0.0,0.0,0.0
116,41,0,0,0.0,0.0,0.0
116,42,0,1,0.0,1.25,1.25
116,43,0,2,0.0,2.5,2.5
116,44,0,0,0.0,0.0,0.0
116,45,0,0,0.0,0.0,0.0
116,46,1,0,1.25,0.0,-1.25
116,47,0,0,0.0,0.0,0.0
116,48,0,0,0.0,0.0,0.0
116,49,0,0,0.0,0.0,0.0
116,50,0,0,0.0,0.0,0.0
116,51,0,0,0.0,0.0,0.0
116,52,1,0,1.25,0.0,-1.25
116,53,0,1,0.0,1.25,1.25
116,54,0,0,0.0,0.0,0.0
116,55,0,1,0.0,1.25,1.25
116,56,0,0,0.0,0.0,0.0
116,57,0,0,0.0,0.0,0.0
116,58,0,0,0.0,0.0,0.0
116,59,1,0,1.25,0.0,-1.25
116,60,0,0,0.0,0.0,0.0
116,61,0,0,0.0,0.0,0.0
116,62,1,0,1.25,0.0,-1.25
116,63,0,0,0.0,0.0,0.0
116,64,0,0,0.0,0.0,0.0
116,65,0,0,0.0,0.0,0.0
116,66,0,0,0.0,0.0,0.0
116,67,0,0,0.0,0.0,0.0
116,68,0,0,0.0,0.0,0.0
116,69,0,0,0.0,0.0,0.0
116,70,0,1,0.0,1.25,1.25
116,71,0,0,0.0,0.0,0.0
116,72,0,0,0.0,0.0,0.0
116,73,1,0,1.25,0.0,-1.25
116,74,1,1,1.25,1.25,0.0
116,75,1,0,1.25,0.0,-1.25
116,76,0,1,0.0,1.25,1.25
116,77,0,0,0.0,0.0,0.0
116,78,0,0,0.0,0.0,0.0
116,79,1,0,1.25,0.0,-1.25
116,80,1,0,1.25,0.0,-1.25
116,81,0,0,0.0,0.0,0.0
116,82,2,0,2.5,0.0,-2.5
116,83,0,3,0.0,3.75,3.75
116,84,0,1,0.0,1.25,1.25
116,85,0,0,0.0,0.0,0.0
116,86,1,0,1.25,0.0,-1.25
116,87,0,0,0.0,0.0,0.0
116,88,0,2,0.0,2.5,2.5
116,89,0,0,0.0,0.0,0.0
116,90,1,1,1.25,1.25,0.0
116,91,0,0,0.0,0.0,0.0
116,92,0,0,0.0,0.0,0.0
116,93,0,1,0.0,1.25,1.25
116,94,0,0,0.0,0.0,0.0
116,95,0,2,0.0,2.5,2.5
116,96,0,0,0.0,0.0,0.0
116,97,0,0,0.0,0.0,0.0
116,98,0,0,0.0,0.0,0.0
116,99,1,3,1.25,3.75,2.5
116,100,0,0,0.0,0.0,0.0
116,101,1,0,1.25,0.0,-1.25
116,102,1,0,1.25,0.0,-1.25
116,103,0,2,0.0,2.5,2.5
116,104,0,1,0.0,1.25,1.25
116,105,0,1,0.0,1.25,1.25
116,106,0,1,0.0,1.25,1.25
116,107,1,0,1.25,0.0,-1.25
116,108,0,0,0.0,0.0,0.0
116,109,0,0,0.0,0.0,0.0
116,110,0,0,0.0,0.0,0.0
116,111,0,1,0.0,1.25,1.25
116,112,1,0,1.25,0.0,-1.25
116,113,0,1,0.0,1.25,1.25
116,114,1,0,1.25,0.0,-1.25
116,115,0,0,0.0,0.0,0.0
116,116,0,0,0.0,0.0,0.0
116,117,0,1,0.0,1.25,1.25
116,118,0,1,0.0,1.25,1.25
116,119,0,0,0.0,0.0,0.0
116,120,0,0,0.0,0.0,0.0
116,121,0,2,0.0,2.5,2.5
116,122,1,0,1.25,0.0,-1.25
116,123,0,1,0.0,1.25,1.25
116,124,0,0,0.0,0.0,0.0
116,125,0,0,0.0,0.0,0.0
116,126,0,0,0.0,0.0,0.0
116,127,2,0,2.5,0.0,-2.5
116,128,0,0,0.0,0.0,0.0
116,129,0,2,0.0,2.5,2.5
116,130,1,2,1.25,2.5,1.25
116,131,0,2,0.0,2.5,2.5
116,132,0,0,0.0,0.0,0.0
116,133,0,0,0.0,0.0,0.0
116,134,0,0,0.0,0.0,0.0
117,0,1,0,1.25,0.0,-1.25
117,1,0,0,0.0,0.0,0.0
117,2,0,0,0.0,0.0,0.0
117,3,0,1,0.0,1.25,1.25
117,4,0,0,0.0,0.0,0.0
117,5,0,0,0.0,0.0,0.0
117,6,1,0,1.25,0.0,-1.25
117,7,0,0,0.0,0.0,0.0
117,8,1,0,1.25,0.0,-1.25
117,9,1,0,1.25,0.0,-1.25
117,10,0,0,0.0,0.0,0.0
117,11,0,0,0.0,0.0,0.0
117,12,0,1,0.0,1.25,1.25
117,13,1,0,1.25,0.0,-1.25
117,14,0,0,0.0,0.0,0.0
117,15,0,0,0.0,0.0,0.0
117,16,0,0,0.0,0.0,0.0
117,17,1,0,1.25,0.0,-1.25
117,18,0,0,0.0,0.0,0.0
117,19,1,0,1.25,0.0,-1.25
117,20,0,0,0.0,0.0,0.0
117,21,0,0,0.0,0.0,0.0
117,22,1,0,1.25,0.0,-1.25
117,23,0,0,0.0,0.0,0.0
117,24,2,0,2.5,0.0,-2.5
117,25,0,0,0.0,0.0,0.0
117,26,1,1,1.25,1.25,0.0
117,27,0,1,0.0,1.25,1.25
117,28,1,0,1.25,0.0,-1.25
117,29,1,0,1.25,0.0,-1.25
117,30,0,0,0.0,0.0,0.0
117,31,0,1,0.0,1.25,1.25
117,32,4,1,5.0,1.25,-3.75
117,33,0,1,0.0,1.25,1.25
117,34,0,0,0.0,0.0,0.0
117,35,0,0,0.0,0.0,0.0
117,36,0,1,0.0,1.25,1.25
117,37,0,0,0.0,0.0,0.0
117,38,0,0,0.0,0.0,0.0
117,39,0,0,0.0,0.0,0.0
117,40,0,0,0.0,0.0,0.0
117,41,0,0,0.0,0.0,0.0
117,42,0,0,0.0,0.0,0.0
117,43,0,0,0.0,0.0,0.0
117,44,1,0,1.25,0.0,-1.25
117,45,0,0,0.0,0.0,0.0
117,46,0,0,0.0,0.0,0.0
117,47,0,0,0.0,0.0,0.0
117,48,0,0,0.0,0.0,0.0
117,49,0,0,0.0,0.0,0.0
117,50,0,0,0.0,0.0,0.0
117,51,0,0,0.0,0.0,0.0
117,52,0,0,0.0,0.0,0.0
117,53,0,0,0.0,0.0,0.0
117,54,0,0,0.0,0.0,0.0
117,55,0,0,0.0,0.0,0.0
117,56,0,2,0.0,2.5,2.5
117,57,0,0,0.0,0.0,0.0
117,58,0,0,0.0,0.0,0.0
117,59,0,0,0.0,0.0,0.0
117,60,0,0,0.0,0.0,0.0
117,61,0,0,0.0,0.0,0.0
117,62,0,0,0.0,0.0,0.0
117,63,0,0,0.0,0.0,0.0
117,64,1,0,1.25,0.0,-1.25
117,65,0,1,0.0,1.25,1.25
117,66,0,0,0.0,0.0,0.0
117,67,0,0,0.0,0.0,0.0
117,68,0,1,0.0,1.25,1.25
117,69,0,1,0.0,1.25,1.25
117,70,0,0,0.0,0.0,0.0
117,71,0,0,0.0,0.0,0.0
117,72,0,0,0.0,0.0,0.0
117,73,0,0,0.0,0.0,0.0
117,74,0,0,0.0,0.0,0.0
117,75,0,0,0.0,0.0,0.0
117,76,0,0,0.0,0.0,0.0
117,77,0,0,0.0,0.0,0.0
117,78,0,0,0.0,0.0,0.0
117,79,0,0,0.0,0.0,0.0
117,80,0,0,0.0,0.0,0.0
117,81,1,1,1.25,1.25,0.0
117,82,0,0,0.0,0.0,0.0
117,83,0,2,0.0,2.5,2.5
117,84,1,0,1.25,0.0,-1.25
117,85,0,1,0.0,1.25,1.25
117,86,0,0,0.0,0.0,0.0
117,87,0,0,0.0,0.0,0.0
117,88,0,0,0.0,0.0,0.0
117,89,0,0,0.0,0.0,0.0
117,90,0,0,0.0,0.0,0.0
117,91,0,0,0.0,0.0,0.0
117,92,0,0,0.0,0.0,0.0
117,93,0,0,0.0,0.0,0.0
117,94,1,0,1.25,0.0,-1.25
117,95,0,0,0.0,0.0,0.0
117,96,0,0,0.0,0.0,0.0
117,97,0,0,0.0,0.0,0.0
117,98,0,0,0.0,0.0,0.0
117,99,0,1,0.0,1.25,1.25
117,100,1,0,1.25,0.0,-1.25
117,101,0,1,0.0,1.25,1.25
117,102,0,0,0.0,0.0,0.0
117,103,0,0,0.0,0.0,0.0
117,104,0,0,0.0,0.0,0.0
117,105,0,0,0.0,0.0,0.0
117,106,0,0,0.0,0.0,0.0
117,107,1,0,1.25,0.0,-1.25
117,108,0,0,0.0,0.0,0.0
117,109,0,0,0.0,0.0,0.0
117,110,0,0,0.0,0.0,0.0
117,111,0,1,0.0,1.25,1.25
117,112,0,0,0.0,0.0,0.0
117,113,0,0,0.0,0.0,0.0
117,114,0,0,0.0,0.0,0.0
117,115,0,0,0.0,0.0,0.0
117,116,0,2,0.0,2.5,2.5
117,117,0,0,0.0,0.0,0.0
117,118,0,0,0.0,0.0,0.0
117,119,1,0,1.25,0.0,-1.25
117,120,0,1,0.0,1.25,1.25
117,121,0,0,0.0,0.0,0.0
117,122,0,0,0.0,0.0,0.0
117,123,0,0,0.0,0.0,0.0
117,124,0,0,0.0,0.0,0.0
117,125,0,1,0.0,1.25,1.25
117,126,0,0,0.0,0.0,0.0
117,127,0,0,0.0,0.0,0.0
117,128,0,1,0.0,1.25,1.25
117,129,0,0,0.0,0.0,0.0
117,130,0,0,0.0,0.0,0.0
117,131,0,0,0.0,0.0,0.0
117,132,0,0,0.0,0.0,0.0
117,133,0,0,0.0,0.0,0.0
117,134,0,0,0.0,0.0,0.0
